host_epoch,t_rel,frame_number,fps,head_x,head_y,head_confidence,head_x_norm,head_y_norm,feet_x,feet_y,feet_confidence,feet_x_norm,feet_y_norm
1786704425.408695,-0.014528,18,0.00,0.00,0.00,0.0000,0.000000,0.000000,0.00,0.00,0.0000,0.000000,0.000000
1786704425.462604,0.039380,21,0.00,0.00,0.00,0.0000,0.000000,0.000000,0.00,0.00,0.0000,0.000000,0.000000
1786704425.513710,0.090487,22,0.00,0.00,0.00,0.0000,0.000000,0.000000,0.00,0.00,0.0000,0.000000,0.000000
1786704425.529875,0.106652,23,0.00,0.00,0.00,0.0000,0.000000,0.000000,0.00,0.00,0.0000,0.000000,0.000000
1786704425.629370,0.206147,24,0.00,0.00,0.00,0.0000,0.000000,0.000000,0.00,0.00,0.0000,0.000000,0.000000
1786704425.631637,0.208414,26,0.00,0.00,0.00,0.0000,0.000000,0.000000,0.00,0.00,0.0000,0.000000,0.000000
1786704425.724951,0.301728,27,0.00,0.00,0.00,0.0000,0.000000,0.000000,0.00,0.00,0.0000,0.000000,0.000000
1786704425.730429,0.307206,29,0.00,0.00,0.00,0.0000,0.000000,0.000000,0.00,0.00,0.0000,0.000000,0.000000
1786704425.830542,0.407318,30,0.00,0.00,0.00,0.0000,0.000000,0.000000,0.00,0.00,0.0000,0.000000,0.000000
1786704425.854953,0.431730,33,0.00,0.00,0.00,0.0000,0.000000,0.000000,0.00,0.00,0.0000,0.000000,0.000000
1786704425.925983,0.502760,34,0.00,0.00,0.00,0.0000,0.000000,0.000000,0.00,0.00,0.0000,0.000000,0.000000
1786704425.944530,0.521307,35,23.13,0.00,0.00,0.0000,0.000000,0.000000,0.00,0.00,0.0000,0.000000,0.000000
1786704425.965885,0.542662,36,23.13,0.00,0.00,0.0000,0.000000,0.000000,0.00,0.00,0.0000,0.000000,0.000000
1786704425.992519,0.569295,37,23.13,0.00,0.00,0.0000,0.000000,0.000000,0.00,0.00,0.0000,0.000000,0.000000
1786704426.040310,0.617087,38,23.13,0.00,0.00,0.0000,0.000000,0.000000,0.00,0.00,0.0000,0.000000,0.000000
1786704426.069767,0.646544,39,23.13,0.00,0.00,0.0000,0.000000,0.000000,0.00,0.00,0.0000,0.000000,0.000000
1786704426.104891,0.681668,40,23.13,0.00,0.00,0.0000,0.000000,0.000000,0.00,0.00,0.0000,0.000000,0.000000
1786704426.117964,0.694741,41,23.13,0.00,0.00,0.0000,0.000000,0.000000,0.00,0.00,0.0000,0.000000,0.000000
1786704426.163035,0.739812,42,23.13,0.00,0.00,0.0000,0.000000,0.000000,0.00,0.00,0.0000,0.000000,0.000000
1786704426.195091,0.771868,43,23.13,0.00,0.00,0.0000,0.000000,0.000000,0.00,0.00,0.0000,0.000000,0.000000
1786704426.236409,0.813186,44,23.13,0.00,0.00,0.0000,0.000000,0.000000,0.00,0.00,0.0000,0.000000,0.000000
1786704426.257361,0.834138,45,23.13,0.00,0.00,0.0000,0.000000,0.000000,0.00,0.00,0.0000,0.000000,0.000000
1786704426.292218,0.868995,46,23.13,0.00,0.00,0.0000,0.000000,0.000000,0.00,0.00,0.0000,0.000000,0.000000
1786704426.314487,0.891264,47,23.13,0.00,0.00,0.0000,0.000000,0.000000,0.00,0.00,0.0000,0.000000,0.000000
1786704426.363465,0.940241,48,23.13,0.00,0.00,0.0000,0.000000,0.000000,0.00,0.00,0.0000,0.000000,0.000000
1786704426.395901,0.972678,49,23.13,0.00,0.00,0.0000,0.000000,0.000000,0.00,0.00,0.0000,0.000000,0.000000
1786704426.448150,1.024927,50,24.50,0.00,0.00,0.0000,0.000000,0.000000,0.00,0.00,0.0000,0.000000,0.000000
1786704426.462650,1.039427,51,24.50,0.00,0.00,0.0000,0.000000,0.000000,0.00,0.00,0.0000,0.000000,0.000000
1786704426.493531,1.070308,52,24.50,0.00,0.00,0.0000,0.000000,0.000000,0.00,0.00,0.0000,0.000000,0.000000
1786704426.521714,1.098491,53,24.50,0.00,0.00,0.0000,0.000000,0.000000,0.00,0.00,0.0000,0.000000,0.000000
1786704426.561585,1.138362,54,24.50,0.00,0.00,0.0000,0.000000,0.000000,0.00,0.00,0.0000,0.000000,0.000000
1786704426.588388,1.165165,55,24.50,0.00,0.00,0.0000,0.000000,0.000000,0.00,0.00,0.0000,0.000000,0.000000
1786704426.637165,1.213942,56,24.50,0.00,0.00,0.0000,0.000000,0.000000,0.00,0.00,0.0000,0.000000,0.000000
1786704426.671139,1.247916,57,24.50,0.00,0.00,0.0000,0.000000,0.000000,0.00,0.00,0.0000,0.000000,0.000000
1786704426.691943,1.268720,58,24.50,0.00,0.00,0.0000,0.000000,0.000000,0.00,0.00,0.0000,0.000000,0.000000
1786704426.734091,1.310867,59,24.50,0.00,0.00,0.0000,0.000000,0.000000,0.00,0.00,0.0000,0.000000,0.000000
1786704426.765717,1.342494,60,24.50,0.00,0.00,0.0000,0.000000,0.000000,0.00,0.00,0.0000,0.000000,0.000000
1786704426.807887,1.384664,61,24.50,0.00,0.00,0.0000,0.000000,0.000000,0.00,0.00,0.0000,0.000000,0.000000
1786704426.821836,1.398613,62,24.50,0.00,0.00,0.0000,0.000000,0.000000,0.00,0.00,0.0000,0.000000,0.000000
1786704426.864709,1.441486,63,24.50,0.00,0.00,0.0000,0.000000,0.000000,0.00,0.00,0.0000,0.000000,0.000000
1786704426.885938,1.462714,64,24.50,0.00,0.00,0.0000,0.000000,0.000000,0.00,0.00,0.0000,0.000000,0.000000
1786704426.922317,1.499094,65,24.50,0.00,0.00,0.0000,0.000000,0.000000,0.00,0.00,0.0000,0.000000,0.000000
1786704426.962581,1.539358,66,25.80,0.00,0.00,0.0000,0.000000,0.000000,0.00,0.00,0.0000,0.000000,0.000000
1786704426.996409,1.573186,67,25.80,0.00,0.00,0.0000,0.000000,0.000000,0.00,0.00,0.0000,0.000000,0.000000
1786704427.027342,1.604118,68,25.80,0.00,0.00,0.0000,0.000000,0.000000,0.00,0.00,0.0000,0.000000,0.000000
1786704427.058231,1.635008,69,25.80,0.00,0.00,0.0000,0.000000,0.000000,0.00,0.00,0.0000,0.000000,0.000000
1786704427.110963,1.687740,70,25.80,0.00,0.00,0.0000,0.000000,0.000000,0.00,0.00,0.0000,0.000000,0.000000
1786704427.124115,1.700891,71,25.80,0.00,0.00,0.0000,0.000000,0.000000,0.00,0.00,0.0000,0.000000,0.000000
1786704427.162749,1.739526,72,25.80,0.00,0.00,0.0000,0.000000,0.000000,0.00,0.00,0.0000,0.000000,0.000000
1786704427.196734,1.773511,73,25.80,0.00,0.00,0.0000,0.000000,0.000000,0.00,0.00,0.0000,0.000000,0.000000
1786704427.219676,1.796452,74,25.80,0.00,0.00,0.0000,0.000000,0.000000,0.00,0.00,0.0000,0.000000,0.000000
1786704427.276091,1.852868,75,25.80,0.00,0.00,0.0000,0.000000,0.000000,0.00,0.00,0.0000,0.000000,0.000000
1786704427.308566,1.885343,76,25.80,0.00,0.00,0.0000,0.000000,0.000000,0.00,0.00,0.0000,0.000000,0.000000
1786704427.324866,1.901642,77,25.80,0.00,0.00,0.0000,0.000000,0.000000,0.00,0.00,0.0000,0.000000,0.000000
1786704427.373046,1.949822,78,25.80,0.00,0.00,0.0000,0.000000,0.000000,0.00,0.00,0.0000,0.000000,0.000000
1786704427.404246,1.981022,79,25.80,0.00,0.00,0.0000,0.000000,0.000000,0.00,0.00,0.0000,0.000000,0.000000
1786704427.436272,2.013049,80,25.80,0.00,0.00,0.0000,0.000000,0.000000,0.00,0.00,0.0000,0.000000,0.000000
1786704427.469116,2.045893,81,26.57,0.00,0.00,0.0000,0.000000,0.000000,0.00,0.00,0.0000,0.000000,0.000000
1786704427.493244,2.070021,82,26.57,0.00,0.00,0.0000,0.000000,0.000000,0.00,0.00,0.0000,0.000000,0.000000
1786704427.531709,2.108486,83,26.57,0.00,0.00,0.0000,0.000000,0.000000,0.00,0.00,0.0000,0.000000,0.000000
1786704427.579707,2.156484,84,26.57,0.00,0.00,0.0000,0.000000,0.000000,0.00,0.00,0.0000,0.000000,0.000000
1786704427.595373,2.172150,85,26.57,0.00,0.00,0.0000,0.000000,0.000000,0.00,0.00,0.0000,0.000000,0.000000
1786704427.621521,2.198298,86,26.57,0.00,0.00,0.0000,0.000000,0.000000,0.00,0.00,0.0000,0.000000,0.000000
1786704427.675266,2.252043,87,26.57,0.00,0.00,0.0000,0.000000,0.000000,0.00,0.00,0.0000,0.000000,0.000000
1786704427.690307,2.267084,88,26.57,0.00,0.00,0.0000,0.000000,0.000000,0.00,0.00,0.0000,0.000000,0.000000
1786704427.752835,2.329612,89,26.57,0.00,0.00,0.0000,0.000000,0.000000,0.00,0.00,0.0000,0.000000,0.000000
1786704427.770975,2.347752,90,26.57,0.00,0.00,0.0000,0.000000,0.000000,0.00,0.00,0.0000,0.000000,0.000000
1786704427.799961,2.376737,91,26.57,0.00,0.00,0.0000,0.000000,0.000000,0.00,0.00,0.0000,0.000000,0.000000
1786704427.834147,2.410924,92,26.57,0.00,0.00,0.0000,0.000000,0.000000,0.00,0.00,0.0000,0.000000,0.000000
1786704427.866609,2.443386,93,26.57,0.00,0.00,0.0000,0.000000,0.000000,0.00,0.00,0.0000,0.000000,0.000000
1786704427.898465,2.475241,94,26.57,0.00,0.00,0.0000,0.000000,0.000000,0.00,0.00,0.0000,0.000000,0.000000
1786704427.931028,2.507805,95,26.57,0.00,0.00,0.0000,0.000000,0.000000,0.00,0.00,0.0000,0.000000,0.000000
1786704427.979551,2.556328,96,27.13,0.00,0.00,0.0000,0.000000,0.000000,0.00,0.00,0.0000,0.000000,0.000000
1786704428.010087,2.586864,97,27.13,0.00,0.00,0.0000,0.000000,0.000000,0.00,0.00,0.0000,0.000000,0.000000
1786704428.012232,2.589009,98,27.13,0.00,0.00,0.0000,0.000000,0.000000,0.00,0.00,0.0000,0.000000,0.000000
1786704428.080450,2.657227,99,27.13,0.00,0.00,0.0000,0.000000,0.000000,0.00,0.00,0.0000,0.000000,0.000000
1786704428.104786,2.681563,100,27.13,0.00,0.00,0.0000,0.000000,0.000000,0.00,0.00,0.0000,0.000000,0.000000
1786704428.122648,2.699425,101,27.13,0.00,0.00,0.0000,0.000000,0.000000,0.00,0.00,0.0000,0.000000,0.000000
1786704428.167122,2.743899,102,27.13,0.00,0.00,0.0000,0.000000,0.000000,0.00,0.00,0.0000,0.000000,0.000000
1786704428.185983,2.762760,103,27.13,0.00,0.00,0.0000,0.000000,0.000000,0.00,0.00,0.0000,0.000000,0.000000
1786704428.247593,2.824370,104,27.13,0.00,0.00,0.0000,0.000000,0.000000,0.00,0.00,0.0000,0.000000,0.000000
1786704428.263091,2.839867,105,27.13,0.00,0.00,0.0000,0.000000,0.000000,0.00,0.00,0.0000,0.000000,0.000000
1786704428.303655,2.880432,106,27.13,0.00,0.00,0.0000,0.000000,0.000000,0.00,0.00,0.0000,0.000000,0.000000
1786704428.315890,2.892667,107,27.13,0.00,0.00,0.0000,0.000000,0.000000,0.00,0.00,0.0000,0.000000,0.000000
1786704428.423224,3.000000,109,27.13,0.00,0.00,0.0000,0.000000,0.000000,0.00,0.00,0.0000,0.000000,0.000000
1786704428.433258,3.010035,110,27.13,0.00,0.00,0.0000,0.000000,0.000000,0.00,0.00,0.0000,0.000000,0.000000
1786704428.471715,3.048491,111,27.13,0.00,0.00,0.0000,0.000000,0.000000,0.00,0.00,0.0000,0.000000,0.000000
1786704428.502986,3.079762,112,27.54,0.00,0.00,0.0000,0.000000,0.000000,0.00,0.00,0.0000,0.000000,0.000000
1786704428.535111,3.111888,113,27.54,0.00,0.00,0.0000,0.000000,0.000000,0.00,0.00,0.0000,0.000000,0.000000
1786704428.567190,3.143967,114,27.54,0.00,0.00,0.0000,0.000000,0.000000,0.00,0.00,0.0000,0.000000,0.000000
1786704428.590696,3.167473,115,27.54,0.00,0.00,0.0000,0.000000,0.000000,0.00,0.00,0.0000,0.000000,0.000000
1786704428.616857,3.193634,116,27.54,0.00,0.00,0.0000,0.000000,0.000000,0.00,0.00,0.0000,0.000000,0.000000
1786704428.678940,3.255716,117,27.54,0.00,0.00,0.0000,0.000000,0.000000,0.00,0.00,0.0000,0.000000,0.000000
1786704428.710459,3.287236,118,27.54,0.00,0.00,0.0000,0.000000,0.000000,0.00,0.00,0.0000,0.000000,0.000000
1786704428.726610,3.303387,119,27.54,0.00,0.00,0.0000,0.000000,0.000000,0.00,0.00,0.0000,0.000000,0.000000
1786704428.775198,3.351974,120,27.54,0.00,0.00,0.0000,0.000000,0.000000,0.00,0.00,0.0000,0.000000,0.000000
1786704428.798312,3.375089,121,27.54,0.00,0.00,0.0000,0.000000,0.000000,0.00,0.00,0.0000,0.000000,0.000000
1786704428.821985,3.398761,122,27.54,0.00,0.00,0.0000,0.000000,0.000000,0.00,0.00,0.0000,0.000000,0.000000
1786704428.884418,3.461195,123,27.54,0.00,0.00,0.0000,0.000000,0.000000,0.00,0.00,0.0000,0.000000,0.000000
1786704428.902066,3.478843,124,27.54,0.00,0.00,0.0000,0.000000,0.000000,0.00,0.00,0.0000,0.000000,0.000000
1786704428.933552,3.510329,125,27.54,0.00,0.00,0.0000,0.000000,0.000000,0.00,0.00,0.0000,0.000000,0.000000
1786704428.959428,3.536205,126,27.54,0.00,0.00,0.0000,0.000000,0.000000,0.00,0.00,0.0000,0.000000,0.000000
1786704429.029267,3.606044,127,27.67,0.00,0.00,0.0000,0.000000,0.000000,0.00,0.00,0.0000,0.000000,0.000000
1786704429.029771,3.606548,128,27.67,0.00,0.00,0.0000,0.000000,0.000000,0.00,0.00,0.0000,0.000000,0.000000
1786704429.055448,3.632225,129,27.67,0.00,0.00,0.0000,0.000000,0.000000,0.00,0.00,0.0000,0.000000,0.000000
1786704429.092355,3.669132,130,27.67,0.00,0.00,0.0000,0.000000,0.000000,0.00,0.00,0.0000,0.000000,0.000000
1786704429.141665,3.718442,131,27.67,0.00,0.00,0.0000,0.000000,0.000000,0.00,0.00,0.0000,0.000000,0.000000
1786704429.162555,3.739332,132,27.67,0.00,0.00,0.0000,0.000000,0.000000,0.00,0.00,0.0000,0.000000,0.000000
1786704429.196414,3.773190,133,27.67,0.00,0.00,0.0000,0.000000,0.000000,0.00,0.00,0.0000,0.000000,0.000000
1786704429.236116,3.812893,134,27.67,0.00,0.00,0.0000,0.000000,0.000000,0.00,0.00,0.0000,0.000000,0.000000
1786704429.268408,3.845185,135,27.67,0.00,0.00,0.0000,0.000000,0.000000,0.00,0.00,0.0000,0.000000,0.000000
1786704429.291837,3.868614,136,27.67,0.00,0.00,0.0000,0.000000,0.000000,0.00,0.00,0.0000,0.000000,0.000000
1786704429.335157,3.911933,137,27.67,0.00,0.00,0.0000,0.000000,0.000000,0.00,0.00,0.0000,0.000000,0.000000
1786704429.363965,3.940742,138,27.67,0.00,0.00,0.0000,0.000000,0.000000,0.00,0.00,0.0000,0.000000,0.000000
1786704429.395406,3.972183,139,27.67,0.00,0.00,0.0000,0.000000,0.000000,0.00,0.00,0.0000,0.000000,0.000000
1786704429.443241,4.020018,140,27.67,0.00,0.00,0.0000,0.000000,0.000000,0.00,0.00,0.0000,0.000000,0.000000
1786704429.456790,4.033567,141,27.67,0.00,0.00,0.0000,0.000000,0.000000,0.00,0.00,0.0000,0.000000,0.000000
1786704429.499682,4.076459,142,27.67,0.00,0.00,0.0000,0.000000,0.000000,0.00,0.00,0.0000,0.000000,0.000000
1786704429.529505,4.106282,143,28.52,0.00,0.00,0.0000,0.000000,0.000000,0.00,0.00,0.0000,0.000000,0.000000
1786704429.561379,4.138156,144,28.52,0.00,0.00,0.0000,0.000000,0.000000,0.00,0.00,0.0000,0.000000,0.000000
1786704429.592663,4.169440,145,28.52,0.00,0.00,0.0000,0.000000,0.000000,0.00,0.00,0.0000,0.000000,0.000000
1786704429.624115,4.200892,146,28.52,0.00,0.00,0.0000,0.000000,0.000000,0.00,0.00,0.0000,0.000000,0.000000
1786704429.673245,4.250021,147,28.52,0.00,0.00,0.0000,0.000000,0.000000,0.00,0.00,0.0000,0.000000,0.000000
1786704429.690451,4.267227,148,28.52,0.00,0.00,0.0000,0.000000,0.000000,0.00,0.00,0.0000,0.000000,0.000000
1786704429.735994,4.312770,149,28.52,0.00,0.00,0.0000,0.000000,0.000000,0.00,0.00,0.0000,0.000000,0.000000
1786704429.767241,4.344018,150,28.52,0.00,0.00,0.0000,0.000000,0.000000,0.00,0.00,0.0000,0.000000,0.000000
1786704429.797046,4.373823,151,28.52,0.00,0.00,0.0000,0.000000,0.000000,0.00,0.00,0.0000,0.000000,0.000000
1786704429.832539,4.409316,152,28.52,0.00,0.00,0.0000,0.000000,0.000000,0.00,0.00,0.0000,0.000000,0.000000
1786704429.863828,4.440604,153,28.52,0.00,0.00,0.0000,0.000000,0.000000,0.00,0.00,0.0000,0.000000,0.000000
1786704429.891093,4.467870,154,28.52,0.00,0.00,0.0000,0.000000,0.000000,0.00,0.00,0.0000,0.000000,0.000000
1786704429.943915,4.520691,155,28.52,0.00,0.00,0.0000,0.000000,0.000000,0.00,0.00,0.0000,0.000000,0.000000
1786704429.975360,4.552136,156,28.52,0.00,0.00,0.0000,0.000000,0.000000,0.00,0.00,0.0000,0.000000,0.000000
1786704429.991730,4.568506,157,28.52,0.00,0.00,0.0000,0.000000,0.000000,0.00,0.00,0.0000,0.000000,0.000000
1786704430.022312,4.599089,158,28.52,0.00,0.00,0.0000,0.000000,0.000000,0.00,0.00,0.0000,0.000000,0.000000
1786704430.069746,4.646523,159,28.71,0.00,0.00,0.0000,0.000000,0.000000,0.00,0.00,0.0000,0.000000,0.000000
1786704430.087853,4.664630,160,28.71,0.00,0.00,0.0000,0.000000,0.000000,0.00,0.00,0.0000,0.000000,0.000000
1786704430.124724,4.701501,161,28.71,0.00,0.00,0.0000,0.000000,0.000000,0.00,0.00,0.0000,0.000000,0.000000
1786704430.166324,4.743101,162,28.71,0.00,0.00,0.0000,0.000000,0.000000,0.00,0.00,0.0000,0.000000,0.000000
1786704430.212380,4.789157,163,28.71,0.00,0.00,0.0000,0.000000,0.000000,0.00,0.00,0.0000,0.000000,0.000000
1786704430.229522,4.806298,164,28.71,0.00,0.00,0.0000,0.000000,0.000000,0.00,0.00,0.0000,0.000000,0.000000
1786704430.252254,4.829031,165,28.71,0.00,0.00,0.0000,0.000000,0.000000,0.00,0.00,0.0000,0.000000,0.000000
1786704430.292160,4.868936,166,28.71,0.00,0.00,0.0000,0.000000,0.000000,0.00,0.00,0.0000,0.000000,0.000000
1786704430.324975,4.901752,167,28.71,0.00,0.00,0.0000,0.000000,0.000000,0.00,0.00,0.0000,0.000000,0.000000
1786704430.350848,4.927625,168,28.71,0.00,0.00,0.0000,0.000000,0.000000,0.00,0.00,0.0000,0.000000,0.000000
1786704430.387069,4.963846,169,28.71,0.00,0.00,0.0000,0.000000,0.000000,0.00,0.00,0.0000,0.000000,0.000000
1786704430.427130,5.003907,170,28.71,0.00,0.00,0.0000,0.000000,0.000000,0.00,0.00,0.0000,0.000000,0.000000
1786704430.457823,5.034600,171,28.71,0.00,0.00,0.0000,0.000000,0.000000,0.00,0.00,0.0000,0.000000,0.000000
1786704430.492459,5.069236,172,28.71,0.00,0.00,0.0000,0.000000,0.000000,0.00,0.00,0.0000,0.000000,0.000000
1786704430.528946,5.105723,173,28.71,0.00,0.00,0.0000,0.000000,0.000000,0.00,0.00,0.0000,0.000000,0.000000
1786704430.561273,5.138049,174,28.71,0.00,0.00,0.0000,0.000000,0.000000,0.00,0.00,0.0000,0.000000,0.000000
1786704430.593306,5.170083,175,29.11,0.00,0.00,0.0000,0.000000,0.000000,0.00,0.00,0.0000,0.000000,0.000000
1786704430.625835,5.202612,176,29.11,0.00,0.00,0.0000,0.000000,0.000000,0.00,0.00,0.0000,0.000000,0.000000
1786704430.674823,5.251600,177,29.11,0.00,0.00,0.0000,0.000000,0.000000,0.00,0.00,0.0000,0.000000,0.000000
1786704430.705735,5.282512,178,29.11,0.00,0.00,0.0000,0.000000,0.000000,0.00,0.00,0.0000,0.000000,0.000000
1786704430.726924,5.303701,179,29.11,0.00,0.00,0.0000,0.000000,0.000000,0.00,0.00,0.0000,0.000000,0.000000
1786704430.771120,5.347896,180,29.11,0.00,0.00,0.0000,0.000000,0.000000,0.00,0.00,0.0000,0.000000,0.000000
1786704430.802440,5.379217,181,29.11,0.00,0.00,0.0000,0.000000,0.000000,0.00,0.00,0.0000,0.000000,0.000000
1786704430.832234,5.409011,182,29.11,0.00,0.00,0.0000,0.000000,0.000000,0.00,0.00,0.0000,0.000000,0.000000
1786704430.867151,5.443928,183,29.11,0.00,0.00,0.0000,0.000000,0.000000,0.00,0.00,0.0000,0.000000,0.000000
1786704430.899743,5.476520,184,29.11,0.00,0.00,0.0000,0.000000,0.000000,0.00,0.00,0.0000,0.000000,0.000000
1786704430.948802,5.525578,185,29.11,0.00,0.00,0.0000,0.000000,0.000000,0.00,0.00,0.0000,0.000000,0.000000
1786704430.963476,5.540253,186,29.11,0.00,0.00,0.0000,0.000000,0.000000,0.00,0.00,0.0000,0.000000,0.000000
1786704430.995137,5.571913,187,29.11,0.00,0.00,0.0000,0.000000,0.000000,0.00,0.00,0.0000,0.000000,0.000000
1786704431.059248,5.636025,188,29.11,0.00,0.00,0.0000,0.000000,0.000000,0.00,0.00,0.0000,0.000000,0.000000
1786704431.074713,5.651489,189,29.11,0.00,0.00,0.0000,0.000000,0.000000,0.00,0.00,0.0000,0.000000,0.000000
1786704431.085926,5.662703,190,29.11,0.00,0.00,0.0000,0.000000,0.000000,0.00,0.00,0.0000,0.000000,0.000000
1786704431.122711,5.699488,191,29.33,0.00,0.00,0.0000,0.000000,0.000000,0.00,0.00,0.0000,0.000000,0.000000
1786704431.157804,5.734581,192,29.33,0.00,0.00,0.0000,0.000000,0.000000,0.00,0.00,0.0000,0.000000,0.000000
1786704431.202461,5.779238,193,29.33,0.00,0.00,0.0000,0.000000,0.000000,0.00,0.00,0.0000,0.000000,0.000000
1786704431.228970,5.805747,194,29.33,0.00,0.00,0.0000,0.000000,0.000000,0.00,0.00,0.0000,0.000000,0.000000
1786704431.282385,5.859161,195,29.33,0.00,0.00,0.0000,0.000000,0.000000,0.00,0.00,0.0000,0.000000,0.000000
1786704431.313449,5.890226,196,29.33,0.00,0.00,0.0000,0.000000,0.000000,0.00,0.00,0.0000,0.000000,0.000000
1786704431.328876,5.905653,197,29.33,0.00,0.00,0.0000,0.000000,0.000000,0.00,0.00,0.0000,0.000000,0.000000
1786704431.360881,5.937657,198,29.33,0.00,0.00,0.0000,0.000000,0.000000,0.00,0.00,0.0000,0.000000,0.000000
1786704431.409046,5.985822,199,29.33,0.00,0.00,0.0000,0.000000,0.000000,0.00,0.00,0.0000,0.000000,0.000000
1786704431.430316,6.007092,200,29.33,0.00,0.00,0.0000,0.000000,0.000000,0.00,0.00,0.0000,0.000000,0.000000
1786704431.464680,6.041457,201,29.33,0.00,0.00,0.0000,0.000000,0.000000,0.00,0.00,0.0000,0.000000,0.000000
1786704431.508836,6.085613,202,29.33,0.00,0.00,0.0000,0.000000,0.000000,0.00,0.00,0.0000,0.000000,0.000000
1786704431.538470,6.115247,203,29.33,0.00,0.00,0.0000,0.000000,0.000000,0.00,0.00,0.0000,0.000000,0.000000
1786704431.570467,6.147243,204,29.33,0.00,0.00,0.0000,0.000000,0.000000,0.00,0.00,0.0000,0.000000,0.000000
1786704431.602063,6.178840,205,29.33,0.00,0.00,0.0000,0.000000,0.000000,0.00,0.00,0.0000,0.000000,0.000000
1786704431.634072,6.210849,206,29.31,0.00,0.00,0.0000,0.000000,0.000000,0.00,0.00,0.0000,0.000000,0.000000
1786704431.666364,6.243141,207,29.31,0.00,0.00,0.0000,0.000000,0.000000,0.00,0.00,0.0000,0.000000,0.000000
1786704431.690511,6.267287,208,29.31,0.00,0.00,0.0000,0.000000,0.000000,0.00,0.00,0.0000,0.000000,0.000000
1786704431.730863,6.307640,209,29.31,0.00,0.00,0.0000,0.000000,0.000000,0.00,0.00,0.0000,0.000000,0.000000
1786704431.777940,6.354717,210,29.31,0.00,0.00,0.0000,0.000000,0.000000,0.00,0.00,0.0000,0.000000,0.000000
1786704431.794314,6.371091,211,29.31,0.00,0.00,0.0000,0.000000,0.000000,0.00,0.00,0.0000,0.000000,0.000000
1786704431.826447,6.403224,212,29.31,0.00,0.00,0.0000,0.000000,0.000000,0.00,0.00,0.0000,0.000000,0.000000
1786704431.874984,6.451761,213,29.31,0.00,0.00,0.0000,0.000000,0.000000,0.00,0.00,0.0000,0.000000,0.000000
1786704431.892537,6.469313,214,29.31,0.00,0.00,0.0000,0.000000,0.000000,0.00,0.00,0.0000,0.000000,0.000000
1786704431.943492,6.520269,215,29.31,0.00,0.00,0.0000,0.000000,0.000000,0.00,0.00,0.0000,0.000000,0.000000
1786704431.971139,6.547916,216,29.31,0.00,0.00,0.0000,0.000000,0.000000,0.00,0.00,0.0000,0.000000,0.000000
1786704432.002200,6.578977,217,29.31,0.00,0.00,0.0000,0.000000,0.000000,0.00,0.00,0.0000,0.000000,0.000000
1786704432.028994,6.605770,218,29.31,0.00,0.00,0.0000,0.000000,0.000000,0.00,0.00,0.0000,0.000000,0.000000
1786704432.065704,6.642481,219,29.31,0.00,0.00,0.0000,0.000000,0.000000,0.00,0.00,0.0000,0.000000,0.000000
1786704432.091433,6.668210,220,29.31,0.00,0.00,0.0000,0.000000,0.000000,0.00,0.00,0.0000,0.000000,0.000000
1786704432.129147,6.705924,221,29.31,0.00,0.00,0.0000,0.000000,0.000000,0.00,0.00,0.0000,0.000000,0.000000
1786704432.155479,6.732256,222,29.59,0.00,0.00,0.0000,0.000000,0.000000,0.00,0.00,0.0000,0.000000,0.000000
1786704432.226451,6.803228,223,29.59,0.00,0.00,0.0000,0.000000,0.000000,0.00,0.00,0.0000,0.000000,0.000000
1786704432.242400,6.819177,225,29.59,0.00,0.00,0.0000,0.000000,0.000000,0.00,0.00,0.0000,0.000000,0.000000
1786704432.287840,6.864616,226,29.59,0.00,0.00,0.0000,0.000000,0.000000,0.00,0.00,0.0000,0.000000,0.000000
1786704432.340420,6.917197,227,29.59,0.00,0.00,0.0000,0.000000,0.000000,0.00,0.00,0.0000,0.000000,0.000000
1786704432.368387,6.945164,228,29.59,0.00,0.00,0.0000,0.000000,0.000000,0.00,0.00,0.0000,0.000000,0.000000
1786704432.384653,6.961430,229,29.59,0.00,0.00,0.0000,0.000000,0.000000,0.00,0.00,0.0000,0.000000,0.000000
1786704432.422632,6.999408,230,29.59,0.00,0.00,0.0000,0.000000,0.000000,0.00,0.00,0.0000,0.000000,0.000000
1786704432.462861,7.039638,231,29.59,0.00,0.00,0.0000,0.000000,0.000000,0.00,0.00,0.0000,0.000000,0.000000
1786704432.511584,7.088361,232,29.59,0.00,0.00,0.0000,0.000000,0.000000,0.00,0.00,0.0000,0.000000,0.000000
1786704432.528148,7.104924,233,29.59,0.00,0.00,0.0000,0.000000,0.000000,0.00,0.00,0.0000,0.000000,0.000000
1786704432.553619,7.130396,234,29.59,0.00,0.00,0.0000,0.000000,0.000000,0.00,0.00,0.0000,0.000000,0.000000
1786704432.606762,7.183539,235,29.59,0.00,0.00,0.0000,0.000000,0.000000,0.00,0.00,0.0000,0.000000,0.000000
1786704432.638540,7.215317,236,29.59,0.00,0.00,0.0000,0.000000,0.000000,0.00,0.00,0.0000,0.000000,0.000000
1786704432.654653,7.231430,237,29.59,0.00,0.00,0.0000,0.000000,0.000000,0.00,0.00,0.0000,0.000000,0.000000
1786704432.703280,7.280057,238,29.16,0.00,0.00,0.0000,0.000000,0.000000,0.00,0.00,0.0000,0.000000,0.000000
1786704432.728833,7.305610,239,29.16,0.00,0.00,0.0000,0.000000,0.000000,0.00,0.00,0.0000,0.000000,0.000000
1786704432.755449,7.332225,240,29.16,0.00,0.00,0.0000,0.000000,0.000000,0.00,0.00,0.0000,0.000000,0.000000
1786704432.798040,7.374817,241,29.16,0.00,0.00,0.0000,0.000000,0.000000,0.00,0.00,0.0000,0.000000,0.000000
1786704432.829737,7.406514,242,29.16,0.00,0.00,0.0000,0.000000,0.000000,0.00,0.00,0.0000,0.000000,0.000000
1786704432.861486,7.438263,243,29.16,0.00,0.00,0.0000,0.000000,0.000000,0.00,0.00,0.0000,0.000000,0.000000
1786704432.898837,7.475614,244,29.16,0.00,0.00,0.0000,0.000000,0.000000,0.00,0.00,0.0000,0.000000,0.000000
1786704432.926234,7.503010,245,29.16,0.00,0.00,0.0000,0.000000,0.000000,0.00,0.00,0.0000,0.000000,0.000000
1786704432.973403,7.550180,246,29.16,0.00,0.00,0.0000,0.000000,0.000000,0.00,0.00,0.0000,0.000000,0.000000
1786704433.002751,7.579528,247,29.16,0.00,0.00,0.0000,0.000000,0.000000,0.00,0.00,0.0000,0.000000,0.000000
1786704433.020907,7.597684,248,29.16,0.00,0.00,0.0000,0.000000,0.000000,0.00,0.00,0.0000,0.000000,0.000000
1786704433.067502,7.644279,249,29.16,0.00,0.00,0.0000,0.000000,0.000000,0.00,0.00,0.0000,0.000000,0.000000
1786704433.099781,7.676557,250,29.16,0.00,0.00,0.0000,0.000000,0.000000,0.00,0.00,0.0000,0.000000,0.000000
1786704433.131752,7.708528,251,29.16,0.00,0.00,0.0000,0.000000,0.000000,0.00,0.00,0.0000,0.000000,0.000000
1786704433.155524,7.732300,252,29.16,0.00,0.00,0.0000,0.000000,0.000000,0.00,0.00,0.0000,0.000000,0.000000
1786704433.184952,7.761729,253,29.16,0.00,0.00,0.0000,0.000000,0.000000,0.00,0.00,0.0000,0.000000,0.000000
1786704433.235754,7.812531,254,29.34,0.00,0.00,0.0000,0.000000,0.000000,0.00,0.00,0.0000,0.000000,0.000000
1786704433.260385,7.837162,255,29.34,0.00,0.00,0.0000,0.000000,0.000000,0.00,0.00,0.0000,0.000000,0.000000
1786704433.308075,7.884852,256,29.34,0.00,0.00,0.0000,0.000000,0.000000,0.00,0.00,0.0000,0.000000,0.000000
1786704433.329496,7.906272,257,29.34,0.00,0.00,0.0000,0.000000,0.000000,0.00,0.00,0.0000,0.000000,0.000000
1786704433.370974,7.947750,258,29.34,0.00,0.00,0.0000,0.000000,0.000000,0.00,0.00,0.0000,0.000000,0.000000
1786704433.397442,7.974219,259,29.34,0.00,0.00,0.0000,0.000000,0.000000,0.00,0.00,0.0000,0.000000,0.000000
1786704433.434642,8.011419,260,29.34,0.00,0.00,0.0000,0.000000,0.000000,0.00,0.00,0.0000,0.000000,0.000000
1786704433.511622,8.088398,261,29.34,0.00,0.00,0.0000,0.000000,0.000000,0.00,0.00,0.0000,0.000000,0.000000
1786704433.528781,8.105557,262,29.34,0.00,0.00,0.0000,0.000000,0.000000,0.00,0.00,0.0000,0.000000,0.000000
1786704433.531792,8.108569,263,29.34,0.00,0.00,0.0000,0.000000,0.000000,0.00,0.00,0.0000,0.000000,0.000000
1786704433.563752,8.140529,264,29.34,0.00,0.00,0.0000,0.000000,0.000000,0.00,0.00,0.0000,0.000000,0.000000
1786704433.608794,8.185571,265,29.34,0.00,0.00,0.0000,0.000000,0.000000,0.00,0.00,0.0000,0.000000,0.000000
1786704433.642807,8.219584,266,29.34,0.00,0.00,0.0000,0.000000,0.000000,0.00,0.00,0.0000,0.000000,0.000000
1786704433.658465,8.235242,267,29.34,0.00,0.00,0.0000,0.000000,0.000000,0.00,0.00,0.0000,0.000000,0.000000
1786704433.707526,8.284303,268,29.34,0.00,0.00,0.0000,0.000000,0.000000,0.00,0.00,0.0000,0.000000,0.000000
1786704433.738759,8.315535,269,29.41,0.00,0.00,0.0000,0.000000,0.000000,0.00,0.00,0.0000,0.000000,0.000000
1786704433.765404,8.342180,270,29.41,0.00,0.00,0.0000,0.000000,0.000000,0.00,0.00,0.0000,0.000000,0.000000
1786704433.804791,8.381568,271,29.41,0.00,0.00,0.0000,0.000000,0.000000,0.00,0.00,0.0000,0.000000,0.000000
1786704433.841688,8.418465,272,29.41,0.00,0.00,0.0000,0.000000,0.000000,0.00,0.00,0.0000,0.000000,0.000000
1786704433.876758,8.453535,273,29.41,0.00,0.00,0.0000,0.000000,0.000000,0.00,0.00,0.0000,0.000000,0.000000
1786704433.912938,8.489715,274,29.41,0.00,0.00,0.0000,0.000000,0.000000,0.00,0.00,0.0000,0.000000,0.000000
1786704433.931385,8.508162,275,29.41,0.00,0.00,0.0000,0.000000,0.000000,0.00,0.00,0.0000,0.000000,0.000000
1786704433.977171,8.553948,276,29.41,0.00,0.00,0.0000,0.000000,0.000000,0.00,0.00,0.0000,0.000000,0.000000
1786704434.002862,8.579639,277,29.41,0.00,0.00,0.0000,0.000000,0.000000,0.00,0.00,0.0000,0.000000,0.000000
1786704434.055773,8.632550,278,29.41,0.00,0.00,0.0000,0.000000,0.000000,0.00,0.00,0.0000,0.000000,0.000000
1786704434.069036,8.645813,279,29.41,0.00,0.00,0.0000,0.000000,0.000000,0.00,0.00,0.0000,0.000000,0.000000
1786704434.104440,8.681217,280,29.41,0.00,0.00,0.0000,0.000000,0.000000,0.00,0.00,0.0000,0.000000,0.000000
1786704434.136206,8.712983,281,29.41,0.00,0.00,0.0000,0.000000,0.000000,0.00,0.00,0.0000,0.000000,0.000000
1786704434.166405,8.743182,282,29.41,0.00,0.00,0.0000,0.000000,0.000000,0.00,0.00,0.0000,0.000000,0.000000
1786704434.200460,8.777237,283,29.41,0.00,0.00,0.0000,0.000000,0.000000,0.00,0.00,0.0000,0.000000,0.000000
1786704434.221207,8.797983,284,29.41,0.00,0.00,0.0000,0.000000,0.000000,0.00,0.00,0.0000,0.000000,0.000000
1786704434.262455,8.839232,285,29.65,0.00,0.00,0.0000,0.000000,0.000000,0.00,0.00,0.0000,0.000000,0.000000
1786704434.310958,8.887735,286,29.65,0.00,0.00,0.0000,0.000000,0.000000,0.00,0.00,0.0000,0.000000,0.000000
1786704434.343430,8.920207,287,29.65,0.00,0.00,0.0000,0.000000,0.000000,0.00,0.00,0.0000,0.000000,0.000000
1786704434.367521,8.944298,288,29.65,0.00,0.00,0.0000,0.000000,0.000000,0.00,0.00,0.0000,0.000000,0.000000
1786704434.391151,8.967928,289,29.65,0.00,0.00,0.0000,0.000000,0.000000,0.00,0.00,0.0000,0.000000,0.000000
1786704434.423472,9.000248,290,29.65,0.00,0.00,0.0000,0.000000,0.000000,0.00,0.00,0.0000,0.000000,0.000000
1786704434.455930,9.032706,291,29.65,0.00,0.00,0.0000,0.000000,0.000000,0.00,0.00,0.0000,0.000000,0.000000
1786704434.505245,9.082022,292,29.65,0.00,0.00,0.0000,0.000000,0.000000,0.00,0.00,0.0000,0.000000,0.000000
1786704434.536330,9.113107,293,29.65,0.00,0.00,0.0000,0.000000,0.000000,0.00,0.00,0.0000,0.000000,0.000000
1786704434.569038,9.145815,294,29.65,0.00,0.00,0.0000,0.000000,0.000000,0.00,0.00,0.0000,0.000000,0.000000
1786704434.600481,9.177258,295,29.65,0.00,0.00,0.0000,0.000000,0.000000,0.00,0.00,0.0000,0.000000,0.000000
1786704434.632511,9.209288,296,29.65,0.00,0.00,0.0000,0.000000,0.000000,0.00,0.00,0.0000,0.000000,0.000000
1786704434.680281,9.257058,297,29.65,0.00,0.00,0.0000,0.000000,0.000000,0.00,0.00,0.0000,0.000000,0.000000
1786704434.710923,9.287700,298,29.65,0.00,0.00,0.0000,0.000000,0.000000,0.00,0.00,0.0000,0.000000,0.000000
1786704434.726760,9.303537,299,29.65,0.00,0.00,0.0000,0.000000,0.000000,0.00,0.00,0.0000,0.000000,0.000000
1786704434.786344,9.363121,300,29.45,0.00,0.00,0.0000,0.000000,0.000000,0.00,0.00,0.0000,0.000000,0.000000
1786704434.790808,9.367585,301,29.45,0.00,0.00,0.0000,0.000000,0.000000,0.00,0.00,0.0000,0.000000,0.000000
1786704434.831462,9.408239,302,29.45,0.00,0.00,0.0000,0.000000,0.000000,0.00,0.00,0.0000,0.000000,0.000000
1786704434.865140,9.441917,303,29.45,0.00,0.00,0.0000,0.000000,0.000000,0.00,0.00,0.0000,0.000000,0.000000
1786704434.901979,9.478756,304,29.45,0.00,0.00,0.0000,0.000000,0.000000,0.00,0.00,0.0000,0.000000,0.000000
1786704434.933484,9.510261,305,29.45,0.00,0.00,0.0000,0.000000,0.000000,0.00,0.00,0.0000,0.000000,0.000000
1786704434.967052,9.543829,306,29.45,0.00,0.00,0.0000,0.000000,0.000000,0.00,0.00,0.0000,0.000000,0.000000
1786704434.996671,9.573448,307,29.45,0.00,0.00,0.0000,0.000000,0.000000,0.00,0.00,0.0000,0.000000,0.000000
1786704435.028263,9.605040,308,29.45,0.00,0.00,0.0000,0.000000,0.000000,0.00,0.00,0.0000,0.000000,0.000000
1786704435.075032,9.651809,309,29.45,0.00,0.00,0.0000,0.000000,0.000000,0.00,0.00,0.0000,0.000000,0.000000
1786704435.091364,9.668141,310,29.45,0.00,0.00,0.0000,0.000000,0.000000,0.00,0.00,0.0000,0.000000,0.000000
1786704435.139555,9.716331,311,29.45,0.00,0.00,0.0000,0.000000,0.000000,0.00,0.00,0.0000,0.000000,0.000000
1786704435.162847,9.739624,312,29.45,0.00,0.00,0.0000,0.000000,0.000000,0.00,0.00,0.0000,0.000000,0.000000
1786704435.202636,9.779412,313,29.45,0.00,0.00,0.0000,0.000000,0.000000,0.00,0.00,0.0000,0.000000,0.000000
1786704435.234247,9.811024,314,29.45,0.00,0.00,0.0000,0.000000,0.000000,0.00,0.00,0.0000,0.000000,0.000000
1786704435.265476,9.842252,315,29.45,0.00,0.00,0.0000,0.000000,0.000000,0.00,0.00,0.0000,0.000000,0.000000
1786704435.297249,9.874026,316,29.82,0.00,0.00,0.0000,0.000000,0.000000,0.00,0.00,0.0000,0.000000,0.000000
1786704435.329045,9.905821,317,29.82,0.00,0.00,0.0000,0.000000,0.000000,0.00,0.00,0.0000,0.000000,0.000000
1786704435.358814,9.935591,318,29.82,0.00,0.00,0.0000,0.000000,0.000000,0.00,0.00,0.0000,0.000000,0.000000
1786704435.409712,9.986489,319,29.82,0.00,0.00,0.0000,0.000000,0.000000,0.00,0.00,0.0000,0.000000,0.000000
1786704435.426188,10.002964,320,29.82,0.00,0.00,0.0000,0.000000,0.000000,0.00,0.00,0.0000,0.000000,0.000000
1786704435.458267,10.035044,321,29.82,0.00,0.00,0.0000,0.000000,0.000000,0.00,0.00,0.0000,0.000000,0.000000
1786704435.489480,10.066257,322,29.82,0.00,0.00,0.0000,0.000000,0.000000,0.00,0.00,0.0000,0.000000,0.000000
1786704435.538732,10.115509,323,29.82,0.00,0.00,0.0000,0.000000,0.000000,0.00,0.00,0.0000,0.000000,0.000000
1786704435.562465,10.139241,324,29.82,0.00,0.00,0.0000,0.000000,0.000000,0.00,0.00,0.0000,0.000000,0.000000
1786704435.599752,10.176529,325,29.82,0.00,0.00,0.0000,0.000000,0.000000,0.00,0.00,0.0000,0.000000,0.000000
1786704435.626487,10.203264,326,29.82,0.00,0.00,0.0000,0.000000,0.000000,0.00,0.00,0.0000,0.000000,0.000000
1786704435.666326,10.243103,327,29.82,0.00,0.00,0.0000,0.000000,0.000000,0.00,0.00,0.0000,0.000000,0.000000
1786704435.698073,10.274849,328,29.82,0.00,0.00,0.0000,0.000000,0.000000,0.00,0.00,0.0000,0.000000,0.000000
1786704435.729986,10.306763,329,29.82,0.00,0.00,0.0000,0.000000,0.000000,0.00,0.00,0.0000,0.000000,0.000000
1786704435.759716,10.336492,330,29.82,0.00,0.00,0.0000,0.000000,0.000000,0.00,0.00,0.0000,0.000000,0.000000
1786704435.794685,10.371462,331,29.82,0.00,0.00,0.0000,0.000000,0.000000,0.00,0.00,0.0000,0.000000,0.000000
1786704435.826831,10.403608,332,29.91,0.00,0.00,0.0000,0.000000,0.000000,0.00,0.00,0.0000,0.000000,0.000000
1786704435.874312,10.451089,333,29.91,0.00,0.00,0.0000,0.000000,0.000000,0.00,0.00,0.0000,0.000000,0.000000
1786704435.907069,10.483846,334,29.91,0.00,0.00,0.0000,0.000000,0.000000,0.00,0.00,0.0000,0.000000,0.000000
1786704435.924051,10.500828,335,29.91,0.00,0.00,0.0000,0.000000,0.000000,0.00,0.00,0.0000,0.000000,0.000000
1786704435.962219,10.538996,336,29.91,0.00,0.00,0.0000,0.000000,0.000000,0.00,0.00,0.0000,0.000000,0.000000
1786704436.002071,10.578847,337,29.91,0.00,0.00,0.0000,0.000000,0.000000,0.00,0.00,0.0000,0.000000,0.000000
1786704436.074621,10.651398,338,29.91,0.00,0.00,0.0000,0.000000,0.000000,0.00,0.00,0.0000,0.000000,0.000000
1786704436.080052,10.656828,339,29.91,0.00,0.00,0.0000,0.000000,0.000000,0.00,0.00,0.0000,0.000000,0.000000
1786704436.112677,10.689454,340,29.91,0.00,0.00,0.0000,0.000000,0.000000,0.00,0.00,0.0000,0.000000,0.000000
1786704436.121199,10.697976,341,29.91,0.00,0.00,0.0000,0.000000,0.000000,0.00,0.00,0.0000,0.000000,0.000000
1786704436.173189,10.749966,342,29.91,0.00,0.00,0.0000,0.000000,0.000000,0.00,0.00,0.0000,0.000000,0.000000
1786704436.207825,10.784602,343,29.91,0.00,0.00,0.0000,0.000000,0.000000,0.00,0.00,0.0000,0.000000,0.000000
1786704436.224646,10.801423,344,29.91,0.00,0.00,0.0000,0.000000,0.000000,0.00,0.00,0.0000,0.000000,0.000000
1786704436.255885,10.832662,345,29.91,0.00,0.00,0.0000,0.000000,0.000000,0.00,0.00,0.0000,0.000000,0.000000
1786704436.305234,10.882011,346,29.91,0.00,0.00,0.0000,0.000000,0.000000,0.00,0.00,0.0000,0.000000,0.000000
1786704436.337674,10.914451,347,29.78,0.00,0.00,0.0000,0.000000,0.000000,0.00,0.00,0.0000,0.000000,0.000000
1786704436.368936,10.945712,348,29.78,0.00,0.00,0.0000,0.000000,0.000000,0.00,0.00,0.0000,0.000000,0.000000
1786704436.401443,10.978219,349,29.78,0.00,0.00,0.0000,0.000000,0.000000,0.00,0.00,0.0000,0.000000,0.000000
1786704436.432638,11.009415,350,29.78,0.00,0.00,0.0000,0.000000,0.000000,0.00,0.00,0.0000,0.000000,0.000000
1786704436.461745,11.038522,351,29.78,0.00,0.00,0.0000,0.000000,0.000000,0.00,0.00,0.0000,0.000000,0.000000
1786704436.496452,11.073228,352,29.78,0.00,0.00,0.0000,0.000000,0.000000,0.00,0.00,0.0000,0.000000,0.000000
1786704436.529202,11.105979,353,29.78,0.00,0.00,0.0000,0.000000,0.000000,0.00,0.00,0.0000,0.000000,0.000000
1786704436.563818,11.140594,354,29.78,0.00,0.00,0.0000,0.000000,0.000000,0.00,0.00,0.0000,0.000000,0.000000
1786704436.592404,11.169180,355,29.78,0.00,0.00,0.0000,0.000000,0.000000,0.00,0.00,0.0000,0.000000,0.000000
1786704436.624489,11.201265,356,29.78,0.00,0.00,0.0000,0.000000,0.000000,0.00,0.00,0.0000,0.000000,0.000000
1786704436.672027,11.248804,357,29.78,0.00,0.00,0.0000,0.000000,0.000000,0.00,0.00,0.0000,0.000000,0.000000
1786704436.704307,11.281083,358,29.78,0.00,0.00,0.0000,0.000000,0.000000,0.00,0.00,0.0000,0.000000,0.000000
1786704436.725487,11.302263,359,29.78,0.00,0.00,0.0000,0.000000,0.000000,0.00,0.00,0.0000,0.000000,0.000000
1786704436.766982,11.343758,360,29.78,0.00,0.00,0.0000,0.000000,0.000000,0.00,0.00,0.0000,0.000000,0.000000
1786704436.799902,11.376679,361,29.78,0.00,0.00,0.0000,0.000000,0.000000,0.00,0.00,0.0000,0.000000,0.000000
1786704436.828039,11.404815,362,29.78,0.00,0.00,0.0000,0.000000,0.000000,0.00,0.00,0.0000,0.000000,0.000000
1786704436.865885,11.442662,363,29.87,0.00,0.00,0.0000,0.000000,0.000000,0.00,0.00,0.0000,0.000000,0.000000
1786704436.920012,11.496789,364,29.87,0.00,0.00,0.0000,0.000000,0.000000,0.00,0.00,0.0000,0.000000,0.000000
1786704436.957109,11.533886,365,29.87,0.00,0.00,0.0000,0.000000,0.000000,0.00,0.00,0.0000,0.000000,0.000000
1786704436.973532,11.550309,366,29.87,0.00,0.00,0.0000,0.000000,0.000000,0.00,0.00,0.0000,0.000000,0.000000
1786704436.991488,11.568265,367,29.87,0.00,0.00,0.0000,0.000000,0.000000,0.00,0.00,0.0000,0.000000,0.000000
1786704437.029558,11.606335,368,29.87,0.00,0.00,0.0000,0.000000,0.000000,0.00,0.00,0.0000,0.000000,0.000000
1786704437.073433,11.650210,369,29.87,0.00,0.00,0.0000,0.000000,0.000000,0.00,0.00,0.0000,0.000000,0.000000
1786704437.101079,11.677856,370,29.87,0.00,0.00,0.0000,0.000000,0.000000,0.00,0.00,0.0000,0.000000,0.000000
1786704437.132845,11.709621,371,29.87,0.00,0.00,0.0000,0.000000,0.000000,0.00,0.00,0.0000,0.000000,0.000000
1786704437.164681,11.741458,372,29.87,0.00,0.00,0.0000,0.000000,0.000000,0.00,0.00,0.0000,0.000000,0.000000
1786704437.213591,11.790368,373,29.87,0.00,0.00,0.0000,0.000000,0.000000,0.00,0.00,0.0000,0.000000,0.000000
1786704437.229916,11.806693,374,29.87,0.00,0.00,0.0000,0.000000,0.000000,0.00,0.00,0.0000,0.000000,0.000000
1786704437.275493,11.852270,375,29.87,0.00,0.00,0.0000,0.000000,0.000000,0.00,0.00,0.0000,0.000000,0.000000
1786704437.299648,11.876425,376,29.87,0.00,0.00,0.0000,0.000000,0.000000,0.00,0.00,0.0000,0.000000,0.000000
1786704437.356080,11.932857,377,29.87,0.00,0.00,0.0000,0.000000,0.000000,0.00,0.00,0.0000,0.000000,0.000000
1786704437.371348,11.948124,378,29.87,0.00,0.00,0.0000,0.000000,0.000000,0.00,0.00,0.0000,0.000000,0.000000
1786704437.403437,11.980214,379,29.86,0.00,0.00,0.0000,0.000000,0.000000,0.00,0.00,0.0000,0.000000,0.000000
1786704437.435076,12.011853,380,29.86,0.00,0.00,0.0000,0.000000,0.000000,0.00,0.00,0.0000,0.000000,0.000000
1786704437.464736,12.041512,381,29.86,0.00,0.00,0.0000,0.000000,0.000000,0.00,0.00,0.0000,0.000000,0.000000
1786704437.485872,12.062649,382,29.86,0.00,0.00,0.0000,0.000000,0.000000,0.00,0.00,0.0000,0.000000,0.000000
1786704437.520281,12.097057,383,29.86,0.00,0.00,0.0000,0.000000,0.000000,0.00,0.00,0.0000,0.000000,0.000000
1786704437.560700,12.137477,384,29.86,0.00,0.00,0.0000,0.000000,0.000000,0.00,0.00,0.0000,0.000000,0.000000
1786704437.589522,12.166299,385,29.86,0.00,0.00,0.0000,0.000000,0.000000,0.00,0.00,0.0000,0.000000,0.000000
1786704437.611346,12.188123,386,29.86,0.00,0.00,0.0000,0.000000,0.000000,0.00,0.00,0.0000,0.000000,0.000000
1786704437.676941,12.253718,387,29.86,0.00,0.00,0.0000,0.000000,0.000000,0.00,0.00,0.0000,0.000000,0.000000
1786704437.691374,12.268151,388,29.86,0.00,0.00,0.0000,0.000000,0.000000,0.00,0.00,0.0000,0.000000,0.000000
1786704437.739671,12.316448,389,29.86,0.00,0.00,0.0000,0.000000,0.000000,0.00,0.00,0.0000,0.000000,0.000000
1786704437.772605,12.349382,390,29.86,0.00,0.00,0.0000,0.000000,0.000000,0.00,0.00,0.0000,0.000000,0.000000
1786704437.805072,12.381849,391,29.86,0.00,0.00,0.0000,0.000000,0.000000,0.00,0.00,0.0000,0.000000,0.000000
1786704437.822462,12.399239,392,29.86,0.00,0.00,0.0000,0.000000,0.000000,0.00,0.00,0.0000,0.000000,0.000000
1786704437.867350,12.444127,393,29.86,0.00,0.00,0.0000,0.000000,0.000000,0.00,0.00,0.0000,0.000000,0.000000
1786704437.893688,12.470465,394,29.86,0.00,0.00,0.0000,0.000000,0.000000,0.00,0.00,0.0000,0.000000,0.000000
1786704437.930904,12.507681,395,29.95,0.00,0.00,0.0000,0.000000,0.000000,0.00,0.00,0.0000,0.000000,0.000000
1786704437.960293,12.537070,396,29.95,0.00,0.00,0.0000,0.000000,0.000000,0.00,0.00,0.0000,0.000000,0.000000
1786704437.995821,12.572598,397,29.95,0.00,0.00,0.0000,0.000000,0.000000,0.00,0.00,0.0000,0.000000,0.000000
1786704438.043413,12.620189,398,29.95,0.00,0.00,0.0000,0.000000,0.000000,0.00,0.00,0.0000,0.000000,0.000000
1786704438.073917,12.650693,399,29.95,0.00,0.00,0.0000,0.000000,0.000000,0.00,0.00,0.0000,0.000000,0.000000
1786704438.092566,12.669343,400,29.95,0.00,0.00,0.0000,0.000000,0.000000,0.00,0.00,0.0000,0.000000,0.000000
1786704438.121738,12.698515,401,29.95,0.00,0.00,0.0000,0.000000,0.000000,0.00,0.00,0.0000,0.000000,0.000000
1786704438.153740,12.730517,402,29.95,0.00,0.00,0.0000,0.000000,0.000000,0.00,0.00,0.0000,0.000000,0.000000
1786704438.201492,12.778268,403,29.95,0.00,0.00,0.0000,0.000000,0.000000,0.00,0.00,0.0000,0.000000,0.000000
1786704438.233249,12.810026,404,29.95,0.00,0.00,0.0000,0.000000,0.000000,0.00,0.00,0.0000,0.000000,0.000000
1786704438.264846,12.841623,405,29.95,0.00,0.00,0.0000,0.000000,0.000000,0.00,0.00,0.0000,0.000000,0.000000
1786704438.312616,12.889392,406,29.95,0.00,0.00,0.0000,0.000000,0.000000,0.00,0.00,0.0000,0.000000,0.000000
1786704438.321271,12.898048,407,29.95,0.00,0.00,0.0000,0.000000,0.000000,0.00,0.00,0.0000,0.000000,0.000000
1786704438.370643,12.947420,408,29.95,0.00,0.00,0.0000,0.000000,0.000000,0.00,0.00,0.0000,0.000000,0.000000
1786704438.391537,12.968314,409,29.95,0.00,0.00,0.0000,0.000000,0.000000,0.00,0.00,0.0000,0.000000,0.000000
1786704438.440899,13.017676,410,29.91,0.00,0.00,0.0000,0.000000,0.000000,0.00,0.00,0.0000,0.000000,0.000000
1786704438.456081,13.032858,411,29.91,0.00,0.00,0.0000,0.000000,0.000000,0.00,0.00,0.0000,0.000000,0.000000
1786704438.482219,13.058996,412,29.91,0.00,0.00,0.0000,0.000000,0.000000,0.00,0.00,0.0000,0.000000,0.000000
1786704438.521774,13.098551,413,29.91,0.00,0.00,0.0000,0.000000,0.000000,0.00,0.00,0.0000,0.000000,0.000000
1786704438.562383,13.139160,414,29.91,0.00,0.00,0.0000,0.000000,0.000000,0.00,0.00,0.0000,0.000000,0.000000
1786704438.631918,13.208695,415,29.91,0.00,0.00,0.0000,0.000000,0.000000,0.00,0.00,0.0000,0.000000,0.000000
1786704438.639976,13.216753,416,29.91,0.00,0.00,0.0000,0.000000,0.000000,0.00,0.00,0.0000,0.000000,0.000000
1786704438.678993,13.255770,417,29.91,0.00,0.00,0.0000,0.000000,0.000000,0.00,0.00,0.0000,0.000000,0.000000
1786704438.681789,13.258566,418,29.91,0.00,0.00,0.0000,0.000000,0.000000,0.00,0.00,0.0000,0.000000,0.000000
1786704438.758375,13.335152,419,29.91,0.00,0.00,0.0000,0.000000,0.000000,0.00,0.00,0.0000,0.000000,0.000000
1786704438.776123,13.352900,420,29.91,0.00,0.00,0.0000,0.000000,0.000000,0.00,0.00,0.0000,0.000000,0.000000
1786704438.824412,13.401189,421,29.91,0.00,0.00,0.0000,0.000000,0.000000,0.00,0.00,0.0000,0.000000,0.000000
1786704438.839443,13.416219,422,29.91,0.00,0.00,0.0000,0.000000,0.000000,0.00,0.00,0.0000,0.000000,0.000000
1786704438.872180,13.448956,423,29.91,0.00,0.00,0.0000,0.000000,0.000000,0.00,0.00,0.0000,0.000000,0.000000
1786704438.918771,13.495548,424,29.91,0.00,0.00,0.0000,0.000000,0.000000,0.00,0.00,0.0000,0.000000,0.000000
1786704438.935365,13.512141,425,29.91,0.00,0.00,0.0000,0.000000,0.000000,0.00,0.00,0.0000,0.000000,0.000000
1786704438.966817,13.543593,426,30.06,0.00,0.00,0.0000,0.000000,0.000000,0.00,0.00,0.0000,0.000000,0.000000
1786704439.014536,13.591313,427,30.06,0.00,0.00,0.0000,0.000000,0.000000,0.00,0.00,0.0000,0.000000,0.000000
1786704439.029472,13.606249,428,30.06,0.00,0.00,0.0000,0.000000,0.000000,0.00,0.00,0.0000,0.000000,0.000000
1786704439.062693,13.639469,429,30.06,0.00,0.00,0.0000,0.000000,0.000000,0.00,0.00,0.0000,0.000000,0.000000
1786704439.111805,13.688582,430,30.06,0.00,0.00,0.0000,0.000000,0.000000,0.00,0.00,0.0000,0.000000,0.000000
1786704439.127571,13.704347,431,30.06,0.00,0.00,0.0000,0.000000,0.000000,0.00,0.00,0.0000,0.000000,0.000000
1786704439.166711,13.743488,432,30.06,0.00,0.00,0.0000,0.000000,0.000000,0.00,0.00,0.0000,0.000000,0.000000
1786704439.196081,13.772858,433,30.06,0.00,0.00,0.0000,0.000000,0.000000,0.00,0.00,0.0000,0.000000,0.000000
1786704439.238098,13.814875,434,30.06,0.00,0.00,0.0000,0.000000,0.000000,0.00,0.00,0.0000,0.000000,0.000000
1786704439.269737,13.846514,435,30.06,0.00,0.00,0.0000,0.000000,0.000000,0.00,0.00,0.0000,0.000000,0.000000
1786704439.317385,13.894161,436,30.06,0.00,0.00,0.0000,0.000000,0.000000,0.00,0.00,0.0000,0.000000,0.000000
1786704439.334597,13.911374,437,30.06,0.00,0.00,0.0000,0.000000,0.000000,0.00,0.00,0.0000,0.000000,0.000000
1786704439.368374,13.945151,438,30.06,0.00,0.00,0.0000,0.000000,0.000000,0.00,0.00,0.0000,0.000000,0.000000
1786704439.393112,13.969889,439,30.06,0.00,0.00,0.0000,0.000000,0.000000,0.00,0.00,0.0000,0.000000,0.000000
1786704439.429648,14.006425,440,30.06,0.00,0.00,0.0000,0.000000,0.000000,0.00,0.00,0.0000,0.000000,0.000000
1786704439.479201,14.055977,441,29.75,0.00,0.00,0.0000,0.000000,0.000000,0.00,0.00,0.0000,0.000000,0.000000
1786704439.500502,14.077279,442,29.75,0.00,0.00,0.0000,0.000000,0.000000,0.00,0.00,0.0000,0.000000,0.000000
1786704439.513447,14.090224,443,29.75,0.00,0.00,0.0000,0.000000,0.000000,0.00,0.00,0.0000,0.000000,0.000000
1786704439.561476,14.138252,444,29.75,0.00,0.00,0.0000,0.000000,0.000000,0.00,0.00,0.0000,0.000000,0.000000
1786704439.594247,14.171024,445,29.75,0.00,0.00,0.0000,0.000000,0.000000,0.00,0.00,0.0000,0.000000,0.000000
1786704439.641168,14.217945,446,29.75,0.00,0.00,0.0000,0.000000,0.000000,0.00,0.00,0.0000,0.000000,0.000000
1786704439.672199,14.248976,447,29.75,0.00,0.00,0.0000,0.000000,0.000000,0.00,0.00,0.0000,0.000000,0.000000
1786704439.696337,14.273114,448,29.75,0.00,0.00,0.0000,0.000000,0.000000,0.00,0.00,0.0000,0.000000,0.000000
1786704439.735714,14.312491,449,29.75,0.00,0.00,0.0000,0.000000,0.000000,0.00,0.00,0.0000,0.000000,0.000000
1786704439.759655,14.336432,450,29.75,0.00,0.00,0.0000,0.000000,0.000000,0.00,0.00,0.0000,0.000000,0.000000
1786704439.799599,14.376375,451,29.75,0.00,0.00,0.0000,0.000000,0.000000,0.00,0.00,0.0000,0.000000,0.000000
1786704439.848486,14.425263,452,29.75,0.00,0.00,0.0000,0.000000,0.000000,0.00,0.00,0.0000,0.000000,0.000000
1786704439.864876,14.441652,453,29.75,0.00,0.00,0.0000,0.000000,0.000000,0.00,0.00,0.0000,0.000000,0.000000
1786704439.908079,14.484856,454,29.75,0.00,0.00,0.0000,0.000000,0.000000,0.00,0.00,0.0000,0.000000,0.000000
1786704439.938367,14.515144,455,29.75,0.00,0.00,0.0000,0.000000,0.000000,0.00,0.00,0.0000,0.000000,0.000000
1786704439.964678,14.541455,456,29.75,0.00,0.00,0.0000,0.000000,0.000000,0.00,0.00,0.0000,0.000000,0.000000
1786704439.991025,14.567802,457,30.11,0.00,0.00,0.0000,0.000000,0.000000,0.00,0.00,0.0000,0.000000,0.000000
1786704440.040734,14.617511,458,30.11,0.00,0.00,0.0000,0.000000,0.000000,0.00,0.00,0.0000,0.000000,0.000000
1786704440.071899,14.648676,459,30.11,0.00,0.00,0.0000,0.000000,0.000000,0.00,0.00,0.0000,0.000000,0.000000
1786704440.103243,14.680019,460,30.11,0.00,0.00,0.0000,0.000000,0.000000,0.00,0.00,0.0000,0.000000,0.000000
1786704440.135175,14.711952,461,30.11,0.00,0.00,0.0000,0.000000,0.000000,0.00,0.00,0.0000,0.000000,0.000000
1786704440.167191,14.743967,462,30.11,0.00,0.00,0.0000,0.000000,0.000000,0.00,0.00,0.0000,0.000000,0.000000
1786704440.188333,14.765110,463,30.11,0.00,0.00,0.0000,0.000000,0.000000,0.00,0.00,0.0000,0.000000,0.000000
1786704440.231285,14.808062,464,30.11,0.00,0.00,0.0000,0.000000,0.000000,0.00,0.00,0.0000,0.000000,0.000000
1786704440.278681,14.855457,465,30.11,0.00,0.00,0.0000,0.000000,0.000000,0.00,0.00,0.0000,0.000000,0.000000
1786704440.310793,14.887570,466,30.11,0.00,0.00,0.0000,0.000000,0.000000,0.00,0.00,0.0000,0.000000,0.000000
1786704440.329283,14.906060,467,30.11,0.00,0.00,0.0000,0.000000,0.000000,0.00,0.00,0.0000,0.000000,0.000000
1786704440.364059,14.940836,468,30.11,0.00,0.00,0.0000,0.000000,0.000000,0.00,0.00,0.0000,0.000000,0.000000
1786704440.395629,14.972405,469,30.11,0.00,0.00,0.0000,0.000000,0.000000,0.00,0.00,0.0000,0.000000,0.000000
1786704440.422701,14.999478,470,30.11,0.00,0.00,0.0000,0.000000,0.000000,0.00,0.00,0.0000,0.000000,0.000000
1786704440.462321,15.039098,471,30.11,0.00,0.00,0.0000,0.000000,0.000000,0.00,0.00,0.0000,0.000000,0.000000
1786704440.489631,15.066408,472,30.11,0.00,0.00,0.0000,0.000000,0.000000,0.00,0.00,0.0000,0.000000,0.000000
1786704440.533877,15.110654,473,30.08,0.00,0.00,0.0000,0.000000,0.000000,0.00,0.00,0.0000,0.000000,0.000000
1786704440.582177,15.158954,474,30.08,0.00,0.00,0.0000,0.000000,0.000000,0.00,0.00,0.0000,0.000000,0.000000
1786704440.598209,15.174986,475,30.08,0.00,0.00,0.0000,0.000000,0.000000,0.00,0.00,0.0000,0.000000,0.000000
1786704440.646025,15.222802,476,30.08,0.00,0.00,0.0000,0.000000,0.000000,0.00,0.00,0.0000,0.000000,0.000000
1786704440.663139,15.239916,477,30.08,0.00,0.00,0.0000,0.000000,0.000000,0.00,0.00,0.0000,0.000000,0.000000
1786704440.694412,15.271188,478,30.08,0.00,0.00,0.0000,0.000000,0.000000,0.00,0.00,0.0000,0.000000,0.000000
1786704440.740318,15.317095,479,30.08,0.00,0.00,0.0000,0.000000,0.000000,0.00,0.00,0.0000,0.000000,0.000000
1786704440.790877,15.367654,480,30.08,0.00,0.00,0.0000,0.000000,0.000000,0.00,0.00,0.0000,0.000000,0.000000
1786704440.799563,15.376340,481,30.08,0.00,0.00,0.0000,0.000000,0.000000,0.00,0.00,0.0000,0.000000,0.000000
1786704440.838673,15.415450,482,30.08,0.00,0.00,0.0000,0.000000,0.000000,0.00,0.00,0.0000,0.000000,0.000000
1786704440.870902,15.447679,483,30.08,0.00,0.00,0.0000,0.000000,0.000000,0.00,0.00,0.0000,0.000000,0.000000
1786704440.902915,15.479692,484,30.08,0.00,0.00,0.0000,0.000000,0.000000,0.00,0.00,0.0000,0.000000,0.000000
1786704440.934227,15.511004,485,30.08,0.00,0.00,0.0000,0.000000,0.000000,0.00,0.00,0.0000,0.000000,0.000000
1786704440.963737,15.540514,486,30.08,0.00,0.00,0.0000,0.000000,0.000000,0.00,0.00,0.0000,0.000000,0.000000
1786704440.998126,15.574903,487,30.08,0.00,0.00,0.0000,0.000000,0.000000,0.00,0.00,0.0000,0.000000,0.000000
1786704441.025194,15.601971,488,30.08,0.00,0.00,0.0000,0.000000,0.000000,0.00,0.00,0.0000,0.000000,0.000000
1786704441.078328,15.655105,489,29.85,0.00,0.00,0.0000,0.000000,0.000000,0.00,0.00,0.0000,0.000000,0.000000
1786704441.094010,15.670787,490,29.85,0.00,0.00,0.0000,0.000000,0.000000,0.00,0.00,0.0000,0.000000,0.000000
1786704441.142868,15.719645,491,29.85,0.00,0.00,0.0000,0.000000,0.000000,0.00,0.00,0.0000,0.000000,0.000000
1786704441.187745,15.764522,492,29.85,0.00,0.00,0.0000,0.000000,0.000000,0.00,0.00,0.0000,0.000000,0.000000
1786704441.189993,15.766770,493,29.85,0.00,0.00,0.0000,0.000000,0.000000,0.00,0.00,0.0000,0.000000,0.000000
1786704441.237096,15.813872,494,29.85,0.00,0.00,0.0000,0.000000,0.000000,0.00,0.00,0.0000,0.000000,0.000000
1786704441.268731,15.845508,495,29.85,0.00,0.00,0.0000,0.000000,0.000000,0.00,0.00,0.0000,0.000000,0.000000
1786704441.300341,15.877118,496,29.85,0.00,0.00,0.0000,0.000000,0.000000,0.00,0.00,0.0000,0.000000,0.000000
1786704441.332192,15.908969,497,29.85,0.00,0.00,0.0000,0.000000,0.000000,0.00,0.00,0.0000,0.000000,0.000000
1786704441.363852,15.940629,498,29.85,0.00,0.00,0.0000,0.000000,0.000000,0.00,0.00,0.0000,0.000000,0.000000
1786704441.396123,15.972900,499,29.85,0.00,0.00,0.0000,0.000000,0.000000,0.00,0.00,0.0000,0.000000,0.000000
1786704441.441167,16.017944,500,29.85,0.00,0.00,0.0000,0.000000,0.000000,0.00,0.00,0.0000,0.000000,0.000000
1786704441.475612,16.052389,501,29.85,0.00,0.00,0.0000,0.000000,0.000000,0.00,0.00,0.0000,0.000000,0.000000
1786704441.497597,16.074374,502,29.85,0.00,0.00,0.0000,0.000000,0.000000,0.00,0.00,0.0000,0.000000,0.000000
1786704441.530313,16.107090,503,29.85,0.00,0.00,0.0000,0.000000,0.000000,0.00,0.00,0.0000,0.000000,0.000000
1786704441.577327,16.154103,504,29.85,0.00,0.00,0.0000,0.000000,0.000000,0.00,0.00,0.0000,0.000000,0.000000
1786704441.609637,16.186414,505,29.94,0.00,0.00,0.0000,0.000000,0.000000,0.00,0.00,0.0000,0.000000,0.000000
1786704441.642022,16.218799,506,29.94,0.00,0.00,0.0000,0.000000,0.000000,0.00,0.00,0.0000,0.000000,0.000000
1786704441.672863,16.249640,507,29.94,0.00,0.00,0.0000,0.000000,0.000000,0.00,0.00,0.0000,0.000000,0.000000
1786704441.705093,16.281870,508,29.94,0.00,0.00,0.0000,0.000000,0.000000,0.00,0.00,0.0000,0.000000,0.000000
1786704441.737310,16.314087,509,29.94,0.00,0.00,0.0000,0.000000,0.000000,0.00,0.00,0.0000,0.000000,0.000000
1786704441.755478,16.332255,510,29.94,0.00,0.00,0.0000,0.000000,0.000000,0.00,0.00,0.0000,0.000000,0.000000
1786704441.801364,16.378141,511,29.94,0.00,0.00,0.0000,0.000000,0.000000,0.00,0.00,0.0000,0.000000,0.000000
1786704441.833254,16.410031,512,29.94,0.00,0.00,0.0000,0.000000,0.000000,0.00,0.00,0.0000,0.000000,0.000000
1786704441.865370,16.442146,513,29.94,0.00,0.00,0.0000,0.000000,0.000000,0.00,0.00,0.0000,0.000000,0.000000
1786704441.911637,16.488414,514,29.94,0.00,0.00,0.0000,0.000000,0.000000,0.00,0.00,0.0000,0.000000,0.000000
1786704441.920501,16.497278,515,29.94,0.00,0.00,0.0000,0.000000,0.000000,0.00,0.00,0.0000,0.000000,0.000000
1786704441.959683,16.536459,516,29.94,0.00,0.00,0.0000,0.000000,0.000000,0.00,0.00,0.0000,0.000000,0.000000
1786704442.007253,16.584030,517,29.94,0.00,0.00,0.0000,0.000000,0.000000,0.00,0.00,0.0000,0.000000,0.000000
1786704442.039653,16.616430,518,29.94,0.00,0.00,0.0000,0.000000,0.000000,0.00,0.00,0.0000,0.000000,0.000000
1786704442.071940,16.648717,519,29.94,0.00,0.00,0.0000,0.000000,0.000000,0.00,0.00,0.0000,0.000000,0.000000
1786704442.104563,16.681340,520,29.94,0.00,0.00,0.0000,0.000000,0.000000,0.00,0.00,0.0000,0.000000,0.000000
1786704442.124885,16.701662,521,30.11,0.00,0.00,0.0000,0.000000,0.000000,0.00,0.00,0.0000,0.000000,0.000000
1786704442.167513,16.744290,522,30.11,0.00,0.00,0.0000,0.000000,0.000000,0.00,0.00,0.0000,0.000000,0.000000
1786704442.199034,16.775811,523,30.11,0.00,0.00,0.0000,0.000000,0.000000,0.00,0.00,0.0000,0.000000,0.000000
1786704442.230986,16.807762,524,30.11,0.00,0.00,0.0000,0.000000,0.000000,0.00,0.00,0.0000,0.000000,0.000000
1786704442.262330,16.839106,525,30.11,0.00,0.00,0.0000,0.000000,0.000000,0.00,0.00,0.0000,0.000000,0.000000
1786704442.294020,16.870796,526,30.11,0.00,0.00,0.0000,0.000000,0.000000,0.00,0.00,0.0000,0.000000,0.000000
1786704442.329200,16.905977,527,30.11,0.00,0.00,0.0000,0.000000,0.000000,0.00,0.00,0.0000,0.000000,0.000000
1786704442.373129,16.949905,528,30.11,0.00,0.00,0.0000,0.000000,0.000000,0.00,0.00,0.0000,0.000000,0.000000
1786704442.420193,16.996970,529,30.11,0.00,0.00,0.0000,0.000000,0.000000,0.00,0.00,0.0000,0.000000,0.000000
1786704442.436770,17.013547,530,30.11,0.00,0.00,0.0000,0.000000,0.000000,0.00,0.00,0.0000,0.000000,0.000000
1786704442.465893,17.042669,531,30.11,0.00,0.00,0.0000,0.000000,0.000000,0.00,0.00,0.0000,0.000000,0.000000
1786704442.501543,17.078320,532,30.11,0.00,0.00,0.0000,0.000000,0.000000,0.00,0.00,0.0000,0.000000,0.000000
1786704442.522301,17.099078,533,30.11,0.00,0.00,0.0000,0.000000,0.000000,0.00,0.00,0.0000,0.000000,0.000000
1786704442.564689,17.141466,534,30.11,0.00,0.00,0.0000,0.000000,0.000000,0.00,0.00,0.0000,0.000000,0.000000
1786704442.597416,17.174193,535,30.11,0.00,0.00,0.0000,0.000000,0.000000,0.00,0.00,0.0000,0.000000,0.000000
1786704442.628805,17.205582,536,30.06,0.00,0.00,0.0000,0.000000,0.000000,0.00,0.00,0.0000,0.000000,0.000000
1786704442.661623,17.238399,537,30.06,0.00,0.00,0.0000,0.000000,0.000000,0.00,0.00,0.0000,0.000000,0.000000
1786704442.692597,17.269374,538,30.06,0.00,0.00,0.0000,0.000000,0.000000,0.00,0.00,0.0000,0.000000,0.000000
1786704442.730626,17.307403,539,30.06,0.00,0.00,0.0000,0.000000,0.000000,0.00,0.00,0.0000,0.000000,0.000000
1786704442.741398,17.318175,540,30.06,0.00,0.00,0.0000,0.000000,0.000000,0.00,0.00,0.0000,0.000000,0.000000
1786704442.821177,17.397953,541,30.06,0.00,0.00,0.0000,0.000000,0.000000,0.00,0.00,0.0000,0.000000,0.000000
1786704442.836859,17.413636,542,30.06,0.00,0.00,0.0000,0.000000,0.000000,0.00,0.00,0.0000,0.000000,0.000000
1786704442.868865,17.445642,543,30.06,0.00,0.00,0.0000,0.000000,0.000000,0.00,0.00,0.0000,0.000000,0.000000
1786704442.898551,17.475328,544,30.06,0.00,0.00,0.0000,0.000000,0.000000,0.00,0.00,0.0000,0.000000,0.000000
1786704442.935144,17.511921,545,30.06,0.00,0.00,0.0000,0.000000,0.000000,0.00,0.00,0.0000,0.000000,0.000000
1786704442.964429,17.541206,546,30.06,0.00,0.00,0.0000,0.000000,0.000000,0.00,0.00,0.0000,0.000000,0.000000
1786704443.012111,17.588888,547,30.06,0.00,0.00,0.0000,0.000000,0.000000,0.00,0.00,0.0000,0.000000,0.000000
1786704443.028130,17.604907,548,30.06,0.00,0.00,0.0000,0.000000,0.000000,0.00,0.00,0.0000,0.000000,0.000000
1786704443.075304,17.652081,549,30.06,0.00,0.00,0.0000,0.000000,0.000000,0.00,0.00,0.0000,0.000000,0.000000
1786704443.093757,17.670533,550,30.06,0.00,0.00,0.0000,0.000000,0.000000,0.00,0.00,0.0000,0.000000,0.000000
1786704443.133521,17.710298,551,30.06,0.00,0.00,0.0000,0.000000,0.000000,0.00,0.00,0.0000,0.000000,0.000000
1786704443.171310,17.748087,552,29.91,0.00,0.00,0.0000,0.000000,0.000000,0.00,0.00,0.0000,0.000000,0.000000
1786704443.202403,17.779179,553,29.91,0.00,0.00,0.0000,0.000000,0.000000,0.00,0.00,0.0000,0.000000,0.000000
1786704443.233735,17.810512,554,29.91,0.00,0.00,0.0000,0.000000,0.000000,0.00,0.00,0.0000,0.000000,0.000000
1786704443.282738,17.859515,555,29.91,0.00,0.00,0.0000,0.000000,0.000000,0.00,0.00,0.0000,0.000000,0.000000
1786704443.297349,17.874126,556,29.91,0.00,0.00,0.0000,0.000000,0.000000,0.00,0.00,0.0000,0.000000,0.000000
1786704443.329012,17.905789,557,29.91,0.00,0.00,0.0000,0.000000,0.000000,0.00,0.00,0.0000,0.000000,0.000000
1786704443.360866,17.937643,558,29.91,0.00,0.00,0.0000,0.000000,0.000000,0.00,0.00,0.0000,0.000000,0.000000
1786704443.409052,17.985829,559,29.91,0.00,0.00,0.0000,0.000000,0.000000,0.00,0.00,0.0000,0.000000,0.000000
1786704443.427567,18.004344,560,29.91,0.00,0.00,0.0000,0.000000,0.000000,0.00,0.00,0.0000,0.000000,0.000000
1786704443.470466,18.047243,561,29.91,0.00,0.00,0.0000,0.000000,0.000000,0.00,0.00,0.0000,0.000000,0.000000
1786704443.507841,18.084618,562,29.91,0.00,0.00,0.0000,0.000000,0.000000,0.00,0.00,0.0000,0.000000,0.000000
1786704443.523508,18.100285,563,29.91,0.00,0.00,0.0000,0.000000,0.000000,0.00,0.00,0.0000,0.000000,0.000000
1786704443.579594,18.156371,564,29.91,0.00,0.00,0.0000,0.000000,0.000000,0.00,0.00,0.0000,0.000000,0.000000
1786704443.595317,18.172094,565,29.91,0.00,0.00,0.0000,0.000000,0.000000,0.00,0.00,0.0000,0.000000,0.000000
1786704443.632955,18.209732,566,29.91,0.00,0.00,0.0000,0.000000,0.000000,0.00,0.00,0.0000,0.000000,0.000000
1786704443.659832,18.236609,567,29.91,0.00,0.00,0.0000,0.000000,0.000000,0.00,0.00,0.0000,0.000000,0.000000
1786704443.697283,18.274060,568,30.06,0.00,0.00,0.0000,0.000000,0.000000,0.00,0.00,0.0000,0.000000,0.000000
1786704443.755950,18.332727,569,30.06,0.00,0.00,0.0000,0.000000,0.000000,0.00,0.00,0.0000,0.000000,0.000000
1786704443.771803,18.348580,570,30.06,0.00,0.00,0.0000,0.000000,0.000000,0.00,0.00,0.0000,0.000000,0.000000
1786704443.806371,18.383147,571,30.06,0.00,0.00,0.0000,0.000000,0.000000,0.00,0.00,0.0000,0.000000,0.000000
1786704443.850831,18.427607,572,30.06,0.00,0.00,0.0000,0.000000,0.000000,0.00,0.00,0.0000,0.000000,0.000000
1786704443.867499,18.444276,573,30.06,0.00,0.00,0.0000,0.000000,0.000000,0.00,0.00,0.0000,0.000000,0.000000
1786704443.915332,18.492108,574,30.06,0.00,0.00,0.0000,0.000000,0.000000,0.00,0.00,0.0000,0.000000,0.000000
1786704443.931551,18.508328,575,30.06,0.00,0.00,0.0000,0.000000,0.000000,0.00,0.00,0.0000,0.000000,0.000000
1786704443.978817,18.555594,576,30.06,0.00,0.00,0.0000,0.000000,0.000000,0.00,0.00,0.0000,0.000000,0.000000
1786704444.010334,18.587111,577,30.06,0.00,0.00,0.0000,0.000000,0.000000,0.00,0.00,0.0000,0.000000,0.000000
1786704444.026693,18.603469,578,30.06,0.00,0.00,0.0000,0.000000,0.000000,0.00,0.00,0.0000,0.000000,0.000000
1786704444.059148,18.635925,579,30.06,0.00,0.00,0.0000,0.000000,0.000000,0.00,0.00,0.0000,0.000000,0.000000
1786704444.090911,18.667687,580,30.06,0.00,0.00,0.0000,0.000000,0.000000,0.00,0.00,0.0000,0.000000,0.000000
1786704444.139019,18.715796,581,30.06,0.00,0.00,0.0000,0.000000,0.000000,0.00,0.00,0.0000,0.000000,0.000000
1786704444.165459,18.742236,582,30.06,0.00,0.00,0.0000,0.000000,0.000000,0.00,0.00,0.0000,0.000000,0.000000
1786704444.202667,18.779443,583,29.99,0.00,0.00,0.0000,0.000000,0.000000,0.00,0.00,0.0000,0.000000,0.000000
1786704444.226574,18.803351,584,29.99,0.00,0.00,0.0000,0.000000,0.000000,0.00,0.00,0.0000,0.000000,0.000000
1786704444.266683,18.843460,585,29.99,0.00,0.00,0.0000,0.000000,0.000000,0.00,0.00,0.0000,0.000000,0.000000
1786704444.298304,18.875080,586,29.99,0.00,0.00,0.0000,0.000000,0.000000,0.00,0.00,0.0000,0.000000,0.000000
1786704444.346216,18.922993,587,29.99,0.00,0.00,0.0000,0.000000,0.000000,0.00,0.00,0.0000,0.000000,0.000000
1786704444.362789,18.939566,588,29.99,0.00,0.00,0.0000,0.000000,0.000000,0.00,0.00,0.0000,0.000000,0.000000
1786704444.395045,18.971821,589,29.99,0.00,0.00,0.0000,0.000000,0.000000,0.00,0.00,0.0000,0.000000,0.000000
1786704444.424014,19.000790,590,29.99,0.00,0.00,0.0000,0.000000,0.000000,0.00,0.00,0.0000,0.000000,0.000000
1786704444.458705,19.035482,591,29.99,0.00,0.00,0.0000,0.000000,0.000000,0.00,0.00,0.0000,0.000000,0.000000
1786704444.507168,19.083944,592,29.99,0.00,0.00,0.0000,0.000000,0.000000,0.00,0.00,0.0000,0.000000,0.000000
1786704444.527832,19.104609,593,29.99,0.00,0.00,0.0000,0.000000,0.000000,0.00,0.00,0.0000,0.000000,0.000000
1786704444.560052,19.136828,594,29.99,0.00,0.00,0.0000,0.000000,0.000000,0.00,0.00,0.0000,0.000000,0.000000
1786704444.601746,19.178523,595,29.99,0.00,0.00,0.0000,0.000000,0.000000,0.00,0.00,0.0000,0.000000,0.000000
1786704444.634320,19.211096,596,29.99,0.00,0.00,0.0000,0.000000,0.000000,0.00,0.00,0.0000,0.000000,0.000000
1786704444.665375,19.242152,597,29.99,0.00,0.00,0.0000,0.000000,0.000000,0.00,0.00,0.0000,0.000000,0.000000
1786704444.686574,19.263351,598,29.99,0.00,0.00,0.0000,0.000000,0.000000,0.00,0.00,0.0000,0.000000,0.000000
1786704444.737613,19.314390,599,29.99,0.00,0.00,0.0000,0.000000,0.000000,0.00,0.00,0.0000,0.000000,0.000000
1786704444.745645,19.322422,600,29.99,0.00,0.00,0.0000,0.000000,0.000000,0.00,0.00,0.0000,0.000000,0.000000
1786704444.793788,19.370565,601,29.99,0.00,0.00,0.0000,0.000000,0.000000,0.00,0.00,0.0000,0.000000,0.000000
1786704444.841149,19.417926,602,29.99,0.00,0.00,0.0000,0.000000,0.000000,0.00,0.00,0.0000,0.000000,0.000000
1786704444.885937,19.462714,603,29.99,0.00,0.00,0.0000,0.000000,0.000000,0.00,0.00,0.0000,0.000000,0.000000
1786704444.904538,19.481315,604,29.99,0.00,0.00,0.0000,0.000000,0.000000,0.00,0.00,0.0000,0.000000,0.000000
1786704444.935889,19.512666,605,29.99,0.00,0.00,0.0000,0.000000,0.000000,0.00,0.00,0.0000,0.000000,0.000000
1786704444.983135,19.559912,606,29.99,0.00,0.00,0.0000,0.000000,0.000000,0.00,0.00,0.0000,0.000000,0.000000
1786704445.022903,19.599680,607,29.99,0.00,0.00,0.0000,0.000000,0.000000,0.00,0.00,0.0000,0.000000,0.000000
1786704445.030918,19.607695,608,29.99,0.00,0.00,0.0000,0.000000,0.000000,0.00,0.00,0.0000,0.000000,0.000000
1786704445.062653,19.639429,609,29.99,0.00,0.00,0.0000,0.000000,0.000000,0.00,0.00,0.0000,0.000000,0.000000
1786704445.094139,19.670916,610,29.99,0.00,0.00,0.0000,0.000000,0.000000,0.00,0.00,0.0000,0.000000,0.000000
1786704445.123217,19.699994,611,29.99,0.00,0.00,0.0000,0.000000,0.000000,0.00,0.00,0.0000,0.000000,0.000000
1786704445.163030,19.739807,612,29.99,0.00,0.00,0.0000,0.000000,0.000000,0.00,0.00,0.0000,0.000000,0.000000
1786704445.188950,19.765727,613,29.99,0.00,0.00,0.0000,0.000000,0.000000,0.00,0.00,0.0000,0.000000,0.000000
1786704445.237264,19.814041,614,29.97,0.00,0.00,0.0000,0.000000,0.000000,0.00,0.00,0.0000,0.000000,0.000000
1786704445.260273,19.837050,615,29.97,0.00,0.00,0.0000,0.000000,0.000000,0.00,0.00,0.0000,0.000000,0.000000
1786704445.317168,19.893944,616,29.97,0.00,0.00,0.0000,0.000000,0.000000,0.00,0.00,0.0000,0.000000,0.000000
1786704445.349096,19.925873,617,29.97,0.00,0.00,0.0000,0.000000,0.000000,0.00,0.00,0.0000,0.000000,0.000000
1786704445.365063,19.941840,618,29.97,0.00,0.00,0.0000,0.000000,0.000000,0.00,0.00,0.0000,0.000000,0.000000
1786704445.396727,19.973503,619,29.97,0.00,0.00,0.0000,0.000000,0.000000,0.00,0.00,0.0000,0.000000,0.000000
1786704445.444223,20.021000,620,29.97,0.00,0.00,0.0000,0.000000,0.000000,0.00,0.00,0.0000,0.000000,0.000000
1786704445.462548,20.039325,621,29.97,0.00,0.00,0.0000,0.000000,0.000000,0.00,0.00,0.0000,0.000000,0.000000
1786704445.492859,20.069636,622,29.97,0.00,0.00,0.0000,0.000000,0.000000,0.00,0.00,0.0000,0.000000,0.000000
1786704445.553847,20.130623,623,29.97,0.00,0.00,0.0000,0.000000,0.000000,0.00,0.00,0.0000,0.000000,0.000000
1786704445.568492,20.145269,624,29.97,0.00,0.00,0.0000,0.000000,0.000000,0.00,0.00,0.0000,0.000000,0.000000
1786704445.591520,20.168296,625,29.97,0.00,0.00,0.0000,0.000000,0.000000,0.00,0.00,0.0000,0.000000,0.000000
1786704445.630159,20.206935,626,29.97,0.00,0.00,0.0000,0.000000,0.000000,0.00,0.00,0.0000,0.000000,0.000000
1786704445.665111,20.241888,627,29.97,0.00,0.00,0.0000,0.000000,0.000000,0.00,0.00,0.0000,0.000000,0.000000
1786704445.689289,20.266065,628,29.97,0.00,0.00,0.0000,0.000000,0.000000,0.00,0.00,0.0000,0.000000,0.000000
1786704445.729337,20.306114,629,29.97,0.00,0.00,0.0000,0.000000,0.000000,0.00,0.00,0.0000,0.000000,0.000000
1786704445.760185,20.336962,630,30.08,0.00,0.00,0.0000,0.000000,0.000000,0.00,0.00,0.0000,0.000000,0.000000
1786704445.808222,20.384998,631,30.08,0.00,0.00,0.0000,0.000000,0.000000,0.00,0.00,0.0000,0.000000,0.000000
1786704445.829077,20.405853,632,30.08,0.00,0.00,0.0000,0.000000,0.000000,0.00,0.00,0.0000,0.000000,0.000000
1786704445.870519,20.447296,633,30.08,0.00,0.00,0.0000,0.000000,0.000000,0.00,0.00,0.0000,0.000000,0.000000
1786704445.902580,20.479357,634,30.08,0.00,0.00,0.0000,0.000000,0.000000,0.00,0.00,0.0000,0.000000,0.000000
1786704445.934030,20.510806,635,30.08,0.00,0.00,0.0000,0.000000,0.000000,0.00,0.00,0.0000,0.000000,0.000000
1786704445.958139,20.534915,636,30.08,0.00,0.00,0.0000,0.000000,0.000000,0.00,0.00,0.0000,0.000000,0.000000
1786704445.997812,20.574589,637,30.08,0.00,0.00,0.0000,0.000000,0.000000,0.00,0.00,0.0000,0.000000,0.000000
1786704446.029773,20.606549,638,30.08,0.00,0.00,0.0000,0.000000,0.000000,0.00,0.00,0.0000,0.000000,0.000000
1786704446.078748,20.655525,639,30.08,0.00,0.00,0.0000,0.000000,0.000000,0.00,0.00,0.0000,0.000000,0.000000
1786704446.096630,20.673407,640,30.08,0.00,0.00,0.0000,0.000000,0.000000,0.00,0.00,0.0000,0.000000,0.000000
1786704446.125333,20.702110,641,30.08,0.00,0.00,0.0000,0.000000,0.000000,0.00,0.00,0.0000,0.000000,0.000000
1786704446.164493,20.741270,642,30.08,0.00,0.00,0.0000,0.000000,0.000000,0.00,0.00,0.0000,0.000000,0.000000
1786704446.206464,20.783241,643,30.08,0.00,0.00,0.0000,0.000000,0.000000,0.00,0.00,0.0000,0.000000,0.000000
1786704446.237484,20.814261,644,30.08,0.00,0.00,0.0000,0.000000,0.000000,0.00,0.00,0.0000,0.000000,0.000000
1786704446.269046,20.845823,645,30.03,0.00,0.00,0.0000,0.000000,0.000000,0.00,0.00,0.0000,0.000000,0.000000
1786704446.315759,20.892536,646,30.03,0.00,0.00,0.0000,0.000000,0.000000,0.00,0.00,0.0000,0.000000,0.000000
1786704446.331751,20.908528,647,30.03,0.00,0.00,0.0000,0.000000,0.000000,0.00,0.00,0.0000,0.000000,0.000000
1786704446.362962,20.939739,648,30.03,0.00,0.00,0.0000,0.000000,0.000000,0.00,0.00,0.0000,0.000000,0.000000
1786704446.395204,20.971980,649,30.03,0.00,0.00,0.0000,0.000000,0.000000,0.00,0.00,0.0000,0.000000,0.000000
1786704446.446106,21.022883,650,30.03,0.00,0.00,0.0000,0.000000,0.000000,0.00,0.00,0.0000,0.000000,0.000000
1786704446.461212,21.037988,651,30.03,0.00,0.00,0.0000,0.000000,0.000000,0.00,0.00,0.0000,0.000000,0.000000
1786704446.506390,21.083166,652,30.03,0.00,0.00,0.0000,0.000000,0.000000,0.00,0.00,0.0000,0.000000,0.000000
1786704446.539723,21.116500,653,30.03,0.00,0.00,0.0000,0.000000,0.000000,0.00,0.00,0.0000,0.000000,0.000000
1786704446.571864,21.148641,654,30.03,0.00,0.00,0.0000,0.000000,0.000000,0.00,0.00,0.0000,0.000000,0.000000
1786704446.589618,21.166395,655,30.03,0.00,0.00,0.0000,0.000000,0.000000,0.00,0.00,0.0000,0.000000,0.000000
1786704446.634860,21.211637,656,30.03,0.00,0.00,0.0000,0.000000,0.000000,0.00,0.00,0.0000,0.000000,0.000000
1786704446.663518,21.240295,657,30.03,0.00,0.00,0.0000,0.000000,0.000000,0.00,0.00,0.0000,0.000000,0.000000
1786704446.695685,21.272462,658,30.03,0.00,0.00,0.0000,0.000000,0.000000,0.00,0.00,0.0000,0.000000,0.000000
1786704446.742423,21.319200,659,30.03,0.00,0.00,0.0000,0.000000,0.000000,0.00,0.00,0.0000,0.000000,0.000000
1786704446.765361,21.342138,660,29.99,0.00,0.00,0.0000,0.000000,0.000000,0.00,0.00,0.0000,0.000000,0.000000
1786704446.811088,21.387865,661,29.99,0.00,0.00,0.0000,0.000000,0.000000,0.00,0.00,0.0000,0.000000,0.000000
1786704446.824416,21.401193,662,29.99,0.00,0.00,0.0000,0.000000,0.000000,0.00,0.00,0.0000,0.000000,0.000000
1786704446.874576,21.451352,663,29.99,0.00,0.00,0.0000,0.000000,0.000000,0.00,0.00,0.0000,0.000000,0.000000
1786704446.893104,21.469881,664,29.99,0.00,0.00,0.0000,0.000000,0.000000,0.00,0.00,0.0000,0.000000,0.000000
1786704446.937705,21.514482,665,29.99,0.00,0.00,0.0000,0.000000,0.000000,0.00,0.00,0.0000,0.000000,0.000000
1786704446.961757,21.538534,666,29.99,0.00,0.00,0.0000,0.000000,0.000000,0.00,0.00,0.0000,0.000000,0.000000
1786704447.003049,21.579826,667,29.99,0.00,0.00,0.0000,0.000000,0.000000,0.00,0.00,0.0000,0.000000,0.000000
1786704447.049572,21.626349,668,29.99,0.00,0.00,0.0000,0.000000,0.000000,0.00,0.00,0.0000,0.000000,0.000000
1786704447.081131,21.657908,669,29.99,0.00,0.00,0.0000,0.000000,0.000000,0.00,0.00,0.0000,0.000000,0.000000
1786704447.097357,21.674134,670,29.99,0.00,0.00,0.0000,0.000000,0.000000,0.00,0.00,0.0000,0.000000,0.000000
1786704447.124375,21.701152,671,29.99,0.00,0.00,0.0000,0.000000,0.000000,0.00,0.00,0.0000,0.000000,0.000000
1786704447.170190,21.746967,672,29.99,0.00,0.00,0.0000,0.000000,0.000000,0.00,0.00,0.0000,0.000000,0.000000
1786704447.192185,21.768962,673,29.99,0.00,0.00,0.0000,0.000000,0.000000,0.00,0.00,0.0000,0.000000,0.000000
1786704447.226815,21.803592,674,29.99,0.00,0.00,0.0000,0.000000,0.000000,0.00,0.00,0.0000,0.000000,0.000000
1786704447.272701,21.849478,675,29.94,0.00,0.00,0.0000,0.000000,0.000000,0.00,0.00,0.0000,0.000000,0.000000
1786704447.289686,21.866463,676,29.94,0.00,0.00,0.0000,0.000000,0.000000,0.00,0.00,0.0000,0.000000,0.000000
1786704447.335333,21.912110,677,29.94,0.00,0.00,0.0000,0.000000,0.000000,0.00,0.00,0.0000,0.000000,0.000000
1786704447.366778,21.943555,678,29.94,0.00,0.00,0.0000,0.000000,0.000000,0.00,0.00,0.0000,0.000000,0.000000
1786704447.398928,21.975705,679,29.94,0.00,0.00,0.0000,0.000000,0.000000,0.00,0.00,0.0000,0.000000,0.000000
1786704447.439380,22.016157,680,29.94,0.00,0.00,0.0000,0.000000,0.000000,0.00,0.00,0.0000,0.000000,0.000000
1786704447.462885,22.039662,681,29.94,0.00,0.00,0.0000,0.000000,0.000000,0.00,0.00,0.0000,0.000000,0.000000
1786704447.499880,22.076657,682,29.94,0.00,0.00,0.0000,0.000000,0.000000,0.00,0.00,0.0000,0.000000,0.000000
1786704447.538086,22.114863,683,29.94,0.00,0.00,0.0000,0.000000,0.000000,0.00,0.00,0.0000,0.000000,0.000000
1786704447.587985,22.164762,684,29.94,0.00,0.00,0.0000,0.000000,0.000000,0.00,0.00,0.0000,0.000000,0.000000
1786704447.619259,22.196035,685,29.94,0.00,0.00,0.0000,0.000000,0.000000,0.00,0.00,0.0000,0.000000,0.000000
1786704447.632179,22.208956,686,29.94,0.00,0.00,0.0000,0.000000,0.000000,0.00,0.00,0.0000,0.000000,0.000000
1786704447.667639,22.244416,687,29.94,0.00,0.00,0.0000,0.000000,0.000000,0.00,0.00,0.0000,0.000000,0.000000
1786704447.699091,22.275868,688,29.94,0.00,0.00,0.0000,0.000000,0.000000,0.00,0.00,0.0000,0.000000,0.000000
1786704447.731137,22.307914,689,29.94,0.00,0.00,0.0000,0.000000,0.000000,0.00,0.00,0.0000,0.000000,0.000000
1786704447.763070,22.339847,690,29.94,0.00,0.00,0.0000,0.000000,0.000000,0.00,0.00,0.0000,0.000000,0.000000
1786704447.796124,22.372900,691,30.00,0.00,0.00,0.0000,0.000000,0.000000,0.00,0.00,0.0000,0.000000,0.000000
1786704447.816169,22.392946,692,30.00,0.00,0.00,0.0000,0.000000,0.000000,0.00,0.00,0.0000,0.000000,0.000000
1786704447.874960,22.451736,693,30.00,0.00,0.00,0.0000,0.000000,0.000000,0.00,0.00,0.0000,0.000000,0.000000
1786704447.922628,22.499405,694,30.00,0.00,0.00,0.0000,0.000000,0.000000,0.00,0.00,0.0000,0.000000,0.000000
1786704447.938345,22.515122,695,30.00,0.00,0.00,0.0000,0.000000,0.000000,0.00,0.00,0.0000,0.000000,0.000000
1786704447.986264,22.563040,696,30.00,0.00,0.00,0.0000,0.000000,0.000000,0.00,0.00,0.0000,0.000000,0.000000
1786704448.004971,22.581748,697,30.00,0.00,0.00,0.0000,0.000000,0.000000,0.00,0.00,0.0000,0.000000,0.000000
1786704448.033782,22.610559,698,30.00,0.00,0.00,0.0000,0.000000,0.000000,0.00,0.00,0.0000,0.000000,0.000000
1786704448.084281,22.661058,699,30.00,0.00,0.00,0.0000,0.000000,0.000000,0.00,0.00,0.0000,0.000000,0.000000
1786704448.099734,22.676511,700,30.00,0.00,0.00,0.0000,0.000000,0.000000,0.00,0.00,0.0000,0.000000,0.000000
1786704448.115127,22.691904,701,30.00,0.00,0.00,0.0000,0.000000,0.000000,0.00,0.00,0.0000,0.000000,0.000000
1786704448.155410,22.732187,702,30.00,0.00,0.00,0.0000,0.000000,0.000000,0.00,0.00,0.0000,0.000000,0.000000
1786704448.197263,22.774040,703,30.00,0.00,0.00,0.0000,0.000000,0.000000,0.00,0.00,0.0000,0.000000,0.000000
1786704448.240637,22.817414,704,30.00,0.00,0.00,0.0000,0.000000,0.000000,0.00,0.00,0.0000,0.000000,0.000000
1786704448.271459,22.848235,705,30.00,0.00,0.00,0.0000,0.000000,0.000000,0.00,0.00,0.0000,0.000000,0.000000
1786704448.294803,22.871580,706,30.00,0.00,0.00,0.0000,0.000000,0.000000,0.00,0.00,0.0000,0.000000,0.000000
1786704448.324470,22.901246,707,30.11,0.00,0.00,0.0000,0.000000,0.000000,0.00,0.00,0.0000,0.000000,0.000000
1786704448.366857,22.943634,708,30.11,0.00,0.00,0.0000,0.000000,0.000000,0.00,0.00,0.0000,0.000000,0.000000
1786704448.387684,22.964461,709,30.11,0.00,0.00,0.0000,0.000000,0.000000,0.00,0.00,0.0000,0.000000,0.000000
1786704448.431059,23.007836,710,30.11,0.00,0.00,0.0000,0.000000,0.000000,0.00,0.00,0.0000,0.000000,0.000000
1786704448.480713,23.057490,711,30.11,0.00,0.00,0.0000,0.000000,0.000000,0.00,0.00,0.0000,0.000000,0.000000
1786704448.512528,23.089305,712,30.11,0.00,0.00,0.0000,0.000000,0.000000,0.00,0.00,0.0000,0.000000,0.000000
1786704448.543449,23.120225,713,30.11,0.00,0.00,0.0000,0.000000,0.000000,0.00,0.00,0.0000,0.000000,0.000000
1786704448.565194,23.141971,714,30.11,0.00,0.00,0.0000,0.000000,0.000000,0.00,0.00,0.0000,0.000000,0.000000
1786704448.590926,23.167703,715,30.11,0.00,0.00,0.0000,0.000000,0.000000,0.00,0.00,0.0000,0.000000,0.000000
1786704448.639536,23.216313,716,30.11,0.00,0.00,0.0000,0.000000,0.000000,0.00,0.00,0.0000,0.000000,0.000000
1786704448.671367,23.248143,717,30.11,0.00,0.00,0.0000,0.000000,0.000000,0.00,0.00,0.0000,0.000000,0.000000
1786704448.695665,23.272442,718,30.11,0.00,0.00,0.0000,0.000000,0.000000,0.00,0.00,0.0000,0.000000,0.000000
1786704448.726841,23.303617,719,30.11,0.00,0.00,0.0000,0.000000,0.000000,0.00,0.00,0.0000,0.000000,0.000000
1786704448.768947,23.345724,720,30.11,0.00,0.00,0.0000,0.000000,0.000000,0.00,0.00,0.0000,0.000000,0.000000
1786704448.800351,23.377128,721,30.11,0.00,0.00,0.0000,0.000000,0.000000,0.00,0.00,0.0000,0.000000,0.000000
1786704448.832170,23.408947,722,29.99,0.00,0.00,0.0000,0.000000,0.000000,0.00,0.00,0.0000,0.000000,0.000000
1786704448.879331,23.456107,723,29.99,0.00,0.00,0.0000,0.000000,0.000000,0.00,0.00,0.0000,0.000000,0.000000
1786704448.898044,23.474821,724,29.99,0.00,0.00,0.0000,0.000000,0.000000,0.00,0.00,0.0000,0.000000,0.000000
1786704448.942080,23.518857,725,29.99,0.00,0.00,0.0000,0.000000,0.000000,0.00,0.00,0.0000,0.000000,0.000000
1786704448.973730,23.550506,726,29.99,0.00,0.00,0.0000,0.000000,0.000000,0.00,0.00,0.0000,0.000000,0.000000
1786704449.021959,23.598735,727,29.99,0.00,0.00,0.0000,0.000000,0.000000,0.00,0.00,0.0000,0.000000,0.000000
1786704449.038684,23.615461,728,29.99,0.00,0.00,0.0000,0.000000,0.000000,0.00,0.00,0.0000,0.000000,0.000000
1786704449.065461,23.642238,729,29.99,0.00,0.00,0.0000,0.000000,0.000000,0.00,0.00,0.0000,0.000000,0.000000
1786704449.099504,23.676280,730,29.99,0.00,0.00,0.0000,0.000000,0.000000,0.00,0.00,0.0000,0.000000,0.000000
1786704449.133571,23.710348,731,29.99,0.00,0.00,0.0000,0.000000,0.000000,0.00,0.00,0.0000,0.000000,0.000000
1786704449.176162,23.752939,732,29.99,0.00,0.00,0.0000,0.000000,0.000000,0.00,0.00,0.0000,0.000000,0.000000
1786704449.200409,23.777186,733,29.99,0.00,0.00,0.0000,0.000000,0.000000,0.00,0.00,0.0000,0.000000,0.000000
1786704449.245345,23.822122,734,29.99,0.00,0.00,0.0000,0.000000,0.000000,0.00,0.00,0.0000,0.000000,0.000000
1786704449.276887,23.853664,735,29.99,0.00,0.00,0.0000,0.000000,0.000000,0.00,0.00,0.0000,0.000000,0.000000
1786704449.292724,23.869501,736,29.99,0.00,0.00,0.0000,0.000000,0.000000,0.00,0.00,0.0000,0.000000,0.000000
1786704449.339733,23.916510,737,29.89,0.00,0.00,0.0000,0.000000,0.000000,0.00,0.00,0.0000,0.000000,0.000000
1786704449.358097,23.934874,738,29.89,0.00,0.00,0.0000,0.000000,0.000000,0.00,0.00,0.0000,0.000000,0.000000
1786704449.404878,23.981655,739,29.89,0.00,0.00,0.0000,0.000000,0.000000,0.00,0.00,0.0000,0.000000,0.000000
1786704449.426700,24.003476,740,29.89,0.00,0.00,0.0000,0.000000,0.000000,0.00,0.00,0.0000,0.000000,0.000000
1786704449.468351,24.045128,741,29.89,0.00,0.00,0.0000,0.000000,0.000000,0.00,0.00,0.0000,0.000000,0.000000
1786704449.501280,24.078056,742,29.89,0.00,0.00,0.0000,0.000000,0.000000,0.00,0.00,0.0000,0.000000,0.000000
1786704449.541026,24.117803,743,29.89,0.00,0.00,0.0000,0.000000,0.000000,0.00,0.00,0.0000,0.000000,0.000000
1786704449.573189,24.149966,744,29.89,0.00,0.00,0.0000,0.000000,0.000000,0.00,0.00,0.0000,0.000000,0.000000
1786704449.605006,24.181783,745,29.89,0.00,0.00,0.0000,0.000000,0.000000,0.00,0.00,0.0000,0.000000,0.000000
1786704449.621452,24.198229,746,29.89,0.00,0.00,0.0000,0.000000,0.000000,0.00,0.00,0.0000,0.000000,0.000000
1786704449.653274,24.230051,747,29.89,0.00,0.00,0.0000,0.000000,0.000000,0.00,0.00,0.0000,0.000000,0.000000
1786704449.685726,24.262503,748,29.89,0.00,0.00,0.0000,0.000000,0.000000,0.00,0.00,0.0000,0.000000,0.000000
1786704449.749925,24.326702,749,29.89,0.00,0.00,0.0000,0.000000,0.000000,0.00,0.00,0.0000,0.000000,0.000000
1786704449.765382,24.342158,750,29.89,0.00,0.00,0.0000,0.000000,0.000000,0.00,0.00,0.0000,0.000000,0.000000
1786704449.791821,24.368598,751,29.89,0.00,0.00,0.0000,0.000000,0.000000,0.00,0.00,0.0000,0.000000,0.000000
1786704449.846219,24.422995,752,29.86,0.00,0.00,0.0000,0.000000,0.000000,0.00,0.00,0.0000,0.000000,0.000000
1786704449.877248,24.454025,753,29.86,0.00,0.00,0.0000,0.000000,0.000000,0.00,0.00,0.0000,0.000000,0.000000
1786704449.909058,24.485835,754,29.86,0.00,0.00,0.0000,0.000000,0.000000,0.00,0.00,0.0000,0.000000,0.000000
1786704449.919275,24.496052,755,29.86,0.00,0.00,0.0000,0.000000,0.000000,0.00,0.00,0.0000,0.000000,0.000000
1786704449.971424,24.548201,756,29.86,0.00,0.00,0.0000,0.000000,0.000000,0.00,0.00,0.0000,0.000000,0.000000
1786704450.003150,24.579926,757,29.86,0.00,0.00,0.0000,0.000000,0.000000,0.00,0.00,0.0000,0.000000,0.000000
1786704450.034519,24.611296,758,29.86,0.00,0.00,0.0000,0.000000,0.000000,0.00,0.00,0.0000,0.000000,0.000000
1786704450.060569,24.637345,759,29.86,0.00,0.00,0.0000,0.000000,0.000000,0.00,0.00,0.0000,0.000000,0.000000
1786704450.099212,24.675989,760,29.86,0.00,0.00,0.0000,0.000000,0.000000,0.00,0.00,0.0000,0.000000,0.000000
1786704450.147632,24.724409,761,29.86,0.00,0.00,0.0000,0.000000,0.000000,0.00,0.00,0.0000,0.000000,0.000000
1786704450.162718,24.739494,762,29.86,0.00,0.00,0.0000,0.000000,0.000000,0.00,0.00,0.0000,0.000000,0.000000
1786704450.195294,24.772070,763,29.86,0.00,0.00,0.0000,0.000000,0.000000,0.00,0.00,0.0000,0.000000,0.000000
1786704450.232283,24.809060,764,29.86,0.00,0.00,0.0000,0.000000,0.000000,0.00,0.00,0.0000,0.000000,0.000000
1786704450.275121,24.851898,765,29.86,0.00,0.00,0.0000,0.000000,0.000000,0.00,0.00,0.0000,0.000000,0.000000
1786704450.307041,24.883818,766,29.86,0.00,0.00,0.0000,0.000000,0.000000,0.00,0.00,0.0000,0.000000,0.000000
1786704450.380474,24.957251,767,29.54,0.00,0.00,0.0000,0.000000,0.000000,0.00,0.00,0.0000,0.000000,0.000000
1786704450.386916,24.963693,768,29.54,0.00,0.00,0.0000,0.000000,0.000000,0.00,0.00,0.0000,0.000000,0.000000
1786704450.403051,24.979828,769,29.54,0.00,0.00,0.0000,0.000000,0.000000,0.00,0.00,0.0000,0.000000,0.000000
1786704450.435154,25.011931,770,29.54,0.00,0.00,0.0000,0.000000,0.000000,0.00,0.00,0.0000,0.000000,0.000000
1786704450.483112,25.059889,771,29.54,0.00,0.00,0.0000,0.000000,0.000000,0.00,0.00,0.0000,0.000000,0.000000
1786704450.498871,25.075648,772,29.54,0.00,0.00,0.0000,0.000000,0.000000,0.00,0.00,0.0000,0.000000,0.000000
1786704450.546700,25.123477,773,29.54,0.00,0.00,0.0000,0.000000,0.000000,0.00,0.00,0.0000,0.000000,0.000000
1786704450.562684,25.139461,774,29.54,0.00,0.00,0.0000,0.000000,0.000000,0.00,0.00,0.0000,0.000000,0.000000
1786704450.607189,25.183965,775,29.54,0.00,0.00,0.0000,0.000000,0.000000,0.00,0.00,0.0000,0.000000,0.000000
1786704450.626235,25.203012,776,29.54,0.00,0.00,0.0000,0.000000,0.000000,0.00,0.00,0.0000,0.000000,0.000000
1786704450.655194,25.231970,777,29.54,0.00,0.00,0.0000,0.000000,0.000000,0.00,0.00,0.0000,0.000000,0.000000
1786704450.690097,25.266874,778,29.54,0.00,0.00,0.0000,0.000000,0.000000,0.00,0.00,0.0000,0.000000,0.000000
1786704450.729344,25.306121,779,29.54,0.00,0.00,0.0000,0.000000,0.000000,0.00,0.00,0.0000,0.000000,0.000000
1786704450.761354,25.338130,780,29.54,0.00,0.00,0.0000,0.000000,0.000000,0.00,0.00,0.0000,0.000000,0.000000
1786704450.795975,25.372752,781,29.54,0.00,0.00,0.0000,0.000000,0.000000,0.00,0.00,0.0000,0.000000,0.000000
1786704450.833296,25.410072,782,29.54,0.00,0.00,0.0000,0.000000,0.000000,0.00,0.00,0.0000,0.000000,0.000000
1786704450.865121,25.441898,783,29.54,0.00,0.00,0.0000,0.000000,0.000000,0.00,0.00,0.0000,0.000000,0.000000
1786704450.911308,25.488085,784,30.08,0.00,0.00,0.0000,0.000000,0.000000,0.00,0.00,0.0000,0.000000,0.000000
1786704450.930407,25.507184,785,30.08,0.00,0.00,0.0000,0.000000,0.000000,0.00,0.00,0.0000,0.000000,0.000000
1786704450.956754,25.533531,786,30.08,0.00,0.00,0.0000,0.000000,0.000000,0.00,0.00,0.0000,0.000000,0.000000
1786704450.993574,25.570351,787,30.08,0.00,0.00,0.0000,0.000000,0.000000,0.00,0.00,0.0000,0.000000,0.000000
1786704451.022853,25.599630,788,30.08,0.00,0.00,0.0000,0.000000,0.000000,0.00,0.00,0.0000,0.000000,0.000000
1786704451.060171,25.636948,789,30.08,0.00,0.00,0.0000,0.000000,0.000000,0.00,0.00,0.0000,0.000000,0.000000
1786704451.105556,25.682333,790,30.08,0.00,0.00,0.0000,0.000000,0.000000,0.00,0.00,0.0000,0.000000,0.000000
1786704451.126918,25.703695,791,30.08,0.00,0.00,0.0000,0.000000,0.000000,0.00,0.00,0.0000,0.000000,0.000000
1786704451.153277,25.730053,792,30.08,0.00,0.00,0.0000,0.000000,0.000000,0.00,0.00,0.0000,0.000000,0.000000
1786704451.217959,25.794736,793,30.08,0.00,0.00,0.0000,0.000000,0.000000,0.00,0.00,0.0000,0.000000,0.000000
1786704451.230461,25.807237,794,30.08,0.00,0.00,0.0000,0.000000,0.000000,0.00,0.00,0.0000,0.000000,0.000000
1786704451.264412,25.841189,795,30.08,0.00,0.00,0.0000,0.000000,0.000000,0.00,0.00,0.0000,0.000000,0.000000
1786704451.296459,25.873236,796,30.08,0.00,0.00,0.0000,0.000000,0.000000,0.00,0.00,0.0000,0.000000,0.000000
1786704451.328122,25.904899,797,30.08,0.00,0.00,0.0000,0.000000,0.000000,0.00,0.00,0.0000,0.000000,0.000000
1786704451.360237,25.937014,798,30.08,0.00,0.00,0.0000,0.000000,0.000000,0.00,0.00,0.0000,0.000000,0.000000
1786704451.424968,26.001744,799,29.91,0.00,0.00,0.0000,0.000000,0.000000,0.00,0.00,0.0000,0.000000,0.000000
1786704451.440800,26.017577,800,29.91,0.00,0.00,0.0000,0.000000,0.000000,0.00,0.00,0.0000,0.000000,0.000000
1786704451.463899,26.040676,801,29.91,0.00,0.00,0.0000,0.000000,0.000000,0.00,0.00,0.0000,0.000000,0.000000
1786704451.501751,26.078528,802,29.91,0.00,0.00,0.0000,0.000000,0.000000,0.00,0.00,0.0000,0.000000,0.000000
1786704451.532757,26.109534,803,29.91,0.00,0.00,0.0000,0.000000,0.000000,0.00,0.00,0.0000,0.000000,0.000000
1786704451.580983,26.157760,804,29.91,0.00,0.00,0.0000,0.000000,0.000000,0.00,0.00,0.0000,0.000000,0.000000
1786704451.595645,26.172422,805,29.91,0.00,0.00,0.0000,0.000000,0.000000,0.00,0.00,0.0000,0.000000,0.000000
1786704451.643649,26.220425,806,29.91,0.00,0.00,0.0000,0.000000,0.000000,0.00,0.00,0.0000,0.000000,0.000000
1786704451.659874,26.236651,807,29.91,0.00,0.00,0.0000,0.000000,0.000000,0.00,0.00,0.0000,0.000000,0.000000
1786704451.705511,26.282288,808,29.91,0.00,0.00,0.0000,0.000000,0.000000,0.00,0.00,0.0000,0.000000,0.000000
1786704451.740668,26.317445,809,29.91,0.00,0.00,0.0000,0.000000,0.000000,0.00,0.00,0.0000,0.000000,0.000000
1786704451.756328,26.333105,810,29.91,0.00,0.00,0.0000,0.000000,0.000000,0.00,0.00,0.0000,0.000000,0.000000
1786704451.788192,26.364968,811,29.91,0.00,0.00,0.0000,0.000000,0.000000,0.00,0.00,0.0000,0.000000,0.000000
1786704451.836568,26.413345,812,29.91,0.00,0.00,0.0000,0.000000,0.000000,0.00,0.00,0.0000,0.000000,0.000000
1786704451.868315,26.445092,813,29.91,0.00,0.00,0.0000,0.000000,0.000000,0.00,0.00,0.0000,0.000000,0.000000
1786704451.900117,26.476894,814,29.91,0.00,0.00,0.0000,0.000000,0.000000,0.00,0.00,0.0000,0.000000,0.000000
1786704451.947988,26.524765,815,30.02,0.00,0.00,0.0000,0.000000,0.000000,0.00,0.00,0.0000,0.000000,0.000000
1786704451.980510,26.557287,816,30.02,0.00,0.00,0.0000,0.000000,0.000000,0.00,0.00,0.0000,0.000000,0.000000
1786704451.998656,26.575432,817,30.02,0.00,0.00,0.0000,0.000000,0.000000,0.00,0.00,0.0000,0.000000,0.000000
1786704452.035160,26.611937,818,30.02,0.00,0.00,0.0000,0.000000,0.000000,0.00,0.00,0.0000,0.000000,0.000000
1786704452.075249,26.652026,819,30.02,0.00,0.00,0.0000,0.000000,0.000000,0.00,0.00,0.0000,0.000000,0.000000
1786704452.091214,26.667991,820,30.02,0.00,0.00,0.0000,0.000000,0.000000,0.00,0.00,0.0000,0.000000,0.000000
1786704452.135684,26.712461,821,30.02,0.00,0.00,0.0000,0.000000,0.000000,0.00,0.00,0.0000,0.000000,0.000000
1786704452.170071,26.746848,822,30.02,0.00,0.00,0.0000,0.000000,0.000000,0.00,0.00,0.0000,0.000000,0.000000
1786704452.201466,26.778243,823,30.02,0.00,0.00,0.0000,0.000000,0.000000,0.00,0.00,0.0000,0.000000,0.000000
1786704452.233545,26.810322,824,30.02,0.00,0.00,0.0000,0.000000,0.000000,0.00,0.00,0.0000,0.000000,0.000000
1786704452.281913,26.858690,825,30.02,0.00,0.00,0.0000,0.000000,0.000000,0.00,0.00,0.0000,0.000000,0.000000
1786704452.297955,26.874732,826,30.02,0.00,0.00,0.0000,0.000000,0.000000,0.00,0.00,0.0000,0.000000,0.000000
1786704452.344966,26.921743,827,30.02,0.00,0.00,0.0000,0.000000,0.000000,0.00,0.00,0.0000,0.000000,0.000000
1786704452.360812,26.937589,828,30.02,0.00,0.00,0.0000,0.000000,0.000000,0.00,0.00,0.0000,0.000000,0.000000
1786704452.392687,26.969463,829,30.02,0.00,0.00,0.0000,0.000000,0.000000,0.00,0.00,0.0000,0.000000,0.000000
1786704452.442275,27.019052,830,30.02,0.00,0.00,0.0000,0.000000,0.000000,0.00,0.00,0.0000,0.000000,0.000000
1786704452.472078,27.048854,831,30.07,0.00,0.00,0.0000,0.000000,0.000000,0.00,0.00,0.0000,0.000000,0.000000
1786704452.503805,27.080581,832,30.07,0.00,0.00,0.0000,0.000000,0.000000,0.00,0.00,0.0000,0.000000,0.000000
1786704452.535217,27.111994,833,30.07,0.00,0.00,0.0000,0.000000,0.000000,0.00,0.00,0.0000,0.000000,0.000000
1786704452.559072,27.135849,834,30.07,0.00,0.00,0.0000,0.000000,0.000000,0.00,0.00,0.0000,0.000000,0.000000
1786704452.598962,27.175738,835,30.07,0.00,0.00,0.0000,0.000000,0.000000,0.00,0.00,0.0000,0.000000,0.000000
1786704452.646464,27.223240,836,30.07,0.00,0.00,0.0000,0.000000,0.000000,0.00,0.00,0.0000,0.000000,0.000000
1786704452.678021,27.254798,837,30.07,0.00,0.00,0.0000,0.000000,0.000000,0.00,0.00,0.0000,0.000000,0.000000
1786704452.725635,27.302412,838,30.07,0.00,0.00,0.0000,0.000000,0.000000,0.00,0.00,0.0000,0.000000,0.000000
1786704452.742311,27.319088,839,30.07,0.00,0.00,0.0000,0.000000,0.000000,0.00,0.00,0.0000,0.000000,0.000000
1786704452.768526,27.345303,840,30.07,0.00,0.00,0.0000,0.000000,0.000000,0.00,0.00,0.0000,0.000000,0.000000
1786704452.804811,27.381588,841,30.07,0.00,0.00,0.0000,0.000000,0.000000,0.00,0.00,0.0000,0.000000,0.000000
1786704452.837691,27.414468,842,30.07,0.00,0.00,0.0000,0.000000,0.000000,0.00,0.00,0.0000,0.000000,0.000000
1786704452.869180,27.445957,843,30.07,0.00,0.00,0.0000,0.000000,0.000000,0.00,0.00,0.0000,0.000000,0.000000
1786704452.901175,27.477952,844,30.07,0.00,0.00,0.0000,0.000000,0.000000,0.00,0.00,0.0000,0.000000,0.000000
1786704452.928390,27.505167,845,30.07,0.00,0.00,0.0000,0.000000,0.000000,0.00,0.00,0.0000,0.000000,0.000000
1786704452.962540,27.539316,846,30.07,0.00,0.00,0.0000,0.000000,0.000000,0.00,0.00,0.0000,0.000000,0.000000
1786704452.997776,27.574553,847,30.11,0.00,0.00,0.0000,0.000000,0.000000,0.00,0.00,0.0000,0.000000,0.000000
1786704453.029884,27.606660,848,30.11,0.00,0.00,0.0000,0.000000,0.000000,0.00,0.00,0.0000,0.000000,0.000000
1786704453.062353,27.639129,849,30.11,0.00,0.00,0.0000,0.000000,0.000000,0.00,0.00,0.0000,0.000000,0.000000
1786704453.094525,27.671302,850,30.11,0.00,0.00,0.0000,0.000000,0.000000,0.00,0.00,0.0000,0.000000,0.000000
1786704453.133231,27.710008,851,30.11,0.00,0.00,0.0000,0.000000,0.000000,0.00,0.00,0.0000,0.000000,0.000000
1786704453.144227,27.721004,852,30.11,0.00,0.00,0.0000,0.000000,0.000000,0.00,0.00,0.0000,0.000000,0.000000
1786704453.190192,27.766969,853,30.11,0.00,0.00,0.0000,0.000000,0.000000,0.00,0.00,0.0000,0.000000,0.000000
1786704453.239490,27.816266,854,30.11,0.00,0.00,0.0000,0.000000,0.000000,0.00,0.00,0.0000,0.000000,0.000000
1786704453.270617,27.847394,855,30.11,0.00,0.00,0.0000,0.000000,0.000000,0.00,0.00,0.0000,0.000000,0.000000
1786704453.303578,27.880355,856,30.11,0.00,0.00,0.0000,0.000000,0.000000,0.00,0.00,0.0000,0.000000,0.000000
1786704453.335238,27.912015,857,30.11,0.00,0.00,0.0000,0.000000,0.000000,0.00,0.00,0.0000,0.000000,0.000000
1786704453.366900,27.943677,858,30.11,0.00,0.00,0.0000,0.000000,0.000000,0.00,0.00,0.0000,0.000000,0.000000
1786704453.398184,27.974961,859,30.11,0.00,0.00,0.0000,0.000000,0.000000,0.00,0.00,0.0000,0.000000,0.000000
1786704453.429361,28.006138,860,30.11,0.00,0.00,0.0000,0.000000,0.000000,0.00,0.00,0.0000,0.000000,0.000000
1786704453.478511,28.055288,861,30.11,0.00,0.00,0.0000,0.000000,0.000000,0.00,0.00,0.0000,0.000000,0.000000
1786704453.515677,28.092454,862,29.89,0.00,0.00,0.0000,0.000000,0.000000,0.00,0.00,0.0000,0.000000,0.000000
1786704453.539534,28.116310,863,29.89,0.00,0.00,0.0000,0.000000,0.000000,0.00,0.00,0.0000,0.000000,0.000000
1786704453.571251,28.148028,864,29.89,0.00,0.00,0.0000,0.000000,0.000000,0.00,0.00,0.0000,0.000000,0.000000
1786704453.603445,28.180222,865,29.89,0.00,0.00,0.0000,0.000000,0.000000,0.00,0.00,0.0000,0.000000,0.000000
1786704453.624489,28.201266,866,29.89,0.00,0.00,0.0000,0.000000,0.000000,0.00,0.00,0.0000,0.000000,0.000000
1786704453.666236,28.243013,867,29.89,0.00,0.00,0.0000,0.000000,0.000000,0.00,0.00,0.0000,0.000000,0.000000
1786704453.709018,28.285795,868,29.89,0.00,0.00,0.0000,0.000000,0.000000,0.00,0.00,0.0000,0.000000,0.000000
1786704453.731155,28.307932,869,29.89,0.00,0.00,0.0000,0.000000,0.000000,0.00,0.00,0.0000,0.000000,0.000000
1786704453.768065,28.344842,870,29.89,0.00,0.00,0.0000,0.000000,0.000000,0.00,0.00,0.0000,0.000000,0.000000
1786704453.793787,28.370564,871,29.89,0.00,0.00,0.0000,0.000000,0.000000,0.00,0.00,0.0000,0.000000,0.000000
1786704453.842255,28.419032,872,29.89,0.00,0.00,0.0000,0.000000,0.000000,0.00,0.00,0.0000,0.000000,0.000000
1786704453.874224,28.451001,873,29.89,0.00,0.00,0.0000,0.000000,0.000000,0.00,0.00,0.0000,0.000000,0.000000
1786704453.897463,28.474240,874,29.89,0.00,0.00,0.0000,0.000000,0.000000,0.00,0.00,0.0000,0.000000,0.000000
1786704453.937444,28.514221,875,29.89,0.00,0.00,0.0000,0.000000,0.000000,0.00,0.00,0.0000,0.000000,0.000000
1786704453.999942,28.576719,876,29.89,0.00,0.00,0.0000,0.000000,0.000000,0.00,0.00,0.0000,0.000000,0.000000
1786704454.015886,28.592662,877,29.89,0.00,0.00,0.0000,0.000000,0.000000,0.00,0.00,0.0000,0.000000,0.000000
1786704454.047879,28.624655,878,29.92,0.00,0.00,0.0000,0.000000,0.000000,0.00,0.00,0.0000,0.000000,0.000000
1786704454.059904,28.636681,879,29.92,0.00,0.00,0.0000,0.000000,0.000000,0.00,0.00,0.0000,0.000000,0.000000
1786704454.112177,28.688954,880,29.92,0.00,0.00,0.0000,0.000000,0.000000,0.00,0.00,0.0000,0.000000,0.000000
1786704454.135891,28.712668,881,29.92,0.00,0.00,0.0000,0.000000,0.000000,0.00,0.00,0.0000,0.000000,0.000000
1786704454.175659,28.752436,882,29.92,0.00,0.00,0.0000,0.000000,0.000000,0.00,0.00,0.0000,0.000000,0.000000
1786704454.208460,28.785236,883,29.92,0.00,0.00,0.0000,0.000000,0.000000,0.00,0.00,0.0000,0.000000,0.000000
1786704454.240083,28.816859,884,29.92,0.00,0.00,0.0000,0.000000,0.000000,0.00,0.00,0.0000,0.000000,0.000000
1786704454.256739,28.833516,885,29.92,0.00,0.00,0.0000,0.000000,0.000000,0.00,0.00,0.0000,0.000000,0.000000
1786704454.295506,28.872283,886,29.92,0.00,0.00,0.0000,0.000000,0.000000,0.00,0.00,0.0000,0.000000,0.000000
1786704454.336047,28.912823,887,29.92,0.00,0.00,0.0000,0.000000,0.000000,0.00,0.00,0.0000,0.000000,0.000000
1786704454.357308,28.934085,888,29.92,0.00,0.00,0.0000,0.000000,0.000000,0.00,0.00,0.0000,0.000000,0.000000
1786704454.405213,28.981990,889,29.92,0.00,0.00,0.0000,0.000000,0.000000,0.00,0.00,0.0000,0.000000,0.000000
1786704454.431987,29.008764,890,29.92,0.00,0.00,0.0000,0.000000,0.000000,0.00,0.00,0.0000,0.000000,0.000000
1786704454.455549,29.032326,891,29.92,0.00,0.00,0.0000,0.000000,0.000000,0.00,0.00,0.0000,0.000000,0.000000
1786704454.496503,29.073280,892,29.92,0.00,0.00,0.0000,0.000000,0.000000,0.00,0.00,0.0000,0.000000,0.000000
1786704454.520177,29.096954,893,29.92,0.00,0.00,0.0000,0.000000,0.000000,0.00,0.00,0.0000,0.000000,0.000000
1786704454.576499,29.153275,894,30.00,0.00,0.00,0.0000,0.000000,0.000000,0.00,0.00,0.0000,0.000000,0.000000
1786704454.592026,29.168803,895,30.00,0.00,0.00,0.0000,0.000000,0.000000,0.00,0.00,0.0000,0.000000,0.000000
1786704454.639777,29.216554,896,30.00,0.00,0.00,0.0000,0.000000,0.000000,0.00,0.00,0.0000,0.000000,0.000000
1786704454.658220,29.234997,897,30.00,0.00,0.00,0.0000,0.000000,0.000000,0.00,0.00,0.0000,0.000000,0.000000
1786704454.703134,29.279910,898,30.00,0.00,0.00,0.0000,0.000000,0.000000,0.00,0.00,0.0000,0.000000,0.000000
1786704454.735327,29.312104,899,30.00,0.00,0.00,0.0000,0.000000,0.000000,0.00,0.00,0.0000,0.000000,0.000000
1786704454.783050,29.359827,900,30.00,0.00,0.00,0.0000,0.000000,0.000000,0.00,0.00,0.0000,0.000000,0.000000
1786704454.814803,29.391580,901,30.00,0.00,0.00,0.0000,0.000000,0.000000,0.00,0.00,0.0000,0.000000,0.000000
1786704454.830674,29.407451,902,30.00,0.00,0.00,0.0000,0.000000,0.000000,0.00,0.00,0.0000,0.000000,0.000000
1786704454.867263,29.444039,903,30.00,0.00,0.00,0.0000,0.000000,0.000000,0.00,0.00,0.0000,0.000000,0.000000
1786704454.893920,29.470697,904,30.00,0.00,0.00,0.0000,0.000000,0.000000,0.00,0.00,0.0000,0.000000,0.000000
1786704454.925753,29.502530,905,30.00,0.00,0.00,0.0000,0.000000,0.000000,0.00,0.00,0.0000,0.000000,0.000000
1786704454.975445,29.552222,906,30.00,0.00,0.00,0.0000,0.000000,0.000000,0.00,0.00,0.0000,0.000000,0.000000
1786704455.015067,29.591844,907,30.00,0.00,0.00,0.0000,0.000000,0.000000,0.00,0.00,0.0000,0.000000,0.000000
1786704455.039263,29.616040,908,30.00,0.00,0.00,0.0000,0.000000,0.000000,0.00,0.00,0.0000,0.000000,0.000000
1786704455.070777,29.647554,909,30.00,0.00,0.00,0.0000,0.000000,0.000000,0.00,0.00,0.0000,0.000000,0.000000
1786704455.118512,29.695289,910,29.99,0.00,0.00,0.0000,0.000000,0.000000,0.00,0.00,0.0000,0.000000,0.000000
1786704455.121261,29.698038,911,29.99,0.00,0.00,0.0000,0.000000,0.000000,0.00,0.00,0.0000,0.000000,0.000000
1786704455.166209,29.742985,912,29.99,0.00,0.00,0.0000,0.000000,0.000000,0.00,0.00,0.0000,0.000000,0.000000
1786704455.214121,29.790897,913,29.99,0.00,0.00,0.0000,0.000000,0.000000,0.00,0.00,0.0000,0.000000,0.000000
1786704455.216906,29.793683,914,29.99,0.00,0.00,0.0000,0.000000,0.000000,0.00,0.00,0.0000,0.000000,0.000000
1786704455.276946,29.853723,915,29.99,0.00,0.00,0.0000,0.000000,0.000000,0.00,0.00,0.0000,0.000000,0.000000
1786704455.309807,29.886583,916,29.99,0.00,0.00,0.0000,0.000000,0.000000,0.00,0.00,0.0000,0.000000,0.000000
1786704455.323323,29.900099,917,29.99,0.00,0.00,0.0000,0.000000,0.000000,0.00,0.00,0.0000,0.000000,0.000000
1786704455.373652,29.950428,918,29.99,0.00,0.00,0.0000,0.000000,0.000000,0.00,0.00,0.0000,0.000000,0.000000
1786704455.405534,29.982311,919,29.99,0.00,0.00,0.0000,0.000000,0.000000,0.00,0.00,0.0000,0.000000,0.000000
1786704455.452891,30.029668,920,29.99,0.00,0.00,0.0000,0.000000,0.000000,0.00,0.00,0.0000,0.000000,0.000000
1786704455.468534,30.045310,921,29.99,0.00,0.00,0.0000,0.000000,0.000000,0.00,0.00,0.0000,0.000000,0.000000
1786704455.492884,30.069660,922,29.99,0.00,0.00,0.0000,0.000000,0.000000,0.00,0.00,0.0000,0.000000,0.000000
1786704455.529904,30.106680,923,29.99,0.00,0.00,0.0000,0.000000,0.000000,0.00,0.00,0.0000,0.000000,0.000000
1786704455.577978,30.154755,924,29.99,0.00,0.00,0.0000,0.000000,0.000000,0.00,0.00,0.0000,0.000000,0.000000
1786704455.591472,30.168248,925,29.99,0.00,0.00,0.0000,0.000000,0.000000,0.00,0.00,0.0000,0.000000,0.000000
1786704455.641655,30.218431,926,30.02,0.00,0.00,0.0000,0.000000,0.000000,0.00,0.00,0.0000,0.000000,0.000000
1786704455.673334,30.250111,927,30.02,0.00,0.00,0.0000,0.000000,0.000000,0.00,0.00,0.0000,0.000000,0.000000
1786704455.696693,30.273470,928,30.02,0.00,0.00,0.0000,0.000000,0.000000,0.00,0.00,0.0000,0.000000,0.000000
1786704455.752298,30.329075,929,30.02,0.00,0.00,0.0000,0.000000,0.000000,0.00,0.00,0.0000,0.000000,0.000000
1786704455.770632,30.347409,930,30.02,0.00,0.00,0.0000,0.000000,0.000000,0.00,0.00,0.0000,0.000000,0.000000
1786704455.802245,30.379022,931,30.02,0.00,0.00,0.0000,0.000000,0.000000,0.00,0.00,0.0000,0.000000,0.000000
1786704455.815857,30.392634,932,30.02,0.00,0.00,0.0000,0.000000,0.000000,0.00,0.00,0.0000,0.000000,0.000000
1786704455.863893,30.440670,933,30.02,0.00,0.00,0.0000,0.000000,0.000000,0.00,0.00,0.0000,0.000000,0.000000
1786704455.912349,30.489126,934,30.02,0.00,0.00,0.0000,0.000000,0.000000,0.00,0.00,0.0000,0.000000,0.000000
1786704455.933086,30.509863,935,30.02,0.00,0.00,0.0000,0.000000,0.000000,0.00,0.00,0.0000,0.000000,0.000000
1786704455.965940,30.542717,936,30.02,0.00,0.00,0.0000,0.000000,0.000000,0.00,0.00,0.0000,0.000000,0.000000
1786704455.992157,30.568933,937,30.02,0.00,0.00,0.0000,0.000000,0.000000,0.00,0.00,0.0000,0.000000,0.000000
1786704456.032058,30.608834,938,30.02,0.00,0.00,0.0000,0.000000,0.000000,0.00,0.00,0.0000,0.000000,0.000000
1786704456.071078,30.647855,939,30.02,0.00,0.00,0.0000,0.000000,0.000000,0.00,0.00,0.0000,0.000000,0.000000
1786704456.087098,30.663875,940,30.02,0.00,0.00,0.0000,0.000000,0.000000,0.00,0.00,0.0000,0.000000,0.000000
1786704456.152255,30.729031,941,29.90,0.00,0.00,0.0000,0.000000,0.000000,0.00,0.00,0.0000,0.000000,0.000000
1786704456.167819,30.744596,942,29.90,0.00,0.00,0.0000,0.000000,0.000000,0.00,0.00,0.0000,0.000000,0.000000
1786704456.199955,30.776732,943,29.90,0.00,0.00,0.0000,0.000000,0.000000,0.00,0.00,0.0000,0.000000,0.000000
1786704456.231758,30.808534,944,29.90,0.00,0.00,0.0000,0.000000,0.000000,0.00,0.00,0.0000,0.000000,0.000000
1786704456.261104,30.837881,945,29.90,0.00,0.00,0.0000,0.000000,0.000000,0.00,0.00,0.0000,0.000000,0.000000
1786704456.295958,30.872735,946,29.90,0.00,0.00,0.0000,0.000000,0.000000,0.00,0.00,0.0000,0.000000,0.000000
1786704456.343529,30.920306,947,29.90,0.00,0.00,0.0000,0.000000,0.000000,0.00,0.00,0.0000,0.000000,0.000000
1786704456.355203,30.931979,948,29.90,0.00,0.00,0.0000,0.000000,0.000000,0.00,0.00,0.0000,0.000000,0.000000
1786704456.398025,30.974801,949,29.90,0.00,0.00,0.0000,0.000000,0.000000,0.00,0.00,0.0000,0.000000,0.000000
1786704456.422192,30.998968,950,29.90,0.00,0.00,0.0000,0.000000,0.000000,0.00,0.00,0.0000,0.000000,0.000000
1786704456.471049,31.047826,951,29.90,0.00,0.00,0.0000,0.000000,0.000000,0.00,0.00,0.0000,0.000000,0.000000
1786704456.492102,31.068879,952,29.90,0.00,0.00,0.0000,0.000000,0.000000,0.00,0.00,0.0000,0.000000,0.000000
1786704456.567516,31.144293,953,29.90,0.00,0.00,0.0000,0.000000,0.000000,0.00,0.00,0.0000,0.000000,0.000000
1786704456.584176,31.160953,954,29.90,0.00,0.00,0.0000,0.000000,0.000000,0.00,0.00,0.0000,0.000000,0.000000
1786704456.593990,31.170767,955,29.90,0.00,0.00,0.0000,0.000000,0.000000,0.00,0.00,0.0000,0.000000,0.000000
1786704456.631002,31.207779,956,29.90,0.00,0.00,0.0000,0.000000,0.000000,0.00,0.00,0.0000,0.000000,0.000000
1786704456.654902,31.231679,957,30.31,0.00,0.00,0.0000,0.000000,0.000000,0.00,0.00,0.0000,0.000000,0.000000
1786704456.719461,31.296238,959,30.31,0.00,0.00,0.0000,0.000000,0.000000,0.00,0.00,0.0000,0.000000,0.000000
1786704456.766088,31.342864,960,30.31,0.00,0.00,0.0000,0.000000,0.000000,0.00,0.00,0.0000,0.000000,0.000000
1786704456.791383,31.368160,961,30.31,0.00,0.00,0.0000,0.000000,0.000000,0.00,0.00,0.0000,0.000000,0.000000
1786704456.826738,31.403515,962,30.31,0.00,0.00,0.0000,0.000000,0.000000,0.00,0.00,0.0000,0.000000,0.000000
1786704456.869708,31.446484,963,30.31,0.00,0.00,0.0000,0.000000,0.000000,0.00,0.00,0.0000,0.000000,0.000000
1786704456.902099,31.478876,964,30.31,0.00,0.00,0.0000,0.000000,0.000000,0.00,0.00,0.0000,0.000000,0.000000
1786704456.933521,31.510298,965,30.31,0.00,0.00,0.0000,0.000000,0.000000,0.00,0.00,0.0000,0.000000,0.000000
1786704456.959830,31.536606,966,30.31,0.00,0.00,0.0000,0.000000,0.000000,0.00,0.00,0.0000,0.000000,0.000000
1786704456.997103,31.573880,967,30.31,0.00,0.00,0.0000,0.000000,0.000000,0.00,0.00,0.0000,0.000000,0.000000
1786704457.025455,31.602232,968,30.31,0.00,0.00,0.0000,0.000000,0.000000,0.00,0.00,0.0000,0.000000,0.000000
1786704457.077796,31.654572,969,30.31,0.00,0.00,0.0000,0.000000,0.000000,0.00,0.00,0.0000,0.000000,0.000000
1786704457.109084,31.685861,970,30.31,0.00,0.00,0.0000,0.000000,0.000000,0.00,0.00,0.0000,0.000000,0.000000
1786704457.129794,31.706571,971,30.31,0.00,0.00,0.0000,0.000000,0.000000,0.00,0.00,0.0000,0.000000,0.000000
1786704457.172899,31.749676,972,29.72,0.00,0.00,0.0000,0.000000,0.000000,0.00,0.00,0.0000,0.000000,0.000000
1786704457.203994,31.780771,973,29.72,0.00,0.00,0.0000,0.000000,0.000000,0.00,0.00,0.0000,0.000000,0.000000
1786704457.222116,31.798892,974,29.72,0.00,0.00,0.0000,0.000000,0.000000,0.00,0.00,0.0000,0.000000,0.000000
1786704457.268740,31.845517,975,29.72,0.00,0.00,0.0000,0.000000,0.000000,0.00,0.00,0.0000,0.000000,0.000000
1786704457.300464,31.877241,976,29.72,0.00,0.00,0.0000,0.000000,0.000000,0.00,0.00,0.0000,0.000000,0.000000
1786704457.332199,31.908976,977,29.72,0.00,0.00,0.0000,0.000000,0.000000,0.00,0.00,0.0000,0.000000,0.000000
1786704457.364507,31.941283,978,29.72,0.00,0.00,0.0000,0.000000,0.000000,0.00,0.00,0.0000,0.000000,0.000000
1786704457.413371,31.990148,979,29.72,0.00,0.00,0.0000,0.000000,0.000000,0.00,0.00,0.0000,0.000000,0.000000
1786704457.428794,32.005571,980,29.72,0.00,0.00,0.0000,0.000000,0.000000,0.00,0.00,0.0000,0.000000,0.000000
1786704457.460713,32.037489,981,29.72,0.00,0.00,0.0000,0.000000,0.000000,0.00,0.00,0.0000,0.000000,0.000000
1786704457.499881,32.076657,982,29.72,0.00,0.00,0.0000,0.000000,0.000000,0.00,0.00,0.0000,0.000000,0.000000
1786704457.528938,32.105715,983,29.72,0.00,0.00,0.0000,0.000000,0.000000,0.00,0.00,0.0000,0.000000,0.000000
1786704457.555607,32.132383,984,29.72,0.00,0.00,0.0000,0.000000,0.000000,0.00,0.00,0.0000,0.000000,0.000000
1786704457.608521,32.185297,985,29.72,0.00,0.00,0.0000,0.000000,0.000000,0.00,0.00,0.0000,0.000000,0.000000
1786704457.640173,32.216949,986,29.72,0.00,0.00,0.0000,0.000000,0.000000,0.00,0.00,0.0000,0.000000,0.000000
1786704457.672910,32.249687,987,29.66,0.00,0.00,0.0000,0.000000,0.000000,0.00,0.00,0.0000,0.000000,0.000000
1786704457.704171,32.280947,988,29.66,0.00,0.00,0.0000,0.000000,0.000000,0.00,0.00,0.0000,0.000000,0.000000
1786704457.722972,32.299749,989,29.66,0.00,0.00,0.0000,0.000000,0.000000,0.00,0.00,0.0000,0.000000,0.000000
1786704457.767617,32.344394,990,29.66,0.00,0.00,0.0000,0.000000,0.000000,0.00,0.00,0.0000,0.000000,0.000000
1786704457.828392,32.405169,991,29.66,0.00,0.00,0.0000,0.000000,0.000000,0.00,0.00,0.0000,0.000000,0.000000
1786704457.831906,32.408683,992,29.66,0.00,0.00,0.0000,0.000000,0.000000,0.00,0.00,0.0000,0.000000,0.000000
1786704457.863759,32.440536,993,29.66,0.00,0.00,0.0000,0.000000,0.000000,0.00,0.00,0.0000,0.000000,0.000000
1786704457.892837,32.469614,994,29.66,0.00,0.00,0.0000,0.000000,0.000000,0.00,0.00,0.0000,0.000000,0.000000
1786704457.943968,32.520745,995,29.66,0.00,0.00,0.0000,0.000000,0.000000,0.00,0.00,0.0000,0.000000,0.000000
1786704457.959692,32.536469,996,29.66,0.00,0.00,0.0000,0.000000,0.000000,0.00,0.00,0.0000,0.000000,0.000000
1786704458.008105,32.584882,997,29.66,0.00,0.00,0.0000,0.000000,0.000000,0.00,0.00,0.0000,0.000000,0.000000
1786704458.040434,32.617211,998,29.66,0.00,0.00,0.0000,0.000000,0.000000,0.00,0.00,0.0000,0.000000,0.000000
1786704458.087283,32.664060,999,29.66,0.00,0.00,0.0000,0.000000,0.000000,0.00,0.00,0.0000,0.000000,0.000000
1786704458.098545,32.675322,1000,29.66,0.00,0.00,0.0000,0.000000,0.000000,0.00,0.00,0.0000,0.000000,0.000000
1786704458.135612,32.712389,1001,29.66,0.00,0.00,0.0000,0.000000,0.000000,0.00,0.00,0.0000,0.000000,0.000000
1786704458.182889,32.759665,1002,29.64,0.00,0.00,0.0000,0.000000,0.000000,0.00,0.00,0.0000,0.000000,0.000000
1786704458.185565,32.762341,1003,29.64,0.00,0.00,0.0000,0.000000,0.000000,0.00,0.00,0.0000,0.000000,0.000000
1786704458.231393,32.808170,1004,29.64,0.00,0.00,0.0000,0.000000,0.000000,0.00,0.00,0.0000,0.000000,0.000000
1786704458.263799,32.840576,1005,29.64,0.00,0.00,0.0000,0.000000,0.000000,0.00,0.00,0.0000,0.000000,0.000000
1786704458.296115,32.872892,1006,29.64,0.00,0.00,0.0000,0.000000,0.000000,0.00,0.00,0.0000,0.000000,0.000000
1786704458.335383,32.912159,1007,29.64,0.00,0.00,0.0000,0.000000,0.000000,0.00,0.00,0.0000,0.000000,0.000000
1786704458.364769,32.941545,1008,29.64,0.00,0.00,0.0000,0.000000,0.000000,0.00,0.00,0.0000,0.000000,0.000000
1786704458.391221,32.967998,1009,29.64,0.00,0.00,0.0000,0.000000,0.000000,0.00,0.00,0.0000,0.000000,0.000000
1786704458.439047,33.015824,1010,29.64,0.00,0.00,0.0000,0.000000,0.000000,0.00,0.00,0.0000,0.000000,0.000000
1786704458.470750,33.047527,1011,29.64,0.00,0.00,0.0000,0.000000,0.000000,0.00,0.00,0.0000,0.000000,0.000000
1786704458.503304,33.080080,1012,29.64,0.00,0.00,0.0000,0.000000,0.000000,0.00,0.00,0.0000,0.000000,0.000000
1786704458.551503,33.128279,1013,29.64,0.00,0.00,0.0000,0.000000,0.000000,0.00,0.00,0.0000,0.000000,0.000000
1786704458.553553,33.130330,1014,29.64,0.00,0.00,0.0000,0.000000,0.000000,0.00,0.00,0.0000,0.000000,0.000000
1786704458.599549,33.176326,1015,29.64,0.00,0.00,0.0000,0.000000,0.000000,0.00,0.00,0.0000,0.000000,0.000000
1786704458.631046,33.207823,1016,29.64,0.00,0.00,0.0000,0.000000,0.000000,0.00,0.00,0.0000,0.000000,0.000000
1786704458.678256,33.255032,1017,29.64,0.00,0.00,0.0000,0.000000,0.000000,0.00,0.00,0.0000,0.000000,0.000000
1786704458.705077,33.281854,1018,29.89,0.00,0.00,0.0000,0.000000,0.000000,0.00,0.00,0.0000,0.000000,0.000000
1786704458.723927,33.300704,1019,29.89,0.00,0.00,0.0000,0.000000,0.000000,0.00,0.00,0.0000,0.000000,0.000000
1786704458.775039,33.351815,1020,29.89,0.00,0.00,0.0000,0.000000,0.000000,0.00,0.00,0.0000,0.000000,0.000000
1786704458.800760,33.377536,1021,29.89,0.00,0.00,0.0000,0.000000,0.000000,0.00,0.00,0.0000,0.000000,0.000000
1786704458.837441,33.414218,1022,29.89,0.00,0.00,0.0000,0.000000,0.000000,0.00,0.00,0.0000,0.000000,0.000000
1786704458.868799,33.445576,1023,29.89,0.00,0.00,0.0000,0.000000,0.000000,0.00,0.00,0.0000,0.000000,0.000000
1786704458.900643,33.477420,1024,29.89,0.00,0.00,0.0000,0.000000,0.000000,0.00,0.00,0.0000,0.000000,0.000000
1786704458.932554,33.509331,1025,29.89,0.00,0.00,0.0000,0.000000,0.000000,0.00,0.00,0.0000,0.000000,0.000000
1786704458.964409,33.541186,1026,29.89,0.00,0.00,0.0000,0.000000,0.000000,0.00,0.00,0.0000,0.000000,0.000000
1786704459.012352,33.589129,1027,29.89,0.00,0.00,0.0000,0.000000,0.000000,0.00,0.00,0.0000,0.000000,0.000000
1786704459.043964,33.620741,1028,29.89,0.00,0.00,0.0000,0.000000,0.000000,0.00,0.00,0.0000,0.000000,0.000000
1786704459.065090,33.641866,1029,29.89,0.00,0.00,0.0000,0.000000,0.000000,0.00,0.00,0.0000,0.000000,0.000000
1786704459.120370,33.697147,1030,29.89,0.00,0.00,0.0000,0.000000,0.000000,0.00,0.00,0.0000,0.000000,0.000000
1786704459.134005,33.710781,1031,29.89,0.00,0.00,0.0000,0.000000,0.000000,0.00,0.00,0.0000,0.000000,0.000000
1786704459.166632,33.743409,1032,29.89,0.00,0.00,0.0000,0.000000,0.000000,0.00,0.00,0.0000,0.000000,0.000000
1786704459.204031,33.780808,1033,29.87,0.00,0.00,0.0000,0.000000,0.000000,0.00,0.00,0.0000,0.000000,0.000000
1786704459.224660,33.801437,1034,29.87,0.00,0.00,0.0000,0.000000,0.000000,0.00,0.00,0.0000,0.000000,0.000000
1786704459.267298,33.844074,1035,29.87,0.00,0.00,0.0000,0.000000,0.000000,0.00,0.00,0.0000,0.000000,0.000000
1786704459.290263,33.867039,1036,29.87,0.00,0.00,0.0000,0.000000,0.000000,0.00,0.00,0.0000,0.000000,0.000000
1786704459.322200,33.898977,1037,29.87,0.00,0.00,0.0000,0.000000,0.000000,0.00,0.00,0.0000,0.000000,0.000000
1786704459.361720,33.938497,1038,29.87,0.00,0.00,0.0000,0.000000,0.000000,0.00,0.00,0.0000,0.000000,0.000000
1786704459.399393,33.976170,1039,29.87,0.00,0.00,0.0000,0.000000,0.000000,0.00,0.00,0.0000,0.000000,0.000000
1786704459.441704,34.018481,1040,29.87,0.00,0.00,0.0000,0.000000,0.000000,0.00,0.00,0.0000,0.000000,0.000000
1786704459.472873,34.049649,1041,29.87,0.00,0.00,0.0000,0.000000,0.000000,0.00,0.00,0.0000,0.000000,0.000000
1786704459.490553,34.067329,1042,29.87,0.00,0.00,0.0000,0.000000,0.000000,0.00,0.00,0.0000,0.000000,0.000000
1786704459.525076,34.101853,1043,29.87,0.00,0.00,0.0000,0.000000,0.000000,0.00,0.00,0.0000,0.000000,0.000000
1786704459.564339,34.141115,1044,29.87,0.00,0.00,0.0000,0.000000,0.000000,0.00,0.00,0.0000,0.000000,0.000000
1786704459.595852,34.172629,1045,29.87,0.00,0.00,0.0000,0.000000,0.000000,0.00,0.00,0.0000,0.000000,0.000000
1786704459.643566,34.220342,1046,29.87,0.00,0.00,0.0000,0.000000,0.000000,0.00,0.00,0.0000,0.000000,0.000000
1786704459.660252,34.237029,1047,29.87,0.00,0.00,0.0000,0.000000,0.000000,0.00,0.00,0.0000,0.000000,0.000000
1786704459.690783,34.267560,1048,29.87,0.00,0.00,0.0000,0.000000,0.000000,0.00,0.00,0.0000,0.000000,0.000000
1786704459.739516,34.316292,1049,29.84,0.00,0.00,0.0000,0.000000,0.000000,0.00,0.00,0.0000,0.000000,0.000000
1786704459.754959,34.331736,1050,29.84,0.00,0.00,0.0000,0.000000,0.000000,0.00,0.00,0.0000,0.000000,0.000000
1786704459.793460,34.370237,1051,29.84,0.00,0.00,0.0000,0.000000,0.000000,0.00,0.00,0.0000,0.000000,0.000000
1786704459.834535,34.411312,1052,29.84,0.00,0.00,0.0000,0.000000,0.000000,0.00,0.00,0.0000,0.000000,0.000000
1786704459.867459,34.444236,1053,29.84,0.00,0.00,0.0000,0.000000,0.000000,0.00,0.00,0.0000,0.000000,0.000000
1786704459.898613,34.475390,1054,29.84,0.00,0.00,0.0000,0.000000,0.000000,0.00,0.00,0.0000,0.000000,0.000000
1786704459.928391,34.505168,1055,29.84,0.00,0.00,0.0000,0.000000,0.000000,0.00,0.00,0.0000,0.000000,0.000000
1786704459.971280,34.548057,1056,29.84,0.00,0.00,0.0000,0.000000,0.000000,0.00,0.00,0.0000,0.000000,0.000000
1786704459.998008,34.574785,1057,29.84,0.00,0.00,0.0000,0.000000,0.000000,0.00,0.00,0.0000,0.000000,0.000000
1786704460.042231,34.619008,1058,29.84,0.00,0.00,0.0000,0.000000,0.000000,0.00,0.00,0.0000,0.000000,0.000000
1786704460.074446,34.651223,1059,29.84,0.00,0.00,0.0000,0.000000,0.000000,0.00,0.00,0.0000,0.000000,0.000000
1786704460.090095,34.666872,1060,29.84,0.00,0.00,0.0000,0.000000,0.000000,0.00,0.00,0.0000,0.000000,0.000000
1786704460.138684,34.715460,1061,29.84,0.00,0.00,0.0000,0.000000,0.000000,0.00,0.00,0.0000,0.000000,0.000000
1786704460.157297,34.734074,1062,29.84,0.00,0.00,0.0000,0.000000,0.000000,0.00,0.00,0.0000,0.000000,0.000000
1786704460.202263,34.779040,1063,29.84,0.00,0.00,0.0000,0.000000,0.000000,0.00,0.00,0.0000,0.000000,0.000000
1786704460.234948,34.811725,1064,29.84,0.00,0.00,0.0000,0.000000,0.000000,0.00,0.00,0.0000,0.000000,0.000000
1786704460.263801,34.840577,1065,30.10,0.00,0.00,0.0000,0.000000,0.000000,0.00,0.00,0.0000,0.000000,0.000000
1786704460.298852,34.875629,1066,30.10,0.00,0.00,0.0000,0.000000,0.000000,0.00,0.00,0.0000,0.000000,0.000000
1786704460.330786,34.907563,1067,30.10,0.00,0.00,0.0000,0.000000,0.000000,0.00,0.00,0.0000,0.000000,0.000000
1786704460.394937,34.971714,1068,30.10,0.00,0.00,0.0000,0.000000,0.000000,0.00,0.00,0.0000,0.000000,0.000000
1786704460.410375,34.987152,1069,30.10,0.00,0.00,0.0000,0.000000,0.000000,0.00,0.00,0.0000,0.000000,0.000000
1786704460.417295,34.994071,1070,30.10,0.00,0.00,0.0000,0.000000,0.000000,0.00,0.00,0.0000,0.000000,0.000000
1786704460.459164,35.035940,1071,30.10,0.00,0.00,0.0000,0.000000,0.000000,0.00,0.00,0.0000,0.000000,0.000000
1786704460.507644,35.084421,1072,30.10,0.00,0.00,0.0000,0.000000,0.000000,0.00,0.00,0.0000,0.000000,0.000000
1786704460.539287,35.116064,1073,30.10,0.00,0.00,0.0000,0.000000,0.000000,0.00,0.00,0.0000,0.000000,0.000000
1786704460.571258,35.148035,1074,30.10,0.00,0.00,0.0000,0.000000,0.000000,0.00,0.00,0.0000,0.000000,0.000000
1786704460.611647,35.188424,1075,30.10,0.00,0.00,0.0000,0.000000,0.000000,0.00,0.00,0.0000,0.000000,0.000000
1786704460.634553,35.211330,1076,30.10,0.00,0.00,0.0000,0.000000,0.000000,0.00,0.00,0.0000,0.000000,0.000000
1786704460.660670,35.237447,1077,30.10,0.00,0.00,0.0000,0.000000,0.000000,0.00,0.00,0.0000,0.000000,0.000000
1786704460.713510,35.290287,1078,30.10,0.00,0.00,0.0000,0.000000,0.000000,0.00,0.00,0.0000,0.000000,0.000000
1786704460.740094,35.316870,1079,30.10,0.00,0.00,0.0000,0.000000,0.000000,0.00,0.00,0.0000,0.000000,0.000000
1786704460.775934,35.352711,1080,29.84,0.00,0.00,0.0000,0.000000,0.000000,0.00,0.00,0.0000,0.000000,0.000000
1786704460.807320,35.384097,1081,29.84,0.00,0.00,0.0000,0.000000,0.000000,0.00,0.00,0.0000,0.000000,0.000000
1786704460.839412,35.416189,1082,29.84,0.00,0.00,0.0000,0.000000,0.000000,0.00,0.00,0.0000,0.000000,0.000000
1786704460.855305,35.432082,1083,29.84,0.00,0.00,0.0000,0.000000,0.000000,0.00,0.00,0.0000,0.000000,0.000000
1786704460.895339,35.472116,1084,29.84,0.00,0.00,0.0000,0.000000,0.000000,0.00,0.00,0.0000,0.000000,0.000000
1786704460.951385,35.528162,1085,29.84,0.00,0.00,0.0000,0.000000,0.000000,0.00,0.00,0.0000,0.000000,0.000000
1786704460.957955,35.534731,1086,29.84,0.00,0.00,0.0000,0.000000,0.000000,0.00,0.00,0.0000,0.000000,0.000000
1786704460.999830,35.576607,1087,29.84,0.00,0.00,0.0000,0.000000,0.000000,0.00,0.00,0.0000,0.000000,0.000000
1786704461.046825,35.623602,1088,29.84,0.00,0.00,0.0000,0.000000,0.000000,0.00,0.00,0.0000,0.000000,0.000000
1786704461.049460,35.626237,1089,29.84,0.00,0.00,0.0000,0.000000,0.000000,0.00,0.00,0.0000,0.000000,0.000000
1786704461.100266,35.677043,1090,29.84,0.00,0.00,0.0000,0.000000,0.000000,0.00,0.00,0.0000,0.000000,0.000000
1786704461.126906,35.703683,1091,29.84,0.00,0.00,0.0000,0.000000,0.000000,0.00,0.00,0.0000,0.000000,0.000000
1786704461.163889,35.740666,1092,29.84,0.00,0.00,0.0000,0.000000,0.000000,0.00,0.00,0.0000,0.000000,0.000000
1786704461.200418,35.777194,1093,29.84,0.00,0.00,0.0000,0.000000,0.000000,0.00,0.00,0.0000,0.000000,0.000000
1786704461.238437,35.815214,1094,29.84,0.00,0.00,0.0000,0.000000,0.000000,0.00,0.00,0.0000,0.000000,0.000000
1786704461.259312,35.836089,1095,29.84,0.00,0.00,0.0000,0.000000,0.000000,0.00,0.00,0.0000,0.000000,0.000000
1786704461.302781,35.879557,1096,29.94,0.00,0.00,0.0000,0.000000,0.000000,0.00,0.00,0.0000,0.000000,0.000000
1786704461.334629,35.911406,1097,29.94,0.00,0.00,0.0000,0.000000,0.000000,0.00,0.00,0.0000,0.000000,0.000000
1786704461.382334,35.959110,1098,29.94,0.00,0.00,0.0000,0.000000,0.000000,0.00,0.00,0.0000,0.000000,0.000000
1786704461.398008,35.974785,1099,29.94,0.00,0.00,0.0000,0.000000,0.000000,0.00,0.00,0.0000,0.000000,0.000000
1786704461.446720,36.023496,1100,29.94,0.00,0.00,0.0000,0.000000,0.000000,0.00,0.00,0.0000,0.000000,0.000000
1786704461.464995,36.041772,1101,29.94,0.00,0.00,0.0000,0.000000,0.000000,0.00,0.00,0.0000,0.000000,0.000000
1786704461.494265,36.071042,1102,29.94,0.00,0.00,0.0000,0.000000,0.000000,0.00,0.00,0.0000,0.000000,0.000000
1786704461.527795,36.104571,1103,29.94,0.00,0.00,0.0000,0.000000,0.000000,0.00,0.00,0.0000,0.000000,0.000000
1786704461.573177,36.149953,1104,29.94,0.00,0.00,0.0000,0.000000,0.000000,0.00,0.00,0.0000,0.000000,0.000000
1786704461.591813,36.168589,1105,29.94,0.00,0.00,0.0000,0.000000,0.000000,0.00,0.00,0.0000,0.000000,0.000000
1786704461.631478,36.208254,1106,29.94,0.00,0.00,0.0000,0.000000,0.000000,0.00,0.00,0.0000,0.000000,0.000000
1786704461.680023,36.256800,1107,29.94,0.00,0.00,0.0000,0.000000,0.000000,0.00,0.00,0.0000,0.000000,0.000000
1786704461.692791,36.269568,1108,29.94,0.00,0.00,0.0000,0.000000,0.000000,0.00,0.00,0.0000,0.000000,0.000000
1786704461.726415,36.303192,1109,29.94,0.00,0.00,0.0000,0.000000,0.000000,0.00,0.00,0.0000,0.000000,0.000000
1786704461.777179,36.353955,1110,29.94,0.00,0.00,0.0000,0.000000,0.000000,0.00,0.00,0.0000,0.000000,0.000000
1786704461.793863,36.370640,1111,29.94,0.00,0.00,0.0000,0.000000,0.000000,0.00,0.00,0.0000,0.000000,0.000000
1786704461.832736,36.409513,1112,30.00,0.00,0.00,0.0000,0.000000,0.000000,0.00,0.00,0.0000,0.000000,0.000000
1786704461.870993,36.447770,1113,30.00,0.00,0.00,0.0000,0.000000,0.000000,0.00,0.00,0.0000,0.000000,0.000000
1786704461.892888,36.469665,1114,30.00,0.00,0.00,0.0000,0.000000,0.000000,0.00,0.00,0.0000,0.000000,0.000000
1786704461.930484,36.507261,1115,30.00,0.00,0.00,0.0000,0.000000,0.000000,0.00,0.00,0.0000,0.000000,0.000000
1786704461.956519,36.533296,1116,30.00,0.00,0.00,0.0000,0.000000,0.000000,0.00,0.00,0.0000,0.000000,0.000000
1786704462.006087,36.582864,1117,30.00,0.00,0.00,0.0000,0.000000,0.000000,0.00,0.00,0.0000,0.000000,0.000000
1786704462.026485,36.603261,1118,30.00,0.00,0.00,0.0000,0.000000,0.000000,0.00,0.00,0.0000,0.000000,0.000000
1786704462.076032,36.652809,1119,30.00,0.00,0.00,0.0000,0.000000,0.000000,0.00,0.00,0.0000,0.000000,0.000000
1786704462.097502,36.674279,1120,30.00,0.00,0.00,0.0000,0.000000,0.000000,0.00,0.00,0.0000,0.000000,0.000000
1786704462.124794,36.701571,1121,30.00,0.00,0.00,0.0000,0.000000,0.000000,0.00,0.00,0.0000,0.000000,0.000000
1786704462.158505,36.735282,1122,30.00,0.00,0.00,0.0000,0.000000,0.000000,0.00,0.00,0.0000,0.000000,0.000000
1786704462.201201,36.777978,1123,30.00,0.00,0.00,0.0000,0.000000,0.000000,0.00,0.00,0.0000,0.000000,0.000000
1786704462.244576,36.821352,1124,30.00,0.00,0.00,0.0000,0.000000,0.000000,0.00,0.00,0.0000,0.000000,0.000000
1786704462.259946,36.836723,1125,30.00,0.00,0.00,0.0000,0.000000,0.000000,0.00,0.00,0.0000,0.000000,0.000000
1786704462.298256,36.875033,1126,30.00,0.00,0.00,0.0000,0.000000,0.000000,0.00,0.00,0.0000,0.000000,0.000000
1786704462.335983,36.912760,1127,29.96,0.00,0.00,0.0000,0.000000,0.000000,0.00,0.00,0.0000,0.000000,0.000000
1786704462.383069,36.959846,1128,29.96,0.00,0.00,0.0000,0.000000,0.000000,0.00,0.00,0.0000,0.000000,0.000000
1786704462.398982,36.975759,1129,29.96,0.00,0.00,0.0000,0.000000,0.000000,0.00,0.00,0.0000,0.000000,0.000000
1786704462.428533,37.005310,1130,29.96,0.00,0.00,0.0000,0.000000,0.000000,0.00,0.00,0.0000,0.000000,0.000000
1786704462.463670,37.040447,1131,29.96,0.00,0.00,0.0000,0.000000,0.000000,0.00,0.00,0.0000,0.000000,0.000000
1786704462.496435,37.073212,1132,29.96,0.00,0.00,0.0000,0.000000,0.000000,0.00,0.00,0.0000,0.000000,0.000000
1786704462.544513,37.121290,1133,29.96,0.00,0.00,0.0000,0.000000,0.000000,0.00,0.00,0.0000,0.000000,0.000000
1786704462.562651,37.139428,1134,29.96,0.00,0.00,0.0000,0.000000,0.000000,0.00,0.00,0.0000,0.000000,0.000000
1786704462.591426,37.168203,1135,29.96,0.00,0.00,0.0000,0.000000,0.000000,0.00,0.00,0.0000,0.000000,0.000000
1786704462.623720,37.200497,1136,29.96,0.00,0.00,0.0000,0.000000,0.000000,0.00,0.00,0.0000,0.000000,0.000000
1786704462.667091,37.243867,1137,29.96,0.00,0.00,0.0000,0.000000,0.000000,0.00,0.00,0.0000,0.000000,0.000000
1786704462.730495,37.307272,1138,29.96,0.00,0.00,0.0000,0.000000,0.000000,0.00,0.00,0.0000,0.000000,0.000000
1786704462.736077,37.312853,1139,29.96,0.00,0.00,0.0000,0.000000,0.000000,0.00,0.00,0.0000,0.000000,0.000000
1786704462.774980,37.351757,1140,29.96,0.00,0.00,0.0000,0.000000,0.000000,0.00,0.00,0.0000,0.000000,0.000000
1786704462.833263,37.410040,1142,29.42,0.00,0.00,0.0000,0.000000,0.000000,0.00,0.00,0.0000,0.000000,0.000000
1786704462.860408,37.437185,1143,29.42,0.00,0.00,0.0000,0.000000,0.000000,0.00,0.00,0.0000,0.000000,0.000000
1786704462.896606,37.473383,1144,29.42,0.00,0.00,0.0000,0.000000,0.000000,0.00,0.00,0.0000,0.000000,0.000000
1786704462.963749,37.540525,1145,29.42,0.00,0.00,0.0000,0.000000,0.000000,0.00,0.00,0.0000,0.000000,0.000000
1786704462.971678,37.548455,1146,29.42,0.00,0.00,0.0000,0.000000,0.000000,0.00,0.00,0.0000,0.000000,0.000000
1786704463.018484,37.595261,1148,29.42,0.00,0.00,0.0000,0.000000,0.000000,0.00,0.00,0.0000,0.000000,0.000000
1786704463.049930,37.626707,1149,29.42,0.00,0.00,0.0000,0.000000,0.000000,0.00,0.00,0.0000,0.000000,0.000000
1786704463.081856,37.658633,1150,29.42,0.00,0.00,0.0000,0.000000,0.000000,0.00,0.00,0.0000,0.000000,0.000000
1786704463.129714,37.706491,1151,29.42,0.00,0.00,0.0000,0.000000,0.000000,0.00,0.00,0.0000,0.000000,0.000000
1786704463.203072,37.779849,1153,29.42,0.00,0.00,0.0000,0.000000,0.000000,0.00,0.00,0.0000,0.000000,0.000000
1786704463.218968,37.795745,1154,29.42,0.00,0.00,0.0000,0.000000,0.000000,0.00,0.00,0.0000,0.000000,0.000000
1786704463.269852,37.846629,1155,29.42,0.00,0.00,0.0000,0.000000,0.000000,0.00,0.00,0.0000,0.000000,0.000000
1786704463.315042,37.891819,1156,29.42,0.00,0.00,0.0000,0.000000,0.000000,0.00,0.00,0.0000,0.000000,0.000000
1786704463.330552,37.907329,1157,28.72,0.00,0.00,0.0000,0.000000,0.000000,0.00,0.00,0.0000,0.000000,0.000000
1786704463.346345,37.923122,1158,28.72,0.00,0.00,0.0000,0.000000,0.000000,0.00,0.00,0.0000,0.000000,0.000000
1786704463.398587,37.975363,1159,28.72,0.00,0.00,0.0000,0.000000,0.000000,0.00,0.00,0.0000,0.000000,0.000000
1786704463.418773,37.995550,1160,28.72,0.00,0.00,0.0000,0.000000,0.000000,0.00,0.00,0.0000,0.000000,0.000000
1786704463.470256,38.047033,1161,28.72,0.00,0.00,0.0000,0.000000,0.000000,0.00,0.00,0.0000,0.000000,0.000000
1786704463.503269,38.080046,1162,28.72,0.00,0.00,0.0000,0.000000,0.000000,0.00,0.00,0.0000,0.000000,0.000000
1786704463.526797,38.103574,1163,28.72,0.00,0.00,0.0000,0.000000,0.000000,0.00,0.00,0.0000,0.000000,0.000000
1786704463.589061,38.165838,1164,28.72,0.00,0.00,0.0000,0.000000,0.000000,0.00,0.00,0.0000,0.000000,0.000000
1786704463.598196,38.174973,1165,28.72,0.00,0.00,0.0000,0.000000,0.000000,0.00,0.00,0.0000,0.000000,0.000000
1786704463.639081,38.215858,1166,28.72,0.00,0.00,0.0000,0.000000,0.000000,0.00,0.00,0.0000,0.000000,0.000000
1786704463.670379,38.247156,1167,28.72,0.00,0.00,0.0000,0.000000,0.000000,0.00,0.00,0.0000,0.000000,0.000000
1786704463.713691,38.290468,1168,28.72,0.00,0.00,0.0000,0.000000,0.000000,0.00,0.00,0.0000,0.000000,0.000000
1786704463.755062,38.331839,1170,28.72,0.00,0.00,0.0000,0.000000,0.000000,0.00,0.00,0.0000,0.000000,0.000000
1786704463.785655,38.362432,1171,28.72,0.00,0.00,0.0000,0.000000,0.000000,0.00,0.00,0.0000,0.000000,0.000000
1786704463.837989,38.414765,1172,28.51,0.00,0.00,0.0000,0.000000,0.000000,0.00,0.00,0.0000,0.000000,0.000000
1786704463.857374,38.434151,1173,28.51,0.00,0.00,0.0000,0.000000,0.000000,0.00,0.00,0.0000,0.000000,0.000000
1786704463.904038,38.480815,1174,28.51,0.00,0.00,0.0000,0.000000,0.000000,0.00,0.00,0.0000,0.000000,0.000000
1786704463.921956,38.498733,1175,28.51,0.00,0.00,0.0000,0.000000,0.000000,0.00,0.00,0.0000,0.000000,0.000000
1786704463.967478,38.544255,1176,28.51,0.00,0.00,0.0000,0.000000,0.000000,0.00,0.00,0.0000,0.000000,0.000000
1786704463.999461,38.576238,1177,28.51,0.00,0.00,0.0000,0.000000,0.000000,0.00,0.00,0.0000,0.000000,0.000000
1786704464.046683,38.623460,1178,28.51,0.00,0.00,0.0000,0.000000,0.000000,0.00,0.00,0.0000,0.000000,0.000000
1786704464.078849,38.655626,1179,28.51,0.00,0.00,0.0000,0.000000,0.000000,0.00,0.00,0.0000,0.000000,0.000000
1786704464.094959,38.671736,1180,28.51,0.00,0.00,0.0000,0.000000,0.000000,0.00,0.00,0.0000,0.000000,0.000000
1786704464.142700,38.719477,1181,28.51,0.00,0.00,0.0000,0.000000,0.000000,0.00,0.00,0.0000,0.000000,0.000000
1786704464.228420,38.805197,1183,28.51,0.00,0.00,0.0000,0.000000,0.000000,0.00,0.00,0.0000,0.000000,0.000000
1786704464.228420,38.805197,1184,28.51,0.00,0.00,0.0000,0.000000,0.000000,0.00,0.00,0.0000,0.000000,0.000000
1786704464.306947,38.883723,1186,28.51,0.00,0.00,0.0000,0.000000,0.000000,0.00,0.00,0.0000,0.000000,0.000000
1786704464.341519,38.918295,1187,27.97,0.00,0.00,0.0000,0.000000,0.000000,0.00,0.00,0.0000,0.000000,0.000000
1786704464.371118,38.947895,1188,27.97,0.00,0.00,0.0000,0.000000,0.000000,0.00,0.00,0.0000,0.000000,0.000000
1786704464.402630,38.979406,1189,27.97,0.00,0.00,0.0000,0.000000,0.000000,0.00,0.00,0.0000,0.000000,0.000000
1786704464.434997,39.011774,1190,27.97,0.00,0.00,0.0000,0.000000,0.000000,0.00,0.00,0.0000,0.000000,0.000000
1786704464.450691,39.027467,1191,27.97,0.00,0.00,0.0000,0.000000,0.000000,0.00,0.00,0.0000,0.000000,0.000000
1786704464.498444,39.075221,1192,27.97,0.00,0.00,0.0000,0.000000,0.000000,0.00,0.00,0.0000,0.000000,0.000000
1786704464.546107,39.122884,1193,27.97,0.00,0.00,0.0000,0.000000,0.000000,0.00,0.00,0.0000,0.000000,0.000000
1786704464.577590,39.154366,1194,27.97,0.00,0.00,0.0000,0.000000,0.000000,0.00,0.00,0.0000,0.000000,0.000000
1786704464.609294,39.186071,1195,27.97,0.00,0.00,0.0000,0.000000,0.000000,0.00,0.00,0.0000,0.000000,0.000000
1786704464.657506,39.234283,1196,27.97,0.00,0.00,0.0000,0.000000,0.000000,0.00,0.00,0.0000,0.000000,0.000000
1786704464.673020,39.249797,1197,27.97,0.00,0.00,0.0000,0.000000,0.000000,0.00,0.00,0.0000,0.000000,0.000000
1786704464.706181,39.282958,1198,27.97,0.00,0.00,0.0000,0.000000,0.000000,0.00,0.00,0.0000,0.000000,0.000000
1786704464.749128,39.325905,1199,27.97,0.00,0.00,0.0000,0.000000,0.000000,0.00,0.00,0.0000,0.000000,0.000000
1786704464.780330,39.357107,1200,27.97,0.00,0.00,0.0000,0.000000,0.000000,0.00,0.00,0.0000,0.000000,0.000000
1786704464.828084,39.404861,1202,27.92,0.00,0.00,0.0000,0.000000,0.000000,0.00,0.00,0.0000,0.000000,0.000000
1786704464.860226,39.437003,1203,27.92,0.00,0.00,0.0000,0.000000,0.000000,0.00,0.00,0.0000,0.000000,0.000000
1786704464.891743,39.468520,1204,27.92,0.00,0.00,0.0000,0.000000,0.000000,0.00,0.00,0.0000,0.000000,0.000000
1786704464.939814,39.516591,1205,27.92,0.00,0.00,0.0000,0.000000,0.000000,0.00,0.00,0.0000,0.000000,0.000000
1786704464.963692,39.540469,1206,27.92,0.00,0.00,0.0000,0.000000,0.000000,0.00,0.00,0.0000,0.000000,0.000000
1786704464.992469,39.569246,1207,27.92,0.00,0.00,0.0000,0.000000,0.000000,0.00,0.00,0.0000,0.000000,0.000000
1786704465.034276,39.611053,1208,27.92,0.00,0.00,0.0000,0.000000,0.000000,0.00,0.00,0.0000,0.000000,0.000000
1786704465.059237,39.636013,1209,27.92,0.00,0.00,0.0000,0.000000,0.000000,0.00,0.00,0.0000,0.000000,0.000000
1786704465.082272,39.659049,1210,27.92,0.00,0.00,0.0000,0.000000,0.000000,0.00,0.00,0.0000,0.000000,0.000000
1786704465.146451,39.723228,1211,27.92,0.00,0.00,0.0000,0.000000,0.000000,0.00,0.00,0.0000,0.000000,0.000000
1786704465.177733,39.754510,1213,27.92,0.00,0.00,0.0000,0.000000,0.000000,0.00,0.00,0.0000,0.000000,0.000000
1786704465.241110,39.817887,1214,27.92,0.00,0.00,0.0000,0.000000,0.000000,0.00,0.00,0.0000,0.000000,0.000000
1786704465.257108,39.833885,1215,27.92,0.00,0.00,0.0000,0.000000,0.000000,0.00,0.00,0.0000,0.000000,0.000000
1786704465.299122,39.875899,1216,27.92,0.00,0.00,0.0000,0.000000,0.000000,0.00,0.00,0.0000,0.000000,0.000000
1786704465.362535,39.939312,1218,27.92,0.00,0.00,0.0000,0.000000,0.000000,0.00,0.00,0.0000,0.000000,0.000000
1786704465.394044,39.970820,1219,27.92,0.00,0.00,0.0000,0.000000,0.000000,0.00,0.00,0.0000,0.000000,0.000000
1786704465.410186,39.986963,1220,27.92,0.00,0.00,0.0000,0.000000,0.000000,0.00,0.00,0.0000,0.000000,0.000000
1786704465.465687,40.042463,1221,27.92,0.00,0.00,0.0000,0.000000,0.000000,0.00,0.00,0.0000,0.000000,0.000000
1786704465.509734,40.086511,1222,27.92,0.00,0.00,0.0000,0.000000,0.000000,0.00,0.00,0.0000,0.000000,0.000000
1786704465.532461,40.109237,1223,27.92,0.00,0.00,0.0000,0.000000,0.000000,0.00,0.00,0.0000,0.000000,0.000000
1786704465.563153,40.139930,1224,27.92,0.00,0.00,0.0000,0.000000,0.000000,0.00,0.00,0.0000,0.000000,0.000000
1786704465.611912,40.188689,1225,27.92,0.00,0.00,0.0000,0.000000,0.000000,0.00,0.00,0.0000,0.000000,0.000000
1786704465.659723,40.236500,1227,27.92,0.00,0.00,0.0000,0.000000,0.000000,0.00,0.00,0.0000,0.000000,0.000000
1786704465.708807,40.285584,1228,27.92,0.00,0.00,0.0000,0.000000,0.000000,0.00,0.00,0.0000,0.000000,0.000000
1786704465.739100,40.315877,1229,27.92,0.00,0.00,0.0000,0.000000,0.000000,0.00,0.00,0.0000,0.000000,0.000000
1786704465.754955,40.331732,1230,27.92,0.00,0.00,0.0000,0.000000,0.000000,0.00,0.00,0.0000,0.000000,0.000000
1786704465.811566,40.388343,1231,27.92,0.00,0.00,0.0000,0.000000,0.000000,0.00,0.00,0.0000,0.000000,0.000000
1786704465.842477,40.419254,1232,27.92,0.00,0.00,0.0000,0.000000,0.000000,0.00,0.00,0.0000,0.000000,0.000000
1786704465.874223,40.451000,1233,27.48,0.00,0.00,0.0000,0.000000,0.000000,0.00,0.00,0.0000,0.000000,0.000000
1786704465.906357,40.483133,1234,27.48,0.00,0.00,0.0000,0.000000,0.000000,0.00,0.00,0.0000,0.000000,0.000000
1786704465.937992,40.514769,1235,27.48,0.00,0.00,0.0000,0.000000,0.000000,0.00,0.00,0.0000,0.000000,0.000000
1786704465.969963,40.546740,1236,27.48,0.00,0.00,0.0000,0.000000,0.000000,0.00,0.00,0.0000,0.000000,0.000000
1786704466.002003,40.578780,1237,27.48,0.00,0.00,0.0000,0.000000,0.000000,0.00,0.00,0.0000,0.000000,0.000000
1786704466.033760,40.610537,1238,27.48,0.00,0.00,0.0000,0.000000,0.000000,0.00,0.00,0.0000,0.000000,0.000000
1786704466.049852,40.626629,1239,27.48,0.00,0.00,0.0000,0.000000,0.000000,0.00,0.00,0.0000,0.000000,0.000000
1786704466.114519,40.691295,1240,27.48,0.00,0.00,0.0000,0.000000,0.000000,0.00,0.00,0.0000,0.000000,0.000000
1786704466.129395,40.706172,1241,27.48,0.00,0.00,0.0000,0.000000,0.000000,0.00,0.00,0.0000,0.000000,0.000000
1786704466.177095,40.753872,1242,27.48,0.00,0.00,0.0000,0.000000,0.000000,0.00,0.00,0.0000,0.000000,0.000000
1786704466.209448,40.786225,1243,27.48,0.00,0.00,0.0000,0.000000,0.000000,0.00,0.00,0.0000,0.000000,0.000000
1786704466.241077,40.817854,1244,27.48,0.00,0.00,0.0000,0.000000,0.000000,0.00,0.00,0.0000,0.000000,0.000000
1786704466.273664,40.850441,1245,27.48,0.00,0.00,0.0000,0.000000,0.000000,0.00,0.00,0.0000,0.000000,0.000000
1786704466.296638,40.873415,1246,27.48,0.00,0.00,0.0000,0.000000,0.000000,0.00,0.00,0.0000,0.000000,0.000000
1786704466.328418,40.905195,1247,27.48,0.00,0.00,0.0000,0.000000,0.000000,0.00,0.00,0.0000,0.000000,0.000000
1786704466.362951,40.939728,1248,27.48,0.00,0.00,0.0000,0.000000,0.000000,0.00,0.00,0.0000,0.000000,0.000000
1786704466.410591,40.987368,1249,28.35,0.00,0.00,0.0000,0.000000,0.000000,0.00,0.00,0.0000,0.000000,0.000000
1786704466.425069,41.001846,1250,28.35,0.00,0.00,0.0000,0.000000,0.000000,0.00,0.00,0.0000,0.000000,0.000000
1786704466.456908,41.033685,1251,28.35,0.00,0.00,0.0000,0.000000,0.000000,0.00,0.00,0.0000,0.000000,0.000000
1786704466.504224,41.081000,1252,28.35,0.00,0.00,0.0000,0.000000,0.000000,0.00,0.00,0.0000,0.000000,0.000000
1786704466.520281,41.097058,1253,28.35,0.00,0.00,0.0000,0.000000,0.000000,0.00,0.00,0.0000,0.000000,0.000000
1786704466.568294,41.145071,1254,28.35,0.00,0.00,0.0000,0.000000,0.000000,0.00,0.00,0.0000,0.000000,0.000000
1786704466.599848,41.176625,1255,28.35,0.00,0.00,0.0000,0.000000,0.000000,0.00,0.00,0.0000,0.000000,0.000000
1786704466.624008,41.200785,1256,28.35,0.00,0.00,0.0000,0.000000,0.000000,0.00,0.00,0.0000,0.000000,0.000000
1786704466.647654,41.224431,1257,28.35,0.00,0.00,0.0000,0.000000,0.000000,0.00,0.00,0.0000,0.000000,0.000000
1786704466.709871,41.286648,1258,28.35,0.00,0.00,0.0000,0.000000,0.000000,0.00,0.00,0.0000,0.000000,0.000000
1786704466.741693,41.318470,1259,28.35,0.00,0.00,0.0000,0.000000,0.000000,0.00,0.00,0.0000,0.000000,0.000000
1786704466.789314,41.366091,1260,28.35,0.00,0.00,0.0000,0.000000,0.000000,0.00,0.00,0.0000,0.000000,0.000000
1786704466.836889,41.413666,1262,28.35,0.00,0.00,0.0000,0.000000,0.000000,0.00,0.00,0.0000,0.000000,0.000000
1786704466.852879,41.429656,1263,28.35,0.00,0.00,0.0000,0.000000,0.000000,0.00,0.00,0.0000,0.000000,0.000000
1786704466.912124,41.488901,1265,28.24,0.00,0.00,0.0000,0.000000,0.000000,0.00,0.00,0.0000,0.000000,0.000000
1786704466.959959,41.536736,1266,28.24,0.00,0.00,0.0000,0.000000,0.000000,0.00,0.00,0.0000,0.000000,0.000000
1786704467.007446,41.584223,1267,28.24,0.00,0.00,0.0000,0.000000,0.000000,0.00,0.00,0.0000,0.000000,0.000000
1786704467.038792,41.615569,1268,28.24,0.00,0.00,0.0000,0.000000,0.000000,0.00,0.00,0.0000,0.000000,0.000000
1786704467.070703,41.647480,1269,28.24,0.00,0.00,0.0000,0.000000,0.000000,0.00,0.00,0.0000,0.000000,0.000000
1786704467.110435,41.687212,1270,28.24,0.00,0.00,0.0000,0.000000,0.000000,0.00,0.00,0.0000,0.000000,0.000000
1786704467.134648,41.711425,1271,28.24,0.00,0.00,0.0000,0.000000,0.000000,0.00,0.00,0.0000,0.000000,0.000000
1786704467.182621,41.759397,1272,28.24,0.00,0.00,0.0000,0.000000,0.000000,0.00,0.00,0.0000,0.000000,0.000000
1786704467.229917,41.806693,1274,28.24,0.00,0.00,0.0000,0.000000,0.000000,0.00,0.00,0.0000,0.000000,0.000000
1786704467.277999,41.854776,1275,28.24,0.00,0.00,0.0000,0.000000,0.000000,0.00,0.00,0.0000,0.000000,0.000000
1786704467.293239,41.870016,1276,28.24,0.00,0.00,0.0000,0.000000,0.000000,0.00,0.00,0.0000,0.000000,0.000000
1786704467.340652,41.917428,1277,28.24,0.00,0.00,0.0000,0.000000,0.000000,0.00,0.00,0.0000,0.000000,0.000000
1786704467.399134,41.975910,1279,27.39,0.00,0.00,0.0000,0.000000,0.000000,0.00,0.00,0.0000,0.000000,0.000000
1786704467.451188,42.027965,1280,27.39,0.00,0.00,0.0000,0.000000,0.000000,0.00,0.00,0.0000,0.000000,0.000000
1786704467.469345,42.046122,1281,27.39,0.00,0.00,0.0000,0.000000,0.000000,0.00,0.00,0.0000,0.000000,0.000000
1786704467.506900,42.083676,1282,27.39,0.00,0.00,0.0000,0.000000,0.000000,0.00,0.00,0.0000,0.000000,0.000000
1786704467.545364,42.122141,1283,27.39,0.00,0.00,0.0000,0.000000,0.000000,0.00,0.00,0.0000,0.000000,0.000000
1786704467.560749,42.137526,1284,27.39,0.00,0.00,0.0000,0.000000,0.000000,0.00,0.00,0.0000,0.000000,0.000000
1786704467.592680,42.169457,1285,27.39,0.00,0.00,0.0000,0.000000,0.000000,0.00,0.00,0.0000,0.000000,0.000000
1786704467.639900,42.216677,1286,27.39,0.00,0.00,0.0000,0.000000,0.000000,0.00,0.00,0.0000,0.000000,0.000000
1786704467.671709,42.248485,1287,27.39,0.00,0.00,0.0000,0.000000,0.000000,0.00,0.00,0.0000,0.000000,0.000000
1786704467.734982,42.311759,1289,27.39,0.00,0.00,0.0000,0.000000,0.000000,0.00,0.00,0.0000,0.000000,0.000000
1786704467.766877,42.343654,1290,27.39,0.00,0.00,0.0000,0.000000,0.000000,0.00,0.00,0.0000,0.000000,0.000000
1786704467.798768,42.375545,1291,27.39,0.00,0.00,0.0000,0.000000,0.000000,0.00,0.00,0.0000,0.000000,0.000000
1786704467.862803,42.439580,1293,27.39,0.00,0.00,0.0000,0.000000,0.000000,0.00,0.00,0.0000,0.000000,0.000000
1786704467.894690,42.471467,1294,27.03,0.00,0.00,0.0000,0.000000,0.000000,0.00,0.00,0.0000,0.000000,0.000000
1786704467.952606,42.529383,1295,27.03,0.00,0.00,0.0000,0.000000,0.000000,0.00,0.00,0.0000,0.000000,0.000000
1786704467.983690,42.560467,1296,27.03,0.00,0.00,0.0000,0.000000,0.000000,0.00,0.00,0.0000,0.000000,0.000000
1786704468.014798,42.591575,1298,27.03,0.00,0.00,0.0000,0.000000,0.000000,0.00,0.00,0.0000,0.000000,0.000000
1786704468.078940,42.655717,1299,27.03,0.00,0.00,0.0000,0.000000,0.000000,0.00,0.00,0.0000,0.000000,0.000000
1786704468.089615,42.666392,1300,27.03,0.00,0.00,0.0000,0.000000,0.000000,0.00,0.00,0.0000,0.000000,0.000000
1786704468.126015,42.702791,1301,27.03,0.00,0.00,0.0000,0.000000,0.000000,0.00,0.00,0.0000,0.000000,0.000000
1786704468.158037,42.734813,1302,27.03,0.00,0.00,0.0000,0.000000,0.000000,0.00,0.00,0.0000,0.000000,0.000000
1786704468.206683,42.783460,1303,27.03,0.00,0.00,0.0000,0.000000,0.000000,0.00,0.00,0.0000,0.000000,0.000000
1786704468.227857,42.804634,1304,27.03,0.00,0.00,0.0000,0.000000,0.000000,0.00,0.00,0.0000,0.000000,0.000000
1786704468.254012,42.830789,1305,27.03,0.00,0.00,0.0000,0.000000,0.000000,0.00,0.00,0.0000,0.000000,0.000000
1786704468.285836,42.862612,1306,27.03,0.00,0.00,0.0000,0.000000,0.000000,0.00,0.00,0.0000,0.000000,0.000000
1786704468.332946,42.909722,1307,27.03,0.00,0.00,0.0000,0.000000,0.000000,0.00,0.00,0.0000,0.000000,0.000000
1786704468.396280,42.973056,1309,27.03,0.00,0.00,0.0000,0.000000,0.000000,0.00,0.00,0.0000,0.000000,0.000000
1786704468.437165,43.013942,1310,26.86,0.00,0.00,0.0000,0.000000,0.000000,0.00,0.00,0.0000,0.000000,0.000000
1786704468.459635,43.036412,1311,26.86,0.00,0.00,0.0000,0.000000,0.000000,0.00,0.00,0.0000,0.000000,0.000000
1786704468.502493,43.079270,1312,26.86,0.00,0.00,0.0000,0.000000,0.000000,0.00,0.00,0.0000,0.000000,0.000000
1786704468.534306,43.111083,1313,26.86,0.00,0.00,0.0000,0.000000,0.000000,0.00,0.00,0.0000,0.000000,0.000000
1786704468.565739,43.142516,1314,26.86,0.00,0.00,0.0000,0.000000,0.000000,0.00,0.00,0.0000,0.000000,0.000000
1786704468.629139,43.205916,1316,26.86,0.00,0.00,0.0000,0.000000,0.000000,0.00,0.00,0.0000,0.000000,0.000000
1786704468.676729,43.253506,1318,26.86,0.00,0.00,0.0000,0.000000,0.000000,0.00,0.00,0.0000,0.000000,0.000000
1786704468.739964,43.316741,1319,26.86,0.00,0.00,0.0000,0.000000,0.000000,0.00,0.00,0.0000,0.000000,0.000000
1786704468.755749,43.332526,1320,26.86,0.00,0.00,0.0000,0.000000,0.000000,0.00,0.00,0.0000,0.000000,0.000000
1786704468.835310,43.412087,1322,26.86,0.00,0.00,0.0000,0.000000,0.000000,0.00,0.00,0.0000,0.000000,0.000000
1786704468.882794,43.459571,1324,26.86,0.00,0.00,0.0000,0.000000,0.000000,0.00,0.00,0.0000,0.000000,0.000000
1786704468.930280,43.507057,1325,26.86,0.00,0.00,0.0000,0.000000,0.000000,0.00,0.00,0.0000,0.000000,0.000000
1786704468.962135,43.538912,1326,25.97,0.00,0.00,0.0000,0.000000,0.000000,0.00,0.00,0.0000,0.000000,0.000000
1786704469.023306,43.600083,1327,25.97,0.00,0.00,0.0000,0.000000,0.000000,0.00,0.00,0.0000,0.000000,0.000000
1786704469.025470,43.602247,1328,25.97,0.00,0.00,0.0000,0.000000,0.000000,0.00,0.00,0.0000,0.000000,0.000000
1786704469.062558,43.639335,1329,25.97,0.00,0.00,0.0000,0.000000,0.000000,0.00,0.00,0.0000,0.000000,0.000000
1786704469.104838,43.681615,1330,25.97,0.00,0.00,0.0000,0.000000,0.000000,0.00,0.00,0.0000,0.000000,0.000000
1786704469.150382,43.727159,1331,25.97,0.00,0.00,0.0000,0.000000,0.000000,0.00,0.00,0.0000,0.000000,0.000000
1786704469.168085,43.744862,1332,25.97,0.00,0.00,0.0000,0.000000,0.000000,0.00,0.00,0.0000,0.000000,0.000000
1786704469.197505,43.774281,1333,25.97,0.00,0.00,0.0000,0.000000,0.000000,0.00,0.00,0.0000,0.000000,0.000000
1786704469.244950,43.821727,1334,25.97,0.00,0.00,0.0000,0.000000,0.000000,0.00,0.00,0.0000,0.000000,0.000000
1786704469.277096,43.853873,1335,25.97,0.00,0.00,0.0000,0.000000,0.000000,0.00,0.00,0.0000,0.000000,0.000000
1786704469.292445,43.869221,1336,25.97,0.00,0.00,0.0000,0.000000,0.000000,0.00,0.00,0.0000,0.000000,0.000000
1786704469.364049,43.940826,1337,25.97,0.00,0.00,0.0000,0.000000,0.000000,0.00,0.00,0.0000,0.000000,0.000000
1786704469.372507,43.949284,1338,25.97,0.00,0.00,0.0000,0.000000,0.000000,0.00,0.00,0.0000,0.000000,0.000000
1786704469.435748,44.012525,1340,25.97,0.00,0.00,0.0000,0.000000,0.000000,0.00,0.00,0.0000,0.000000,0.000000
1786704469.498997,44.075774,1342,26.08,0.00,0.00,0.0000,0.000000,0.000000,0.00,0.00,0.0000,0.000000,0.000000
1786704469.535277,44.112054,1343,26.08,0.00,0.00,0.0000,0.000000,0.000000,0.00,0.00,0.0000,0.000000,0.000000
1786704469.567312,44.144089,1344,26.08,0.00,0.00,0.0000,0.000000,0.000000,0.00,0.00,0.0000,0.000000,0.000000
1786704469.598748,44.175524,1345,26.08,0.00,0.00,0.0000,0.000000,0.000000,0.00,0.00,0.0000,0.000000,0.000000
1786704469.662316,44.239092,1347,26.08,0.00,0.00,0.0000,0.000000,0.000000,0.00,0.00,0.0000,0.000000,0.000000
1786704469.712351,44.289128,1348,26.08,0.00,0.00,0.0000,0.000000,0.000000,0.00,0.00,0.0000,0.000000,0.000000
1786704469.741836,44.318613,1349,26.08,0.00,0.00,0.0000,0.000000,0.000000,0.00,0.00,0.0000,0.000000,0.000000
1786704469.757506,44.334283,1350,26.08,0.00,0.00,0.0000,0.000000,0.000000,0.00,0.00,0.0000,0.000000,0.000000
1786704469.805531,44.382307,1351,26.08,0.00,0.00,0.0000,0.000000,0.000000,0.00,0.00,0.0000,0.000000,0.000000
1786704469.837686,44.414463,1352,26.08,0.00,0.00,0.0000,0.000000,0.000000,0.00,0.00,0.0000,0.000000,0.000000
1786704469.852851,44.429627,1353,26.08,0.00,0.00,0.0000,0.000000,0.000000,0.00,0.00,0.0000,0.000000,0.000000
1786704469.884881,44.461658,1354,26.08,0.00,0.00,0.0000,0.000000,0.000000,0.00,0.00,0.0000,0.000000,0.000000
1786704469.932017,44.508793,1355,26.08,0.00,0.00,0.0000,0.000000,0.000000,0.00,0.00,0.0000,0.000000,0.000000
1786704469.979475,44.556252,1356,26.08,0.00,0.00,0.0000,0.000000,0.000000,0.00,0.00,0.0000,0.000000,0.000000
1786704470.011533,44.588309,1357,26.10,0.00,0.00,0.0000,0.000000,0.000000,0.00,0.00,0.0000,0.000000,0.000000
1786704470.069358,44.646135,1359,26.10,0.00,0.00,0.0000,0.000000,0.000000,0.00,0.00,0.0000,0.000000,0.000000
1786704470.118017,44.694794,1360,26.10,0.00,0.00,0.0000,0.000000,0.000000,0.00,0.00,0.0000,0.000000,0.000000
1786704470.132759,44.709536,1361,26.10,0.00,0.00,0.0000,0.000000,0.000000,0.00,0.00,0.0000,0.000000,0.000000
1786704470.181103,44.757879,1362,26.10,0.00,0.00,0.0000,0.000000,0.000000,0.00,0.00,0.0000,0.000000,0.000000
1786704470.197003,44.773780,1363,26.10,0.00,0.00,0.0000,0.000000,0.000000,0.00,0.00,0.0000,0.000000,0.000000
1786704470.272271,44.849048,1365,26.10,0.00,0.00,0.0000,0.000000,0.000000,0.00,0.00,0.0000,0.000000,0.000000
1786704470.308916,44.885692,1366,26.10,0.00,0.00,0.0000,0.000000,0.000000,0.00,0.00,0.0000,0.000000,0.000000
1786704470.324598,44.901374,1367,26.10,0.00,0.00,0.0000,0.000000,0.000000,0.00,0.00,0.0000,0.000000,0.000000
1786704470.372625,44.949402,1368,26.10,0.00,0.00,0.0000,0.000000,0.000000,0.00,0.00,0.0000,0.000000,0.000000
1786704470.404325,44.981102,1369,26.10,0.00,0.00,0.0000,0.000000,0.000000,0.00,0.00,0.0000,0.000000,0.000000
1786704470.436605,45.013382,1370,26.10,0.00,0.00,0.0000,0.000000,0.000000,0.00,0.00,0.0000,0.000000,0.000000
1786704470.483797,45.060574,1371,26.10,0.00,0.00,0.0000,0.000000,0.000000,0.00,0.00,0.0000,0.000000,0.000000
1786704470.531549,45.108326,1373,26.10,0.00,0.00,0.0000,0.000000,0.000000,0.00,0.00,0.0000,0.000000,0.000000
1786704470.563276,45.140052,1374,26.12,0.00,0.00,0.0000,0.000000,0.000000,0.00,0.00,0.0000,0.000000,0.000000
1786704470.631511,45.208288,1375,26.12,0.00,0.00,0.0000,0.000000,0.000000,0.00,0.00,0.0000,0.000000,0.000000
1786704470.635808,45.212584,1376,26.12,0.00,0.00,0.0000,0.000000,0.000000,0.00,0.00,0.0000,0.000000,0.000000
1786704470.667368,45.244144,1377,26.12,0.00,0.00,0.0000,0.000000,0.000000,0.00,0.00,0.0000,0.000000,0.000000
1786704470.699220,45.275996,1378,26.12,0.00,0.00,0.0000,0.000000,0.000000,0.00,0.00,0.0000,0.000000,0.000000
1786704470.730551,45.307328,1379,26.12,0.00,0.00,0.0000,0.000000,0.000000,0.00,0.00,0.0000,0.000000,0.000000
1786704470.778660,45.355437,1380,26.12,0.00,0.00,0.0000,0.000000,0.000000,0.00,0.00,0.0000,0.000000,0.000000
1786704470.810097,45.386874,1381,26.12,0.00,0.00,0.0000,0.000000,0.000000,0.00,0.00,0.0000,0.000000,0.000000
1786704470.832288,45.409065,1382,26.12,0.00,0.00,0.0000,0.000000,0.000000,0.00,0.00,0.0000,0.000000,0.000000
1786704470.858112,45.434889,1383,26.12,0.00,0.00,0.0000,0.000000,0.000000,0.00,0.00,0.0000,0.000000,0.000000
1786704470.922347,45.499123,1384,26.12,0.00,0.00,0.0000,0.000000,0.000000,0.00,0.00,0.0000,0.000000,0.000000
1786704470.938102,45.514879,1385,26.12,0.00,0.00,0.0000,0.000000,0.000000,0.00,0.00,0.0000,0.000000,0.000000
1786704470.970006,45.546782,1386,26.12,0.00,0.00,0.0000,0.000000,0.000000,0.00,0.00,0.0000,0.000000,0.000000
1786704471.001468,45.578245,1387,26.12,0.00,0.00,0.0000,0.000000,0.000000,0.00,0.00,0.0000,0.000000,0.000000
1786704471.065056,45.641833,1389,26.47,0.00,0.00,0.0000,0.000000,0.000000,0.00,0.00,0.0000,0.000000,0.000000
1786704471.110138,45.686915,1390,26.47,0.00,0.00,0.0000,0.000000,0.000000,0.00,0.00,0.0000,0.000000,0.000000
1786704471.141151,45.717928,1391,26.47,0.00,0.00,0.0000,0.000000,0.000000,0.00,0.00,0.0000,0.000000,0.000000
1786704471.172910,45.749687,1392,26.47,0.00,0.00,0.0000,0.000000,0.000000,0.00,0.00,0.0000,0.000000,0.000000
1786704471.204539,45.781316,1393,26.47,0.00,0.00,0.0000,0.000000,0.000000,0.00,0.00,0.0000,0.000000,0.000000
1786704471.235949,45.812726,1394,26.47,0.00,0.00,0.0000,0.000000,0.000000,0.00,0.00,0.0000,0.000000,0.000000
1786704471.283557,45.860333,1395,26.47,0.00,0.00,0.0000,0.000000,0.000000,0.00,0.00,0.0000,0.000000,0.000000
1786704471.285572,45.862349,1396,26.47,0.00,0.00,0.0000,0.000000,0.000000,0.00,0.00,0.0000,0.000000,0.000000
1786704471.330837,45.907614,1397,26.47,0.00,0.00,0.0000,0.000000,0.000000,0.00,0.00,0.0000,0.000000,0.000000
1786704471.410261,45.987038,1399,26.47,0.00,0.00,0.0000,0.000000,0.000000,0.00,0.00,0.0000,0.000000,0.000000
1786704471.442029,46.018806,1400,26.47,0.00,0.00,0.0000,0.000000,0.000000,0.00,0.00,0.0000,0.000000,0.000000
1786704471.493775,46.070551,1402,26.47,0.00,0.00,0.0000,0.000000,0.000000,0.00,0.00,0.0000,0.000000,0.000000
1786704471.520263,46.097039,1403,26.47,0.00,0.00,0.0000,0.000000,0.000000,0.00,0.00,0.0000,0.000000,0.000000
1786704471.567941,46.144718,1404,26.47,0.00,0.00,0.0000,0.000000,0.000000,0.00,0.00,0.0000,0.000000,0.000000
1786704471.599516,46.176293,1405,26.58,0.00,0.00,0.0000,0.000000,0.000000,0.00,0.00,0.0000,0.000000,0.000000
1786704471.647418,46.224195,1406,26.58,0.00,0.00,0.0000,0.000000,0.000000,0.00,0.00,0.0000,0.000000,0.000000
1786704471.679225,46.256002,1407,26.58,0.00,0.00,0.0000,0.000000,0.000000,0.00,0.00,0.0000,0.000000,0.000000
1786704471.693507,46.270284,1408,26.58,0.00,0.00,0.0000,0.000000,0.000000,0.00,0.00,0.0000,0.000000,0.000000
1786704471.731692,46.308469,1409,26.58,0.00,0.00,0.0000,0.000000,0.000000,0.00,0.00,0.0000,0.000000,0.000000
1786704471.757246,46.334022,1410,26.58,0.00,0.00,0.0000,0.000000,0.000000,0.00,0.00,0.0000,0.000000,0.000000
1786704471.821349,46.398126,1411,26.58,0.00,0.00,0.0000,0.000000,0.000000,0.00,0.00,0.0000,0.000000,0.000000
1786704471.868355,46.445132,1413,26.58,0.00,0.00,0.0000,0.000000,0.000000,0.00,0.00,0.0000,0.000000,0.000000
1786704471.916974,46.493751,1414,26.58,0.00,0.00,0.0000,0.000000,0.000000,0.00,0.00,0.0000,0.000000,0.000000
1786704471.932167,46.508944,1415,26.58,0.00,0.00,0.0000,0.000000,0.000000,0.00,0.00,0.0000,0.000000,0.000000
1786704471.979572,46.556349,1416,26.58,0.00,0.00,0.0000,0.000000,0.000000,0.00,0.00,0.0000,0.000000,0.000000
1786704472.011499,46.588276,1417,26.58,0.00,0.00,0.0000,0.000000,0.000000,0.00,0.00,0.0000,0.000000,0.000000
1786704472.043264,46.620040,1418,26.58,0.00,0.00,0.0000,0.000000,0.000000,0.00,0.00,0.0000,0.000000,0.000000
1786704472.059155,46.635931,1419,26.58,0.00,0.00,0.0000,0.000000,0.000000,0.00,0.00,0.0000,0.000000,0.000000
1786704472.107138,46.683915,1420,26.54,0.00,0.00,0.0000,0.000000,0.000000,0.00,0.00,0.0000,0.000000,0.000000
1786704472.138646,46.715423,1421,26.54,0.00,0.00,0.0000,0.000000,0.000000,0.00,0.00,0.0000,0.000000,0.000000
1786704472.194452,46.771229,1423,26.54,0.00,0.00,0.0000,0.000000,0.000000,0.00,0.00,0.0000,0.000000,0.000000
1786704472.242659,46.819435,1424,26.54,0.00,0.00,0.0000,0.000000,0.000000,0.00,0.00,0.0000,0.000000,0.000000
1786704472.274307,46.851083,1425,26.54,0.00,0.00,0.0000,0.000000,0.000000,0.00,0.00,0.0000,0.000000,0.000000
1786704472.296280,46.873057,1426,26.54,0.00,0.00,0.0000,0.000000,0.000000,0.00,0.00,0.0000,0.000000,0.000000
1786704472.337912,46.914689,1427,26.54,0.00,0.00,0.0000,0.000000,0.000000,0.00,0.00,0.0000,0.000000,0.000000
1786704472.370358,46.947135,1428,26.54,0.00,0.00,0.0000,0.000000,0.000000,0.00,0.00,0.0000,0.000000,0.000000
1786704472.422595,46.999372,1430,26.54,0.00,0.00,0.0000,0.000000,0.000000,0.00,0.00,0.0000,0.000000,0.000000
1786704472.481550,47.058327,1431,26.54,0.00,0.00,0.0000,0.000000,0.000000,0.00,0.00,0.0000,0.000000,0.000000
1786704472.512314,47.089091,1432,26.54,0.00,0.00,0.0000,0.000000,0.000000,0.00,0.00,0.0000,0.000000,0.000000
1786704472.544353,47.121130,1433,26.54,0.00,0.00,0.0000,0.000000,0.000000,0.00,0.00,0.0000,0.000000,0.000000
1786704472.559654,47.136431,1434,26.54,0.00,0.00,0.0000,0.000000,0.000000,0.00,0.00,0.0000,0.000000,0.000000
1786704472.607240,47.184017,1435,26.54,0.00,0.00,0.0000,0.000000,0.000000,0.00,0.00,0.0000,0.000000,0.000000
1786704472.638994,47.215770,1436,26.50,0.00,0.00,0.0000,0.000000,0.000000,0.00,0.00,0.0000,0.000000,0.000000
1786704472.703242,47.280019,1438,26.50,0.00,0.00,0.0000,0.000000,0.000000,0.00,0.00,0.0000,0.000000,0.000000
1786704472.746482,47.323259,1439,26.50,0.00,0.00,0.0000,0.000000,0.000000,0.00,0.00,0.0000,0.000000,0.000000
1786704472.777148,47.353925,1440,26.50,0.00,0.00,0.0000,0.000000,0.000000,0.00,0.00,0.0000,0.000000,0.000000
1786704472.792935,47.369712,1441,26.50,0.00,0.00,0.0000,0.000000,0.000000,0.00,0.00,0.0000,0.000000,0.000000
1786704472.840441,47.417217,1442,26.50,0.00,0.00,0.0000,0.000000,0.000000,0.00,0.00,0.0000,0.000000,0.000000
1786704472.871990,47.448767,1443,26.50,0.00,0.00,0.0000,0.000000,0.000000,0.00,0.00,0.0000,0.000000,0.000000
1786704472.936460,47.513237,1445,26.50,0.00,0.00,0.0000,0.000000,0.000000,0.00,0.00,0.0000,0.000000,0.000000
1786704472.952312,47.529088,1446,26.50,0.00,0.00,0.0000,0.000000,0.000000,0.00,0.00,0.0000,0.000000,0.000000
1786704473.000117,47.576894,1447,26.50,0.00,0.00,0.0000,0.000000,0.000000,0.00,0.00,0.0000,0.000000,0.000000
1786704473.063810,47.640587,1449,26.50,0.00,0.00,0.0000,0.000000,0.000000,0.00,0.00,0.0000,0.000000,0.000000
1786704473.095628,47.672405,1450,26.50,0.00,0.00,0.0000,0.000000,0.000000,0.00,0.00,0.0000,0.000000,0.000000
1786704473.143853,47.720629,1451,26.50,0.00,0.00,0.0000,0.000000,0.000000,0.00,0.00,0.0000,0.000000,0.000000
1786704473.192487,47.769264,1452,26.24,0.00,0.00,0.0000,0.000000,0.000000,0.00,0.00,0.0000,0.000000,0.000000
1786704473.202493,47.779270,1453,26.24,0.00,0.00,0.0000,0.000000,0.000000,0.00,0.00,0.0000,0.000000,0.000000
1786704473.228196,47.804973,1454,26.24,0.00,0.00,0.0000,0.000000,0.000000,0.00,0.00,0.0000,0.000000,0.000000
1786704473.281960,47.858737,1455,26.24,0.00,0.00,0.0000,0.000000,0.000000,0.00,0.00,0.0000,0.000000,0.000000
1786704473.313545,47.890321,1456,26.24,0.00,0.00,0.0000,0.000000,0.000000,0.00,0.00,0.0000,0.000000,0.000000
1786704473.329319,47.906096,1457,26.24,0.00,0.00,0.0000,0.000000,0.000000,0.00,0.00,0.0000,0.000000,0.000000
1786704473.361001,47.937778,1458,26.24,0.00,0.00,0.0000,0.000000,0.000000,0.00,0.00,0.0000,0.000000,0.000000
1786704473.440690,48.017467,1460,26.24,0.00,0.00,0.0000,0.000000,0.000000,0.00,0.00,0.0000,0.000000,0.000000
1786704473.472671,48.049448,1461,26.24,0.00,0.00,0.0000,0.000000,0.000000,0.00,0.00,0.0000,0.000000,0.000000
1786704473.491485,48.068262,1462,26.24,0.00,0.00,0.0000,0.000000,0.000000,0.00,0.00,0.0000,0.000000,0.000000
1786704473.545139,48.121915,1463,26.24,0.00,0.00,0.0000,0.000000,0.000000,0.00,0.00,0.0000,0.000000,0.000000
1786704473.608701,48.185478,1465,26.24,0.00,0.00,0.0000,0.000000,0.000000,0.00,0.00,0.0000,0.000000,0.000000
1786704473.641481,48.218258,1466,26.24,0.00,0.00,0.0000,0.000000,0.000000,0.00,0.00,0.0000,0.000000,0.000000
1786704473.656178,48.232955,1467,26.18,0.00,0.00,0.0000,0.000000,0.000000,0.00,0.00,0.0000,0.000000,0.000000
1786704473.725315,48.302092,1469,26.18,0.00,0.00,0.0000,0.000000,0.000000,0.00,0.00,0.0000,0.000000,0.000000
1786704473.764434,48.341211,1470,26.18,0.00,0.00,0.0000,0.000000,0.000000,0.00,0.00,0.0000,0.000000,0.000000
1786704473.793375,48.370152,1471,26.18,0.00,0.00,0.0000,0.000000,0.000000,0.00,0.00,0.0000,0.000000,0.000000
1786704473.841329,48.418106,1472,26.18,0.00,0.00,0.0000,0.000000,0.000000,0.00,0.00,0.0000,0.000000,0.000000
1786704473.873038,48.449814,1473,26.18,0.00,0.00,0.0000,0.000000,0.000000,0.00,0.00,0.0000,0.000000,0.000000
1786704473.898072,48.474849,1474,26.18,0.00,0.00,0.0000,0.000000,0.000000,0.00,0.00,0.0000,0.000000,0.000000
1786704473.925623,48.502400,1475,26.18,0.00,0.00,0.0000,0.000000,0.000000,0.00,0.00,0.0000,0.000000,0.000000
1786704473.968632,48.545408,1476,26.18,0.00,0.00,0.0000,0.000000,0.000000,0.00,0.00,0.0000,0.000000,0.000000
1786704474.017506,48.594283,1477,26.18,0.00,0.00,0.0000,0.000000,0.000000,0.00,0.00,0.0000,0.000000,0.000000
1786704474.032932,48.609709,1478,26.18,0.00,0.00,0.0000,0.000000,0.000000,0.00,0.00,0.0000,0.000000,0.000000
1786704474.096124,48.672901,1480,26.18,0.00,0.00,0.0000,0.000000,0.000000,0.00,0.00,0.0000,0.000000,0.000000
1786704474.127905,48.704682,1481,26.18,0.00,0.00,0.0000,0.000000,0.000000,0.00,0.00,0.0000,0.000000,0.000000
1786704474.177117,48.753894,1482,26.10,0.00,0.00,0.0000,0.000000,0.000000,0.00,0.00,0.0000,0.000000,0.000000
1786704474.191554,48.768331,1483,26.10,0.00,0.00,0.0000,0.000000,0.000000,0.00,0.00,0.0000,0.000000,0.000000
1786704474.223505,48.800282,1484,26.10,0.00,0.00,0.0000,0.000000,0.000000,0.00,0.00,0.0000,0.000000,0.000000
1786704474.271208,48.847985,1485,26.10,0.00,0.00,0.0000,0.000000,0.000000,0.00,0.00,0.0000,0.000000,0.000000
1786704474.328291,48.905067,1487,26.10,0.00,0.00,0.0000,0.000000,0.000000,0.00,0.00,0.0000,0.000000,0.000000
1786704474.360353,48.937130,1488,26.10,0.00,0.00,0.0000,0.000000,0.000000,0.00,0.00,0.0000,0.000000,0.000000
1786704474.376395,48.953171,1489,26.10,0.00,0.00,0.0000,0.000000,0.000000,0.00,0.00,0.0000,0.000000,0.000000
1786704474.426630,49.003407,1490,26.10,0.00,0.00,0.0000,0.000000,0.000000,0.00,0.00,0.0000,0.000000,0.000000
1786704474.472976,49.049753,1491,26.10,0.00,0.00,0.0000,0.000000,0.000000,0.00,0.00,0.0000,0.000000,0.000000
1786704474.487033,49.063810,1492,26.10,0.00,0.00,0.0000,0.000000,0.000000,0.00,0.00,0.0000,0.000000,0.000000
1786704474.526977,49.103753,1493,26.10,0.00,0.00,0.0000,0.000000,0.000000,0.00,0.00,0.0000,0.000000,0.000000
1786704474.567373,49.144149,1494,26.10,0.00,0.00,0.0000,0.000000,0.000000,0.00,0.00,0.0000,0.000000,0.000000
1786704474.615912,49.192689,1495,26.10,0.00,0.00,0.0000,0.000000,0.000000,0.00,0.00,0.0000,0.000000,0.000000
1786704474.620688,49.197465,1496,26.10,0.00,0.00,0.0000,0.000000,0.000000,0.00,0.00,0.0000,0.000000,0.000000
1786704474.647857,49.224633,1497,26.44,0.00,0.00,0.0000,0.000000,0.000000,0.00,0.00,0.0000,0.000000,0.000000
1786704474.711624,49.288401,1499,26.44,0.00,0.00,0.0000,0.000000,0.000000,0.00,0.00,0.0000,0.000000,0.000000
1786704474.768111,49.344888,1500,26.44,0.00,0.00,0.0000,0.000000,0.000000,0.00,0.00,0.0000,0.000000,0.000000
1786704474.811564,49.388341,1501,26.44,0.00,0.00,0.0000,0.000000,0.000000,0.00,0.00,0.0000,0.000000,0.000000
1786704474.833793,49.410570,1502,26.44,0.00,0.00,0.0000,0.000000,0.000000,0.00,0.00,0.0000,0.000000,0.000000
1786704474.882021,49.458797,1503,26.44,0.00,0.00,0.0000,0.000000,0.000000,0.00,0.00,0.0000,0.000000,0.000000
1786704474.899960,49.476737,1504,26.44,0.00,0.00,0.0000,0.000000,0.000000,0.00,0.00,0.0000,0.000000,0.000000
1786704474.930197,49.506974,1505,26.44,0.00,0.00,0.0000,0.000000,0.000000,0.00,0.00,0.0000,0.000000,0.000000
1786704474.977304,49.554081,1506,26.44,0.00,0.00,0.0000,0.000000,0.000000,0.00,0.00,0.0000,0.000000,0.000000
1786704475.009796,49.586573,1507,26.44,0.00,0.00,0.0000,0.000000,0.000000,0.00,0.00,0.0000,0.000000,0.000000
1786704475.040704,49.617481,1508,26.44,0.00,0.00,0.0000,0.000000,0.000000,0.00,0.00,0.0000,0.000000,0.000000
1786704475.089010,49.665786,1510,26.44,0.00,0.00,0.0000,0.000000,0.000000,0.00,0.00,0.0000,0.000000,0.000000
1786704475.136887,49.713663,1511,26.44,0.00,0.00,0.0000,0.000000,0.000000,0.00,0.00,0.0000,0.000000,0.000000
1786704475.168488,49.745265,1512,26.19,0.00,0.00,0.0000,0.000000,0.000000,0.00,0.00,0.0000,0.000000,0.000000
1786704475.232172,49.808948,1514,26.19,0.00,0.00,0.0000,0.000000,0.000000,0.00,0.00,0.0000,0.000000,0.000000
1786704475.266804,49.843581,1515,26.19,0.00,0.00,0.0000,0.000000,0.000000,0.00,0.00,0.0000,0.000000,0.000000
1786704475.295625,49.872402,1516,26.19,0.00,0.00,0.0000,0.000000,0.000000,0.00,0.00,0.0000,0.000000,0.000000
1786704475.327316,49.904093,1517,26.19,0.00,0.00,0.0000,0.000000,0.000000,0.00,0.00,0.0000,0.000000,0.000000
1786704475.368597,49.945374,1518,26.19,0.00,0.00,0.0000,0.000000,0.000000,0.00,0.00,0.0000,0.000000,0.000000
1786704475.416041,49.992817,1520,26.19,0.00,0.00,0.0000,0.000000,0.000000,0.00,0.00,0.0000,0.000000,0.000000
1786704475.478992,50.055768,1521,26.19,0.00,0.00,0.0000,0.000000,0.000000,0.00,0.00,0.0000,0.000000,0.000000
1786704475.497158,50.073934,1522,26.19,0.00,0.00,0.0000,0.000000,0.000000,0.00,0.00,0.0000,0.000000,0.000000
1786704475.535785,50.112562,1523,26.19,0.00,0.00,0.0000,0.000000,0.000000,0.00,0.00,0.0000,0.000000,0.000000
1786704475.583968,50.160745,1524,26.19,0.00,0.00,0.0000,0.000000,0.000000,0.00,0.00,0.0000,0.000000,0.000000
1786704475.612573,50.189350,1525,26.19,0.00,0.00,0.0000,0.000000,0.000000,0.00,0.00,0.0000,0.000000,0.000000
1786704475.631058,50.207834,1526,26.19,0.00,0.00,0.0000,0.000000,0.000000,0.00,0.00,0.0000,0.000000,0.000000
1786704475.679051,50.255827,1527,26.19,0.00,0.00,0.0000,0.000000,0.000000,0.00,0.00,0.0000,0.000000,0.000000
1786704475.694714,50.271491,1528,26.39,0.00,0.00,0.0000,0.000000,0.000000,0.00,0.00,0.0000,0.000000,0.000000
1786704475.758449,50.335226,1529,26.39,0.00,0.00,0.0000,0.000000,0.000000,0.00,0.00,0.0000,0.000000,0.000000
1786704475.790418,50.367195,1531,26.39,0.00,0.00,0.0000,0.000000,0.000000,0.00,0.00,0.0000,0.000000,0.000000
1786704475.854404,50.431181,1532,26.39,0.00,0.00,0.0000,0.000000,0.000000,0.00,0.00,0.0000,0.000000,0.000000
1786704475.895851,50.472628,1534,26.39,0.00,0.00,0.0000,0.000000,0.000000,0.00,0.00,0.0000,0.000000,0.000000
1786704475.928483,50.505260,1535,26.39,0.00,0.00,0.0000,0.000000,0.000000,0.00,0.00,0.0000,0.000000,0.000000
1786704475.975178,50.551955,1536,26.39,0.00,0.00,0.0000,0.000000,0.000000,0.00,0.00,0.0000,0.000000,0.000000
1786704475.991191,50.567968,1537,26.39,0.00,0.00,0.0000,0.000000,0.000000,0.00,0.00,0.0000,0.000000,0.000000
1786704476.039329,50.616106,1538,26.39,0.00,0.00,0.0000,0.000000,0.000000,0.00,0.00,0.0000,0.000000,0.000000
1786704476.055282,50.632059,1539,26.39,0.00,0.00,0.0000,0.000000,0.000000,0.00,0.00,0.0000,0.000000,0.000000
1786704476.119382,50.696159,1540,26.39,0.00,0.00,0.0000,0.000000,0.000000,0.00,0.00,0.0000,0.000000,0.000000
1786704476.151094,50.727871,1541,26.39,0.00,0.00,0.0000,0.000000,0.000000,0.00,0.00,0.0000,0.000000,0.000000
1786704476.166769,50.743545,1542,26.39,0.00,0.00,0.0000,0.000000,0.000000,0.00,0.00,0.0000,0.000000,0.000000
1786704476.198792,50.775568,1543,26.27,0.00,0.00,0.0000,0.000000,0.000000,0.00,0.00,0.0000,0.000000,0.000000
1786704476.230476,50.807252,1544,26.27,0.00,0.00,0.0000,0.000000,0.000000,0.00,0.00,0.0000,0.000000,0.000000
1786704476.278419,50.855196,1545,26.27,0.00,0.00,0.0000,0.000000,0.000000,0.00,0.00,0.0000,0.000000,0.000000
1786704476.342251,50.919027,1547,26.27,0.00,0.00,0.0000,0.000000,0.000000,0.00,0.00,0.0000,0.000000,0.000000
1786704476.358291,50.935068,1548,26.27,0.00,0.00,0.0000,0.000000,0.000000,0.00,0.00,0.0000,0.000000,0.000000
1786704476.406760,50.983536,1549,26.27,0.00,0.00,0.0000,0.000000,0.000000,0.00,0.00,0.0000,0.000000,0.000000
1786704476.415663,50.992439,1550,26.27,0.00,0.00,0.0000,0.000000,0.000000,0.00,0.00,0.0000,0.000000,0.000000
1786704476.479815,51.056592,1551,26.27,0.00,0.00,0.0000,0.000000,0.000000,0.00,0.00,0.0000,0.000000,0.000000
1786704476.495024,51.071800,1552,26.27,0.00,0.00,0.0000,0.000000,0.000000,0.00,0.00,0.0000,0.000000,0.000000
1786704476.526466,51.103243,1553,26.27,0.00,0.00,0.0000,0.000000,0.000000,0.00,0.00,0.0000,0.000000,0.000000
1786704476.574394,51.151171,1554,26.27,0.00,0.00,0.0000,0.000000,0.000000,0.00,0.00,0.0000,0.000000,0.000000
1786704476.590072,51.166849,1555,26.27,0.00,0.00,0.0000,0.000000,0.000000,0.00,0.00,0.0000,0.000000,0.000000
1786704476.638031,51.214807,1556,26.27,0.00,0.00,0.0000,0.000000,0.000000,0.00,0.00,0.0000,0.000000,0.000000
1786704476.685406,51.262183,1558,26.27,0.00,0.00,0.0000,0.000000,0.000000,0.00,0.00,0.0000,0.000000,0.000000
1786704476.733383,51.310160,1559,26.41,0.00,0.00,0.0000,0.000000,0.000000,0.00,0.00,0.0000,0.000000,0.000000
1786704476.765437,51.342214,1560,26.41,0.00,0.00,0.0000,0.000000,0.000000,0.00,0.00,0.0000,0.000000,0.000000
1786704476.797344,51.374121,1561,26.41,0.00,0.00,0.0000,0.000000,0.000000,0.00,0.00,0.0000,0.000000,0.000000
1786704476.861498,51.438275,1563,26.41,0.00,0.00,0.0000,0.000000,0.000000,0.00,0.00,0.0000,0.000000,0.000000
1786704476.909475,51.486252,1564,26.41,0.00,0.00,0.0000,0.000000,0.000000,0.00,0.00,0.0000,0.000000,0.000000
1786704476.941422,51.518198,1565,26.41,0.00,0.00,0.0000,0.000000,0.000000,0.00,0.00,0.0000,0.000000,0.000000
1786704476.966423,51.543200,1566,26.41,0.00,0.00,0.0000,0.000000,0.000000,0.00,0.00,0.0000,0.000000,0.000000
1786704477.037396,51.614173,1567,26.41,0.00,0.00,0.0000,0.000000,0.000000,0.00,0.00,0.0000,0.000000,0.000000
1786704477.045120,51.621897,1568,26.41,0.00,0.00,0.0000,0.000000,0.000000,0.00,0.00,0.0000,0.000000,0.000000
1786704477.077277,51.654053,1569,26.41,0.00,0.00,0.0000,0.000000,0.000000,0.00,0.00,0.0000,0.000000,0.000000
1786704477.092973,51.669750,1570,26.41,0.00,0.00,0.0000,0.000000,0.000000,0.00,0.00,0.0000,0.000000,0.000000
1786704477.129313,51.706090,1571,26.41,0.00,0.00,0.0000,0.000000,0.000000,0.00,0.00,0.0000,0.000000,0.000000
1786704477.156627,51.733404,1572,26.41,0.00,0.00,0.0000,0.000000,0.000000,0.00,0.00,0.0000,0.000000,0.000000
1786704477.229556,51.806332,1574,26.41,0.00,0.00,0.0000,0.000000,0.000000,0.00,0.00,0.0000,0.000000,0.000000
1786704477.262747,51.839523,1575,26.52,0.00,0.00,0.0000,0.000000,0.000000,0.00,0.00,0.0000,0.000000,0.000000
1786704477.284617,51.861394,1576,26.52,0.00,0.00,0.0000,0.000000,0.000000,0.00,0.00,0.0000,0.000000,0.000000
1786704477.341492,51.918268,1577,26.52,0.00,0.00,0.0000,0.000000,0.000000,0.00,0.00,0.0000,0.000000,0.000000
1786704477.364202,51.940979,1578,26.52,0.00,0.00,0.0000,0.000000,0.000000,0.00,0.00,0.0000,0.000000,0.000000
1786704477.413149,51.989926,1579,26.52,0.00,0.00,0.0000,0.000000,0.000000,0.00,0.00,0.0000,0.000000,0.000000
1786704477.444185,52.020962,1580,26.52,0.00,0.00,0.0000,0.000000,0.000000,0.00,0.00,0.0000,0.000000,0.000000
1786704477.471311,52.048087,1581,26.52,0.00,0.00,0.0000,0.000000,0.000000,0.00,0.00,0.0000,0.000000,0.000000
1786704477.501033,52.077810,1582,26.52,0.00,0.00,0.0000,0.000000,0.000000,0.00,0.00,0.0000,0.000000,0.000000
1786704477.545777,52.122554,1583,26.52,0.00,0.00,0.0000,0.000000,0.000000,0.00,0.00,0.0000,0.000000,0.000000
1786704477.560694,52.137471,1584,26.52,0.00,0.00,0.0000,0.000000,0.000000,0.00,0.00,0.0000,0.000000,0.000000
1786704477.597473,52.174249,1585,26.52,0.00,0.00,0.0000,0.000000,0.000000,0.00,0.00,0.0000,0.000000,0.000000
1786704477.626750,52.203526,1586,26.52,0.00,0.00,0.0000,0.000000,0.000000,0.00,0.00,0.0000,0.000000,0.000000
1786704477.671700,52.248476,1587,26.52,0.00,0.00,0.0000,0.000000,0.000000,0.00,0.00,0.0000,0.000000,0.000000
1786704477.721251,52.298028,1588,26.52,0.00,0.00,0.0000,0.000000,0.000000,0.00,0.00,0.0000,0.000000,0.000000
1786704477.723254,52.300030,1589,26.65,0.00,0.00,0.0000,0.000000,0.000000,0.00,0.00,0.0000,0.000000,0.000000
1786704477.767758,52.344535,1590,26.65,0.00,0.00,0.0000,0.000000,0.000000,0.00,0.00,0.0000,0.000000,0.000000
1786704477.831548,52.408325,1592,26.65,0.00,0.00,0.0000,0.000000,0.000000,0.00,0.00,0.0000,0.000000,0.000000
1786704477.879405,52.456182,1593,26.65,0.00,0.00,0.0000,0.000000,0.000000,0.00,0.00,0.0000,0.000000,0.000000
1786704477.895928,52.472705,1594,26.65,0.00,0.00,0.0000,0.000000,0.000000,0.00,0.00,0.0000,0.000000,0.000000
1786704477.927094,52.503871,1595,26.65,0.00,0.00,0.0000,0.000000,0.000000,0.00,0.00,0.0000,0.000000,0.000000
1786704477.977667,52.554443,1596,26.65,0.00,0.00,0.0000,0.000000,0.000000,0.00,0.00,0.0000,0.000000,0.000000
1786704477.994974,52.571750,1597,26.65,0.00,0.00,0.0000,0.000000,0.000000,0.00,0.00,0.0000,0.000000,0.000000
1786704478.056005,52.632782,1599,26.65,0.00,0.00,0.0000,0.000000,0.000000,0.00,0.00,0.0000,0.000000,0.000000
1786704478.119952,52.696728,1600,26.65,0.00,0.00,0.0000,0.000000,0.000000,0.00,0.00,0.0000,0.000000,0.000000
1786704478.135965,52.712742,1601,26.65,0.00,0.00,0.0000,0.000000,0.000000,0.00,0.00,0.0000,0.000000,0.000000
1786704478.183903,52.760680,1603,26.65,0.00,0.00,0.0000,0.000000,0.000000,0.00,0.00,0.0000,0.000000,0.000000
1786704478.215687,52.792463,1604,26.65,0.00,0.00,0.0000,0.000000,0.000000,0.00,0.00,0.0000,0.000000,0.000000
1786704478.262369,52.839146,1605,26.52,0.00,0.00,0.0000,0.000000,0.000000,0.00,0.00,0.0000,0.000000,0.000000
1786704478.300424,52.877200,1606,26.52,0.00,0.00,0.0000,0.000000,0.000000,0.00,0.00,0.0000,0.000000,0.000000
1786704478.325976,52.902753,1607,26.52,0.00,0.00,0.0000,0.000000,0.000000,0.00,0.00,0.0000,0.000000,0.000000
1786704478.373422,52.950199,1608,26.52,0.00,0.00,0.0000,0.000000,0.000000,0.00,0.00,0.0000,0.000000,0.000000
1786704478.395387,52.972164,1609,26.52,0.00,0.00,0.0000,0.000000,0.000000,0.00,0.00,0.0000,0.000000,0.000000
1786704478.423360,53.000137,1610,26.52,0.00,0.00,0.0000,0.000000,0.000000,0.00,0.00,0.0000,0.000000,0.000000
1786704478.469025,53.045802,1611,26.52,0.00,0.00,0.0000,0.000000,0.000000,0.00,0.00,0.0000,0.000000,0.000000
1786704478.516429,53.093206,1612,26.52,0.00,0.00,0.0000,0.000000,0.000000,0.00,0.00,0.0000,0.000000,0.000000
1786704478.532618,53.109395,1613,26.52,0.00,0.00,0.0000,0.000000,0.000000,0.00,0.00,0.0000,0.000000,0.000000
1786704478.588207,53.164984,1614,26.52,0.00,0.00,0.0000,0.000000,0.000000,0.00,0.00,0.0000,0.000000,0.000000
1786704478.620077,53.196854,1616,26.52,0.00,0.00,0.0000,0.000000,0.000000,0.00,0.00,0.0000,0.000000,0.000000
1786704478.667678,53.244455,1617,26.52,0.00,0.00,0.0000,0.000000,0.000000,0.00,0.00,0.0000,0.000000,0.000000
1786704478.715489,53.292266,1618,26.52,0.00,0.00,0.0000,0.000000,0.000000,0.00,0.00,0.0000,0.000000,0.000000
1786704478.731368,53.308145,1619,26.52,0.00,0.00,0.0000,0.000000,0.000000,0.00,0.00,0.0000,0.000000,0.000000
1786704478.810994,53.387770,1621,26.48,0.00,0.00,0.0000,0.000000,0.000000,0.00,0.00,0.0000,0.000000,0.000000
1786704478.842600,53.419376,1622,26.48,0.00,0.00,0.0000,0.000000,0.000000,0.00,0.00,0.0000,0.000000,0.000000
1786704478.864450,53.441227,1623,26.48,0.00,0.00,0.0000,0.000000,0.000000,0.00,0.00,0.0000,0.000000,0.000000
1786704478.906091,53.482868,1624,26.48,0.00,0.00,0.0000,0.000000,0.000000,0.00,0.00,0.0000,0.000000,0.000000
1786704478.954357,53.531133,1625,26.48,0.00,0.00,0.0000,0.000000,0.000000,0.00,0.00,0.0000,0.000000,0.000000
1786704478.970010,53.546786,1626,26.48,0.00,0.00,0.0000,0.000000,0.000000,0.00,0.00,0.0000,0.000000,0.000000
1786704479.018170,53.594947,1628,26.48,0.00,0.00,0.0000,0.000000,0.000000,0.00,0.00,0.0000,0.000000,0.000000
1786704479.076461,53.653238,1629,26.48,0.00,0.00,0.0000,0.000000,0.000000,0.00,0.00,0.0000,0.000000,0.000000
1786704479.108298,53.685075,1630,26.48,0.00,0.00,0.0000,0.000000,0.000000,0.00,0.00,0.0000,0.000000,0.000000
1786704479.128809,53.705586,1631,26.48,0.00,0.00,0.0000,0.000000,0.000000,0.00,0.00,0.0000,0.000000,0.000000
1786704479.171734,53.748511,1632,26.48,0.00,0.00,0.0000,0.000000,0.000000,0.00,0.00,0.0000,0.000000,0.000000
1786704479.218494,53.795270,1633,26.48,0.00,0.00,0.0000,0.000000,0.000000,0.00,0.00,0.0000,0.000000,0.000000
1786704479.249966,53.826743,1634,26.48,0.00,0.00,0.0000,0.000000,0.000000,0.00,0.00,0.0000,0.000000,0.000000
1786704479.282453,53.859230,1635,26.48,0.00,0.00,0.0000,0.000000,0.000000,0.00,0.00,0.0000,0.000000,0.000000
1786704479.297745,53.874522,1636,26.64,0.00,0.00,0.0000,0.000000,0.000000,0.00,0.00,0.0000,0.000000,0.000000
1786704479.353474,53.930251,1638,26.64,0.00,0.00,0.0000,0.000000,0.000000,0.00,0.00,0.0000,0.000000,0.000000
1786704479.409559,53.986336,1639,26.64,0.00,0.00,0.0000,0.000000,0.000000,0.00,0.00,0.0000,0.000000,0.000000
1786704479.440045,54.016822,1640,26.64,0.00,0.00,0.0000,0.000000,0.000000,0.00,0.00,0.0000,0.000000,0.000000
1786704479.471555,54.048332,1641,26.64,0.00,0.00,0.0000,0.000000,0.000000,0.00,0.00,0.0000,0.000000,0.000000
1786704479.501243,54.078020,1642,26.64,0.00,0.00,0.0000,0.000000,0.000000,0.00,0.00,0.0000,0.000000,0.000000
1786704479.513709,54.090486,1643,26.64,0.00,0.00,0.0000,0.000000,0.000000,0.00,0.00,0.0000,0.000000,0.000000
1786704479.606288,54.183064,1645,26.64,0.00,0.00,0.0000,0.000000,0.000000,0.00,0.00,0.0000,0.000000,0.000000
1786704479.637007,54.213784,1646,26.64,0.00,0.00,0.0000,0.000000,0.000000,0.00,0.00,0.0000,0.000000,0.000000
1786704479.668631,54.245407,1647,26.64,0.00,0.00,0.0000,0.000000,0.000000,0.00,0.00,0.0000,0.000000,0.000000
1786704479.700539,54.277315,1648,26.64,0.00,0.00,0.0000,0.000000,0.000000,0.00,0.00,0.0000,0.000000,0.000000
1786704479.732270,54.309047,1649,26.64,0.00,0.00,0.0000,0.000000,0.000000,0.00,0.00,0.0000,0.000000,0.000000
1786704479.748162,54.324939,1650,26.64,0.00,0.00,0.0000,0.000000,0.000000,0.00,0.00,0.0000,0.000000,0.000000
1786704479.796122,54.372898,1651,26.64,0.00,0.00,0.0000,0.000000,0.000000,0.00,0.00,0.0000,0.000000,0.000000
1786704479.832230,54.409007,1652,26.75,0.00,0.00,0.0000,0.000000,0.000000,0.00,0.00,0.0000,0.000000,0.000000
1786704479.877590,54.454367,1653,26.75,0.00,0.00,0.0000,0.000000,0.000000,0.00,0.00,0.0000,0.000000,0.000000
1786704479.907905,54.484681,1654,26.75,0.00,0.00,0.0000,0.000000,0.000000,0.00,0.00,0.0000,0.000000,0.000000
1786704479.940069,54.516846,1655,26.75,0.00,0.00,0.0000,0.000000,0.000000,0.00,0.00,0.0000,0.000000,0.000000
1786704479.987697,54.564474,1657,26.75,0.00,0.00,0.0000,0.000000,0.000000,0.00,0.00,0.0000,0.000000,0.000000
1786704480.019464,54.596241,1658,26.75,0.00,0.00,0.0000,0.000000,0.000000,0.00,0.00,0.0000,0.000000,0.000000
1786704480.051287,54.628063,1659,26.75,0.00,0.00,0.0000,0.000000,0.000000,0.00,0.00,0.0000,0.000000,0.000000
1786704480.116999,54.693776,1660,26.75,0.00,0.00,0.0000,0.000000,0.000000,0.00,0.00,0.0000,0.000000,0.000000
1786704480.140237,54.717013,1661,26.75,0.00,0.00,0.0000,0.000000,0.000000,0.00,0.00,0.0000,0.000000,0.000000
1786704480.172186,54.748963,1662,26.75,0.00,0.00,0.0000,0.000000,0.000000,0.00,0.00,0.0000,0.000000,0.000000
1786704480.192385,54.769162,1663,26.75,0.00,0.00,0.0000,0.000000,0.000000,0.00,0.00,0.0000,0.000000,0.000000
1786704480.220279,54.797055,1664,26.75,0.00,0.00,0.0000,0.000000,0.000000,0.00,0.00,0.0000,0.000000,0.000000
1786704480.268510,54.845287,1665,26.75,0.00,0.00,0.0000,0.000000,0.000000,0.00,0.00,0.0000,0.000000,0.000000
1786704480.300095,54.876872,1666,26.75,0.00,0.00,0.0000,0.000000,0.000000,0.00,0.00,0.0000,0.000000,0.000000
1786704480.331841,54.908618,1667,26.79,0.00,0.00,0.0000,0.000000,0.000000,0.00,0.00,0.0000,0.000000,0.000000
1786704480.379699,54.956475,1669,26.79,0.00,0.00,0.0000,0.000000,0.000000,0.00,0.00,0.0000,0.000000,0.000000
1786704480.427415,55.004192,1670,26.79,0.00,0.00,0.0000,0.000000,0.000000,0.00,0.00,0.0000,0.000000,0.000000
1786704480.476148,55.052925,1671,26.79,0.00,0.00,0.0000,0.000000,0.000000,0.00,0.00,0.0000,0.000000,0.000000
1786704480.490824,55.067600,1672,26.79,0.00,0.00,0.0000,0.000000,0.000000,0.00,0.00,0.0000,0.000000,0.000000
1786704480.538312,55.115088,1673,26.79,0.00,0.00,0.0000,0.000000,0.000000,0.00,0.00,0.0000,0.000000,0.000000
1786704480.570049,55.146826,1674,26.79,0.00,0.00,0.0000,0.000000,0.000000,0.00,0.00,0.0000,0.000000,0.000000
1786704480.633264,55.210040,1676,26.79,0.00,0.00,0.0000,0.000000,0.000000,0.00,0.00,0.0000,0.000000,0.000000
1786704480.673977,55.250754,1677,26.79,0.00,0.00,0.0000,0.000000,0.000000,0.00,0.00,0.0000,0.000000,0.000000
1786704480.721359,55.298136,1679,26.79,0.00,0.00,0.0000,0.000000,0.000000,0.00,0.00,0.0000,0.000000,0.000000
1786704480.769211,55.345988,1680,26.79,0.00,0.00,0.0000,0.000000,0.000000,0.00,0.00,0.0000,0.000000,0.000000
1786704480.803264,55.380040,1681,26.79,0.00,0.00,0.0000,0.000000,0.000000,0.00,0.00,0.0000,0.000000,0.000000
1786704480.870308,55.447085,1682,26.07,0.00,0.00,0.0000,0.000000,0.000000,0.00,0.00,0.0000,0.000000,0.000000
1786704480.896975,55.473752,1684,26.07,0.00,0.00,0.0000,0.000000,0.000000,0.00,0.00,0.0000,0.000000,0.000000
1786704480.928511,55.505288,1685,26.07,0.00,0.00,0.0000,0.000000,0.000000,0.00,0.00,0.0000,0.000000,0.000000
1786704480.959790,55.536567,1686,26.07,0.00,0.00,0.0000,0.000000,0.000000,0.00,0.00,0.0000,0.000000,0.000000
1786704481.023450,55.600226,1688,26.07,0.00,0.00,0.0000,0.000000,0.000000,0.00,0.00,0.0000,0.000000,0.000000
1786704481.070661,55.647437,1689,26.07,0.00,0.00,0.0000,0.000000,0.000000,0.00,0.00,0.0000,0.000000,0.000000
1786704481.118472,55.695249,1690,26.07,0.00,0.00,0.0000,0.000000,0.000000,0.00,0.00,0.0000,0.000000,0.000000
1786704481.121107,55.697884,1691,26.07,0.00,0.00,0.0000,0.000000,0.000000,0.00,0.00,0.0000,0.000000,0.000000
1786704481.169770,55.746547,1692,26.07,0.00,0.00,0.0000,0.000000,0.000000,0.00,0.00,0.0000,0.000000,0.000000
1786704481.194392,55.771168,1693,26.07,0.00,0.00,0.0000,0.000000,0.000000,0.00,0.00,0.0000,0.000000,0.000000
1786704481.242128,55.818904,1694,26.07,0.00,0.00,0.0000,0.000000,0.000000,0.00,0.00,0.0000,0.000000,0.000000
1786704481.290235,55.867012,1696,26.07,0.00,0.00,0.0000,0.000000,0.000000,0.00,0.00,0.0000,0.000000,0.000000
1786704481.355210,55.931987,1697,26.07,0.00,0.00,0.0000,0.000000,0.000000,0.00,0.00,0.0000,0.000000,0.000000
1786704481.370567,55.947343,1698,25.84,0.00,0.00,0.0000,0.000000,0.000000,0.00,0.00,0.0000,0.000000,0.000000
1786704481.434361,56.011137,1700,25.84,0.00,0.00,0.0000,0.000000,0.000000,0.00,0.00,0.0000,0.000000,0.000000
1786704481.465887,56.042664,1701,25.84,0.00,0.00,0.0000,0.000000,0.000000,0.00,0.00,0.0000,0.000000,0.000000
1786704481.534482,56.111259,1703,25.84,0.00,0.00,0.0000,0.000000,0.000000,0.00,0.00,0.0000,0.000000,0.000000
1786704481.575642,56.152419,1704,25.84,0.00,0.00,0.0000,0.000000,0.000000,0.00,0.00,0.0000,0.000000,0.000000
1786704481.590879,56.167656,1705,25.84,0.00,0.00,0.0000,0.000000,0.000000,0.00,0.00,0.0000,0.000000,0.000000
1786704481.638356,56.215132,1706,25.84,0.00,0.00,0.0000,0.000000,0.000000,0.00,0.00,0.0000,0.000000,0.000000
1786704481.670119,56.246896,1707,25.84,0.00,0.00,0.0000,0.000000,0.000000,0.00,0.00,0.0000,0.000000,0.000000
1786704481.734659,56.311435,1709,25.84,0.00,0.00,0.0000,0.000000,0.000000,0.00,0.00,0.0000,0.000000,0.000000
1786704481.777180,56.353956,1710,25.84,0.00,0.00,0.0000,0.000000,0.000000,0.00,0.00,0.0000,0.000000,0.000000
1786704481.810213,56.386990,1711,25.84,0.00,0.00,0.0000,0.000000,0.000000,0.00,0.00,0.0000,0.000000,0.000000
1786704481.842018,56.418794,1712,25.84,0.00,0.00,0.0000,0.000000,0.000000,0.00,0.00,0.0000,0.000000,0.000000
1786704481.875854,56.452631,1713,25.84,0.00,0.00,0.0000,0.000000,0.000000,0.00,0.00,0.0000,0.000000,0.000000
1786704481.904714,56.481490,1714,25.69,0.00,0.00,0.0000,0.000000,0.000000,0.00,0.00,0.0000,0.000000,0.000000
1786704481.920775,56.497552,1715,25.69,0.00,0.00,0.0000,0.000000,0.000000,0.00,0.00,0.0000,0.000000,0.000000
1786704481.968322,56.545099,1716,25.69,0.00,0.00,0.0000,0.000000,0.000000,0.00,0.00,0.0000,0.000000,0.000000
1786704482.016388,56.593164,1717,25.69,0.00,0.00,0.0000,0.000000,0.000000,0.00,0.00,0.0000,0.000000,0.000000
1786704482.048293,56.625070,1719,25.69,0.00,0.00,0.0000,0.000000,0.000000,0.00,0.00,0.0000,0.000000,0.000000
1786704482.111890,56.688666,1720,25.69,0.00,0.00,0.0000,0.000000,0.000000,0.00,0.00,0.0000,0.000000,0.000000
1786704482.159523,56.736300,1722,25.69,0.00,0.00,0.0000,0.000000,0.000000,0.00,0.00,0.0000,0.000000,0.000000
1786704482.191416,56.768193,1723,25.69,0.00,0.00,0.0000,0.000000,0.000000,0.00,0.00,0.0000,0.000000,0.000000
1786704482.239517,56.816294,1724,25.69,0.00,0.00,0.0000,0.000000,0.000000,0.00,0.00,0.0000,0.000000,0.000000
1786704482.295497,56.872273,1726,25.69,0.00,0.00,0.0000,0.000000,0.000000,0.00,0.00,0.0000,0.000000,0.000000
1786704482.336163,56.912940,1727,25.69,0.00,0.00,0.0000,0.000000,0.000000,0.00,0.00,0.0000,0.000000,0.000000
1786704482.359589,56.936366,1728,25.69,0.00,0.00,0.0000,0.000000,0.000000,0.00,0.00,0.0000,0.000000,0.000000
1786704482.407497,56.984273,1729,25.33,0.00,0.00,0.0000,0.000000,0.000000,0.00,0.00,0.0000,0.000000,0.000000
1786704482.439387,57.016164,1730,25.33,0.00,0.00,0.0000,0.000000,0.000000,0.00,0.00,0.0000,0.000000,0.000000
1786704482.471695,57.048472,1731,25.33,0.00,0.00,0.0000,0.000000,0.000000,0.00,0.00,0.0000,0.000000,0.000000
1786704482.519442,57.096219,1733,25.33,0.00,0.00,0.0000,0.000000,0.000000,0.00,0.00,0.0000,0.000000,0.000000
1786704482.567672,57.144449,1734,25.33,0.00,0.00,0.0000,0.000000,0.000000,0.00,0.00,0.0000,0.000000,0.000000
1786704482.631450,57.208226,1736,25.33,0.00,0.00,0.0000,0.000000,0.000000,0.00,0.00,0.0000,0.000000,0.000000
1786704482.694747,57.271524,1738,25.33,0.00,0.00,0.0000,0.000000,0.000000,0.00,0.00,0.0000,0.000000,0.000000
1786704482.742135,57.318912,1739,25.33,0.00,0.00,0.0000,0.000000,0.000000,0.00,0.00,0.0000,0.000000,0.000000
1786704482.769705,57.346482,1740,25.33,0.00,0.00,0.0000,0.000000,0.000000,0.00,0.00,0.0000,0.000000,0.000000
1786704482.817532,57.394309,1741,25.33,0.00,0.00,0.0000,0.000000,0.000000,0.00,0.00,0.0000,0.000000,0.000000
1786704482.851608,57.428385,1742,25.33,0.00,0.00,0.0000,0.000000,0.000000,0.00,0.00,0.0000,0.000000,0.000000
1786704482.864945,57.441721,1743,25.33,0.00,0.00,0.0000,0.000000,0.000000,0.00,0.00,0.0000,0.000000,0.000000
1786704482.913079,57.489856,1744,25.01,0.00,0.00,0.0000,0.000000,0.000000,0.00,0.00,0.0000,0.000000,0.000000
1786704482.928973,57.505750,1745,25.01,0.00,0.00,0.0000,0.000000,0.000000,0.00,0.00,0.0000,0.000000,0.000000
1786704482.992816,57.569592,1747,25.01,0.00,0.00,0.0000,0.000000,0.000000,0.00,0.00,0.0000,0.000000,0.000000
1786704483.041080,57.617857,1748,25.01,0.00,0.00,0.0000,0.000000,0.000000,0.00,0.00,0.0000,0.000000,0.000000
1786704483.073061,57.649838,1749,25.01,0.00,0.00,0.0000,0.000000,0.000000,0.00,0.00,0.0000,0.000000,0.000000
1786704483.104998,57.681774,1750,25.01,0.00,0.00,0.0000,0.000000,0.000000,0.00,0.00,0.0000,0.000000,0.000000
1786704483.137162,57.713938,1751,25.01,0.00,0.00,0.0000,0.000000,0.000000,0.00,0.00,0.0000,0.000000,0.000000
1786704483.200140,57.776917,1753,25.01,0.00,0.00,0.0000,0.000000,0.000000,0.00,0.00,0.0000,0.000000,0.000000
1786704483.232306,57.809083,1754,25.01,0.00,0.00,0.0000,0.000000,0.000000,0.00,0.00,0.0000,0.000000,0.000000
1786704483.263599,57.840375,1755,25.01,0.00,0.00,0.0000,0.000000,0.000000,0.00,0.00,0.0000,0.000000,0.000000
1786704483.305199,57.881976,1756,25.01,0.00,0.00,0.0000,0.000000,0.000000,0.00,0.00,0.0000,0.000000,0.000000
1786704483.332500,57.909276,1757,25.01,0.00,0.00,0.0000,0.000000,0.000000,0.00,0.00,0.0000,0.000000,0.000000
1786704483.353621,57.930398,1758,25.01,0.00,0.00,0.0000,0.000000,0.000000,0.00,0.00,0.0000,0.000000,0.000000
1786704483.419712,57.996489,1759,25.17,0.00,0.00,0.0000,0.000000,0.000000,0.00,0.00,0.0000,0.000000,0.000000
1786704483.448686,58.025463,1760,25.17,0.00,0.00,0.0000,0.000000,0.000000,0.00,0.00,0.0000,0.000000,0.000000
1786704483.464390,58.041166,1761,25.17,0.00,0.00,0.0000,0.000000,0.000000,0.00,0.00,0.0000,0.000000,0.000000
1786704483.527578,58.104355,1763,25.17,0.00,0.00,0.0000,0.000000,0.000000,0.00,0.00,0.0000,0.000000,0.000000
1786704483.575174,58.151951,1764,25.17,0.00,0.00,0.0000,0.000000,0.000000,0.00,0.00,0.0000,0.000000,0.000000
1786704483.590689,58.167466,1765,25.17,0.00,0.00,0.0000,0.000000,0.000000,0.00,0.00,0.0000,0.000000,0.000000
1786704483.626272,58.203049,1766,25.17,0.00,0.00,0.0000,0.000000,0.000000,0.00,0.00,0.0000,0.000000,0.000000
1786704483.686464,58.263240,1767,25.17,0.00,0.00,0.0000,0.000000,0.000000,0.00,0.00,0.0000,0.000000,0.000000
1786704483.719594,58.296370,1769,25.17,0.00,0.00,0.0000,0.000000,0.000000,0.00,0.00,0.0000,0.000000,0.000000
1786704483.781375,58.358151,1770,25.17,0.00,0.00,0.0000,0.000000,0.000000,0.00,0.00,0.0000,0.000000,0.000000
1786704483.812470,58.389247,1771,25.17,0.00,0.00,0.0000,0.000000,0.000000,0.00,0.00,0.0000,0.000000,0.000000
1786704483.828622,58.405399,1772,25.17,0.00,0.00,0.0000,0.000000,0.000000,0.00,0.00,0.0000,0.000000,0.000000
1786704483.870448,58.447225,1773,25.17,0.00,0.00,0.0000,0.000000,0.000000,0.00,0.00,0.0000,0.000000,0.000000
1786704483.894130,58.470907,1774,25.17,0.00,0.00,0.0000,0.000000,0.000000,0.00,0.00,0.0000,0.000000,0.000000
1786704483.933893,58.510670,1775,25.55,0.00,0.00,0.0000,0.000000,0.000000,0.00,0.00,0.0000,0.000000,0.000000
1786704483.949895,58.526672,1776,25.55,0.00,0.00,0.0000,0.000000,0.000000,0.00,0.00,0.0000,0.000000,0.000000
1786704483.997278,58.574055,1777,25.55,0.00,0.00,0.0000,0.000000,0.000000,0.00,0.00,0.0000,0.000000,0.000000
1786704484.045187,58.621963,1778,25.55,0.00,0.00,0.0000,0.000000,0.000000,0.00,0.00,0.0000,0.000000,0.000000
1786704484.060868,58.637645,1779,25.55,0.00,0.00,0.0000,0.000000,0.000000,0.00,0.00,0.0000,0.000000,0.000000
1786704484.092833,58.669610,1780,25.55,0.00,0.00,0.0000,0.000000,0.000000,0.00,0.00,0.0000,0.000000,0.000000
1786704484.172173,58.748950,1782,25.55,0.00,0.00,0.0000,0.000000,0.000000,0.00,0.00,0.0000,0.000000,0.000000
1786704484.204205,58.780981,1783,25.55,0.00,0.00,0.0000,0.000000,0.000000,0.00,0.00,0.0000,0.000000,0.000000
1786704484.236157,58.812934,1784,25.55,0.00,0.00,0.0000,0.000000,0.000000,0.00,0.00,0.0000,0.000000,0.000000
1786704484.268708,58.845484,1785,25.55,0.00,0.00,0.0000,0.000000,0.000000,0.00,0.00,0.0000,0.000000,0.000000
1786704484.300434,58.877210,1786,25.55,0.00,0.00,0.0000,0.000000,0.000000,0.00,0.00,0.0000,0.000000,0.000000
1786704484.332456,58.909233,1787,25.55,0.00,0.00,0.0000,0.000000,0.000000,0.00,0.00,0.0000,0.000000,0.000000
1786704484.391771,58.968548,1788,25.55,0.00,0.00,0.0000,0.000000,0.000000,0.00,0.00,0.0000,0.000000,0.000000
1786704484.406941,58.983718,1789,25.55,0.00,0.00,0.0000,0.000000,0.000000,0.00,0.00,0.0000,0.000000,0.000000
1786704484.454490,59.031267,1791,25.82,0.00,0.00,0.0000,0.000000,0.000000,0.00,0.00,0.0000,0.000000,0.000000
1786704484.517903,59.094680,1792,25.82,0.00,0.00,0.0000,0.000000,0.000000,0.00,0.00,0.0000,0.000000,0.000000
1786704484.522649,59.099426,1793,25.82,0.00,0.00,0.0000,0.000000,0.000000,0.00,0.00,0.0000,0.000000,0.000000
1786704484.549538,59.126315,1794,25.82,0.00,0.00,0.0000,0.000000,0.000000,0.00,0.00,0.0000,0.000000,0.000000
1786704484.613050,59.189827,1795,25.82,0.00,0.00,0.0000,0.000000,0.000000,0.00,0.00,0.0000,0.000000,0.000000
1786704484.660573,59.237349,1797,25.82,0.00,0.00,0.0000,0.000000,0.000000,0.00,0.00,0.0000,0.000000,0.000000
1786704484.724795,59.301572,1798,25.82,0.00,0.00,0.0000,0.000000,0.000000,0.00,0.00,0.0000,0.000000,0.000000
1786704484.726805,59.303582,1799,25.82,0.00,0.00,0.0000,0.000000,0.000000,0.00,0.00,0.0000,0.000000,0.000000
1786704484.803546,59.380322,1801,25.82,0.00,0.00,0.0000,0.000000,0.000000,0.00,0.00,0.0000,0.000000,0.000000
1786704484.819438,59.396215,1802,25.82,0.00,0.00,0.0000,0.000000,0.000000,0.00,0.00,0.0000,0.000000,0.000000
1786704484.894736,59.471512,1803,25.82,0.00,0.00,0.0000,0.000000,0.000000,0.00,0.00,0.0000,0.000000,0.000000
1786704484.941590,59.518367,1805,25.82,0.00,0.00,0.0000,0.000000,0.000000,0.00,0.00,0.0000,0.000000,0.000000
1786704484.989681,59.566457,1807,25.14,0.00,0.00,0.0000,0.000000,0.000000,0.00,0.00,0.0000,0.000000,0.000000
1786704485.043448,59.620225,1808,25.14,0.00,0.00,0.0000,0.000000,0.000000,0.00,0.00,0.0000,0.000000,0.000000
1786704485.054397,59.631174,1809,25.14,0.00,0.00,0.0000,0.000000,0.000000,0.00,0.00,0.0000,0.000000,0.000000
1786704485.098516,59.675293,1810,25.14,0.00,0.00,0.0000,0.000000,0.000000,0.00,0.00,0.0000,0.000000,0.000000
1786704485.132998,59.709775,1811,25.14,0.00,0.00,0.0000,0.000000,0.000000,0.00,0.00,0.0000,0.000000,0.000000
1786704485.164958,59.741735,1812,25.14,0.00,0.00,0.0000,0.000000,0.000000,0.00,0.00,0.0000,0.000000,0.000000
1786704485.196720,59.773497,1813,25.14,0.00,0.00,0.0000,0.000000,0.000000,0.00,0.00,0.0000,0.000000,0.000000
1786704485.260416,59.837193,1814,25.14,0.00,0.00,0.0000,0.000000,0.000000,0.00,0.00,0.0000,0.000000,0.000000
1786704485.308119,59.884896,1816,25.14,0.00,0.00,0.0000,0.000000,0.000000,0.00,0.00,0.0000,0.000000,0.000000
1786704485.324196,59.900972,1817,25.14,0.00,0.00,0.0000,0.000000,0.000000,0.00,0.00,0.0000,0.000000,0.000000
1786704485.371603,59.948379,1818,25.14,0.00,0.00,0.0000,0.000000,0.000000,0.00,0.00,0.0000,0.000000,0.000000
1786704485.403467,59.980244,1819,25.14,0.00,0.00,0.0000,0.000000,0.000000,0.00,0.00,0.0000,0.000000,0.000000
1786704485.430395,60.007171,1820,25.14,0.00,0.00,0.0000,0.000000,0.000000,0.00,0.00,0.0000,0.000000,0.000000
1786704485.478189,60.054966,1821,25.14,0.00,0.00,0.0000,0.000000,0.000000,0.00,0.00,0.0000,0.000000,0.000000
1786704485.506529,60.083306,1822,25.39,0.00,0.00,0.0000,0.000000,0.000000,0.00,0.00,0.0000,0.000000,0.000000
1786704485.552092,60.128869,1824,25.39,0.00,0.00,0.0000,0.000000,0.000000,0.00,0.00,0.0000,0.000000,0.000000
1786704485.600508,60.177284,1825,25.39,0.00,0.00,0.0000,0.000000,0.000000,0.00,0.00,0.0000,0.000000,0.000000
1786704485.632458,60.209234,1826,25.39,0.00,0.00,0.0000,0.000000,0.000000,0.00,0.00,0.0000,0.000000,0.000000
1786704485.664129,60.240905,1827,25.39,0.00,0.00,0.0000,0.000000,0.000000,0.00,0.00,0.0000,0.000000,0.000000
1786704485.727822,60.304599,1829,25.39,0.00,0.00,0.0000,0.000000,0.000000,0.00,0.00,0.0000,0.000000,0.000000
1786704485.759695,60.336472,1830,25.39,0.00,0.00,0.0000,0.000000,0.000000,0.00,0.00,0.0000,0.000000,0.000000
1786704485.807404,60.384181,1831,25.39,0.00,0.00,0.0000,0.000000,0.000000,0.00,0.00,0.0000,0.000000,0.000000
1786704485.838980,60.415756,1832,25.39,0.00,0.00,0.0000,0.000000,0.000000,0.00,0.00,0.0000,0.000000,0.000000
1786704485.870858,60.447634,1833,25.39,0.00,0.00,0.0000,0.000000,0.000000,0.00,0.00,0.0000,0.000000,0.000000
1786704485.919647,60.496424,1834,25.39,0.00,0.00,0.0000,0.000000,0.000000,0.00,0.00,0.0000,0.000000,0.000000
1786704485.934312,60.511089,1835,25.39,0.00,0.00,0.0000,0.000000,0.000000,0.00,0.00,0.0000,0.000000,0.000000
1786704485.979258,60.556034,1836,25.39,0.00,0.00,0.0000,0.000000,0.000000,0.00,0.00,0.0000,0.000000,0.000000
1786704486.010747,60.587523,1837,25.39,0.00,0.00,0.0000,0.000000,0.000000,0.00,0.00,0.0000,0.000000,0.000000
1786704486.058926,60.635703,1838,25.51,0.00,0.00,0.0000,0.000000,0.000000,0.00,0.00,0.0000,0.000000,0.000000
1786704486.074399,60.651176,1839,25.51,0.00,0.00,0.0000,0.000000,0.000000,0.00,0.00,0.0000,0.000000,0.000000
1786704486.106105,60.682882,1840,25.51,0.00,0.00,0.0000,0.000000,0.000000,0.00,0.00,0.0000,0.000000,0.000000
1786704486.153782,60.730559,1842,25.51,0.00,0.00,0.0000,0.000000,0.000000,0.00,0.00,0.0000,0.000000,0.000000
1786704486.185742,60.762519,1843,25.51,0.00,0.00,0.0000,0.000000,0.000000,0.00,0.00,0.0000,0.000000,0.000000
1786704486.233189,60.809966,1844,25.51,0.00,0.00,0.0000,0.000000,0.000000,0.00,0.00,0.0000,0.000000,0.000000
1786704486.264952,60.841728,1845,25.51,0.00,0.00,0.0000,0.000000,0.000000,0.00,0.00,0.0000,0.000000,0.000000
1786704486.296704,60.873481,1846,25.51,0.00,0.00,0.0000,0.000000,0.000000,0.00,0.00,0.0000,0.000000,0.000000
1786704486.320922,60.897699,1847,25.51,0.00,0.00,0.0000,0.000000,0.000000,0.00,0.00,0.0000,0.000000,0.000000
1786704486.360187,60.936964,1848,25.51,0.00,0.00,0.0000,0.000000,0.000000,0.00,0.00,0.0000,0.000000,0.000000
1786704486.408427,60.985204,1849,25.51,0.00,0.00,0.0000,0.000000,0.000000,0.00,0.00,0.0000,0.000000,0.000000
1786704486.424123,61.000900,1850,25.51,0.00,0.00,0.0000,0.000000,0.000000,0.00,0.00,0.0000,0.000000,0.000000
1786704486.472274,61.049051,1851,25.51,0.00,0.00,0.0000,0.000000,0.000000,0.00,0.00,0.0000,0.000000,0.000000
1786704486.501242,61.078019,1852,25.51,0.00,0.00,0.0000,0.000000,0.000000,0.00,0.00,0.0000,0.000000,0.000000
1786704486.516856,61.093632,1853,25.51,0.00,0.00,0.0000,0.000000,0.000000,0.00,0.00,0.0000,0.000000,0.000000
1786704486.548668,61.125444,1854,26.34,0.00,0.00,0.0000,0.000000,0.000000,0.00,0.00,0.0000,0.000000,0.000000
1786704486.596097,61.172874,1855,26.34,0.00,0.00,0.0000,0.000000,0.000000,0.00,0.00,0.0000,0.000000,0.000000
1786704486.630261,61.207038,1856,26.34,0.00,0.00,0.0000,0.000000,0.000000,0.00,0.00,0.0000,0.000000,0.000000
1786704486.659754,61.236531,1857,26.34,0.00,0.00,0.0000,0.000000,0.000000,0.00,0.00,0.0000,0.000000,0.000000
1786704486.707079,61.283856,1858,26.34,0.00,0.00,0.0000,0.000000,0.000000,0.00,0.00,0.0000,0.000000,0.000000
1786704486.723117,61.299894,1859,26.34,0.00,0.00,0.0000,0.000000,0.000000,0.00,0.00,0.0000,0.000000,0.000000
1786704486.771164,61.347941,1860,26.34,0.00,0.00,0.0000,0.000000,0.000000,0.00,0.00,0.0000,0.000000,0.000000
1786704486.787112,61.363889,1861,26.34,0.00,0.00,0.0000,0.000000,0.000000,0.00,0.00,0.0000,0.000000,0.000000
1786704486.850205,61.426982,1862,26.34,0.00,0.00,0.0000,0.000000,0.000000,0.00,0.00,0.0000,0.000000,0.000000
1786704486.884674,61.461451,1863,26.34,0.00,0.00,0.0000,0.000000,0.000000,0.00,0.00,0.0000,0.000000,0.000000
1786704486.913863,61.490639,1864,26.34,0.00,0.00,0.0000,0.000000,0.000000,0.00,0.00,0.0000,0.000000,0.000000
1786704486.945894,61.522671,1865,26.34,0.00,0.00,0.0000,0.000000,0.000000,0.00,0.00,0.0000,0.000000,0.000000
1786704486.993582,61.570358,1867,26.34,0.00,0.00,0.0000,0.000000,0.000000,0.00,0.00,0.0000,0.000000,0.000000
1786704487.051896,61.628672,1868,26.34,0.00,0.00,0.0000,0.000000,0.000000,0.00,0.00,0.0000,0.000000,0.000000
1786704487.082614,61.659391,1870,26.65,0.00,0.00,0.0000,0.000000,0.000000,0.00,0.00,0.0000,0.000000,0.000000
1786704487.126428,61.703205,1871,26.65,0.00,0.00,0.0000,0.000000,0.000000,0.00,0.00,0.0000,0.000000,0.000000
1786704487.146383,61.723160,1872,26.65,0.00,0.00,0.0000,0.000000,0.000000,0.00,0.00,0.0000,0.000000,0.000000
1786704487.210962,61.787739,1873,26.65,0.00,0.00,0.0000,0.000000,0.000000,0.00,0.00,0.0000,0.000000,0.000000
1786704487.241434,61.818210,1874,26.65,0.00,0.00,0.0000,0.000000,0.000000,0.00,0.00,0.0000,0.000000,0.000000
1786704487.289588,61.866365,1875,26.65,0.00,0.00,0.0000,0.000000,0.000000,0.00,0.00,0.0000,0.000000,0.000000
1786704487.321009,61.897786,1877,26.65,0.00,0.00,0.0000,0.000000,0.000000,0.00,0.00,0.0000,0.000000,0.000000
1786704487.368269,61.945045,1878,26.65,0.00,0.00,0.0000,0.000000,0.000000,0.00,0.00,0.0000,0.000000,0.000000
1786704487.392432,61.969209,1879,26.65,0.00,0.00,0.0000,0.000000,0.000000,0.00,0.00,0.0000,0.000000,0.000000
1786704487.431907,62.008683,1880,26.65,0.00,0.00,0.0000,0.000000,0.000000,0.00,0.00,0.0000,0.000000,0.000000
1786704487.466621,62.043398,1881,26.65,0.00,0.00,0.0000,0.000000,0.000000,0.00,0.00,0.0000,0.000000,0.000000
1786704487.495910,62.072687,1882,26.65,0.00,0.00,0.0000,0.000000,0.000000,0.00,0.00,0.0000,0.000000,0.000000
1786704487.557105,62.133882,1883,26.65,0.00,0.00,0.0000,0.000000,0.000000,0.00,0.00,0.0000,0.000000,0.000000
1786704487.572701,62.149477,1884,26.65,0.00,0.00,0.0000,0.000000,0.000000,0.00,0.00,0.0000,0.000000,0.000000
1786704487.588261,62.165038,1885,26.24,0.00,0.00,0.0000,0.000000,0.000000,0.00,0.00,0.0000,0.000000,0.000000
1786704487.667656,62.244432,1887,26.24,0.00,0.00,0.0000,0.000000,0.000000,0.00,0.00,0.0000,0.000000,0.000000
1786704487.699525,62.276302,1888,26.24,0.00,0.00,0.0000,0.000000,0.000000,0.00,0.00,0.0000,0.000000,0.000000
1786704487.731026,62.307803,1889,26.24,0.00,0.00,0.0000,0.000000,0.000000,0.00,0.00,0.0000,0.000000,0.000000
1786704487.778569,62.355346,1891,26.24,0.00,0.00,0.0000,0.000000,0.000000,0.00,0.00,0.0000,0.000000,0.000000
1786704487.842914,62.419691,1892,26.24,0.00,0.00,0.0000,0.000000,0.000000,0.00,0.00,0.0000,0.000000,0.000000
1786704487.874411,62.451188,1893,26.24,0.00,0.00,0.0000,0.000000,0.000000,0.00,0.00,0.0000,0.000000,0.000000
1786704487.890326,62.467103,1894,26.24,0.00,0.00,0.0000,0.000000,0.000000,0.00,0.00,0.0000,0.000000,0.000000
1786704487.938393,62.515170,1895,26.24,0.00,0.00,0.0000,0.000000,0.000000,0.00,0.00,0.0000,0.000000,0.000000
1786704487.954297,62.531074,1896,26.24,0.00,0.00,0.0000,0.000000,0.000000,0.00,0.00,0.0000,0.000000,0.000000
1786704488.001456,62.578233,1897,26.24,0.00,0.00,0.0000,0.000000,0.000000,0.00,0.00,0.0000,0.000000,0.000000
1786704488.033146,62.609923,1898,26.24,0.00,0.00,0.0000,0.000000,0.000000,0.00,0.00,0.0000,0.000000,0.000000
1786704488.075229,62.652006,1899,26.24,0.00,0.00,0.0000,0.000000,0.000000,0.00,0.00,0.0000,0.000000,0.000000
1786704488.106347,62.683124,1900,26.24,0.00,0.00,0.0000,0.000000,0.000000,0.00,0.00,0.0000,0.000000,0.000000
1786704488.122394,62.699171,1901,26.39,0.00,0.00,0.0000,0.000000,0.000000,0.00,0.00,0.0000,0.000000,0.000000
1786704488.170392,62.747169,1902,26.39,0.00,0.00,0.0000,0.000000,0.000000,0.00,0.00,0.0000,0.000000,0.000000
1786704488.233927,62.810704,1904,26.39,0.00,0.00,0.0000,0.000000,0.000000,0.00,0.00,0.0000,0.000000,0.000000
1786704488.268115,62.844892,1905,26.39,0.00,0.00,0.0000,0.000000,0.000000,0.00,0.00,0.0000,0.000000,0.000000
1786704488.297737,62.874513,1906,26.39,0.00,0.00,0.0000,0.000000,0.000000,0.00,0.00,0.0000,0.000000,0.000000
1786704488.330136,62.906913,1907,26.39,0.00,0.00,0.0000,0.000000,0.000000,0.00,0.00,0.0000,0.000000,0.000000
1786704488.357870,62.934647,1908,26.39,0.00,0.00,0.0000,0.000000,0.000000,0.00,0.00,0.0000,0.000000,0.000000
1786704488.408731,62.985507,1909,26.39,0.00,0.00,0.0000,0.000000,0.000000,0.00,0.00,0.0000,0.000000,0.000000
1786704488.424117,63.000894,1910,26.39,0.00,0.00,0.0000,0.000000,0.000000,0.00,0.00,0.0000,0.000000,0.000000
1786704488.471596,63.048372,1911,26.39,0.00,0.00,0.0000,0.000000,0.000000,0.00,0.00,0.0000,0.000000,0.000000
1786704488.503359,63.080136,1912,26.39,0.00,0.00,0.0000,0.000000,0.000000,0.00,0.00,0.0000,0.000000,0.000000
1786704488.567984,63.144760,1913,26.39,0.00,0.00,0.0000,0.000000,0.000000,0.00,0.00,0.0000,0.000000,0.000000
1786704488.582511,63.159287,1915,26.39,0.00,0.00,0.0000,0.000000,0.000000,0.00,0.00,0.0000,0.000000,0.000000
1786704488.624783,63.201560,1916,26.39,0.00,0.00,0.0000,0.000000,0.000000,0.00,0.00,0.0000,0.000000,0.000000
1786704488.656592,63.233369,1917,26.35,0.00,0.00,0.0000,0.000000,0.000000,0.00,0.00,0.0000,0.000000,0.000000
1786704488.720354,63.297131,1919,26.35,0.00,0.00,0.0000,0.000000,0.000000,0.00,0.00,0.0000,0.000000,0.000000
1786704488.768203,63.344980,1920,26.35,0.00,0.00,0.0000,0.000000,0.000000,0.00,0.00,0.0000,0.000000,0.000000
1786704488.799582,63.376359,1921,26.35,0.00,0.00,0.0000,0.000000,0.000000,0.00,0.00,0.0000,0.000000,0.000000
1786704488.831205,63.407982,1922,26.35,0.00,0.00,0.0000,0.000000,0.000000,0.00,0.00,0.0000,0.000000,0.000000
1786704488.863303,63.440080,1923,26.35,0.00,0.00,0.0000,0.000000,0.000000,0.00,0.00,0.0000,0.000000,0.000000
1786704488.926756,63.503532,1925,26.35,0.00,0.00,0.0000,0.000000,0.000000,0.00,0.00,0.0000,0.000000,0.000000
1786704488.974536,63.551313,1926,26.35,0.00,0.00,0.0000,0.000000,0.000000,0.00,0.00,0.0000,0.000000,0.000000
1786704488.990608,63.567384,1927,26.35,0.00,0.00,0.0000,0.000000,0.000000,0.00,0.00,0.0000,0.000000,0.000000
1786704489.022628,63.599405,1928,26.35,0.00,0.00,0.0000,0.000000,0.000000,0.00,0.00,0.0000,0.000000,0.000000
1786704489.070974,63.647751,1929,26.35,0.00,0.00,0.0000,0.000000,0.000000,0.00,0.00,0.0000,0.000000,0.000000
1786704489.102808,63.679585,1930,26.35,0.00,0.00,0.0000,0.000000,0.000000,0.00,0.00,0.0000,0.000000,0.000000
1786704489.163451,63.740228,1932,26.35,0.00,0.00,0.0000,0.000000,0.000000,0.00,0.00,0.0000,0.000000,0.000000
1786704489.211360,63.788136,1933,26.21,0.00,0.00,0.0000,0.000000,0.000000,0.00,0.00,0.0000,0.000000,0.000000
1786704489.227373,63.804150,1934,26.21,0.00,0.00,0.0000,0.000000,0.000000,0.00,0.00,0.0000,0.000000,0.000000
1786704489.275136,63.851913,1935,26.21,0.00,0.00,0.0000,0.000000,0.000000,0.00,0.00,0.0000,0.000000,0.000000
1786704489.306593,63.883370,1936,26.21,0.00,0.00,0.0000,0.000000,0.000000,0.00,0.00,0.0000,0.000000,0.000000
1786704489.338255,63.915032,1937,26.21,0.00,0.00,0.0000,0.000000,0.000000,0.00,0.00,0.0000,0.000000,0.000000
1786704489.386014,63.962791,1938,26.21,0.00,0.00,0.0000,0.000000,0.000000,0.00,0.00,0.0000,0.000000,0.000000
1786704489.433503,64.010279,1940,26.21,0.00,0.00,0.0000,0.000000,0.000000,0.00,0.00,0.0000,0.000000,0.000000
1786704489.465354,64.042130,1941,26.21,0.00,0.00,0.0000,0.000000,0.000000,0.00,0.00,0.0000,0.000000,0.000000
1786704489.514660,64.091437,1942,26.21,0.00,0.00,0.0000,0.000000,0.000000,0.00,0.00,0.0000,0.000000,0.000000
1786704489.534673,64.111449,1943,26.21,0.00,0.00,0.0000,0.000000,0.000000,0.00,0.00,0.0000,0.000000,0.000000
1786704489.556382,64.133159,1944,26.21,0.00,0.00,0.0000,0.000000,0.000000,0.00,0.00,0.0000,0.000000,0.000000
1786704489.604617,64.181393,1945,26.21,0.00,0.00,0.0000,0.000000,0.000000,0.00,0.00,0.0000,0.000000,0.000000
1786704489.653199,64.229976,1946,26.21,0.00,0.00,0.0000,0.000000,0.000000,0.00,0.00,0.0000,0.000000,0.000000
1786704489.662623,64.239400,1947,26.21,0.00,0.00,0.0000,0.000000,0.000000,0.00,0.00,0.0000,0.000000,0.000000
1786704489.712853,64.289630,1948,26.55,0.00,0.00,0.0000,0.000000,0.000000,0.00,0.00,0.0000,0.000000,0.000000
1786704489.744543,64.321320,1949,26.55,0.00,0.00,0.0000,0.000000,0.000000,0.00,0.00,0.0000,0.000000,0.000000
1786704489.760330,64.337107,1950,26.55,0.00,0.00,0.0000,0.000000,0.000000,0.00,0.00,0.0000,0.000000,0.000000
1786704489.840079,64.416856,1951,26.55,0.00,0.00,0.0000,0.000000,0.000000,0.00,0.00,0.0000,0.000000,0.000000
1786704489.855890,64.432667,1953,26.55,0.00,0.00,0.0000,0.000000,0.000000,0.00,0.00,0.0000,0.000000,0.000000
1786704489.903657,64.480434,1954,26.55,0.00,0.00,0.0000,0.000000,0.000000,0.00,0.00,0.0000,0.000000,0.000000
1786704489.951512,64.528288,1955,26.55,0.00,0.00,0.0000,0.000000,0.000000,0.00,0.00,0.0000,0.000000,0.000000
1786704489.967212,64.543989,1956,26.55,0.00,0.00,0.0000,0.000000,0.000000,0.00,0.00,0.0000,0.000000,0.000000
1786704489.999330,64.576107,1957,26.55,0.00,0.00,0.0000,0.000000,0.000000,0.00,0.00,0.0000,0.000000,0.000000
1786704490.062706,64.639482,1959,26.55,0.00,0.00,0.0000,0.000000,0.000000,0.00,0.00,0.0000,0.000000,0.000000
1786704490.078357,64.655134,1960,26.55,0.00,0.00,0.0000,0.000000,0.000000,0.00,0.00,0.0000,0.000000,0.000000
1786704490.142401,64.719178,1961,26.55,0.00,0.00,0.0000,0.000000,0.000000,0.00,0.00,0.0000,0.000000,0.000000
1786704490.157713,64.734490,1962,26.55,0.00,0.00,0.0000,0.000000,0.000000,0.00,0.00,0.0000,0.000000,0.000000
1786704490.194285,64.771062,1963,26.38,0.00,0.00,0.0000,0.000000,0.000000,0.00,0.00,0.0000,0.000000,0.000000
1786704490.230805,64.807582,1964,26.38,0.00,0.00,0.0000,0.000000,0.000000,0.00,0.00,0.0000,0.000000,0.000000
1786704490.279362,64.856138,1965,26.38,0.00,0.00,0.0000,0.000000,0.000000,0.00,0.00,0.0000,0.000000,0.000000
1786704490.310035,64.886811,1966,26.38,0.00,0.00,0.0000,0.000000,0.000000,0.00,0.00,0.0000,0.000000,0.000000
1786704490.357661,64.934438,1968,26.38,0.00,0.00,0.0000,0.000000,0.000000,0.00,0.00,0.0000,0.000000,0.000000
1786704490.422303,64.999079,1969,26.38,0.00,0.00,0.0000,0.000000,0.000000,0.00,0.00,0.0000,0.000000,0.000000
1786704490.453963,65.030740,1970,26.38,0.00,0.00,0.0000,0.000000,0.000000,0.00,0.00,0.0000,0.000000,0.000000
1786704490.470102,65.046879,1971,26.38,0.00,0.00,0.0000,0.000000,0.000000,0.00,0.00,0.0000,0.000000,0.000000
1786704490.501727,65.078503,1972,26.38,0.00,0.00,0.0000,0.000000,0.000000,0.00,0.00,0.0000,0.000000,0.000000
1786704490.549184,65.125961,1973,26.38,0.00,0.00,0.0000,0.000000,0.000000,0.00,0.00,0.0000,0.000000,0.000000
1786704490.579682,65.156459,1974,26.38,0.00,0.00,0.0000,0.000000,0.000000,0.00,0.00,0.0000,0.000000,0.000000
1786704490.611434,65.188211,1975,26.38,0.00,0.00,0.0000,0.000000,0.000000,0.00,0.00,0.0000,0.000000,0.000000
1786704490.643274,65.220051,1976,26.38,0.00,0.00,0.0000,0.000000,0.000000,0.00,0.00,0.0000,0.000000,0.000000
1786704490.675186,65.251963,1977,26.38,0.00,0.00,0.0000,0.000000,0.000000,0.00,0.00,0.0000,0.000000,0.000000
1786704490.707845,65.284622,1978,26.55,0.00,0.00,0.0000,0.000000,0.000000,0.00,0.00,0.0000,0.000000,0.000000
1786704490.752738,65.329515,1980,26.55,0.00,0.00,0.0000,0.000000,0.000000,0.00,0.00,0.0000,0.000000,0.000000
1786704490.800893,65.377670,1981,26.55,0.00,0.00,0.0000,0.000000,0.000000,0.00,0.00,0.0000,0.000000,0.000000
1786704490.849464,65.426241,1982,26.55,0.00,0.00,0.0000,0.000000,0.000000,0.00,0.00,0.0000,0.000000,0.000000
1786704490.880149,65.456926,1983,26.55,0.00,0.00,0.0000,0.000000,0.000000,0.00,0.00,0.0000,0.000000,0.000000
1786704490.896011,65.472788,1984,26.55,0.00,0.00,0.0000,0.000000,0.000000,0.00,0.00,0.0000,0.000000,0.000000
1786704490.959584,65.536361,1986,26.55,0.00,0.00,0.0000,0.000000,0.000000,0.00,0.00,0.0000,0.000000,0.000000
1786704491.007479,65.584256,1987,26.55,0.00,0.00,0.0000,0.000000,0.000000,0.00,0.00,0.0000,0.000000,0.000000
1786704491.065158,65.641935,1988,26.55,0.00,0.00,0.0000,0.000000,0.000000,0.00,0.00,0.0000,0.000000,0.000000
1786704491.067229,65.644006,1989,26.55,0.00,0.00,0.0000,0.000000,0.000000,0.00,0.00,0.0000,0.000000,0.000000
1786704491.118194,65.694970,1991,26.55,0.00,0.00,0.0000,0.000000,0.000000,0.00,0.00,0.0000,0.000000,0.000000
1786704491.165461,65.742238,1992,26.55,0.00,0.00,0.0000,0.000000,0.000000,0.00,0.00,0.0000,0.000000,0.000000
1786704491.191704,65.768481,1993,26.55,0.00,0.00,0.0000,0.000000,0.000000,0.00,0.00,0.0000,0.000000,0.000000
1786704491.238001,65.814778,1994,26.37,0.00,0.00,0.0000,0.000000,0.000000,0.00,0.00,0.0000,0.000000,0.000000
1786704491.271556,65.848332,1995,26.37,0.00,0.00,0.0000,0.000000,0.000000,0.00,0.00,0.0000,0.000000,0.000000
1786704491.319517,65.896294,1996,26.37,0.00,0.00,0.0000,0.000000,0.000000,0.00,0.00,0.0000,0.000000,0.000000
1786704491.335243,65.912020,1997,26.37,0.00,0.00,0.0000,0.000000,0.000000,0.00,0.00,0.0000,0.000000,0.000000
1786704491.367439,65.944215,1998,26.37,0.00,0.00,0.0000,0.000000,0.000000,0.00,0.00,0.0000,0.000000,0.000000
1786704491.398837,65.975614,1999,26.37,0.00,0.00,0.0000,0.000000,0.000000,0.00,0.00,0.0000,0.000000,0.000000
1786704491.430861,66.007638,2000,26.37,0.00,0.00,0.0000,0.000000,0.000000,0.00,0.00,0.0000,0.000000,0.000000
1786704491.449631,66.026408,2001,26.37,0.00,0.00,0.0000,0.000000,0.000000,0.00,0.00,0.0000,0.000000,0.000000
1786704491.513585,66.090362,2002,26.37,0.00,0.00,0.0000,0.000000,0.000000,0.00,0.00,0.0000,0.000000,0.000000
1786704491.542905,66.119682,2003,26.37,0.00,0.00,0.0000,0.000000,0.000000,0.00,0.00,0.0000,0.000000,0.000000
1786704491.595731,66.172508,2005,26.37,0.00,0.00,0.0000,0.000000,0.000000,0.00,0.00,0.0000,0.000000,0.000000
1786704491.644073,66.220850,2006,26.37,0.00,0.00,0.0000,0.000000,0.000000,0.00,0.00,0.0000,0.000000,0.000000
1786704491.676533,66.253310,2007,26.37,0.00,0.00,0.0000,0.000000,0.000000,0.00,0.00,0.0000,0.000000,0.000000
1786704491.692361,66.269137,2008,26.37,0.00,0.00,0.0000,0.000000,0.000000,0.00,0.00,0.0000,0.000000,0.000000
1786704491.740296,66.317073,2009,26.69,0.00,0.00,0.0000,0.000000,0.000000,0.00,0.00,0.0000,0.000000,0.000000
1786704491.772195,66.348972,2010,26.69,0.00,0.00,0.0000,0.000000,0.000000,0.00,0.00,0.0000,0.000000,0.000000
1786704491.816045,66.392822,2011,26.69,0.00,0.00,0.0000,0.000000,0.000000,0.00,0.00,0.0000,0.000000,0.000000
1786704491.818132,66.394909,2012,26.69,0.00,0.00,0.0000,0.000000,0.000000,0.00,0.00,0.0000,0.000000,0.000000
1786704491.879002,66.455779,2013,26.69,0.00,0.00,0.0000,0.000000,0.000000,0.00,0.00,0.0000,0.000000,0.000000
1786704491.894779,66.471555,2014,26.69,0.00,0.00,0.0000,0.000000,0.000000,0.00,0.00,0.0000,0.000000,0.000000
1786704491.926854,66.503631,2015,26.69,0.00,0.00,0.0000,0.000000,0.000000,0.00,0.00,0.0000,0.000000,0.000000
1786704491.958896,66.535673,2016,26.69,0.00,0.00,0.0000,0.000000,0.000000,0.00,0.00,0.0000,0.000000,0.000000
1786704492.007282,66.584059,2017,26.69,0.00,0.00,0.0000,0.000000,0.000000,0.00,0.00,0.0000,0.000000,0.000000
1786704492.038721,66.615498,2018,26.69,0.00,0.00,0.0000,0.000000,0.000000,0.00,0.00,0.0000,0.000000,0.000000
1786704492.070542,66.647319,2019,26.69,0.00,0.00,0.0000,0.000000,0.000000,0.00,0.00,0.0000,0.000000,0.000000
1786704492.102202,66.678978,2020,26.69,0.00,0.00,0.0000,0.000000,0.000000,0.00,0.00,0.0000,0.000000,0.000000
1786704492.165605,66.742382,2022,26.69,0.00,0.00,0.0000,0.000000,0.000000,0.00,0.00,0.0000,0.000000,0.000000
1786704492.181704,66.758480,2023,26.69,0.00,0.00,0.0000,0.000000,0.000000,0.00,0.00,0.0000,0.000000,0.000000
1786704492.227271,66.804048,2024,26.69,0.00,0.00,0.0000,0.000000,0.000000,0.00,0.00,0.0000,0.000000,0.000000
1786704492.267288,66.844065,2025,26.69,0.00,0.00,0.0000,0.000000,0.000000,0.00,0.00,0.0000,0.000000,0.000000
1786704492.293528,66.870304,2026,26.69,0.00,0.00,0.0000,0.000000,0.000000,0.00,0.00,0.0000,0.000000,0.000000
1786704492.334093,66.910870,2027,26.69,0.00,0.00,0.0000,0.000000,0.000000,0.00,0.00,0.0000,0.000000,0.000000
1786704492.381940,66.958717,2028,26.69,0.00,0.00,0.0000,0.000000,0.000000,0.00,0.00,0.0000,0.000000,0.000000
1786704492.429960,67.006737,2030,26.69,0.00,0.00,0.0000,0.000000,0.000000,0.00,0.00,0.0000,0.000000,0.000000
1786704492.461855,67.038632,2031,26.69,0.00,0.00,0.0000,0.000000,0.000000,0.00,0.00,0.0000,0.000000,0.000000
1786704492.509429,67.086206,2032,26.69,0.00,0.00,0.0000,0.000000,0.000000,0.00,0.00,0.0000,0.000000,0.000000
1786704492.541107,67.117884,2033,26.69,0.00,0.00,0.0000,0.000000,0.000000,0.00,0.00,0.0000,0.000000,0.000000
1786704492.556832,67.133608,2034,26.69,0.00,0.00,0.0000,0.000000,0.000000,0.00,0.00,0.0000,0.000000,0.000000
1786704492.621874,67.198651,2035,26.69,0.00,0.00,0.0000,0.000000,0.000000,0.00,0.00,0.0000,0.000000,0.000000
1786704492.636382,67.213158,2036,26.69,0.00,0.00,0.0000,0.000000,0.000000,0.00,0.00,0.0000,0.000000,0.000000
1786704492.683915,67.260691,2038,26.69,0.00,0.00,0.0000,0.000000,0.000000,0.00,0.00,0.0000,0.000000,0.000000
1786704492.731324,67.308101,2039,26.69,0.00,0.00,0.0000,0.000000,0.000000,0.00,0.00,0.0000,0.000000,0.000000
1786704492.794941,67.371718,2040,26.47,0.00,0.00,0.0000,0.000000,0.000000,0.00,0.00,0.0000,0.000000,0.000000
1786704492.826317,67.403094,2042,26.47,0.00,0.00,0.0000,0.000000,0.000000,0.00,0.00,0.0000,0.000000,0.000000
1786704492.853081,67.429857,2043,26.47,0.00,0.00,0.0000,0.000000,0.000000,0.00,0.00,0.0000,0.000000,0.000000
1786704492.917138,67.493915,2044,26.47,0.00,0.00,0.0000,0.000000,0.000000,0.00,0.00,0.0000,0.000000,0.000000
1786704492.951581,67.528357,2046,26.47,0.00,0.00,0.0000,0.000000,0.000000,0.00,0.00,0.0000,0.000000,0.000000
1786704493.013804,67.590580,2047,26.47,0.00,0.00,0.0000,0.000000,0.000000,0.00,0.00,0.0000,0.000000,0.000000
1786704493.060633,67.637410,2049,26.47,0.00,0.00,0.0000,0.000000,0.000000,0.00,0.00,0.0000,0.000000,0.000000
1786704493.097332,67.674109,2050,26.47,0.00,0.00,0.0000,0.000000,0.000000,0.00,0.00,0.0000,0.000000,0.000000
1786704493.140004,67.716781,2051,26.47,0.00,0.00,0.0000,0.000000,0.000000,0.00,0.00,0.0000,0.000000,0.000000
1786704493.171503,67.748279,2052,26.47,0.00,0.00,0.0000,0.000000,0.000000,0.00,0.00,0.0000,0.000000,0.000000
1786704493.187477,67.764253,2053,26.47,0.00,0.00,0.0000,0.000000,0.000000,0.00,0.00,0.0000,0.000000,0.000000
1786704493.226469,67.803246,2054,26.47,0.00,0.00,0.0000,0.000000,0.000000,0.00,0.00,0.0000,0.000000,0.000000
1786704493.267589,67.844366,2055,26.47,0.00,0.00,0.0000,0.000000,0.000000,0.00,0.00,0.0000,0.000000,0.000000
1786704493.299315,67.876092,2056,26.24,0.00,0.00,0.0000,0.000000,0.000000,0.00,0.00,0.0000,0.000000,0.000000
1786704493.347615,67.924392,2057,26.24,0.00,0.00,0.0000,0.000000,0.000000,0.00,0.00,0.0000,0.000000,0.000000
1786704493.363079,67.939856,2058,26.24,0.00,0.00,0.0000,0.000000,0.000000,0.00,0.00,0.0000,0.000000,0.000000
1786704493.405257,67.982033,2059,26.24,0.00,0.00,0.0000,0.000000,0.000000,0.00,0.00,0.0000,0.000000,0.000000
1786704493.437058,68.013834,2060,26.24,0.00,0.00,0.0000,0.000000,0.000000,0.00,0.00,0.0000,0.000000,0.000000
1786704493.500567,68.077344,2062,26.24,0.00,0.00,0.0000,0.000000,0.000000,0.00,0.00,0.0000,0.000000,0.000000
1786704493.534648,68.111424,2063,26.24,0.00,0.00,0.0000,0.000000,0.000000,0.00,0.00,0.0000,0.000000,0.000000
1786704493.603708,68.180484,2065,26.24,0.00,0.00,0.0000,0.000000,0.000000,0.00,0.00,0.0000,0.000000,0.000000
1786704493.666952,68.243729,2066,26.24,0.00,0.00,0.0000,0.000000,0.000000,0.00,0.00,0.0000,0.000000,0.000000
1786704493.682261,68.259038,2067,26.24,0.00,0.00,0.0000,0.000000,0.000000,0.00,0.00,0.0000,0.000000,0.000000
1786704493.713647,68.290423,2068,26.24,0.00,0.00,0.0000,0.000000,0.000000,0.00,0.00,0.0000,0.000000,0.000000
1786704493.793442,68.370218,2071,26.24,0.00,0.00,0.0000,0.000000,0.000000,0.00,0.00,0.0000,0.000000,0.000000
1786704493.841372,68.418149,2072,25.49,0.00,0.00,0.0000,0.000000,0.000000,0.00,0.00,0.0000,0.000000,0.000000
1786704493.889684,68.466461,2073,25.49,0.00,0.00,0.0000,0.000000,0.000000,0.00,0.00,0.0000,0.000000,0.000000
1786704493.901598,68.478375,2074,25.49,0.00,0.00,0.0000,0.000000,0.000000,0.00,0.00,0.0000,0.000000,0.000000
1786704493.948320,68.525096,2075,25.49,0.00,0.00,0.0000,0.000000,0.000000,0.00,0.00,0.0000,0.000000,0.000000
1786704493.964026,68.540803,2076,25.49,0.00,0.00,0.0000,0.000000,0.000000,0.00,0.00,0.0000,0.000000,0.000000
1786704493.998271,68.575048,2077,25.49,0.00,0.00,0.0000,0.000000,0.000000,0.00,0.00,0.0000,0.000000,0.000000
1786704494.043265,68.620041,2078,25.49,0.00,0.00,0.0000,0.000000,0.000000,0.00,0.00,0.0000,0.000000,0.000000
1786704494.059294,68.636071,2079,25.49,0.00,0.00,0.0000,0.000000,0.000000,0.00,0.00,0.0000,0.000000,0.000000
1786704494.108044,68.684821,2080,25.49,0.00,0.00,0.0000,0.000000,0.000000,0.00,0.00,0.0000,0.000000,0.000000
1786704494.123173,68.699949,2081,25.49,0.00,0.00,0.0000,0.000000,0.000000,0.00,0.00,0.0000,0.000000,0.000000
1786704494.171144,68.747921,2082,25.49,0.00,0.00,0.0000,0.000000,0.000000,0.00,0.00,0.0000,0.000000,0.000000
1786704494.202109,68.778886,2083,25.49,0.00,0.00,0.0000,0.000000,0.000000,0.00,0.00,0.0000,0.000000,0.000000
1786704494.234369,68.811146,2084,25.49,0.00,0.00,0.0000,0.000000,0.000000,0.00,0.00,0.0000,0.000000,0.000000
1786704494.295059,68.871835,2085,25.49,0.00,0.00,0.0000,0.000000,0.000000,0.00,0.00,0.0000,0.000000,0.000000
1786704494.313101,68.889878,2086,25.49,0.00,0.00,0.0000,0.000000,0.000000,0.00,0.00,0.0000,0.000000,0.000000
1786704494.354076,68.930853,2088,26.00,0.00,0.00,0.0000,0.000000,0.000000,0.00,0.00,0.0000,0.000000,0.000000
1786704494.392080,68.968857,2089,26.00,0.00,0.00,0.0000,0.000000,0.000000,0.00,0.00,0.0000,0.000000,0.000000
1786704494.454320,69.031097,2091,26.00,0.00,0.00,0.0000,0.000000,0.000000,0.00,0.00,0.0000,0.000000,0.000000
1786704494.500861,69.077638,2092,26.00,0.00,0.00,0.0000,0.000000,0.000000,0.00,0.00,0.0000,0.000000,0.000000
1786704494.543797,69.120574,2093,26.00,0.00,0.00,0.0000,0.000000,0.000000,0.00,0.00,0.0000,0.000000,0.000000
1786704494.596632,69.173408,2095,26.00,0.00,0.00,0.0000,0.000000,0.000000,0.00,0.00,0.0000,0.000000,0.000000
1786704494.628371,69.205148,2096,26.00,0.00,0.00,0.0000,0.000000,0.000000,0.00,0.00,0.0000,0.000000,0.000000
1786704494.676882,69.253658,2097,26.00,0.00,0.00,0.0000,0.000000,0.000000,0.00,0.00,0.0000,0.000000,0.000000
1786704494.692348,69.269125,2098,26.00,0.00,0.00,0.0000,0.000000,0.000000,0.00,0.00,0.0000,0.000000,0.000000
1786704494.739637,69.316414,2099,26.00,0.00,0.00,0.0000,0.000000,0.000000,0.00,0.00,0.0000,0.000000,0.000000
1786704494.770876,69.347653,2100,26.00,0.00,0.00,0.0000,0.000000,0.000000,0.00,0.00,0.0000,0.000000,0.000000
1786704494.802809,69.379586,2101,26.00,0.00,0.00,0.0000,0.000000,0.000000,0.00,0.00,0.0000,0.000000,0.000000
1786704494.865876,69.442652,2103,26.00,0.00,0.00,0.0000,0.000000,0.000000,0.00,0.00,0.0000,0.000000,0.000000
1786704494.914156,69.490933,2104,25.78,0.00,0.00,0.0000,0.000000,0.000000,0.00,0.00,0.0000,0.000000,0.000000
1786704494.962878,69.539655,2105,25.78,0.00,0.00,0.0000,0.000000,0.000000,0.00,0.00,0.0000,0.000000,0.000000
1786704494.986584,69.563360,2107,25.78,0.00,0.00,0.0000,0.000000,0.000000,0.00,0.00,0.0000,0.000000,0.000000
1786704495.034076,69.610853,2108,25.78,0.00,0.00,0.0000,0.000000,0.000000,0.00,0.00,0.0000,0.000000,0.000000
1786704495.088293,69.665070,2109,25.78,0.00,0.00,0.0000,0.000000,0.000000,0.00,0.00,0.0000,0.000000,0.000000
1786704495.106009,69.682786,2110,25.78,0.00,0.00,0.0000,0.000000,0.000000,0.00,0.00,0.0000,0.000000,0.000000
1786704495.129375,69.706152,2111,25.78,0.00,0.00,0.0000,0.000000,0.000000,0.00,0.00,0.0000,0.000000,0.000000
1786704495.176598,69.753375,2112,25.78,0.00,0.00,0.0000,0.000000,0.000000,0.00,0.00,0.0000,0.000000,0.000000
1786704495.202205,69.778982,2113,25.78,0.00,0.00,0.0000,0.000000,0.000000,0.00,0.00,0.0000,0.000000,0.000000
1786704495.240518,69.817295,2114,25.78,0.00,0.00,0.0000,0.000000,0.000000,0.00,0.00,0.0000,0.000000,0.000000
1786704495.272037,69.848814,2115,25.78,0.00,0.00,0.0000,0.000000,0.000000,0.00,0.00,0.0000,0.000000,0.000000
1786704495.320174,69.896951,2117,25.78,0.00,0.00,0.0000,0.000000,0.000000,0.00,0.00,0.0000,0.000000,0.000000
1786704495.356423,69.933199,2118,25.78,0.00,0.00,0.0000,0.000000,0.000000,0.00,0.00,0.0000,0.000000,0.000000
1786704495.398998,69.975775,2119,25.81,0.00,0.00,0.0000,0.000000,0.000000,0.00,0.00,0.0000,0.000000,0.000000
1786704495.431005,70.007782,2120,25.81,0.00,0.00,0.0000,0.000000,0.000000,0.00,0.00,0.0000,0.000000,0.000000
1786704495.479230,70.056007,2121,25.81,0.00,0.00,0.0000,0.000000,0.000000,0.00,0.00,0.0000,0.000000,0.000000
1786704495.491946,70.068723,2122,25.81,0.00,0.00,0.0000,0.000000,0.000000,0.00,0.00,0.0000,0.000000,0.000000
1786704495.527281,70.104058,2123,25.81,0.00,0.00,0.0000,0.000000,0.000000,0.00,0.00,0.0000,0.000000,0.000000
1786704495.579559,70.156335,2124,25.81,0.00,0.00,0.0000,0.000000,0.000000,0.00,0.00,0.0000,0.000000,0.000000
1786704495.595351,70.172127,2125,25.81,0.00,0.00,0.0000,0.000000,0.000000,0.00,0.00,0.0000,0.000000,0.000000
1786704495.643254,70.220030,2126,25.81,0.00,0.00,0.0000,0.000000,0.000000,0.00,0.00,0.0000,0.000000,0.000000
1786704495.674947,70.251724,2127,25.81,0.00,0.00,0.0000,0.000000,0.000000,0.00,0.00,0.0000,0.000000,0.000000
1786704495.738345,70.315122,2129,25.81,0.00,0.00,0.0000,0.000000,0.000000,0.00,0.00,0.0000,0.000000,0.000000
1786704495.757140,70.333917,2130,25.81,0.00,0.00,0.0000,0.000000,0.000000,0.00,0.00,0.0000,0.000000,0.000000
1786704495.802253,70.379030,2131,25.81,0.00,0.00,0.0000,0.000000,0.000000,0.00,0.00,0.0000,0.000000,0.000000
1786704495.834091,70.410868,2132,25.81,0.00,0.00,0.0000,0.000000,0.000000,0.00,0.00,0.0000,0.000000,0.000000
1786704495.882598,70.459375,2133,25.81,0.00,0.00,0.0000,0.000000,0.000000,0.00,0.00,0.0000,0.000000,0.000000
1786704495.897552,70.474329,2134,25.94,0.00,0.00,0.0000,0.000000,0.000000,0.00,0.00,0.0000,0.000000,0.000000
1786704495.960885,70.537661,2136,25.94,0.00,0.00,0.0000,0.000000,0.000000,0.00,0.00,0.0000,0.000000,0.000000
1786704496.010012,70.586789,2137,25.94,0.00,0.00,0.0000,0.000000,0.000000,0.00,0.00,0.0000,0.000000,0.000000
1786704496.034350,70.611127,2138,25.94,0.00,0.00,0.0000,0.000000,0.000000,0.00,0.00,0.0000,0.000000,0.000000
1786704496.082238,70.659015,2139,25.94,0.00,0.00,0.0000,0.000000,0.000000,0.00,0.00,0.0000,0.000000,0.000000
1786704496.114086,70.690863,2140,25.94,0.00,0.00,0.0000,0.000000,0.000000,0.00,0.00,0.0000,0.000000,0.000000
1786704496.129756,70.706533,2141,25.94,0.00,0.00,0.0000,0.000000,0.000000,0.00,0.00,0.0000,0.000000,0.000000
1786704496.161393,70.738169,2142,25.94,0.00,0.00,0.0000,0.000000,0.000000,0.00,0.00,0.0000,0.000000,0.000000
1786704496.227608,70.804385,2143,25.94,0.00,0.00,0.0000,0.000000,0.000000,0.00,0.00,0.0000,0.000000,0.000000
1786704496.258126,70.834903,2145,25.94,0.00,0.00,0.0000,0.000000,0.000000,0.00,0.00,0.0000,0.000000,0.000000
1786704496.304950,70.881727,2146,25.94,0.00,0.00,0.0000,0.000000,0.000000,0.00,0.00,0.0000,0.000000,0.000000
1786704496.336531,70.913308,2147,25.94,0.00,0.00,0.0000,0.000000,0.000000,0.00,0.00,0.0000,0.000000,0.000000
1786704496.368635,70.945412,2148,25.94,0.00,0.00,0.0000,0.000000,0.000000,0.00,0.00,0.0000,0.000000,0.000000
1786704496.417759,70.994536,2149,25.94,0.00,0.00,0.0000,0.000000,0.000000,0.00,0.00,0.0000,0.000000,0.000000
1786704496.432312,71.009089,2150,25.94,0.00,0.00,0.0000,0.000000,0.000000,0.00,0.00,0.0000,0.000000,0.000000
1786704496.469249,71.046026,2151,26.51,0.00,0.00,0.0000,0.000000,0.000000,0.00,0.00,0.0000,0.000000,0.000000
1786704496.511993,71.088770,2152,26.51,0.00,0.00,0.0000,0.000000,0.000000,0.00,0.00,0.0000,0.000000,0.000000
1786704496.527165,71.103942,2153,26.51,0.00,0.00,0.0000,0.000000,0.000000,0.00,0.00,0.0000,0.000000,0.000000
1786704496.569391,71.146167,2154,26.51,0.00,0.00,0.0000,0.000000,0.000000,0.00,0.00,0.0000,0.000000,0.000000
1786704496.585581,71.162358,2155,26.51,0.00,0.00,0.0000,0.000000,0.000000,0.00,0.00,0.0000,0.000000,0.000000
1786704496.649158,71.225935,2156,26.51,0.00,0.00,0.0000,0.000000,0.000000,0.00,0.00,0.0000,0.000000,0.000000
1786704496.696433,71.273210,2158,26.51,0.00,0.00,0.0000,0.000000,0.000000,0.00,0.00,0.0000,0.000000,0.000000
1786704496.728284,71.305060,2159,26.51,0.00,0.00,0.0000,0.000000,0.000000,0.00,0.00,0.0000,0.000000,0.000000
1786704496.807733,71.384509,2161,26.51,0.00,0.00,0.0000,0.000000,0.000000,0.00,0.00,0.0000,0.000000,0.000000
1786704496.839735,71.416512,2162,26.51,0.00,0.00,0.0000,0.000000,0.000000,0.00,0.00,0.0000,0.000000,0.000000
1786704496.871413,71.448189,2163,26.51,0.00,0.00,0.0000,0.000000,0.000000,0.00,0.00,0.0000,0.000000,0.000000
1786704496.903561,71.480338,2164,26.51,0.00,0.00,0.0000,0.000000,0.000000,0.00,0.00,0.0000,0.000000,0.000000
1786704496.935268,71.512045,2165,25.85,0.00,0.00,0.0000,0.000000,0.000000,0.00,0.00,0.0000,0.000000,0.000000
1786704496.982694,71.559471,2166,25.85,0.00,0.00,0.0000,0.000000,0.000000,0.00,0.00,0.0000,0.000000,0.000000
1786704497.014179,71.590956,2167,25.85,0.00,0.00,0.0000,0.000000,0.000000,0.00,0.00,0.0000,0.000000,0.000000
1786704497.061817,71.638593,2169,25.85,0.00,0.00,0.0000,0.000000,0.000000,0.00,0.00,0.0000,0.000000,0.000000
1786704497.103982,71.680759,2170,25.85,0.00,0.00,0.0000,0.000000,0.000000,0.00,0.00,0.0000,0.000000,0.000000
1786704497.135830,71.712607,2171,25.85,0.00,0.00,0.0000,0.000000,0.000000,0.00,0.00,0.0000,0.000000,0.000000
1786704497.184660,71.761437,2172,25.85,0.00,0.00,0.0000,0.000000,0.000000,0.00,0.00,0.0000,0.000000,0.000000
1786704497.204508,71.781285,2173,25.85,0.00,0.00,0.0000,0.000000,0.000000,0.00,0.00,0.0000,0.000000,0.000000
1786704497.230419,71.807195,2174,25.85,0.00,0.00,0.0000,0.000000,0.000000,0.00,0.00,0.0000,0.000000,0.000000
1786704497.277973,71.854750,2175,25.85,0.00,0.00,0.0000,0.000000,0.000000,0.00,0.00,0.0000,0.000000,0.000000
1786704497.309924,71.886701,2176,25.85,0.00,0.00,0.0000,0.000000,0.000000,0.00,0.00,0.0000,0.000000,0.000000
1786704497.341604,71.918380,2177,25.85,0.00,0.00,0.0000,0.000000,0.000000,0.00,0.00,0.0000,0.000000,0.000000
1786704497.373105,71.949882,2178,25.85,0.00,0.00,0.0000,0.000000,0.000000,0.00,0.00,0.0000,0.000000,0.000000
1786704497.420865,71.997642,2180,25.85,0.00,0.00,0.0000,0.000000,0.000000,0.00,0.00,0.0000,0.000000,0.000000
1786704497.468228,72.045005,2181,26.09,0.00,0.00,0.0000,0.000000,0.000000,0.00,0.00,0.0000,0.000000,0.000000
1786704497.516243,72.093020,2182,26.09,0.00,0.00,0.0000,0.000000,0.000000,0.00,0.00,0.0000,0.000000,0.000000
1786704497.562329,72.139105,2184,26.09,0.00,0.00,0.0000,0.000000,0.000000,0.00,0.00,0.0000,0.000000,0.000000
1786704497.610258,72.187035,2185,26.09,0.00,0.00,0.0000,0.000000,0.000000,0.00,0.00,0.0000,0.000000,0.000000
1786704497.624694,72.201471,2186,26.09,0.00,0.00,0.0000,0.000000,0.000000,0.00,0.00,0.0000,0.000000,0.000000
1786704497.660925,72.237702,2187,26.09,0.00,0.00,0.0000,0.000000,0.000000,0.00,0.00,0.0000,0.000000,0.000000
1786704497.704737,72.281514,2188,26.09,0.00,0.00,0.0000,0.000000,0.000000,0.00,0.00,0.0000,0.000000,0.000000
1786704497.736652,72.313429,2189,26.09,0.00,0.00,0.0000,0.000000,0.000000,0.00,0.00,0.0000,0.000000,0.000000
1786704497.768590,72.345367,2190,26.09,0.00,0.00,0.0000,0.000000,0.000000,0.00,0.00,0.0000,0.000000,0.000000
1786704497.816073,72.392850,2191,26.09,0.00,0.00,0.0000,0.000000,0.000000,0.00,0.00,0.0000,0.000000,0.000000
1786704497.831932,72.408709,2192,26.09,0.00,0.00,0.0000,0.000000,0.000000,0.00,0.00,0.0000,0.000000,0.000000
1786704497.895451,72.472228,2194,26.09,0.00,0.00,0.0000,0.000000,0.000000,0.00,0.00,0.0000,0.000000,0.000000
1786704497.943141,72.519918,2195,26.09,0.00,0.00,0.0000,0.000000,0.000000,0.00,0.00,0.0000,0.000000,0.000000
1786704497.959012,72.535789,2196,26.09,0.00,0.00,0.0000,0.000000,0.000000,0.00,0.00,0.0000,0.000000,0.000000
1786704498.006883,72.583660,2197,26.23,0.00,0.00,0.0000,0.000000,0.000000,0.00,0.00,0.0000,0.000000,0.000000
1786704498.022770,72.599547,2198,26.23,0.00,0.00,0.0000,0.000000,0.000000,0.00,0.00,0.0000,0.000000,0.000000
1786704498.061023,72.637800,2199,26.23,0.00,0.00,0.0000,0.000000,0.000000,0.00,0.00,0.0000,0.000000,0.000000
1786704498.133388,72.710164,2201,26.23,0.00,0.00,0.0000,0.000000,0.000000,0.00,0.00,0.0000,0.000000,0.000000
1786704498.176584,72.753361,2202,26.23,0.00,0.00,0.0000,0.000000,0.000000,0.00,0.00,0.0000,0.000000,0.000000
1786704498.192057,72.768833,2203,26.23,0.00,0.00,0.0000,0.000000,0.000000,0.00,0.00,0.0000,0.000000,0.000000
1786704498.223827,72.800603,2204,26.23,0.00,0.00,0.0000,0.000000,0.000000,0.00,0.00,0.0000,0.000000,0.000000
1786704498.272018,72.848795,2205,26.23,0.00,0.00,0.0000,0.000000,0.000000,0.00,0.00,0.0000,0.000000,0.000000
1786704498.335525,72.912301,2207,26.23,0.00,0.00,0.0000,0.000000,0.000000,0.00,0.00,0.0000,0.000000,0.000000
1786704498.351583,72.928359,2208,26.23,0.00,0.00,0.0000,0.000000,0.000000,0.00,0.00,0.0000,0.000000,0.000000
1786704498.399475,72.976251,2209,26.23,0.00,0.00,0.0000,0.000000,0.000000,0.00,0.00,0.0000,0.000000,0.000000
1786704498.447143,73.023920,2210,26.23,0.00,0.00,0.0000,0.000000,0.000000,0.00,0.00,0.0000,0.000000,0.000000
1786704498.478915,73.055692,2211,26.23,0.00,0.00,0.0000,0.000000,0.000000,0.00,0.00,0.0000,0.000000,0.000000
1786704498.510671,73.087448,2212,26.15,0.00,0.00,0.0000,0.000000,0.000000,0.00,0.00,0.0000,0.000000,0.000000
1786704498.526475,73.103252,2213,26.15,0.00,0.00,0.0000,0.000000,0.000000,0.00,0.00,0.0000,0.000000,0.000000
1786704498.606075,73.182852,2215,26.15,0.00,0.00,0.0000,0.000000,0.000000,0.00,0.00,0.0000,0.000000,0.000000
1786704498.639424,73.216201,2216,26.15,0.00,0.00,0.0000,0.000000,0.000000,0.00,0.00,0.0000,0.000000,0.000000
1786704498.662240,73.239016,2217,26.15,0.00,0.00,0.0000,0.000000,0.000000,0.00,0.00,0.0000,0.000000,0.000000
1786704498.679357,73.256133,2218,26.15,0.00,0.00,0.0000,0.000000,0.000000,0.00,0.00,0.0000,0.000000,0.000000
1786704498.744089,73.320865,2219,26.15,0.00,0.00,0.0000,0.000000,0.000000,0.00,0.00,0.0000,0.000000,0.000000
1786704498.804028,73.380805,2221,26.15,0.00,0.00,0.0000,0.000000,0.000000,0.00,0.00,0.0000,0.000000,0.000000
1786704498.839753,73.416530,2222,26.15,0.00,0.00,0.0000,0.000000,0.000000,0.00,0.00,0.0000,0.000000,0.000000
1786704498.870173,73.446949,2223,26.15,0.00,0.00,0.0000,0.000000,0.000000,0.00,0.00,0.0000,0.000000,0.000000
1786704498.886227,73.463004,2224,26.15,0.00,0.00,0.0000,0.000000,0.000000,0.00,0.00,0.0000,0.000000,0.000000
1786704498.917975,73.494751,2225,26.15,0.00,0.00,0.0000,0.000000,0.000000,0.00,0.00,0.0000,0.000000,0.000000
1786704498.966087,73.542864,2226,26.15,0.00,0.00,0.0000,0.000000,0.000000,0.00,0.00,0.0000,0.000000,0.000000
1786704499.025931,73.602708,2227,25.94,0.00,0.00,0.0000,0.000000,0.000000,0.00,0.00,0.0000,0.000000,0.000000
1786704499.044398,73.621175,2228,25.94,0.00,0.00,0.0000,0.000000,0.000000,0.00,0.00,0.0000,0.000000,0.000000
1786704499.092060,73.668837,2230,25.94,0.00,0.00,0.0000,0.000000,0.000000,0.00,0.00,0.0000,0.000000,0.000000
1786704499.139969,73.716746,2231,25.94,0.00,0.00,0.0000,0.000000,0.000000,0.00,0.00,0.0000,0.000000,0.000000
1786704499.162541,73.739318,2232,25.94,0.00,0.00,0.0000,0.000000,0.000000,0.00,0.00,0.0000,0.000000,0.000000
1786704499.197238,73.774015,2233,25.94,0.00,0.00,0.0000,0.000000,0.000000,0.00,0.00,0.0000,0.000000,0.000000
1786704499.231235,73.808012,2234,25.94,0.00,0.00,0.0000,0.000000,0.000000,0.00,0.00,0.0000,0.000000,0.000000
1786704499.278540,73.855317,2235,25.94,0.00,0.00,0.0000,0.000000,0.000000,0.00,0.00,0.0000,0.000000,0.000000
1786704499.294191,73.870968,2236,25.94,0.00,0.00,0.0000,0.000000,0.000000,0.00,0.00,0.0000,0.000000,0.000000
1786704499.341506,73.918283,2237,25.94,0.00,0.00,0.0000,0.000000,0.000000,0.00,0.00,0.0000,0.000000,0.000000
1786704499.373196,73.949973,2238,25.94,0.00,0.00,0.0000,0.000000,0.000000,0.00,0.00,0.0000,0.000000,0.000000
1786704499.421326,73.998102,2239,25.94,0.00,0.00,0.0000,0.000000,0.000000,0.00,0.00,0.0000,0.000000,0.000000
1786704499.469288,74.046065,2241,25.94,0.00,0.00,0.0000,0.000000,0.000000,0.00,0.00,0.0000,0.000000,0.000000
1786704499.501900,74.078677,2242,25.94,0.00,0.00,0.0000,0.000000,0.000000,0.00,0.00,0.0000,0.000000,0.000000
1786704499.552016,74.128793,2243,26.32,0.00,0.00,0.0000,0.000000,0.000000,0.00,0.00,0.0000,0.000000,0.000000
1786704499.577405,74.154182,2244,26.32,0.00,0.00,0.0000,0.000000,0.000000,0.00,0.00,0.0000,0.000000,0.000000
1786704499.604010,74.180786,2245,26.32,0.00,0.00,0.0000,0.000000,0.000000,0.00,0.00,0.0000,0.000000,0.000000
1786704499.641647,74.218424,2246,26.32,0.00,0.00,0.0000,0.000000,0.000000,0.00,0.00,0.0000,0.000000,0.000000
1786704499.672848,74.249625,2247,26.32,0.00,0.00,0.0000,0.000000,0.000000,0.00,0.00,0.0000,0.000000,0.000000
1786704499.704615,74.281391,2248,26.32,0.00,0.00,0.0000,0.000000,0.000000,0.00,0.00,0.0000,0.000000,0.000000
1786704499.781599,74.358376,2250,26.32,0.00,0.00,0.0000,0.000000,0.000000,0.00,0.00,0.0000,0.000000,0.000000
1786704499.797410,74.374187,2251,26.32,0.00,0.00,0.0000,0.000000,0.000000,0.00,0.00,0.0000,0.000000,0.000000
1786704499.844902,74.421679,2252,26.32,0.00,0.00,0.0000,0.000000,0.000000,0.00,0.00,0.0000,0.000000,0.000000
1786704499.876724,74.453501,2253,26.32,0.00,0.00,0.0000,0.000000,0.000000,0.00,0.00,0.0000,0.000000,0.000000
1786704499.940251,74.517028,2255,26.32,0.00,0.00,0.0000,0.000000,0.000000,0.00,0.00,0.0000,0.000000,0.000000
1786704499.974485,74.551262,2256,26.32,0.00,0.00,0.0000,0.000000,0.000000,0.00,0.00,0.0000,0.000000,0.000000
1786704500.003811,74.580588,2257,26.32,0.00,0.00,0.0000,0.000000,0.000000,0.00,0.00,0.0000,0.000000,0.000000
1786704500.035891,74.612668,2258,26.21,0.00,0.00,0.0000,0.000000,0.000000,0.00,0.00,0.0000,0.000000,0.000000
1786704500.084225,74.661002,2259,26.21,0.00,0.00,0.0000,0.000000,0.000000,0.00,0.00,0.0000,0.000000,0.000000
1786704500.086318,74.663095,2260,26.21,0.00,0.00,0.0000,0.000000,0.000000,0.00,0.00,0.0000,0.000000,0.000000
1786704500.131763,74.708540,2261,26.21,0.00,0.00,0.0000,0.000000,0.000000,0.00,0.00,0.0000,0.000000,0.000000
1786704500.179279,74.756056,2262,26.21,0.00,0.00,0.0000,0.000000,0.000000,0.00,0.00,0.0000,0.000000,0.000000
1786704500.210976,74.787753,2263,26.21,0.00,0.00,0.0000,0.000000,0.000000,0.00,0.00,0.0000,0.000000,0.000000
1786704500.270528,74.847305,2265,26.21,0.00,0.00,0.0000,0.000000,0.000000,0.00,0.00,0.0000,0.000000,0.000000
1786704500.302162,74.878939,2266,26.21,0.00,0.00,0.0000,0.000000,0.000000,0.00,0.00,0.0000,0.000000,0.000000
1786704500.334123,74.910899,2267,26.21,0.00,0.00,0.0000,0.000000,0.000000,0.00,0.00,0.0000,0.000000,0.000000
1786704500.366302,74.943079,2268,26.21,0.00,0.00,0.0000,0.000000,0.000000,0.00,0.00,0.0000,0.000000,0.000000
1786704500.398360,74.975137,2269,26.21,0.00,0.00,0.0000,0.000000,0.000000,0.00,0.00,0.0000,0.000000,0.000000
1786704500.430253,75.007030,2270,26.21,0.00,0.00,0.0000,0.000000,0.000000,0.00,0.00,0.0000,0.000000,0.000000
1786704500.462042,75.038818,2271,26.21,0.00,0.00,0.0000,0.000000,0.000000,0.00,0.00,0.0000,0.000000,0.000000
1786704500.493930,75.070706,2272,26.21,0.00,0.00,0.0000,0.000000,0.000000,0.00,0.00,0.0000,0.000000,0.000000
1786704500.542998,75.119774,2273,26.21,0.00,0.00,0.0000,0.000000,0.000000,0.00,0.00,0.0000,0.000000,0.000000
1786704500.558070,75.134847,2274,26.54,0.00,0.00,0.0000,0.000000,0.000000,0.00,0.00,0.0000,0.000000,0.000000
1786704500.605946,75.182722,2275,26.54,0.00,0.00,0.0000,0.000000,0.000000,0.00,0.00,0.0000,0.000000,0.000000
1786704500.665139,75.241916,2277,26.54,0.00,0.00,0.0000,0.000000,0.000000,0.00,0.00,0.0000,0.000000,0.000000
1786704500.720829,75.297606,2278,26.54,0.00,0.00,0.0000,0.000000,0.000000,0.00,0.00,0.0000,0.000000,0.000000
1786704500.734000,75.310776,2279,26.54,0.00,0.00,0.0000,0.000000,0.000000,0.00,0.00,0.0000,0.000000,0.000000
1786704500.765358,75.342134,2280,26.54,0.00,0.00,0.0000,0.000000,0.000000,0.00,0.00,0.0000,0.000000,0.000000
1786704500.837052,75.413829,2282,26.54,0.00,0.00,0.0000,0.000000,0.000000,0.00,0.00,0.0000,0.000000,0.000000
1786704500.884861,75.461638,2284,26.54,0.00,0.00,0.0000,0.000000,0.000000,0.00,0.00,0.0000,0.000000,0.000000
1786704500.932256,75.509033,2285,26.54,0.00,0.00,0.0000,0.000000,0.000000,0.00,0.00,0.0000,0.000000,0.000000
1786704500.948205,75.524982,2286,26.54,0.00,0.00,0.0000,0.000000,0.000000,0.00,0.00,0.0000,0.000000,0.000000
1786704500.995383,75.572160,2287,26.54,0.00,0.00,0.0000,0.000000,0.000000,0.00,0.00,0.0000,0.000000,0.000000
1786704501.065395,75.642172,2289,26.54,0.00,0.00,0.0000,0.000000,0.000000,0.00,0.00,0.0000,0.000000,0.000000
1786704501.106272,75.683048,2290,25.88,0.00,0.00,0.0000,0.000000,0.000000,0.00,0.00,0.0000,0.000000,0.000000
1786704501.122432,75.699208,2291,25.88,0.00,0.00,0.0000,0.000000,0.000000,0.00,0.00,0.0000,0.000000,0.000000
1786704501.185651,75.762427,2293,25.88,0.00,0.00,0.0000,0.000000,0.000000,0.00,0.00,0.0000,0.000000,0.000000
1786704501.227841,75.804617,2294,25.88,0.00,0.00,0.0000,0.000000,0.000000,0.00,0.00,0.0000,0.000000,0.000000
1786704501.281252,75.858029,2295,25.88,0.00,0.00,0.0000,0.000000,0.000000,0.00,0.00,0.0000,0.000000,0.000000
1786704501.312684,75.889461,2296,25.88,0.00,0.00,0.0000,0.000000,0.000000,0.00,0.00,0.0000,0.000000,0.000000
1786704501.358504,75.935280,2298,25.88,0.00,0.00,0.0000,0.000000,0.000000,0.00,0.00,0.0000,0.000000,0.000000
1786704501.404299,75.981076,2299,25.88,0.00,0.00,0.0000,0.000000,0.000000,0.00,0.00,0.0000,0.000000,0.000000
1786704501.427223,76.004000,2300,25.88,0.00,0.00,0.0000,0.000000,0.000000,0.00,0.00,0.0000,0.000000,0.000000
1786704501.451200,76.027977,2301,25.88,0.00,0.00,0.0000,0.000000,0.000000,0.00,0.00,0.0000,0.000000,0.000000
1786704501.483213,76.059990,2302,25.88,0.00,0.00,0.0000,0.000000,0.000000,0.00,0.00,0.0000,0.000000,0.000000
1786704501.547453,76.124230,2303,25.88,0.00,0.00,0.0000,0.000000,0.000000,0.00,0.00,0.0000,0.000000,0.000000
1786704501.584578,76.161355,2304,25.88,0.00,0.00,0.0000,0.000000,0.000000,0.00,0.00,0.0000,0.000000,0.000000
1786704501.631412,76.208189,2306,25.51,0.00,0.00,0.0000,0.000000,0.000000,0.00,0.00,0.0000,0.000000,0.000000
1786704501.666417,76.243194,2307,25.51,0.00,0.00,0.0000,0.000000,0.000000,0.00,0.00,0.0000,0.000000,0.000000
1786704501.695257,76.272034,2308,25.51,0.00,0.00,0.0000,0.000000,0.000000,0.00,0.00,0.0000,0.000000,0.000000
1786704501.758727,76.335504,2310,25.51,0.00,0.00,0.0000,0.000000,0.000000,0.00,0.00,0.0000,0.000000,0.000000
1786704501.822393,76.399170,2311,25.51,0.00,0.00,0.0000,0.000000,0.000000,0.00,0.00,0.0000,0.000000,0.000000
1786704501.823399,76.400175,2312,25.51,0.00,0.00,0.0000,0.000000,0.000000,0.00,0.00,0.0000,0.000000,0.000000
1786704501.874756,76.451533,2313,25.51,0.00,0.00,0.0000,0.000000,0.000000,0.00,0.00,0.0000,0.000000,0.000000
1786704501.922293,76.499070,2315,25.51,0.00,0.00,0.0000,0.000000,0.000000,0.00,0.00,0.0000,0.000000,0.000000
1786704501.970023,76.546800,2316,25.51,0.00,0.00,0.0000,0.000000,0.000000,0.00,0.00,0.0000,0.000000,0.000000
1786704502.004647,76.581424,2317,25.51,0.00,0.00,0.0000,0.000000,0.000000,0.00,0.00,0.0000,0.000000,0.000000
1786704502.033830,76.610607,2318,25.51,0.00,0.00,0.0000,0.000000,0.000000,0.00,0.00,0.0000,0.000000,0.000000
1786704502.066992,76.643769,2319,25.51,0.00,0.00,0.0000,0.000000,0.000000,0.00,0.00,0.0000,0.000000,0.000000
1786704502.113735,76.690512,2320,25.51,0.00,0.00,0.0000,0.000000,0.000000,0.00,0.00,0.0000,0.000000,0.000000
1786704502.145551,76.722328,2321,25.17,0.00,0.00,0.0000,0.000000,0.000000,0.00,0.00,0.0000,0.000000,0.000000
1786704502.208954,76.785731,2323,25.17,0.00,0.00,0.0000,0.000000,0.000000,0.00,0.00,0.0000,0.000000,0.000000
1786704502.257073,76.833850,2325,25.17,0.00,0.00,0.0000,0.000000,0.000000,0.00,0.00,0.0000,0.000000,0.000000
1786704502.305121,76.881897,2326,25.17,0.00,0.00,0.0000,0.000000,0.000000,0.00,0.00,0.0000,0.000000,0.000000
1786704502.320887,76.897664,2327,25.17,0.00,0.00,0.0000,0.000000,0.000000,0.00,0.00,0.0000,0.000000,0.000000
1786704502.369499,76.946276,2328,25.17,0.00,0.00,0.0000,0.000000,0.000000,0.00,0.00,0.0000,0.000000,0.000000
1786704502.395586,76.972363,2329,25.17,0.00,0.00,0.0000,0.000000,0.000000,0.00,0.00,0.0000,0.000000,0.000000
1786704502.443234,77.020011,2330,25.17,0.00,0.00,0.0000,0.000000,0.000000,0.00,0.00,0.0000,0.000000,0.000000
1786704502.475045,77.051822,2331,25.17,0.00,0.00,0.0000,0.000000,0.000000,0.00,0.00,0.0000,0.000000,0.000000
1786704502.523200,77.099977,2332,25.17,0.00,0.00,0.0000,0.000000,0.000000,0.00,0.00,0.0000,0.000000,0.000000
1786704502.567450,77.144226,2334,25.17,0.00,0.00,0.0000,0.000000,0.000000,0.00,0.00,0.0000,0.000000,0.000000
1786704502.635127,77.211904,2335,25.17,0.00,0.00,0.0000,0.000000,0.000000,0.00,0.00,0.0000,0.000000,0.000000
1786704502.651278,77.228055,2337,25.17,0.00,0.00,0.0000,0.000000,0.000000,0.00,0.00,0.0000,0.000000,0.000000
1786704502.714910,77.291686,2338,24.79,0.00,0.00,0.0000,0.000000,0.000000,0.00,0.00,0.0000,0.000000,0.000000
1786704502.746680,77.323457,2340,24.79,0.00,0.00,0.0000,0.000000,0.000000,0.00,0.00,0.0000,0.000000,0.000000
1786704502.810255,77.387031,2341,24.79,0.00,0.00,0.0000,0.000000,0.000000,0.00,0.00,0.0000,0.000000,0.000000
1786704502.841928,77.418704,2342,24.79,0.00,0.00,0.0000,0.000000,0.000000,0.00,0.00,0.0000,0.000000,0.000000
1786704502.873902,77.450678,2343,24.79,0.00,0.00,0.0000,0.000000,0.000000,0.00,0.00,0.0000,0.000000,0.000000
1786704502.889311,77.466088,2344,24.79,0.00,0.00,0.0000,0.000000,0.000000,0.00,0.00,0.0000,0.000000,0.000000
1786704502.930470,77.507247,2345,24.79,0.00,0.00,0.0000,0.000000,0.000000,0.00,0.00,0.0000,0.000000,0.000000
1786704502.978650,77.555427,2346,24.79,0.00,0.00,0.0000,0.000000,0.000000,0.00,0.00,0.0000,0.000000,0.000000
1786704502.993351,77.570127,2347,24.79,0.00,0.00,0.0000,0.000000,0.000000,0.00,0.00,0.0000,0.000000,0.000000
1786704503.041169,77.617946,2348,24.79,0.00,0.00,0.0000,0.000000,0.000000,0.00,0.00,0.0000,0.000000,0.000000
1786704503.073062,77.649839,2349,24.79,0.00,0.00,0.0000,0.000000,0.000000,0.00,0.00,0.0000,0.000000,0.000000
1786704503.104448,77.681225,2350,24.79,0.00,0.00,0.0000,0.000000,0.000000,0.00,0.00,0.0000,0.000000,0.000000
1786704503.123327,77.700104,2351,24.79,0.00,0.00,0.0000,0.000000,0.000000,0.00,0.00,0.0000,0.000000,0.000000
1786704503.184784,77.761560,2352,24.79,0.00,0.00,0.0000,0.000000,0.000000,0.00,0.00,0.0000,0.000000,0.000000
1786704503.215326,77.792103,2353,24.79,0.00,0.00,0.0000,0.000000,0.000000,0.00,0.00,0.0000,0.000000,0.000000
1786704503.278711,77.855488,2355,25.53,0.00,0.00,0.0000,0.000000,0.000000,0.00,0.00,0.0000,0.000000,0.000000
1786704503.294612,77.871389,2356,25.53,0.00,0.00,0.0000,0.000000,0.000000,0.00,0.00,0.0000,0.000000,0.000000
1786704503.333058,77.909835,2357,25.53,0.00,0.00,0.0000,0.000000,0.000000,0.00,0.00,0.0000,0.000000,0.000000
1786704503.358396,77.935172,2358,25.53,0.00,0.00,0.0000,0.000000,0.000000,0.00,0.00,0.0000,0.000000,0.000000
1786704503.421911,77.998688,2360,25.53,0.00,0.00,0.0000,0.000000,0.000000,0.00,0.00,0.0000,0.000000,0.000000
1786704503.482459,78.059235,2361,25.53,0.00,0.00,0.0000,0.000000,0.000000,0.00,0.00,0.0000,0.000000,0.000000
1786704503.512848,78.089625,2362,25.53,0.00,0.00,0.0000,0.000000,0.000000,0.00,0.00,0.0000,0.000000,0.000000
1786704503.532552,78.109329,2363,25.53,0.00,0.00,0.0000,0.000000,0.000000,0.00,0.00,0.0000,0.000000,0.000000
1786704503.602192,78.178968,2365,25.53,0.00,0.00,0.0000,0.000000,0.000000,0.00,0.00,0.0000,0.000000,0.000000
1786704503.634424,78.211201,2366,25.53,0.00,0.00,0.0000,0.000000,0.000000,0.00,0.00,0.0000,0.000000,0.000000
1786704503.682081,78.258857,2367,25.53,0.00,0.00,0.0000,0.000000,0.000000,0.00,0.00,0.0000,0.000000,0.000000
1786704503.697901,78.274678,2368,25.53,0.00,0.00,0.0000,0.000000,0.000000,0.00,0.00,0.0000,0.000000,0.000000
1786704503.761629,78.338406,2370,25.08,0.00,0.00,0.0000,0.000000,0.000000,0.00,0.00,0.0000,0.000000,0.000000
1786704503.825096,78.401873,2372,25.08,0.00,0.00,0.0000,0.000000,0.000000,0.00,0.00,0.0000,0.000000,0.000000
1786704503.856795,78.433571,2373,25.08,0.00,0.00,0.0000,0.000000,0.000000,0.00,0.00,0.0000,0.000000,0.000000
1786704503.919885,78.496662,2375,25.08,0.00,0.00,0.0000,0.000000,0.000000,0.00,0.00,0.0000,0.000000,0.000000
1786704503.962214,78.538991,2376,25.08,0.00,0.00,0.0000,0.000000,0.000000,0.00,0.00,0.0000,0.000000,0.000000
1786704504.008836,78.585613,2377,25.08,0.00,0.00,0.0000,0.000000,0.000000,0.00,0.00,0.0000,0.000000,0.000000
1786704504.041161,78.617938,2378,25.08,0.00,0.00,0.0000,0.000000,0.000000,0.00,0.00,0.0000,0.000000,0.000000
1786704504.072994,78.649771,2379,25.08,0.00,0.00,0.0000,0.000000,0.000000,0.00,0.00,0.0000,0.000000,0.000000
1786704504.120831,78.697608,2380,25.08,0.00,0.00,0.0000,0.000000,0.000000,0.00,0.00,0.0000,0.000000,0.000000
1786704504.168018,78.744794,2382,25.08,0.00,0.00,0.0000,0.000000,0.000000,0.00,0.00,0.0000,0.000000,0.000000
1786704504.216775,78.793552,2383,25.08,0.00,0.00,0.0000,0.000000,0.000000,0.00,0.00,0.0000,0.000000,0.000000
1786704504.228575,78.805351,2384,25.08,0.00,0.00,0.0000,0.000000,0.000000,0.00,0.00,0.0000,0.000000,0.000000
1786704504.279969,78.856745,2385,25.08,0.00,0.00,0.0000,0.000000,0.000000,0.00,0.00,0.0000,0.000000,0.000000
1786704504.295958,78.872735,2386,25.25,0.00,0.00,0.0000,0.000000,0.000000,0.00,0.00,0.0000,0.000000,0.000000
1786704504.330891,78.907668,2387,25.25,0.00,0.00,0.0000,0.000000,0.000000,0.00,0.00,0.0000,0.000000,0.000000
1786704504.374489,78.951266,2388,25.25,0.00,0.00,0.0000,0.000000,0.000000,0.00,0.00,0.0000,0.000000,0.000000
1786704504.390330,78.967107,2389,25.25,0.00,0.00,0.0000,0.000000,0.000000,0.00,0.00,0.0000,0.000000,0.000000
1786704504.428411,79.005187,2390,25.25,0.00,0.00,0.0000,0.000000,0.000000,0.00,0.00,0.0000,0.000000,0.000000
1786704504.469899,79.046676,2391,25.25,0.00,0.00,0.0000,0.000000,0.000000,0.00,0.00,0.0000,0.000000,0.000000
1786704504.513008,79.089785,2392,25.25,0.00,0.00,0.0000,0.000000,0.000000,0.00,0.00,0.0000,0.000000,0.000000
1786704504.527546,79.104323,2393,25.25,0.00,0.00,0.0000,0.000000,0.000000,0.00,0.00,0.0000,0.000000,0.000000
1786704504.575257,79.152034,2394,25.25,0.00,0.00,0.0000,0.000000,0.000000,0.00,0.00,0.0000,0.000000,0.000000
1786704504.591021,79.167798,2395,25.25,0.00,0.00,0.0000,0.000000,0.000000,0.00,0.00,0.0000,0.000000,0.000000
1786704504.638483,79.215259,2396,25.25,0.00,0.00,0.0000,0.000000,0.000000,0.00,0.00,0.0000,0.000000,0.000000
1786704504.670287,79.247064,2397,25.25,0.00,0.00,0.0000,0.000000,0.000000,0.00,0.00,0.0000,0.000000,0.000000
1786704504.717979,79.294756,2399,25.25,0.00,0.00,0.0000,0.000000,0.000000,0.00,0.00,0.0000,0.000000,0.000000
1786704504.781313,79.358090,2400,25.22,0.00,0.00,0.0000,0.000000,0.000000,0.00,0.00,0.0000,0.000000,0.000000
1786704504.828439,79.405216,2402,25.22,0.00,0.00,0.0000,0.000000,0.000000,0.00,0.00,0.0000,0.000000,0.000000
1786704504.878898,79.455675,2403,25.22,0.00,0.00,0.0000,0.000000,0.000000,0.00,0.00,0.0000,0.000000,0.000000
1786704504.924944,79.501721,2404,25.22,0.00,0.00,0.0000,0.000000,0.000000,0.00,0.00,0.0000,0.000000,0.000000
1786704504.939660,79.516437,2405,25.22,0.00,0.00,0.0000,0.000000,0.000000,0.00,0.00,0.0000,0.000000,0.000000
1786704505.003106,79.579883,2407,25.22,0.00,0.00,0.0000,0.000000,0.000000,0.00,0.00,0.0000,0.000000,0.000000
1786704505.040402,79.617178,2408,25.22,0.00,0.00,0.0000,0.000000,0.000000,0.00,0.00,0.0000,0.000000,0.000000
1786704505.118489,79.695265,2411,25.22,0.00,0.00,0.0000,0.000000,0.000000,0.00,0.00,0.0000,0.000000,0.000000
1786704505.231610,79.808387,2413,25.22,0.00,0.00,0.0000,0.000000,0.000000,0.00,0.00,0.0000,0.000000,0.000000
1786704505.246875,79.823652,2414,25.22,0.00,0.00,0.0000,0.000000,0.000000,0.00,0.00,0.0000,0.000000,0.000000
1786704505.294193,79.870969,2416,25.22,0.00,0.00,0.0000,0.000000,0.000000,0.00,0.00,0.0000,0.000000,0.000000
1786704505.326451,79.903228,2417,24.46,0.00,0.00,0.0000,0.000000,0.000000,0.00,0.00,0.0000,0.000000,0.000000
1786704505.358579,79.935356,2418,24.46,0.00,0.00,0.0000,0.000000,0.000000,0.00,0.00,0.0000,0.000000,0.000000
1786704505.389543,79.966320,2419,24.46,0.00,0.00,0.0000,0.000000,0.000000,0.00,0.00,0.0000,0.000000,0.000000
1786704505.453487,80.030264,2420,24.46,0.00,0.00,0.0000,0.000000,0.000000,0.00,0.00,0.0000,0.000000,0.000000
1786704505.469351,80.046127,2421,24.46,0.00,0.00,0.0000,0.000000,0.000000,0.00,0.00,0.0000,0.000000,0.000000
1786704505.500691,80.077467,2422,24.46,0.00,0.00,0.0000,0.000000,0.000000,0.00,0.00,0.0000,0.000000,0.000000
1786704505.533524,80.110301,2423,24.46,0.00,0.00,0.0000,0.000000,0.000000,0.00,0.00,0.0000,0.000000,0.000000
1786704505.562292,80.139069,2424,24.46,0.00,0.00,0.0000,0.000000,0.000000,0.00,0.00,0.0000,0.000000,0.000000
1786704505.594089,80.170866,2425,24.46,0.00,0.00,0.0000,0.000000,0.000000,0.00,0.00,0.0000,0.000000,0.000000
1786704505.657708,80.234485,2427,24.46,0.00,0.00,0.0000,0.000000,0.000000,0.00,0.00,0.0000,0.000000,0.000000
1786704505.705011,80.281788,2428,24.46,0.00,0.00,0.0000,0.000000,0.000000,0.00,0.00,0.0000,0.000000,0.000000
1786704505.721133,80.297910,2429,24.46,0.00,0.00,0.0000,0.000000,0.000000,0.00,0.00,0.0000,0.000000,0.000000
1786704505.768357,80.345134,2430,24.46,0.00,0.00,0.0000,0.000000,0.000000,0.00,0.00,0.0000,0.000000,0.000000
1786704505.815692,80.392469,2431,24.46,0.00,0.00,0.0000,0.000000,0.000000,0.00,0.00,0.0000,0.000000,0.000000
1786704505.841426,80.418202,2432,24.83,0.00,0.00,0.0000,0.000000,0.000000,0.00,0.00,0.0000,0.000000,0.000000
1786704505.879299,80.456076,2433,24.83,0.00,0.00,0.0000,0.000000,0.000000,0.00,0.00,0.0000,0.000000,0.000000
1786704505.911384,80.488160,2434,24.83,0.00,0.00,0.0000,0.000000,0.000000,0.00,0.00,0.0000,0.000000,0.000000
1786704505.959097,80.535873,2436,24.83,0.00,0.00,0.0000,0.000000,0.000000,0.00,0.00,0.0000,0.000000,0.000000
1786704506.006549,80.583325,2437,24.83,0.00,0.00,0.0000,0.000000,0.000000,0.00,0.00,0.0000,0.000000,0.000000
1786704506.038117,80.614894,2438,24.83,0.00,0.00,0.0000,0.000000,0.000000,0.00,0.00,0.0000,0.000000,0.000000
1786704506.069820,80.646597,2439,24.83,0.00,0.00,0.0000,0.000000,0.000000,0.00,0.00,0.0000,0.000000,0.000000
1786704506.095884,80.672661,2440,24.83,0.00,0.00,0.0000,0.000000,0.000000,0.00,0.00,0.0000,0.000000,0.000000
1786704506.175077,80.751854,2442,24.83,0.00,0.00,0.0000,0.000000,0.000000,0.00,0.00,0.0000,0.000000,0.000000
1786704506.206370,80.783147,2443,24.83,0.00,0.00,0.0000,0.000000,0.000000,0.00,0.00,0.0000,0.000000,0.000000
1786704506.253875,80.830652,2445,24.83,0.00,0.00,0.0000,0.000000,0.000000,0.00,0.00,0.0000,0.000000,0.000000
1786704506.301267,80.878044,2446,24.83,0.00,0.00,0.0000,0.000000,0.000000,0.00,0.00,0.0000,0.000000,0.000000
1786704506.348805,80.925581,2447,24.60,0.00,0.00,0.0000,0.000000,0.000000,0.00,0.00,0.0000,0.000000,0.000000
1786704506.380747,80.957524,2448,24.60,0.00,0.00,0.0000,0.000000,0.000000,0.00,0.00,0.0000,0.000000,0.000000
1786704506.412441,80.989218,2450,24.60,0.00,0.00,0.0000,0.000000,0.000000,0.00,0.00,0.0000,0.000000,0.000000
1786704506.475390,81.052167,2451,24.60,0.00,0.00,0.0000,0.000000,0.000000,0.00,0.00,0.0000,0.000000,0.000000
1786704506.507096,81.083872,2452,24.60,0.00,0.00,0.0000,0.000000,0.000000,0.00,0.00,0.0000,0.000000,0.000000
1786704506.523042,81.099818,2453,24.60,0.00,0.00,0.0000,0.000000,0.000000,0.00,0.00,0.0000,0.000000,0.000000
1786704506.571042,81.147818,2454,24.60,0.00,0.00,0.0000,0.000000,0.000000,0.00,0.00,0.0000,0.000000,0.000000
1786704506.630797,81.207574,2456,24.60,0.00,0.00,0.0000,0.000000,0.000000,0.00,0.00,0.0000,0.000000,0.000000
1786704506.677903,81.254679,2457,24.60,0.00,0.00,0.0000,0.000000,0.000000,0.00,0.00,0.0000,0.000000,0.000000
1786704506.725073,81.301850,2458,24.60,0.00,0.00,0.0000,0.000000,0.000000,0.00,0.00,0.0000,0.000000,0.000000
1786704506.756958,81.333735,2460,24.60,0.00,0.00,0.0000,0.000000,0.000000,0.00,0.00,0.0000,0.000000,0.000000
1786704506.805112,81.381889,2461,24.60,0.00,0.00,0.0000,0.000000,0.000000,0.00,0.00,0.0000,0.000000,0.000000
1786704506.836969,81.413745,2462,24.60,0.00,0.00,0.0000,0.000000,0.000000,0.00,0.00,0.0000,0.000000,0.000000
1786704506.868154,81.444930,2463,24.54,0.00,0.00,0.0000,0.000000,0.000000,0.00,0.00,0.0000,0.000000,0.000000
1786704506.915692,81.492469,2464,24.54,0.00,0.00,0.0000,0.000000,0.000000,0.00,0.00,0.0000,0.000000,0.000000
1786704506.947520,81.524297,2465,24.54,0.00,0.00,0.0000,0.000000,0.000000,0.00,0.00,0.0000,0.000000,0.000000
1786704506.979530,81.556306,2466,24.54,0.00,0.00,0.0000,0.000000,0.000000,0.00,0.00,0.0000,0.000000,0.000000
1786704507.011137,81.587914,2467,24.54,0.00,0.00,0.0000,0.000000,0.000000,0.00,0.00,0.0000,0.000000,0.000000
1786704507.058443,81.635219,2468,24.54,0.00,0.00,0.0000,0.000000,0.000000,0.00,0.00,0.0000,0.000000,0.000000
1786704507.074140,81.650917,2469,24.54,0.00,0.00,0.0000,0.000000,0.000000,0.00,0.00,0.0000,0.000000,0.000000
1786704507.137637,81.714414,2471,24.54,0.00,0.00,0.0000,0.000000,0.000000,0.00,0.00,0.0000,0.000000,0.000000
1786704507.151493,81.728269,2472,24.54,0.00,0.00,0.0000,0.000000,0.000000,0.00,0.00,0.0000,0.000000,0.000000
1786704507.198548,81.775324,2473,24.54,0.00,0.00,0.0000,0.000000,0.000000,0.00,0.00,0.0000,0.000000,0.000000
1786704507.230384,81.807161,2474,24.54,0.00,0.00,0.0000,0.000000,0.000000,0.00,0.00,0.0000,0.000000,0.000000
1786704507.278041,81.854818,2475,24.54,0.00,0.00,0.0000,0.000000,0.000000,0.00,0.00,0.0000,0.000000,0.000000
1786704507.293754,81.870531,2476,24.54,0.00,0.00,0.0000,0.000000,0.000000,0.00,0.00,0.0000,0.000000,0.000000
1786704507.341497,81.918274,2477,24.54,0.00,0.00,0.0000,0.000000,0.000000,0.00,0.00,0.0000,0.000000,0.000000
1786704507.374409,81.951186,2478,24.54,0.00,0.00,0.0000,0.000000,0.000000,0.00,0.00,0.0000,0.000000,0.000000
1786704507.405009,81.981786,2479,25.39,0.00,0.00,0.0000,0.000000,0.000000,0.00,0.00,0.0000,0.000000,0.000000
1786704507.454426,82.031202,2480,25.39,0.00,0.00,0.0000,0.000000,0.000000,0.00,0.00,0.0000,0.000000,0.000000
1786704507.468797,82.045574,2481,25.39,0.00,0.00,0.0000,0.000000,0.000000,0.00,0.00,0.0000,0.000000,0.000000
1786704507.500356,82.077133,2482,25.39,0.00,0.00,0.0000,0.000000,0.000000,0.00,0.00,0.0000,0.000000,0.000000
1786704507.532596,82.109373,2483,25.39,0.00,0.00,0.0000,0.000000,0.000000,0.00,0.00,0.0000,0.000000,0.000000
1786704507.590831,82.167608,2484,25.39,0.00,0.00,0.0000,0.000000,0.000000,0.00,0.00,0.0000,0.000000,0.000000
1786704507.607653,82.184429,2485,25.39,0.00,0.00,0.0000,0.000000,0.000000,0.00,0.00,0.0000,0.000000,0.000000
1786704507.622803,82.199580,2486,25.39,0.00,0.00,0.0000,0.000000,0.000000,0.00,0.00,0.0000,0.000000,0.000000
1786704507.679137,82.255914,2487,25.39,0.00,0.00,0.0000,0.000000,0.000000,0.00,0.00,0.0000,0.000000,0.000000
1786704507.694593,82.271370,2488,25.39,0.00,0.00,0.0000,0.000000,0.000000,0.00,0.00,0.0000,0.000000,0.000000
1786704507.774294,82.351071,2490,25.39,0.00,0.00,0.0000,0.000000,0.000000,0.00,0.00,0.0000,0.000000,0.000000
1786704507.822091,82.398868,2492,25.39,0.00,0.00,0.0000,0.000000,0.000000,0.00,0.00,0.0000,0.000000,0.000000
1786704507.853882,82.430659,2493,25.39,0.00,0.00,0.0000,0.000000,0.000000,0.00,0.00,0.0000,0.000000,0.000000
1786704507.895311,82.472088,2494,25.39,0.00,0.00,0.0000,0.000000,0.000000,0.00,0.00,0.0000,0.000000,0.000000
1786704507.934726,82.511503,2495,25.85,0.00,0.00,0.0000,0.000000,0.000000,0.00,0.00,0.0000,0.000000,0.000000
1786704507.963005,82.539782,2496,25.85,0.00,0.00,0.0000,0.000000,0.000000,0.00,0.00,0.0000,0.000000,0.000000
1786704508.013167,82.589943,2497,25.85,0.00,0.00,0.0000,0.000000,0.000000,0.00,0.00,0.0000,0.000000,0.000000
1786704508.044999,82.621776,2498,25.85,0.00,0.00,0.0000,0.000000,0.000000,0.00,0.00,0.0000,0.000000,0.000000
1786704508.060987,82.637764,2499,25.85,0.00,0.00,0.0000,0.000000,0.000000,0.00,0.00,0.0000,0.000000,0.000000
1786704508.092950,82.669727,2500,25.85,0.00,0.00,0.0000,0.000000,0.000000,0.00,0.00,0.0000,0.000000,0.000000
1786704508.140459,82.717235,2501,25.85,0.00,0.00,0.0000,0.000000,0.000000,0.00,0.00,0.0000,0.000000,0.000000
1786704508.188044,82.764821,2503,25.85,0.00,0.00,0.0000,0.000000,0.000000,0.00,0.00,0.0000,0.000000,0.000000
1786704508.244614,82.821391,2504,25.85,0.00,0.00,0.0000,0.000000,0.000000,0.00,0.00,0.0000,0.000000,0.000000
1786704508.279187,82.855964,2505,25.85,0.00,0.00,0.0000,0.000000,0.000000,0.00,0.00,0.0000,0.000000,0.000000
1786704508.323912,82.900689,2507,25.85,0.00,0.00,0.0000,0.000000,0.000000,0.00,0.00,0.0000,0.000000,0.000000
1786704508.387157,82.963934,2509,25.85,0.00,0.00,0.0000,0.000000,0.000000,0.00,0.00,0.0000,0.000000,0.000000
1786704508.419220,82.995996,2510,25.40,0.00,0.00,0.0000,0.000000,0.000000,0.00,0.00,0.0000,0.000000,0.000000
1786704508.467123,83.043900,2511,25.40,0.00,0.00,0.0000,0.000000,0.000000,0.00,0.00,0.0000,0.000000,0.000000
1786704508.499130,83.075907,2512,25.40,0.00,0.00,0.0000,0.000000,0.000000,0.00,0.00,0.0000,0.000000,0.000000
1786704508.515244,83.092021,2513,25.40,0.00,0.00,0.0000,0.000000,0.000000,0.00,0.00,0.0000,0.000000,0.000000
1786704508.580066,83.156843,2514,25.40,0.00,0.00,0.0000,0.000000,0.000000,0.00,0.00,0.0000,0.000000,0.000000
1786704508.610894,83.187671,2515,25.40,0.00,0.00,0.0000,0.000000,0.000000,0.00,0.00,0.0000,0.000000,0.000000
1786704508.642868,83.219644,2516,25.40,0.00,0.00,0.0000,0.000000,0.000000,0.00,0.00,0.0000,0.000000,0.000000
1786704508.658794,83.235571,2517,25.40,0.00,0.00,0.0000,0.000000,0.000000,0.00,0.00,0.0000,0.000000,0.000000
1786704508.721873,83.298650,2519,25.40,0.00,0.00,0.0000,0.000000,0.000000,0.00,0.00,0.0000,0.000000,0.000000
1786704508.780591,83.357368,2520,25.40,0.00,0.00,0.0000,0.000000,0.000000,0.00,0.00,0.0000,0.000000,0.000000
1786704508.811590,83.388367,2521,25.40,0.00,0.00,0.0000,0.000000,0.000000,0.00,0.00,0.0000,0.000000,0.000000
1786704508.827477,83.404254,2522,25.40,0.00,0.00,0.0000,0.000000,0.000000,0.00,0.00,0.0000,0.000000,0.000000
1786704508.875310,83.452086,2523,25.40,0.00,0.00,0.0000,0.000000,0.000000,0.00,0.00,0.0000,0.000000,0.000000
1786704508.906876,83.483653,2524,25.48,0.00,0.00,0.0000,0.000000,0.000000,0.00,0.00,0.0000,0.000000,0.000000
1786704508.970896,83.547672,2526,25.48,0.00,0.00,0.0000,0.000000,0.000000,0.00,0.00,0.0000,0.000000,0.000000
1786704509.021552,83.598329,2527,25.48,0.00,0.00,0.0000,0.000000,0.000000,0.00,0.00,0.0000,0.000000,0.000000
1786704509.051810,83.628587,2528,25.48,0.00,0.00,0.0000,0.000000,0.000000,0.00,0.00,0.0000,0.000000,0.000000
1786704509.083605,83.660382,2529,25.48,0.00,0.00,0.0000,0.000000,0.000000,0.00,0.00,0.0000,0.000000,0.000000
1786704509.098425,83.675202,2530,25.48,0.00,0.00,0.0000,0.000000,0.000000,0.00,0.00,0.0000,0.000000,0.000000
1786704509.145849,83.722626,2531,25.48,0.00,0.00,0.0000,0.000000,0.000000,0.00,0.00,0.0000,0.000000,0.000000
1786704509.177445,83.754222,2532,25.48,0.00,0.00,0.0000,0.000000,0.000000,0.00,0.00,0.0000,0.000000,0.000000
1786704509.209455,83.786231,2533,25.48,0.00,0.00,0.0000,0.000000,0.000000,0.00,0.00,0.0000,0.000000,0.000000
1786704509.241056,83.817833,2534,25.48,0.00,0.00,0.0000,0.000000,0.000000,0.00,0.00,0.0000,0.000000,0.000000
1786704509.300163,83.876940,2536,25.48,0.00,0.00,0.0000,0.000000,0.000000,0.00,0.00,0.0000,0.000000,0.000000
1786704509.332014,83.908791,2537,25.48,0.00,0.00,0.0000,0.000000,0.000000,0.00,0.00,0.0000,0.000000,0.000000
1786704509.347951,83.924728,2538,25.48,0.00,0.00,0.0000,0.000000,0.000000,0.00,0.00,0.0000,0.000000,0.000000
1786704509.411290,83.988067,2539,25.48,0.00,0.00,0.0000,0.000000,0.000000,0.00,0.00,0.0000,0.000000,0.000000
1786704509.443377,84.020154,2541,25.93,0.00,0.00,0.0000,0.000000,0.000000,0.00,0.00,0.0000,0.000000,0.000000
1786704509.507834,84.084611,2542,25.93,0.00,0.00,0.0000,0.000000,0.000000,0.00,0.00,0.0000,0.000000,0.000000
1786704509.541198,84.117975,2543,25.93,0.00,0.00,0.0000,0.000000,0.000000,0.00,0.00,0.0000,0.000000,0.000000
1786704509.562215,84.138992,2544,25.93,0.00,0.00,0.0000,0.000000,0.000000,0.00,0.00,0.0000,0.000000,0.000000
1786704509.600517,84.177293,2545,25.93,0.00,0.00,0.0000,0.000000,0.000000,0.00,0.00,0.0000,0.000000,0.000000
1786704509.631773,84.208549,2546,25.93,0.00,0.00,0.0000,0.000000,0.000000,0.00,0.00,0.0000,0.000000,0.000000
1786704509.647477,84.224254,2547,25.93,0.00,0.00,0.0000,0.000000,0.000000,0.00,0.00,0.0000,0.000000,0.000000
1786704509.694731,84.271508,2548,25.93,0.00,0.00,0.0000,0.000000,0.000000,0.00,0.00,0.0000,0.000000,0.000000
1786704509.742191,84.318968,2549,25.93,0.00,0.00,0.0000,0.000000,0.000000,0.00,0.00,0.0000,0.000000,0.000000
1786704509.773900,84.350677,2550,25.93,0.00,0.00,0.0000,0.000000,0.000000,0.00,0.00,0.0000,0.000000,0.000000
1786704509.796215,84.372991,2551,25.93,0.00,0.00,0.0000,0.000000,0.000000,0.00,0.00,0.0000,0.000000,0.000000
1786704509.842398,84.419175,2552,25.93,0.00,0.00,0.0000,0.000000,0.000000,0.00,0.00,0.0000,0.000000,0.000000
1786704509.857973,84.434750,2553,25.93,0.00,0.00,0.0000,0.000000,0.000000,0.00,0.00,0.0000,0.000000,0.000000
1786704509.905554,84.482331,2554,25.93,0.00,0.00,0.0000,0.000000,0.000000,0.00,0.00,0.0000,0.000000,0.000000
1786704509.937356,84.514133,2555,26.07,0.00,0.00,0.0000,0.000000,0.000000,0.00,0.00,0.0000,0.000000,0.000000
1786704509.985183,84.561960,2556,26.07,0.00,0.00,0.0000,0.000000,0.000000,0.00,0.00,0.0000,0.000000,0.000000
1786704510.032814,84.609590,2558,26.07,0.00,0.00,0.0000,0.000000,0.000000,0.00,0.00,0.0000,0.000000,0.000000
1786704510.064746,84.641523,2559,26.07,0.00,0.00,0.0000,0.000000,0.000000,0.00,0.00,0.0000,0.000000,0.000000
1786704510.115561,84.692338,2560,26.07,0.00,0.00,0.0000,0.000000,0.000000,0.00,0.00,0.0000,0.000000,0.000000
1786704510.150457,84.727234,2561,26.07,0.00,0.00,0.0000,0.000000,0.000000,0.00,0.00,0.0000,0.000000,0.000000
1786704510.160885,84.737662,2562,26.07,0.00,0.00,0.0000,0.000000,0.000000,0.00,0.00,0.0000,0.000000,0.000000
1786704510.224669,84.801445,2564,26.07,0.00,0.00,0.0000,0.000000,0.000000,0.00,0.00,0.0000,0.000000,0.000000
1786704510.302203,84.878980,2565,26.07,0.00,0.00,0.0000,0.000000,0.000000,0.00,0.00,0.0000,0.000000,0.000000
1786704510.332095,84.908872,2567,26.07,0.00,0.00,0.0000,0.000000,0.000000,0.00,0.00,0.0000,0.000000,0.000000
1786704510.363357,84.940133,2568,26.07,0.00,0.00,0.0000,0.000000,0.000000,0.00,0.00,0.0000,0.000000,0.000000
1786704510.426203,85.002980,2570,26.07,0.00,0.00,0.0000,0.000000,0.000000,0.00,0.00,0.0000,0.000000,0.000000
1786704510.450467,85.027243,2571,26.07,0.00,0.00,0.0000,0.000000,0.000000,0.00,0.00,0.0000,0.000000,0.000000
1786704510.498074,85.074851,2572,25.70,0.00,0.00,0.0000,0.000000,0.000000,0.00,0.00,0.0000,0.000000,0.000000
1786704510.543823,85.120600,2573,25.70,0.00,0.00,0.0000,0.000000,0.000000,0.00,0.00,0.0000,0.000000,0.000000
1786704510.570403,85.147180,2574,25.70,0.00,0.00,0.0000,0.000000,0.000000,0.00,0.00,0.0000,0.000000,0.000000
1786704510.601903,85.178680,2575,25.70,0.00,0.00,0.0000,0.000000,0.000000,0.00,0.00,0.0000,0.000000,0.000000
1786704510.633905,85.210682,2576,25.70,0.00,0.00,0.0000,0.000000,0.000000,0.00,0.00,0.0000,0.000000,0.000000
1786704510.665842,85.242619,2577,25.70,0.00,0.00,0.0000,0.000000,0.000000,0.00,0.00,0.0000,0.000000,0.000000
1786704510.697953,85.274730,2578,25.70,0.00,0.00,0.0000,0.000000,0.000000,0.00,0.00,0.0000,0.000000,0.000000
1786704510.730000,85.306776,2579,25.70,0.00,0.00,0.0000,0.000000,0.000000,0.00,0.00,0.0000,0.000000,0.000000
1786704510.793272,85.370049,2581,25.70,0.00,0.00,0.0000,0.000000,0.000000,0.00,0.00,0.0000,0.000000,0.000000
1786704510.841158,85.417935,2582,25.70,0.00,0.00,0.0000,0.000000,0.000000,0.00,0.00,0.0000,0.000000,0.000000
1786704510.883146,85.459923,2583,25.70,0.00,0.00,0.0000,0.000000,0.000000,0.00,0.00,0.0000,0.000000,0.000000
1786704510.897449,85.474226,2584,25.70,0.00,0.00,0.0000,0.000000,0.000000,0.00,0.00,0.0000,0.000000,0.000000
1786704510.928803,85.505580,2585,25.70,0.00,0.00,0.0000,0.000000,0.000000,0.00,0.00,0.0000,0.000000,0.000000
1786704510.976840,85.553617,2586,25.70,0.00,0.00,0.0000,0.000000,0.000000,0.00,0.00,0.0000,0.000000,0.000000
1786704511.008475,85.585252,2587,26.14,0.00,0.00,0.0000,0.000000,0.000000,0.00,0.00,0.0000,0.000000,0.000000
1786704511.024367,85.601144,2588,26.14,0.00,0.00,0.0000,0.000000,0.000000,0.00,0.00,0.0000,0.000000,0.000000
1786704511.089692,85.666469,2589,26.14,0.00,0.00,0.0000,0.000000,0.000000,0.00,0.00,0.0000,0.000000,0.000000
1786704511.104348,85.681125,2590,26.14,0.00,0.00,0.0000,0.000000,0.000000,0.00,0.00,0.0000,0.000000,0.000000
1786704511.136562,85.713338,2591,26.14,0.00,0.00,0.0000,0.000000,0.000000,0.00,0.00,0.0000,0.000000,0.000000
1786704511.185065,85.761842,2592,26.14,0.00,0.00,0.0000,0.000000,0.000000,0.00,0.00,0.0000,0.000000,0.000000
1786704511.199668,85.776445,2593,26.14,0.00,0.00,0.0000,0.000000,0.000000,0.00,0.00,0.0000,0.000000,0.000000
1786704511.247193,85.823969,2595,26.14,0.00,0.00,0.0000,0.000000,0.000000,0.00,0.00,0.0000,0.000000,0.000000
1786704511.294950,85.871727,2596,26.14,0.00,0.00,0.0000,0.000000,0.000000,0.00,0.00,0.0000,0.000000,0.000000
1786704511.343531,85.920308,2597,26.14,0.00,0.00,0.0000,0.000000,0.000000,0.00,0.00,0.0000,0.000000,0.000000
1786704511.359307,85.936083,2598,26.14,0.00,0.00,0.0000,0.000000,0.000000,0.00,0.00,0.0000,0.000000,0.000000
1786704511.417039,85.993816,2599,26.14,0.00,0.00,0.0000,0.000000,0.000000,0.00,0.00,0.0000,0.000000,0.000000
1786704511.432217,86.008994,2600,26.14,0.00,0.00,0.0000,0.000000,0.000000,0.00,0.00,0.0000,0.000000,0.000000
1786704511.480005,86.056781,2601,26.14,0.00,0.00,0.0000,0.000000,0.000000,0.00,0.00,0.0000,0.000000,0.000000
1786704511.495288,86.072065,2602,26.14,0.00,0.00,0.0000,0.000000,0.000000,0.00,0.00,0.0000,0.000000,0.000000
1786704511.519614,86.096391,2603,26.42,0.00,0.00,0.0000,0.000000,0.000000,0.00,0.00,0.0000,0.000000,0.000000
1786704511.584986,86.161763,2604,26.42,0.00,0.00,0.0000,0.000000,0.000000,0.00,0.00,0.0000,0.000000,0.000000
1786704511.615856,86.192632,2605,26.42,0.00,0.00,0.0000,0.000000,0.000000,0.00,0.00,0.0000,0.000000,0.000000
1786704511.632232,86.209009,2606,26.42,0.00,0.00,0.0000,0.000000,0.000000,0.00,0.00,0.0000,0.000000,0.000000
1786704511.663172,86.239949,2607,26.42,0.00,0.00,0.0000,0.000000,0.000000,0.00,0.00,0.0000,0.000000,0.000000
1786704511.716239,86.293016,2608,26.42,0.00,0.00,0.0000,0.000000,0.000000,0.00,0.00,0.0000,0.000000,0.000000
1786704511.727065,86.303842,2609,26.42,0.00,0.00,0.0000,0.000000,0.000000,0.00,0.00,0.0000,0.000000,0.000000
1786704511.759066,86.335843,2610,26.42,0.00,0.00,0.0000,0.000000,0.000000,0.00,0.00,0.0000,0.000000,0.000000
1786704511.806697,86.383473,2611,26.42,0.00,0.00,0.0000,0.000000,0.000000,0.00,0.00,0.0000,0.000000,0.000000
1786704511.838372,86.415149,2612,26.42,0.00,0.00,0.0000,0.000000,0.000000,0.00,0.00,0.0000,0.000000,0.000000
1786704511.886209,86.462985,2613,26.42,0.00,0.00,0.0000,0.000000,0.000000,0.00,0.00,0.0000,0.000000,0.000000
1786704511.933744,86.510521,2614,26.42,0.00,0.00,0.0000,0.000000,0.000000,0.00,0.00,0.0000,0.000000,0.000000
1786704511.962459,86.539236,2616,26.42,0.00,0.00,0.0000,0.000000,0.000000,0.00,0.00,0.0000,0.000000,0.000000
1786704511.994203,86.570979,2617,26.42,0.00,0.00,0.0000,0.000000,0.000000,0.00,0.00,0.0000,0.000000,0.000000
1786704512.041916,86.618692,2618,26.42,0.00,0.00,0.0000,0.000000,0.000000,0.00,0.00,0.0000,0.000000,0.000000
1786704512.076074,86.652851,2619,26.94,0.00,0.00,0.0000,0.000000,0.000000,0.00,0.00,0.0000,0.000000,0.000000
1786704512.089621,86.666398,2620,26.94,0.00,0.00,0.0000,0.000000,0.000000,0.00,0.00,0.0000,0.000000,0.000000
1786704512.121769,86.698545,2621,26.94,0.00,0.00,0.0000,0.000000,0.000000,0.00,0.00,0.0000,0.000000,0.000000
1786704512.185674,86.762450,2622,26.94,0.00,0.00,0.0000,0.000000,0.000000,0.00,0.00,0.0000,0.000000,0.000000
1786704512.217286,86.794063,2623,26.94,0.00,0.00,0.0000,0.000000,0.000000,0.00,0.00,0.0000,0.000000,0.000000
1786704512.261508,86.838284,2625,26.94,0.00,0.00,0.0000,0.000000,0.000000,0.00,0.00,0.0000,0.000000,0.000000
1786704512.297154,86.873931,2626,26.94,0.00,0.00,0.0000,0.000000,0.000000,0.00,0.00,0.0000,0.000000,0.000000
1786704512.331329,86.908105,2627,26.94,0.00,0.00,0.0000,0.000000,0.000000,0.00,0.00,0.0000,0.000000,0.000000
1786704512.375911,86.952688,2628,26.94,0.00,0.00,0.0000,0.000000,0.000000,0.00,0.00,0.0000,0.000000,0.000000
1786704512.415981,86.992758,2629,26.94,0.00,0.00,0.0000,0.000000,0.000000,0.00,0.00,0.0000,0.000000,0.000000
1786704512.440006,87.016783,2630,26.94,0.00,0.00,0.0000,0.000000,0.000000,0.00,0.00,0.0000,0.000000,0.000000
1786704512.472770,87.049547,2631,26.94,0.00,0.00,0.0000,0.000000,0.000000,0.00,0.00,0.0000,0.000000,0.000000
1786704512.496250,87.073027,2632,26.94,0.00,0.00,0.0000,0.000000,0.000000,0.00,0.00,0.0000,0.000000,0.000000
1786704512.528304,87.105080,2633,26.74,0.00,0.00,0.0000,0.000000,0.000000,0.00,0.00,0.0000,0.000000,0.000000
1786704512.560531,87.137308,2634,26.74,0.00,0.00,0.0000,0.000000,0.000000,0.00,0.00,0.0000,0.000000,0.000000
1786704512.592521,87.169298,2635,26.74,0.00,0.00,0.0000,0.000000,0.000000,0.00,0.00,0.0000,0.000000,0.000000
1786704512.655863,87.232639,2637,26.74,0.00,0.00,0.0000,0.000000,0.000000,0.00,0.00,0.0000,0.000000,0.000000
1786704512.687735,87.264512,2638,26.74,0.00,0.00,0.0000,0.000000,0.000000,0.00,0.00,0.0000,0.000000,0.000000
1786704512.724106,87.300883,2639,26.74,0.00,0.00,0.0000,0.000000,0.000000,0.00,0.00,0.0000,0.000000,0.000000
1786704512.750978,87.327754,2640,26.74,0.00,0.00,0.0000,0.000000,0.000000,0.00,0.00,0.0000,0.000000,0.000000
1786704512.798343,87.375119,2641,26.74,0.00,0.00,0.0000,0.000000,0.000000,0.00,0.00,0.0000,0.000000,0.000000
1786704512.869008,87.445785,2642,26.74,0.00,0.00,0.0000,0.000000,0.000000,0.00,0.00,0.0000,0.000000,0.000000
1786704512.894014,87.470791,2643,26.74,0.00,0.00,0.0000,0.000000,0.000000,0.00,0.00,0.0000,0.000000,0.000000
1786704512.926152,87.502928,2645,26.74,0.00,0.00,0.0000,0.000000,0.000000,0.00,0.00,0.0000,0.000000,0.000000
1786704512.967775,87.544551,2646,26.74,0.00,0.00,0.0000,0.000000,0.000000,0.00,0.00,0.0000,0.000000,0.000000
1786704513.001858,87.578634,2647,26.74,0.00,0.00,0.0000,0.000000,0.000000,0.00,0.00,0.0000,0.000000,0.000000
1786704513.031678,87.608455,2648,26.74,0.00,0.00,0.0000,0.000000,0.000000,0.00,0.00,0.0000,0.000000,0.000000
1786704513.063524,87.640301,2649,26.73,0.00,0.00,0.0000,0.000000,0.000000,0.00,0.00,0.0000,0.000000,0.000000
1786704513.095426,87.672202,2650,26.73,0.00,0.00,0.0000,0.000000,0.000000,0.00,0.00,0.0000,0.000000,0.000000
1786704513.158699,87.735476,2652,26.73,0.00,0.00,0.0000,0.000000,0.000000,0.00,0.00,0.0000,0.000000,0.000000
1786704513.206563,87.783340,2653,26.73,0.00,0.00,0.0000,0.000000,0.000000,0.00,0.00,0.0000,0.000000,0.000000
1786704513.238856,87.815633,2654,26.73,0.00,0.00,0.0000,0.000000,0.000000,0.00,0.00,0.0000,0.000000,0.000000
1786704513.269975,87.846751,2655,26.73,0.00,0.00,0.0000,0.000000,0.000000,0.00,0.00,0.0000,0.000000,0.000000
1786704513.288246,87.865023,2656,26.73,0.00,0.00,0.0000,0.000000,0.000000,0.00,0.00,0.0000,0.000000,0.000000
1786704513.334127,87.910904,2657,26.73,0.00,0.00,0.0000,0.000000,0.000000,0.00,0.00,0.0000,0.000000,0.000000
1786704513.349446,87.926223,2658,26.73,0.00,0.00,0.0000,0.000000,0.000000,0.00,0.00,0.0000,0.000000,0.000000
1786704513.413338,87.990114,2659,26.73,0.00,0.00,0.0000,0.000000,0.000000,0.00,0.00,0.0000,0.000000,0.000000
1786704513.428795,88.005572,2660,26.73,0.00,0.00,0.0000,0.000000,0.000000,0.00,0.00,0.0000,0.000000,0.000000
1786704513.463122,88.039898,2661,26.73,0.00,0.00,0.0000,0.000000,0.000000,0.00,0.00,0.0000,0.000000,0.000000
1786704513.509824,88.086601,2662,26.73,0.00,0.00,0.0000,0.000000,0.000000,0.00,0.00,0.0000,0.000000,0.000000
1786704513.536984,88.113761,2663,26.73,0.00,0.00,0.0000,0.000000,0.000000,0.00,0.00,0.0000,0.000000,0.000000
1786704513.571183,88.147960,2664,26.73,0.00,0.00,0.0000,0.000000,0.000000,0.00,0.00,0.0000,0.000000,0.000000
1786704513.596055,88.172832,2665,27.32,0.00,0.00,0.0000,0.000000,0.000000,0.00,0.00,0.0000,0.000000,0.000000
1786704513.639751,88.216528,2666,27.32,0.00,0.00,0.0000,0.000000,0.000000,0.00,0.00,0.0000,0.000000,0.000000
1786704513.671206,88.247983,2667,27.32,0.00,0.00,0.0000,0.000000,0.000000,0.00,0.00,0.0000,0.000000,0.000000
1786704513.702910,88.279687,2668,27.32,0.00,0.00,0.0000,0.000000,0.000000,0.00,0.00,0.0000,0.000000,0.000000
1786704513.766751,88.343528,2670,27.32,0.00,0.00,0.0000,0.000000,0.000000,0.00,0.00,0.0000,0.000000,0.000000
1786704513.815683,88.392460,2671,27.32,0.00,0.00,0.0000,0.000000,0.000000,0.00,0.00,0.0000,0.000000,0.000000
1786704513.830678,88.407455,2672,27.32,0.00,0.00,0.0000,0.000000,0.000000,0.00,0.00,0.0000,0.000000,0.000000
1786704513.878578,88.455354,2673,27.32,0.00,0.00,0.0000,0.000000,0.000000,0.00,0.00,0.0000,0.000000,0.000000
1786704513.910443,88.487220,2674,27.32,0.00,0.00,0.0000,0.000000,0.000000,0.00,0.00,0.0000,0.000000,0.000000
1786704513.979722,88.556499,2676,27.32,0.00,0.00,0.0000,0.000000,0.000000,0.00,0.00,0.0000,0.000000,0.000000
1786704514.021150,88.597926,2678,27.32,0.00,0.00,0.0000,0.000000,0.000000,0.00,0.00,0.0000,0.000000,0.000000
1786704514.047106,88.623882,2679,27.32,0.00,0.00,0.0000,0.000000,0.000000,0.00,0.00,0.0000,0.000000,0.000000
1786704514.093692,88.670469,2680,26.57,0.00,0.00,0.0000,0.000000,0.000000,0.00,0.00,0.0000,0.000000,0.000000
1786704514.158327,88.735104,2681,26.57,0.00,0.00,0.0000,0.000000,0.000000,0.00,0.00,0.0000,0.000000,0.000000
1786704514.181228,88.758005,2682,26.57,0.00,0.00,0.0000,0.000000,0.000000,0.00,0.00,0.0000,0.000000,0.000000
1786704514.189505,88.766282,2683,26.57,0.00,0.00,0.0000,0.000000,0.000000,0.00,0.00,0.0000,0.000000,0.000000
1786704514.244811,88.821588,2684,26.57,0.00,0.00,0.0000,0.000000,0.000000,0.00,0.00,0.0000,0.000000,0.000000
1786704514.281694,88.858471,2685,26.57,0.00,0.00,0.0000,0.000000,0.000000,0.00,0.00,0.0000,0.000000,0.000000
1786704514.300103,88.876880,2686,26.57,0.00,0.00,0.0000,0.000000,0.000000,0.00,0.00,0.0000,0.000000,0.000000
1786704514.348158,88.924935,2687,26.57,0.00,0.00,0.0000,0.000000,0.000000,0.00,0.00,0.0000,0.000000,0.000000
1786704514.362967,88.939744,2688,26.57,0.00,0.00,0.0000,0.000000,0.000000,0.00,0.00,0.0000,0.000000,0.000000
1786704514.412022,88.988799,2689,26.57,0.00,0.00,0.0000,0.000000,0.000000,0.00,0.00,0.0000,0.000000,0.000000
1786704514.442342,89.019118,2690,26.57,0.00,0.00,0.0000,0.000000,0.000000,0.00,0.00,0.0000,0.000000,0.000000
1786704514.474777,89.051554,2691,26.57,0.00,0.00,0.0000,0.000000,0.000000,0.00,0.00,0.0000,0.000000,0.000000
1786704514.506071,89.082848,2692,26.57,0.00,0.00,0.0000,0.000000,0.000000,0.00,0.00,0.0000,0.000000,0.000000
1786704514.554060,89.130836,2694,26.57,0.00,0.00,0.0000,0.000000,0.000000,0.00,0.00,0.0000,0.000000,0.000000
1786704514.615138,89.191914,2695,26.57,0.00,0.00,0.0000,0.000000,0.000000,0.00,0.00,0.0000,0.000000,0.000000
1786704514.643154,89.219931,2696,26.92,0.00,0.00,0.0000,0.000000,0.000000,0.00,0.00,0.0000,0.000000,0.000000
1786704514.661928,89.238705,2697,26.92,0.00,0.00,0.0000,0.000000,0.000000,0.00,0.00,0.0000,0.000000,0.000000
1786704514.693488,89.270265,2698,26.92,0.00,0.00,0.0000,0.000000,0.000000,0.00,0.00,0.0000,0.000000,0.000000
1786704514.741224,89.318001,2699,26.92,0.00,0.00,0.0000,0.000000,0.000000,0.00,0.00,0.0000,0.000000,0.000000
1786704514.757255,89.334032,2700,26.92,0.00,0.00,0.0000,0.000000,0.000000,0.00,0.00,0.0000,0.000000,0.000000
1786704514.804714,89.381491,2701,26.92,0.00,0.00,0.0000,0.000000,0.000000,0.00,0.00,0.0000,0.000000,0.000000
1786704514.836417,89.413194,2702,26.92,0.00,0.00,0.0000,0.000000,0.000000,0.00,0.00,0.0000,0.000000,0.000000
1786704514.899696,89.476473,2704,26.92,0.00,0.00,0.0000,0.000000,0.000000,0.00,0.00,0.0000,0.000000,0.000000
1786704514.931648,89.508424,2705,26.92,0.00,0.00,0.0000,0.000000,0.000000,0.00,0.00,0.0000,0.000000,0.000000
1786704514.980041,89.556817,2706,26.92,0.00,0.00,0.0000,0.000000,0.000000,0.00,0.00,0.0000,0.000000,0.000000
1786704515.014462,89.591239,2707,26.92,0.00,0.00,0.0000,0.000000,0.000000,0.00,0.00,0.0000,0.000000,0.000000
1786704515.043660,89.620437,2708,26.92,0.00,0.00,0.0000,0.000000,0.000000,0.00,0.00,0.0000,0.000000,0.000000
1786704515.067437,89.644214,2709,26.92,0.00,0.00,0.0000,0.000000,0.000000,0.00,0.00,0.0000,0.000000,0.000000
1786704515.107004,89.683781,2710,26.92,0.00,0.00,0.0000,0.000000,0.000000,0.00,0.00,0.0000,0.000000,0.000000
1786704515.149834,89.726611,2711,27.02,0.00,0.00,0.0000,0.000000,0.000000,0.00,0.00,0.0000,0.000000,0.000000
1786704515.181614,89.758391,2712,27.02,0.00,0.00,0.0000,0.000000,0.000000,0.00,0.00,0.0000,0.000000,0.000000
1786704515.230123,89.806899,2713,27.02,0.00,0.00,0.0000,0.000000,0.000000,0.00,0.00,0.0000,0.000000,0.000000
1786704515.232125,89.808902,2714,27.02,0.00,0.00,0.0000,0.000000,0.000000,0.00,0.00,0.0000,0.000000,0.000000
1786704515.266029,89.842806,2715,27.02,0.00,0.00,0.0000,0.000000,0.000000,0.00,0.00,0.0000,0.000000,0.000000
1786704515.324372,89.901149,2717,27.02,0.00,0.00,0.0000,0.000000,0.000000,0.00,0.00,0.0000,0.000000,0.000000
1786704515.436590,90.013367,2719,27.02,0.00,0.00,0.0000,0.000000,0.000000,0.00,0.00,0.0000,0.000000,0.000000
1786704515.449974,90.026751,2721,27.02,0.00,0.00,0.0000,0.000000,0.000000,0.00,0.00,0.0000,0.000000,0.000000
1786704515.513849,90.090625,2722,27.02,0.00,0.00,0.0000,0.000000,0.000000,0.00,0.00,0.0000,0.000000,0.000000
1786704515.529262,90.106039,2723,27.02,0.00,0.00,0.0000,0.000000,0.000000,0.00,0.00,0.0000,0.000000,0.000000
1786704515.561186,90.137963,2724,27.02,0.00,0.00,0.0000,0.000000,0.000000,0.00,0.00,0.0000,0.000000,0.000000
1786704515.593264,90.170041,2725,27.02,0.00,0.00,0.0000,0.000000,0.000000,0.00,0.00,0.0000,0.000000,0.000000
1786704515.645385,90.222162,2726,26.16,0.00,0.00,0.0000,0.000000,0.000000,0.00,0.00,0.0000,0.000000,0.000000
1786704515.694424,90.271201,2728,26.16,0.00,0.00,0.0000,0.000000,0.000000,0.00,0.00,0.0000,0.000000,0.000000
1786704515.742953,90.319730,2729,26.16,0.00,0.00,0.0000,0.000000,0.000000,0.00,0.00,0.0000,0.000000,0.000000
1786704515.775279,90.352056,2730,26.16,0.00,0.00,0.0000,0.000000,0.000000,0.00,0.00,0.0000,0.000000,0.000000
1786704515.805753,90.382529,2731,26.16,0.00,0.00,0.0000,0.000000,0.000000,0.00,0.00,0.0000,0.000000,0.000000
1786704515.821859,90.398636,2732,26.16,0.00,0.00,0.0000,0.000000,0.000000,0.00,0.00,0.0000,0.000000,0.000000
1786704515.869198,90.445975,2733,26.16,0.00,0.00,0.0000,0.000000,0.000000,0.00,0.00,0.0000,0.000000,0.000000
1786704515.915264,90.492041,2734,26.16,0.00,0.00,0.0000,0.000000,0.000000,0.00,0.00,0.0000,0.000000,0.000000
1786704515.950150,90.526927,2735,26.16,0.00,0.00,0.0000,0.000000,0.000000,0.00,0.00,0.0000,0.000000,0.000000
1786704515.965285,90.542062,2736,26.16,0.00,0.00,0.0000,0.000000,0.000000,0.00,0.00,0.0000,0.000000,0.000000
1786704515.997276,90.574053,2737,26.16,0.00,0.00,0.0000,0.000000,0.000000,0.00,0.00,0.0000,0.000000,0.000000
1786704516.045508,90.622284,2738,26.16,0.00,0.00,0.0000,0.000000,0.000000,0.00,0.00,0.0000,0.000000,0.000000
1786704516.077326,90.654103,2739,26.16,0.00,0.00,0.0000,0.000000,0.000000,0.00,0.00,0.0000,0.000000,0.000000
1786704516.094832,90.671609,2740,26.16,0.00,0.00,0.0000,0.000000,0.000000,0.00,0.00,0.0000,0.000000,0.000000
1786704516.124686,90.701463,2741,26.16,0.00,0.00,0.0000,0.000000,0.000000,0.00,0.00,0.0000,0.000000,0.000000
1786704516.165126,90.741903,2742,26.70,0.00,0.00,0.0000,0.000000,0.000000,0.00,0.00,0.0000,0.000000,0.000000
1786704516.197932,90.774709,2743,26.70,0.00,0.00,0.0000,0.000000,0.000000,0.00,0.00,0.0000,0.000000,0.000000
1786704516.229455,90.806232,2744,26.70,0.00,0.00,0.0000,0.000000,0.000000,0.00,0.00,0.0000,0.000000,0.000000
1786704516.277355,90.854131,2745,26.70,0.00,0.00,0.0000,0.000000,0.000000,0.00,0.00,0.0000,0.000000,0.000000
1786704516.309004,90.885781,2746,26.70,0.00,0.00,0.0000,0.000000,0.000000,0.00,0.00,0.0000,0.000000,0.000000
1786704516.356300,90.933076,2747,26.70,0.00,0.00,0.0000,0.000000,0.000000,0.00,0.00,0.0000,0.000000,0.000000
1786704516.372385,90.949162,2748,26.70,0.00,0.00,0.0000,0.000000,0.000000,0.00,0.00,0.0000,0.000000,0.000000
1786704516.403785,90.980561,2749,26.70,0.00,0.00,0.0000,0.000000,0.000000,0.00,0.00,0.0000,0.000000,0.000000
1786704516.435619,91.012395,2750,26.70,0.00,0.00,0.0000,0.000000,0.000000,0.00,0.00,0.0000,0.000000,0.000000
1786704516.483480,91.060257,2751,26.70,0.00,0.00,0.0000,0.000000,0.000000,0.00,0.00,0.0000,0.000000,0.000000
1786704516.499284,91.076061,2752,26.70,0.00,0.00,0.0000,0.000000,0.000000,0.00,0.00,0.0000,0.000000,0.000000
1786704516.579160,91.155936,2754,26.70,0.00,0.00,0.0000,0.000000,0.000000,0.00,0.00,0.0000,0.000000,0.000000
1786704516.599991,91.176768,2755,26.70,0.00,0.00,0.0000,0.000000,0.000000,0.00,0.00,0.0000,0.000000,0.000000
1786704516.626635,91.203412,2756,26.70,0.00,0.00,0.0000,0.000000,0.000000,0.00,0.00,0.0000,0.000000,0.000000
1786704516.671127,91.247904,2757,26.70,0.00,0.00,0.0000,0.000000,0.000000,0.00,0.00,0.0000,0.000000,0.000000
1786704516.705787,91.282563,2758,27.34,0.00,0.00,0.0000,0.000000,0.000000,0.00,0.00,0.0000,0.000000,0.000000
1786704516.747629,91.324406,2759,27.34,0.00,0.00,0.0000,0.000000,0.000000,0.00,0.00,0.0000,0.000000,0.000000
1786704516.763373,91.340149,2760,27.34,0.00,0.00,0.0000,0.000000,0.000000,0.00,0.00,0.0000,0.000000,0.000000
1786704516.797972,91.374749,2761,27.34,0.00,0.00,0.0000,0.000000,0.000000,0.00,0.00,0.0000,0.000000,0.000000
1786704516.832322,91.409099,2762,27.34,0.00,0.00,0.0000,0.000000,0.000000,0.00,0.00,0.0000,0.000000,0.000000
1786704516.857925,91.434702,2763,27.34,0.00,0.00,0.0000,0.000000,0.000000,0.00,0.00,0.0000,0.000000,0.000000
1786704516.906142,91.482919,2764,27.34,0.00,0.00,0.0000,0.000000,0.000000,0.00,0.00,0.0000,0.000000,0.000000
1786704516.937796,91.514572,2765,27.34,0.00,0.00,0.0000,0.000000,0.000000,0.00,0.00,0.0000,0.000000,0.000000
1786704516.997931,91.574708,2767,27.34,0.00,0.00,0.0000,0.000000,0.000000,0.00,0.00,0.0000,0.000000,0.000000
1786704517.049448,91.626225,2768,27.34,0.00,0.00,0.0000,0.000000,0.000000,0.00,0.00,0.0000,0.000000,0.000000
1786704517.065307,91.642084,2769,27.34,0.00,0.00,0.0000,0.000000,0.000000,0.00,0.00,0.0000,0.000000,0.000000
1786704517.113217,91.689994,2770,27.34,0.00,0.00,0.0000,0.000000,0.000000,0.00,0.00,0.0000,0.000000,0.000000
1786704517.145392,91.722168,2771,27.34,0.00,0.00,0.0000,0.000000,0.000000,0.00,0.00,0.0000,0.000000,0.000000
1786704517.177644,91.754421,2772,27.34,0.00,0.00,0.0000,0.000000,0.000000,0.00,0.00,0.0000,0.000000,0.000000
1786704517.198181,91.774958,2773,27.19,0.00,0.00,0.0000,0.000000,0.000000,0.00,0.00,0.0000,0.000000,0.000000
1786704517.235778,91.812555,2774,27.19,0.00,0.00,0.0000,0.000000,0.000000,0.00,0.00,0.0000,0.000000,0.000000
1786704517.251642,91.828419,2775,27.19,0.00,0.00,0.0000,0.000000,0.000000,0.00,0.00,0.0000,0.000000,0.000000
1786704517.298421,91.875198,2776,27.19,0.00,0.00,0.0000,0.000000,0.000000,0.00,0.00,0.0000,0.000000,0.000000
1786704517.346659,91.923435,2777,27.19,0.00,0.00,0.0000,0.000000,0.000000,0.00,0.00,0.0000,0.000000,0.000000
1786704517.398712,91.975489,2779,27.19,0.00,0.00,0.0000,0.000000,0.000000,0.00,0.00,0.0000,0.000000,0.000000
1786704517.428434,92.005211,2780,27.19,0.00,0.00,0.0000,0.000000,0.000000,0.00,0.00,0.0000,0.000000,0.000000
1786704517.473883,92.050660,2781,27.19,0.00,0.00,0.0000,0.000000,0.000000,0.00,0.00,0.0000,0.000000,0.000000
1786704517.505556,92.082333,2782,27.19,0.00,0.00,0.0000,0.000000,0.000000,0.00,0.00,0.0000,0.000000,0.000000
1786704517.569023,92.145799,2784,27.19,0.00,0.00,0.0000,0.000000,0.000000,0.00,0.00,0.0000,0.000000,0.000000
1786704517.614490,92.191266,2785,27.19,0.00,0.00,0.0000,0.000000,0.000000,0.00,0.00,0.0000,0.000000,0.000000
1786704517.629779,92.206556,2786,27.19,0.00,0.00,0.0000,0.000000,0.000000,0.00,0.00,0.0000,0.000000,0.000000
1786704517.677810,92.254587,2787,27.19,0.00,0.00,0.0000,0.000000,0.000000,0.00,0.00,0.0000,0.000000,0.000000
1786704517.709366,92.286143,2788,27.19,0.00,0.00,0.0000,0.000000,0.000000,0.00,0.00,0.0000,0.000000,0.000000
1786704517.733890,92.310667,2789,27.13,0.00,0.00,0.0000,0.000000,0.000000,0.00,0.00,0.0000,0.000000,0.000000
1786704517.762605,92.339382,2790,27.13,0.00,0.00,0.0000,0.000000,0.000000,0.00,0.00,0.0000,0.000000,0.000000
1786704517.799361,92.376138,2791,27.13,0.00,0.00,0.0000,0.000000,0.000000,0.00,0.00,0.0000,0.000000,0.000000
1786704517.841850,92.418627,2792,27.13,0.00,0.00,0.0000,0.000000,0.000000,0.00,0.00,0.0000,0.000000,0.000000
1786704517.873866,92.450643,2793,27.13,0.00,0.00,0.0000,0.000000,0.000000,0.00,0.00,0.0000,0.000000,0.000000
1786704517.937554,92.514331,2794,27.13,0.00,0.00,0.0000,0.000000,0.000000,0.00,0.00,0.0000,0.000000,0.000000
1786704517.953730,92.530506,2795,27.13,0.00,0.00,0.0000,0.000000,0.000000,0.00,0.00,0.0000,0.000000,0.000000
1786704517.985736,92.562513,2796,27.13,0.00,0.00,0.0000,0.000000,0.000000,0.00,0.00,0.0000,0.000000,0.000000
1786704518.017496,92.594272,2798,27.13,0.00,0.00,0.0000,0.000000,0.000000,0.00,0.00,0.0000,0.000000,0.000000
1786704518.064645,92.641422,2799,27.13,0.00,0.00,0.0000,0.000000,0.000000,0.00,0.00,0.0000,0.000000,0.000000
1786704518.096827,92.673604,2800,27.13,0.00,0.00,0.0000,0.000000,0.000000,0.00,0.00,0.0000,0.000000,0.000000
1786704518.133331,92.710107,2801,27.13,0.00,0.00,0.0000,0.000000,0.000000,0.00,0.00,0.0000,0.000000,0.000000
1786704518.160006,92.736782,2802,27.13,0.00,0.00,0.0000,0.000000,0.000000,0.00,0.00,0.0000,0.000000,0.000000
1786704518.207873,92.784650,2803,27.13,0.00,0.00,0.0000,0.000000,0.000000,0.00,0.00,0.0000,0.000000,0.000000
1786704518.240422,92.817199,2804,27.21,0.00,0.00,0.0000,0.000000,0.000000,0.00,0.00,0.0000,0.000000,0.000000
1786704518.271463,92.848240,2805,27.21,0.00,0.00,0.0000,0.000000,0.000000,0.00,0.00,0.0000,0.000000,0.000000
1786704518.314546,92.891323,2806,27.21,0.00,0.00,0.0000,0.000000,0.000000,0.00,0.00,0.0000,0.000000,0.000000
1786704518.346081,92.922858,2807,27.21,0.00,0.00,0.0000,0.000000,0.000000,0.00,0.00,0.0000,0.000000,0.000000
1786704518.378727,92.955503,2808,27.21,0.00,0.00,0.0000,0.000000,0.000000,0.00,0.00,0.0000,0.000000,0.000000
1786704518.410049,92.986826,2809,27.21,0.00,0.00,0.0000,0.000000,0.000000,0.00,0.00,0.0000,0.000000,0.000000
1786704518.429632,93.006408,2810,27.21,0.00,0.00,0.0000,0.000000,0.000000,0.00,0.00,0.0000,0.000000,0.000000
1786704518.474186,93.050963,2811,27.21,0.00,0.00,0.0000,0.000000,0.000000,0.00,0.00,0.0000,0.000000,0.000000
1786704518.505575,93.082352,2812,27.21,0.00,0.00,0.0000,0.000000,0.000000,0.00,0.00,0.0000,0.000000,0.000000
1786704518.537151,93.113928,2813,27.21,0.00,0.00,0.0000,0.000000,0.000000,0.00,0.00,0.0000,0.000000,0.000000
1786704518.569120,93.145896,2814,27.21,0.00,0.00,0.0000,0.000000,0.000000,0.00,0.00,0.0000,0.000000,0.000000
1786704518.584942,93.161719,2815,27.21,0.00,0.00,0.0000,0.000000,0.000000,0.00,0.00,0.0000,0.000000,0.000000
1786704518.649118,93.225895,2816,27.21,0.00,0.00,0.0000,0.000000,0.000000,0.00,0.00,0.0000,0.000000,0.000000
1786704518.664808,93.241585,2817,27.21,0.00,0.00,0.0000,0.000000,0.000000,0.00,0.00,0.0000,0.000000,0.000000
1786704518.712169,93.288946,2818,27.21,0.00,0.00,0.0000,0.000000,0.000000,0.00,0.00,0.0000,0.000000,0.000000
1786704518.744052,93.320829,2819,27.53,0.00,0.00,0.0000,0.000000,0.000000,0.00,0.00,0.0000,0.000000,0.000000
1786704518.760069,93.336846,2820,27.53,0.00,0.00,0.0000,0.000000,0.000000,0.00,0.00,0.0000,0.000000,0.000000
1786704518.808334,93.385111,2821,27.53,0.00,0.00,0.0000,0.000000,0.000000,0.00,0.00,0.0000,0.000000,0.000000
1786704518.864825,93.441602,2823,27.53,0.00,0.00,0.0000,0.000000,0.000000,0.00,0.00,0.0000,0.000000,0.000000
1786704518.902086,93.478862,2824,27.53,0.00,0.00,0.0000,0.000000,0.000000,0.00,0.00,0.0000,0.000000,0.000000
1786704518.927966,93.504743,2825,27.53,0.00,0.00,0.0000,0.000000,0.000000,0.00,0.00,0.0000,0.000000,0.000000
1786704518.975449,93.552226,2826,27.53,0.00,0.00,0.0000,0.000000,0.000000,0.00,0.00,0.0000,0.000000,0.000000
1786704519.038660,93.615436,2828,27.53,0.00,0.00,0.0000,0.000000,0.000000,0.00,0.00,0.0000,0.000000,0.000000
1786704519.085973,93.662750,2830,27.53,0.00,0.00,0.0000,0.000000,0.000000,0.00,0.00,0.0000,0.000000,0.000000
1786704519.166866,93.743643,2832,27.53,0.00,0.00,0.0000,0.000000,0.000000,0.00,0.00,0.0000,0.000000,0.000000
1786704519.196741,93.773517,2833,27.53,0.00,0.00,0.0000,0.000000,0.000000,0.00,0.00,0.0000,0.000000,0.000000
1786704519.268613,93.845390,2834,27.53,0.00,0.00,0.0000,0.000000,0.000000,0.00,0.00,0.0000,0.000000,0.000000
1786704519.276715,93.853492,2835,26.54,0.00,0.00,0.0000,0.000000,0.000000,0.00,0.00,0.0000,0.000000,0.000000
1786704519.323900,93.900677,2837,26.54,0.00,0.00,0.0000,0.000000,0.000000,0.00,0.00,0.0000,0.000000,0.000000
1786704519.376040,93.952817,2838,26.54,0.00,0.00,0.0000,0.000000,0.000000,0.00,0.00,0.0000,0.000000,0.000000
1786704519.407609,93.984386,2839,26.54,0.00,0.00,0.0000,0.000000,0.000000,0.00,0.00,0.0000,0.000000,0.000000
1786704519.431912,94.008689,2840,26.54,0.00,0.00,0.0000,0.000000,0.000000,0.00,0.00,0.0000,0.000000,0.000000
1786704519.479818,94.056595,2841,26.54,0.00,0.00,0.0000,0.000000,0.000000,0.00,0.00,0.0000,0.000000,0.000000
1786704519.544062,94.120839,2843,26.54,0.00,0.00,0.0000,0.000000,0.000000,0.00,0.00,0.0000,0.000000,0.000000
1786704519.568455,94.145232,2844,26.54,0.00,0.00,0.0000,0.000000,0.000000,0.00,0.00,0.0000,0.000000,0.000000
1786704519.604971,94.181748,2845,26.54,0.00,0.00,0.0000,0.000000,0.000000,0.00,0.00,0.0000,0.000000,0.000000
1786704519.652631,94.229408,2846,26.54,0.00,0.00,0.0000,0.000000,0.000000,0.00,0.00,0.0000,0.000000,0.000000
1786704519.684910,94.261687,2848,26.54,0.00,0.00,0.0000,0.000000,0.000000,0.00,0.00,0.0000,0.000000,0.000000
1786704519.746694,94.323471,2849,26.54,0.00,0.00,0.0000,0.000000,0.000000,0.00,0.00,0.0000,0.000000,0.000000
1786704519.762322,94.339099,2850,26.01,0.00,0.00,0.0000,0.000000,0.000000,0.00,0.00,0.0000,0.000000,0.000000
1786704519.794133,94.370910,2851,26.01,0.00,0.00,0.0000,0.000000,0.000000,0.00,0.00,0.0000,0.000000,0.000000
1786704519.866533,94.443310,2853,26.01,0.00,0.00,0.0000,0.000000,0.000000,0.00,0.00,0.0000,0.000000,0.000000
1786704519.897666,94.474442,2854,26.01,0.00,0.00,0.0000,0.000000,0.000000,0.00,0.00,0.0000,0.000000,0.000000
1786704519.944728,94.521505,2855,26.01,0.00,0.00,0.0000,0.000000,0.000000,0.00,0.00,0.0000,0.000000,0.000000
1786704519.976509,94.553286,2856,26.01,0.00,0.00,0.0000,0.000000,0.000000,0.00,0.00,0.0000,0.000000,0.000000
1786704520.003894,94.580671,2857,26.01,0.00,0.00,0.0000,0.000000,0.000000,0.00,0.00,0.0000,0.000000,0.000000
1786704520.055909,94.632686,2859,26.01,0.00,0.00,0.0000,0.000000,0.000000,0.00,0.00,0.0000,0.000000,0.000000
1786704520.119239,94.696015,2860,26.01,0.00,0.00,0.0000,0.000000,0.000000,0.00,0.00,0.0000,0.000000,0.000000
1786704520.151347,94.728124,2861,26.01,0.00,0.00,0.0000,0.000000,0.000000,0.00,0.00,0.0000,0.000000,0.000000
1786704520.167127,94.743904,2862,26.01,0.00,0.00,0.0000,0.000000,0.000000,0.00,0.00,0.0000,0.000000,0.000000
1786704520.230900,94.807676,2864,26.01,0.00,0.00,0.0000,0.000000,0.000000,0.00,0.00,0.0000,0.000000,0.000000
1786704520.262749,94.839526,2865,26.01,0.00,0.00,0.0000,0.000000,0.000000,0.00,0.00,0.0000,0.000000,0.000000
1786704520.311427,94.888204,2866,26.01,0.00,0.00,0.0000,0.000000,0.000000,0.00,0.00,0.0000,0.000000,0.000000
1786704520.342669,94.919446,2867,26.10,0.00,0.00,0.0000,0.000000,0.000000,0.00,0.00,0.0000,0.000000,0.000000
1786704520.374495,94.951272,2868,26.10,0.00,0.00,0.0000,0.000000,0.000000,0.00,0.00,0.0000,0.000000,0.000000
1786704520.390568,94.967344,2869,26.10,0.00,0.00,0.0000,0.000000,0.000000,0.00,0.00,0.0000,0.000000,0.000000
1786704520.451821,95.028598,2870,26.10,0.00,0.00,0.0000,0.000000,0.000000,0.00,0.00,0.0000,0.000000,0.000000
1786704520.480749,95.057526,2871,26.10,0.00,0.00,0.0000,0.000000,0.000000,0.00,0.00,0.0000,0.000000,0.000000
1786704520.512887,95.089664,2872,26.10,0.00,0.00,0.0000,0.000000,0.000000,0.00,0.00,0.0000,0.000000,0.000000
1786704520.544847,95.121624,2874,26.10,0.00,0.00,0.0000,0.000000,0.000000,0.00,0.00,0.0000,0.000000,0.000000
1786704520.592749,95.169525,2875,26.10,0.00,0.00,0.0000,0.000000,0.000000,0.00,0.00,0.0000,0.000000,0.000000
1786704520.656014,95.232790,2877,26.10,0.00,0.00,0.0000,0.000000,0.000000,0.00,0.00,0.0000,0.000000,0.000000
1786704520.703423,95.280200,2878,26.10,0.00,0.00,0.0000,0.000000,0.000000,0.00,0.00,0.0000,0.000000,0.000000
1786704520.751065,95.327842,2879,26.10,0.00,0.00,0.0000,0.000000,0.000000,0.00,0.00,0.0000,0.000000,0.000000
1786704520.767029,95.343805,2880,26.10,0.00,0.00,0.0000,0.000000,0.000000,0.00,0.00,0.0000,0.000000,0.000000
1786704520.798718,95.375495,2881,26.10,0.00,0.00,0.0000,0.000000,0.000000,0.00,0.00,0.0000,0.000000,0.000000
1786704520.846628,95.423405,2882,25.85,0.00,0.00,0.0000,0.000000,0.000000,0.00,0.00,0.0000,0.000000,0.000000
1786704520.878149,95.454926,2883,25.85,0.00,0.00,0.0000,0.000000,0.000000,0.00,0.00,0.0000,0.000000,0.000000
1786704520.909693,95.486469,2884,25.85,0.00,0.00,0.0000,0.000000,0.000000,0.00,0.00,0.0000,0.000000,0.000000
1786704520.952601,95.529377,2885,25.85,0.00,0.00,0.0000,0.000000,0.000000,0.00,0.00,0.0000,0.000000,0.000000
1786704520.968365,95.545141,2886,25.85,0.00,0.00,0.0000,0.000000,0.000000,0.00,0.00,0.0000,0.000000,0.000000
1786704521.015982,95.592759,2887,25.85,0.00,0.00,0.0000,0.000000,0.000000,0.00,0.00,0.0000,0.000000,0.000000
1786704521.047350,95.624126,2888,25.85,0.00,0.00,0.0000,0.000000,0.000000,0.00,0.00,0.0000,0.000000,0.000000
1786704521.111338,95.688115,2890,25.85,0.00,0.00,0.0000,0.000000,0.000000,0.00,0.00,0.0000,0.000000,0.000000
1786704521.143644,95.720421,2891,25.85,0.00,0.00,0.0000,0.000000,0.000000,0.00,0.00,0.0000,0.000000,0.000000
1786704521.158992,95.735769,2892,25.85,0.00,0.00,0.0000,0.000000,0.000000,0.00,0.00,0.0000,0.000000,0.000000
1786704521.207016,95.783792,2893,25.85,0.00,0.00,0.0000,0.000000,0.000000,0.00,0.00,0.0000,0.000000,0.000000
1786704521.222879,95.799655,2894,25.85,0.00,0.00,0.0000,0.000000,0.000000,0.00,0.00,0.0000,0.000000,0.000000
1786704521.270988,95.847764,2895,25.85,0.00,0.00,0.0000,0.000000,0.000000,0.00,0.00,0.0000,0.000000,0.000000
1786704521.334650,95.911427,2897,25.84,0.00,0.00,0.0000,0.000000,0.000000,0.00,0.00,0.0000,0.000000,0.000000
1786704521.382443,95.959219,2899,25.84,0.00,0.00,0.0000,0.000000,0.000000,0.00,0.00,0.0000,0.000000,0.000000
1786704521.430208,96.006984,2900,25.84,0.00,0.00,0.0000,0.000000,0.000000,0.00,0.00,0.0000,0.000000,0.000000
1786704521.467840,96.044617,2901,25.84,0.00,0.00,0.0000,0.000000,0.000000,0.00,0.00,0.0000,0.000000,0.000000
1786704521.485815,96.062592,2902,25.84,0.00,0.00,0.0000,0.000000,0.000000,0.00,0.00,0.0000,0.000000,0.000000
1786704521.533623,96.110400,2903,25.84,0.00,0.00,0.0000,0.000000,0.000000,0.00,0.00,0.0000,0.000000,0.000000
1786704521.570444,96.147221,2904,25.84,0.00,0.00,0.0000,0.000000,0.000000,0.00,0.00,0.0000,0.000000,0.000000
1786704521.596053,96.172829,2905,25.84,0.00,0.00,0.0000,0.000000,0.000000,0.00,0.00,0.0000,0.000000,0.000000
1786704521.638287,96.215063,2906,25.84,0.00,0.00,0.0000,0.000000,0.000000,0.00,0.00,0.0000,0.000000,0.000000
1786704521.654179,96.230956,2907,25.84,0.00,0.00,0.0000,0.000000,0.000000,0.00,0.00,0.0000,0.000000,0.000000
1786704521.701288,96.278064,2908,25.84,0.00,0.00,0.0000,0.000000,0.000000,0.00,0.00,0.0000,0.000000,0.000000
1786704521.733038,96.309814,2909,25.84,0.00,0.00,0.0000,0.000000,0.000000,0.00,0.00,0.0000,0.000000,0.000000
1786704521.766363,96.343140,2910,25.84,0.00,0.00,0.0000,0.000000,0.000000,0.00,0.00,0.0000,0.000000,0.000000
1786704521.829476,96.406253,2911,25.84,0.00,0.00,0.0000,0.000000,0.000000,0.00,0.00,0.0000,0.000000,0.000000
1786704521.860735,96.437512,2913,26.23,0.00,0.00,0.0000,0.000000,0.000000,0.00,0.00,0.0000,0.000000,0.000000
1786704521.902825,96.479602,2914,26.23,0.00,0.00,0.0000,0.000000,0.000000,0.00,0.00,0.0000,0.000000,0.000000
1786704521.923350,96.500127,2915,26.23,0.00,0.00,0.0000,0.000000,0.000000,0.00,0.00,0.0000,0.000000,0.000000
1786704521.987535,96.564312,2916,26.23,0.00,0.00,0.0000,0.000000,0.000000,0.00,0.00,0.0000,0.000000,0.000000
1786704522.029369,96.606145,2918,26.23,0.00,0.00,0.0000,0.000000,0.000000,0.00,0.00,0.0000,0.000000,0.000000
1786704522.066931,96.643708,2919,26.23,0.00,0.00,0.0000,0.000000,0.000000,0.00,0.00,0.0000,0.000000,0.000000
1786704522.103289,96.680065,2920,26.23,0.00,0.00,0.0000,0.000000,0.000000,0.00,0.00,0.0000,0.000000,0.000000
1786704522.140623,96.717399,2921,26.23,0.00,0.00,0.0000,0.000000,0.000000,0.00,0.00,0.0000,0.000000,0.000000
1786704522.155379,96.732156,2922,26.23,0.00,0.00,0.0000,0.000000,0.000000,0.00,0.00,0.0000,0.000000,0.000000
1786704522.203475,96.780252,2923,26.23,0.00,0.00,0.0000,0.000000,0.000000,0.00,0.00,0.0000,0.000000,0.000000
1786704522.235459,96.812236,2924,26.23,0.00,0.00,0.0000,0.000000,0.000000,0.00,0.00,0.0000,0.000000,0.000000
1786704522.283584,96.860361,2925,26.23,0.00,0.00,0.0000,0.000000,0.000000,0.00,0.00,0.0000,0.000000,0.000000
1786704522.299262,96.876039,2926,26.23,0.00,0.00,0.0000,0.000000,0.000000,0.00,0.00,0.0000,0.000000,0.000000
1786704522.331170,96.907946,2927,26.23,0.00,0.00,0.0000,0.000000,0.000000,0.00,0.00,0.0000,0.000000,0.000000
1786704522.363130,96.939907,2928,26.32,0.00,0.00,0.0000,0.000000,0.000000,0.00,0.00,0.0000,0.000000,0.000000
1786704522.426596,97.003373,2930,26.32,0.00,0.00,0.0000,0.000000,0.000000,0.00,0.00,0.0000,0.000000,0.000000
1786704522.473790,97.050567,2931,26.32,0.00,0.00,0.0000,0.000000,0.000000,0.00,0.00,0.0000,0.000000,0.000000
1786704522.508487,97.085264,2932,26.32,0.00,0.00,0.0000,0.000000,0.000000,0.00,0.00,0.0000,0.000000,0.000000
1786704522.533294,97.110071,2933,26.32,0.00,0.00,0.0000,0.000000,0.000000,0.00,0.00,0.0000,0.000000,0.000000
1786704522.563878,97.140655,2934,26.32,0.00,0.00,0.0000,0.000000,0.000000,0.00,0.00,0.0000,0.000000,0.000000
1786704522.611387,97.188164,2935,26.32,0.00,0.00,0.0000,0.000000,0.000000,0.00,0.00,0.0000,0.000000,0.000000
1786704522.627053,97.203830,2936,26.32,0.00,0.00,0.0000,0.000000,0.000000,0.00,0.00,0.0000,0.000000,0.000000
1786704522.674907,97.251684,2937,26.32,0.00,0.00,0.0000,0.000000,0.000000,0.00,0.00,0.0000,0.000000,0.000000
1786704522.706710,97.283487,2938,26.32,0.00,0.00,0.0000,0.000000,0.000000,0.00,0.00,0.0000,0.000000,0.000000
1786704522.722715,97.299492,2939,26.32,0.00,0.00,0.0000,0.000000,0.000000,0.00,0.00,0.0000,0.000000,0.000000
1786704522.771527,97.348304,2940,26.32,0.00,0.00,0.0000,0.000000,0.000000,0.00,0.00,0.0000,0.000000,0.000000
1786704522.802162,97.378938,2941,26.32,0.00,0.00,0.0000,0.000000,0.000000,0.00,0.00,0.0000,0.000000,0.000000
1786704522.834224,97.411001,2942,26.32,0.00,0.00,0.0000,0.000000,0.000000,0.00,0.00,0.0000,0.000000,0.000000
1786704522.865425,97.442202,2943,26.63,0.00,0.00,0.0000,0.000000,0.000000,0.00,0.00,0.0000,0.000000,0.000000
1786704522.928370,97.505147,2945,26.63,0.00,0.00,0.0000,0.000000,0.000000,0.00,0.00,0.0000,0.000000,0.000000
1786704522.975648,97.552425,2946,26.63,0.00,0.00,0.0000,0.000000,0.000000,0.00,0.00,0.0000,0.000000,0.000000
1786704523.008857,97.585634,2947,26.63,0.00,0.00,0.0000,0.000000,0.000000,0.00,0.00,0.0000,0.000000,0.000000
1786704523.040061,97.616838,2948,26.63,0.00,0.00,0.0000,0.000000,0.000000,0.00,0.00,0.0000,0.000000,0.000000
1786704523.087675,97.664451,2949,26.63,0.00,0.00,0.0000,0.000000,0.000000,0.00,0.00,0.0000,0.000000,0.000000
1786704523.134805,97.711582,2951,26.63,0.00,0.00,0.0000,0.000000,0.000000,0.00,0.00,0.0000,0.000000,0.000000
1786704523.166315,97.743092,2952,26.63,0.00,0.00,0.0000,0.000000,0.000000,0.00,0.00,0.0000,0.000000,0.000000
1786704523.213985,97.790762,2953,26.63,0.00,0.00,0.0000,0.000000,0.000000,0.00,0.00,0.0000,0.000000,0.000000
1786704523.261563,97.838340,2955,26.63,0.00,0.00,0.0000,0.000000,0.000000,0.00,0.00,0.0000,0.000000,0.000000
1786704523.314937,97.891714,2956,26.63,0.00,0.00,0.0000,0.000000,0.000000,0.00,0.00,0.0000,0.000000,0.000000
1786704523.340835,97.917612,2957,26.63,0.00,0.00,0.0000,0.000000,0.000000,0.00,0.00,0.0000,0.000000,0.000000
1786704523.356512,97.933289,2958,26.63,0.00,0.00,0.0000,0.000000,0.000000,0.00,0.00,0.0000,0.000000,0.000000
1786704523.404655,97.981432,2959,26.12,0.00,0.00,0.0000,0.000000,0.000000,0.00,0.00,0.0000,0.000000,0.000000
1786704523.436697,98.013474,2960,26.12,0.00,0.00,0.0000,0.000000,0.000000,0.00,0.00,0.0000,0.000000,0.000000
1786704523.484445,98.061221,2962,26.12,0.00,0.00,0.0000,0.000000,0.000000,0.00,0.00,0.0000,0.000000,0.000000
1786704523.549321,98.126098,2963,26.12,0.00,0.00,0.0000,0.000000,0.000000,0.00,0.00,0.0000,0.000000,0.000000
1786704523.569995,98.146772,2964,26.12,0.00,0.00,0.0000,0.000000,0.000000,0.00,0.00,0.0000,0.000000,0.000000
1786704523.609885,98.186662,2965,26.12,0.00,0.00,0.0000,0.000000,0.000000,0.00,0.00,0.0000,0.000000,0.000000
1786704523.635518,98.212295,2966,26.12,0.00,0.00,0.0000,0.000000,0.000000,0.00,0.00,0.0000,0.000000,0.000000
1786704523.699396,98.276172,2968,26.12,0.00,0.00,0.0000,0.000000,0.000000,0.00,0.00,0.0000,0.000000,0.000000
1786704523.746943,98.323720,2969,26.12,0.00,0.00,0.0000,0.000000,0.000000,0.00,0.00,0.0000,0.000000,0.000000
1786704523.771551,98.348328,2970,26.12,0.00,0.00,0.0000,0.000000,0.000000,0.00,0.00,0.0000,0.000000,0.000000
1786704523.811067,98.387844,2971,26.12,0.00,0.00,0.0000,0.000000,0.000000,0.00,0.00,0.0000,0.000000,0.000000
1786704523.858693,98.435470,2972,26.12,0.00,0.00,0.0000,0.000000,0.000000,0.00,0.00,0.0000,0.000000,0.000000
1786704523.874910,98.451686,2973,26.12,0.00,0.00,0.0000,0.000000,0.000000,0.00,0.00,0.0000,0.000000,0.000000
1786704523.890705,98.467482,2974,26.12,0.00,0.00,0.0000,0.000000,0.000000,0.00,0.00,0.0000,0.000000,0.000000
1786704523.930281,98.507057,2975,26.31,0.00,0.00,0.0000,0.000000,0.000000,0.00,0.00,0.0000,0.000000,0.000000
1786704523.954150,98.530926,2976,26.31,0.00,0.00,0.0000,0.000000,0.000000,0.00,0.00,0.0000,0.000000,0.000000
1786704524.001464,98.578240,2977,26.31,0.00,0.00,0.0000,0.000000,0.000000,0.00,0.00,0.0000,0.000000,0.000000
1786704524.049222,98.625999,2978,26.31,0.00,0.00,0.0000,0.000000,0.000000,0.00,0.00,0.0000,0.000000,0.000000
1786704524.081439,98.658216,2979,26.31,0.00,0.00,0.0000,0.000000,0.000000,0.00,0.00,0.0000,0.000000,0.000000
1786704524.110627,98.687403,2980,26.31,0.00,0.00,0.0000,0.000000,0.000000,0.00,0.00,0.0000,0.000000,0.000000
1786704524.140387,98.717164,2981,26.31,0.00,0.00,0.0000,0.000000,0.000000,0.00,0.00,0.0000,0.000000,0.000000
1786704524.172259,98.749035,2982,26.31,0.00,0.00,0.0000,0.000000,0.000000,0.00,0.00,0.0000,0.000000,0.000000
1786704524.203794,98.780571,2983,26.31,0.00,0.00,0.0000,0.000000,0.000000,0.00,0.00,0.0000,0.000000,0.000000
1786704524.235708,98.812485,2984,26.31,0.00,0.00,0.0000,0.000000,0.000000,0.00,0.00,0.0000,0.000000,0.000000
1786704524.283828,98.860605,2985,26.31,0.00,0.00,0.0000,0.000000,0.000000,0.00,0.00,0.0000,0.000000,0.000000
1786704524.299548,98.876325,2986,26.31,0.00,0.00,0.0000,0.000000,0.000000,0.00,0.00,0.0000,0.000000,0.000000
1786704524.347368,98.924145,2987,26.31,0.00,0.00,0.0000,0.000000,0.000000,0.00,0.00,0.0000,0.000000,0.000000
1786704524.411107,98.987884,2989,26.31,0.00,0.00,0.0000,0.000000,0.000000,0.00,0.00,0.0000,0.000000,0.000000
1786704524.442978,99.019755,2990,26.59,0.00,0.00,0.0000,0.000000,0.000000,0.00,0.00,0.0000,0.000000,0.000000
1786704524.458818,99.035595,2991,26.59,0.00,0.00,0.0000,0.000000,0.000000,0.00,0.00,0.0000,0.000000,0.000000
1786704524.490681,99.067457,2992,26.59,0.00,0.00,0.0000,0.000000,0.000000,0.00,0.00,0.0000,0.000000,0.000000
1786704524.522555,99.099332,2993,26.59,0.00,0.00,0.0000,0.000000,0.000000,0.00,0.00,0.0000,0.000000,0.000000
1786704524.570172,99.146949,2994,26.59,0.00,0.00,0.0000,0.000000,0.000000,0.00,0.00,0.0000,0.000000,0.000000
1786704524.601834,99.178611,2995,26.59,0.00,0.00,0.0000,0.000000,0.000000,0.00,0.00,0.0000,0.000000,0.000000
1786704524.645542,99.222319,2996,26.59,0.00,0.00,0.0000,0.000000,0.000000,0.00,0.00,0.0000,0.000000,0.000000
1786704524.693337,99.270114,2998,26.59,0.00,0.00,0.0000,0.000000,0.000000,0.00,0.00,0.0000,0.000000,0.000000
1786704524.724943,99.301720,2999,26.59,0.00,0.00,0.0000,0.000000,0.000000,0.00,0.00,0.0000,0.000000,0.000000
1786704524.756547,99.333324,3000,26.59,0.00,0.00,0.0000,0.000000,0.000000,0.00,0.00,0.0000,0.000000,0.000000
1786704524.804177,99.380954,3001,26.59,0.00,0.00,0.0000,0.000000,0.000000,0.00,0.00,0.0000,0.000000,0.000000
1786704524.820057,99.396834,3002,26.59,0.00,0.00,0.0000,0.000000,0.000000,0.00,0.00,0.0000,0.000000,0.000000
1786704524.851790,99.428566,3003,26.59,0.00,0.00,0.0000,0.000000,0.000000,0.00,0.00,0.0000,0.000000,0.000000
1786704524.931515,99.508292,3005,26.59,0.00,0.00,0.0000,0.000000,0.000000,0.00,0.00,0.0000,0.000000,0.000000
1786704524.963501,99.540278,3006,26.61,0.00,0.00,0.0000,0.000000,0.000000,0.00,0.00,0.0000,0.000000,0.000000
1786704524.999744,99.576520,3007,26.61,0.00,0.00,0.0000,0.000000,0.000000,0.00,0.00,0.0000,0.000000,0.000000
1786704525.045861,99.622638,3008,26.61,0.00,0.00,0.0000,0.000000,0.000000,0.00,0.00,0.0000,0.000000,0.000000
1786704525.074969,99.651746,3009,26.61,0.00,0.00,0.0000,0.000000,0.000000,0.00,0.00,0.0000,0.000000,0.000000
1786704525.106685,99.683462,3010,26.61,0.00,0.00,0.0000,0.000000,0.000000,0.00,0.00,0.0000,0.000000,0.000000
1786704525.170410,99.747187,3012,26.61,0.00,0.00,0.0000,0.000000,0.000000,0.00,0.00,0.0000,0.000000,0.000000
1786704525.194492,99.771268,3013,26.61,0.00,0.00,0.0000,0.000000,0.000000,0.00,0.00,0.0000,0.000000,0.000000
1786704525.229897,99.806674,3014,26.61,0.00,0.00,0.0000,0.000000,0.000000,0.00,0.00,0.0000,0.000000,0.000000
1786704525.274358,99.851134,3015,26.61,0.00,0.00,0.0000,0.000000,0.000000,0.00,0.00,0.0000,0.000000,0.000000
1786704525.307162,99.883939,3016,26.61,0.00,0.00,0.0000,0.000000,0.000000,0.00,0.00,0.0000,0.000000,0.000000
1786704525.337633,99.914409,3017,26.61,0.00,0.00,0.0000,0.000000,0.000000,0.00,0.00,0.0000,0.000000,0.000000
1786704525.385903,99.962680,3019,26.61,0.00,0.00,0.0000,0.000000,0.000000,0.00,0.00,0.0000,0.000000,0.000000
1786704525.449845,100.026621,3020,26.61,0.00,0.00,0.0000,0.000000,0.000000,0.00,0.00,0.0000,0.000000,0.000000
1786704525.465480,100.042257,3021,26.34,0.00,0.00,0.0000,0.000000,0.000000,0.00,0.00,0.0000,0.000000,0.000000
1786704525.497220,100.073996,3022,26.34,0.00,0.00,0.0000,0.000000,0.000000,0.00,0.00,0.0000,0.000000,0.000000
1786704525.544981,100.121757,3023,26.34,0.00,0.00,0.0000,0.000000,0.000000,0.00,0.00,0.0000,0.000000,0.000000
1786704525.589094,100.165871,3025,26.34,0.00,0.00,0.0000,0.000000,0.000000,0.00,0.00,0.0000,0.000000,0.000000
1786704525.669353,100.246130,3026,26.34,0.00,0.00,0.0000,0.000000,0.000000,0.00,0.00,0.0000,0.000000,0.000000
1786704525.684809,100.261586,3028,26.34,0.00,0.00,0.0000,0.000000,0.000000,0.00,0.00,0.0000,0.000000,0.000000
1786704525.728872,100.305649,3029,26.34,0.00,0.00,0.0000,0.000000,0.000000,0.00,0.00,0.0000,0.000000,0.000000
1786704525.760691,100.337467,3030,26.34,0.00,0.00,0.0000,0.000000,0.000000,0.00,0.00,0.0000,0.000000,0.000000
1786704525.808287,100.385064,3031,26.34,0.00,0.00,0.0000,0.000000,0.000000,0.00,0.00,0.0000,0.000000,0.000000
1786704525.839245,100.416022,3032,26.34,0.00,0.00,0.0000,0.000000,0.000000,0.00,0.00,0.0000,0.000000,0.000000
1786704525.886905,100.463682,3034,26.34,0.00,0.00,0.0000,0.000000,0.000000,0.00,0.00,0.0000,0.000000,0.000000
1786704525.935412,100.512188,3035,26.34,0.00,0.00,0.0000,0.000000,0.000000,0.00,0.00,0.0000,0.000000,0.000000
1786704525.982807,100.559584,3036,25.87,0.00,0.00,0.0000,0.000000,0.000000,0.00,0.00,0.0000,0.000000,0.000000
1786704526.014421,100.591198,3038,25.87,0.00,0.00,0.0000,0.000000,0.000000,0.00,0.00,0.0000,0.000000,0.000000
1786704526.077683,100.654459,3039,25.87,0.00,0.00,0.0000,0.000000,0.000000,0.00,0.00,0.0000,0.000000,0.000000
1786704526.109933,100.686709,3040,25.87,0.00,0.00,0.0000,0.000000,0.000000,0.00,0.00,0.0000,0.000000,0.000000
1786704526.142783,100.719559,3041,25.87,0.00,0.00,0.0000,0.000000,0.000000,0.00,0.00,0.0000,0.000000,0.000000
1786704526.188418,100.765195,3042,25.87,0.00,0.00,0.0000,0.000000,0.000000,0.00,0.00,0.0000,0.000000,0.000000
1786704526.194696,100.771473,3043,25.87,0.00,0.00,0.0000,0.000000,0.000000,0.00,0.00,0.0000,0.000000,0.000000
1786704526.238018,100.814795,3044,25.87,0.00,0.00,0.0000,0.000000,0.000000,0.00,0.00,0.0000,0.000000,0.000000
1786704526.294633,100.871410,3045,25.87,0.00,0.00,0.0000,0.000000,0.000000,0.00,0.00,0.0000,0.000000,0.000000
1786704526.329424,100.906201,3047,25.87,0.00,0.00,0.0000,0.000000,0.000000,0.00,0.00,0.0000,0.000000,0.000000
1786704526.394434,100.971211,3048,25.87,0.00,0.00,0.0000,0.000000,0.000000,0.00,0.00,0.0000,0.000000,0.000000
1786704526.410274,100.987051,3049,25.87,0.00,0.00,0.0000,0.000000,0.000000,0.00,0.00,0.0000,0.000000,0.000000
1786704526.425757,101.002534,3050,25.87,0.00,0.00,0.0000,0.000000,0.000000,0.00,0.00,0.0000,0.000000,0.000000
1786704526.473803,101.050579,3051,25.89,0.00,0.00,0.0000,0.000000,0.000000,0.00,0.00,0.0000,0.000000,0.000000
1786704526.521413,101.098190,3053,25.89,0.00,0.00,0.0000,0.000000,0.000000,0.00,0.00,0.0000,0.000000,0.000000
1786704526.553143,101.129920,3054,25.89,0.00,0.00,0.0000,0.000000,0.000000,0.00,0.00,0.0000,0.000000,0.000000
1786704526.603253,101.180030,3055,25.89,0.00,0.00,0.0000,0.000000,0.000000,0.00,0.00,0.0000,0.000000,0.000000
1786704526.616381,101.193157,3056,25.89,0.00,0.00,0.0000,0.000000,0.000000,0.00,0.00,0.0000,0.000000,0.000000
1786704526.680902,101.257679,3057,25.89,0.00,0.00,0.0000,0.000000,0.000000,0.00,0.00,0.0000,0.000000,0.000000
1786704526.696490,101.273267,3058,25.89,0.00,0.00,0.0000,0.000000,0.000000,0.00,0.00,0.0000,0.000000,0.000000
1786704526.760540,101.337317,3060,25.89,0.00,0.00,0.0000,0.000000,0.000000,0.00,0.00,0.0000,0.000000,0.000000
1786704526.800308,101.377085,3061,25.89,0.00,0.00,0.0000,0.000000,0.000000,0.00,0.00,0.0000,0.000000,0.000000
1786704526.831463,101.408240,3062,25.89,0.00,0.00,0.0000,0.000000,0.000000,0.00,0.00,0.0000,0.000000,0.000000
1786704526.878853,101.455630,3063,25.89,0.00,0.00,0.0000,0.000000,0.000000,0.00,0.00,0.0000,0.000000,0.000000
1786704526.910385,101.487161,3064,25.89,0.00,0.00,0.0000,0.000000,0.000000,0.00,0.00,0.0000,0.000000,0.000000
1786704526.959085,101.535861,3065,25.89,0.00,0.00,0.0000,0.000000,0.000000,0.00,0.00,0.0000,0.000000,0.000000
1786704526.961174,101.537951,3066,25.85,0.00,0.00,0.0000,0.000000,0.000000,0.00,0.00,0.0000,0.000000,0.000000
1786704527.036687,101.613463,3068,25.85,0.00,0.00,0.0000,0.000000,0.000000,0.00,0.00,0.0000,0.000000,0.000000
1786704527.068664,101.645440,3069,25.85,0.00,0.00,0.0000,0.000000,0.000000,0.00,0.00,0.0000,0.000000,0.000000
1786704527.117583,101.694359,3070,25.85,0.00,0.00,0.0000,0.000000,0.000000,0.00,0.00,0.0000,0.000000,0.000000
1786704527.121587,101.698364,3071,25.85,0.00,0.00,0.0000,0.000000,0.000000,0.00,0.00,0.0000,0.000000,0.000000
1786704527.163740,101.740517,3072,25.85,0.00,0.00,0.0000,0.000000,0.000000,0.00,0.00,0.0000,0.000000,0.000000
1786704527.211261,101.788037,3073,25.85,0.00,0.00,0.0000,0.000000,0.000000,0.00,0.00,0.0000,0.000000,0.000000
1786704527.235606,101.812383,3074,25.85,0.00,0.00,0.0000,0.000000,0.000000,0.00,0.00,0.0000,0.000000,0.000000
1786704527.276249,101.853026,3075,25.85,0.00,0.00,0.0000,0.000000,0.000000,0.00,0.00,0.0000,0.000000,0.000000
1786704527.319705,101.896482,3076,25.85,0.00,0.00,0.0000,0.000000,0.000000,0.00,0.00,0.0000,0.000000,0.000000
1786704527.350918,101.927695,3077,25.85,0.00,0.00,0.0000,0.000000,0.000000,0.00,0.00,0.0000,0.000000,0.000000
1786704527.366690,101.943467,3078,25.85,0.00,0.00,0.0000,0.000000,0.000000,0.00,0.00,0.0000,0.000000,0.000000
1786704527.414402,101.991179,3079,25.85,0.00,0.00,0.0000,0.000000,0.000000,0.00,0.00,0.0000,0.000000,0.000000
1786704527.430238,102.007015,3080,25.85,0.00,0.00,0.0000,0.000000,0.000000,0.00,0.00,0.0000,0.000000,0.000000
1786704527.462530,102.039307,3081,25.85,0.00,0.00,0.0000,0.000000,0.000000,0.00,0.00,0.0000,0.000000,0.000000
1786704527.494488,102.071265,3082,26.41,0.00,0.00,0.0000,0.000000,0.000000,0.00,0.00,0.0000,0.000000,0.000000
1786704527.542209,102.118986,3083,26.41,0.00,0.00,0.0000,0.000000,0.000000,0.00,0.00,0.0000,0.000000,0.000000
1786704527.567890,102.144666,3084,26.41,0.00,0.00,0.0000,0.000000,0.000000,0.00,0.00,0.0000,0.000000,0.000000
1786704527.604948,102.181724,3085,26.41,0.00,0.00,0.0000,0.000000,0.000000,0.00,0.00,0.0000,0.000000,0.000000
1786704527.621084,102.197861,3086,26.41,0.00,0.00,0.0000,0.000000,0.000000,0.00,0.00,0.0000,0.000000,0.000000
1786704527.716038,102.292815,3089,26.41,0.00,0.00,0.0000,0.000000,0.000000,0.00,0.00,0.0000,0.000000,0.000000
1786704527.763433,102.340210,3090,26.41,0.00,0.00,0.0000,0.000000,0.000000,0.00,0.00,0.0000,0.000000,0.000000
1786704527.800948,102.377725,3091,26.41,0.00,0.00,0.0000,0.000000,0.000000,0.00,0.00,0.0000,0.000000,0.000000
1786704527.840797,102.417574,3092,26.41,0.00,0.00,0.0000,0.000000,0.000000,0.00,0.00,0.0000,0.000000,0.000000
1786704527.872948,102.449725,3093,26.41,0.00,0.00,0.0000,0.000000,0.000000,0.00,0.00,0.0000,0.000000,0.000000
1786704527.904844,102.481620,3094,26.41,0.00,0.00,0.0000,0.000000,0.000000,0.00,0.00,0.0000,0.000000,0.000000
1786704527.936586,102.513363,3095,26.41,0.00,0.00,0.0000,0.000000,0.000000,0.00,0.00,0.0000,0.000000,0.000000
1786704527.968605,102.545382,3096,26.41,0.00,0.00,0.0000,0.000000,0.000000,0.00,0.00,0.0000,0.000000,0.000000
1786704528.017262,102.594038,3097,26.41,0.00,0.00,0.0000,0.000000,0.000000,0.00,0.00,0.0000,0.000000,0.000000
1786704528.031969,102.608746,3098,26.42,0.00,0.00,0.0000,0.000000,0.000000,0.00,0.00,0.0000,0.000000,0.000000
1786704528.063948,102.640725,3099,26.42,0.00,0.00,0.0000,0.000000,0.000000,0.00,0.00,0.0000,0.000000,0.000000
1786704528.095790,102.672567,3100,26.42,0.00,0.00,0.0000,0.000000,0.000000,0.00,0.00,0.0000,0.000000,0.000000
1786704528.159297,102.736073,3102,26.42,0.00,0.00,0.0000,0.000000,0.000000,0.00,0.00,0.0000,0.000000,0.000000
1786704528.231683,102.808460,3103,26.42,0.00,0.00,0.0000,0.000000,0.000000,0.00,0.00,0.0000,0.000000,0.000000
1786704528.238883,102.815659,3104,26.42,0.00,0.00,0.0000,0.000000,0.000000,0.00,0.00,0.0000,0.000000,0.000000
1786704528.286474,102.863251,3106,26.42,0.00,0.00,0.0000,0.000000,0.000000,0.00,0.00,0.0000,0.000000,0.000000
1786704528.334124,102.910901,3107,26.42,0.00,0.00,0.0000,0.000000,0.000000,0.00,0.00,0.0000,0.000000,0.000000
1786704528.391313,102.968090,3109,26.42,0.00,0.00,0.0000,0.000000,0.000000,0.00,0.00,0.0000,0.000000,0.000000
1786704528.438654,103.015431,3110,26.42,0.00,0.00,0.0000,0.000000,0.000000,0.00,0.00,0.0000,0.000000,0.000000
1786704528.470591,103.047368,3111,26.42,0.00,0.00,0.0000,0.000000,0.000000,0.00,0.00,0.0000,0.000000,0.000000
1786704528.486726,103.063503,3112,26.42,0.00,0.00,0.0000,0.000000,0.000000,0.00,0.00,0.0000,0.000000,0.000000
1786704528.542576,103.119353,3113,26.42,0.00,0.00,0.0000,0.000000,0.000000,0.00,0.00,0.0000,0.000000,0.000000
1786704528.583351,103.160128,3114,25.94,0.00,0.00,0.0000,0.000000,0.000000,0.00,0.00,0.0000,0.000000,0.000000
1786704528.598653,103.175430,3115,25.94,0.00,0.00,0.0000,0.000000,0.000000,0.00,0.00,0.0000,0.000000,0.000000
1786704528.661704,103.238481,3117,25.94,0.00,0.00,0.0000,0.000000,0.000000,0.00,0.00,0.0000,0.000000,0.000000
1786704528.708999,103.285776,3118,25.94,0.00,0.00,0.0000,0.000000,0.000000,0.00,0.00,0.0000,0.000000,0.000000
1786704528.756942,103.333719,3120,25.94,0.00,0.00,0.0000,0.000000,0.000000,0.00,0.00,0.0000,0.000000,0.000000
1786704528.806107,103.382884,3121,25.94,0.00,0.00,0.0000,0.000000,0.000000,0.00,0.00,0.0000,0.000000,0.000000
1786704528.822435,103.399212,3122,25.94,0.00,0.00,0.0000,0.000000,0.000000,0.00,0.00,0.0000,0.000000,0.000000
1786704528.880794,103.457571,3123,25.94,0.00,0.00,0.0000,0.000000,0.000000,0.00,0.00,0.0000,0.000000,0.000000
1786704528.895755,103.472531,3124,25.94,0.00,0.00,0.0000,0.000000,0.000000,0.00,0.00,0.0000,0.000000,0.000000
1786704528.943080,103.519856,3125,25.94,0.00,0.00,0.0000,0.000000,0.000000,0.00,0.00,0.0000,0.000000,0.000000
1786704528.959008,103.535785,3126,25.94,0.00,0.00,0.0000,0.000000,0.000000,0.00,0.00,0.0000,0.000000,0.000000
1786704529.007135,103.583912,3127,25.94,0.00,0.00,0.0000,0.000000,0.000000,0.00,0.00,0.0000,0.000000,0.000000
1786704529.022341,103.599118,3128,25.94,0.00,0.00,0.0000,0.000000,0.000000,0.00,0.00,0.0000,0.000000,0.000000
1786704529.086925,103.663702,3129,25.94,0.00,0.00,0.0000,0.000000,0.000000,0.00,0.00,0.0000,0.000000,0.000000
1786704529.102489,103.679265,3130,26.27,0.00,0.00,0.0000,0.000000,0.000000,0.00,0.00,0.0000,0.000000,0.000000
1786704529.150135,103.726912,3131,26.27,0.00,0.00,0.0000,0.000000,0.000000,0.00,0.00,0.0000,0.000000,0.000000
1786704529.166014,103.742791,3132,26.27,0.00,0.00,0.0000,0.000000,0.000000,0.00,0.00,0.0000,0.000000,0.000000
1786704529.213930,103.790706,3133,26.27,0.00,0.00,0.0000,0.000000,0.000000,0.00,0.00,0.0000,0.000000,0.000000
1786704529.228851,103.805628,3134,26.27,0.00,0.00,0.0000,0.000000,0.000000,0.00,0.00,0.0000,0.000000,0.000000
1786704529.276428,103.853204,3135,26.27,0.00,0.00,0.0000,0.000000,0.000000,0.00,0.00,0.0000,0.000000,0.000000
1786704529.340014,103.916791,3137,26.27,0.00,0.00,0.0000,0.000000,0.000000,0.00,0.00,0.0000,0.000000,0.000000
1786704529.392298,103.969075,3138,26.27,0.00,0.00,0.0000,0.000000,0.000000,0.00,0.00,0.0000,0.000000,0.000000
1786704529.404036,103.980813,3139,26.27,0.00,0.00,0.0000,0.000000,0.000000,0.00,0.00,0.0000,0.000000,0.000000
1786704529.446231,104.023008,3140,26.27,0.00,0.00,0.0000,0.000000,0.000000,0.00,0.00,0.0000,0.000000,0.000000
1786704529.462259,104.039035,3141,26.27,0.00,0.00,0.0000,0.000000,0.000000,0.00,0.00,0.0000,0.000000,0.000000
1786704529.510837,104.087614,3142,26.27,0.00,0.00,0.0000,0.000000,0.000000,0.00,0.00,0.0000,0.000000,0.000000
1786704529.541525,104.118302,3143,26.27,0.00,0.00,0.0000,0.000000,0.000000,0.00,0.00,0.0000,0.000000,0.000000
1786704529.613855,104.190631,3145,25.99,0.00,0.00,0.0000,0.000000,0.000000,0.00,0.00,0.0000,0.000000,0.000000
1786704529.629616,104.206393,3146,25.99,0.00,0.00,0.0000,0.000000,0.000000,0.00,0.00,0.0000,0.000000,0.000000
1786704529.677117,104.253894,3147,25.99,0.00,0.00,0.0000,0.000000,0.000000,0.00,0.00,0.0000,0.000000,0.000000
1786704529.724861,104.301638,3149,25.99,0.00,0.00,0.0000,0.000000,0.000000,0.00,0.00,0.0000,0.000000,0.000000
1786704529.772552,104.349328,3150,25.99,0.00,0.00,0.0000,0.000000,0.000000,0.00,0.00,0.0000,0.000000,0.000000
1786704529.820435,104.397212,3151,25.99,0.00,0.00,0.0000,0.000000,0.000000,0.00,0.00,0.0000,0.000000,0.000000
1786704529.836231,104.413008,3152,25.99,0.00,0.00,0.0000,0.000000,0.000000,0.00,0.00,0.0000,0.000000,0.000000
1786704529.899840,104.476617,3154,25.99,0.00,0.00,0.0000,0.000000,0.000000,0.00,0.00,0.0000,0.000000,0.000000
1786704529.958302,104.535079,3156,25.99,0.00,0.00,0.0000,0.000000,0.000000,0.00,0.00,0.0000,0.000000,0.000000
1786704530.005654,104.582430,3157,25.99,0.00,0.00,0.0000,0.000000,0.000000,0.00,0.00,0.0000,0.000000,0.000000
1786704530.037223,104.614000,3158,25.99,0.00,0.00,0.0000,0.000000,0.000000,0.00,0.00,0.0000,0.000000,0.000000
1786704530.068995,104.645772,3159,25.99,0.00,0.00,0.0000,0.000000,0.000000,0.00,0.00,0.0000,0.000000,0.000000
1786704530.084636,104.661413,3160,25.56,0.00,0.00,0.0000,0.000000,0.000000,0.00,0.00,0.0000,0.000000,0.000000
1786704530.132128,104.708905,3161,25.56,0.00,0.00,0.0000,0.000000,0.000000,0.00,0.00,0.0000,0.000000,0.000000
1786704530.163965,104.740741,3162,25.56,0.00,0.00,0.0000,0.000000,0.000000,0.00,0.00,0.0000,0.000000,0.000000
1786704530.229301,104.806078,3163,25.56,0.00,0.00,0.0000,0.000000,0.000000,0.00,0.00,0.0000,0.000000,0.000000
1786704530.231391,104.808167,3164,25.56,0.00,0.00,0.0000,0.000000,0.000000,0.00,0.00,0.0000,0.000000,0.000000
1786704530.275987,104.852764,3165,25.56,0.00,0.00,0.0000,0.000000,0.000000,0.00,0.00,0.0000,0.000000,0.000000
1786704530.308238,104.885015,3166,25.56,0.00,0.00,0.0000,0.000000,0.000000,0.00,0.00,0.0000,0.000000,0.000000
1786704530.340319,104.917096,3167,25.56,0.00,0.00,0.0000,0.000000,0.000000,0.00,0.00,0.0000,0.000000,0.000000
1786704530.372420,104.949196,3168,25.56,0.00,0.00,0.0000,0.000000,0.000000,0.00,0.00,0.0000,0.000000,0.000000
1786704530.436129,105.012906,3170,25.56,0.00,0.00,0.0000,0.000000,0.000000,0.00,0.00,0.0000,0.000000,0.000000
1786704530.492692,105.069469,3172,25.56,0.00,0.00,0.0000,0.000000,0.000000,0.00,0.00,0.0000,0.000000,0.000000
1786704530.540864,105.117641,3173,25.56,0.00,0.00,0.0000,0.000000,0.000000,0.00,0.00,0.0000,0.000000,0.000000
1786704530.571755,105.148532,3174,25.56,0.00,0.00,0.0000,0.000000,0.000000,0.00,0.00,0.0000,0.000000,0.000000
1786704530.604620,105.181396,3175,25.56,0.00,0.00,0.0000,0.000000,0.000000,0.00,0.00,0.0000,0.000000,0.000000
1786704530.637284,105.214060,3176,26.02,0.00,0.00,0.0000,0.000000,0.000000,0.00,0.00,0.0000,0.000000,0.000000
1786704530.682881,105.259658,3177,26.02,0.00,0.00,0.0000,0.000000,0.000000,0.00,0.00,0.0000,0.000000,0.000000
1786704530.699225,105.276002,3178,26.02,0.00,0.00,0.0000,0.000000,0.000000,0.00,0.00,0.0000,0.000000,0.000000
1786704530.747133,105.323910,3179,26.02,0.00,0.00,0.0000,0.000000,0.000000,0.00,0.00,0.0000,0.000000,0.000000
1786704530.801727,105.378504,3180,26.02,0.00,0.00,0.0000,0.000000,0.000000,0.00,0.00,0.0000,0.000000,0.000000
1786704530.825473,105.402250,3182,26.02,0.00,0.00,0.0000,0.000000,0.000000,0.00,0.00,0.0000,0.000000,0.000000
1786704530.886494,105.463271,3183,26.02,0.00,0.00,0.0000,0.000000,0.000000,0.00,0.00,0.0000,0.000000,0.000000
1786704530.894228,105.471004,3184,26.02,0.00,0.00,0.0000,0.000000,0.000000,0.00,0.00,0.0000,0.000000,0.000000
1786704530.923054,105.499831,3185,26.02,0.00,0.00,0.0000,0.000000,0.000000,0.00,0.00,0.0000,0.000000,0.000000
1786704530.984488,105.561265,3186,26.02,0.00,0.00,0.0000,0.000000,0.000000,0.00,0.00,0.0000,0.000000,0.000000
1786704531.012156,105.588933,3187,26.02,0.00,0.00,0.0000,0.000000,0.000000,0.00,0.00,0.0000,0.000000,0.000000
1786704531.044343,105.621119,3188,26.02,0.00,0.00,0.0000,0.000000,0.000000,0.00,0.00,0.0000,0.000000,0.000000
1786704531.076167,105.652944,3189,26.02,0.00,0.00,0.0000,0.000000,0.000000,0.00,0.00,0.0000,0.000000,0.000000
1786704531.124069,105.700846,3190,25.80,0.00,0.00,0.0000,0.000000,0.000000,0.00,0.00,0.0000,0.000000,0.000000
1786704531.156026,105.732803,3192,25.80,0.00,0.00,0.0000,0.000000,0.000000,0.00,0.00,0.0000,0.000000,0.000000
1786704531.219564,105.796341,3193,25.80,0.00,0.00,0.0000,0.000000,0.000000,0.00,0.00,0.0000,0.000000,0.000000
1786704531.238315,105.815092,3194,25.80,0.00,0.00,0.0000,0.000000,0.000000,0.00,0.00,0.0000,0.000000,0.000000
1786704531.277452,105.854228,3195,25.80,0.00,0.00,0.0000,0.000000,0.000000,0.00,0.00,0.0000,0.000000,0.000000
1786704531.298978,105.875754,3196,25.80,0.00,0.00,0.0000,0.000000,0.000000,0.00,0.00,0.0000,0.000000,0.000000
1786704531.331002,105.907778,3197,25.80,0.00,0.00,0.0000,0.000000,0.000000,0.00,0.00,0.0000,0.000000,0.000000
1786704531.378433,105.955210,3198,25.80,0.00,0.00,0.0000,0.000000,0.000000,0.00,0.00,0.0000,0.000000,0.000000
1786704531.399306,105.976083,3199,25.80,0.00,0.00,0.0000,0.000000,0.000000,0.00,0.00,0.0000,0.000000,0.000000
1786704531.441826,106.018603,3200,25.80,0.00,0.00,0.0000,0.000000,0.000000,0.00,0.00,0.0000,0.000000,0.000000
1786704531.457621,106.034397,3201,25.80,0.00,0.00,0.0000,0.000000,0.000000,0.00,0.00,0.0000,0.000000,0.000000
1786704531.505282,106.082059,3202,25.80,0.00,0.00,0.0000,0.000000,0.000000,0.00,0.00,0.0000,0.000000,0.000000
1786704531.533105,106.109882,3203,25.80,0.00,0.00,0.0000,0.000000,0.000000,0.00,0.00,0.0000,0.000000,0.000000
1786704531.582906,106.159682,3204,25.80,0.00,0.00,0.0000,0.000000,0.000000,0.00,0.00,0.0000,0.000000,0.000000
1786704531.620450,106.197227,3205,26.11,0.00,0.00,0.0000,0.000000,0.000000,0.00,0.00,0.0000,0.000000,0.000000
1786704531.683991,106.260768,3208,26.11,0.00,0.00,0.0000,0.000000,0.000000,0.00,0.00,0.0000,0.000000,0.000000
1786704531.732031,106.308807,3209,26.11,0.00,0.00,0.0000,0.000000,0.000000,0.00,0.00,0.0000,0.000000,0.000000
1786704531.779397,106.356173,3210,26.11,0.00,0.00,0.0000,0.000000,0.000000,0.00,0.00,0.0000,0.000000,0.000000
1786704531.827103,106.403879,3211,26.11,0.00,0.00,0.0000,0.000000,0.000000,0.00,0.00,0.0000,0.000000,0.000000
1786704531.858608,106.435385,3213,26.11,0.00,0.00,0.0000,0.000000,0.000000,0.00,0.00,0.0000,0.000000,0.000000
1786704531.906559,106.483335,3214,26.11,0.00,0.00,0.0000,0.000000,0.000000,0.00,0.00,0.0000,0.000000,0.000000
1786704531.938258,106.515035,3215,26.11,0.00,0.00,0.0000,0.000000,0.000000,0.00,0.00,0.0000,0.000000,0.000000
1786704531.970948,106.547725,3216,26.11,0.00,0.00,0.0000,0.000000,0.000000,0.00,0.00,0.0000,0.000000,0.000000
1786704532.017556,106.594333,3217,26.11,0.00,0.00,0.0000,0.000000,0.000000,0.00,0.00,0.0000,0.000000,0.000000
1786704532.060890,106.637667,3219,26.11,0.00,0.00,0.0000,0.000000,0.000000,0.00,0.00,0.0000,0.000000,0.000000
1786704532.092193,106.668970,3220,26.11,0.00,0.00,0.0000,0.000000,0.000000,0.00,0.00,0.0000,0.000000,0.000000
1786704532.156616,106.733393,3221,26.11,0.00,0.00,0.0000,0.000000,0.000000,0.00,0.00,0.0000,0.000000,0.000000
1786704532.188227,106.765004,3222,25.93,0.00,0.00,0.0000,0.000000,0.000000,0.00,0.00,0.0000,0.000000,0.000000
1786704532.206320,106.783096,3223,25.93,0.00,0.00,0.0000,0.000000,0.000000,0.00,0.00,0.0000,0.000000,0.000000
1786704532.235305,106.812081,3224,25.93,0.00,0.00,0.0000,0.000000,0.000000,0.00,0.00,0.0000,0.000000,0.000000
1786704532.267570,106.844347,3225,25.93,0.00,0.00,0.0000,0.000000,0.000000,0.00,0.00,0.0000,0.000000,0.000000
1786704532.299536,106.876313,3226,25.93,0.00,0.00,0.0000,0.000000,0.000000,0.00,0.00,0.0000,0.000000,0.000000
1786704532.331530,106.908307,3227,25.93,0.00,0.00,0.0000,0.000000,0.000000,0.00,0.00,0.0000,0.000000,0.000000
1786704532.379395,106.956171,3228,25.93,0.00,0.00,0.0000,0.000000,0.000000,0.00,0.00,0.0000,0.000000,0.000000
1786704532.411190,106.987967,3229,25.93,0.00,0.00,0.0000,0.000000,0.000000,0.00,0.00,0.0000,0.000000,0.000000
1786704532.458663,107.035440,3231,25.93,0.00,0.00,0.0000,0.000000,0.000000,0.00,0.00,0.0000,0.000000,0.000000
1786704532.506157,107.082934,3232,25.93,0.00,0.00,0.0000,0.000000,0.000000,0.00,0.00,0.0000,0.000000,0.000000
1786704532.524678,107.101455,3233,25.93,0.00,0.00,0.0000,0.000000,0.000000,0.00,0.00,0.0000,0.000000,0.000000
1786704532.570009,107.146786,3234,25.93,0.00,0.00,0.0000,0.000000,0.000000,0.00,0.00,0.0000,0.000000,0.000000
1786704532.595742,107.172518,3235,25.93,0.00,0.00,0.0000,0.000000,0.000000,0.00,0.00,0.0000,0.000000,0.000000
1786704532.642803,107.219580,3236,25.93,0.00,0.00,0.0000,0.000000,0.000000,0.00,0.00,0.0000,0.000000,0.000000
1786704532.690822,107.267599,3238,26.08,0.00,0.00,0.0000,0.000000,0.000000,0.00,0.00,0.0000,0.000000,0.000000
1786704532.724760,107.301537,3239,26.08,0.00,0.00,0.0000,0.000000,0.000000,0.00,0.00,0.0000,0.000000,0.000000
1786704532.770218,107.346994,3240,26.08,0.00,0.00,0.0000,0.000000,0.000000,0.00,0.00,0.0000,0.000000,0.000000
1786704532.803270,107.380047,3241,26.08,0.00,0.00,0.0000,0.000000,0.000000,0.00,0.00,0.0000,0.000000,0.000000
1786704532.834010,107.410787,3242,26.08,0.00,0.00,0.0000,0.000000,0.000000,0.00,0.00,0.0000,0.000000,0.000000
1786704532.865998,107.442775,3243,26.08,0.00,0.00,0.0000,0.000000,0.000000,0.00,0.00,0.0000,0.000000,0.000000
1786704532.913807,107.490584,3244,26.08,0.00,0.00,0.0000,0.000000,0.000000,0.00,0.00,0.0000,0.000000,0.000000
1786704532.961485,107.538262,3246,26.08,0.00,0.00,0.0000,0.000000,0.000000,0.00,0.00,0.0000,0.000000,0.000000
1786704533.009405,107.586182,3247,26.08,0.00,0.00,0.0000,0.000000,0.000000,0.00,0.00,0.0000,0.000000,0.000000
1786704533.041156,107.617932,3248,26.08,0.00,0.00,0.0000,0.000000,0.000000,0.00,0.00,0.0000,0.000000,0.000000
1786704533.088900,107.665676,3250,26.08,0.00,0.00,0.0000,0.000000,0.000000,0.00,0.00,0.0000,0.000000,0.000000
1786704533.156715,107.733492,3251,26.08,0.00,0.00,0.0000,0.000000,0.000000,0.00,0.00,0.0000,0.000000,0.000000
1786704533.162019,107.738796,3252,26.08,0.00,0.00,0.0000,0.000000,0.000000,0.00,0.00,0.0000,0.000000,0.000000
1786704533.194153,107.770930,3253,25.89,0.00,0.00,0.0000,0.000000,0.000000,0.00,0.00,0.0000,0.000000,0.000000
1786704533.241626,107.818403,3254,25.89,0.00,0.00,0.0000,0.000000,0.000000,0.00,0.00,0.0000,0.000000,0.000000
1786704533.273259,107.850036,3255,25.89,0.00,0.00,0.0000,0.000000,0.000000,0.00,0.00,0.0000,0.000000,0.000000
1786704533.304893,107.881670,3256,25.89,0.00,0.00,0.0000,0.000000,0.000000,0.00,0.00,0.0000,0.000000,0.000000
1786704533.368403,107.945180,3257,25.89,0.00,0.00,0.0000,0.000000,0.000000,0.00,0.00,0.0000,0.000000,0.000000
1786704533.384564,107.961340,3259,25.89,0.00,0.00,0.0000,0.000000,0.000000,0.00,0.00,0.0000,0.000000,0.000000
1786704533.433518,108.010295,3260,25.89,0.00,0.00,0.0000,0.000000,0.000000,0.00,0.00,0.0000,0.000000,0.000000
1786704533.463756,108.040533,3261,25.89,0.00,0.00,0.0000,0.000000,0.000000,0.00,0.00,0.0000,0.000000,0.000000
1786704533.495597,108.072374,3262,25.89,0.00,0.00,0.0000,0.000000,0.000000,0.00,0.00,0.0000,0.000000,0.000000
1786704533.527552,108.104329,3263,25.89,0.00,0.00,0.0000,0.000000,0.000000,0.00,0.00,0.0000,0.000000,0.000000
1786704533.549013,108.125790,3264,25.89,0.00,0.00,0.0000,0.000000,0.000000,0.00,0.00,0.0000,0.000000,0.000000
1786704533.613033,108.189810,3265,25.89,0.00,0.00,0.0000,0.000000,0.000000,0.00,0.00,0.0000,0.000000,0.000000
1786704533.644400,108.221177,3266,25.89,0.00,0.00,0.0000,0.000000,0.000000,0.00,0.00,0.0000,0.000000,0.000000
1786704533.673116,108.249893,3267,25.89,0.00,0.00,0.0000,0.000000,0.000000,0.00,0.00,0.0000,0.000000,0.000000
1786704533.704868,108.281644,3268,26.19,0.00,0.00,0.0000,0.000000,0.000000,0.00,0.00,0.0000,0.000000,0.000000
1786704533.736486,108.313263,3269,26.19,0.00,0.00,0.0000,0.000000,0.000000,0.00,0.00,0.0000,0.000000,0.000000
1786704533.768291,108.345068,3270,26.19,0.00,0.00,0.0000,0.000000,0.000000,0.00,0.00,0.0000,0.000000,0.000000
1786704533.816087,108.392864,3271,26.19,0.00,0.00,0.0000,0.000000,0.000000,0.00,0.00,0.0000,0.000000,0.000000
1786704533.831870,108.408647,3272,26.19,0.00,0.00,0.0000,0.000000,0.000000,0.00,0.00,0.0000,0.000000,0.000000
1786704533.863578,108.440354,3273,26.19,0.00,0.00,0.0000,0.000000,0.000000,0.00,0.00,0.0000,0.000000,0.000000
1786704533.912061,108.488838,3274,26.19,0.00,0.00,0.0000,0.000000,0.000000,0.00,0.00,0.0000,0.000000,0.000000
1786704533.943666,108.520442,3275,26.19,0.00,0.00,0.0000,0.000000,0.000000,0.00,0.00,0.0000,0.000000,0.000000
1786704533.975396,108.552172,3276,26.19,0.00,0.00,0.0000,0.000000,0.000000,0.00,0.00,0.0000,0.000000,0.000000
1786704534.007238,108.584015,3277,26.19,0.00,0.00,0.0000,0.000000,0.000000,0.00,0.00,0.0000,0.000000,0.000000
1786704534.027505,108.604282,3278,26.19,0.00,0.00,0.0000,0.000000,0.000000,0.00,0.00,0.0000,0.000000,0.000000
1786704534.102702,108.679479,3280,26.19,0.00,0.00,0.0000,0.000000,0.000000,0.00,0.00,0.0000,0.000000,0.000000
1786704534.127379,108.704156,3281,26.19,0.00,0.00,0.0000,0.000000,0.000000,0.00,0.00,0.0000,0.000000,0.000000
1786704534.165606,108.742383,3282,26.19,0.00,0.00,0.0000,0.000000,0.000000,0.00,0.00,0.0000,0.000000,0.000000
1786704534.192974,108.769751,3283,26.34,0.00,0.00,0.0000,0.000000,0.000000,0.00,0.00,0.0000,0.000000,0.000000
1786704534.272162,108.848939,3285,26.34,0.00,0.00,0.0000,0.000000,0.000000,0.00,0.00,0.0000,0.000000,0.000000
1786704534.303986,108.880762,3286,26.34,0.00,0.00,0.0000,0.000000,0.000000,0.00,0.00,0.0000,0.000000,0.000000
1786704534.352000,108.928777,3287,26.34,0.00,0.00,0.0000,0.000000,0.000000,0.00,0.00,0.0000,0.000000,0.000000
1786704534.367543,108.944320,3288,26.34,0.00,0.00,0.0000,0.000000,0.000000,0.00,0.00,0.0000,0.000000,0.000000
1786704534.399107,108.975883,3289,26.34,0.00,0.00,0.0000,0.000000,0.000000,0.00,0.00,0.0000,0.000000,0.000000
1786704534.431044,109.007821,3290,26.34,0.00,0.00,0.0000,0.000000,0.000000,0.00,0.00,0.0000,0.000000,0.000000
1786704534.494426,109.071203,3292,26.34,0.00,0.00,0.0000,0.000000,0.000000,0.00,0.00,0.0000,0.000000,0.000000
1786704534.543928,109.120705,3293,26.34,0.00,0.00,0.0000,0.000000,0.000000,0.00,0.00,0.0000,0.000000,0.000000
1786704534.574205,109.150982,3294,26.34,0.00,0.00,0.0000,0.000000,0.000000,0.00,0.00,0.0000,0.000000,0.000000
1786704534.628093,109.204870,3296,26.34,0.00,0.00,0.0000,0.000000,0.000000,0.00,0.00,0.0000,0.000000,0.000000
1786704534.669868,109.246645,3297,26.34,0.00,0.00,0.0000,0.000000,0.000000,0.00,0.00,0.0000,0.000000,0.000000
1786704534.685054,109.261830,3298,26.34,0.00,0.00,0.0000,0.000000,0.000000,0.00,0.00,0.0000,0.000000,0.000000
1786704534.728375,109.305152,3299,26.24,0.00,0.00,0.0000,0.000000,0.000000,0.00,0.00,0.0000,0.000000,0.000000
1786704534.760448,109.337224,3300,26.24,0.00,0.00,0.0000,0.000000,0.000000,0.00,0.00,0.0000,0.000000,0.000000
1786704534.791849,109.368626,3301,26.24,0.00,0.00,0.0000,0.000000,0.000000,0.00,0.00,0.0000,0.000000,0.000000
1786704534.828799,109.405576,3302,26.24,0.00,0.00,0.0000,0.000000,0.000000,0.00,0.00,0.0000,0.000000,0.000000
1786704534.871487,109.448263,3303,26.24,0.00,0.00,0.0000,0.000000,0.000000,0.00,0.00,0.0000,0.000000,0.000000
1786704534.920396,109.497173,3304,26.24,0.00,0.00,0.0000,0.000000,0.000000,0.00,0.00,0.0000,0.000000,0.000000
1786704534.935170,109.511947,3305,26.24,0.00,0.00,0.0000,0.000000,0.000000,0.00,0.00,0.0000,0.000000,0.000000
1786704534.967260,109.544037,3306,26.24,0.00,0.00,0.0000,0.000000,0.000000,0.00,0.00,0.0000,0.000000,0.000000
1786704535.015269,109.592046,3307,26.24,0.00,0.00,0.0000,0.000000,0.000000,0.00,0.00,0.0000,0.000000,0.000000
1786704535.047177,109.623954,3308,26.24,0.00,0.00,0.0000,0.000000,0.000000,0.00,0.00,0.0000,0.000000,0.000000
1786704535.095526,109.672303,3310,26.24,0.00,0.00,0.0000,0.000000,0.000000,0.00,0.00,0.0000,0.000000,0.000000
1786704535.143183,109.719959,3311,26.24,0.00,0.00,0.0000,0.000000,0.000000,0.00,0.00,0.0000,0.000000,0.000000
1786704535.174993,109.751769,3312,26.24,0.00,0.00,0.0000,0.000000,0.000000,0.00,0.00,0.0000,0.000000,0.000000
1786704535.223247,109.800024,3313,26.24,0.00,0.00,0.0000,0.000000,0.000000,0.00,0.00,0.0000,0.000000,0.000000
1786704535.239147,109.815924,3314,26.24,0.00,0.00,0.0000,0.000000,0.000000,0.00,0.00,0.0000,0.000000,0.000000
1786704535.269426,109.846203,3315,26.89,0.00,0.00,0.0000,0.000000,0.000000,0.00,0.00,0.0000,0.000000,0.000000
1786704535.313387,109.890164,3316,26.89,0.00,0.00,0.0000,0.000000,0.000000,0.00,0.00,0.0000,0.000000,0.000000
1786704535.333052,109.909829,3317,26.89,0.00,0.00,0.0000,0.000000,0.000000,0.00,0.00,0.0000,0.000000,0.000000
1786704535.376308,109.953084,3318,26.89,0.00,0.00,0.0000,0.000000,0.000000,0.00,0.00,0.0000,0.000000,0.000000
1786704535.407183,109.983960,3319,26.89,0.00,0.00,0.0000,0.000000,0.000000,0.00,0.00,0.0000,0.000000,0.000000
1786704535.432709,110.009486,3320,26.89,0.00,0.00,0.0000,0.000000,0.000000,0.00,0.00,0.0000,0.000000,0.000000
1786704535.454874,110.031651,3321,26.89,0.00,0.00,0.0000,0.000000,0.000000,0.00,0.00,0.0000,0.000000,0.000000
1786704535.502479,110.079256,3322,26.89,0.00,0.00,0.0000,0.000000,0.000000,0.00,0.00,0.0000,0.000000,0.000000
1786704535.581838,110.158615,3324,26.89,0.00,0.00,0.0000,0.000000,0.000000,0.00,0.00,0.0000,0.000000,0.000000
1786704535.619729,110.196506,3325,26.89,0.00,0.00,0.0000,0.000000,0.000000,0.00,0.00,0.0000,0.000000,0.000000
1786704535.634499,110.211275,3326,26.89,0.00,0.00,0.0000,0.000000,0.000000,0.00,0.00,0.0000,0.000000,0.000000
1786704535.666192,110.242969,3327,26.89,0.00,0.00,0.0000,0.000000,0.000000,0.00,0.00,0.0000,0.000000,0.000000
1786704535.730720,110.307496,3329,26.89,0.00,0.00,0.0000,0.000000,0.000000,0.00,0.00,0.0000,0.000000,0.000000
1786704535.778311,110.355088,3330,26.42,0.00,0.00,0.0000,0.000000,0.000000,0.00,0.00,0.0000,0.000000,0.000000
1786704535.798155,110.374932,3331,26.42,0.00,0.00,0.0000,0.000000,0.000000,0.00,0.00,0.0000,0.000000,0.000000
1786704535.846356,110.423133,3332,26.42,0.00,0.00,0.0000,0.000000,0.000000,0.00,0.00,0.0000,0.000000,0.000000
1786704535.878328,110.455105,3333,26.42,0.00,0.00,0.0000,0.000000,0.000000,0.00,0.00,0.0000,0.000000,0.000000
1786704535.942012,110.518789,3335,26.42,0.00,0.00,0.0000,0.000000,0.000000,0.00,0.00,0.0000,0.000000,0.000000
1786704535.958204,110.534981,3336,26.42,0.00,0.00,0.0000,0.000000,0.000000,0.00,0.00,0.0000,0.000000,0.000000
1786704536.005977,110.582754,3337,26.42,0.00,0.00,0.0000,0.000000,0.000000,0.00,0.00,0.0000,0.000000,0.000000
1786704536.053533,110.630310,3338,26.42,0.00,0.00,0.0000,0.000000,0.000000,0.00,0.00,0.0000,0.000000,0.000000
1786704536.085382,110.662159,3339,26.42,0.00,0.00,0.0000,0.000000,0.000000,0.00,0.00,0.0000,0.000000,0.000000
1786704536.101572,110.678349,3340,26.42,0.00,0.00,0.0000,0.000000,0.000000,0.00,0.00,0.0000,0.000000,0.000000
1786704536.153446,110.730223,3342,26.42,0.00,0.00,0.0000,0.000000,0.000000,0.00,0.00,0.0000,0.000000,0.000000
1786704536.197400,110.774177,3343,26.42,0.00,0.00,0.0000,0.000000,0.000000,0.00,0.00,0.0000,0.000000,0.000000
1786704536.231603,110.808380,3344,26.42,0.00,0.00,0.0000,0.000000,0.000000,0.00,0.00,0.0000,0.000000,0.000000
1786704536.269621,110.846397,3345,26.42,0.00,0.00,0.0000,0.000000,0.000000,0.00,0.00,0.0000,0.000000,0.000000
1786704536.320902,110.897679,3346,26.35,0.00,0.00,0.0000,0.000000,0.000000,0.00,0.00,0.0000,0.000000,0.000000
1786704536.351574,110.928350,3348,26.35,0.00,0.00,0.0000,0.000000,0.000000,0.00,0.00,0.0000,0.000000,0.000000
1786704536.404521,110.981297,3349,26.35,0.00,0.00,0.0000,0.000000,0.000000,0.00,0.00,0.0000,0.000000,0.000000
1786704536.430543,111.007320,3350,26.35,0.00,0.00,0.0000,0.000000,0.000000,0.00,0.00,0.0000,0.000000,0.000000
1786704536.462209,111.038986,3351,26.35,0.00,0.00,0.0000,0.000000,0.000000,0.00,0.00,0.0000,0.000000,0.000000
1786704536.509758,111.086534,3352,26.35,0.00,0.00,0.0000,0.000000,0.000000,0.00,0.00,0.0000,0.000000,0.000000
1786704536.573367,111.150144,3354,26.35,0.00,0.00,0.0000,0.000000,0.000000,0.00,0.00,0.0000,0.000000,0.000000
1786704536.605229,111.182006,3355,26.35,0.00,0.00,0.0000,0.000000,0.000000,0.00,0.00,0.0000,0.000000,0.000000
1786704536.653474,111.230251,3356,26.35,0.00,0.00,0.0000,0.000000,0.000000,0.00,0.00,0.0000,0.000000,0.000000
1786704536.685482,111.262259,3357,26.35,0.00,0.00,0.0000,0.000000,0.000000,0.00,0.00,0.0000,0.000000,0.000000
1786704536.701459,111.278235,3358,26.35,0.00,0.00,0.0000,0.000000,0.000000,0.00,0.00,0.0000,0.000000,0.000000
1786704536.727634,111.304410,3359,26.35,0.00,0.00,0.0000,0.000000,0.000000,0.00,0.00,0.0000,0.000000,0.000000
1786704536.749068,111.325844,3360,26.35,0.00,0.00,0.0000,0.000000,0.000000,0.00,0.00,0.0000,0.000000,0.000000
1786704536.812768,111.389545,3362,26.09,0.00,0.00,0.0000,0.000000,0.000000,0.00,0.00,0.0000,0.000000,0.000000
1786704536.870578,111.447355,3364,26.09,0.00,0.00,0.0000,0.000000,0.000000,0.00,0.00,0.0000,0.000000,0.000000
1786704536.943528,111.520304,3365,26.09,0.00,0.00,0.0000,0.000000,0.000000,0.00,0.00,0.0000,0.000000,0.000000
1786704536.949964,111.526741,3366,26.09,0.00,0.00,0.0000,0.000000,0.000000,0.00,0.00,0.0000,0.000000,0.000000
1786704536.997606,111.574383,3367,26.09,0.00,0.00,0.0000,0.000000,0.000000,0.00,0.00,0.0000,0.000000,0.000000
1786704537.045089,111.621866,3368,26.09,0.00,0.00,0.0000,0.000000,0.000000,0.00,0.00,0.0000,0.000000,0.000000
1786704537.076728,111.653505,3370,26.09,0.00,0.00,0.0000,0.000000,0.000000,0.00,0.00,0.0000,0.000000,0.000000
1786704537.108701,111.685477,3371,26.09,0.00,0.00,0.0000,0.000000,0.000000,0.00,0.00,0.0000,0.000000,0.000000
1786704537.199529,111.776306,3372,26.09,0.00,0.00,0.0000,0.000000,0.000000,0.00,0.00,0.0000,0.000000,0.000000
1786704537.251898,111.828675,3375,26.09,0.00,0.00,0.0000,0.000000,0.000000,0.00,0.00,0.0000,0.000000,0.000000
1786704537.284042,111.860819,3376,26.09,0.00,0.00,0.0000,0.000000,0.000000,0.00,0.00,0.0000,0.000000,0.000000
1786704537.316048,111.892825,3377,26.09,0.00,0.00,0.0000,0.000000,0.000000,0.00,0.00,0.0000,0.000000,0.000000
1786704537.359515,111.936291,3378,25.35,0.00,0.00,0.0000,0.000000,0.000000,0.00,0.00,0.0000,0.000000,0.000000
1786704537.390525,111.967302,3379,25.35,0.00,0.00,0.0000,0.000000,0.000000,0.00,0.00,0.0000,0.000000,0.000000
1786704537.438594,112.015371,3381,25.35,0.00,0.00,0.0000,0.000000,0.000000,0.00,0.00,0.0000,0.000000,0.000000
1786704537.517175,112.093952,3382,25.35,0.00,0.00,0.0000,0.000000,0.000000,0.00,0.00,0.0000,0.000000,0.000000
1786704537.559192,112.135968,3384,25.35,0.00,0.00,0.0000,0.000000,0.000000,0.00,0.00,0.0000,0.000000,0.000000
1786704537.603640,112.180417,3385,25.35,0.00,0.00,0.0000,0.000000,0.000000,0.00,0.00,0.0000,0.000000,0.000000
1786704537.625267,112.202044,3386,25.35,0.00,0.00,0.0000,0.000000,0.000000,0.00,0.00,0.0000,0.000000,0.000000
1786704537.673648,112.250424,3387,25.35,0.00,0.00,0.0000,0.000000,0.000000,0.00,0.00,0.0000,0.000000,0.000000
1786704537.722189,112.298965,3388,25.35,0.00,0.00,0.0000,0.000000,0.000000,0.00,0.00,0.0000,0.000000,0.000000
1786704537.736771,112.313548,3389,25.35,0.00,0.00,0.0000,0.000000,0.000000,0.00,0.00,0.0000,0.000000,0.000000
1786704537.800722,112.377498,3391,25.35,0.00,0.00,0.0000,0.000000,0.000000,0.00,0.00,0.0000,0.000000,0.000000
1786704537.816694,112.393471,3392,25.35,0.00,0.00,0.0000,0.000000,0.000000,0.00,0.00,0.0000,0.000000,0.000000
1786704537.894238,112.471014,3394,24.95,0.00,0.00,0.0000,0.000000,0.000000,0.00,0.00,0.0000,0.000000,0.000000
1786704537.928832,112.505608,3395,24.95,0.00,0.00,0.0000,0.000000,0.000000,0.00,0.00,0.0000,0.000000,0.000000
1786704537.974164,112.550940,3396,24.95,0.00,0.00,0.0000,0.000000,0.000000,0.00,0.00,0.0000,0.000000,0.000000
1786704538.004942,112.581719,3398,24.95,0.00,0.00,0.0000,0.000000,0.000000,0.00,0.00,0.0000,0.000000,0.000000
1786704538.070136,112.646913,3399,24.95,0.00,0.00,0.0000,0.000000,0.000000,0.00,0.00,0.0000,0.000000,0.000000
1786704538.100082,112.676859,3400,24.95,0.00,0.00,0.0000,0.000000,0.000000,0.00,0.00,0.0000,0.000000,0.000000
1786704538.131805,112.708582,3401,24.95,0.00,0.00,0.0000,0.000000,0.000000,0.00,0.00,0.0000,0.000000,0.000000
1786704538.147745,112.724522,3402,24.95,0.00,0.00,0.0000,0.000000,0.000000,0.00,0.00,0.0000,0.000000,0.000000
1786704538.195941,112.772718,3403,24.95,0.00,0.00,0.0000,0.000000,0.000000,0.00,0.00,0.0000,0.000000,0.000000
1786704538.242657,112.819434,3404,24.95,0.00,0.00,0.0000,0.000000,0.000000,0.00,0.00,0.0000,0.000000,0.000000
1786704538.274086,112.850863,3405,24.95,0.00,0.00,0.0000,0.000000,0.000000,0.00,0.00,0.0000,0.000000,0.000000
1786704538.306046,112.882823,3406,24.95,0.00,0.00,0.0000,0.000000,0.000000,0.00,0.00,0.0000,0.000000,0.000000
1786704538.353913,112.930690,3407,24.95,0.00,0.00,0.0000,0.000000,0.000000,0.00,0.00,0.0000,0.000000,0.000000
1786704538.386153,112.962929,3408,24.95,0.00,0.00,0.0000,0.000000,0.000000,0.00,0.00,0.0000,0.000000,0.000000
1786704538.428058,113.004835,3410,25.29,0.00,0.00,0.0000,0.000000,0.000000,0.00,0.00,0.0000,0.000000,0.000000
1786704538.475717,113.052494,3411,25.29,0.00,0.00,0.0000,0.000000,0.000000,0.00,0.00,0.0000,0.000000,0.000000
1786704538.509187,113.085963,3413,25.29,0.00,0.00,0.0000,0.000000,0.000000,0.00,0.00,0.0000,0.000000,0.000000
1786704538.558502,113.135278,3414,25.29,0.00,0.00,0.0000,0.000000,0.000000,0.00,0.00,0.0000,0.000000,0.000000
1786704538.606098,113.182875,3415,25.29,0.00,0.00,0.0000,0.000000,0.000000,0.00,0.00,0.0000,0.000000,0.000000
1786704538.638289,113.215066,3416,25.29,0.00,0.00,0.0000,0.000000,0.000000,0.00,0.00,0.0000,0.000000,0.000000
1786704538.653507,113.230284,3417,25.29,0.00,0.00,0.0000,0.000000,0.000000,0.00,0.00,0.0000,0.000000,0.000000
1786704538.700910,113.277687,3418,25.29,0.00,0.00,0.0000,0.000000,0.000000,0.00,0.00,0.0000,0.000000,0.000000
1786704538.732609,113.309386,3419,25.29,0.00,0.00,0.0000,0.000000,0.000000,0.00,0.00,0.0000,0.000000,0.000000
1786704538.765156,113.341933,3420,25.29,0.00,0.00,0.0000,0.000000,0.000000,0.00,0.00,0.0000,0.000000,0.000000
1786704538.783759,113.360535,3421,25.29,0.00,0.00,0.0000,0.000000,0.000000,0.00,0.00,0.0000,0.000000,0.000000
1786704538.829264,113.406040,3422,25.29,0.00,0.00,0.0000,0.000000,0.000000,0.00,0.00,0.0000,0.000000,0.000000
1786704538.860683,113.437460,3423,25.29,0.00,0.00,0.0000,0.000000,0.000000,0.00,0.00,0.0000,0.000000,0.000000
1786704538.894216,113.470993,3424,25.29,0.00,0.00,0.0000,0.000000,0.000000,0.00,0.00,0.0000,0.000000,0.000000
1786704538.941243,113.518019,3425,25.62,0.00,0.00,0.0000,0.000000,0.000000,0.00,0.00,0.0000,0.000000,0.000000
1786704538.965472,113.542249,3426,25.62,0.00,0.00,0.0000,0.000000,0.000000,0.00,0.00,0.0000,0.000000,0.000000
1786704538.997417,113.574194,3427,25.62,0.00,0.00,0.0000,0.000000,0.000000,0.00,0.00,0.0000,0.000000,0.000000
1786704539.045022,113.621799,3429,25.62,0.00,0.00,0.0000,0.000000,0.000000,0.00,0.00,0.0000,0.000000,0.000000
1786704539.077204,113.653980,3430,25.62,0.00,0.00,0.0000,0.000000,0.000000,0.00,0.00,0.0000,0.000000,0.000000
1786704539.109083,113.685860,3431,25.62,0.00,0.00,0.0000,0.000000,0.000000,0.00,0.00,0.0000,0.000000,0.000000
1786704539.156901,113.733677,3432,25.62,0.00,0.00,0.0000,0.000000,0.000000,0.00,0.00,0.0000,0.000000,0.000000
1786704539.188791,113.765568,3433,25.62,0.00,0.00,0.0000,0.000000,0.000000,0.00,0.00,0.0000,0.000000,0.000000
1786704539.220847,113.797624,3434,25.62,0.00,0.00,0.0000,0.000000,0.000000,0.00,0.00,0.0000,0.000000,0.000000
1786704539.251901,113.828678,3435,25.62,0.00,0.00,0.0000,0.000000,0.000000,0.00,0.00,0.0000,0.000000,0.000000
1786704539.288586,113.865363,3436,25.62,0.00,0.00,0.0000,0.000000,0.000000,0.00,0.00,0.0000,0.000000,0.000000
1786704539.347720,113.924496,3438,25.62,0.00,0.00,0.0000,0.000000,0.000000,0.00,0.00,0.0000,0.000000,0.000000
1786704539.379653,113.956430,3439,25.62,0.00,0.00,0.0000,0.000000,0.000000,0.00,0.00,0.0000,0.000000,0.000000
1786704539.427313,114.004090,3440,25.50,0.00,0.00,0.0000,0.000000,0.000000,0.00,0.00,0.0000,0.000000,0.000000
1786704539.475549,114.052326,3441,25.50,0.00,0.00,0.0000,0.000000,0.000000,0.00,0.00,0.0000,0.000000,0.000000
1786704539.532109,114.108886,3443,25.50,0.00,0.00,0.0000,0.000000,0.000000,0.00,0.00,0.0000,0.000000,0.000000
1786704539.580977,114.157754,3444,25.50,0.00,0.00,0.0000,0.000000,0.000000,0.00,0.00,0.0000,0.000000,0.000000
1786704539.625600,114.202377,3446,25.50,0.00,0.00,0.0000,0.000000,0.000000,0.00,0.00,0.0000,0.000000,0.000000
1786704539.641397,114.218174,3447,25.50,0.00,0.00,0.0000,0.000000,0.000000,0.00,0.00,0.0000,0.000000,0.000000
1786704539.689664,114.266441,3448,25.50,0.00,0.00,0.0000,0.000000,0.000000,0.00,0.00,0.0000,0.000000,0.000000
1786704539.753340,114.330116,3450,25.50,0.00,0.00,0.0000,0.000000,0.000000,0.00,0.00,0.0000,0.000000,0.000000
1786704539.785109,114.361885,3451,25.50,0.00,0.00,0.0000,0.000000,0.000000,0.00,0.00,0.0000,0.000000,0.000000
1786704539.816539,114.393316,3452,25.50,0.00,0.00,0.0000,0.000000,0.000000,0.00,0.00,0.0000,0.000000,0.000000
1786704539.848907,114.425683,3453,25.50,0.00,0.00,0.0000,0.000000,0.000000,0.00,0.00,0.0000,0.000000,0.000000
1786704539.896625,114.473401,3454,25.50,0.00,0.00,0.0000,0.000000,0.000000,0.00,0.00,0.0000,0.000000,0.000000
1786704539.928491,114.505267,3455,25.50,0.00,0.00,0.0000,0.000000,0.000000,0.00,0.00,0.0000,0.000000,0.000000
1786704539.960432,114.537209,3456,25.36,0.00,0.00,0.0000,0.000000,0.000000,0.00,0.00,0.0000,0.000000,0.000000
1786704540.008628,114.585405,3457,25.36,0.00,0.00,0.0000,0.000000,0.000000,0.00,0.00,0.0000,0.000000,0.000000
1786704540.035118,114.611895,3458,25.36,0.00,0.00,0.0000,0.000000,0.000000,0.00,0.00,0.0000,0.000000,0.000000
1786704540.098954,114.675731,3460,25.36,0.00,0.00,0.0000,0.000000,0.000000,0.00,0.00,0.0000,0.000000,0.000000
1786704540.130665,114.707442,3461,25.36,0.00,0.00,0.0000,0.000000,0.000000,0.00,0.00,0.0000,0.000000,0.000000
1786704540.162751,114.739528,3462,25.36,0.00,0.00,0.0000,0.000000,0.000000,0.00,0.00,0.0000,0.000000,0.000000
1786704540.194595,114.771372,3463,25.36,0.00,0.00,0.0000,0.000000,0.000000,0.00,0.00,0.0000,0.000000,0.000000
1786704540.241863,114.818640,3464,25.36,0.00,0.00,0.0000,0.000000,0.000000,0.00,0.00,0.0000,0.000000,0.000000
1786704540.257971,114.834748,3465,25.36,0.00,0.00,0.0000,0.000000,0.000000,0.00,0.00,0.0000,0.000000,0.000000
1786704540.320945,114.897722,3467,25.36,0.00,0.00,0.0000,0.000000,0.000000,0.00,0.00,0.0000,0.000000,0.000000
1786704540.352523,114.929300,3468,25.36,0.00,0.00,0.0000,0.000000,0.000000,0.00,0.00,0.0000,0.000000,0.000000
1786704540.400139,114.976916,3469,25.36,0.00,0.00,0.0000,0.000000,0.000000,0.00,0.00,0.0000,0.000000,0.000000
