host_epoch,t_rel,frame_number,fps,head_x,head_y,head_confidence,head_x_norm,head_y_norm,feet_x,feet_y,feet_confidence,feet_x_norm,feet_y_norm
1786702853.453130,-0.038913,18,0.00,409.46,61.68,1.0000,0.639779,0.128499,411.81,334.43,0.9832,0.643454,0.696729
1786702853.656755,0.164713,20,0.00,409.61,61.49,1.0000,0.640020,0.128094,412.03,334.85,0.9832,0.643800,0.697602
1786702853.674011,0.181968,25,0.00,409.75,61.46,1.0000,0.640231,0.128048,412.06,334.73,0.9825,0.643849,0.697352
1786702853.754963,0.262921,26,0.00,409.81,61.42,1.0000,0.640331,0.127956,412.15,334.42,0.9821,0.643979,0.696698
1786702853.757680,0.265637,28,0.00,410.08,61.38,1.0000,0.640752,0.127885,412.21,334.39,0.9815,0.644074,0.696656
1786702853.858546,0.366503,30,0.00,410.27,61.39,1.0000,0.641044,0.127886,412.19,334.21,0.9809,0.644051,0.696275
1786702853.868870,0.376827,31,0.00,410.29,61.35,1.0000,0.641075,0.127820,412.21,334.19,0.9806,0.644074,0.696235
1786702853.951892,0.459850,33,0.00,410.30,61.30,1.0000,0.641092,0.127706,412.20,334.26,0.9800,0.644058,0.696381
1786702853.966900,0.474857,34,0.00,410.30,61.26,1.0000,0.641098,0.127621,412.22,334.31,0.9797,0.644099,0.696478
1786702854.026169,0.534126,35,18.51,410.43,61.15,1.0000,0.641297,0.127390,412.39,334.32,0.9795,0.644352,0.696508
1786702854.042620,0.550577,36,18.51,410.45,61.14,1.0000,0.641322,0.127382,412.38,334.30,0.9792,0.644340,0.696454
1786702854.065398,0.573355,37,18.51,410.47,61.13,1.0000,0.641359,0.127351,412.37,334.33,0.9788,0.644335,0.696518
1786702854.107399,0.615357,38,18.51,410.68,61.13,1.0000,0.641683,0.127347,412.45,334.34,0.9786,0.644456,0.696547
1786702854.165695,0.673652,40,18.51,410.75,61.15,1.0000,0.641801,0.127386,412.46,333.97,0.9783,0.644472,0.695777
1786702854.198428,0.706386,41,18.51,410.89,61.25,1.0000,0.642010,0.127614,412.52,334.01,0.9785,0.644557,0.695847
1786702854.232410,0.740367,42,18.51,410.94,61.20,1.0000,0.642087,0.127498,412.55,334.07,0.9781,0.644612,0.695981
1786702854.285244,0.793201,43,18.51,410.96,61.11,1.0000,0.642130,0.127319,412.52,334.16,0.9779,0.644568,0.696163
1786702854.289762,0.797719,44,18.51,410.97,61.11,1.0000,0.642133,0.127319,412.49,334.16,0.9776,0.644520,0.696174
1786702854.334980,0.842937,45,18.51,411.03,61.11,1.0000,0.642240,0.127313,412.56,334.35,0.9776,0.644620,0.696564
1786702854.374260,0.882218,46,18.51,411.02,61.11,1.0000,0.642219,0.127319,412.54,334.20,0.9776,0.644591,0.696254
1786702854.397656,0.905613,47,18.51,411.02,61.12,1.0000,0.642218,0.127342,412.50,334.19,0.9774,0.644525,0.696224
1786702854.442786,0.950743,48,18.51,411.00,61.12,1.0000,0.642189,0.127340,412.49,334.21,0.9773,0.644511,0.696275
1786702854.468698,0.976655,49,18.51,410.99,61.12,1.0000,0.642167,0.127333,412.46,334.12,0.9773,0.644472,0.696090
1786702854.498188,1.006145,50,18.51,410.90,61.13,1.0000,0.642035,0.127349,412.39,334.12,0.9775,0.644361,0.696083
1786702854.527163,1.035120,51,20.77,410.91,61.21,1.0000,0.642043,0.127516,412.38,334.09,0.9775,0.644336,0.696016
1786702854.562152,1.070109,52,20.77,410.95,61.27,1.0000,0.642110,0.127637,412.37,334.14,0.9777,0.644332,0.696129
1786702854.607800,1.115757,53,20.77,411.03,61.41,1.0000,0.642236,0.127928,412.30,334.13,0.9776,0.644225,0.696112
1786702854.630350,1.138307,54,20.77,411.02,61.45,1.0000,0.642211,0.128023,412.28,334.12,0.9776,0.644193,0.696079
1786702854.678750,1.186708,55,20.77,411.02,61.44,1.0000,0.642212,0.128007,412.30,334.12,0.9773,0.644216,0.696075
1786702854.694409,1.202367,56,20.77,411.03,61.41,1.0000,0.642240,0.127941,412.34,334.12,0.9771,0.644278,0.696086
1786702854.770691,1.278649,58,20.77,410.98,61.41,1.0000,0.642152,0.127946,412.33,334.24,0.9772,0.644261,0.696331
1786702854.791010,1.298968,59,20.77,410.99,61.37,1.0000,0.642178,0.127864,412.33,334.30,0.9771,0.644262,0.696465
1786702854.830645,1.338603,60,20.77,411.02,61.25,1.0000,0.642218,0.127603,412.33,334.30,0.9770,0.644264,0.696461
1786702854.868807,1.376765,61,20.77,410.88,61.23,1.0000,0.642005,0.127566,412.37,334.28,0.9767,0.644320,0.696413
1786702854.888933,1.396890,62,20.77,410.88,61.23,1.0000,0.642007,0.127566,412.40,334.28,0.9764,0.644370,0.696417
1786702854.932469,1.440426,63,20.77,410.88,61.22,1.0000,0.641996,0.127531,412.39,334.26,0.9761,0.644359,0.696380
1786702854.960580,1.468538,64,20.77,410.74,61.22,1.0000,0.641789,0.127539,412.38,334.29,0.9762,0.644349,0.696435
1786702855.017661,1.525618,65,20.77,410.75,61.23,1.0000,0.641791,0.127556,412.28,334.16,0.9761,0.644195,0.696173
1786702855.033631,1.541589,66,22.01,410.77,61.20,1.0000,0.641830,0.127498,412.25,334.12,0.9760,0.644137,0.696088
1786702855.061611,1.569569,67,22.01,410.77,61.19,1.0000,0.641832,0.127475,412.24,334.15,0.9761,0.644127,0.696143
1786702855.093434,1.601392,68,22.01,410.79,61.15,1.0000,0.641857,0.127403,412.21,334.18,0.9762,0.644083,0.696212
1786702855.125850,1.633807,69,22.01,410.79,61.09,1.0000,0.641854,0.127281,412.18,334.12,0.9764,0.644029,0.696088
1786702855.165518,1.673476,70,22.01,410.78,61.13,1.0000,0.641846,0.127348,412.19,334.09,0.9764,0.644041,0.696011
1786702855.205496,1.713454,71,22.01,410.78,61.12,1.0000,0.641844,0.127326,412.26,334.07,0.9764,0.644148,0.695971
1786702855.266511,1.774469,72,22.01,410.80,61.11,1.0000,0.641882,0.127321,412.25,334.35,0.9764,0.644140,0.696557
1786702855.284892,1.792850,73,22.01,410.80,61.12,1.0000,0.641872,0.127336,412.23,334.32,0.9764,0.644110,0.696498
1786702855.300793,1.808750,74,22.01,410.81,61.21,1.0000,0.641895,0.127511,412.22,334.29,0.9764,0.644091,0.696437
1786702855.335138,1.843096,75,22.01,410.82,61.21,1.0000,0.641904,0.127527,412.24,334.35,0.9764,0.644127,0.696555
1786702855.370229,1.878187,76,22.01,410.85,61.21,1.0000,0.641947,0.127518,412.27,334.40,0.9763,0.644172,0.696659
1786702855.413213,1.921171,77,22.01,410.89,61.29,1.0000,0.642019,0.127681,412.27,334.41,0.9762,0.644178,0.696685
1786702855.428900,1.936857,78,22.01,410.94,61.32,1.0000,0.642090,0.127743,412.27,334.31,0.9765,0.644169,0.696477
1786702855.487843,1.995800,79,22.01,411.02,61.33,1.0000,0.642217,0.127764,412.32,334.39,0.9767,0.644253,0.696653
1786702855.502378,2.010335,80,22.01,411.02,61.32,1.0000,0.642219,0.127749,412.34,334.32,0.9767,0.644275,0.696506
1786702855.536114,2.044071,81,22.01,411.02,61.32,1.0000,0.642214,0.127743,412.25,334.32,0.9765,0.644140,0.696499
1786702855.574664,2.082621,82,23.63,411.02,61.38,1.0000,0.642226,0.127875,412.22,334.27,0.9766,0.644087,0.696393
1786702855.585457,2.093414,83,23.63,411.10,61.37,1.0000,0.642340,0.127860,412.23,334.27,0.9765,0.644112,0.696397
1786702855.630852,2.138809,84,23.63,411.10,61.55,1.0000,0.642341,0.128238,412.19,334.24,0.9763,0.644052,0.696327
1786702855.664997,2.172955,85,23.63,411.10,61.63,1.0000,0.642344,0.128387,412.30,334.22,0.9764,0.644220,0.696297
1786702855.680719,2.188677,86,23.63,411.13,61.65,1.0000,0.642386,0.128430,412.33,334.34,0.9761,0.644261,0.696544
1786702855.731198,2.239156,87,23.63,411.13,61.70,1.0000,0.642387,0.128549,412.27,334.08,0.9757,0.644174,0.696010
1786702855.771490,2.279447,88,23.63,411.18,61.83,1.0000,0.642474,0.128821,412.30,334.13,0.9756,0.644223,0.696096
1786702855.797538,2.305496,89,23.63,411.18,61.84,1.0000,0.642467,0.128835,412.41,334.14,0.9753,0.644397,0.696131
1786702855.849290,2.357248,90,23.63,411.13,61.94,1.0000,0.642393,0.129038,412.38,333.94,0.9752,0.644344,0.695709
1786702855.865092,2.373049,91,23.63,411.13,61.94,1.0000,0.642390,0.129035,412.37,333.90,0.9751,0.644329,0.695634
1786702855.901646,2.409603,92,23.63,411.12,61.93,1.0000,0.642370,0.129028,412.38,333.90,0.9752,0.644347,0.695618
1786702855.930405,2.438363,93,23.63,411.08,61.92,1.0000,0.642305,0.128999,412.40,333.92,0.9751,0.644372,0.695664
1786702855.975611,2.483568,94,23.63,411.08,61.90,1.0000,0.642308,0.128948,412.44,334.03,0.9751,0.644439,0.695903
1786702855.997101,2.505059,95,23.63,410.99,61.90,1.0000,0.642173,0.128949,412.45,334.02,0.9753,0.644458,0.695875
1786702856.027614,2.535571,96,23.63,410.96,61.88,1.0000,0.642121,0.128923,412.43,334.11,0.9755,0.644420,0.696053
1786702856.070061,2.578019,97,23.63,410.98,61.80,1.0000,0.642158,0.128751,412.41,334.02,0.9757,0.644385,0.695876
1786702856.112625,2.620583,98,24.81,411.11,61.61,1.0000,0.642363,0.128361,412.42,334.16,0.9758,0.644405,0.696176
1786702856.127359,2.635316,99,24.81,411.01,61.64,1.0000,0.642208,0.128424,412.43,334.23,0.9758,0.644420,0.696316
1786702856.169720,2.677677,100,24.81,411.07,61.67,1.0000,0.642303,0.128470,412.42,334.20,0.9756,0.644405,0.696259
1786702856.207968,2.715925,101,24.81,411.20,61.21,1.0000,0.642503,0.127526,412.45,334.24,0.9757,0.644459,0.696326
1786702856.225747,2.733704,102,24.81,411.30,61.03,1.0000,0.642649,0.127140,412.34,334.37,0.9755,0.644277,0.696606
1786702856.259577,2.767534,103,24.81,411.32,61.03,1.0000,0.642687,0.127142,412.34,334.24,0.9754,0.644278,0.696334
1786702856.318664,2.826622,104,24.81,411.40,61.04,1.0000,0.642817,0.127169,412.33,334.24,0.9752,0.644266,0.696337
1786702856.350246,2.858204,105,24.81,411.62,61.04,1.0000,0.643161,0.127156,412.27,334.19,0.9755,0.644171,0.696231
1786702856.366175,2.874133,106,24.81,411.84,61.02,1.0000,0.643499,0.127135,412.24,334.19,0.9756,0.644131,0.696227
1786702856.403608,2.911565,107,24.81,411.86,61.02,1.0000,0.643529,0.127129,412.30,334.27,0.9756,0.644216,0.696405
1786702856.446391,2.954348,108,24.81,412.18,61.01,1.0000,0.644037,0.127105,412.27,334.27,0.9755,0.644177,0.696403
1786702856.461735,2.969692,109,24.81,412.26,61.00,1.0000,0.644154,0.127091,412.19,334.23,0.9758,0.644041,0.696318
1786702856.515671,3.023628,110,24.81,412.32,61.02,1.0000,0.644244,0.127118,412.23,334.18,0.9753,0.644113,0.696211
1786702856.539164,3.047121,111,24.81,412.59,60.99,1.0000,0.644679,0.127072,412.25,334.20,0.9753,0.644134,0.696256
1786702856.560962,3.068919,112,24.81,412.66,61.02,1.0000,0.644776,0.127134,412.23,334.14,0.9753,0.644108,0.696118
1786702856.598933,3.106890,113,24.81,412.73,61.09,1.0000,0.644890,0.127261,412.26,334.23,0.9756,0.644160,0.696314
1786702856.636220,3.144178,114,26.10,412.98,61.03,1.0000,0.645284,0.127152,412.28,334.15,0.9759,0.644195,0.696152
1786702856.663174,3.171132,115,26.10,413.03,61.03,1.0000,0.645360,0.127152,412.29,334.14,0.9762,0.644210,0.696119
1786702856.694889,3.202846,116,26.10,413.18,61.04,1.0000,0.645591,0.127158,412.29,334.33,0.9762,0.644203,0.696524
1786702856.726826,3.234784,117,26.10,413.18,61.02,1.0000,0.645588,0.127134,412.20,334.28,0.9764,0.644061,0.696412
1786702856.761227,3.269184,118,26.10,413.29,61.03,1.0000,0.645761,0.127151,412.16,334.34,0.9761,0.643996,0.696536
1786702856.814306,3.322263,119,26.10,413.36,61.05,1.0000,0.645877,0.127185,412.18,334.31,0.9761,0.644032,0.696487
1786702856.830017,3.337974,120,26.10,413.53,61.04,1.0000,0.646133,0.127157,412.14,334.32,0.9763,0.643970,0.696494
1786702856.846072,3.354030,121,26.10,413.53,61.09,1.0000,0.646133,0.127274,412.13,334.30,0.9765,0.643949,0.696468
1786702856.891320,3.399277,122,26.10,413.91,61.19,1.0000,0.646733,0.127487,412.10,334.33,0.9762,0.643902,0.696522
1786702856.923419,3.431377,123,26.10,414.17,61.27,1.0000,0.647144,0.127636,412.11,334.33,0.9766,0.643929,0.696520
1786702856.961420,3.469378,124,26.10,414.40,61.33,1.0000,0.647497,0.127769,412.07,334.29,0.9768,0.643866,0.696446
1786702856.993130,3.501088,125,26.10,414.44,61.30,1.0000,0.647564,0.127703,412.09,334.28,0.9769,0.643891,0.696418
1786702857.027647,3.535605,126,26.10,414.44,61.26,1.0000,0.647568,0.127627,412.05,334.32,0.9769,0.643826,0.696506
1786702857.061866,3.569824,127,26.10,414.44,61.26,1.0000,0.647567,0.127628,412.05,334.31,0.9768,0.643823,0.696489
1786702857.093854,3.601811,128,26.10,414.45,61.29,1.0000,0.647580,0.127692,412.00,334.63,0.9766,0.643750,0.697144
1786702857.128823,3.636781,129,26.10,414.64,61.24,1.0000,0.647872,0.127577,412.05,334.76,0.9766,0.643829,0.697408
1786702857.171492,3.679450,130,26.74,414.51,61.23,1.0000,0.647673,0.127571,412.20,334.76,0.9766,0.644058,0.697411
1786702857.201014,3.708972,131,26.74,414.42,61.23,1.0000,0.647528,0.127568,412.28,334.78,0.9765,0.644184,0.697453
1786702857.246464,3.754421,132,26.74,414.36,61.20,1.0000,0.647435,0.127503,412.25,334.51,0.9762,0.644139,0.696890
1786702857.278804,3.786762,133,26.74,414.28,61.13,1.0000,0.647312,0.127347,412.24,334.38,0.9760,0.644119,0.696623
1786702857.293750,3.801708,134,26.74,414.23,61.19,1.0000,0.647233,0.127481,412.35,334.55,0.9762,0.644295,0.696971
1786702857.339447,3.847404,135,26.74,413.75,61.22,1.0000,0.646483,0.127533,412.38,334.74,0.9760,0.644350,0.697372
1786702857.374784,3.882741,136,26.74,413.71,61.21,1.0000,0.646415,0.127522,412.32,334.55,0.9761,0.644248,0.696982
1786702857.390379,3.898336,137,26.74,413.52,60.96,1.0000,0.646132,0.126994,412.34,334.17,0.9757,0.644274,0.696193
1786702857.436250,3.944208,138,26.74,413.44,60.96,1.0000,0.646000,0.126995,412.33,334.18,0.9755,0.644267,0.696200
1786702857.462846,3.970803,139,26.74,413.21,61.10,1.0000,0.645642,0.127296,412.25,334.09,0.9758,0.644148,0.696018
1786702857.493150,4.001108,140,26.74,413.12,61.06,1.0000,0.645495,0.127200,412.27,333.81,0.9759,0.644170,0.695438
1786702857.544665,4.052623,141,26.74,413.08,60.84,1.0000,0.645438,0.126750,412.22,333.89,0.9760,0.644090,0.695612
1786702857.565724,4.073682,142,26.74,412.94,60.83,1.0000,0.645224,0.126730,412.19,333.87,0.9762,0.644049,0.695568
1786702857.600355,4.108313,143,26.74,412.90,60.89,1.0000,0.645155,0.126846,412.19,333.90,0.9760,0.644050,0.695618
1786702857.644277,4.152235,144,26.74,412.83,60.88,1.0000,0.645050,0.126842,412.14,333.95,0.9760,0.643961,0.695722
1786702857.675041,4.182999,145,26.74,412.75,60.89,1.0000,0.644917,0.126846,412.24,333.94,0.9762,0.644128,0.695715
1786702857.707497,4.215454,146,27.46,412.70,60.88,1.0000,0.644849,0.126839,412.24,333.89,0.9760,0.644131,0.695601
1786702857.729856,4.237814,147,27.46,412.71,60.88,1.0000,0.644856,0.126826,412.26,333.91,0.9761,0.644153,0.695642
1786702857.799524,4.307481,148,27.46,412.62,60.92,1.0000,0.644722,0.126921,412.25,334.16,0.9766,0.644148,0.696156
1786702857.820563,4.328520,149,27.46,412.62,60.92,1.0000,0.644718,0.126909,412.26,334.11,0.9768,0.644158,0.696063
1786702857.836632,4.344590,150,27.46,412.61,60.58,1.0000,0.644708,0.126209,412.27,333.84,0.9768,0.644165,0.695509
1786702857.864434,4.372391,151,27.46,412.61,60.58,1.0000,0.644702,0.126209,412.27,334.05,0.9765,0.644166,0.695934
1786702857.900646,4.408603,152,27.46,412.61,60.69,1.0000,0.644698,0.126435,412.21,334.07,0.9767,0.644085,0.695969
1786702857.949219,4.457177,153,27.46,412.61,60.53,1.0000,0.644710,0.126109,412.24,333.87,0.9763,0.644124,0.695564
1786702857.980380,4.488337,154,27.46,412.80,60.34,1.0000,0.644994,0.125717,412.25,333.57,0.9762,0.644148,0.694941
1786702858.012607,4.520564,155,27.46,412.74,60.55,1.0000,0.644902,0.126146,412.33,333.63,0.9764,0.644269,0.695072
1786702858.044863,4.552820,156,27.46,412.74,60.79,1.0000,0.644908,0.126644,412.24,334.03,0.9763,0.644129,0.695893
1786702858.076782,4.584739,157,27.46,412.74,60.86,1.0000,0.644908,0.126796,412.19,333.97,0.9765,0.644049,0.695771
1786702858.108120,4.616078,158,27.46,412.88,60.85,1.0000,0.645133,0.126762,412.10,333.82,0.9764,0.643903,0.695458
1786702858.140270,4.648228,159,27.46,412.75,60.88,1.0000,0.644922,0.126843,412.26,333.67,0.9765,0.644154,0.695141
1786702858.172518,4.680476,160,27.46,412.74,60.93,1.0000,0.644903,0.126928,412.23,333.76,0.9765,0.644108,0.695340
1786702858.187706,4.695664,161,27.46,412.75,60.88,1.0000,0.644928,0.126823,412.23,333.77,0.9769,0.644108,0.695345
1786702858.252399,4.760357,162,27.88,412.84,60.88,1.0000,0.645062,0.126834,412.22,334.09,0.9768,0.644101,0.696030
1786702858.267957,4.775914,163,27.88,412.76,60.91,1.0000,0.644932,0.126903,412.32,334.16,0.9769,0.644252,0.696164
1786702858.300233,4.808191,164,27.88,412.75,60.94,1.0000,0.644921,0.126948,412.33,334.14,0.9770,0.644266,0.696117
1786702858.333567,4.841524,165,27.88,412.99,60.86,1.0000,0.645299,0.126789,412.44,334.14,0.9769,0.644432,0.696124
1786702858.364822,4.872779,166,27.88,413.04,60.86,1.0000,0.645371,0.126794,412.36,334.12,0.9767,0.644319,0.696083
1786702858.396664,4.904622,167,27.88,412.97,61.04,1.0000,0.645259,0.127164,412.40,334.54,0.9767,0.644371,0.696950
1786702858.441527,4.949484,168,27.88,412.97,61.16,1.0000,0.645259,0.127427,412.35,334.47,0.9764,0.644300,0.696803
1786702858.457395,4.965352,169,27.88,412.96,61.13,1.0000,0.645257,0.127356,412.42,334.30,0.9767,0.644405,0.696455
1786702858.502958,5.010916,170,27.88,413.02,61.16,1.0000,0.645340,0.127415,412.30,334.30,0.9766,0.644224,0.696465
1786702858.554365,5.062323,171,27.88,412.75,61.22,1.0000,0.644915,0.127551,412.27,334.35,0.9766,0.644165,0.696563
1786702858.556526,5.064484,172,27.88,412.74,61.27,1.0000,0.644907,0.127640,412.28,334.36,0.9765,0.644180,0.696576
1786702858.602181,5.110138,173,27.88,412.85,61.19,1.0000,0.645071,0.127490,412.26,334.29,0.9764,0.644150,0.696436
1786702858.649463,5.157420,174,27.88,412.87,61.17,1.0000,0.645114,0.127441,412.26,334.21,0.9764,0.644149,0.696273
1786702858.681353,5.189310,175,27.88,412.88,61.14,1.0000,0.645126,0.127376,412.21,334.22,0.9760,0.644082,0.696302
1786702858.696917,5.204874,176,27.88,412.88,61.16,1.0000,0.645126,0.127414,412.14,334.26,0.9761,0.643973,0.696369
1786702858.712721,5.220678,177,27.88,412.89,61.17,1.0000,0.645138,0.127432,412.12,334.26,0.9762,0.643930,0.696367
1786702858.777883,5.285840,178,28.26,412.91,61.13,1.0000,0.645176,0.127353,412.09,334.26,0.9760,0.643883,0.696384
1786702858.792787,5.300745,179,28.26,412.94,61.10,1.0000,0.645215,0.127284,412.08,334.25,0.9759,0.643876,0.696356
1786702858.835424,5.343382,180,28.26,413.04,61.09,1.0000,0.645375,0.127278,412.04,334.29,0.9760,0.643817,0.696435
1786702858.861846,5.369804,181,28.26,413.01,61.11,1.0000,0.645326,0.127306,412.04,334.32,0.9759,0.643812,0.696490
1786702858.905424,5.413381,182,28.26,413.11,61.14,1.0000,0.645483,0.127375,412.03,334.11,0.9759,0.643796,0.696052
1786702858.936842,5.444800,183,28.26,413.16,60.70,1.0000,0.645569,0.126466,412.06,333.73,0.9761,0.643838,0.695280
1786702858.968833,5.476791,184,28.26,413.18,60.68,1.0000,0.645594,0.126412,412.07,333.74,0.9759,0.643858,0.695296
1786702859.009084,5.517041,185,28.26,413.18,60.74,1.0000,0.645597,0.126533,412.06,333.99,0.9762,0.643850,0.695823
1786702859.016619,5.524576,186,28.26,413.19,60.81,1.0000,0.645615,0.126679,412.07,333.95,0.9766,0.643862,0.695737
1786702859.123339,5.631297,187,28.26,413.54,60.79,1.0000,0.646158,0.126643,411.99,333.75,0.9766,0.643742,0.695318
1786702859.126040,5.633998,189,28.26,413.54,60.82,1.0000,0.646161,0.126704,412.00,334.05,0.9764,0.643755,0.695946
1786702859.178509,5.686466,190,28.26,413.55,61.01,1.0000,0.646164,0.127110,412.01,334.21,0.9766,0.643759,0.696270
1786702859.210317,5.718275,191,28.26,413.51,60.74,1.0000,0.646112,0.126532,412.01,334.30,0.9768,0.643758,0.696450
1786702859.258508,5.766465,192,28.26,413.55,60.73,1.0000,0.646165,0.126531,412.02,334.28,0.9769,0.643787,0.696413
1786702859.274166,5.782124,193,28.26,413.17,60.84,1.0000,0.645573,0.126746,412.03,334.33,0.9766,0.643791,0.696529
1786702859.290441,5.798398,194,28.44,413.14,60.93,1.0000,0.645527,0.126930,412.01,334.31,0.9766,0.643762,0.696469
1786702859.338941,5.846899,195,28.44,413.14,60.93,1.0000,0.645531,0.126938,411.97,334.17,0.9769,0.643701,0.696186
1786702859.386297,5.894254,196,28.44,413.14,60.93,1.0000,0.645537,0.126938,412.15,334.10,0.9769,0.643990,0.696043
1786702859.402131,5.910089,197,28.44,413.01,61.02,1.0000,0.645331,0.127133,412.33,334.11,0.9766,0.644258,0.696063
1786702859.465500,5.973457,198,28.44,412.82,61.02,1.0000,0.645033,0.127120,412.19,334.17,0.9766,0.644045,0.696178
1786702859.481362,5.989320,199,28.44,413.02,61.04,1.0000,0.645337,0.127157,412.07,333.86,0.9768,0.643852,0.695549
1786702859.526578,6.034535,200,28.44,413.02,61.04,1.0000,0.645346,0.127160,412.16,333.86,0.9770,0.643992,0.695542
1786702859.546107,6.054064,201,28.44,412.51,61.07,1.0000,0.644544,0.127221,412.17,333.80,0.9768,0.644013,0.695422
1786702859.579780,6.087738,202,28.44,412.52,61.10,1.0000,0.644558,0.127296,412.16,333.80,0.9768,0.643998,0.695409
1786702859.614988,6.122946,203,28.44,412.52,61.00,1.0000,0.644565,0.127090,412.18,333.79,0.9768,0.644025,0.695395
1786702859.637760,6.145718,204,28.44,412.54,61.01,1.0000,0.644594,0.127094,412.16,333.73,0.9767,0.643999,0.695274
1786702859.679151,6.187109,205,28.44,412.53,61.22,1.0000,0.644571,0.127540,412.22,333.82,0.9768,0.644093,0.695452
1786702859.711044,6.219002,206,28.44,412.71,61.29,1.0000,0.644863,0.127687,412.27,333.75,0.9768,0.644170,0.695320
1786702859.758263,6.266221,207,28.44,412.71,61.09,1.0000,0.644855,0.127271,412.19,333.72,0.9769,0.644049,0.695253
1786702859.773582,6.281539,208,28.44,412.69,61.13,1.0000,0.644830,0.127363,412.23,333.72,0.9769,0.644103,0.695259
1786702859.805397,6.313354,209,28.73,412.55,61.15,1.0000,0.644607,0.127400,412.24,333.78,0.9771,0.644132,0.695379
1786702859.854896,6.362854,210,28.73,412.52,61.11,1.0000,0.644559,0.127317,412.19,333.75,0.9771,0.644049,0.695317
1786702859.879272,6.387229,211,28.73,412.52,61.10,1.0000,0.644560,0.127285,412.33,333.80,0.9772,0.644271,0.695411
1786702859.916677,6.424634,212,28.73,412.36,61.17,1.0000,0.644314,0.127446,412.35,333.66,0.9771,0.644299,0.695135
1786702859.948633,6.456590,213,28.73,412.35,61.25,1.0000,0.644298,0.127607,412.34,333.78,0.9772,0.644286,0.695369
1786702859.971811,6.479769,214,28.73,412.36,61.30,1.0000,0.644312,0.127704,412.30,333.56,0.9773,0.644215,0.694925
1786702860.004146,6.512103,215,28.73,412.40,61.30,1.0000,0.644372,0.127703,412.29,333.65,0.9768,0.644206,0.695108
1786702860.033035,6.540992,216,28.73,412.40,61.24,1.0000,0.644371,0.127585,412.29,333.73,0.9771,0.644209,0.695266
1786702860.078616,6.586573,217,28.73,412.24,61.26,1.0000,0.644121,0.127630,412.30,333.81,0.9769,0.644215,0.695439
1786702860.093801,6.601759,218,28.73,412.24,61.40,1.0000,0.644118,0.127926,412.24,333.85,0.9767,0.644120,0.695515
1786702860.131875,6.639832,219,28.73,412.21,61.41,1.0000,0.644079,0.127943,412.19,333.79,0.9763,0.644050,0.695405
1786702860.165918,6.673875,220,28.73,412.21,61.51,1.0000,0.644075,0.128146,412.19,333.86,0.9762,0.644044,0.695549
1786702860.206270,6.714227,221,28.73,412.21,61.42,1.0000,0.644078,0.127949,412.21,333.84,0.9764,0.644078,0.695507
1786702860.222274,6.730232,222,28.73,412.17,61.62,1.0000,0.644015,0.128375,412.21,333.90,0.9762,0.644077,0.695625
1786702860.267101,6.775058,223,28.73,412.10,61.65,1.0000,0.643910,0.128446,412.23,334.07,0.9764,0.644111,0.695980
1786702860.301559,6.809516,224,28.91,411.70,61.72,1.0000,0.643276,0.128590,412.21,334.07,0.9766,0.644081,0.695972
1786702860.359293,6.867251,225,28.91,411.75,61.68,1.0000,0.643363,0.128497,412.20,333.79,0.9761,0.644069,0.695390
1786702860.371683,6.879641,226,28.91,411.74,61.67,1.0000,0.643348,0.128478,412.21,333.77,0.9759,0.644076,0.695349
1786702860.415578,6.923535,227,28.91,411.34,61.76,1.0000,0.642714,0.128662,412.22,334.04,0.9758,0.644096,0.695915
1786702860.449893,6.957851,228,28.91,411.26,61.81,1.0000,0.642596,0.128762,412.21,333.96,0.9760,0.644086,0.695749
1786702860.473895,6.981852,229,28.91,411.27,61.80,1.0000,0.642609,0.128758,412.19,333.88,0.9760,0.644051,0.695585
1786702860.493573,7.001531,230,28.91,411.27,61.60,1.0000,0.642612,0.128330,412.25,333.97,0.9760,0.644141,0.695769
1786702860.542359,7.050317,231,28.91,411.14,61.57,1.0000,0.642413,0.128269,412.28,334.22,0.9759,0.644186,0.696291
1786702860.555492,7.063449,232,28.91,411.15,61.60,1.0000,0.642427,0.128339,412.21,334.22,0.9756,0.644085,0.696297
1786702860.595973,7.103930,233,28.91,411.17,61.58,1.0000,0.642446,0.128301,412.22,334.14,0.9756,0.644099,0.696128
1786702860.632132,7.140090,234,28.91,410.98,61.57,1.0000,0.642148,0.128273,412.29,334.15,0.9757,0.644206,0.696138
1786702860.668732,7.176689,235,28.91,410.98,61.55,1.0000,0.642150,0.128228,412.38,334.13,0.9761,0.644348,0.696103
1786702860.698182,7.206139,236,28.91,410.95,61.55,1.0000,0.642112,0.128229,412.40,334.18,0.9763,0.644368,0.696216
1786702860.740554,7.248511,237,28.91,410.96,61.49,1.0000,0.642120,0.128097,412.38,334.16,0.9761,0.644336,0.696169
1786702860.770151,7.278108,238,28.91,410.96,61.46,1.0000,0.642118,0.128037,412.41,334.19,0.9760,0.644397,0.696225
1786702860.801170,7.309128,239,28.91,410.94,61.43,1.0000,0.642093,0.127979,412.42,334.12,0.9762,0.644409,0.696073
1786702860.830426,7.338384,240,29.17,410.99,61.42,1.0000,0.642168,0.127952,412.25,333.84,0.9761,0.644136,0.695499
1786702860.859427,7.367384,241,29.17,410.99,61.44,1.0000,0.642169,0.127991,412.25,333.78,0.9764,0.644136,0.695384
1786702860.904940,7.412897,242,29.17,411.02,61.46,1.0000,0.642220,0.128042,412.29,333.95,0.9762,0.644210,0.695733
1786702860.933391,7.441349,243,29.17,411.01,61.37,1.0000,0.642198,0.127863,412.26,333.92,0.9764,0.644150,0.695662
1786702860.949122,7.457080,244,29.17,411.00,61.16,1.0000,0.642192,0.127418,412.22,333.93,0.9769,0.644094,0.695677
1786702860.994866,7.502823,245,29.17,410.95,61.16,1.0000,0.642111,0.127419,412.37,333.98,0.9770,0.644328,0.695790
1786702861.032039,7.539996,246,29.17,410.96,61.36,1.0000,0.642123,0.127837,412.38,334.25,0.9768,0.644337,0.696352
1786702861.045447,7.553405,247,29.17,410.99,61.39,1.0000,0.642171,0.127887,412.33,334.15,0.9770,0.644266,0.696147
1786702861.098731,7.606688,248,29.17,411.03,61.29,1.0000,0.642227,0.127678,412.33,334.15,0.9773,0.644271,0.696141
1786702861.140199,7.648156,249,29.17,410.97,61.29,1.0000,0.642140,0.127685,412.39,334.16,0.9773,0.644362,0.696162
1786702861.176994,7.684952,250,29.17,410.84,61.41,1.0000,0.641945,0.127941,412.43,334.36,0.9776,0.644421,0.696582
1786702861.204180,7.712138,251,29.17,410.87,61.44,1.0000,0.641991,0.127992,412.37,334.23,0.9778,0.644324,0.696313
1786702861.219846,7.727804,252,29.17,410.86,61.42,1.0000,0.641971,0.127958,412.39,334.16,0.9780,0.644356,0.696171
1786702861.264643,7.772600,253,29.17,410.89,61.44,1.0000,0.642018,0.127997,412.41,334.18,0.9778,0.644385,0.696207
1786702861.310257,7.818214,254,29.17,410.87,61.65,1.0000,0.641977,0.128434,412.26,334.25,0.9774,0.644154,0.696356
1786702861.334225,7.842182,255,29.27,410.87,61.61,1.0000,0.641978,0.128346,412.26,334.17,0.9775,0.644154,0.696196
1786702861.379351,7.887308,256,29.27,410.90,61.50,1.0000,0.642031,0.128118,412.24,334.17,0.9776,0.644124,0.696195
1786702861.397206,7.905164,257,29.27,410.94,61.48,1.0000,0.642100,0.128087,412.24,334.19,0.9777,0.644130,0.696239
1786702861.435369,7.943326,258,29.27,410.91,61.52,1.0000,0.642047,0.128158,412.26,334.34,0.9778,0.644163,0.696537
1786702861.475608,7.983565,259,29.27,410.97,61.53,1.0000,0.642140,0.128179,412.27,334.33,0.9781,0.644176,0.696531
1786702861.494250,8.002207,260,29.27,410.96,61.58,1.0000,0.642124,0.128283,412.19,334.17,0.9779,0.644047,0.696194
1786702861.549584,8.057541,261,29.27,410.71,61.56,1.0000,0.641728,0.128246,412.18,334.14,0.9774,0.644033,0.696131
1786702861.567897,8.075855,262,29.27,410.72,61.55,1.0000,0.641753,0.128221,412.20,334.15,0.9776,0.644064,0.696142
1786702861.594135,8.102093,263,29.27,410.73,61.54,1.0000,0.641760,0.128214,412.20,334.30,0.9775,0.644068,0.696463
1786702861.642874,8.150832,264,29.27,410.75,61.54,1.0000,0.641801,0.128208,412.20,334.32,0.9776,0.644060,0.696501
1786702861.668250,8.176208,265,29.27,410.76,61.54,1.0000,0.641807,0.128214,412.19,334.22,0.9778,0.644041,0.696290
1786702861.699972,8.207929,266,29.27,410.72,61.44,1.0000,0.641754,0.127991,412.18,334.28,0.9777,0.644025,0.696415
1786702861.732103,8.240061,267,29.27,410.69,61.47,1.0000,0.641702,0.128052,412.19,334.29,0.9777,0.644047,0.696439
1786702861.774749,8.282706,268,29.27,410.95,61.54,1.0000,0.642105,0.128216,412.19,334.29,0.9778,0.644051,0.696444
1786702861.806910,8.314867,269,29.27,410.63,61.49,1.0000,0.641614,0.128104,412.21,333.91,0.9779,0.644082,0.695643
1786702861.823175,8.331132,270,29.27,410.64,61.47,1.0000,0.641631,0.128053,412.24,333.83,0.9780,0.644120,0.695481
1786702861.863356,8.371313,271,29.55,410.64,61.47,1.0000,0.641629,0.128053,412.24,334.02,0.9777,0.644121,0.695882
1786702861.902340,8.410298,272,29.55,410.65,61.37,1.0000,0.641639,0.127858,412.12,334.22,0.9774,0.643940,0.696298
1786702861.921441,8.429399,273,29.55,410.65,61.46,1.0000,0.641641,0.128048,412.14,334.21,0.9773,0.643965,0.696279
1786702861.971441,8.479398,274,29.55,410.68,61.51,1.0000,0.641688,0.128136,412.16,334.17,0.9776,0.643998,0.696184
1786702862.014147,8.522105,275,29.55,410.76,61.55,1.0000,0.641818,0.128231,412.17,334.17,0.9776,0.644014,0.696190
1786702862.029835,8.537792,276,29.55,410.94,61.56,1.0000,0.642088,0.128255,412.21,334.14,0.9777,0.644071,0.696132
1786702862.072202,8.580159,277,29.55,411.24,61.58,1.0000,0.642562,0.128301,412.21,334.11,0.9777,0.644076,0.696066
1786702862.098854,8.606812,278,29.55,411.19,61.61,1.0000,0.642489,0.128354,412.20,334.12,0.9774,0.644068,0.696076
1786702862.136149,8.644106,279,29.55,411.13,61.54,1.0000,0.642398,0.128203,412.16,334.11,0.9773,0.644000,0.696057
1786702862.182275,8.690232,280,29.55,410.92,61.55,1.0000,0.642063,0.128231,412.20,334.12,0.9775,0.644061,0.696077
1786702862.195495,8.703452,281,29.55,410.88,61.59,1.0000,0.642001,0.128321,412.22,334.17,0.9778,0.644096,0.696181
1786702862.235615,8.743572,282,29.55,410.85,61.62,1.0000,0.641959,0.128370,412.35,334.15,0.9781,0.644303,0.696146
1786702862.270668,8.778625,283,29.55,410.87,61.58,1.0000,0.641990,0.128295,412.40,334.09,0.9782,0.644374,0.696028
1786702862.307760,8.815718,284,29.55,410.84,61.56,1.0000,0.641936,0.128246,412.43,334.30,0.9780,0.644417,0.696461
1786702862.344368,8.852326,285,29.55,410.69,61.79,1.0000,0.641695,0.128720,412.38,334.31,0.9779,0.644349,0.696488
1786702862.365805,8.873763,286,29.55,410.69,61.81,1.0000,0.641699,0.128768,412.38,334.25,0.9778,0.644341,0.696362
1786702862.414553,8.922510,287,29.38,410.74,61.62,1.0000,0.641778,0.128372,412.41,333.81,0.9781,0.644396,0.695439
1786702862.435636,8.943593,288,29.38,410.76,61.59,1.0000,0.641806,0.128311,412.41,333.85,0.9779,0.644387,0.695517
1786702862.472600,8.980558,289,29.38,410.56,61.68,1.0000,0.641494,0.128502,412.37,334.05,0.9777,0.644326,0.695939
1786702862.477597,8.985555,290,29.38,410.59,61.74,1.0000,0.641542,0.128622,412.30,334.05,0.9780,0.644221,0.695931
1786702862.539743,9.047700,291,29.38,410.76,61.85,1.0000,0.641817,0.128851,412.33,333.85,0.9783,0.644272,0.695512
1786702862.558783,9.066741,292,29.38,410.74,61.80,1.0000,0.641788,0.128760,412.33,333.84,0.9779,0.644264,0.695490
1786702862.617946,9.125903,293,29.38,410.74,61.86,1.0000,0.641781,0.128870,412.32,334.17,0.9781,0.644250,0.696181
1786702862.632648,9.140605,294,29.38,410.74,61.83,1.0000,0.641785,0.128815,412.32,334.12,0.9782,0.644245,0.696073
1786702862.668386,9.176343,295,29.38,410.77,61.84,1.0000,0.641832,0.128835,412.34,334.06,0.9785,0.644287,0.695966
1786702862.684411,9.192369,296,29.38,410.77,61.72,1.0000,0.641829,0.128584,412.35,334.01,0.9785,0.644292,0.695852
1786702862.726892,9.234850,297,29.38,410.81,61.72,1.0000,0.641898,0.128592,412.34,334.04,0.9788,0.644285,0.695923
1786702862.755918,9.263875,298,29.38,410.88,61.79,1.0000,0.642002,0.128730,412.16,334.21,0.9784,0.644006,0.696262
1786702862.799039,9.306997,299,29.38,410.86,61.80,1.0000,0.641965,0.128747,412.20,334.20,0.9784,0.644065,0.696246
1786702862.830197,9.338155,300,29.38,411.06,61.72,1.0000,0.642285,0.128577,412.20,334.10,0.9781,0.644061,0.696038
1786702862.869450,9.377408,301,29.38,411.24,61.72,1.0000,0.642568,0.128579,412.22,334.03,0.9778,0.644097,0.695901
1786702862.914938,9.422896,302,29.48,411.27,61.74,1.0000,0.642613,0.128626,412.22,333.98,0.9779,0.644090,0.695781
1786702862.930468,9.438426,303,29.48,411.32,61.74,1.0000,0.642681,0.128630,412.22,333.97,0.9779,0.644095,0.695762
1786702862.965762,9.473719,304,29.48,411.46,61.70,1.0000,0.642913,0.128532,412.20,333.97,0.9782,0.644066,0.695777
1786702862.994988,9.502946,305,29.48,411.35,61.58,1.0000,0.642735,0.128285,412.20,333.96,0.9780,0.644070,0.695746
1786702863.031302,9.539259,306,29.48,411.33,61.61,1.0000,0.642699,0.128351,412.24,334.10,0.9780,0.644121,0.696036
1786702863.062917,9.570874,307,29.48,411.33,61.54,1.0000,0.642696,0.128198,412.22,334.08,0.9781,0.644094,0.695992
1786702863.094796,9.602753,308,29.48,411.36,61.44,1.0000,0.642755,0.128000,412.25,334.06,0.9782,0.644139,0.695953
1786702863.132313,9.640270,309,29.48,411.43,61.34,1.0000,0.642860,0.127789,412.26,333.96,0.9782,0.644155,0.695743
1786702863.163846,9.671803,310,29.48,411.45,61.34,1.0000,0.642892,0.127788,412.28,334.07,0.9781,0.644184,0.695985
1786702863.206683,9.714640,311,29.48,411.47,61.29,1.0000,0.642920,0.127680,412.22,333.94,0.9779,0.644087,0.695702
1786702863.238027,9.745985,312,29.48,411.47,61.27,1.0000,0.642922,0.127643,412.22,333.94,0.9779,0.644089,0.695703
1786702863.258782,9.766740,313,29.48,411.48,61.25,1.0000,0.642945,0.127610,412.21,333.91,0.9781,0.644081,0.695638
1786702863.301413,9.809370,314,29.48,411.56,61.23,1.0000,0.643058,0.127560,412.06,333.77,0.9776,0.643842,0.695349
1786702863.326927,9.834885,315,29.48,411.61,61.28,1.0000,0.643138,0.127673,412.04,333.81,0.9779,0.643805,0.695441
1786702863.367232,9.875190,316,29.48,411.78,61.28,1.0000,0.643409,0.127666,412.15,333.85,0.9779,0.643983,0.695526
1786702863.406374,9.914331,317,29.48,411.93,61.26,1.0000,0.643637,0.127625,412.24,333.70,0.9777,0.644121,0.695213
1786702863.441092,9.949049,318,29.68,411.89,61.19,1.0000,0.643579,0.127484,412.19,333.59,0.9771,0.644052,0.694989
1786702863.469888,9.977846,319,29.68,411.93,61.19,1.0000,0.643641,0.127476,412.19,333.62,0.9771,0.644044,0.695048
1786702863.507499,10.015456,320,29.68,411.94,61.21,1.0000,0.643656,0.127528,412.18,333.51,0.9771,0.644036,0.694803
1786702863.535170,10.043128,321,29.68,411.94,61.17,1.0000,0.643660,0.127441,412.07,333.59,0.9770,0.643867,0.694981
1786702863.569560,10.077517,322,29.68,411.96,61.06,1.0000,0.643688,0.127214,411.99,333.83,0.9772,0.643732,0.695471
1786702863.612201,10.120159,323,29.68,412.01,61.06,1.0000,0.643767,0.127210,411.97,333.82,0.9771,0.643700,0.695464
1786702863.621332,10.129289,324,29.68,412.18,61.06,1.0000,0.644031,0.127208,411.93,333.95,0.9771,0.643648,0.695735
1786702863.670628,10.178585,325,29.68,412.46,60.99,1.0000,0.644469,0.127066,411.97,333.97,0.9771,0.643705,0.695778
1786702863.699511,10.207468,326,29.68,412.47,60.90,1.0000,0.644484,0.126884,412.06,334.01,0.9772,0.643842,0.695846
1786702863.734396,10.242353,327,29.68,412.44,60.89,1.0000,0.644436,0.126862,412.06,334.03,0.9774,0.643839,0.695892
1786702863.761042,10.269000,328,29.68,412.44,60.88,1.0000,0.644439,0.126829,412.03,333.94,0.9775,0.643798,0.695698
1786702863.795404,10.303361,329,29.68,412.44,60.83,1.0000,0.644442,0.126730,412.00,333.95,0.9776,0.643750,0.695725
1786702863.838357,10.346315,330,29.68,412.46,60.83,1.0000,0.644469,0.126722,412.00,333.92,0.9778,0.643746,0.695657
1786702863.862454,10.370411,331,29.68,412.49,60.83,1.0000,0.644516,0.126723,411.99,333.92,0.9778,0.643737,0.695665
1786702863.896597,10.404554,332,29.68,412.49,60.80,1.0000,0.644517,0.126665,412.00,333.85,0.9776,0.643748,0.695523
1786702863.939721,10.447679,333,29.68,412.55,60.80,1.0000,0.644608,0.126658,412.06,333.85,0.9777,0.643840,0.695522
1786702863.952916,10.460873,334,29.98,412.55,60.79,1.0000,0.644609,0.126640,412.06,333.83,0.9776,0.643849,0.695485
1786702863.990201,10.498159,335,29.98,412.55,60.73,1.0000,0.644604,0.126529,412.05,333.78,0.9775,0.643823,0.695369
1786702864.037431,10.545389,336,29.98,412.54,60.54,1.0000,0.644594,0.126116,412.07,333.76,0.9774,0.643866,0.695329
1786702864.066620,10.574578,337,29.98,412.54,60.44,1.0000,0.644599,0.125913,412.07,333.76,0.9771,0.643859,0.695327
1786702864.106544,10.614501,338,29.98,412.62,60.44,1.0000,0.644723,0.125923,412.18,333.91,0.9772,0.644029,0.695652
1786702864.130052,10.638009,339,29.98,412.65,60.46,1.0000,0.644769,0.125951,412.16,333.85,0.9770,0.643996,0.695521
1786702864.197892,10.705850,340,29.98,412.86,60.58,1.0000,0.645089,0.126215,412.24,333.80,0.9768,0.644122,0.695423
1786702864.215296,10.723253,341,29.98,412.99,60.65,1.0000,0.645297,0.126354,412.22,333.75,0.9768,0.644097,0.695316
1786702864.229357,10.737314,342,29.98,413.02,60.65,1.0000,0.645338,0.126362,412.21,333.73,0.9769,0.644081,0.695275
1786702864.266955,10.774912,343,29.98,413.06,60.68,1.0000,0.645405,0.126419,412.24,333.74,0.9772,0.644132,0.695282
1786702864.300991,10.808948,344,29.98,413.21,60.69,1.0000,0.645634,0.126445,412.22,333.72,0.9772,0.644093,0.695251
1786702864.330187,10.838145,345,29.98,413.26,60.70,1.0000,0.645713,0.126458,412.19,333.87,0.9769,0.644046,0.695559
1786702864.364142,10.872100,346,29.98,413.29,60.70,1.0000,0.645760,0.126467,412.21,333.84,0.9770,0.644078,0.695494
1786702864.404539,10.912496,347,29.98,413.38,60.76,1.0000,0.645901,0.126590,412.22,333.97,0.9770,0.644100,0.695774
1786702864.433670,10.941628,348,29.98,413.38,60.86,1.0000,0.645905,0.126783,412.20,333.97,0.9769,0.644058,0.695774
1786702864.465009,10.972967,349,29.85,413.58,60.88,1.0000,0.646214,0.126840,412.14,333.98,0.9770,0.643976,0.695783
1786702864.506995,11.014952,350,29.85,413.58,60.90,1.0000,0.646219,0.126884,412.14,334.39,0.9769,0.643967,0.696653
1786702864.532283,11.040241,351,29.85,413.58,60.93,1.0000,0.646217,0.126936,412.13,334.39,0.9766,0.643955,0.696654
1786702864.559345,11.067303,352,29.85,413.59,60.93,1.0000,0.646235,0.126933,412.13,334.44,0.9764,0.643954,0.696741
1786702864.604782,11.112740,353,29.85,413.59,60.98,1.0000,0.646230,0.127035,412.11,334.27,0.9765,0.643926,0.696392
1786702864.620884,11.128841,354,29.85,413.80,61.00,1.0000,0.646567,0.127077,412.19,334.35,0.9765,0.644048,0.696560
1786702864.660249,11.168206,355,29.85,413.86,61.01,1.0000,0.646662,0.127097,412.22,334.35,0.9766,0.644097,0.696553
1786702864.692425,11.200382,356,29.85,414.14,61.05,1.0000,0.647087,0.127184,412.19,334.35,0.9765,0.644054,0.696555
1786702864.721687,11.229644,357,29.85,414.22,61.08,1.0000,0.647219,0.127241,412.17,334.44,0.9763,0.644022,0.696740
1786702864.764489,11.272447,358,29.85,414.37,61.16,1.0000,0.647459,0.127424,412.25,334.26,0.9763,0.644139,0.696378
1786702864.798752,11.306710,359,29.85,414.41,61.19,1.0000,0.647516,0.127486,412.16,334.13,0.9763,0.644002,0.696106
1786702864.839411,11.347368,360,29.85,414.44,61.18,1.0000,0.647560,0.127461,412.03,334.12,0.9762,0.643802,0.696083
1786702864.859532,11.367490,361,29.85,414.49,61.19,1.0000,0.647643,0.127481,412.07,334.12,0.9764,0.643865,0.696085
1786702864.896984,11.404942,362,29.85,414.50,61.15,1.0000,0.647654,0.127405,412.06,334.05,0.9767,0.643846,0.695929
1786702864.952481,11.460439,363,29.85,414.52,61.18,1.0000,0.647681,0.127454,411.99,334.09,0.9768,0.643729,0.696024
1786702864.958116,11.466074,364,29.88,414.56,61.18,1.0000,0.647756,0.127454,412.02,334.10,0.9765,0.643788,0.696046
1786702864.987577,11.495535,365,29.88,414.63,61.17,1.0000,0.647858,0.127443,412.04,334.22,0.9767,0.643818,0.696290
1786702865.024739,11.532696,366,29.88,414.70,61.17,1.0000,0.647971,0.127441,412.03,334.20,0.9766,0.643794,0.696246
1786702865.059388,11.567346,367,29.88,414.83,61.19,1.0000,0.648167,0.127486,412.07,334.20,0.9767,0.643857,0.696244
1786702865.101811,11.609768,368,29.88,415.00,61.21,1.0000,0.648431,0.127529,412.05,334.23,0.9765,0.643833,0.696302
1786702865.115297,11.623254,369,29.88,415.11,61.21,1.0000,0.648610,0.127517,412.06,334.26,0.9766,0.643841,0.696384
1786702865.171180,11.679137,370,29.88,415.29,61.15,1.0000,0.648885,0.127396,412.03,334.03,0.9763,0.643799,0.695889
1786702865.198209,11.706167,371,29.88,415.44,61.14,1.0000,0.649120,0.127372,412.05,333.98,0.9764,0.643829,0.695791
1786702865.232627,11.740585,372,29.88,415.62,61.12,1.0000,0.649402,0.127340,412.06,334.14,0.9767,0.643847,0.696131
1786702865.262105,11.770063,373,29.88,415.84,61.12,1.0000,0.649742,0.127328,412.14,334.09,0.9766,0.643962,0.696030
1786702865.293998,11.801955,374,29.88,415.85,61.12,1.0000,0.649763,0.127328,412.11,334.09,0.9769,0.643928,0.696019
1786702865.331279,11.839236,375,29.88,415.85,61.10,1.0000,0.649767,0.127283,412.16,334.09,0.9771,0.644000,0.696024
1786702865.360964,11.868921,376,29.88,415.90,61.10,1.0000,0.649845,0.127302,412.14,333.78,0.9774,0.643971,0.695370
1786702865.399951,11.907909,377,29.88,415.90,61.10,1.0000,0.649848,0.127300,412.11,333.80,0.9775,0.643924,0.695426
1786702865.438220,11.946178,378,29.88,415.90,61.10,1.0000,0.649851,0.127285,412.12,333.80,0.9774,0.643938,0.695417
1786702865.487536,11.995494,379,29.65,416.00,61.11,1.0000,0.649997,0.127323,412.07,333.83,0.9772,0.643859,0.695473
1786702865.502575,12.010533,380,29.65,416.12,61.12,1.0000,0.650193,0.127329,412.08,333.81,0.9771,0.643874,0.695437
1786702865.536039,12.043997,381,29.65,416.16,61.10,1.0000,0.650249,0.127300,412.03,333.80,0.9773,0.643793,0.695415
1786702865.564155,12.072112,382,29.65,416.23,61.07,1.0000,0.650366,0.127222,412.05,333.78,0.9770,0.643821,0.695377
1786702865.599019,12.106976,383,29.65,416.29,61.00,1.0000,0.650460,0.127079,412.04,333.84,0.9772,0.643815,0.695499
1786702865.633387,12.141345,384,29.65,416.34,60.95,1.0000,0.650526,0.126976,412.03,333.86,0.9774,0.643801,0.695544
1786702865.667316,12.175274,385,29.65,416.34,60.95,1.0000,0.650532,0.126974,412.06,333.83,0.9771,0.643840,0.695477
1786702865.685770,12.193727,386,29.65,416.40,60.95,1.0000,0.650620,0.126972,412.05,333.77,0.9772,0.643836,0.695364
1786702865.719465,12.227422,387,29.65,416.40,60.91,1.0000,0.650625,0.126906,412.07,333.94,0.9775,0.643853,0.695707
1786702865.769793,12.277751,388,29.65,416.50,60.89,1.0000,0.650787,0.126859,412.07,333.85,0.9776,0.643853,0.695513
1786702865.798738,12.306695,389,29.65,416.50,60.89,1.0000,0.650787,0.126860,412.05,333.93,0.9779,0.643835,0.695685
1786702865.838497,12.346454,390,29.65,416.51,60.90,1.0000,0.650792,0.126872,412.11,333.92,0.9781,0.643918,0.695667
1786702865.865352,12.373309,391,29.65,416.50,61.03,1.0000,0.650788,0.127154,412.07,333.93,0.9783,0.643852,0.695688
1786702865.905632,12.413589,392,29.65,416.46,61.05,1.0000,0.650716,0.127183,411.95,333.91,0.9783,0.643672,0.695654
1786702865.931783,12.439741,393,29.65,416.43,61.02,1.0000,0.650678,0.127130,411.95,333.94,0.9784,0.643679,0.695713
1786702865.963727,12.471685,394,29.65,416.42,61.02,1.0000,0.650658,0.127128,411.89,333.85,0.9784,0.643577,0.695528
1786702865.992878,12.500835,395,30.08,416.22,61.01,1.0000,0.650337,0.127107,411.86,333.86,0.9780,0.643528,0.695541
1786702866.026915,12.534872,396,30.08,415.91,61.01,1.0000,0.649855,0.127105,411.92,334.02,0.9780,0.643622,0.695877
1786702866.071255,12.579212,397,30.08,415.79,60.99,1.0000,0.649671,0.127063,411.96,333.61,0.9774,0.643687,0.695024
1786702866.097416,12.605373,398,30.08,415.76,60.99,1.0000,0.649631,0.127069,411.94,333.67,0.9771,0.643663,0.695149
1786702866.134559,12.642517,399,30.08,415.74,60.99,1.0000,0.649598,0.127064,411.97,333.69,0.9767,0.643706,0.695192
1786702866.164009,12.671967,400,30.08,415.74,61.00,1.0000,0.649589,0.127075,411.97,333.63,0.9763,0.643705,0.695055
1786702866.193106,12.701063,401,30.08,415.72,61.02,1.0000,0.649556,0.127116,412.01,333.79,0.9762,0.643765,0.695386
1786702866.241744,12.749701,402,30.08,415.53,61.02,1.0000,0.649265,0.127130,412.05,333.76,0.9762,0.643832,0.695338
1786702866.290000,12.797957,403,30.08,415.42,61.02,1.0000,0.649089,0.127130,412.10,333.75,0.9760,0.643899,0.695320
1786702866.314340,12.822297,404,30.08,415.42,61.03,1.0000,0.649088,0.127136,412.11,334.11,0.9760,0.643914,0.696057
1786702866.333891,12.841849,405,30.08,415.36,61.02,1.0000,0.649004,0.127126,412.15,334.12,0.9759,0.643983,0.696092
1786702866.364150,12.872108,406,30.08,415.37,61.02,1.0000,0.649016,0.127125,412.18,334.20,0.9763,0.644027,0.696253
1786702866.400794,12.908751,407,30.08,415.37,60.97,1.0000,0.649015,0.127029,412.18,334.18,0.9760,0.644035,0.696200
1786702866.435565,12.943522,408,30.08,415.37,61.00,1.0000,0.649015,0.127077,412.18,334.21,0.9761,0.644029,0.696268
1786702866.450419,12.958376,409,30.08,415.34,60.86,1.0000,0.648965,0.126796,412.23,334.18,0.9761,0.644114,0.696215
1786702866.496305,13.004262,410,30.08,415.31,60.87,1.0000,0.648923,0.126805,412.31,334.33,0.9762,0.644235,0.696511
1786702866.535792,13.043749,411,29.94,415.24,60.86,1.0000,0.648807,0.126788,412.28,334.28,0.9765,0.644194,0.696410
1786702866.565335,13.073292,412,29.94,415.15,60.85,1.0000,0.648671,0.126775,412.33,334.28,0.9764,0.644264,0.696412
1786702866.599698,13.107656,413,29.94,415.15,60.84,1.0000,0.648668,0.126742,412.34,334.15,0.9767,0.644281,0.696154
1786702866.633757,13.141715,414,29.94,415.10,60.83,1.0000,0.648597,0.126732,412.34,334.17,0.9765,0.644278,0.696184
1786702866.672199,13.180157,415,29.94,415.00,60.83,1.0000,0.648433,0.126736,412.40,334.17,0.9766,0.644375,0.696196
1786702866.689440,13.197397,416,29.94,414.97,60.84,1.0000,0.648387,0.126746,412.40,334.16,0.9768,0.644376,0.696172
1786702866.761411,13.269369,418,29.94,414.93,60.82,1.0000,0.648329,0.126702,412.43,334.18,0.9770,0.644428,0.696200
1786702866.799088,13.307045,419,29.94,414.88,60.80,1.0000,0.648244,0.126658,412.37,334.15,0.9771,0.644321,0.696143
1786702866.833199,13.341156,420,29.94,414.80,60.71,1.0000,0.648117,0.126472,412.37,334.12,0.9772,0.644321,0.696088
1786702866.847196,13.355153,421,29.94,414.68,60.69,1.0000,0.647938,0.126430,412.35,334.08,0.9774,0.644298,0.696003
1786702866.894152,13.402109,422,29.94,414.57,60.69,1.0000,0.647762,0.126433,412.38,334.12,0.9771,0.644343,0.696082
1786702866.928195,13.436152,423,29.94,414.42,60.69,1.0000,0.647530,0.126432,412.35,334.14,0.9769,0.644296,0.696116
1786702866.966081,13.474038,424,29.94,414.25,60.69,1.0000,0.647263,0.126442,412.43,334.14,0.9769,0.644418,0.696129
1786702866.997976,13.505934,425,29.94,414.14,60.69,1.0000,0.647088,0.126442,412.43,334.14,0.9770,0.644425,0.696120
1786702867.029694,13.537651,426,29.94,414.09,60.69,1.0000,0.647016,0.126430,412.48,334.20,0.9771,0.644501,0.696252
1786702867.056254,13.564212,427,29.73,414.09,60.69,1.0000,0.647011,0.126430,412.52,334.24,0.9772,0.644562,0.696336
1786702867.095850,13.603807,428,29.73,414.00,60.79,1.0000,0.646878,0.126652,412.66,334.22,0.9772,0.644781,0.696301
1786702867.140586,13.648544,429,29.73,414.00,60.80,1.0000,0.646870,0.126658,412.64,334.26,0.9769,0.644744,0.696365
1786702867.154717,13.662674,430,29.73,414.00,60.83,1.0000,0.646867,0.126733,412.57,334.26,0.9766,0.644634,0.696379
1786702867.196850,13.704807,431,29.73,413.99,60.85,1.0000,0.646853,0.126769,412.55,334.26,0.9768,0.644613,0.696372
1786702867.234182,13.742140,432,29.73,413.96,60.85,1.0000,0.646818,0.126769,412.57,334.31,0.9769,0.644635,0.696471
1786702867.263735,13.771693,433,29.73,413.92,60.92,1.0000,0.646746,0.126914,412.55,334.25,0.9769,0.644603,0.696351
1786702867.298469,13.806427,434,29.73,413.87,60.99,1.0000,0.646672,0.127062,412.61,334.34,0.9765,0.644702,0.696546
1786702867.338379,13.846337,435,29.73,413.86,60.93,1.0000,0.646663,0.126942,412.58,334.30,0.9764,0.644651,0.696451
1786702867.373240,13.881197,436,29.73,413.86,60.86,1.0000,0.646659,0.126798,412.57,334.28,0.9764,0.644637,0.696413
1786702867.401404,13.909361,437,29.73,413.86,60.85,1.0000,0.646654,0.126780,412.54,334.20,0.9764,0.644588,0.696246
1786702867.437273,13.945231,438,29.73,413.85,60.87,1.0000,0.646647,0.126805,412.56,334.10,0.9764,0.644626,0.696038
1786702867.453310,13.961267,439,29.73,413.84,60.84,1.0000,0.646627,0.126745,412.60,334.10,0.9766,0.644680,0.696039
1786702867.492559,14.000517,440,29.73,413.84,60.78,1.0000,0.646628,0.126625,412.59,334.13,0.9768,0.644671,0.696107
1786702867.534966,14.042924,441,29.73,413.81,60.79,1.0000,0.646582,0.126637,412.47,334.21,0.9770,0.644483,0.696274
1786702867.567676,14.075634,442,29.64,413.80,60.78,1.0000,0.646567,0.126626,412.37,334.25,0.9772,0.644325,0.696356
1786702867.596645,14.104603,443,29.64,413.77,60.78,1.0000,0.646522,0.126625,412.39,334.27,0.9772,0.644360,0.696388
1786702867.631310,14.139267,444,29.64,413.77,60.78,1.0000,0.646508,0.126632,412.32,334.15,0.9772,0.644243,0.696148
1786702867.691791,14.199748,445,29.64,413.61,60.79,1.0000,0.646259,0.126646,412.27,334.10,0.9772,0.644177,0.696032
1786702867.711625,14.219582,446,29.64,413.54,60.82,1.0000,0.646149,0.126708,412.27,334.08,0.9772,0.644175,0.696006
1786702867.731961,14.239918,447,29.64,413.52,60.83,1.0000,0.646120,0.126729,412.32,334.12,0.9772,0.644242,0.696086
1786702867.765493,14.273450,448,29.64,413.51,60.96,1.0000,0.646114,0.126995,412.28,334.10,0.9772,0.644187,0.696035
1786702867.805660,14.313618,449,29.64,413.51,61.06,1.0000,0.646106,0.127202,412.26,334.05,0.9772,0.644163,0.695946
1786702867.837384,14.345341,450,29.64,413.51,61.18,1.0000,0.646106,0.127453,412.25,333.85,0.9769,0.644139,0.695524
1786702867.874381,14.382339,451,29.64,413.48,61.19,1.0000,0.646063,0.127478,412.24,333.82,0.9768,0.644127,0.695448
1786702867.903538,14.411495,452,29.64,413.51,61.24,1.0000,0.646114,0.127576,412.20,333.85,0.9766,0.644063,0.695514
1786702867.927337,14.435294,453,29.64,413.47,61.25,1.0000,0.646052,0.127594,412.27,333.54,0.9767,0.644170,0.694872
1786702867.964900,14.472857,454,29.64,413.37,61.24,1.0000,0.645884,0.127574,412.22,333.47,0.9768,0.644093,0.694735
1786702868.004522,14.512480,455,29.64,413.29,61.23,1.0000,0.645759,0.127553,412.39,333.54,0.9767,0.644357,0.694868
1786702868.041846,14.549803,456,29.64,413.23,61.30,1.0000,0.645679,0.127713,412.37,333.52,0.9766,0.644327,0.694842
1786702868.059846,14.567804,457,29.64,413.18,61.30,1.0000,0.645593,0.127714,412.36,333.48,0.9766,0.644312,0.694741
1786702868.094904,14.602861,458,29.84,413.18,61.29,1.0000,0.645586,0.127694,412.41,333.52,0.9767,0.644393,0.694844
1786702868.129148,14.637106,459,29.84,413.16,61.29,1.0000,0.645568,0.127695,412.34,333.54,0.9765,0.644286,0.694881
1786702868.158697,14.666655,460,29.84,413.12,61.34,1.0000,0.645505,0.127792,412.47,333.74,0.9765,0.644484,0.695291
1786702868.195056,14.703014,461,29.84,413.10,61.35,1.0000,0.645463,0.127818,412.44,333.73,0.9763,0.644440,0.695275
1786702868.229432,14.737389,462,29.84,413.10,61.36,1.0000,0.645468,0.127839,412.47,334.10,0.9761,0.644482,0.696039
1786702868.264248,14.772206,463,29.84,412.90,61.38,1.0000,0.645150,0.127883,412.45,333.71,0.9761,0.644447,0.695233
1786702868.296144,14.804101,464,29.84,412.87,61.41,1.0000,0.645103,0.127928,412.47,333.75,0.9762,0.644479,0.695318
1786702868.330204,14.838161,465,29.84,412.77,61.40,1.0000,0.644958,0.127917,412.35,333.75,0.9762,0.644300,0.695321
1786702868.364628,14.872585,466,29.84,412.77,61.40,1.0000,0.644961,0.127914,412.39,333.96,0.9759,0.644354,0.695744
1786702868.405295,14.913252,467,29.84,412.75,61.40,1.0000,0.644924,0.127909,412.35,333.94,0.9760,0.644290,0.695718
1786702868.418473,14.926431,468,29.84,412.75,61.40,1.0000,0.644928,0.127910,412.37,334.04,0.9765,0.644321,0.695916
1786702868.480608,14.988565,469,29.84,412.77,61.37,1.0000,0.644952,0.127859,412.38,334.19,0.9771,0.644343,0.696229
1786702868.506926,15.014883,470,29.84,412.70,61.35,1.0000,0.644846,0.127804,412.27,334.14,0.9773,0.644178,0.696125
1786702868.530999,15.038956,471,29.84,412.69,61.35,1.0000,0.644825,0.127814,412.28,334.12,0.9773,0.644189,0.696085
1786702868.567559,15.075517,472,29.84,412.54,61.35,1.0000,0.644596,0.127814,412.29,334.11,0.9774,0.644204,0.696071
1786702868.578502,15.086460,473,29.84,412.54,61.35,1.0000,0.644591,0.127813,412.29,334.14,0.9778,0.644209,0.696127
1786702868.634937,15.142894,474,29.73,412.50,61.38,1.0000,0.644537,0.127865,412.30,334.05,0.9776,0.644217,0.695942
1786702868.664012,15.171969,475,29.73,412.53,61.38,1.0000,0.644572,0.127879,412.30,334.01,0.9777,0.644218,0.695857
1786702868.701131,15.209089,476,29.73,412.48,61.38,1.0000,0.644504,0.127875,412.28,334.00,0.9778,0.644181,0.695831
1786702868.743792,15.251750,477,29.73,412.48,61.47,1.0000,0.644500,0.128057,412.28,334.07,0.9780,0.644193,0.695973
1786702868.754012,15.261970,478,29.73,412.34,61.46,1.0000,0.644288,0.128036,412.30,334.00,0.9779,0.644221,0.695835
1786702868.793133,15.301090,479,29.73,412.47,61.45,1.0000,0.644481,0.128031,412.30,334.05,0.9781,0.644218,0.695931
1786702868.825263,15.333220,480,29.73,412.44,61.41,1.0000,0.644438,0.127941,412.20,333.97,0.9782,0.644059,0.695772
1786702868.860095,15.368052,481,29.73,412.50,61.44,1.0000,0.644535,0.127998,412.29,333.96,0.9782,0.644211,0.695747
1786702868.899913,15.407871,482,29.73,412.52,61.44,1.0000,0.644560,0.128005,412.23,333.87,0.9783,0.644111,0.695566
1786702868.914686,15.422643,483,29.73,412.52,61.45,1.0000,0.644564,0.128027,412.26,333.81,0.9782,0.644154,0.695442
1786702868.960692,15.468650,484,29.73,412.52,61.43,1.0000,0.644563,0.127987,412.15,333.77,0.9779,0.643991,0.695346
1786702868.995546,15.503503,485,29.73,412.53,61.43,1.0000,0.644574,0.127972,412.05,333.73,0.9779,0.643823,0.695276
1786702869.010701,15.518658,486,29.73,412.60,61.53,1.0000,0.644684,0.128181,412.17,333.85,0.9777,0.644010,0.695528
1786702869.056339,15.564296,487,29.73,412.60,61.44,1.0000,0.644680,0.128003,412.14,333.83,0.9774,0.643973,0.695472
1786702869.091067,15.599024,488,29.73,412.59,61.44,1.0000,0.644680,0.128003,412.26,333.78,0.9775,0.644157,0.695378
1786702869.128295,15.636252,489,29.73,412.60,61.39,1.0000,0.644692,0.127890,412.25,333.74,0.9772,0.644133,0.695288
1786702869.176138,15.684095,490,29.78,412.60,61.37,1.0000,0.644689,0.127855,412.20,333.57,0.9770,0.644062,0.694947
1786702869.213391,15.721349,491,29.78,412.61,61.36,1.0000,0.644704,0.127837,412.34,333.62,0.9771,0.644281,0.695040
1786702869.234169,15.742126,492,29.78,412.62,61.39,1.0000,0.644726,0.127888,412.38,333.61,0.9770,0.644344,0.695013
1786702869.257185,15.765142,493,29.78,412.64,61.39,1.0000,0.644754,0.127888,412.32,333.63,0.9770,0.644250,0.695066
1786702869.319255,15.827212,494,29.78,412.64,61.45,1.0000,0.644746,0.128021,412.32,333.77,0.9769,0.644247,0.695352
1786702869.334016,15.841974,495,29.78,412.63,61.45,1.0000,0.644727,0.128020,412.30,333.75,0.9770,0.644214,0.695315
1786702869.369587,15.877544,496,29.78,412.65,61.45,1.0000,0.644769,0.128021,412.28,334.15,0.9767,0.644185,0.696146
1786702869.401481,15.909439,497,29.78,412.66,61.46,1.0000,0.644788,0.128045,412.35,334.31,0.9769,0.644302,0.696474
1786702869.427894,15.935851,498,29.78,412.68,61.45,1.0000,0.644819,0.128030,412.29,334.10,0.9769,0.644199,0.696041
1786702869.475439,15.983396,499,29.78,412.69,61.47,1.0000,0.644826,0.128062,412.31,334.10,0.9766,0.644228,0.696032
1786702869.510112,16.018070,500,29.78,412.67,61.52,1.0000,0.644795,0.128158,412.24,333.92,0.9766,0.644126,0.695670
1786702869.533423,16.041381,501,29.78,412.79,61.53,1.0000,0.644982,0.128189,412.37,333.93,0.9767,0.644324,0.695679
1786702869.556978,16.064935,502,29.78,412.79,61.57,1.0000,0.644983,0.128271,412.31,333.89,0.9766,0.644240,0.695613
1786702869.597303,16.105261,503,29.78,412.79,61.49,1.0000,0.644987,0.128106,412.29,333.91,0.9767,0.644208,0.695638
1786702869.628952,16.136909,504,29.78,412.71,61.47,1.0000,0.644864,0.128054,412.16,333.95,0.9768,0.643992,0.695727
1786702869.652302,16.160259,505,29.78,412.70,61.36,1.0000,0.644846,0.127844,412.21,334.23,0.9766,0.644075,0.696319
1786702869.729480,16.237438,506,29.57,412.67,61.32,1.0000,0.644797,0.127760,412.17,334.02,0.9764,0.644011,0.695885
1786702869.732109,16.240066,507,29.57,412.71,61.35,1.0000,0.644860,0.127814,412.17,334.01,0.9766,0.644018,0.695847
1786702869.765315,16.273272,508,29.57,412.72,61.35,1.0000,0.644874,0.127814,412.21,334.01,0.9768,0.644077,0.695862
1786702869.811504,16.319462,509,29.57,412.75,61.35,1.0000,0.644919,0.127810,412.25,334.01,0.9769,0.644136,0.695864
1786702869.826212,16.334169,510,29.57,412.75,61.34,1.0000,0.644919,0.127795,412.25,334.06,0.9772,0.644143,0.695960
1786702869.862235,16.370192,511,29.57,412.81,61.32,1.0000,0.645015,0.127744,412.26,334.04,0.9771,0.644150,0.695912
1786702869.896723,16.404680,512,29.57,412.85,61.36,1.0000,0.645079,0.127829,412.21,334.12,0.9770,0.644085,0.696077
1786702869.934052,16.442009,513,29.57,412.85,61.34,1.0000,0.645085,0.127784,412.20,334.18,0.9769,0.644061,0.696209
1786702869.966531,16.474489,514,29.57,412.89,61.34,1.0000,0.645143,0.127786,412.25,334.42,0.9772,0.644136,0.696701
1786702869.994563,16.502521,515,29.57,412.92,61.27,1.0000,0.645189,0.127639,412.23,334.31,0.9772,0.644114,0.696489
1786702870.033543,16.541501,516,29.57,413.09,61.27,1.0000,0.645459,0.127639,412.23,334.31,0.9772,0.644111,0.696483
1786702870.063192,16.571149,517,29.57,413.09,61.26,1.0000,0.645452,0.127627,412.24,334.24,0.9773,0.644127,0.696335
1786702870.102739,16.610697,518,29.57,412.99,61.26,1.0000,0.645292,0.127623,412.31,334.27,0.9776,0.644239,0.696406
1786702870.134874,16.642832,519,29.57,412.98,61.26,1.0000,0.645288,0.127616,412.29,334.29,0.9772,0.644199,0.696443
1786702870.169644,16.677601,520,29.57,413.01,61.25,1.0000,0.645324,0.127611,412.30,334.38,0.9771,0.644223,0.696627
1786702870.214310,16.722267,521,29.57,413.11,61.29,1.0000,0.645484,0.127694,412.33,334.35,0.9770,0.644266,0.696561
1786702870.230658,16.738616,522,30.00,413.11,61.28,1.0000,0.645486,0.127662,412.31,334.47,0.9769,0.644227,0.696816
1786702870.264681,16.772639,523,30.00,413.07,61.27,1.0000,0.645417,0.127636,412.31,334.47,0.9766,0.644240,0.696804
1786702870.303960,16.811917,524,30.00,413.08,61.26,1.0000,0.645432,0.127634,412.34,334.46,0.9765,0.644289,0.696785
1786702870.330489,16.838446,525,30.00,413.12,61.28,1.0000,0.645495,0.127659,412.34,334.42,0.9764,0.644280,0.696707
1786702870.360199,16.868156,526,30.00,413.09,61.28,1.0000,0.645454,0.127658,412.37,334.42,0.9764,0.644325,0.696706
1786702870.405978,16.913936,527,30.00,412.96,61.19,1.0000,0.645244,0.127474,412.33,334.34,0.9763,0.644260,0.696538
1786702870.463576,16.971534,529,30.00,412.96,61.23,1.0000,0.645250,0.127555,412.32,334.35,0.9764,0.644243,0.696555
1786702870.488534,16.996492,530,30.00,412.96,61.24,1.0000,0.645251,0.127583,412.39,334.30,0.9768,0.644355,0.696467
1786702870.538044,17.046001,531,30.00,412.97,61.24,1.0000,0.645264,0.127575,412.39,334.09,0.9770,0.644363,0.696012
1786702870.590743,17.098700,532,30.00,412.96,61.23,1.0000,0.645244,0.127559,412.42,334.09,0.9773,0.644403,0.696022
1786702870.609724,17.117681,533,30.00,412.90,61.22,1.0000,0.645153,0.127550,412.35,334.08,0.9772,0.644298,0.696004
1786702870.626772,17.134730,534,30.00,412.90,61.23,1.0000,0.645158,0.127562,412.40,334.09,0.9774,0.644370,0.696017
1786702870.700473,17.208431,535,30.00,412.93,61.35,1.0000,0.645197,0.127818,412.37,334.12,0.9776,0.644335,0.696086
1786702870.714952,17.222909,536,30.00,412.91,61.36,1.0000,0.645179,0.127824,412.38,334.14,0.9776,0.644341,0.696132
1786702870.738520,17.246477,537,30.00,412.91,61.34,1.0000,0.645178,0.127793,412.40,334.17,0.9777,0.644368,0.696190
1786702870.776924,17.284882,538,29.50,412.77,61.27,1.0000,0.644958,0.127651,412.36,334.15,0.9774,0.644315,0.696145
1786702870.792052,17.300009,539,29.50,412.73,61.27,1.0000,0.644887,0.127644,412.36,334.19,0.9775,0.644313,0.696228
1786702870.822034,17.329991,540,29.50,412.70,61.27,1.0000,0.644848,0.127636,412.36,334.22,0.9776,0.644318,0.696291
1786702870.861798,17.369755,541,29.50,412.58,61.17,1.0000,0.644657,0.127432,412.39,334.28,0.9777,0.644356,0.696413
1786702870.898464,17.406421,542,29.50,412.55,61.18,1.0000,0.644611,0.127460,412.34,334.34,0.9781,0.644281,0.696546
1786702870.935800,17.443758,543,29.50,412.47,61.20,1.0000,0.644488,0.127492,412.32,334.35,0.9784,0.644256,0.696553
1786702870.955564,17.463521,544,29.50,412.49,61.20,1.0000,0.644510,0.127495,412.35,334.38,0.9788,0.644294,0.696615
1786702870.994573,17.502531,545,29.50,412.40,61.27,1.0000,0.644368,0.127654,412.35,334.14,0.9787,0.644292,0.696128
1786702871.028562,17.536520,546,29.50,412.41,61.31,1.0000,0.644392,0.127733,412.38,334.16,0.9791,0.644337,0.696176
1786702871.048506,17.556463,547,29.50,412.40,61.32,1.0000,0.644383,0.127753,412.38,334.27,0.9790,0.644344,0.696389
1786702871.099777,17.607734,548,29.50,412.46,61.37,1.0000,0.644473,0.127855,412.45,334.31,0.9793,0.644459,0.696485
1786702871.131645,17.639603,549,29.50,412.52,61.43,1.0000,0.644562,0.127989,412.54,334.38,0.9794,0.644593,0.696626
1786702871.186878,17.694835,550,29.50,412.54,61.48,1.0000,0.644589,0.128079,412.63,334.53,0.9795,0.644742,0.696939
1786702871.202472,17.710430,551,29.50,412.54,61.49,1.0000,0.644599,0.128097,412.71,334.55,0.9798,0.644860,0.696973
1786702871.233395,17.741352,552,29.50,412.53,61.49,1.0000,0.644572,0.128097,412.70,334.43,0.9796,0.644842,0.696739
1786702871.265115,17.773072,553,29.50,412.58,61.40,1.0000,0.644653,0.127925,412.63,334.34,0.9799,0.644742,0.696550
1786702871.297246,17.805204,554,29.77,412.45,61.40,1.0000,0.644450,0.127926,412.56,334.29,0.9797,0.644628,0.696430
1786702871.331157,17.839114,555,29.77,412.46,61.41,1.0000,0.644467,0.127929,412.58,334.36,0.9800,0.644649,0.696578
1786702871.382129,17.890087,556,29.77,412.67,61.45,1.0000,0.644793,0.128031,412.62,334.48,0.9802,0.644715,0.696829
1786702871.392570,17.900528,557,29.77,412.69,61.45,1.0000,0.644833,0.128026,412.62,334.48,0.9803,0.644723,0.696842
1786702871.437875,17.945833,558,29.77,412.76,61.45,1.0000,0.644941,0.128028,412.66,334.52,0.9805,0.644785,0.696924
1786702871.456030,17.963987,559,29.77,412.76,61.42,1.0000,0.644943,0.127959,412.67,334.54,0.9805,0.644796,0.696951
1786702871.500660,18.008618,560,29.77,412.75,61.42,1.0000,0.644918,0.127962,412.57,334.44,0.9802,0.644647,0.696742
1786702871.529966,18.037923,561,29.77,412.72,61.41,1.0000,0.644868,0.127932,412.58,334.47,0.9801,0.644659,0.696805
1786702871.581504,18.089461,562,29.77,412.72,61.41,1.0000,0.644873,0.127941,412.54,334.70,0.9800,0.644601,0.697298
1786702871.605161,18.113118,563,29.77,412.47,61.36,1.0000,0.644490,0.127838,412.53,334.58,0.9799,0.644582,0.697042
1786702871.621096,18.129053,564,29.77,412.48,61.39,1.0000,0.644507,0.127901,412.54,334.60,0.9800,0.644588,0.697093
1786702871.660855,18.168812,565,29.77,412.46,61.41,1.0000,0.644462,0.127942,412.45,334.56,0.9799,0.644455,0.696999
1786702871.697880,18.205837,566,29.77,412.46,61.41,1.0000,0.644463,0.127944,412.44,334.63,0.9800,0.644432,0.697141
1786702871.734851,18.242809,567,29.77,412.41,61.41,1.0000,0.644384,0.127934,412.44,334.20,0.9797,0.644437,0.696249
1786702871.778038,18.285995,568,29.77,412.42,61.43,1.0000,0.644407,0.127976,412.59,334.28,0.9798,0.644673,0.696418
1786702871.807020,18.314978,569,29.75,412.46,61.43,1.0000,0.644462,0.127970,412.53,334.30,0.9795,0.644573,0.696455
1786702871.828456,18.336413,570,29.75,412.48,61.46,1.0000,0.644496,0.128034,412.55,334.38,0.9796,0.644605,0.696630
1786702871.899395,18.407353,571,29.75,412.48,61.46,1.0000,0.644499,0.128044,412.51,334.39,0.9796,0.644554,0.696639
1786702871.907417,18.415374,572,29.75,412.48,61.40,1.0000,0.644501,0.127911,412.55,334.33,0.9799,0.644604,0.696513
1786702871.948078,18.456036,573,29.75,412.49,61.39,1.0000,0.644518,0.127887,412.56,334.34,0.9798,0.644624,0.696540
1786702871.958735,18.466692,574,29.75,412.61,61.39,1.0000,0.644706,0.127902,412.48,334.47,0.9798,0.644502,0.696808
1786702872.015154,18.523111,575,29.75,412.60,61.39,1.0000,0.644685,0.127901,412.55,334.36,0.9797,0.644608,0.696577
1786702872.031023,18.538980,576,29.75,412.62,61.39,1.0000,0.644726,0.127886,412.53,334.24,0.9798,0.644580,0.696337
1786702872.082547,18.590504,577,29.75,412.69,61.36,1.0000,0.644823,0.127827,412.49,334.52,0.9799,0.644509,0.696915
1786702872.109031,18.616988,578,29.75,412.70,61.36,1.0000,0.644849,0.127836,412.46,334.37,0.9795,0.644475,0.696605
1786702872.135332,18.643290,579,29.75,412.71,61.35,1.0000,0.644857,0.127820,412.47,334.29,0.9794,0.644488,0.696444
1786702872.159967,18.667924,580,29.75,412.75,61.35,1.0000,0.644925,0.127811,412.50,334.30,0.9795,0.644539,0.696451
1786702872.203534,18.711492,581,29.75,412.86,61.34,1.0000,0.645092,0.127784,412.51,334.28,0.9795,0.644541,0.696414
1786702872.232419,18.740376,582,29.75,412.88,61.46,1.0000,0.645131,0.128036,412.52,334.35,0.9795,0.644566,0.696564
1786702872.266204,18.774161,583,29.75,413.39,61.51,1.0000,0.645923,0.128143,412.55,334.42,0.9795,0.644608,0.696702
1786702872.308494,18.816452,584,29.75,413.92,61.60,1.0000,0.646746,0.128330,412.60,334.45,0.9799,0.644691,0.696772
1786702872.334883,18.842840,585,29.75,413.80,61.58,1.0000,0.646562,0.128296,412.60,334.49,0.9798,0.644689,0.696848
1786702872.375644,18.883602,586,29.75,413.90,61.55,1.0000,0.646726,0.128235,412.60,334.54,0.9800,0.644692,0.696949
1786702872.416711,18.924668,587,29.75,413.99,61.56,1.0000,0.646856,0.128244,412.48,334.48,0.9802,0.644502,0.696833
1786702872.429821,18.937778,588,29.75,414.02,61.52,1.0000,0.646901,0.128161,412.47,334.44,0.9801,0.644490,0.696743
1786702872.474884,18.982841,589,29.75,413.87,61.53,1.0000,0.646676,0.128194,412.50,334.52,0.9801,0.644529,0.696912
1786702872.504482,19.012440,590,29.75,413.90,61.68,1.0000,0.646721,0.128501,412.48,334.45,0.9802,0.644505,0.696778
1786702872.536308,19.044265,591,29.75,414.07,61.67,1.0000,0.646980,0.128483,412.28,334.50,0.9800,0.644191,0.696874
1786702872.573104,19.081062,592,29.75,414.18,61.64,1.0000,0.647154,0.128427,412.27,334.54,0.9798,0.644178,0.696955
1786702872.613530,19.121487,593,29.75,414.15,61.64,1.0000,0.647107,0.128425,412.30,334.58,0.9799,0.644221,0.697042
1786702872.639202,19.147159,594,29.75,414.08,61.69,1.0000,0.646995,0.128529,412.32,334.58,0.9799,0.644243,0.697039
1786702872.659808,19.167765,595,29.75,414.07,61.69,1.0000,0.646989,0.128529,412.29,334.60,0.9797,0.644198,0.697083
1786702872.700623,19.208580,596,29.75,414.00,61.66,1.0000,0.646879,0.128457,412.37,334.61,0.9796,0.644322,0.697099
1786702872.732541,19.240498,597,29.75,414.00,61.70,1.0000,0.646880,0.128540,412.45,334.57,0.9799,0.644450,0.697026
1786702872.764122,19.272079,598,29.75,413.73,61.69,1.0000,0.646459,0.128515,412.43,334.51,0.9801,0.644420,0.696895
1786702872.803416,19.311373,599,29.75,413.66,61.67,1.0000,0.646337,0.128477,412.41,334.55,0.9800,0.644391,0.696972
1786702872.835817,19.343774,600,29.90,413.56,61.61,1.0000,0.646186,0.128354,412.31,334.54,0.9798,0.644242,0.696960
1786702872.869734,19.377692,601,29.90,413.54,61.54,1.0000,0.646164,0.128213,412.27,334.72,0.9797,0.644176,0.697334
1786702872.898509,19.406466,602,29.90,413.41,61.54,1.0000,0.645956,0.128208,412.41,334.82,0.9798,0.644396,0.697551
1786702872.938037,19.445994,603,29.90,413.41,61.66,1.0000,0.645954,0.128450,412.28,334.83,0.9794,0.644190,0.697572
1786702872.958152,19.466109,604,29.90,413.42,61.64,1.0000,0.645964,0.128408,412.32,334.80,0.9793,0.644242,0.697498
1786702873.001718,19.509675,605,29.90,413.36,61.61,1.0000,0.645871,0.128365,412.34,334.73,0.9792,0.644285,0.697349
1786702873.050293,19.558250,606,29.90,413.31,61.61,1.0000,0.645791,0.128360,412.31,334.73,0.9793,0.644231,0.697345
1786702873.064350,19.572308,607,29.90,413.12,61.63,1.0000,0.645506,0.128395,412.38,334.74,0.9795,0.644341,0.697376
1786702873.094063,19.602020,608,29.90,413.11,61.63,1.0000,0.645484,0.128396,412.31,334.72,0.9793,0.644237,0.697323
1786702873.164927,19.672884,609,29.90,413.10,61.46,1.0000,0.645474,0.128046,412.34,334.72,0.9794,0.644281,0.697331
1786702873.171583,19.679540,610,29.90,413.09,61.46,1.0000,0.645457,0.128048,412.34,334.72,0.9795,0.644287,0.697330
1786702873.207705,19.715662,611,29.90,412.87,61.50,1.0000,0.645117,0.128126,412.35,334.64,0.9798,0.644297,0.697177
1786702873.241916,19.749873,612,29.90,412.64,61.50,1.0000,0.644749,0.128130,412.33,334.58,0.9797,0.644269,0.697052
1786702873.273747,19.781705,613,29.90,412.59,61.42,1.0000,0.644677,0.127957,412.36,334.57,0.9797,0.644311,0.697019
1786702873.316641,19.824598,614,29.90,412.50,61.52,1.0000,0.644538,0.128162,412.48,334.63,0.9798,0.644497,0.697143
1786702873.339879,19.847836,615,29.81,412.44,61.54,1.0000,0.644442,0.128199,412.45,334.66,0.9797,0.644452,0.697218
1786702873.384108,19.892066,616,29.81,412.43,61.58,1.0000,0.644423,0.128281,412.25,334.51,0.9797,0.644136,0.696888
1786702873.415304,19.923262,617,29.81,412.32,61.58,1.0000,0.644254,0.128291,412.22,334.51,0.9797,0.644087,0.696891
1786702873.431040,19.938998,618,29.81,412.29,61.58,1.0000,0.644210,0.128291,412.22,334.53,0.9795,0.644099,0.696934
1786702873.467966,19.975923,619,29.81,412.19,61.66,1.0000,0.644041,0.128453,412.18,334.47,0.9794,0.644035,0.696816
1786702873.510120,20.018077,620,29.81,412.11,61.78,1.0000,0.643926,0.128718,412.20,334.57,0.9793,0.644063,0.697012
1786702873.537034,20.044991,621,29.81,412.06,61.78,1.0000,0.643836,0.128707,412.27,334.59,0.9795,0.644173,0.697059
1786702873.571195,20.079153,622,29.81,412.02,61.82,1.0000,0.643774,0.128791,412.38,334.60,0.9797,0.644351,0.697079
1786702873.600099,20.108057,623,29.81,411.97,61.88,1.0000,0.643702,0.128922,412.32,334.63,0.9797,0.644252,0.697139
1786702873.642484,20.150442,624,29.81,412.02,61.98,1.0000,0.643781,0.129124,412.31,334.64,0.9795,0.644234,0.697171
1786702873.681361,20.189319,625,29.81,411.84,61.97,1.0000,0.643493,0.129105,412.31,334.63,0.9796,0.644239,0.697145
1786702873.724613,20.232570,626,29.81,411.58,61.84,1.0000,0.643096,0.128834,412.34,334.53,0.9798,0.644282,0.696942
1786702873.742213,20.250170,627,29.81,411.53,61.84,1.0000,0.643012,0.128836,412.34,334.51,0.9795,0.644284,0.696899
1786702873.779474,20.287431,628,29.81,411.52,61.83,1.0000,0.643006,0.128803,412.23,334.60,0.9793,0.644102,0.697076
1786702873.791905,20.299863,629,29.81,411.50,61.81,1.0000,0.642962,0.128762,412.26,334.56,0.9795,0.644157,0.697002
1786702873.832889,20.340847,630,29.81,411.45,61.72,1.0000,0.642885,0.128583,412.35,334.60,0.9794,0.644299,0.697088
1786702873.864151,20.372108,631,30.05,411.43,61.70,1.0000,0.642861,0.128537,412.31,334.56,0.9792,0.644233,0.696992
1786702873.898070,20.406027,632,30.05,411.43,61.72,1.0000,0.642861,0.128576,412.24,334.59,0.9794,0.644132,0.697055
1786702873.941287,20.449244,633,30.05,411.47,61.73,1.0000,0.642923,0.128600,412.30,334.50,0.9795,0.644223,0.696878
1786702873.964680,20.472637,634,30.05,411.47,61.74,1.0000,0.642922,0.128635,412.35,334.49,0.9796,0.644294,0.696849
1786702873.996227,20.504184,635,30.05,411.35,61.61,1.0000,0.642734,0.128361,412.38,334.37,0.9798,0.644345,0.696606
1786702874.033893,20.541851,636,30.05,411.35,61.66,1.0000,0.642730,0.128461,412.31,334.58,0.9797,0.644229,0.697041
1786702874.068547,20.576504,637,30.05,411.35,61.66,1.0000,0.642730,0.128459,412.33,334.23,0.9797,0.644262,0.696306
1786702874.100923,20.608880,638,30.05,411.36,61.66,1.0000,0.642746,0.128465,412.34,334.21,0.9798,0.644284,0.696270
1786702874.134883,20.642840,639,30.05,411.35,61.65,1.0000,0.642738,0.128438,412.36,334.24,0.9799,0.644309,0.696343
1786702874.186241,20.694199,640,30.05,411.20,61.63,1.0000,0.642496,0.128405,412.41,334.35,0.9801,0.644397,0.696553
1786702874.200818,20.708776,641,30.05,411.25,61.63,1.0000,0.642584,0.128389,412.40,334.44,0.9796,0.644374,0.696757
1786702874.241856,20.749814,642,30.05,411.24,61.66,1.0000,0.642565,0.128452,412.40,334.08,0.9793,0.644372,0.695990
1786702874.268039,20.775997,643,30.05,411.26,61.66,1.0000,0.642589,0.128453,412.38,334.00,0.9796,0.644347,0.695838
1786702874.299360,20.807318,644,30.05,411.14,61.67,1.0000,0.642404,0.128475,412.42,334.03,0.9797,0.644402,0.695895
1786702874.343915,20.851873,645,30.05,411.14,61.73,1.0000,0.642406,0.128611,412.44,334.11,0.9799,0.644441,0.696057
1786702874.370635,20.878592,646,29.90,411.31,61.81,1.0000,0.642668,0.128780,412.44,334.14,0.9801,0.644438,0.696116
1786702874.403088,20.911046,647,29.90,411.44,61.75,1.0000,0.642874,0.128648,412.41,334.13,0.9801,0.644396,0.696109
1786702874.440185,20.948142,648,29.90,411.43,61.70,1.0000,0.642858,0.128550,412.37,334.12,0.9800,0.644330,0.696089
1786702874.469791,20.977749,649,29.90,411.40,61.70,1.0000,0.642807,0.128550,412.28,334.08,0.9798,0.644188,0.695998
1786702874.504254,21.012212,650,29.90,411.40,61.70,1.0000,0.642815,0.128541,412.35,334.00,0.9794,0.644296,0.695836
1786702874.539310,21.047267,651,29.90,411.49,61.63,1.0000,0.642953,0.128386,412.39,334.14,0.9796,0.644356,0.696120
1786702874.562905,21.070863,652,29.90,411.48,61.63,1.0000,0.642932,0.128398,412.37,334.07,0.9796,0.644333,0.695988
1786702874.611119,21.119076,653,29.90,411.48,61.63,1.0000,0.642934,0.128397,412.36,334.01,0.9794,0.644312,0.695852
1786702874.628738,21.136695,654,29.90,411.48,61.61,1.0000,0.642935,0.128346,412.35,334.10,0.9795,0.644292,0.696042
1786702874.664215,21.172173,655,29.90,411.49,61.61,1.0000,0.642955,0.128358,412.22,334.29,0.9793,0.644087,0.696429
1786702874.695875,21.203833,656,29.90,411.73,61.62,1.0000,0.643333,0.128365,412.20,334.23,0.9790,0.644062,0.696321
1786702874.724984,21.232941,657,29.90,411.85,61.61,1.0000,0.643510,0.128362,412.21,334.31,0.9793,0.644075,0.696481
1786702874.778556,21.286514,658,29.90,411.86,61.60,1.0000,0.643538,0.128343,412.29,334.57,0.9796,0.644208,0.697019
1786702874.794162,21.302119,659,29.90,411.86,61.60,1.0000,0.643531,0.128342,412.26,334.38,0.9792,0.644149,0.696625
1786702874.828322,21.336280,660,29.90,411.88,61.58,1.0000,0.643561,0.128291,412.36,334.41,0.9792,0.644320,0.696686
1786702874.873559,21.381516,661,29.86,412.00,61.56,1.0000,0.643755,0.128249,412.49,334.25,0.9790,0.644519,0.696352
1786702874.912844,21.420801,662,29.86,412.32,61.56,1.0000,0.644258,0.128252,412.52,334.36,0.9791,0.644568,0.696589
1786702874.937017,21.444974,663,29.86,412.32,61.56,1.0000,0.644256,0.128255,412.53,334.37,0.9786,0.644582,0.696609
1786702874.963919,21.471876,664,29.86,412.32,61.57,1.0000,0.644248,0.128269,412.52,334.34,0.9784,0.644567,0.696533
1786702875.001195,21.509153,665,29.86,412.58,61.57,1.0000,0.644651,0.128268,412.48,334.36,0.9786,0.644503,0.696587
1786702875.075572,21.583529,667,29.86,412.58,61.57,1.0000,0.644655,0.128264,412.50,334.38,0.9786,0.644537,0.696622
1786702875.096895,21.604853,668,29.86,412.57,61.59,1.0000,0.644646,0.128306,412.50,334.51,0.9787,0.644539,0.696900
1786702875.152297,21.660255,669,29.86,412.58,61.52,1.0000,0.644649,0.128176,412.44,334.13,0.9785,0.644444,0.696095
1786702875.192179,21.700137,670,29.86,412.92,61.24,1.0000,0.645191,0.127593,412.45,334.04,0.9783,0.644451,0.695914
1786702875.194935,21.702892,671,29.86,412.92,61.23,1.0000,0.645191,0.127562,412.45,334.07,0.9785,0.644454,0.695981
1786702875.245494,21.753452,672,29.86,412.83,61.28,1.0000,0.645048,0.127675,412.46,334.33,0.9786,0.644466,0.696524
1786702875.298720,21.806677,673,29.86,412.80,61.30,1.0000,0.644998,0.127700,412.33,334.11,0.9789,0.644264,0.696072
1786702875.322027,21.829984,674,29.86,412.79,61.26,1.0000,0.644989,0.127629,412.32,334.04,0.9789,0.644251,0.695924
1786702875.335316,21.843273,675,29.86,412.80,61.22,1.0000,0.645000,0.127552,412.35,334.07,0.9791,0.644304,0.695984
1786702875.375282,21.883239,676,29.86,412.64,61.23,1.0000,0.644751,0.127555,412.25,334.41,0.9790,0.644148,0.696680
1786702875.406910,21.914867,677,29.56,412.65,61.41,1.0000,0.644765,0.127932,412.21,334.45,0.9793,0.644085,0.696761
1786702875.446697,21.954654,678,29.56,412.60,61.33,1.0000,0.644689,0.127765,412.19,333.55,0.9791,0.644048,0.694902
1786702875.465529,21.973486,679,29.56,412.60,61.26,1.0000,0.644689,0.127626,412.26,333.61,0.9794,0.644164,0.695022
1786702875.501773,22.009731,680,29.56,412.57,61.26,1.0000,0.644641,0.127625,412.30,333.84,0.9795,0.644222,0.695498
1786702875.546201,22.054158,681,29.56,412.38,61.30,1.0000,0.644349,0.127714,412.28,333.75,0.9794,0.644193,0.695318
1786702875.583898,22.091856,682,29.56,412.38,61.30,1.0000,0.644347,0.127698,412.27,333.86,0.9799,0.644177,0.695532
1786702875.599753,22.107711,683,29.56,412.39,61.16,1.0000,0.644357,0.127415,412.29,333.87,0.9801,0.644210,0.695568
1786702875.651057,22.159015,684,29.56,412.39,61.16,1.0000,0.644356,0.127413,412.31,333.85,0.9802,0.644238,0.695530
1786702875.695632,22.203589,685,29.56,412.38,61.19,1.0000,0.644343,0.127471,412.12,333.86,0.9800,0.643942,0.695548
1786702875.728814,22.236772,686,29.56,412.45,61.20,1.0000,0.644450,0.127498,411.99,333.94,0.9800,0.643732,0.695710
1786702875.742727,22.250684,687,29.56,412.46,61.19,1.0000,0.644461,0.127474,411.98,333.88,0.9799,0.643722,0.695582
1786702875.769604,22.277561,688,29.56,412.45,61.22,1.0000,0.644459,0.127544,411.98,333.94,0.9799,0.643712,0.695710
1786702875.807624,22.315581,689,29.56,412.45,61.20,1.0000,0.644456,0.127509,411.97,333.84,0.9799,0.643701,0.695492
1786702875.837704,22.345662,690,29.56,412.52,61.17,1.0000,0.644563,0.127441,412.11,333.78,0.9804,0.643922,0.695372
1786702875.853645,22.361602,691,29.56,412.52,61.17,1.0000,0.644563,0.127443,412.14,333.78,0.9802,0.643976,0.695374
1786702875.904950,22.412907,692,29.61,412.39,61.18,1.0000,0.644354,0.127456,412.19,333.77,0.9802,0.644045,0.695359
1786702875.938836,22.446793,693,29.61,412.37,61.18,1.0000,0.644327,0.127468,412.19,333.79,0.9805,0.644047,0.695405
1786702875.977370,22.485327,694,29.61,412.35,61.18,1.0000,0.644294,0.127468,412.26,333.81,0.9809,0.644160,0.695428
1786702876.002957,22.510914,695,29.61,412.29,61.19,1.0000,0.644200,0.127470,412.24,333.93,0.9808,0.644130,0.695697
1786702876.032371,22.540329,696,29.61,412.29,61.18,1.0000,0.644196,0.127452,412.24,333.90,0.9811,0.644119,0.695631
1786702876.075046,22.583004,697,29.61,412.24,61.19,1.0000,0.644131,0.127478,412.33,333.82,0.9812,0.644266,0.695461
1786702876.098949,22.606907,698,29.61,412.26,61.19,1.0000,0.644151,0.127472,412.33,333.62,0.9808,0.644259,0.695033
1786702876.156558,22.664515,699,29.61,412.40,61.27,1.0000,0.644369,0.127642,412.39,333.65,0.9812,0.644355,0.695104
1786702876.168384,22.676341,700,29.61,412.42,61.27,1.0000,0.644400,0.127643,412.38,333.76,0.9811,0.644338,0.695342
1786702876.202649,22.710606,701,29.61,412.42,61.28,1.0000,0.644410,0.127668,412.43,333.81,0.9810,0.644426,0.695446
1786702876.232166,22.740124,702,29.61,412.45,61.29,1.0000,0.644447,0.127679,412.37,333.96,0.9812,0.644327,0.695754
1786702876.266457,22.774415,703,29.61,412.45,61.25,1.0000,0.644451,0.127602,412.40,333.89,0.9809,0.644375,0.695607
1786702876.303286,22.811244,704,29.61,412.59,61.25,1.0000,0.644674,0.127606,412.37,334.32,0.9810,0.644327,0.696493
1786702876.337085,22.845043,705,29.61,412.61,61.21,1.0000,0.644708,0.127525,412.36,334.31,0.9810,0.644309,0.696476
1786702876.363265,22.871222,706,29.61,412.61,61.22,1.0000,0.644709,0.127534,412.35,334.34,0.9811,0.644298,0.696549
1786702876.410969,22.918926,707,29.68,412.85,61.20,1.0000,0.645078,0.127496,412.30,334.01,0.9812,0.644212,0.695851
1786702876.426620,22.934578,708,29.68,412.96,61.05,1.0000,0.645248,0.127195,412.37,333.99,0.9814,0.644325,0.695803
1786702876.471776,22.979734,709,29.68,413.12,61.08,1.0000,0.645507,0.127253,412.32,334.07,0.9811,0.644243,0.695970
1786702876.506474,23.014432,710,29.68,413.23,61.23,1.0000,0.645669,0.127564,412.20,334.09,0.9808,0.644068,0.696019
1786702876.554138,23.062096,711,29.68,413.63,61.23,1.0000,0.646297,0.127555,412.18,334.06,0.9809,0.644034,0.695950
1786702876.586305,23.094262,712,29.68,414.02,61.21,1.0000,0.646908,0.127514,412.18,333.98,0.9811,0.644037,0.695792
1786702876.593956,23.101913,713,29.68,413.96,61.22,1.0000,0.646817,0.127546,412.16,333.89,0.9807,0.643999,0.695597
1786702876.649939,23.157897,714,29.68,414.22,61.35,1.0000,0.647216,0.127814,411.99,334.03,0.9808,0.643729,0.695891
1786702876.681668,23.189625,715,29.68,414.72,61.36,1.0000,0.647997,0.127829,411.90,333.95,0.9809,0.643595,0.695731
1786702876.713123,23.221080,716,29.68,414.84,61.34,1.0000,0.648183,0.127793,411.93,333.65,0.9802,0.643643,0.695103
1786702876.729037,23.236994,717,29.68,414.83,61.36,1.0000,0.648175,0.127825,411.92,333.84,0.9801,0.643620,0.695505
1786702876.763739,23.271696,718,29.68,414.83,61.70,1.0000,0.648171,0.128540,411.92,333.95,0.9801,0.643619,0.695724
1786702876.797940,23.305897,719,29.68,415.04,61.70,1.0000,0.648500,0.128546,411.93,334.15,0.9801,0.643638,0.696146
1786702876.840175,23.348133,720,29.68,415.06,61.70,1.0000,0.648532,0.128538,411.89,334.23,0.9800,0.643585,0.696310
1786702876.864043,23.372001,721,29.68,415.06,61.80,1.0000,0.648529,0.128751,411.90,334.02,0.9798,0.643594,0.695877
1786702876.903051,23.411009,722,29.68,415.08,61.91,1.0000,0.648560,0.128975,411.87,333.99,0.9802,0.643539,0.695815
1786702876.934855,23.442812,723,29.91,415.36,61.89,1.0000,0.648997,0.128940,411.85,333.99,0.9804,0.643517,0.695807
1786702876.995129,23.503087,724,29.91,415.42,61.88,1.0000,0.649093,0.128922,411.86,334.14,0.9803,0.643526,0.696130
1786702877.015461,23.523419,725,29.91,415.42,61.94,1.0000,0.649092,0.129052,411.88,334.13,0.9807,0.643568,0.696104
1786702877.033247,23.541204,726,29.91,415.44,61.98,1.0000,0.649129,0.129129,411.87,334.19,0.9805,0.643554,0.696232
1786702877.071236,23.579194,727,29.91,415.50,61.99,1.0000,0.649223,0.129145,411.88,334.28,0.9804,0.643565,0.696407
1786702877.110730,23.618687,728,29.91,415.51,61.90,1.0000,0.649231,0.128968,411.90,334.13,0.9804,0.643593,0.696097
1786702877.147571,23.655528,729,29.91,415.53,61.88,1.0000,0.649266,0.128911,411.89,334.15,0.9803,0.643574,0.696156
1786702877.173999,23.681957,730,29.91,415.53,61.81,1.0000,0.649267,0.128779,411.89,333.96,0.9801,0.643571,0.695744
1786702877.190103,23.698060,731,29.91,415.53,61.80,1.0000,0.649269,0.128748,411.90,334.00,0.9805,0.643594,0.695838
1786702877.230623,23.738580,732,29.91,415.52,61.94,1.0000,0.649257,0.129040,411.91,333.96,0.9808,0.643605,0.695760
1786702877.275075,23.783032,733,29.91,415.53,61.96,1.0000,0.649265,0.129082,412.00,334.17,0.9810,0.643752,0.696178
1786702877.306964,23.814922,734,29.91,415.52,61.98,1.0000,0.649253,0.129117,412.04,334.38,0.9812,0.643813,0.696635
1786702877.341072,23.849029,735,29.91,415.51,62.03,1.0000,0.649236,0.129232,412.04,334.51,0.9813,0.643817,0.696901
1786702877.378967,23.886924,736,29.91,415.59,62.04,1.0000,0.649357,0.129244,412.04,334.51,0.9812,0.643816,0.696899
1786702877.410517,23.918474,737,29.91,415.73,62.02,1.0000,0.649584,0.129205,412.02,334.50,0.9812,0.643785,0.696867
1786702877.471182,23.979139,739,29.45,415.74,62.29,1.0000,0.649588,0.129773,412.09,334.57,0.9816,0.643887,0.697026
1786702877.500396,24.008354,740,29.45,415.73,62.32,1.0000,0.649578,0.129834,412.09,334.36,0.9815,0.643883,0.696584
1786702877.544103,24.052060,741,29.45,415.85,62.32,1.0000,0.649761,0.129832,412.15,334.17,0.9816,0.643987,0.696184
1786702877.560205,24.068163,742,29.45,415.84,62.40,1.0000,0.649756,0.129995,412.18,334.25,0.9817,0.644036,0.696356
1786702877.599568,24.107525,743,29.45,415.77,62.49,1.0000,0.649647,0.130178,412.18,334.17,0.9813,0.644033,0.696191
1786702877.650627,24.158584,744,29.45,415.91,62.59,1.0000,0.649854,0.130387,412.15,334.18,0.9815,0.643989,0.696199
1786702877.676876,24.184833,745,29.45,415.94,62.57,1.0000,0.649910,0.130344,412.14,334.00,0.9809,0.643963,0.695842
1786702877.703504,24.211461,746,29.45,415.95,62.57,1.0000,0.649921,0.130346,412.11,334.04,0.9810,0.643925,0.695915
1786702877.718959,24.226916,747,29.45,415.94,62.65,1.0000,0.649910,0.130526,412.09,334.04,0.9811,0.643889,0.695919
1786702877.769618,24.277575,748,29.45,415.94,62.69,1.0000,0.649905,0.130596,412.10,333.98,0.9813,0.643912,0.695795
1786702877.801791,24.309748,749,29.45,415.95,62.68,1.0000,0.649922,0.130578,412.10,334.11,0.9811,0.643906,0.696069
1786702877.850025,24.357982,750,29.45,416.01,62.68,1.0000,0.650022,0.130580,412.12,334.11,0.9810,0.643942,0.696066
1786702877.869272,24.377230,751,29.45,416.01,62.67,1.0000,0.650017,0.130553,412.11,334.32,0.9807,0.643914,0.696491
1786702877.899812,24.407769,752,29.45,416.05,62.66,1.0000,0.650076,0.130539,412.10,334.37,0.9806,0.643904,0.696597
1786702877.931869,24.439827,753,29.45,416.22,62.78,1.0000,0.650342,0.130788,412.08,334.37,0.9805,0.643870,0.696596
1786702877.969038,24.476996,754,29.45,416.17,62.73,1.0000,0.650267,0.130679,412.05,334.33,0.9798,0.643830,0.696523
1786702878.011143,24.519100,755,29.46,416.17,62.72,1.0000,0.650260,0.130674,411.87,334.33,0.9793,0.643549,0.696529
1786702878.047867,24.555824,756,29.46,416.29,62.72,1.0000,0.650447,0.130662,411.87,334.29,0.9795,0.643541,0.696442
1786702878.060689,24.568647,757,29.46,416.38,62.69,1.0000,0.650586,0.130606,411.87,334.39,0.9792,0.643543,0.696640
1786702878.097649,24.605606,758,29.46,416.53,62.51,1.0000,0.650822,0.130231,411.88,334.35,0.9789,0.643568,0.696566
1786702878.137551,24.645509,759,29.46,416.74,62.43,1.0000,0.651161,0.130052,411.80,334.37,0.9787,0.643438,0.696611
1786702878.166058,24.674015,760,29.46,416.76,62.43,1.0000,0.651195,0.130053,411.86,334.37,0.9789,0.643537,0.696612
1786702878.212791,24.720748,761,29.46,417.06,62.33,1.0000,0.651651,0.129854,411.82,334.34,0.9792,0.643471,0.696550
1786702878.226981,24.734938,762,29.46,417.08,62.15,1.0000,0.651681,0.129470,411.82,334.35,0.9793,0.643470,0.696569
1786702878.287631,24.795589,763,29.46,417.20,61.77,1.0000,0.651879,0.128688,411.88,334.26,0.9792,0.643559,0.696365
1786702878.305943,24.813901,764,29.46,417.29,61.76,1.0000,0.652015,0.128670,411.87,334.25,0.9793,0.643554,0.696357
1786702878.333041,24.840998,765,29.46,417.33,61.70,1.0000,0.652083,0.128546,411.91,334.27,0.9792,0.643608,0.696402
1786702878.364789,24.872747,766,29.46,417.88,61.33,1.0000,0.652930,0.127777,411.90,334.28,0.9786,0.643600,0.696423
1786702878.405065,24.913023,767,29.46,417.87,61.23,1.0000,0.652927,0.127557,411.97,334.39,0.9780,0.643702,0.696651
1786702878.441160,24.949117,768,29.46,417.91,61.25,1.0000,0.652991,0.127606,411.94,334.32,0.9775,0.643658,0.696501
1786702878.478560,24.986518,769,29.46,417.93,61.26,1.0000,0.653014,0.127621,411.86,334.23,0.9774,0.643534,0.696319
1786702878.509266,25.017224,770,29.46,417.93,61.20,1.0000,0.653023,0.127499,411.98,334.19,0.9774,0.643719,0.696223
1786702878.537246,25.045204,771,29.67,417.94,61.17,1.0000,0.653031,0.127429,411.99,333.99,0.9773,0.643727,0.695805
1786702878.574202,25.082159,772,29.67,417.90,61.13,1.0000,0.652968,0.127360,411.94,333.80,0.9775,0.643661,0.695427
1786702878.606369,25.114327,773,29.67,417.96,61.13,1.0000,0.653066,0.127348,411.92,333.99,0.9773,0.643629,0.695821
1786702878.635868,25.143825,774,29.67,417.95,61.19,1.0000,0.653041,0.127477,412.00,333.82,0.9773,0.643757,0.695456
1786702878.673560,25.181517,775,29.67,417.96,61.19,1.0000,0.653067,0.127480,412.02,333.60,0.9770,0.643785,0.695003
1786702878.697555,25.205512,776,29.67,417.99,61.19,1.0000,0.653111,0.127480,412.14,333.63,0.9769,0.643966,0.695072
1786702878.731802,25.239760,777,29.67,418.15,61.23,1.0000,0.653352,0.127563,412.16,333.62,0.9772,0.643994,0.695032
1786702878.764936,25.272894,778,29.67,418.18,61.25,1.0000,0.653401,0.127614,412.18,333.57,0.9771,0.644025,0.694947
1786702878.791320,25.299277,779,29.67,418.23,61.31,1.0000,0.653478,0.127726,412.27,333.58,0.9776,0.644176,0.694962
1786702878.823513,25.331470,780,29.67,418.33,61.30,1.0000,0.653647,0.127718,412.25,333.69,0.9777,0.644144,0.695186
1786702878.870994,25.378951,781,29.67,418.34,61.31,1.0000,0.653648,0.127730,412.27,333.85,0.9780,0.644165,0.695524
1786702878.899227,25.407185,782,29.67,418.43,61.31,1.0000,0.653797,0.127739,412.27,333.80,0.9780,0.644166,0.695425
1786702878.928472,25.436429,783,29.67,418.46,61.32,1.0000,0.653850,0.127742,412.30,333.71,0.9782,0.644220,0.695224
1786702878.970931,25.478889,784,29.67,418.68,61.34,1.0000,0.654192,0.127800,412.25,333.67,0.9784,0.644148,0.695140
1786702878.994931,25.502889,785,29.67,418.93,61.35,1.0000,0.654573,0.127802,412.19,333.56,0.9782,0.644052,0.694918
1786702879.034074,25.542032,786,29.67,418.97,61.34,1.0000,0.654643,0.127788,412.20,333.49,0.9786,0.644062,0.694775
1786702879.063607,25.571565,787,29.77,418.98,61.38,1.0000,0.654660,0.127885,412.29,333.51,0.9786,0.644200,0.694809
1786702879.089361,25.597318,788,29.77,419.11,61.41,1.0000,0.654853,0.127935,412.25,333.54,0.9788,0.644147,0.694878
1786702879.130081,25.638039,789,29.77,419.12,61.41,1.0000,0.654872,0.127941,412.24,333.42,0.9789,0.644123,0.694623
1786702879.164505,25.672462,790,29.77,419.38,61.41,1.0000,0.655281,0.127941,412.22,333.50,0.9788,0.644100,0.694795
1786702879.198712,25.706669,791,29.77,419.33,61.42,1.0000,0.655203,0.127954,412.16,333.35,0.9787,0.643994,0.694485
1786702879.227613,25.735571,792,29.77,419.41,61.42,1.0000,0.655326,0.127956,412.15,333.37,0.9788,0.643989,0.694515
1786702879.272064,25.780021,793,29.77,419.41,61.42,1.0000,0.655327,0.127958,412.18,333.17,0.9788,0.644039,0.694097
1786702879.311789,25.819746,794,29.77,419.45,61.39,1.0000,0.655398,0.127900,412.12,332.94,0.9786,0.643933,0.693621
1786702879.340874,25.848831,795,29.77,419.40,61.40,1.0000,0.655317,0.127909,412.15,332.90,0.9785,0.643988,0.693544
1786702879.369847,25.877805,796,29.77,419.40,61.40,1.0000,0.655316,0.127909,412.14,333.01,0.9787,0.643968,0.693767
1786702879.420130,25.928087,797,29.77,419.37,61.42,1.0000,0.655272,0.127962,412.17,333.18,0.9790,0.644010,0.694132
1786702879.435016,25.942974,798,29.77,419.34,61.42,1.0000,0.655218,0.127963,412.14,333.29,0.9791,0.643973,0.694346
1786702879.490572,25.998529,799,29.77,419.26,61.46,1.0000,0.655086,0.128045,412.17,333.38,0.9789,0.644009,0.694538
1786702879.516640,26.024598,800,29.77,419.26,61.48,1.0000,0.655096,0.128079,412.12,333.43,0.9792,0.643936,0.694641
1786702879.559213,26.067170,801,29.77,419.22,61.41,1.0000,0.655029,0.127933,412.11,333.50,0.9789,0.643926,0.694793
1786702879.575153,26.083111,802,29.66,419.26,61.43,1.0000,0.655091,0.127986,412.11,333.59,0.9792,0.643929,0.694979
1786702879.649388,26.157346,804,29.66,419.27,61.42,1.0000,0.655115,0.127969,412.42,333.60,0.9791,0.644412,0.694991
1786702879.669891,26.177848,805,29.66,419.28,61.44,1.0000,0.655120,0.128004,412.40,333.71,0.9793,0.644381,0.695221
1786702879.721034,26.228991,806,29.66,419.28,61.46,1.0000,0.655119,0.128032,412.39,333.74,0.9795,0.644356,0.695299
1786702879.742829,26.250786,807,29.66,419.27,61.46,1.0000,0.655110,0.128035,412.40,333.74,0.9796,0.644373,0.695295
1786702879.766322,26.274280,808,29.66,419.29,61.47,1.0000,0.655137,0.128053,412.42,333.78,0.9799,0.644402,0.695375
1786702879.803762,26.311719,809,29.66,419.34,61.47,1.0000,0.655216,0.128055,412.54,333.76,0.9803,0.644592,0.695338
1786702879.846020,26.353977,810,29.66,419.34,61.51,1.0000,0.655224,0.128152,412.47,333.75,0.9802,0.644485,0.695310
1786702879.873037,26.380994,811,29.66,419.35,61.50,1.0000,0.655232,0.128119,412.49,333.65,0.9803,0.644516,0.695110
1786702879.904642,26.412599,812,29.66,419.36,61.54,1.0000,0.655254,0.128203,412.47,333.67,0.9803,0.644480,0.695154
1786702879.971970,26.479927,813,29.66,419.39,61.44,1.0000,0.655303,0.127999,412.50,333.66,0.9805,0.644539,0.695122
1786702879.974499,26.482456,814,29.66,419.43,61.42,1.0000,0.655357,0.127959,412.48,333.67,0.9806,0.644507,0.695136
1786702879.990251,26.498208,815,29.66,419.44,61.39,1.0000,0.655380,0.127894,412.51,333.66,0.9804,0.644541,0.695122
1786702880.032170,26.540128,816,29.66,419.50,61.39,1.0000,0.655475,0.127895,412.27,333.75,0.9800,0.644170,0.695309
1786702880.067407,26.575364,817,29.66,419.47,61.40,1.0000,0.655423,0.127911,412.34,333.47,0.9798,0.644288,0.694737
1786702880.106469,26.614427,818,29.43,419.50,61.39,1.0000,0.655475,0.127886,412.45,333.50,0.9799,0.644452,0.694785
1786702880.138685,26.646643,819,29.43,419.51,61.40,1.0000,0.655482,0.127919,412.42,333.50,0.9801,0.644408,0.694787
1786702880.180432,26.688390,820,29.43,419.59,61.41,1.0000,0.655612,0.127928,412.39,333.52,0.9803,0.644366,0.694828
1786702880.196317,26.704274,821,29.43,419.60,61.47,1.0000,0.655631,0.128066,412.40,333.63,0.9805,0.644369,0.695056
1786702880.233664,26.741621,822,29.43,419.60,61.47,1.0000,0.655618,0.128067,412.36,333.65,0.9804,0.644317,0.695101
1786702880.270251,26.778208,823,29.43,419.60,61.49,1.0000,0.655621,0.128098,412.39,333.73,0.9807,0.644357,0.695276
1786702880.299306,26.807264,824,29.43,419.60,61.52,1.0000,0.655618,0.128164,412.35,333.66,0.9810,0.644302,0.695130
1786702880.334233,26.842191,825,29.43,419.48,61.52,1.0000,0.655436,0.128167,412.37,333.67,0.9812,0.644326,0.695148
1786702880.365592,26.873550,826,29.43,419.48,61.52,1.0000,0.655430,0.128157,412.36,333.66,0.9812,0.644306,0.695126
1786702880.395335,26.903293,827,29.43,419.50,61.52,1.0000,0.655464,0.128161,412.38,333.66,0.9813,0.644338,0.695116
1786702880.432653,26.940611,828,29.43,419.53,61.54,1.0000,0.655510,0.128213,412.37,333.78,0.9812,0.644331,0.695381
1786702880.479894,26.987851,829,29.43,419.50,61.60,1.0000,0.655468,0.128326,412.45,333.80,0.9813,0.644451,0.695413
1786702880.500889,27.008846,830,29.43,419.50,61.60,1.0000,0.655465,0.128340,412.40,333.75,0.9810,0.644369,0.695306
1786702880.514349,27.022306,831,29.43,419.47,61.61,1.0000,0.655424,0.128358,412.39,333.82,0.9810,0.644352,0.695463
1786702880.565063,27.073020,832,29.43,419.33,61.61,1.0000,0.655204,0.128363,412.27,333.68,0.9807,0.644178,0.695171
1786702880.594063,27.102021,833,29.43,419.33,61.78,1.0000,0.655206,0.128698,412.19,333.52,0.9806,0.644045,0.694827
1786702880.628397,27.136354,834,29.65,419.10,61.85,1.0000,0.654838,0.128860,412.20,333.32,0.9804,0.644055,0.694412
1786702880.670327,27.178284,835,29.65,419.15,61.91,1.0000,0.654916,0.128977,412.10,333.42,0.9804,0.643914,0.694630
1786702880.718359,27.226316,836,29.65,419.01,61.90,1.0000,0.654700,0.128957,412.37,333.39,0.9805,0.644327,0.694568
1786702880.732727,27.240685,837,29.65,419.09,61.91,1.0000,0.654827,0.128971,412.29,333.43,0.9803,0.644211,0.694653
1786702880.760733,27.268690,838,29.65,419.06,61.94,1.0000,0.654780,0.129035,412.45,333.43,0.9806,0.644449,0.694642
1786702880.795418,27.303376,839,29.65,419.06,61.96,1.0000,0.654781,0.129075,412.41,333.46,0.9806,0.644393,0.694718
1786702880.839343,27.347300,840,29.65,418.96,61.97,1.0000,0.654617,0.129110,412.58,333.47,0.9808,0.644657,0.694732
1786702880.856148,27.364105,841,29.65,419.14,61.97,1.0000,0.654900,0.129109,412.55,333.49,0.9804,0.644602,0.694764
1786702880.897213,27.405170,842,29.65,419.01,61.94,1.0000,0.654695,0.129052,412.67,333.39,0.9804,0.644798,0.694565
1786702880.926437,27.434394,843,29.65,418.89,61.95,1.0000,0.654517,0.129056,412.67,333.39,0.9803,0.644793,0.694566
1786702880.960594,27.468552,844,29.65,418.87,61.95,1.0000,0.654483,0.129054,412.68,333.42,0.9804,0.644815,0.694624
1786702880.997566,27.505523,845,29.65,418.68,62.00,1.0000,0.654193,0.129163,412.69,333.27,0.9804,0.644821,0.694321
1786702881.029070,27.537028,846,29.65,418.67,62.16,1.0000,0.654176,0.129490,412.63,333.27,0.9803,0.644739,0.694310
1786702881.063308,27.571265,847,29.65,418.56,62.16,1.0000,0.654006,0.129490,412.74,333.29,0.9802,0.644914,0.694346
1786702881.097851,27.605808,848,29.65,418.60,62.16,1.0000,0.654058,0.129505,412.74,333.48,0.9801,0.644903,0.694746
1786702881.135583,27.643540,849,29.63,418.57,62.12,1.0000,0.654019,0.129408,412.77,333.49,0.9799,0.644959,0.694764
1786702881.164507,27.672464,850,29.63,418.43,62.09,1.0000,0.653792,0.129358,412.75,333.50,0.9795,0.644918,0.694796
1786702881.212247,27.720205,851,29.63,418.37,62.20,1.0000,0.653707,0.129593,412.68,333.50,0.9794,0.644820,0.694791
1786702881.228074,27.736032,852,29.63,418.14,62.16,1.0000,0.653344,0.129495,412.66,333.39,0.9793,0.644781,0.694571
1786702881.278513,27.786471,853,29.63,418.14,62.15,1.0000,0.653340,0.129485,412.52,333.33,0.9792,0.644564,0.694444
1786702881.297782,27.805739,854,29.63,418.10,62.13,1.0000,0.653288,0.129438,412.66,333.39,0.9793,0.644780,0.694562
1786702881.325824,27.833781,855,29.63,418.08,62.16,1.0000,0.653258,0.129494,412.60,333.40,0.9793,0.644685,0.694589
1786702881.363153,27.871110,856,29.63,418.08,62.16,1.0000,0.653253,0.129502,412.60,333.40,0.9791,0.644688,0.694586
1786702881.397664,27.905621,857,29.63,418.09,62.18,1.0000,0.653259,0.129539,412.52,333.38,0.9789,0.644561,0.694547
1786702881.423815,27.931772,858,29.63,418.08,62.21,1.0000,0.653255,0.129596,412.51,333.44,0.9789,0.644543,0.694672
1786702881.461418,27.969375,859,29.63,418.11,62.24,1.0000,0.653301,0.129656,412.39,333.29,0.9784,0.644361,0.694364
1786702881.500739,28.008696,860,29.63,418.04,62.23,1.0000,0.653194,0.129655,412.42,333.25,0.9783,0.644400,0.694273
1786702881.536926,28.044883,861,29.63,418.12,62.27,1.0000,0.653315,0.129726,412.29,333.26,0.9784,0.644199,0.694299
1786702881.564535,28.072493,862,29.63,418.01,62.27,1.0000,0.653133,0.129727,412.44,333.20,0.9784,0.644433,0.694165
1786702881.604181,28.112138,863,29.63,418.01,62.42,1.0000,0.653142,0.130050,412.35,333.40,0.9783,0.644294,0.694577
1786702881.633385,28.141343,864,29.63,417.82,62.41,1.0000,0.652847,0.130012,412.39,333.32,0.9782,0.644354,0.694425
1786702881.667918,28.175876,865,29.79,417.86,62.54,1.0000,0.652908,0.130289,412.33,333.31,0.9777,0.644270,0.694390
1786702881.710498,28.218456,866,29.79,417.86,62.56,1.0000,0.652909,0.130332,412.53,333.27,0.9779,0.644580,0.694306
1786702881.718324,28.226281,867,29.79,417.82,62.57,1.0000,0.652841,0.130355,412.52,333.26,0.9780,0.644563,0.694289
1786702881.766189,28.274147,868,29.79,417.73,62.59,1.0000,0.652707,0.130387,412.54,333.21,0.9775,0.644600,0.694183
1786702881.797654,28.305611,869,29.79,417.74,62.62,1.0000,0.652714,0.130467,412.46,333.33,0.9775,0.644471,0.694428
1786702881.813317,28.321275,870,29.79,417.84,62.62,1.0000,0.652869,0.130460,412.40,333.32,0.9773,0.644370,0.694422
1786702881.863303,28.371261,871,29.79,417.99,62.61,1.0000,0.653104,0.130435,412.32,333.38,0.9767,0.644254,0.694537
1786702881.912400,28.420357,872,29.79,418.01,62.58,1.0000,0.653136,0.130384,412.36,333.43,0.9771,0.644306,0.694642
1786702881.926641,28.434598,873,29.79,418.01,62.60,1.0000,0.653136,0.130413,412.33,333.42,0.9773,0.644267,0.694632
1786702881.970397,28.478354,874,29.79,418.06,62.58,1.0000,0.653221,0.130371,412.31,333.35,0.9775,0.644237,0.694488
1786702881.997456,28.505414,875,29.79,418.21,62.58,1.0000,0.653453,0.130375,412.46,333.49,0.9775,0.644466,0.694767
1786702882.021282,28.529239,876,29.79,418.21,62.57,1.0000,0.653449,0.130351,412.48,333.44,0.9778,0.644502,0.694669
1786702882.066101,28.574058,877,29.79,418.27,62.55,1.0000,0.653542,0.130306,412.62,333.52,0.9784,0.644725,0.694840
1786702882.124929,28.632887,878,29.79,418.27,62.53,1.0000,0.653545,0.130267,412.67,333.51,0.9787,0.644801,0.694810
1786702882.136879,28.644837,879,29.79,418.30,62.52,1.0000,0.653601,0.130242,412.59,333.54,0.9789,0.644666,0.694872
1786702882.167428,28.675385,880,29.76,418.30,62.51,1.0000,0.653601,0.130219,412.57,333.41,0.9789,0.644648,0.694610
1786702882.210023,28.717980,881,29.76,418.32,62.51,1.0000,0.653625,0.130233,412.48,333.43,0.9791,0.644494,0.694638
1786702882.228584,28.736541,882,29.76,418.32,62.51,1.0000,0.653625,0.130234,412.48,333.42,0.9792,0.644500,0.694624
1786702882.263858,28.771815,883,29.76,418.31,62.51,1.0000,0.653616,0.130224,412.46,333.41,0.9791,0.644471,0.694607
1786702882.303469,28.811426,884,29.76,418.73,62.40,1.0000,0.654271,0.130006,412.61,333.42,0.9794,0.644702,0.694627
1786702882.332393,28.840351,885,29.76,418.75,62.38,1.0000,0.654293,0.129960,412.59,333.44,0.9795,0.644667,0.694667
1786702882.378311,28.886268,886,29.76,418.92,62.34,1.0000,0.654560,0.129877,412.59,333.45,0.9798,0.644679,0.694686
1786702882.404299,28.912256,887,29.76,418.92,62.33,1.0000,0.654568,0.129861,412.58,333.48,0.9799,0.644650,0.694759
1786702882.420106,28.928063,888,29.76,418.88,62.32,1.0000,0.654499,0.129836,412.56,333.31,0.9801,0.644625,0.694391
1786702882.477831,28.985789,889,29.76,418.92,62.32,1.0000,0.654558,0.129832,412.49,333.24,0.9803,0.644513,0.694250
1786702882.504475,29.012433,890,29.76,418.79,62.32,1.0000,0.654361,0.129829,412.53,333.28,0.9801,0.644584,0.694338
1786702882.515160,29.023117,891,29.76,418.81,62.32,1.0000,0.654396,0.129825,412.59,333.29,0.9804,0.644677,0.694357
1786702882.562803,29.070761,892,29.76,418.84,62.37,1.0000,0.654440,0.129943,412.60,333.28,0.9806,0.644689,0.694335
1786702882.600192,29.108150,893,29.76,418.89,62.41,1.0000,0.654513,0.130011,412.73,333.27,0.9810,0.644892,0.694304
1786702882.634771,29.142728,894,29.76,418.88,62.39,1.0000,0.654504,0.129987,412.74,333.27,0.9810,0.644903,0.694305
1786702882.669595,29.177552,895,29.76,418.88,62.39,1.0000,0.654505,0.129989,412.74,333.32,0.9810,0.644910,0.694412
1786702882.706540,29.214498,896,29.87,418.98,62.39,1.0000,0.654656,0.129980,412.75,333.42,0.9808,0.644927,0.694635
1786702882.740493,29.248451,897,29.87,419.01,62.41,1.0000,0.654698,0.130018,412.70,333.46,0.9810,0.644849,0.694703
1786702882.760289,29.268247,898,29.87,419.03,62.53,1.0000,0.654732,0.130270,412.64,333.56,0.9806,0.644743,0.694912
1786702882.802344,29.310301,899,29.87,419.00,62.74,1.0000,0.654694,0.130703,412.65,333.58,0.9808,0.644769,0.694966
1786702882.833792,29.341749,900,29.87,419.01,62.77,1.0000,0.654709,0.130777,412.65,333.58,0.9808,0.644764,0.694955
1786702882.857487,29.365445,901,29.87,419.02,62.76,1.0000,0.654717,0.130744,412.69,333.60,0.9809,0.644827,0.694992
1786702882.903231,29.411188,902,29.87,418.98,62.77,1.0000,0.654658,0.130764,412.72,333.58,0.9808,0.644877,0.694950
1786702882.934453,29.442410,903,29.87,418.98,62.77,1.0000,0.654657,0.130762,412.63,333.49,0.9807,0.644740,0.694779
1786702882.966707,29.474664,904,29.87,418.97,62.75,1.0000,0.654636,0.130725,412.70,333.40,0.9806,0.644847,0.694578
1786702882.998084,29.506042,905,29.87,418.88,62.74,1.0000,0.654507,0.130717,412.61,333.36,0.9806,0.644701,0.694494
1786702883.027127,29.535085,906,29.87,418.85,62.63,1.0000,0.654456,0.130469,412.69,333.39,0.9807,0.644822,0.694556
1786702883.059745,29.567703,907,29.87,418.72,62.63,1.0000,0.654251,0.130485,412.68,333.41,0.9809,0.644820,0.694601
1786702883.099427,29.607384,908,29.87,418.69,62.63,1.0000,0.654197,0.130488,412.70,333.40,0.9809,0.644847,0.694579
1786702883.139063,29.647020,909,29.87,418.64,62.62,1.0000,0.654124,0.130457,412.81,333.28,0.9811,0.645011,0.694328
1786702883.159738,29.667696,910,29.87,418.63,62.63,1.0000,0.654115,0.130484,412.69,333.29,0.9807,0.644823,0.694350
1786702883.203037,29.710995,911,29.79,418.52,62.68,1.0000,0.653942,0.130582,412.74,333.33,0.9808,0.644910,0.694430
1786702883.234616,29.742573,912,29.79,418.47,62.68,1.0000,0.653861,0.130583,412.75,333.31,0.9809,0.644920,0.694388
1786702883.266002,29.773959,913,29.79,418.47,62.66,1.0000,0.653858,0.130548,412.77,333.31,0.9809,0.644952,0.694400
1786702883.316367,29.824325,914,29.79,418.47,62.81,1.0000,0.653854,0.130851,412.88,333.31,0.9810,0.645132,0.694392
1786702883.345731,29.853688,915,29.79,418.46,62.82,1.0000,0.653851,0.130865,412.94,333.31,0.9808,0.645219,0.694395
1786702883.393703,29.901660,916,29.79,418.46,62.80,1.0000,0.653850,0.130834,412.85,333.29,0.9804,0.645083,0.694359
1786702883.406779,29.914736,917,29.79,418.47,62.84,1.0000,0.653852,0.130913,412.81,333.21,0.9798,0.645023,0.694178
1786702883.422460,29.930417,918,29.79,418.48,62.85,1.0000,0.653870,0.130928,412.80,333.26,0.9795,0.644995,0.694291
1786702883.469889,29.977846,919,29.79,418.51,62.83,1.0000,0.653923,0.130898,412.81,333.27,0.9793,0.645018,0.694309
1786702883.487734,29.995692,920,29.79,418.46,62.82,1.0000,0.653844,0.130867,412.62,333.42,0.9790,0.644719,0.694625
1786702883.536581,30.044538,921,29.79,418.43,62.75,1.0000,0.653803,0.130727,412.59,333.42,0.9786,0.644679,0.694634
1786702883.564592,30.072549,922,29.79,418.35,62.71,1.0000,0.653676,0.130640,412.60,333.45,0.9787,0.644683,0.694691
1786702883.601847,30.109805,923,29.79,418.26,62.71,1.0000,0.653532,0.130637,412.48,333.48,0.9785,0.644493,0.694746
1786702883.636427,30.144385,924,29.79,418.21,62.68,1.0000,0.653448,0.130578,412.34,333.46,0.9781,0.644280,0.694712
1786702883.668849,30.176807,925,29.79,418.22,62.68,1.0000,0.653470,0.130575,412.34,333.79,0.9777,0.644280,0.695403
1786702883.705732,30.213690,926,29.81,418.12,62.70,1.0000,0.653311,0.130615,412.33,333.76,0.9778,0.644259,0.695334
1786702883.743566,30.251523,927,29.81,418.12,62.69,1.0000,0.653308,0.130606,412.34,333.78,0.9780,0.644275,0.695378
1786702883.782943,30.290900,928,29.81,417.96,62.84,1.0000,0.653060,0.130926,412.32,333.70,0.9778,0.644254,0.695198
1786702883.798677,30.306634,929,29.81,417.84,62.76,1.0000,0.652881,0.130749,412.33,333.64,0.9777,0.644264,0.695088
1786702883.862679,30.370637,930,29.81,417.75,62.58,1.0000,0.652729,0.130367,412.50,333.60,0.9776,0.644532,0.695010
1786702883.865351,30.373308,931,29.81,417.71,62.58,1.0000,0.652670,0.130382,412.48,333.57,0.9777,0.644503,0.694935
1786702883.897995,30.405952,932,29.81,417.65,62.59,1.0000,0.652583,0.130402,412.49,333.51,0.9776,0.644520,0.694820
1786702883.936407,30.444364,933,29.81,417.45,62.60,1.0000,0.652272,0.130408,412.54,333.51,0.9779,0.644587,0.694818
1786702883.979065,30.487023,934,29.81,417.18,62.57,1.0000,0.651845,0.130356,412.52,333.53,0.9779,0.644567,0.694847
1786702883.989276,30.497233,935,29.81,417.16,62.59,1.0000,0.651811,0.130391,412.68,333.46,0.9780,0.644807,0.694701
1786702884.034516,30.542473,936,29.81,417.15,62.58,1.0000,0.651798,0.130368,412.66,333.62,0.9783,0.644784,0.695052
1786702884.071719,30.579677,937,29.81,417.11,62.58,1.0000,0.651739,0.130367,412.61,333.62,0.9783,0.644704,0.695047
1786702884.100862,30.608819,938,29.81,417.09,62.58,1.0000,0.651696,0.130368,412.65,333.58,0.9785,0.644769,0.694968
1786702884.132194,30.640152,939,29.81,417.06,62.57,1.0000,0.651650,0.130361,412.68,333.61,0.9785,0.644806,0.695023
1786702884.169024,30.676982,940,29.81,417.02,62.53,1.0000,0.651594,0.130275,412.72,333.66,0.9788,0.644875,0.695128
1786702884.198871,30.706828,941,29.81,416.94,62.50,1.0000,0.651469,0.130207,412.69,333.63,0.9786,0.644822,0.695070
1786702884.230298,30.738256,942,29.96,416.89,62.50,1.0000,0.651396,0.130205,412.73,333.63,0.9790,0.644896,0.695071
1786702884.268183,30.776140,943,29.96,416.81,62.40,1.0000,0.651273,0.130007,412.73,333.58,0.9794,0.644894,0.694961
1786702884.299174,30.807132,944,29.96,416.77,62.45,1.0000,0.651206,0.130098,412.76,333.57,0.9794,0.644939,0.694940
1786702884.331145,30.839103,945,29.96,416.77,62.40,1.0000,0.651199,0.130002,412.82,333.52,0.9793,0.645029,0.694832
1786702884.369516,30.877474,946,29.96,416.73,62.35,1.0000,0.651139,0.129892,412.70,333.48,0.9791,0.644849,0.694745
1786702884.385653,30.893611,947,29.96,416.67,62.35,1.0000,0.651052,0.129888,412.75,333.42,0.9788,0.644920,0.694633
1786702884.441620,30.949577,948,29.96,416.48,62.34,1.0000,0.650756,0.129869,412.65,333.48,0.9787,0.644767,0.694760
1786702884.482274,30.990231,949,29.96,416.29,62.34,1.0000,0.650455,0.129866,412.67,333.17,0.9785,0.644796,0.694109
1786702884.497769,31.005727,950,29.96,416.12,62.32,1.0000,0.650187,0.129837,412.71,333.17,0.9786,0.644852,0.694102
1786702884.535503,31.043461,951,29.96,416.12,62.27,1.0000,0.650186,0.129733,412.65,333.18,0.9781,0.644760,0.694116
1786702884.564042,31.071999,952,29.96,416.11,62.24,1.0000,0.650174,0.129662,412.64,333.27,0.9781,0.644757,0.694307
1786702884.598517,31.106475,953,29.96,416.21,62.23,1.0000,0.650324,0.129648,412.59,333.31,0.9782,0.644665,0.694394
1786702884.627625,31.135583,954,29.96,416.15,62.17,1.0000,0.650240,0.129513,412.39,333.17,0.9779,0.644354,0.694102
1786702884.681085,31.189042,955,29.96,416.16,62.16,1.0000,0.650251,0.129504,412.50,333.21,0.9779,0.644535,0.694195
1786702884.712345,31.220302,956,29.96,416.21,62.11,1.0000,0.650325,0.129399,412.51,333.22,0.9779,0.644553,0.694217
1786702884.720406,31.228363,957,29.96,416.22,62.11,1.0000,0.650338,0.129396,412.44,333.22,0.9778,0.644443,0.694209
1786702884.768411,31.276369,958,29.96,416.18,62.10,1.0000,0.650289,0.129371,412.39,333.23,0.9779,0.644365,0.694229
1786702884.800346,31.308304,959,29.96,416.30,62.08,1.0000,0.650471,0.129330,412.39,333.26,0.9779,0.644353,0.694299
1786702884.831431,31.339388,960,29.96,416.37,62.10,1.0000,0.650571,0.129371,412.36,333.41,0.9780,0.644310,0.694594
1786702884.863094,31.371051,961,29.96,416.37,62.17,1.0000,0.650573,0.129517,412.36,333.50,0.9784,0.644310,0.694800
1786702884.902919,31.410876,962,29.96,416.37,62.28,1.0000,0.650579,0.129754,412.28,333.64,0.9784,0.644182,0.695076
1786702884.912696,31.420653,963,29.96,416.37,62.25,1.0000,0.650576,0.129680,412.26,333.64,0.9784,0.644149,0.695086
1786702884.955043,31.463000,964,29.96,416.41,62.26,1.0000,0.650634,0.129711,412.22,333.72,0.9783,0.644090,0.695243
1786702885.000696,31.508654,965,29.96,416.27,62.29,1.0000,0.650418,0.129778,412.25,333.74,0.9784,0.644148,0.695288
1786702885.029516,31.537473,966,29.96,416.25,62.29,1.0000,0.650385,0.129769,412.30,333.74,0.9788,0.644221,0.695290
1786702885.072527,31.580485,967,29.96,416.28,62.18,1.0000,0.650435,0.129543,412.06,333.85,0.9788,0.643846,0.695519
1786702885.085664,31.593621,968,29.96,416.28,62.18,1.0000,0.650443,0.129552,412.07,333.86,0.9790,0.643866,0.695532
1786702885.122952,31.630909,969,29.96,416.19,62.18,1.0000,0.650303,0.129535,412.09,333.81,0.9791,0.643895,0.695430
1786702885.162218,31.670176,970,29.96,416.18,62.01,1.0000,0.650285,0.129189,412.10,333.81,0.9789,0.643902,0.695433
1786702885.199283,31.707241,971,29.96,416.27,61.97,1.0000,0.650423,0.129111,412.10,333.82,0.9790,0.643914,0.695464
1786702885.228130,31.736088,972,29.96,416.14,61.92,1.0000,0.650225,0.128991,412.09,333.72,0.9786,0.643892,0.695254
1786702885.262520,31.770477,973,29.98,416.53,61.91,1.0000,0.650829,0.128986,411.96,333.76,0.9784,0.643684,0.695330
1786702885.297852,31.805810,974,29.98,416.54,61.90,1.0000,0.650840,0.128956,411.96,333.83,0.9782,0.643689,0.695487
1786702885.330070,31.838027,975,29.98,416.63,61.92,1.0000,0.650980,0.128998,411.88,333.93,0.9781,0.643555,0.695697
1786702885.370261,31.878219,976,29.98,416.53,61.92,1.0000,0.650828,0.128997,412.01,333.88,0.9782,0.643771,0.695589
1786702885.390031,31.897989,977,29.98,416.55,61.89,1.0000,0.650865,0.128930,412.01,333.91,0.9782,0.643768,0.695646
1786702885.409690,31.917647,978,29.98,416.52,61.88,1.0000,0.650806,0.128923,412.07,333.88,0.9784,0.643854,0.695573
1786702885.443104,31.951061,979,29.98,416.74,61.91,1.0000,0.651158,0.128980,412.05,333.86,0.9780,0.643836,0.695542
1786702885.485104,31.993062,980,29.98,416.88,61.91,1.0000,0.651371,0.128978,412.15,333.87,0.9785,0.643986,0.695566
1786702885.538236,32.046193,981,29.98,417.05,61.89,1.0000,0.651633,0.128933,411.97,333.98,0.9784,0.643705,0.695790
1786702885.543524,32.051482,982,29.98,417.02,61.82,1.0000,0.651601,0.128794,411.94,333.81,0.9779,0.643663,0.695441
1786702885.596096,32.104053,983,29.98,417.21,61.82,1.0000,0.651888,0.128791,411.92,333.97,0.9772,0.643627,0.695768
1786702885.660860,32.168817,984,29.98,417.26,61.82,1.0000,0.651967,0.128787,411.95,333.69,0.9773,0.643666,0.695196
1786702885.663599,32.171556,985,29.98,417.25,61.82,1.0000,0.651957,0.128782,411.94,333.80,0.9774,0.643653,0.695408
1786702885.705623,32.213580,986,29.98,417.29,61.78,1.0000,0.652015,0.128707,411.94,333.81,0.9774,0.643655,0.695428
1786702885.707746,32.215703,987,29.98,417.31,61.76,1.0000,0.652043,0.128661,411.92,333.85,0.9774,0.643633,0.695513
1786702885.746802,32.254760,988,29.98,417.32,61.69,1.0000,0.652062,0.128521,411.96,333.84,0.9774,0.643687,0.695493
1786702885.779854,32.287811,989,30.20,417.38,61.69,1.0000,0.652156,0.128517,411.96,333.89,0.9772,0.643687,0.695607
1786702885.811980,32.319938,990,30.20,417.38,61.63,1.0000,0.652154,0.128403,412.06,333.91,0.9774,0.643851,0.695647
1786702885.843600,32.351557,991,30.20,417.40,61.72,1.0000,0.652182,0.128574,412.09,333.97,0.9771,0.643887,0.695767
1786702885.883202,32.391159,992,30.20,417.38,61.83,1.0000,0.652162,0.128816,412.09,333.96,0.9775,0.643895,0.695759
1786702885.913131,32.421088,993,30.20,417.39,61.85,1.0000,0.652169,0.128845,411.86,334.12,0.9774,0.643528,0.696090
1786702885.961257,32.469215,994,30.20,417.23,61.79,1.0000,0.651924,0.128730,411.86,334.01,0.9772,0.643538,0.695863
1786702885.980353,32.488311,995,30.20,417.26,61.81,1.0000,0.651963,0.128780,411.87,334.14,0.9772,0.643550,0.696124
1786702886.011512,32.519470,996,30.20,417.21,61.80,1.0000,0.651887,0.128757,411.93,334.10,0.9772,0.643647,0.696040
1786702886.048268,32.556226,997,30.20,417.37,61.80,1.0000,0.652146,0.128756,412.00,334.09,0.9768,0.643745,0.696027
1786702886.084867,32.592824,998,30.20,417.57,61.78,1.0000,0.652453,0.128701,412.01,334.07,0.9766,0.643762,0.695984
1786702886.100772,32.608730,999,30.20,417.56,61.75,1.0000,0.652445,0.128653,412.01,334.07,0.9763,0.643758,0.695988
1786702886.146476,32.654433,1000,30.20,417.54,61.70,1.0000,0.652402,0.128547,412.12,333.93,0.9765,0.643934,0.695691
1786702886.180595,32.688552,1001,30.20,417.54,61.69,1.0000,0.652410,0.128526,412.20,333.90,0.9766,0.644061,0.695621
1786702886.212265,32.720223,1002,30.20,417.54,61.59,1.0000,0.652409,0.128315,412.13,333.96,0.9764,0.643950,0.695751
1786702886.244235,32.752192,1003,30.20,417.49,61.57,1.0000,0.652323,0.128270,412.12,333.96,0.9763,0.643944,0.695743
1786702886.281183,32.789140,1004,30.11,417.38,61.54,1.0000,0.652150,0.128206,412.13,333.83,0.9765,0.643959,0.695475
1786702886.318738,32.826696,1005,30.11,417.37,61.51,1.0000,0.652139,0.128136,412.12,333.89,0.9765,0.643942,0.695604
1786702886.352027,32.859984,1006,30.11,416.98,61.52,1.0000,0.651529,0.128169,412.20,333.94,0.9767,0.644065,0.695718
1786702886.380617,32.888575,1007,30.11,416.99,61.54,1.0000,0.651541,0.128199,412.16,334.03,0.9768,0.643996,0.695899
1786702886.426754,32.934712,1008,30.11,416.90,61.53,1.0000,0.651411,0.128196,412.17,334.04,0.9768,0.644015,0.695916
1786702886.441383,32.949341,1009,30.11,416.92,61.53,1.0000,0.651442,0.128187,412.14,334.02,0.9769,0.643973,0.695877
1786702886.490738,32.998695,1010,30.11,416.81,61.56,1.0000,0.651261,0.128242,412.11,334.01,0.9769,0.643923,0.695855
1786702886.524454,33.032412,1011,30.11,416.79,61.57,1.0000,0.651241,0.128274,412.11,333.98,0.9770,0.643925,0.695795
1786702886.556340,33.064298,1012,30.11,416.78,61.57,1.0000,0.651217,0.128277,412.26,333.90,0.9771,0.644159,0.695635
1786702886.588053,33.096011,1013,30.11,416.78,61.54,1.0000,0.651215,0.128211,412.37,333.81,0.9772,0.644327,0.695428
1786702886.614208,33.122165,1014,30.11,416.70,61.54,1.0000,0.651096,0.128203,412.37,333.79,0.9773,0.644327,0.695391
1786702886.658723,33.166681,1015,30.11,416.69,61.56,1.0000,0.651080,0.128253,412.39,333.79,0.9775,0.644352,0.695402
1786702886.687625,33.195583,1016,30.11,416.69,61.53,1.0000,0.651078,0.128187,412.31,333.67,0.9774,0.644235,0.695155
1786702886.732850,33.240808,1017,30.11,416.69,61.52,1.0000,0.651081,0.128163,412.30,333.66,0.9775,0.644225,0.695119
1786702886.756735,33.264693,1018,30.11,416.68,61.53,1.0000,0.651070,0.128195,412.30,333.54,0.9774,0.644220,0.694884
1786702886.799041,33.306998,1019,29.99,416.68,61.54,1.0000,0.651068,0.128199,412.24,333.36,0.9769,0.644126,0.694498
1786702886.815119,33.323076,1020,29.99,416.68,61.61,1.0000,0.651067,0.128352,412.25,333.36,0.9770,0.644135,0.694507
1786702886.852182,33.360139,1021,29.99,416.66,61.60,1.0000,0.651030,0.128332,412.29,333.38,0.9766,0.644197,0.694551
1786702886.887174,33.395131,1022,29.99,416.63,61.60,1.0000,0.650990,0.128332,412.17,333.52,0.9765,0.644022,0.694827
1786702886.930918,33.438875,1023,29.99,416.59,61.60,1.0000,0.650923,0.128332,412.20,333.47,0.9764,0.644061,0.694734
1786702886.958362,33.466320,1024,29.99,416.54,61.60,1.0000,0.650837,0.128342,412.21,333.54,0.9762,0.644074,0.694883
1786702886.997713,33.505671,1025,29.99,416.53,61.60,1.0000,0.650826,0.128331,412.21,333.48,0.9764,0.644080,0.694755
1786702887.005842,33.513800,1026,29.99,416.52,61.60,1.0000,0.650807,0.128331,412.19,333.48,0.9762,0.644044,0.694756
1786702887.060131,33.568089,1027,29.99,416.50,61.60,1.0000,0.650783,0.128337,412.20,333.59,0.9763,0.644056,0.694987
1786702887.092535,33.600492,1028,29.99,416.50,61.60,1.0000,0.650778,0.128338,412.28,333.45,0.9763,0.644187,0.694690
1786702887.121156,33.629114,1029,29.99,416.48,61.59,1.0000,0.650745,0.128304,412.25,333.45,0.9760,0.644141,0.694694
1786702887.155782,33.663740,1030,29.99,416.59,61.60,1.0000,0.650916,0.128325,412.23,333.45,0.9756,0.644112,0.694698
1786702887.187701,33.695659,1031,29.99,416.61,61.59,1.0000,0.650947,0.128313,412.21,333.43,0.9755,0.644071,0.694636
1786702887.245677,33.753634,1032,29.99,416.93,61.61,1.0000,0.651453,0.128362,412.34,333.36,0.9760,0.644282,0.694501
1786702887.258430,33.766387,1033,29.99,416.95,61.62,1.0000,0.651486,0.128377,412.49,333.35,0.9760,0.644523,0.694473
1786702887.292937,33.800895,1034,29.96,416.96,61.63,1.0000,0.651500,0.128386,412.60,333.40,0.9763,0.644690,0.694588
1786702887.329475,33.837432,1035,29.96,416.95,61.62,1.0000,0.651490,0.128383,412.61,333.49,0.9760,0.644702,0.694769
1786702887.362195,33.870153,1036,29.96,417.03,61.68,1.0000,0.651612,0.128501,412.61,333.54,0.9761,0.644702,0.694873
1786702887.406948,33.914905,1037,29.96,417.13,61.74,1.0000,0.651762,0.128633,412.60,333.60,0.9762,0.644694,0.694995
1786702887.419543,33.927500,1038,29.96,417.14,61.78,1.0000,0.651787,0.128698,412.61,333.68,0.9765,0.644704,0.695157
1786702887.480564,33.988521,1039,29.96,417.17,61.80,1.0000,0.651829,0.128740,412.54,333.71,0.9766,0.644590,0.695235
1786702887.503948,34.011905,1040,29.96,417.19,61.79,1.0000,0.651858,0.128731,412.60,333.68,0.9771,0.644683,0.695174
1786702887.528886,34.036844,1041,29.96,417.19,61.78,1.0000,0.651859,0.128709,412.60,333.66,0.9775,0.644691,0.695116
1786702887.566077,34.074034,1042,29.96,417.18,61.78,1.0000,0.651839,0.128706,412.59,333.66,0.9778,0.644672,0.695121
1786702887.584493,34.092450,1043,29.96,417.18,61.86,1.0000,0.651849,0.128868,412.54,333.65,0.9779,0.644596,0.695103
1786702887.627568,34.135526,1044,29.96,417.18,62.02,1.0000,0.651851,0.129205,412.53,333.64,0.9782,0.644574,0.695078
1786702887.675737,34.183695,1045,29.96,417.12,62.01,1.0000,0.651754,0.129180,412.54,333.54,0.9780,0.644588,0.694884
1786702887.697316,34.205273,1046,29.96,417.18,61.97,1.0000,0.651845,0.129112,412.59,333.56,0.9780,0.644673,0.694908
1786702887.737027,34.244985,1047,29.96,417.19,61.96,1.0000,0.651857,0.129085,412.59,333.49,0.9780,0.644674,0.694780
1786702887.754274,34.262231,1048,29.96,417.25,62.06,1.0000,0.651946,0.129299,412.56,333.50,0.9783,0.644628,0.694786
1786702887.792861,34.300819,1049,29.97,417.25,62.06,1.0000,0.651953,0.129293,412.56,333.30,0.9786,0.644628,0.694378
1786702887.805996,34.313954,1050,29.97,417.30,62.06,1.0000,0.652026,0.129284,412.44,333.36,0.9789,0.644444,0.694492
1786702887.853626,34.361583,1051,29.97,417.30,62.06,1.0000,0.652038,0.129281,412.37,333.39,0.9788,0.644329,0.694563
1786702887.898420,34.406378,1052,29.97,417.38,62.18,1.0000,0.652155,0.129535,412.37,333.50,0.9792,0.644327,0.694794
1786702887.922303,34.430260,1053,29.97,417.43,62.21,1.0000,0.652237,0.129605,412.40,333.49,0.9793,0.644373,0.694779
1786702887.956519,34.464476,1054,29.97,417.52,62.18,1.0000,0.652378,0.129544,412.44,333.47,0.9794,0.644435,0.694732
1786702887.993294,34.501252,1055,29.97,417.57,62.18,1.0000,0.652461,0.129540,412.43,333.24,0.9791,0.644420,0.694253
1786702888.033730,34.541687,1056,29.97,417.68,62.15,1.0000,0.652629,0.129476,412.35,333.23,0.9792,0.644290,0.694219
1786702888.065813,34.573771,1057,29.97,417.68,62.14,1.0000,0.652626,0.129457,412.39,333.21,0.9791,0.644356,0.694178
1786702888.102405,34.610362,1058,29.97,417.54,62.04,1.0000,0.652411,0.129251,412.30,333.08,0.9788,0.644214,0.693922
1786702888.126617,34.634575,1059,29.97,417.48,62.09,1.0000,0.652308,0.129359,412.37,333.07,0.9792,0.644327,0.693898
1786702888.171947,34.679905,1060,29.97,417.31,62.10,1.0000,0.652044,0.129380,412.38,333.19,0.9793,0.644351,0.694139
1786702888.195015,34.702972,1061,29.97,417.26,62.01,1.0000,0.651967,0.129177,412.42,333.22,0.9791,0.644411,0.694214
1786702888.230690,34.738647,1062,29.97,417.19,61.96,1.0000,0.651856,0.129090,412.39,333.21,0.9788,0.644358,0.694187
1786702888.277660,34.785617,1063,29.97,417.14,62.02,1.0000,0.651775,0.129205,412.30,333.12,0.9787,0.644222,0.693995
1786702888.285990,34.793948,1064,29.97,417.13,62.09,1.0000,0.651768,0.129350,412.27,333.11,0.9784,0.644174,0.693973
1786702888.323916,34.831873,1065,30.06,417.06,62.10,1.0000,0.651649,0.129372,412.33,333.10,0.9785,0.644258,0.693957
1786702888.355996,34.863953,1066,30.06,417.01,61.97,1.0000,0.651574,0.129094,412.14,333.16,0.9783,0.643970,0.694088
1786702888.398256,34.906214,1067,30.06,416.71,61.82,1.0000,0.651114,0.128800,412.21,333.23,0.9784,0.644071,0.694232
1786702888.430305,34.938262,1068,30.06,416.68,61.84,1.0000,0.651067,0.128828,412.21,333.30,0.9780,0.644072,0.694369
1786702888.443506,34.951463,1069,30.06,416.50,61.81,1.0000,0.650774,0.128776,412.24,333.30,0.9777,0.644131,0.694380
1786702888.521915,35.029872,1070,30.06,416.48,61.70,1.0000,0.650745,0.128538,412.41,333.30,0.9779,0.644386,0.694374
1786702888.536831,35.044789,1071,30.06,416.48,61.69,1.0000,0.650743,0.128520,412.43,333.28,0.9777,0.644418,0.694336
1786702888.571534,35.079491,1072,30.06,416.24,61.66,1.0000,0.650374,0.128448,412.43,333.23,0.9778,0.644414,0.694230
1786702888.608545,35.116502,1073,30.06,416.16,61.52,1.0000,0.650254,0.128167,412.45,333.21,0.9775,0.644446,0.694187
1786702888.618965,35.126922,1074,30.06,416.12,61.51,1.0000,0.650182,0.128141,412.31,333.22,0.9772,0.644233,0.694207
1786702888.669564,35.177521,1075,30.06,415.84,61.48,1.0000,0.649742,0.128078,412.32,333.20,0.9771,0.644256,0.694168
1786702888.701208,35.209166,1076,30.06,415.82,61.47,1.0000,0.649720,0.128072,412.27,333.27,0.9773,0.644176,0.694317
1786702888.738698,35.246656,1077,30.06,415.64,61.47,1.0000,0.649444,0.128069,412.27,333.29,0.9773,0.644171,0.694346
1786702888.772085,35.280043,1078,30.06,415.56,61.43,1.0000,0.649309,0.127982,412.28,333.27,0.9775,0.644186,0.694322
1786702888.796014,35.303972,1079,30.06,415.45,61.43,1.0000,0.649138,0.127978,412.29,333.24,0.9776,0.644199,0.694254
1786702888.836267,35.344224,1080,29.93,415.41,61.38,1.0000,0.649078,0.127879,412.30,333.29,0.9778,0.644223,0.694364
1786702888.854072,35.362030,1081,29.93,415.38,61.38,1.0000,0.649035,0.127872,412.30,333.30,0.9778,0.644216,0.694375
1786702888.883852,35.391809,1082,29.93,415.34,61.38,1.0000,0.648973,0.127867,412.20,333.19,0.9776,0.644064,0.694142
1786702888.929428,35.437385,1083,29.93,415.35,61.37,1.0000,0.648979,0.127863,412.26,333.33,0.9776,0.644150,0.694438
1786702888.960931,35.468889,1084,29.93,415.30,61.35,1.0000,0.648910,0.127821,412.24,333.26,0.9775,0.644123,0.694299
1786702889.021985,35.529943,1085,29.93,415.30,61.36,1.0000,0.648910,0.127833,412.17,333.23,0.9776,0.644010,0.694232
1786702889.024574,35.532532,1086,29.93,415.17,61.34,1.0000,0.648696,0.127802,412.16,333.20,0.9775,0.644005,0.694157
1786702889.064744,35.572701,1087,29.93,415.16,61.34,1.0000,0.648695,0.127800,412.16,333.18,0.9777,0.644005,0.694115
1786702889.095737,35.603694,1088,29.93,415.06,61.23,1.0000,0.648530,0.127564,412.13,333.15,0.9777,0.643948,0.694070
1786702889.125021,35.632978,1089,29.93,414.96,61.18,1.0000,0.648380,0.127448,412.07,333.06,0.9776,0.643855,0.693872
1786702889.165216,35.673173,1090,29.93,414.96,61.16,1.0000,0.648378,0.127412,412.06,333.16,0.9777,0.643841,0.694085
1786702889.189154,35.697112,1091,29.93,414.87,61.15,1.0000,0.648237,0.127386,412.09,333.20,0.9780,0.643887,0.694158
1786702889.231735,35.739692,1092,29.93,414.80,61.12,1.0000,0.648125,0.127325,412.08,333.17,0.9783,0.643881,0.694112
1786702889.276940,35.784898,1093,29.93,414.66,61.10,1.0000,0.647903,0.127298,412.13,333.23,0.9785,0.643956,0.694235
1786702889.305547,35.813504,1094,29.93,414.61,61.10,1.0000,0.647826,0.127292,412.15,333.28,0.9787,0.643980,0.694329
1786702889.318503,35.826461,1095,29.93,414.55,61.10,1.0000,0.647732,0.127287,412.15,333.32,0.9787,0.643979,0.694409
1786702889.358436,35.866394,1096,30.00,414.55,61.10,1.0000,0.647729,0.127294,412.22,333.31,0.9789,0.644089,0.694392
1786702889.398130,35.906088,1097,30.00,414.24,61.09,1.0000,0.647247,0.127272,412.16,333.31,0.9787,0.644005,0.694391
1786702889.440866,35.948823,1098,30.00,414.30,61.10,1.0000,0.647344,0.127294,412.01,333.63,0.9785,0.643771,0.695066
1786702889.471759,35.979716,1099,30.00,414.01,61.05,1.0000,0.646890,0.127191,412.05,333.67,0.9783,0.643834,0.695155
1786702889.501052,36.009009,1100,30.00,414.03,61.05,1.0000,0.646918,0.127189,412.10,333.66,0.9786,0.643909,0.695132
1786702889.531931,36.039888,1101,30.00,414.03,61.05,1.0000,0.646919,0.127186,412.06,333.45,0.9784,0.643850,0.694690
1786702889.569444,36.077402,1102,30.00,414.17,61.20,1.0000,0.647147,0.127504,412.04,333.67,0.9784,0.643820,0.695147
1786702889.608670,36.116627,1103,30.00,414.11,61.20,1.0000,0.647051,0.127500,412.04,333.64,0.9785,0.643820,0.695083
1786702889.651357,36.159314,1104,30.00,414.10,61.21,1.0000,0.647028,0.127522,412.04,333.84,0.9786,0.643819,0.695493
1786702889.677087,36.185044,1105,30.00,414.09,61.21,1.0000,0.647016,0.127521,412.03,333.82,0.9787,0.643803,0.695468
1786702889.693174,36.201131,1106,30.00,414.12,61.25,1.0000,0.647060,0.127603,412.02,334.06,0.9790,0.643782,0.695955
1786702889.737926,36.245884,1107,30.00,413.70,61.24,1.0000,0.646405,0.127591,412.05,334.01,0.9788,0.643834,0.695864
1786702889.765064,36.273022,1108,30.00,413.71,61.22,1.0000,0.646417,0.127534,412.05,333.96,0.9790,0.643834,0.695755
1786702889.802285,36.310243,1109,30.00,413.57,61.13,1.0000,0.646210,0.127347,412.12,333.80,0.9790,0.643937,0.695421
1786702889.826637,36.334594,1110,30.00,413.61,61.13,1.0000,0.646264,0.127344,412.20,333.77,0.9793,0.644056,0.695355
1786702889.863376,36.371334,1111,29.93,413.59,61.09,1.0000,0.646234,0.127266,412.17,333.71,0.9792,0.644017,0.695231
1786702889.902607,36.410565,1112,29.93,413.80,61.12,1.0000,0.646567,0.127335,412.12,333.83,0.9794,0.643941,0.695483
1786702889.958640,36.466597,1113,29.93,413.78,61.08,1.0000,0.646533,0.127254,412.18,333.82,0.9795,0.644028,0.695465
1786702889.977084,36.485041,1114,29.93,413.79,61.11,1.0000,0.646539,0.127310,412.17,333.93,0.9794,0.644011,0.695693
1786702890.006562,36.514519,1115,29.93,413.76,61.11,1.0000,0.646500,0.127310,412.18,333.88,0.9794,0.644026,0.695579
1786702890.027710,36.535668,1116,29.93,413.85,61.13,1.0000,0.646636,0.127351,412.13,333.91,0.9797,0.643950,0.695641
1786702890.064745,36.572703,1117,29.93,413.79,61.13,1.0000,0.646554,0.127349,412.11,333.70,0.9794,0.643919,0.695203
1786702890.101695,36.609652,1118,29.93,413.92,61.20,1.0000,0.646744,0.127506,412.07,333.78,0.9795,0.643854,0.695384
1786702890.152825,36.660783,1119,29.93,413.92,61.20,1.0000,0.646744,0.127503,412.08,333.79,0.9795,0.643872,0.695404
1786702890.167687,36.675644,1120,29.93,413.86,61.20,1.0000,0.646663,0.127503,412.14,333.79,0.9801,0.643967,0.695389
1786702890.205195,36.713152,1121,29.93,413.85,61.26,1.0000,0.646645,0.127634,412.14,333.78,0.9800,0.643968,0.695379
1786702890.225568,36.733525,1122,29.93,413.95,61.28,1.0000,0.646795,0.127657,412.10,333.83,0.9801,0.643904,0.695487
1786702890.265807,36.773765,1123,29.93,413.86,61.28,1.0000,0.646664,0.127668,412.09,333.69,0.9800,0.643889,0.695184
1786702890.310785,36.818743,1124,29.93,414.34,61.37,1.0000,0.647411,0.127844,412.05,333.76,0.9801,0.643822,0.695342
1786702890.329344,36.837301,1125,29.93,414.24,61.37,1.0000,0.647252,0.127855,412.05,333.72,0.9799,0.643823,0.695241
1786702890.366669,36.874626,1126,29.88,414.40,61.37,1.0000,0.647492,0.127859,412.18,333.92,0.9804,0.644025,0.695675
1786702890.414099,36.922057,1127,29.88,414.26,61.38,1.0000,0.647282,0.127866,412.21,333.92,0.9805,0.644078,0.695675
1786702890.430349,36.938306,1128,29.88,414.29,61.37,1.0000,0.647321,0.127863,412.21,333.98,0.9807,0.644083,0.695789
1786702890.456183,36.964141,1129,29.88,414.29,61.37,1.0000,0.647323,0.127850,412.14,333.98,0.9806,0.643969,0.695784
1786702890.482112,36.990070,1130,29.88,414.29,61.37,1.0000,0.647322,0.127852,412.15,333.89,0.9807,0.643979,0.695595
1786702890.524569,37.032527,1131,29.88,414.29,61.39,1.0000,0.647334,0.127898,412.16,333.90,0.9809,0.644000,0.695635
1786702890.550923,37.058881,1132,29.88,414.28,61.39,1.0000,0.647309,0.127900,412.16,333.83,0.9810,0.643999,0.695477
1786702890.603700,37.111658,1133,29.88,414.24,61.38,1.0000,0.647251,0.127866,412.18,333.86,0.9810,0.644025,0.695537
1786702890.614076,37.122033,1134,29.88,414.09,61.34,1.0000,0.647011,0.127800,412.16,333.66,0.9808,0.644001,0.695130
1786702890.663562,37.171520,1135,29.88,414.32,61.33,1.0000,0.647370,0.127778,412.05,333.55,0.9810,0.643829,0.694893
1786702890.692160,37.200117,1136,29.88,414.24,61.29,1.0000,0.647252,0.127680,411.98,333.37,0.9804,0.643723,0.694529
1786702890.717175,37.225133,1137,29.88,414.25,61.16,1.0000,0.647262,0.127415,411.95,333.38,0.9803,0.643671,0.694540
1786702890.765422,37.273379,1138,29.88,414.39,61.11,1.0000,0.647484,0.127320,411.95,333.59,0.9804,0.643670,0.694978
1786702890.800048,37.308006,1139,29.88,414.37,61.11,1.0000,0.647452,0.127319,411.92,333.70,0.9804,0.643625,0.695206
1786702890.824203,37.332160,1140,29.88,414.37,61.14,1.0000,0.647446,0.127379,411.94,333.78,0.9804,0.643651,0.695374
1786702890.864140,37.372097,1141,29.88,414.40,61.15,1.0000,0.647504,0.127402,411.88,333.78,0.9804,0.643557,0.695383
1786702890.890681,37.398638,1142,30.05,414.36,61.15,1.0000,0.647444,0.127403,412.06,333.76,0.9807,0.643839,0.695338
1786702890.927736,37.435694,1143,30.05,414.36,61.23,1.0000,0.647443,0.127558,411.84,333.78,0.9805,0.643493,0.695384
1786702890.973719,37.481676,1144,30.05,414.60,61.31,1.0000,0.647808,0.127727,411.81,333.77,0.9803,0.643453,0.695361
1786702890.988463,37.496421,1145,30.05,414.52,61.31,1.0000,0.647682,0.127726,411.88,333.74,0.9804,0.643563,0.695288
1786702891.028393,37.536350,1146,30.05,414.48,61.31,1.0000,0.647630,0.127724,411.98,333.79,0.9804,0.643712,0.695387
1786702891.093222,37.601180,1147,30.05,414.31,61.35,1.0000,0.647352,0.127814,412.01,333.72,0.9804,0.643767,0.695252
1786702891.105852,37.613809,1148,30.05,414.21,61.35,1.0000,0.647208,0.127816,412.04,333.80,0.9806,0.643810,0.695426
1786702891.139891,37.647848,1149,30.05,414.21,61.35,1.0000,0.647195,0.127816,412.04,333.80,0.9807,0.643806,0.695414
1786702891.169536,37.677493,1150,30.05,414.20,61.35,1.0000,0.647181,0.127811,412.07,333.80,0.9808,0.643862,0.695424
1786702891.202887,37.710845,1151,30.05,414.05,61.35,1.0000,0.646953,0.127815,412.08,333.80,0.9807,0.643878,0.695422
1786702891.232469,37.740427,1152,30.05,414.11,61.44,1.0000,0.647043,0.128005,411.95,333.73,0.9804,0.643676,0.695269
1786702891.269574,37.777531,1153,30.05,414.04,61.42,1.0000,0.646937,0.127964,411.96,333.66,0.9802,0.643687,0.695119
1786702891.301802,37.809760,1154,30.05,414.08,61.42,1.0000,0.647006,0.127965,411.97,333.67,0.9802,0.643707,0.695145
1786702891.330525,37.838483,1155,30.05,413.59,61.42,1.0000,0.646241,0.127964,412.00,333.58,0.9801,0.643745,0.694958
1786702891.380686,37.888644,1156,30.05,413.63,61.43,1.0000,0.646296,0.127976,412.04,333.62,0.9803,0.643812,0.695036
1786702891.407565,37.915523,1157,29.81,413.34,61.43,1.0000,0.645836,0.127980,412.06,333.59,0.9802,0.643844,0.694980
1786702891.423565,37.931522,1158,29.81,413.36,61.45,1.0000,0.645871,0.128020,412.13,333.62,0.9805,0.643951,0.695033
1786702891.477647,37.985604,1159,29.81,412.95,61.44,1.0000,0.645231,0.128010,412.22,333.53,0.9802,0.644096,0.694857
1786702891.493043,38.001001,1160,29.81,412.95,61.44,1.0000,0.645239,0.127992,412.20,333.53,0.9802,0.644069,0.694857
1786702891.540518,38.048476,1161,29.81,412.70,61.43,1.0000,0.644836,0.127977,412.33,333.54,0.9802,0.644267,0.694879
1786702891.562837,38.070795,1162,29.81,412.80,61.43,1.0000,0.645003,0.127979,412.32,333.50,0.9801,0.644250,0.694785
1786702891.597106,38.105063,1163,29.81,412.69,61.40,1.0000,0.644823,0.127921,412.32,333.42,0.9803,0.644249,0.694616
1786702891.640132,38.148090,1164,29.81,412.88,61.50,1.0000,0.645119,0.128116,411.99,333.56,0.9800,0.643733,0.694914
1786702891.671746,38.179704,1165,29.81,412.34,61.48,1.0000,0.644275,0.128082,412.04,333.53,0.9801,0.643809,0.694857
1786702891.705650,38.213608,1166,29.81,412.49,61.47,1.0000,0.644513,0.128071,411.93,333.54,0.9801,0.643642,0.694868
1786702891.743736,38.251694,1167,29.81,412.47,61.48,1.0000,0.644484,0.128075,412.03,333.58,0.9804,0.643790,0.694956
1786702891.779946,38.287904,1168,29.81,412.48,61.57,1.0000,0.644499,0.128265,411.99,333.60,0.9806,0.643739,0.695001
1786702891.795759,38.303717,1169,29.81,412.40,61.56,1.0000,0.644374,0.128258,412.09,333.69,0.9807,0.643896,0.695180
1786702891.835361,38.343318,1170,29.81,412.40,61.52,1.0000,0.644367,0.128162,412.09,333.74,0.9809,0.643889,0.695283
1786702891.872840,38.380797,1171,29.81,412.23,61.47,1.0000,0.644111,0.128069,412.26,333.77,0.9810,0.644158,0.695348
1786702891.902261,38.410219,1172,29.81,412.29,61.47,1.0000,0.644199,0.128072,412.26,333.76,0.9810,0.644149,0.695324
1786702891.933167,38.441124,1173,29.96,412.28,61.48,1.0000,0.644194,0.128092,412.27,333.76,0.9810,0.644167,0.695328
1786702891.967270,38.475227,1174,29.96,412.28,61.49,1.0000,0.644195,0.128096,412.25,333.83,0.9810,0.644134,0.695478
1786702892.001992,38.509950,1175,29.96,412.10,61.46,1.0000,0.643905,0.128048,412.27,333.60,0.9809,0.644166,0.695009
1786702892.026377,38.534335,1176,29.96,412.11,61.44,1.0000,0.643917,0.127998,412.27,333.66,0.9809,0.644168,0.695124
1786702892.067862,38.575819,1177,29.96,412.08,61.47,1.0000,0.643876,0.128064,412.41,333.68,0.9812,0.644387,0.695168
1786702892.102225,38.610183,1178,29.96,412.04,61.47,1.0000,0.643811,0.128056,412.39,333.68,0.9814,0.644359,0.695163
1786702892.141823,38.649780,1179,29.96,412.01,61.46,1.0000,0.643761,0.128050,412.40,333.71,0.9816,0.644369,0.695225
1786702892.165904,38.673861,1180,29.96,411.95,61.47,1.0000,0.643665,0.128061,412.36,333.76,0.9813,0.644315,0.695329
1786702892.198024,38.705981,1181,29.96,411.93,61.48,1.0000,0.643640,0.128080,412.39,333.75,0.9813,0.644356,0.695311
1786702892.234515,38.742472,1182,29.96,411.76,61.48,1.0000,0.643382,0.128081,412.40,333.69,0.9812,0.644370,0.695191
1786702892.266334,38.774291,1183,29.96,411.66,61.47,1.0000,0.643212,0.128056,412.40,333.85,0.9811,0.644373,0.695512
1786702892.307674,38.815631,1184,29.96,411.61,61.46,1.0000,0.643133,0.128049,412.38,333.88,0.9812,0.644351,0.695588
1786702892.352010,38.859967,1185,29.96,411.60,61.45,1.0000,0.643128,0.128028,412.38,333.57,0.9812,0.644347,0.694927
1786702892.385511,38.893468,1186,29.96,411.61,61.45,1.0000,0.643143,0.128024,412.39,333.51,0.9810,0.644364,0.694803
1786702892.405773,38.913730,1187,29.96,411.61,61.47,1.0000,0.643137,0.128053,412.40,333.48,0.9810,0.644368,0.694743
1786702892.441357,38.949314,1188,29.89,411.61,61.50,1.0000,0.643135,0.128119,412.40,333.49,0.9808,0.644378,0.694776
1786702892.462672,38.970629,1189,29.89,411.61,61.50,1.0000,0.643134,0.128129,412.38,333.53,0.9809,0.644344,0.694857
1786702892.512674,39.020632,1190,29.89,411.36,61.51,1.0000,0.642753,0.128143,412.38,333.60,0.9808,0.644348,0.695008
1786702892.541548,39.049505,1191,29.89,411.46,61.48,1.0000,0.642901,0.128074,412.33,333.63,0.9809,0.644258,0.695058
1786702892.575953,39.083911,1192,29.89,411.41,61.47,1.0000,0.642834,0.128066,412.22,333.62,0.9809,0.644097,0.695052
1786702892.597893,39.105851,1193,29.89,411.41,61.46,1.0000,0.642833,0.128035,412.24,333.62,0.9808,0.644130,0.695044
1786702892.636931,39.144889,1194,29.89,411.38,61.41,1.0000,0.642784,0.127935,412.23,333.53,0.9809,0.644109,0.694858
1786702892.668681,39.176639,1195,29.89,411.39,61.40,1.0000,0.642799,0.127914,412.21,333.41,0.9810,0.644080,0.694604
1786702892.703058,39.211015,1196,29.89,411.39,61.35,1.0000,0.642800,0.127806,412.23,333.33,0.9808,0.644113,0.694432
1786702892.731381,39.239338,1197,29.89,411.57,61.31,1.0000,0.643073,0.127735,412.24,333.47,0.9805,0.644123,0.694724
1786702892.744745,39.252703,1198,29.89,411.55,61.25,1.0000,0.643047,0.127601,412.34,333.50,0.9806,0.644287,0.694798
1786702892.804953,39.312910,1199,29.89,411.49,61.27,1.0000,0.642955,0.127649,412.35,333.62,0.9809,0.644289,0.695032
1786702892.831690,39.339648,1200,29.89,411.54,61.25,1.0000,0.643029,0.127595,412.35,333.69,0.9809,0.644290,0.695184
1786702892.858377,39.366335,1201,29.89,411.60,61.24,1.0000,0.643123,0.127581,412.46,333.71,0.9810,0.644463,0.695237
1786702892.897424,39.405382,1202,29.89,411.62,61.20,1.0000,0.643157,0.127503,412.46,333.71,0.9812,0.644476,0.695228
1786702892.919645,39.427603,1203,29.89,411.63,61.18,1.0000,0.643166,0.127462,412.46,333.67,0.9810,0.644464,0.695143
1786702892.964377,39.472335,1204,30.00,411.88,61.26,1.0000,0.643562,0.127620,412.41,333.77,0.9806,0.644396,0.695345
1786702892.991164,39.499121,1205,30.00,411.84,61.25,1.0000,0.643494,0.127611,412.42,333.78,0.9807,0.644404,0.695370
1786702893.069252,39.577209,1206,30.00,412.27,61.26,1.0000,0.644167,0.127629,412.18,333.78,0.9803,0.644030,0.695378
1786702893.071890,39.579847,1207,30.00,412.27,61.26,1.0000,0.644166,0.127616,412.28,333.80,0.9805,0.644180,0.695406
1786702893.093154,39.601112,1208,30.00,412.41,61.27,1.0000,0.644396,0.127646,412.28,333.88,0.9806,0.644185,0.695584
1786702893.135028,39.642986,1209,30.00,412.18,61.31,1.0000,0.644028,0.127720,412.37,333.86,0.9808,0.644326,0.695536
1786702893.165580,39.673537,1210,30.00,412.54,61.41,1.0000,0.644598,0.127933,412.38,334.02,0.9809,0.644347,0.695883
1786702893.213360,39.721317,1211,30.00,412.28,61.40,1.0000,0.644192,0.127914,412.43,334.03,0.9808,0.644428,0.695886
1786702893.233662,39.741619,1212,30.00,412.31,61.42,1.0000,0.644236,0.127950,412.38,334.02,0.9804,0.644351,0.695872
1786702893.264739,39.772696,1213,30.00,412.20,61.42,1.0000,0.644063,0.127950,412.51,334.11,0.9806,0.644549,0.696054
1786702893.298853,39.806811,1214,30.00,412.23,61.46,1.0000,0.644117,0.128046,412.36,334.10,0.9801,0.644309,0.696033
1786702893.328001,39.835959,1215,30.00,412.23,61.47,1.0000,0.644116,0.128062,412.47,334.14,0.9803,0.644480,0.696130
1786702893.367306,39.875264,1216,30.00,412.43,61.47,1.0000,0.644425,0.128069,412.32,334.07,0.9801,0.644249,0.695985
1786702893.402179,39.910137,1217,30.00,412.36,61.47,1.0000,0.644313,0.128070,412.34,334.01,0.9800,0.644280,0.695850
1786702893.430979,39.938936,1218,30.00,412.61,61.47,1.0000,0.644696,0.128070,412.11,334.04,0.9800,0.643926,0.695907
1786702893.469766,39.977723,1219,30.00,412.60,61.47,1.0000,0.644680,0.128072,412.15,333.99,0.9803,0.643977,0.695817
1786702893.501552,40.009510,1220,29.97,412.68,61.52,1.0000,0.644816,0.128163,411.96,333.92,0.9799,0.643685,0.695673
1786702893.530507,40.038464,1221,29.97,412.67,61.51,1.0000,0.644792,0.128156,412.00,333.93,0.9799,0.643748,0.695688
1786702893.561656,40.069613,1222,29.97,412.68,61.57,1.0000,0.644812,0.128264,411.89,333.79,0.9800,0.643585,0.695400
1786702893.597141,40.105099,1223,29.97,412.67,61.62,1.0000,0.644796,0.128385,411.93,333.77,0.9798,0.643639,0.695361
1786702893.636209,40.144166,1224,29.97,412.74,61.64,1.0000,0.644905,0.128424,411.92,333.84,0.9798,0.643623,0.695506
1786702893.657367,40.165325,1225,29.97,412.62,61.64,1.0000,0.644721,0.128413,412.00,333.76,0.9796,0.643750,0.695339
1786702893.688329,40.196287,1226,29.97,412.95,61.75,1.0000,0.645233,0.128640,411.99,333.82,0.9797,0.643728,0.695456
1786702893.733702,40.241659,1227,29.97,412.81,61.75,1.0000,0.645011,0.128637,412.10,333.82,0.9799,0.643908,0.695462
1786702893.754561,40.262518,1228,29.97,412.84,61.74,1.0000,0.645069,0.128631,412.09,333.79,0.9801,0.643889,0.695396
1786702893.792043,40.300001,1229,29.97,412.63,61.73,1.0000,0.644727,0.128604,412.18,333.76,0.9801,0.644024,0.695336
1786702893.824633,40.332590,1230,29.97,412.65,61.83,1.0000,0.644758,0.128805,412.17,333.75,0.9802,0.644010,0.695315
1786702893.855566,40.363523,1231,29.97,412.51,61.79,1.0000,0.644543,0.128725,412.28,333.84,0.9802,0.644188,0.695503
1786702893.878258,40.386215,1232,29.97,412.53,61.81,1.0000,0.644582,0.128779,412.27,333.89,0.9802,0.644173,0.695614
1786702893.926646,40.434603,1233,29.97,412.11,61.78,1.0000,0.643922,0.128708,412.33,333.87,0.9801,0.644268,0.695553
1786702893.958448,40.466406,1234,29.97,412.24,61.78,1.0000,0.644126,0.128703,412.29,333.88,0.9802,0.644199,0.695588
1786702894.000497,40.508454,1235,29.97,412.23,61.78,1.0000,0.644108,0.128704,412.42,333.82,0.9804,0.644403,0.695454
1786702894.037589,40.545547,1236,29.94,412.17,61.77,1.0000,0.644022,0.128689,412.37,333.81,0.9807,0.644331,0.695440
1786702894.062167,40.570124,1237,29.94,412.19,61.75,1.0000,0.644045,0.128653,412.40,333.80,0.9803,0.644377,0.695427
1786702894.098259,40.606217,1238,29.94,412.34,61.83,1.0000,0.644281,0.128815,412.38,333.82,0.9806,0.644347,0.695460
1786702894.137518,40.645475,1239,29.94,412.20,61.83,1.0000,0.644056,0.128821,412.44,333.53,0.9806,0.644439,0.694853
1786702894.170895,40.678853,1240,29.94,412.19,61.83,1.0000,0.644050,0.128818,412.37,333.56,0.9807,0.644333,0.694921
1786702894.205337,40.713295,1241,29.94,411.92,61.87,1.0000,0.643631,0.128896,412.37,333.33,0.9803,0.644332,0.694438
1786702894.248241,40.756198,1242,29.94,411.92,61.88,1.0000,0.643632,0.128924,412.38,333.32,0.9806,0.644341,0.694408
1786702894.257662,40.765620,1243,29.94,411.91,61.88,1.0000,0.643604,0.128907,412.38,333.22,0.9805,0.644340,0.694217
1786702894.292472,40.800429,1244,29.94,411.90,61.86,1.0000,0.643591,0.128872,412.37,333.23,0.9807,0.644321,0.694220
1786702894.337368,40.845326,1245,29.94,411.79,61.86,1.0000,0.643422,0.128871,412.43,333.16,0.9810,0.644424,0.694080
1786702894.366309,40.874266,1246,29.94,411.79,61.87,1.0000,0.643427,0.128894,412.44,333.18,0.9812,0.644434,0.694119
1786702894.398734,40.906691,1247,29.94,411.46,61.84,1.0000,0.642901,0.128827,412.54,333.14,0.9812,0.644589,0.694049
1786702894.434525,40.942483,1248,29.94,411.40,61.79,1.0000,0.642806,0.128726,412.61,333.18,0.9813,0.644706,0.694123
1786702894.474138,40.982095,1249,29.94,411.12,61.79,1.0000,0.642375,0.128725,412.62,333.07,0.9813,0.644719,0.693899
1786702894.506198,41.014155,1250,29.94,411.13,61.85,1.0000,0.642384,0.128846,412.56,333.13,0.9814,0.644624,0.694024
1786702894.532681,41.040638,1251,29.94,411.07,61.85,1.0000,0.642297,0.128845,412.56,333.14,0.9813,0.644624,0.694044
1786702894.564542,41.072499,1252,30.08,411.05,62.01,1.0000,0.642265,0.129179,412.54,333.15,0.9813,0.644600,0.694063
1786702894.606839,41.114797,1253,30.08,411.05,61.94,1.0000,0.642269,0.129046,412.50,333.14,0.9813,0.644533,0.694039
1786702894.635460,41.143418,1254,30.08,411.18,61.92,1.0000,0.642463,0.129010,412.42,333.22,0.9813,0.644409,0.694208
1786702894.672574,41.180532,1255,30.08,410.86,61.91,1.0000,0.641975,0.128988,412.48,333.19,0.9811,0.644496,0.694141
1786702894.699394,41.207351,1256,30.08,410.86,62.00,1.0000,0.641976,0.129165,412.51,333.40,0.9812,0.644548,0.694590
1786702894.733582,41.241539,1257,30.08,410.68,61.87,1.0000,0.641682,0.128902,412.50,333.32,0.9813,0.644534,0.694427
1786702894.755219,41.263177,1258,30.08,410.68,61.89,1.0000,0.641683,0.128939,412.48,333.53,0.9811,0.644500,0.694859
1786702894.799930,41.307887,1259,30.08,410.70,61.96,1.0000,0.641712,0.129094,412.50,333.56,0.9811,0.644536,0.694909
1786702894.829245,41.337202,1260,30.08,410.55,61.97,1.0000,0.641477,0.129107,412.49,333.58,0.9814,0.644510,0.694952
1786702894.868663,41.376621,1261,30.08,410.50,62.02,1.0000,0.641411,0.129200,412.32,333.62,0.9813,0.644250,0.695038
1786702894.928746,41.436704,1262,30.08,410.50,62.06,1.0000,0.641409,0.129286,412.45,333.50,0.9814,0.644456,0.694790
1786702894.946944,41.454901,1263,30.08,410.56,62.08,1.0000,0.641493,0.129328,412.44,333.55,0.9813,0.644443,0.694904
1786702894.961442,41.469400,1264,30.08,410.41,62.10,1.0000,0.641266,0.129370,412.47,333.53,0.9812,0.644477,0.694858
1786702894.999887,41.507844,1265,30.08,410.53,62.13,1.0000,0.641448,0.129440,412.49,333.70,0.9812,0.644509,0.695213
1786702895.034188,41.542145,1266,30.08,410.53,62.10,1.0000,0.641452,0.129368,412.47,333.42,0.9813,0.644482,0.694630
1786702895.056818,41.564775,1267,30.03,410.53,61.71,1.0000,0.641451,0.128572,412.44,333.43,0.9812,0.644433,0.694644
1786702895.095353,41.603310,1268,30.03,410.64,61.77,1.0000,0.641620,0.128689,412.41,333.46,0.9812,0.644386,0.694699
1786702895.141138,41.649095,1269,30.03,410.69,62.12,1.0000,0.641702,0.129423,412.43,333.43,0.9815,0.644414,0.694641
1786702895.191849,41.699806,1270,30.03,410.27,62.13,1.0000,0.641044,0.129429,412.33,333.31,0.9816,0.644272,0.694386
1786702895.207562,41.715519,1271,30.03,410.30,61.95,1.0000,0.641100,0.129067,412.33,333.16,0.9815,0.644271,0.694083
1786702895.223248,41.731205,1272,30.03,410.31,62.03,1.0000,0.641103,0.129229,412.29,333.22,0.9814,0.644200,0.694209
1786702895.274059,41.782016,1273,30.03,410.41,62.55,1.0000,0.641270,0.130311,412.25,333.37,0.9816,0.644148,0.694529
1786702895.315545,41.823502,1274,30.03,410.58,62.53,1.0000,0.641537,0.130272,412.19,333.01,0.9817,0.644053,0.693768
1786702895.350226,41.858183,1275,30.03,410.67,62.38,1.0000,0.641667,0.129959,412.20,332.92,0.9819,0.644061,0.693573
1786702895.365585,41.873542,1276,30.03,410.57,62.43,1.0000,0.641511,0.130066,412.21,332.93,0.9819,0.644083,0.693597
1786702895.408279,41.916237,1277,30.03,410.75,62.46,1.0000,0.641791,0.130135,412.20,333.24,0.9820,0.644064,0.694247
1786702895.429049,41.937006,1278,30.03,410.79,62.26,1.0000,0.641861,0.129718,412.20,333.22,0.9820,0.644066,0.694200
1786702895.472627,41.980585,1279,30.03,411.31,62.25,1.0000,0.642672,0.129682,412.11,333.22,0.9815,0.643919,0.694217
1786702895.500998,42.008955,1280,30.03,411.29,62.24,1.0000,0.642648,0.129674,412.16,333.12,0.9813,0.643993,0.694010
1786702895.550261,42.058218,1281,30.03,411.38,62.31,1.0000,0.642785,0.129811,411.92,333.59,0.9809,0.643626,0.694976
1786702895.573439,42.081396,1282,29.95,411.38,62.18,1.0000,0.642780,0.129534,411.92,333.57,0.9807,0.643621,0.694943
1786702895.615500,42.123458,1283,29.95,411.45,62.14,1.0000,0.642894,0.129467,411.92,333.57,0.9804,0.643629,0.694933
1786702895.641319,42.149276,1284,29.95,411.47,62.06,1.0000,0.642925,0.129294,412.00,333.64,0.9801,0.643748,0.695075
1786702895.675433,42.183391,1285,29.95,411.84,62.06,1.0000,0.643502,0.129294,412.04,333.65,0.9805,0.643813,0.695094
1786702895.704557,42.212515,1286,29.95,411.88,62.00,1.0000,0.643563,0.129158,412.02,333.61,0.9804,0.643780,0.695019
1786702895.739163,42.247121,1287,29.95,412.07,62.01,1.0000,0.643856,0.129178,412.02,333.61,0.9800,0.643777,0.695015
1786702895.776901,42.284858,1288,29.95,412.06,61.92,1.0000,0.643849,0.129003,412.15,333.58,0.9800,0.643987,0.694964
1786702895.801471,42.309429,1289,29.95,412.16,61.94,1.0000,0.644004,0.129051,412.16,333.62,0.9802,0.643993,0.695037
1786702895.843471,42.351428,1290,29.95,412.22,61.96,1.0000,0.644094,0.129077,412.17,333.64,0.9802,0.644018,0.695078
1786702895.869635,42.377593,1291,29.95,412.51,62.01,1.0000,0.644540,0.129184,412.17,333.52,0.9805,0.644008,0.694843
1786702895.907031,42.414988,1292,29.95,412.51,61.98,1.0000,0.644548,0.129127,412.20,333.30,0.9804,0.644069,0.694380
1786702895.941393,42.449351,1293,29.95,412.58,62.04,1.0000,0.644648,0.129244,412.13,333.35,0.9801,0.643947,0.694483
1786702895.954346,42.462303,1294,29.95,412.63,62.24,1.0000,0.644736,0.129669,412.12,333.30,0.9805,0.643944,0.694382
1786702896.018145,42.526102,1295,29.95,413.26,62.33,1.0000,0.645725,0.129847,412.00,333.28,0.9803,0.643745,0.694340
1786702896.033868,42.541826,1296,29.95,413.26,62.20,1.0000,0.645721,0.129575,412.04,333.29,0.9804,0.643819,0.694346
1786702896.076334,42.584291,1297,29.95,413.26,62.32,1.0000,0.645718,0.129826,411.88,333.35,0.9806,0.643563,0.694483
1786702896.100310,42.608267,1298,29.97,413.51,62.52,1.0000,0.646112,0.130247,411.88,333.43,0.9808,0.643565,0.694642
1786702896.145855,42.653813,1299,29.97,413.51,62.51,1.0000,0.646108,0.130226,411.86,333.20,0.9809,0.643529,0.694160
1786702896.163301,42.671258,1300,29.97,413.49,62.44,1.0000,0.646084,0.130088,411.85,333.21,0.9804,0.643521,0.694194
1786702896.198946,42.706903,1301,29.97,413.49,62.51,1.0000,0.646081,0.130228,411.86,333.35,0.9808,0.643537,0.694482
1786702896.257704,42.765662,1302,29.97,413.51,62.51,1.0000,0.646109,0.130231,411.85,333.33,0.9806,0.643520,0.694437
1786702896.273188,42.781145,1303,29.97,413.76,62.49,1.0000,0.646496,0.130194,411.81,333.30,0.9803,0.643447,0.694383
1786702896.302154,42.810111,1304,29.97,413.76,62.44,1.0000,0.646500,0.130085,411.85,333.34,0.9801,0.643523,0.694459
1786702896.333115,42.841073,1305,29.97,413.79,62.42,1.0000,0.646543,0.130043,411.82,333.42,0.9794,0.643466,0.694635
1786702896.367943,42.875900,1306,29.97,413.80,62.42,1.0000,0.646560,0.130036,411.89,333.58,0.9796,0.643579,0.694962
1786702896.415871,42.923828,1307,29.97,414.15,62.25,1.0000,0.647113,0.129694,412.07,333.54,0.9798,0.643860,0.694868
1786702896.425243,42.933200,1308,29.97,414.12,62.21,1.0000,0.647062,0.129599,412.05,333.64,0.9799,0.643833,0.695086
1786702896.468360,42.976317,1309,29.97,414.04,62.21,1.0000,0.646943,0.129605,412.12,333.69,0.9799,0.643944,0.695189
1786702896.503004,43.010961,1310,29.97,413.92,62.17,1.0000,0.646747,0.129521,412.13,333.67,0.9796,0.643952,0.695145
1786702896.532065,43.040023,1311,29.97,414.05,62.17,1.0000,0.646949,0.129514,412.11,333.72,0.9796,0.643928,0.695254
1786702896.566600,43.074558,1312,29.97,414.06,62.17,1.0000,0.646966,0.129522,412.11,333.72,0.9795,0.643921,0.695256
1786702896.604040,43.111998,1313,29.95,414.51,62.17,1.0000,0.647679,0.129526,411.97,333.75,0.9796,0.643703,0.695306
1786702896.630928,43.138885,1314,29.95,413.98,62.05,1.0000,0.646841,0.129264,412.10,333.75,0.9797,0.643903,0.695306
1786702896.668071,43.176028,1315,29.95,413.96,62.04,1.0000,0.646818,0.129246,412.05,333.75,0.9792,0.643835,0.695313
1786702896.703459,43.211416,1316,29.95,414.04,62.09,1.0000,0.646936,0.129363,412.05,333.60,0.9796,0.643830,0.695005
1786702896.737320,43.245278,1317,29.95,414.06,62.16,1.0000,0.646967,0.129498,412.13,333.56,0.9798,0.643946,0.694922
1786702896.766252,43.274210,1318,29.95,414.09,62.23,1.0000,0.647015,0.129639,412.10,333.61,0.9796,0.643904,0.695025
1786702896.800749,43.308707,1319,29.95,414.13,62.52,1.0000,0.647077,0.130257,412.05,333.60,0.9798,0.643831,0.695006
1786702896.829616,43.337573,1320,29.95,414.15,62.55,1.0000,0.647102,0.130308,412.06,333.68,0.9798,0.643845,0.695157
1786702896.866972,43.374929,1321,29.95,414.02,62.38,1.0000,0.646900,0.129953,412.14,333.67,0.9796,0.643962,0.695147
1786702896.901775,43.409733,1322,29.95,413.84,62.41,1.0000,0.646628,0.130013,412.14,333.79,0.9797,0.643973,0.695391
1786702896.931245,43.439202,1323,29.95,413.65,62.54,1.0000,0.646329,0.130288,412.16,333.79,0.9797,0.644000,0.695395
1786702896.974384,43.482342,1324,29.95,413.52,62.41,1.0000,0.646133,0.130030,412.16,333.74,0.9799,0.643995,0.695284
1786702896.989701,43.497658,1325,29.95,413.49,62.39,1.0000,0.646080,0.129970,412.18,333.66,0.9799,0.644029,0.695116
1786702897.029258,43.537216,1326,29.95,413.30,62.43,1.0000,0.645785,0.130060,412.20,333.58,0.9803,0.644065,0.694951
1786702897.063850,43.571807,1327,29.95,413.28,62.57,1.0000,0.645749,0.130346,412.22,333.61,0.9799,0.644096,0.695022
1786702897.099636,43.607593,1328,29.95,413.17,62.56,1.0000,0.645585,0.130333,412.12,333.59,0.9801,0.643933,0.694970
1786702897.123923,43.631880,1329,30.03,413.00,62.49,1.0000,0.645317,0.130189,412.16,333.50,0.9795,0.643996,0.694789
1786702897.171896,43.679853,1330,30.03,412.93,62.54,1.0000,0.645200,0.130294,412.07,333.45,0.9796,0.643860,0.694688
1786702897.198539,43.706496,1331,30.03,412.30,62.54,1.0000,0.644223,0.130293,412.08,333.46,0.9794,0.643877,0.694709
1786702897.233211,43.741168,1332,30.03,412.41,62.67,1.0000,0.644388,0.130567,412.08,333.50,0.9793,0.643880,0.694795
1786702897.272948,43.780905,1333,30.03,412.08,62.48,1.0000,0.643872,0.130169,412.09,333.53,0.9792,0.643895,0.694859
1786702897.299651,43.807608,1334,30.03,411.91,62.57,1.0000,0.643604,0.130347,412.02,333.93,0.9793,0.643780,0.695683
1786702897.331246,43.839204,1335,30.03,411.39,62.53,1.0000,0.642792,0.130277,411.95,333.65,0.9792,0.643673,0.695097
1786702897.371237,43.879194,1336,30.03,411.24,62.55,1.0000,0.642570,0.130322,411.91,333.83,0.9792,0.643610,0.695475
1786702897.408150,43.916108,1337,30.03,411.25,62.51,1.0000,0.642585,0.130234,412.06,333.85,0.9793,0.643836,0.695517
1786702897.437577,43.945535,1338,30.03,411.26,62.43,1.0000,0.642595,0.130065,412.06,333.83,0.9795,0.643849,0.695473
1786702897.487696,43.995653,1339,30.03,411.27,62.36,1.0000,0.642607,0.129912,412.10,333.84,0.9799,0.643900,0.695500
1786702897.506081,44.014039,1340,30.03,411.27,62.36,1.0000,0.642610,0.129910,412.07,333.83,0.9802,0.643855,0.695476
1786702897.536284,44.044241,1341,30.03,411.30,62.36,1.0000,0.642651,0.129921,411.98,333.80,0.9804,0.643716,0.695411
1786702897.577850,44.085808,1342,30.03,411.19,62.22,1.0000,0.642491,0.129626,412.03,333.99,0.9806,0.643789,0.695815
1786702897.591343,44.099300,1343,30.03,411.19,62.22,1.0000,0.642491,0.129628,411.94,334.02,0.9805,0.643661,0.695879
1786702897.636385,44.144342,1344,30.00,411.20,62.19,1.0000,0.642494,0.129561,411.96,333.97,0.9806,0.643694,0.695766
1786702897.679775,44.187732,1345,30.00,411.18,62.26,1.0000,0.642468,0.129716,411.89,333.93,0.9805,0.643576,0.695690
1786702897.715715,44.223673,1346,30.00,411.20,62.24,1.0000,0.642500,0.129668,411.91,333.91,0.9809,0.643606,0.695647
1786702897.739270,44.247227,1347,30.00,411.25,62.21,1.0000,0.642579,0.129599,411.87,333.88,0.9812,0.643553,0.695586
1786702897.768412,44.276369,1348,30.00,411.25,62.20,1.0000,0.642584,0.129586,411.80,333.72,0.9814,0.643432,0.695242
1786702897.805806,44.313764,1349,30.00,411.19,62.28,1.0000,0.642480,0.129741,411.80,333.92,0.9816,0.643442,0.695659
1786702897.845201,44.353159,1350,30.00,411.32,62.27,1.0000,0.642681,0.129739,411.87,333.89,0.9814,0.643549,0.695597
1786702897.879488,44.387445,1351,30.00,411.52,62.29,1.0000,0.643005,0.129771,411.87,333.89,0.9814,0.643540,0.695598
1786702897.911321,44.419278,1352,30.00,411.44,62.21,1.0000,0.642869,0.129609,411.90,333.76,0.9816,0.643591,0.695335
1786702897.924501,44.432459,1353,30.00,411.44,62.22,1.0000,0.642874,0.129621,411.91,333.81,0.9815,0.643606,0.695437
1786702897.964767,44.472725,1354,30.00,411.47,62.23,1.0000,0.642929,0.129642,411.91,333.80,0.9811,0.643607,0.695408
1786702898.006936,44.514894,1355,30.00,411.89,62.23,1.0000,0.643573,0.129641,411.89,333.90,0.9810,0.643579,0.695632
1786702898.036312,44.544269,1356,30.00,411.75,62.12,1.0000,0.643354,0.129413,412.00,333.90,0.9812,0.643757,0.695620
1786702898.068010,44.575968,1357,30.00,411.74,62.21,1.0000,0.643351,0.129612,411.96,333.94,0.9813,0.643689,0.695711
1786702898.107324,44.615281,1358,30.00,411.67,62.21,1.0000,0.643240,0.129613,411.99,333.95,0.9811,0.643737,0.695724
1786702898.137207,44.645164,1359,29.97,411.69,62.25,1.0000,0.643258,0.129697,411.97,334.01,0.9810,0.643707,0.695852
1786702898.181207,44.689164,1360,29.97,411.55,62.03,1.0000,0.643054,0.129220,412.02,334.01,0.9812,0.643778,0.695859
1786702898.204898,44.712855,1361,29.97,411.56,62.05,1.0000,0.643058,0.129275,412.01,333.97,0.9812,0.643761,0.695781
1786702898.232198,44.740155,1362,29.97,411.50,62.03,1.0000,0.642976,0.129235,411.98,333.97,0.9813,0.643721,0.695761
1786702898.266476,44.774434,1363,29.97,411.62,62.06,1.0000,0.643152,0.129289,411.86,333.87,0.9810,0.643527,0.695568
1786702898.300789,44.808746,1364,29.97,411.54,61.99,1.0000,0.643031,0.129142,411.86,333.88,0.9807,0.643539,0.695579
1786702898.353571,44.861529,1365,29.97,411.62,61.97,1.0000,0.643162,0.129104,411.87,333.86,0.9810,0.643541,0.695539
1786702898.369329,44.877287,1366,29.97,411.47,62.01,1.0000,0.642928,0.129181,411.94,333.70,0.9812,0.643660,0.695200
1786702898.406588,44.914545,1367,29.97,411.55,62.04,1.0000,0.643050,0.129254,411.92,333.70,0.9815,0.643619,0.695208
1786702898.435819,44.943776,1368,29.97,411.40,62.00,1.0000,0.642811,0.129163,411.95,333.53,0.9814,0.643670,0.694862
1786702898.460113,44.968071,1369,29.97,411.59,62.08,1.0000,0.643109,0.129328,411.86,333.67,0.9814,0.643536,0.695150
1786702898.508918,45.016876,1370,29.97,411.51,62.05,1.0000,0.642987,0.129267,411.84,333.50,0.9810,0.643499,0.694799
1786702898.527255,45.035213,1371,29.97,411.75,62.07,1.0000,0.643358,0.129309,411.84,333.66,0.9811,0.643498,0.695133
1786702898.569551,45.077508,1372,29.97,411.79,62.13,1.0000,0.643415,0.129433,411.83,333.57,0.9811,0.643491,0.694930
1786702898.601020,45.108977,1373,29.97,412.23,62.48,1.0000,0.644105,0.130166,411.83,333.62,0.9809,0.643488,0.695044
1786702898.640584,45.148541,1374,29.97,412.18,62.24,1.0000,0.644034,0.129657,411.86,333.50,0.9808,0.643536,0.694800
1786702898.670676,45.178633,1375,29.92,412.25,62.24,1.0000,0.644145,0.129675,411.86,333.83,0.9809,0.643533,0.695471
1786702898.715067,45.223025,1376,29.92,412.09,62.30,1.0000,0.643886,0.129788,411.98,333.65,0.9812,0.643718,0.695109
1786702898.782263,45.290221,1377,29.92,412.30,62.60,1.0000,0.644211,0.130413,411.93,334.06,0.9812,0.643634,0.695961
1786702898.797670,45.305627,1378,29.92,412.29,62.27,1.0000,0.644205,0.129728,411.97,333.95,0.9813,0.643695,0.695733
1786702898.813797,45.321754,1379,29.92,412.33,62.27,1.0000,0.644269,0.129738,411.98,334.05,0.9814,0.643711,0.695931
1786702898.829835,45.337792,1380,29.92,412.28,62.28,1.0000,0.644194,0.129741,411.96,334.04,0.9814,0.643690,0.695911
1786702898.864401,45.372359,1381,29.92,412.31,62.29,1.0000,0.644241,0.129780,411.70,334.02,0.9809,0.643275,0.695881
1786702898.909946,45.417904,1382,29.92,412.11,61.93,1.0000,0.643921,0.129016,411.84,333.84,0.9810,0.643501,0.695504
1786702898.925866,45.433824,1383,29.92,412.10,61.94,1.0000,0.643911,0.129044,411.87,333.84,0.9811,0.643549,0.695505
1786702898.968086,45.476044,1384,29.92,411.99,61.94,1.0000,0.643736,0.129049,411.86,333.61,0.9809,0.643528,0.695025
1786702898.995301,45.503259,1385,29.92,412.08,61.95,1.0000,0.643870,0.129056,411.85,333.70,0.9808,0.643513,0.695203
1786702899.035005,45.542963,1386,29.92,411.98,61.50,1.0000,0.643723,0.128131,411.85,333.55,0.9807,0.643509,0.694899
1786702899.061342,45.569299,1387,29.92,412.00,61.50,1.0000,0.643752,0.128122,411.85,333.74,0.9806,0.643511,0.695300
1786702899.099119,45.607076,1388,29.92,411.81,61.50,1.0000,0.643454,0.128131,411.83,333.76,0.9807,0.643485,0.695339
1786702899.128474,45.636431,1389,29.92,411.81,61.51,1.0000,0.643460,0.128150,411.74,333.82,0.9805,0.643347,0.695456
1786702899.168189,45.676147,1390,29.92,411.61,61.37,1.0000,0.643135,0.127861,412.05,333.78,0.9808,0.643821,0.695377
1786702899.181399,45.689357,1391,30.08,411.57,61.41,1.0000,0.643073,0.127932,411.98,333.76,0.9806,0.643725,0.695335
1786702899.232033,45.739990,1392,30.08,411.39,61.38,1.0000,0.642803,0.127882,411.98,333.58,0.9805,0.643713,0.694958
1786702899.272292,45.780249,1393,30.08,411.44,61.38,1.0000,0.642878,0.127883,411.87,333.60,0.9803,0.643548,0.695006
1786702899.300933,45.808891,1394,30.08,411.39,61.38,1.0000,0.642792,0.127882,411.91,333.66,0.9805,0.643612,0.695130
1786702899.342525,45.850482,1395,30.08,411.24,61.39,1.0000,0.642566,0.127903,411.97,333.65,0.9805,0.643703,0.695104
1786702899.371457,45.879415,1396,30.08,411.29,61.40,1.0000,0.642639,0.127907,411.70,333.65,0.9801,0.643275,0.695100
1786702899.407975,45.915933,1397,30.08,411.25,61.38,1.0000,0.642585,0.127868,411.69,333.50,0.9803,0.643272,0.694802
1786702899.420906,45.928863,1398,30.08,411.26,61.39,1.0000,0.642589,0.127891,411.78,333.65,0.9808,0.643412,0.695107
1786702899.477779,45.985737,1399,30.08,411.31,61.50,1.0000,0.642676,0.128132,411.74,333.67,0.9807,0.643338,0.695155
1786702899.529975,46.037933,1400,30.08,411.33,61.39,1.0000,0.642700,0.127892,412.09,333.47,0.9811,0.643892,0.694723
1786702899.542979,46.050936,1401,30.08,411.33,61.39,1.0000,0.642705,0.127893,412.07,333.54,0.9813,0.643866,0.694875
1786702899.574427,46.082385,1402,30.08,411.18,61.58,1.0000,0.642475,0.128284,412.19,333.53,0.9813,0.644051,0.694862
1786702899.608390,46.116348,1403,30.08,411.08,61.69,1.0000,0.642317,0.128515,412.20,333.58,0.9815,0.644069,0.694965
1786702899.653563,46.161520,1404,30.08,411.12,61.68,1.0000,0.642369,0.128491,412.15,333.50,0.9814,0.643978,0.694795
1786702899.671584,46.179541,1405,30.08,411.02,61.66,1.0000,0.642217,0.128468,412.36,333.49,0.9817,0.644315,0.694776
1786702899.721936,46.229893,1406,29.71,411.02,61.79,1.0000,0.642218,0.128720,412.31,333.56,0.9818,0.644237,0.694915
1786702899.748434,46.256391,1407,29.71,410.77,61.76,1.0000,0.641830,0.128665,412.30,333.37,0.9814,0.644225,0.694528
1786702899.764446,46.272403,1408,29.71,410.96,61.76,1.0000,0.642129,0.128674,412.27,333.44,0.9814,0.644173,0.694672
1786702899.801587,46.309544,1409,29.71,410.62,61.82,1.0000,0.641590,0.128795,412.27,333.18,0.9811,0.644177,0.694118
1786702899.837962,46.345920,1410,29.71,410.72,61.83,1.0000,0.641747,0.128803,412.30,333.42,0.9814,0.644219,0.694621
1786702899.867493,46.375450,1411,29.71,410.59,61.79,1.0000,0.641551,0.128725,412.33,333.40,0.9816,0.644259,0.694581
1786702899.903880,46.411837,1412,29.71,410.59,61.73,1.0000,0.641554,0.128602,412.32,333.46,0.9816,0.644246,0.694706
1786702899.935716,46.443674,1413,29.71,410.61,61.71,1.0000,0.641580,0.128556,412.34,333.46,0.9818,0.644281,0.694708
1786702899.968170,46.476128,1414,29.71,410.63,61.71,1.0000,0.641605,0.128555,412.31,333.46,0.9816,0.644229,0.694710
1786702900.001639,46.509596,1415,29.71,410.68,61.69,1.0000,0.641686,0.128528,412.25,333.32,0.9813,0.644145,0.694426
1786702900.038503,46.546461,1416,29.71,410.76,61.70,1.0000,0.641811,0.128539,412.22,333.41,0.9814,0.644100,0.694603
1786702900.067689,46.575646,1417,29.71,410.76,61.68,1.0000,0.641810,0.128504,412.30,333.53,0.9812,0.644222,0.694856
1786702900.098768,46.606725,1418,29.71,410.78,61.91,1.0000,0.641845,0.128976,412.09,333.54,0.9812,0.643890,0.694879
1786702900.143787,46.651744,1419,29.71,410.85,61.82,1.0000,0.641959,0.128796,412.13,333.61,0.9813,0.643959,0.695027
1786702900.159652,46.667610,1420,29.71,410.84,61.88,1.0000,0.641939,0.128916,412.14,333.61,0.9813,0.643970,0.695027
1786702900.199019,46.706976,1421,29.71,410.82,61.88,1.0000,0.641900,0.128914,412.18,333.60,0.9812,0.644033,0.695004
1786702900.239142,46.747099,1422,30.00,410.84,61.86,1.0000,0.641943,0.128875,412.03,333.65,0.9811,0.643793,0.695099
1786702900.271266,46.779223,1423,30.00,410.85,61.81,1.0000,0.641949,0.128778,412.13,333.66,0.9814,0.643950,0.695117
1786702900.307167,46.815125,1424,30.00,410.98,61.71,1.0000,0.642161,0.128569,412.13,333.78,0.9814,0.643947,0.695371
1786702900.324956,46.832913,1425,30.00,410.98,61.65,1.0000,0.642158,0.128433,412.13,333.78,0.9813,0.643957,0.695365
1786702900.368553,46.876511,1426,30.00,411.04,61.73,1.0000,0.642256,0.128609,412.04,333.78,0.9811,0.643816,0.695366
1786702900.402994,46.910951,1427,30.00,411.05,61.70,1.0000,0.642265,0.128550,412.11,333.78,0.9809,0.643926,0.695373
1786702900.434072,46.942030,1428,30.00,411.35,61.70,1.0000,0.642740,0.128550,412.14,333.88,0.9807,0.643972,0.695574
1786702900.465781,46.973738,1429,30.00,411.36,61.68,1.0000,0.642750,0.128497,412.26,333.95,0.9805,0.644158,0.695719
1786702900.492343,47.000301,1430,30.00,411.33,61.87,1.0000,0.642704,0.128903,412.23,333.98,0.9805,0.644102,0.695787
1786702900.540109,47.048067,1431,30.00,411.45,61.83,1.0000,0.642885,0.128811,412.26,333.98,0.9806,0.644151,0.695793
1786702900.558140,47.066097,1432,30.00,411.50,61.83,1.0000,0.642975,0.128807,412.23,333.97,0.9805,0.644114,0.695779
1786702900.606500,47.114458,1433,30.00,411.43,61.95,1.0000,0.642865,0.129057,412.27,333.90,0.9801,0.644177,0.695625
1786702900.640535,47.148493,1434,30.00,411.61,61.95,1.0000,0.643139,0.129070,412.23,333.74,0.9801,0.644110,0.695285
1786702900.671653,47.179610,1435,30.00,411.63,61.91,1.0000,0.643171,0.128978,412.33,333.75,0.9803,0.644264,0.695320
1786702900.698487,47.206445,1436,30.00,411.71,61.91,1.0000,0.643299,0.128983,412.25,333.89,0.9801,0.644139,0.695609
1786702900.730390,47.238348,1437,30.00,411.72,61.85,1.0000,0.643316,0.128857,412.28,333.87,0.9799,0.644183,0.695560
1786702900.767144,47.275102,1438,30.06,411.88,61.85,1.0000,0.643555,0.128850,412.28,333.89,0.9797,0.644192,0.695612
1786702900.804264,47.312222,1439,30.06,412.10,61.95,1.0000,0.643908,0.129071,412.26,334.02,0.9795,0.644163,0.695883
1786702900.840939,47.348896,1440,30.06,412.36,61.96,1.0000,0.644312,0.129081,412.24,334.00,0.9794,0.644132,0.695829
1786702900.859694,47.367652,1441,30.06,412.69,61.85,1.0000,0.644835,0.128848,412.23,333.90,0.9796,0.644116,0.695629
1786702900.896170,47.404127,1442,30.06,412.79,61.81,1.0000,0.644992,0.128761,412.26,333.87,0.9796,0.644162,0.695572
1786702900.930226,47.438183,1443,30.06,412.95,62.42,1.0000,0.645236,0.130036,412.18,333.89,0.9793,0.644029,0.695596
1786702900.983069,47.491026,1444,30.06,413.15,62.61,1.0000,0.645544,0.130433,412.07,333.84,0.9795,0.643854,0.695496
1786702901.029191,47.537149,1445,30.06,413.08,62.31,1.0000,0.645437,0.129819,412.07,333.60,0.9800,0.643857,0.695008
1786702901.044970,47.552927,1446,30.06,413.25,62.19,1.0000,0.645697,0.129568,412.08,333.53,0.9801,0.643881,0.694848
1786702901.060930,47.568888,1447,30.06,413.32,62.83,1.0000,0.645820,0.130892,412.09,333.59,0.9801,0.643898,0.694984
1786702901.108710,47.616668,1448,30.06,413.32,63.02,1.0000,0.645811,0.131296,411.89,333.84,0.9801,0.643580,0.695491
1786702901.131921,47.639879,1449,30.06,413.42,62.98,1.0000,0.645961,0.131212,411.92,333.56,0.9802,0.643628,0.694913
1786702901.188740,47.696697,1450,30.06,413.63,62.74,1.0000,0.646292,0.130699,412.15,333.55,0.9804,0.643991,0.694900
1786702901.220170,47.728127,1451,30.06,413.63,62.87,1.0000,0.646301,0.130978,412.16,333.96,0.9803,0.643996,0.695753
1786702901.245309,47.753266,1452,30.06,413.63,62.89,1.0000,0.646300,0.131024,411.91,333.99,0.9802,0.643602,0.695807
1786702901.273421,47.781378,1453,29.95,413.88,62.74,1.0000,0.646687,0.130703,411.90,333.91,0.9803,0.643601,0.695637
1786702901.318811,47.826768,1454,29.95,413.90,62.40,1.0000,0.646721,0.129990,411.92,333.83,0.9805,0.643619,0.695469
1786702901.350808,47.858765,1455,29.95,413.96,62.55,1.0000,0.646810,0.130303,411.97,333.83,0.9804,0.643705,0.695488
1786702901.363439,47.871396,1456,29.95,414.02,62.55,1.0000,0.646902,0.130315,411.97,333.86,0.9802,0.643705,0.695534
1786702901.403170,47.911128,1457,29.95,414.15,62.34,1.0000,0.647109,0.129873,411.90,333.88,0.9800,0.643595,0.695573
1786702901.442519,47.950477,1458,29.95,414.28,62.16,1.0000,0.647318,0.129501,412.02,333.90,0.9800,0.643782,0.695630
1786702901.460312,47.968269,1459,29.95,414.22,62.16,1.0000,0.647221,0.129501,411.97,333.99,0.9799,0.643708,0.695810
1786702901.523936,48.031893,1460,29.95,414.71,62.26,1.0000,0.647988,0.129700,411.95,334.07,0.9798,0.643666,0.695984
1786702901.538240,48.046197,1461,29.95,414.72,62.10,1.0000,0.647992,0.129371,411.92,333.67,0.9795,0.643631,0.695136
1786702901.581057,48.089015,1462,29.95,414.86,62.10,1.0000,0.648224,0.129376,411.91,333.50,0.9790,0.643615,0.694784
1786702901.596755,48.104713,1463,29.95,414.85,62.11,1.0000,0.648199,0.129391,411.90,333.76,0.9791,0.643592,0.695335
1786702901.645241,48.153199,1464,29.95,415.11,62.09,1.0000,0.648608,0.129348,411.90,333.91,0.9792,0.643591,0.695651
1786702901.686799,48.194757,1465,29.95,415.30,62.08,1.0000,0.648900,0.129330,411.99,333.95,0.9794,0.643738,0.695723
1786702901.701564,48.209522,1466,29.95,415.33,62.08,1.0000,0.648951,0.129325,411.98,333.92,0.9793,0.643712,0.695671
1786702901.740228,48.248186,1467,29.95,415.28,62.08,1.0000,0.648871,0.129324,411.96,334.01,0.9792,0.643689,0.695848
1786702901.756438,48.264396,1468,29.95,415.37,62.09,1.0000,0.649008,0.129347,411.97,334.00,0.9796,0.643700,0.695836
1786702901.804027,48.311984,1469,30.01,415.59,62.02,1.0000,0.649363,0.129202,411.96,333.96,0.9798,0.643684,0.695748
1786702901.839693,48.347650,1470,30.01,415.59,62.00,1.0000,0.649361,0.129165,412.14,333.96,0.9799,0.643973,0.695756
1786702901.867883,48.375840,1471,30.01,415.40,62.06,1.0000,0.649069,0.129283,412.38,334.08,0.9802,0.644344,0.695994
1786702901.915551,48.423509,1472,30.01,415.38,61.98,1.0000,0.649024,0.129121,412.22,334.01,0.9802,0.644099,0.695856
1786702901.964135,48.472092,1473,30.01,415.75,61.91,1.0000,0.649613,0.128987,412.30,333.71,0.9802,0.644216,0.695221
1786702901.970284,48.478241,1474,30.01,415.96,61.91,1.0000,0.649931,0.128980,412.28,333.71,0.9801,0.644188,0.695238
1786702902.008588,48.516545,1475,30.01,415.87,61.91,1.0000,0.649803,0.128988,412.26,333.84,0.9799,0.644155,0.695501
1786702902.051270,48.559227,1476,30.01,415.87,61.79,1.0000,0.649803,0.128736,411.86,334.12,0.9796,0.643535,0.696085
1786702902.075199,48.583156,1477,30.01,415.99,61.79,1.0000,0.649980,0.128733,411.82,334.09,0.9797,0.643470,0.696013
1786702902.109763,48.617721,1478,30.01,415.96,61.69,1.0000,0.649940,0.128514,411.77,333.95,0.9793,0.643397,0.695729
1786702902.131041,48.638998,1479,30.01,415.87,61.74,1.0000,0.649797,0.128634,411.92,334.00,0.9791,0.643620,0.695841
1786702902.178888,48.686845,1480,30.01,415.96,61.76,1.0000,0.649944,0.128672,411.80,334.13,0.9790,0.643441,0.696100
1786702902.226986,48.734943,1481,30.01,415.96,61.63,1.0000,0.649939,0.128394,411.86,333.77,0.9787,0.643530,0.695358
1786702902.240622,48.748580,1482,30.01,415.98,61.58,1.0000,0.649962,0.128297,411.85,333.76,0.9782,0.643518,0.695340
1786702902.275234,48.783192,1483,30.01,415.48,61.58,1.0000,0.649190,0.128297,411.84,333.75,0.9781,0.643505,0.695319
1786702902.288771,48.796729,1484,30.01,415.78,61.59,1.0000,0.649664,0.128316,411.86,333.87,0.9779,0.643529,0.695569
1786702902.336821,48.844779,1485,30.05,415.82,61.54,1.0000,0.649723,0.128198,411.88,333.63,0.9776,0.643567,0.695071
1786702902.346555,48.854513,1486,30.05,415.83,61.58,1.0000,0.649727,0.128290,411.88,333.67,0.9778,0.643568,0.695151
1786702902.413692,48.921649,1487,30.05,415.82,61.66,1.0000,0.649718,0.128450,411.95,333.85,0.9779,0.643666,0.695520
1786702902.442454,48.950412,1488,30.05,415.92,61.65,1.0000,0.649874,0.128429,411.87,333.86,0.9784,0.643540,0.695533
1786702902.477108,48.985066,1489,30.05,416.18,61.55,1.0000,0.650283,0.128235,411.89,333.53,0.9786,0.643581,0.694857
1786702902.491954,48.999912,1490,30.05,416.48,61.75,1.0000,0.650744,0.128656,411.91,333.52,0.9783,0.643607,0.694840
1786702902.541004,49.048961,1491,30.05,416.26,61.76,1.0000,0.650400,0.128672,411.91,333.58,0.9782,0.643614,0.694955
1786702902.631667,49.139625,1492,30.05,416.67,61.61,1.0000,0.651050,0.128361,411.61,333.58,0.9784,0.643138,0.694961
1786702902.634364,49.142321,1493,30.05,416.69,61.37,1.0000,0.651072,0.127851,411.59,333.61,0.9787,0.643102,0.695027
1786702902.650473,49.158431,1494,30.05,416.83,61.70,1.0000,0.651296,0.128541,411.61,333.69,0.9787,0.643134,0.695195
1786702902.698605,49.206563,1496,30.05,416.82,61.71,1.0000,0.651283,0.128572,411.59,333.50,0.9787,0.643115,0.694788
1786702902.746335,49.254292,1497,30.05,417.02,61.59,1.0000,0.651593,0.128314,411.50,333.48,0.9785,0.642972,0.694755
1786702902.762078,49.270036,1498,30.05,417.17,61.75,1.0000,0.651827,0.128637,411.50,333.48,0.9783,0.642965,0.694751
1786702902.809590,49.317548,1499,30.05,416.95,61.81,1.0000,0.651490,0.128777,411.65,333.54,0.9782,0.643204,0.694869
1786702902.837207,49.345164,1500,30.05,417.10,61.72,1.0000,0.651723,0.128579,411.65,333.54,0.9784,0.643208,0.694878
1786702902.872905,49.380862,1501,29.71,417.10,61.61,1.0000,0.651724,0.128357,411.73,333.33,0.9785,0.643332,0.694430
1786702902.933783,49.441740,1502,29.71,417.47,61.98,1.0000,0.652295,0.129131,411.68,333.35,0.9782,0.643243,0.694471
1786702902.936354,49.444311,1503,29.71,417.41,61.99,1.0000,0.652200,0.129144,411.70,333.49,0.9782,0.643287,0.694767
1786702902.996170,49.504127,1504,29.71,417.40,61.77,1.0000,0.652193,0.128690,411.75,333.60,0.9782,0.643358,0.694990
1786702903.000133,49.508090,1505,29.71,417.40,61.76,1.0000,0.652193,0.128662,411.77,333.57,0.9782,0.643395,0.694934
1786702903.037204,49.545162,1506,29.71,417.36,61.80,1.0000,0.652130,0.128751,411.77,333.62,0.9780,0.643397,0.695043
1786702903.065414,49.573372,1507,29.71,417.22,61.78,1.0000,0.651913,0.128716,411.88,333.71,0.9783,0.643563,0.695232
1786702903.117386,49.625344,1508,29.71,417.21,61.75,1.0000,0.651897,0.128642,411.84,333.93,0.9775,0.643507,0.695681
1786702903.143946,49.651903,1509,29.71,417.21,61.55,1.0000,0.651896,0.128239,411.90,333.67,0.9773,0.643590,0.695152
1786702903.161067,49.669025,1510,29.71,417.23,61.54,1.0000,0.651917,0.128208,411.94,333.67,0.9774,0.643658,0.695144
1786702903.199149,49.707107,1511,29.71,417.22,61.73,1.0000,0.651904,0.128612,412.06,333.68,0.9774,0.643847,0.695171
1786702903.240592,49.748550,1512,29.71,417.21,61.73,1.0000,0.651889,0.128608,412.00,333.82,0.9770,0.643743,0.695461
1786702903.282413,49.790371,1513,29.71,417.23,61.73,1.0000,0.651920,0.128598,412.00,333.69,0.9774,0.643743,0.695186
1786702903.292196,49.800153,1514,29.71,417.54,61.58,1.0000,0.652404,0.128281,411.98,333.72,0.9777,0.643726,0.695246
1786702903.340840,49.848797,1515,29.71,417.80,61.77,1.0000,0.652816,0.128693,412.20,333.79,0.9775,0.644068,0.695396
1786702903.354635,49.862593,1516,29.71,417.76,61.76,1.0000,0.652753,0.128662,412.14,333.83,0.9776,0.643968,0.695478
1786702903.430498,49.938456,1517,29.44,417.84,61.70,1.0000,0.652877,0.128534,412.15,333.76,0.9775,0.643988,0.695339
1786702903.446408,49.954365,1518,29.44,418.01,61.56,1.0000,0.653141,0.128260,412.14,333.57,0.9776,0.643973,0.694941
1786702903.462281,49.970239,1519,29.44,417.99,61.59,1.0000,0.653115,0.128314,412.12,333.78,0.9775,0.643931,0.695384
1786702903.512619,50.020577,1520,29.44,418.01,61.58,1.0000,0.653142,0.128291,412.04,333.90,0.9771,0.643811,0.695627
1786702903.530836,50.038793,1521,29.44,418.05,61.57,1.0000,0.653206,0.128263,412.02,333.90,0.9774,0.643784,0.695633
1786702903.568010,50.075968,1522,29.44,418.05,61.25,1.0000,0.653205,0.127605,412.02,333.95,0.9775,0.643786,0.695734
1786702903.605199,50.113156,1523,29.44,417.92,61.40,1.0000,0.653004,0.127907,412.29,334.04,0.9777,0.644201,0.695915
1786702903.664046,50.172003,1524,29.44,417.92,61.38,1.0000,0.653004,0.127878,412.30,334.09,0.9782,0.644224,0.696025
1786702903.678782,50.186739,1525,29.44,417.96,61.38,1.0000,0.653067,0.127877,412.22,333.79,0.9781,0.644088,0.695386
1786702903.716853,50.224810,1526,29.44,418.08,61.25,1.0000,0.653249,0.127599,412.22,333.89,0.9783,0.644091,0.695595
1786702903.732512,50.240469,1527,29.44,418.14,61.33,1.0000,0.653340,0.127769,412.38,333.89,0.9788,0.644341,0.695602
1786702903.781382,50.289340,1528,29.44,418.15,61.30,1.0000,0.653356,0.127715,412.36,333.93,0.9789,0.644309,0.695677
1786702903.812768,50.320726,1529,29.44,418.69,61.22,1.0000,0.654204,0.127545,412.24,333.37,0.9793,0.644129,0.694521
1786702903.861478,50.369436,1530,29.44,418.96,61.10,1.0000,0.654633,0.127284,412.24,333.40,0.9791,0.644123,0.694591
1786702903.910951,50.418908,1531,29.44,418.99,61.27,1.0000,0.654666,0.127636,412.65,333.61,0.9789,0.644771,0.695028
1786702903.925569,50.433527,1533,29.53,419.10,61.24,1.0000,0.654851,0.127593,412.60,332.98,0.9791,0.644684,0.693719
1786702903.973936,50.481893,1534,29.53,419.17,61.18,1.0000,0.654960,0.127463,412.62,332.98,0.9792,0.644712,0.693705
1786702904.016427,50.524384,1535,29.53,419.17,61.50,1.0000,0.654959,0.128128,412.66,333.36,0.9795,0.644779,0.694495
1786702904.053490,50.561447,1536,29.53,419.40,61.60,1.0000,0.655317,0.128328,412.66,333.53,0.9796,0.644780,0.694850
1786702904.069279,50.577237,1537,29.53,419.40,61.54,1.0000,0.655318,0.128203,412.57,333.32,0.9794,0.644640,0.694413
1786702904.118462,50.626419,1538,29.53,419.41,61.40,1.0000,0.655327,0.127910,412.74,333.37,0.9795,0.644906,0.694517
1786702904.154388,50.662346,1539,29.53,419.50,61.61,1.0000,0.655475,0.128362,412.70,333.50,0.9797,0.644839,0.694789
1786702904.181475,50.689433,1540,29.53,419.65,61.74,1.0000,0.655696,0.128635,412.58,333.51,0.9799,0.644659,0.694816
1786702904.228790,50.736747,1541,29.53,420.08,61.74,1.0000,0.656377,0.128619,412.51,333.13,0.9799,0.644547,0.694023
1786702904.244875,50.752832,1542,29.53,420.13,61.52,1.0000,0.656450,0.128170,412.51,333.15,0.9797,0.644549,0.694056
1786702904.277313,50.785270,1543,29.53,420.13,61.51,1.0000,0.656449,0.128155,412.54,333.28,0.9796,0.644600,0.694341
1786702904.309091,50.817048,1544,29.53,420.13,61.57,1.0000,0.656455,0.128270,412.48,333.31,0.9798,0.644507,0.694394
1786702904.340500,50.848457,1545,29.53,420.20,61.56,1.0000,0.656558,0.128256,412.48,333.05,0.9798,0.644504,0.693852
1786702904.356065,50.864022,1546,29.53,420.20,61.48,1.0000,0.656557,0.128075,412.47,333.11,0.9797,0.644480,0.693970
1786702904.409459,50.917417,1547,29.53,420.16,61.43,1.0000,0.656507,0.127984,412.44,333.60,0.9798,0.644433,0.695000
1786702904.444523,50.952481,1548,29.43,420.17,61.47,1.0000,0.656511,0.128065,412.42,333.61,0.9791,0.644414,0.695029
1786702904.474105,50.982062,1549,29.43,420.41,61.38,1.0000,0.656886,0.127884,412.08,333.52,0.9786,0.643874,0.694824
1786702904.500138,51.008095,1550,29.43,420.41,61.37,1.0000,0.656891,0.127861,412.08,333.51,0.9778,0.643873,0.694814
1786702904.546175,51.054133,1551,29.43,420.45,61.40,1.0000,0.656956,0.127909,412.15,333.62,0.9779,0.643992,0.695044
1786702904.563759,51.071717,1552,29.43,420.33,61.37,1.0000,0.656763,0.127860,412.23,333.61,0.9777,0.644106,0.695023
1786702904.600889,51.108847,1553,29.43,420.49,61.36,1.0000,0.657021,0.127837,412.20,333.64,0.9777,0.644062,0.695076
1786702904.646372,51.154330,1554,29.43,420.36,61.23,1.0000,0.656805,0.127572,412.21,333.53,0.9775,0.644079,0.694859
1786702904.680549,51.188507,1555,29.43,420.24,61.23,1.0000,0.656624,0.127572,412.30,333.55,0.9777,0.644220,0.694893
1786702904.695090,51.203047,1556,29.43,420.23,61.29,1.0000,0.656606,0.127679,412.29,333.55,0.9779,0.644197,0.694898
1786702904.747179,51.255136,1557,29.43,420.23,61.29,1.0000,0.656604,0.127694,412.34,333.50,0.9781,0.644279,0.694787
1786702904.755351,51.263308,1558,29.43,420.20,61.30,1.0000,0.656568,0.127704,412.34,333.51,0.9781,0.644277,0.694807
1786702904.792878,51.300836,1559,29.43,420.04,61.32,1.0000,0.656310,0.127748,412.32,333.51,0.9779,0.644251,0.694804
1786702904.829654,51.337612,1560,29.43,420.13,61.34,1.0000,0.656452,0.127782,412.15,333.48,0.9777,0.643982,0.694756
1786702904.866407,51.374364,1561,29.43,420.00,61.17,1.0000,0.656255,0.127444,412.18,333.27,0.9770,0.644031,0.694321
1786702904.909688,51.417646,1562,29.43,419.96,61.17,1.0000,0.656180,0.127439,412.20,333.19,0.9774,0.644056,0.694138
1786702904.938484,51.446441,1563,29.43,419.95,61.18,1.0000,0.656179,0.127452,412.18,333.07,0.9773,0.644027,0.693904
1786702904.951508,51.459466,1564,29.75,419.99,61.18,1.0000,0.656231,0.127466,412.18,333.17,0.9777,0.644037,0.694101
1786702904.997642,51.505599,1565,29.75,419.80,61.27,1.0000,0.655941,0.127641,412.21,333.19,0.9773,0.644084,0.694141
1786702905.026053,51.534010,1566,29.75,419.70,61.35,1.0000,0.655783,0.127804,412.21,333.21,0.9775,0.644085,0.694182
1786702905.054628,51.562585,1567,29.75,419.68,61.37,1.0000,0.655748,0.127853,412.31,333.11,0.9777,0.644232,0.693982
1786702905.089582,51.597539,1568,29.75,419.63,61.34,1.0000,0.655664,0.127792,412.28,333.20,0.9779,0.644183,0.694177
1786702905.109467,51.617424,1569,29.75,419.45,61.42,1.0000,0.655397,0.127960,412.38,333.24,0.9783,0.644350,0.694241
1786702905.162354,51.670312,1570,29.75,419.55,61.45,1.0000,0.655554,0.128025,412.33,333.36,0.9787,0.644265,0.694490
1786702905.202270,51.710227,1571,29.75,419.55,61.45,1.0000,0.655547,0.128021,412.32,333.13,0.9786,0.644244,0.694025
1786702905.217677,51.725634,1572,29.75,419.56,61.32,1.0000,0.655555,0.127750,412.33,333.08,0.9788,0.644266,0.693922
1786702905.252582,51.760539,1573,29.75,419.48,61.72,1.0000,0.655442,0.128579,412.51,333.14,0.9783,0.644546,0.694046
1786702905.269833,51.777790,1574,29.75,419.94,61.82,1.0000,0.656162,0.128796,412.44,333.35,0.9786,0.644435,0.694482
1786702905.328842,51.836799,1575,29.75,419.83,61.82,1.0000,0.655985,0.128796,412.40,333.19,0.9786,0.644373,0.694156
1786702905.360661,51.868618,1576,29.75,419.78,61.48,1.0000,0.655908,0.128081,412.38,333.13,0.9790,0.644347,0.694017
1786702905.408568,51.916525,1577,29.75,419.80,61.73,1.0000,0.655941,0.128608,412.63,333.28,0.9791,0.644738,0.694333
1786702905.442889,51.950846,1578,29.75,419.80,61.77,1.0000,0.655937,0.128687,412.60,333.66,0.9794,0.644694,0.695127
1786702905.472198,51.980155,1579,29.68,419.95,61.77,1.0000,0.656178,0.128683,412.51,333.67,0.9793,0.644548,0.695143
1786702905.504179,52.012136,1580,29.68,419.95,61.51,1.0000,0.656175,0.128155,412.49,333.61,0.9787,0.644518,0.695012
1786702905.519614,52.027571,1581,29.68,419.93,61.50,1.0000,0.656139,0.128129,412.50,333.60,0.9790,0.644532,0.695010
1786702905.556376,52.064334,1582,29.68,419.93,61.50,1.0000,0.656135,0.128131,412.40,333.61,0.9789,0.644380,0.695024
1786702905.598961,52.106919,1583,29.68,420.07,61.48,1.0000,0.656356,0.128081,412.36,333.63,0.9792,0.644307,0.695066
1786702905.633823,52.141781,1584,29.68,420.32,61.34,1.0000,0.656750,0.127794,412.49,333.59,0.9794,0.644513,0.694977
1786702905.675771,52.183728,1585,29.68,420.23,61.31,1.0000,0.656602,0.127719,412.49,333.58,0.9793,0.644510,0.694960
1786702905.710113,52.218071,1586,29.68,420.36,61.30,1.0000,0.656815,0.127714,412.40,333.67,0.9796,0.644381,0.695154
1786702905.725996,52.233953,1587,29.68,420.35,61.23,1.0000,0.656802,0.127561,412.38,333.72,0.9795,0.644338,0.695247
1786702905.763162,52.271120,1588,29.68,420.36,61.22,1.0000,0.656807,0.127546,412.30,333.67,0.9789,0.644216,0.695154
1786702905.799686,52.307643,1589,29.68,420.36,61.26,1.0000,0.656812,0.127625,412.27,333.61,0.9787,0.644178,0.695021
1786702905.832341,52.340299,1590,29.68,420.47,61.26,1.0000,0.656986,0.127620,412.26,333.60,0.9790,0.644163,0.695001
1786702905.861405,52.369362,1591,29.68,420.42,61.25,1.0000,0.656906,0.127613,412.23,333.50,0.9784,0.644116,0.694789
1786702905.906385,52.414343,1592,29.68,420.49,61.21,1.0000,0.657016,0.127516,412.01,333.50,0.9784,0.643765,0.694792
1786702905.935473,52.443431,1593,29.68,420.37,61.21,1.0000,0.656823,0.127514,412.13,333.48,0.9784,0.643950,0.694749
1786702905.980864,52.488821,1594,29.61,420.48,61.25,1.0000,0.657002,0.127605,411.97,333.46,0.9777,0.643698,0.694701
1786702906.012457,52.520415,1595,29.61,420.05,61.26,1.0000,0.656321,0.127632,411.98,333.49,0.9774,0.643720,0.694762
1786702906.049209,52.557167,1596,29.61,420.17,61.27,1.0000,0.656516,0.127640,411.93,333.48,0.9770,0.643636,0.694749
1786702906.060004,52.567961,1597,29.61,420.10,61.24,1.0000,0.656411,0.127588,411.96,333.48,0.9767,0.643695,0.694742
1786702906.097187,52.605145,1598,29.61,419.95,61.23,1.0000,0.656174,0.127561,412.01,333.52,0.9770,0.643759,0.694840
1786702906.134213,52.642171,1599,29.61,419.90,61.24,1.0000,0.656092,0.127588,412.11,333.51,0.9776,0.643920,0.694820
1786702906.174073,52.682030,1600,29.61,419.85,61.19,1.0000,0.656021,0.127474,412.15,333.54,0.9781,0.643988,0.694879
1786702906.213097,52.721054,1601,29.61,420.00,61.19,1.0000,0.656255,0.127482,412.21,333.54,0.9783,0.644072,0.694885
1786702906.250169,52.758126,1602,29.61,419.97,61.12,1.0000,0.656209,0.127340,412.20,333.53,0.9777,0.644066,0.694856
1786702906.265988,52.773946,1603,29.61,419.95,61.12,1.0000,0.656173,0.127331,412.28,333.50,0.9781,0.644188,0.694800
1786702906.297969,52.805927,1604,29.61,419.91,61.10,1.0000,0.656113,0.127294,412.27,333.39,0.9785,0.644169,0.694560
1786702906.334763,52.842721,1605,29.61,419.97,61.04,1.0000,0.656197,0.127168,412.34,333.43,0.9785,0.644288,0.694639
1786702906.366894,52.874852,1606,29.61,419.89,61.30,1.0000,0.656079,0.127705,412.27,333.66,0.9779,0.644173,0.695135
1786702906.404456,52.912414,1607,29.61,419.85,61.30,1.0000,0.656016,0.127716,412.23,333.76,0.9783,0.644103,0.695332
1786702906.444320,52.952278,1608,29.61,419.85,61.18,1.0000,0.656012,0.127452,412.28,333.30,0.9787,0.644184,0.694371
1786702906.459066,52.967023,1609,29.61,419.82,61.10,1.0000,0.655966,0.127290,412.28,333.32,0.9781,0.644194,0.694409
1786702906.517745,53.025702,1610,29.67,419.74,61.30,1.0000,0.655837,0.127706,412.37,333.39,0.9780,0.644326,0.694565
1786702906.551886,53.059844,1611,29.67,419.78,61.54,1.0000,0.655912,0.128214,412.31,333.60,0.9779,0.644231,0.695006
1786702906.583969,53.091927,1612,29.67,419.78,61.41,1.0000,0.655900,0.127933,412.31,333.46,0.9780,0.644231,0.694712
1786702906.599609,53.107567,1613,29.67,419.80,61.25,1.0000,0.655931,0.127598,412.31,333.55,0.9778,0.644239,0.694889
1786702906.632916,53.140873,1614,29.67,419.56,61.26,1.0000,0.655556,0.127624,412.32,333.73,0.9775,0.644251,0.695269
1786702906.678785,53.186743,1615,29.67,419.59,61.40,1.0000,0.655610,0.127911,412.19,333.88,0.9774,0.644053,0.695583
1786702906.715601,53.223559,1616,29.67,419.60,61.38,1.0000,0.655619,0.127884,412.22,333.73,0.9778,0.644098,0.695273
1786702906.726225,53.234182,1617,29.67,419.60,61.31,1.0000,0.655621,0.127729,412.22,333.73,0.9774,0.644091,0.695274
1786702906.766359,53.274316,1618,29.67,419.58,61.31,1.0000,0.655597,0.127720,412.22,333.81,0.9777,0.644095,0.695442
1786702906.809198,53.317155,1619,29.67,419.62,61.31,1.0000,0.655650,0.127726,412.20,333.68,0.9779,0.644066,0.695175
1786702906.822444,53.330402,1620,29.67,419.75,61.30,1.0000,0.655867,0.127703,412.23,333.70,0.9782,0.644104,0.695215
1786702906.862606,53.370563,1621,29.67,419.75,61.13,1.0000,0.655853,0.127344,412.24,333.72,0.9782,0.644126,0.695240
1786702906.894131,53.402089,1622,29.67,419.90,61.11,1.0000,0.656094,0.127305,412.23,333.74,0.9784,0.644108,0.695288
1786702906.931756,53.439713,1623,29.67,419.86,61.02,1.0000,0.656036,0.127128,412.15,333.74,0.9781,0.643986,0.695300
1786702906.961261,53.469218,1624,29.67,420.30,61.04,1.0000,0.656715,0.127172,412.12,333.75,0.9779,0.643932,0.695318
1786702907.001744,53.509702,1625,29.67,420.29,61.05,1.0000,0.656704,0.127178,412.21,333.70,0.9779,0.644083,0.695214
1786702907.037455,53.545413,1626,29.92,420.29,61.06,1.0000,0.656706,0.127218,412.20,333.65,0.9777,0.644064,0.695098
1786702907.047592,53.555550,1627,29.92,420.26,61.06,1.0000,0.656651,0.127215,412.22,333.57,0.9773,0.644091,0.694932
1786702907.090831,53.598788,1628,29.92,420.26,61.06,1.0000,0.656650,0.127214,412.23,333.58,0.9775,0.644108,0.694954
1786702907.125304,53.633261,1629,29.92,420.29,61.06,1.0000,0.656709,0.127211,412.30,333.61,0.9778,0.644217,0.695029
1786702907.159406,53.667363,1630,29.92,420.45,61.06,1.0000,0.656949,0.127201,412.34,333.47,0.9780,0.644276,0.694738
1786702907.193035,53.700993,1631,29.92,420.44,61.06,1.0000,0.656940,0.127206,412.36,333.52,0.9783,0.644308,0.694838
1786702907.225174,53.733131,1632,29.92,420.38,61.02,1.0000,0.656844,0.127131,412.36,333.44,0.9785,0.644320,0.694675
1786702907.267994,53.775951,1633,29.92,420.38,61.05,1.0000,0.656843,0.127185,412.36,333.43,0.9788,0.644312,0.694649
1786702907.302507,53.810464,1634,29.92,420.44,61.05,1.0000,0.656934,0.127184,412.36,333.40,0.9790,0.644311,0.694575
1786702907.360355,53.868312,1635,29.92,420.32,61.02,1.0000,0.656749,0.127127,412.35,333.63,0.9790,0.644304,0.695069
1786702907.378839,53.886797,1636,29.92,420.29,61.03,1.0000,0.656697,0.127150,412.55,333.54,0.9791,0.644602,0.694883
1786702907.413306,53.921263,1637,29.92,420.28,61.03,1.0000,0.656695,0.127154,412.54,333.53,0.9792,0.644592,0.694859
1786702907.442407,53.950364,1638,29.92,420.24,60.99,1.0000,0.656632,0.127055,412.58,333.54,0.9794,0.644654,0.694879
1786702907.458063,53.966021,1639,29.92,420.12,60.96,1.0000,0.656436,0.127005,412.56,333.54,0.9795,0.644630,0.694880
1786702907.506561,54.014519,1640,29.92,420.12,60.97,1.0000,0.656433,0.127017,412.53,333.54,0.9796,0.644579,0.694878
1786702907.541121,54.049078,1641,29.92,420.14,60.96,1.0000,0.656470,0.127000,412.49,333.54,0.9796,0.644513,0.694878
1786702907.570287,54.078244,1642,29.92,420.06,60.96,1.0000,0.656339,0.127001,412.49,333.55,0.9794,0.644523,0.694889
1786702907.615798,54.123755,1643,29.92,420.06,60.96,1.0000,0.656337,0.127000,412.53,333.55,0.9797,0.644576,0.694904
1786702907.635466,54.143423,1644,29.92,420.06,60.94,1.0000,0.656351,0.126968,412.41,333.57,0.9797,0.644386,0.694941
1786702907.668075,54.176033,1645,29.92,420.05,60.84,1.0000,0.656330,0.126751,412.41,333.57,0.9795,0.644392,0.694946
1786702907.739361,54.247318,1647,29.92,420.00,60.84,1.0000,0.656253,0.126755,412.21,333.73,0.9798,0.644079,0.695266
1786702907.772986,54.280944,1648,29.92,419.97,60.86,1.0000,0.656206,0.126792,412.21,333.57,0.9799,0.644081,0.694944
1786702907.807352,54.315309,1649,29.92,419.94,60.73,1.0000,0.656153,0.126514,412.42,333.60,0.9802,0.644409,0.695006
1786702907.838887,54.346844,1650,29.92,419.92,60.73,1.0000,0.656125,0.126515,412.43,333.71,0.9804,0.644423,0.695229
1786702907.862869,54.370826,1651,29.92,419.84,60.78,1.0000,0.656005,0.126630,412.37,333.71,0.9801,0.644327,0.695235
1786702907.903771,54.411729,1652,29.92,419.92,60.85,1.0000,0.656118,0.126780,412.34,333.72,0.9797,0.644277,0.695259
1786702907.926657,54.434615,1653,29.92,419.87,60.85,1.0000,0.656048,0.126776,412.41,333.63,0.9792,0.644387,0.695057
1786702907.974347,54.482305,1654,29.92,419.72,60.85,1.0000,0.655806,0.126776,412.43,333.65,0.9793,0.644418,0.695105
1786702908.003800,54.511758,1655,29.92,419.71,60.85,1.0000,0.655798,0.126776,412.36,333.61,0.9791,0.644314,0.695012
1786702908.037791,54.545749,1656,29.92,419.84,60.85,1.0000,0.656001,0.126765,412.42,333.57,0.9795,0.644412,0.694930
1786702908.058979,54.566937,1657,29.67,419.83,60.85,1.0000,0.655984,0.126761,412.49,333.41,0.9791,0.644520,0.694599
1786702908.104460,54.612417,1658,29.67,419.80,60.89,1.0000,0.655938,0.126847,412.53,333.40,0.9792,0.644583,0.694582
1786702908.121224,54.629181,1659,29.67,419.81,60.90,1.0000,0.655953,0.126878,412.40,333.47,0.9791,0.644375,0.694719
1786702908.146523,54.654480,1660,29.67,419.79,60.90,1.0000,0.655916,0.126876,412.39,333.57,0.9795,0.644367,0.694945
1786702908.191519,54.699476,1661,29.67,419.74,60.97,1.0000,0.655845,0.127016,412.48,333.52,0.9797,0.644496,0.694827
1786702908.221106,54.729064,1662,29.67,419.69,60.96,1.0000,0.655759,0.127009,412.47,333.62,0.9798,0.644478,0.695037
1786702908.262655,54.770613,1663,29.67,419.25,60.93,1.0000,0.655075,0.126939,412.48,333.65,0.9798,0.644505,0.695104
1786702908.292725,54.800683,1664,29.67,419.09,60.94,1.0000,0.654836,0.126965,412.48,333.81,0.9798,0.644507,0.695439
1786702908.336861,54.844818,1665,29.67,419.10,60.96,1.0000,0.654848,0.126993,412.49,333.66,0.9799,0.644518,0.695130
1786702908.365385,54.873343,1666,29.67,419.08,60.84,1.0000,0.654805,0.126751,412.52,333.70,0.9795,0.644568,0.695204
1786702908.397138,54.905096,1667,29.67,418.80,60.86,1.0000,0.654374,0.126782,412.65,333.66,0.9792,0.644760,0.695128
1786702908.431727,54.939684,1668,29.67,418.72,60.87,1.0000,0.654244,0.126815,412.63,333.68,0.9789,0.644742,0.695161
1786702908.463160,54.971117,1669,29.67,418.72,60.92,1.0000,0.654257,0.126909,412.54,333.68,0.9788,0.644600,0.695176
1786702908.505615,55.013572,1670,29.67,418.38,60.80,1.0000,0.653725,0.126662,412.48,333.77,0.9784,0.644504,0.695362
1786702908.534365,55.042322,1671,29.67,418.39,60.80,1.0000,0.653728,0.126658,412.38,333.77,0.9778,0.644346,0.695357
1786702908.553814,55.061771,1672,29.67,418.18,60.80,1.0000,0.653402,0.126660,412.39,333.72,0.9776,0.644358,0.695243
1786702908.592758,55.100715,1673,29.72,418.20,60.79,1.0000,0.653434,0.126638,412.31,333.72,0.9771,0.644235,0.695259
1786702908.636604,55.144561,1674,29.72,417.80,60.61,1.0000,0.652815,0.126270,412.41,333.81,0.9769,0.644396,0.695435
1786702908.661990,55.169947,1675,29.72,417.69,60.69,1.0000,0.652646,0.126429,412.41,333.93,0.9770,0.644386,0.695687
1786702908.702338,55.210296,1676,29.72,417.52,60.68,1.0000,0.652373,0.126407,412.40,333.51,0.9771,0.644382,0.694810
1786702908.731439,55.239397,1677,29.72,417.45,60.52,1.0000,0.652264,0.126088,412.49,333.54,0.9773,0.644513,0.694877
1786702908.754576,55.262534,1678,29.72,417.36,60.58,1.0000,0.652120,0.126203,412.50,333.55,0.9770,0.644526,0.694897
1786702908.800222,55.308179,1679,29.72,417.31,60.70,1.0000,0.652052,0.126466,412.45,333.62,0.9770,0.644446,0.695050
1786702908.834428,55.342386,1680,29.72,417.14,60.63,1.0000,0.651788,0.126319,412.45,333.55,0.9776,0.644458,0.694906
1786702908.866931,55.374889,1681,29.72,416.79,60.56,1.0000,0.651239,0.126162,412.43,333.57,0.9774,0.644427,0.694940
1786702908.898501,55.406459,1682,29.72,416.36,60.57,1.0000,0.650562,0.126193,412.47,333.63,0.9772,0.644488,0.695059
1786702908.943967,55.451924,1683,29.72,416.34,60.58,1.0000,0.650531,0.126200,412.37,333.81,0.9775,0.644324,0.695428
1786702908.956712,55.464670,1684,29.72,416.28,60.54,1.0000,0.650437,0.126132,412.38,333.80,0.9778,0.644342,0.695415
1786702909.002933,55.510890,1685,29.72,416.00,60.54,1.0000,0.649997,0.126123,412.38,333.88,0.9775,0.644343,0.695579
1786702909.026791,55.534749,1686,29.72,415.93,60.55,1.0000,0.649897,0.126142,412.31,333.85,0.9777,0.644233,0.695525
1786702909.085725,55.593682,1687,29.72,415.54,60.55,1.0000,0.649276,0.126143,412.30,333.87,0.9780,0.644215,0.695566
1786702909.098449,55.606407,1688,29.64,415.54,60.56,1.0000,0.649274,0.126165,412.09,334.05,0.9779,0.643890,0.695940
1786702909.133457,55.641414,1689,29.64,415.26,60.55,1.0000,0.648845,0.126148,412.12,333.70,0.9778,0.643945,0.695199
1786702909.171182,55.679140,1690,29.64,415.28,60.57,1.0000,0.648881,0.126196,412.12,334.03,0.9779,0.643942,0.695898
1786702909.186961,55.694919,1691,29.64,415.14,60.53,1.0000,0.648662,0.126100,412.06,334.02,0.9780,0.643839,0.695879
1786702909.240090,55.748048,1692,29.64,415.15,60.57,1.0000,0.648665,0.126196,411.89,334.05,0.9775,0.643580,0.695947
1786702909.266681,55.774639,1693,29.64,415.12,60.50,1.0000,0.648632,0.126035,412.11,333.81,0.9777,0.643924,0.695442
1786702909.303777,55.811734,1694,29.64,414.87,60.37,1.0000,0.648240,0.125769,412.13,333.76,0.9781,0.643953,0.695328
1786702909.347177,55.855134,1695,29.64,414.71,60.35,1.0000,0.647991,0.125721,412.20,333.91,0.9785,0.644065,0.695643
1786702909.381800,55.889758,1696,29.64,414.69,60.35,1.0000,0.647958,0.125722,412.18,333.85,0.9785,0.644032,0.695513
1786702909.410702,55.918659,1697,29.64,414.58,60.37,1.0000,0.647774,0.125762,412.18,333.69,0.9782,0.644039,0.695179
1786702909.426572,55.934530,1698,29.64,414.56,60.36,1.0000,0.647751,0.125744,412.19,333.68,0.9783,0.644052,0.695163
1786702909.474792,55.982749,1699,29.64,414.68,60.39,1.0000,0.647936,0.125822,412.24,334.06,0.9785,0.644118,0.695954
1786702909.506612,56.014570,1700,29.64,414.65,60.39,1.0000,0.647889,0.125822,412.35,334.00,0.9786,0.644291,0.695832
1786702909.533178,56.041135,1701,29.64,414.73,60.39,1.0000,0.648013,0.125815,412.30,333.99,0.9785,0.644221,0.695808
1786702909.577078,56.085036,1702,29.64,414.82,60.32,1.0000,0.648159,0.125674,412.24,333.96,0.9785,0.644119,0.695740
1786702909.614028,56.121986,1703,29.59,414.81,60.31,1.0000,0.648134,0.125647,412.23,333.95,0.9786,0.644110,0.695729
1786702909.630002,56.137959,1704,29.59,414.92,60.31,1.0000,0.648310,0.125644,412.24,333.97,0.9787,0.644123,0.695765
1786702909.669543,56.177500,1705,29.59,414.97,60.28,1.0000,0.648383,0.125577,412.24,333.99,0.9789,0.644118,0.695805
1786702909.698987,56.206945,1706,29.59,415.00,60.28,1.0000,0.648440,0.125575,412.24,334.02,0.9789,0.644119,0.695873
1786702909.787042,56.294999,1708,29.59,415.00,60.21,1.0000,0.648438,0.125441,412.24,333.79,0.9789,0.644122,0.695394
1786702909.814386,56.322344,1709,29.59,415.06,60.21,1.0000,0.648534,0.125433,412.26,333.78,0.9790,0.644163,0.695369
1786702909.829181,56.337139,1710,29.59,415.14,60.20,1.0000,0.648663,0.125415,412.28,333.78,0.9787,0.644182,0.695378
1786702909.875843,56.383800,1711,29.59,415.15,60.20,1.0000,0.648678,0.125411,412.19,333.74,0.9785,0.644052,0.695295
1786702909.886398,56.394355,1712,29.59,415.16,60.20,1.0000,0.648684,0.125421,412.24,333.78,0.9783,0.644128,0.695383
1786702909.932944,56.440901,1713,29.59,415.41,60.28,1.0000,0.649080,0.125582,412.27,333.78,0.9785,0.644174,0.695381
1786702909.949030,56.456988,1714,29.59,415.51,60.27,1.0000,0.649235,0.125556,412.29,333.75,0.9787,0.644201,0.695316
1786702910.021506,56.529463,1715,29.59,415.51,60.27,1.0000,0.649240,0.125556,412.32,333.75,0.9787,0.644243,0.695315
1786702910.034931,56.542888,1716,29.59,415.53,60.29,1.0000,0.649264,0.125598,412.36,333.71,0.9787,0.644306,0.695223
1786702910.082253,56.590210,1717,29.59,415.56,60.28,1.0000,0.649320,0.125591,412.37,333.55,0.9787,0.644334,0.694892
1786702910.108407,56.616364,1718,29.59,415.65,60.28,1.0000,0.649451,0.125578,412.34,333.35,0.9787,0.644278,0.694489
1786702910.140289,56.648246,1719,29.38,415.64,60.26,1.0000,0.649434,0.125543,412.34,333.50,0.9781,0.644280,0.694784
1786702910.156086,56.664043,1720,29.38,415.68,60.36,1.0000,0.649501,0.125743,412.34,333.78,0.9783,0.644279,0.695368
1786702910.195784,56.703742,1721,29.38,415.66,60.48,1.0000,0.649472,0.125995,412.30,333.73,0.9784,0.644212,0.695261
1786702910.234889,56.742846,1722,29.38,415.75,60.51,1.0000,0.649613,0.126057,412.32,333.51,0.9785,0.644246,0.694802
1786702910.288606,56.796564,1723,29.38,415.78,60.47,1.0000,0.649659,0.125977,412.47,333.37,0.9786,0.644489,0.694511
1786702910.302364,56.810322,1724,29.38,415.75,60.70,1.0000,0.649608,0.126468,412.48,333.43,0.9786,0.644501,0.694655
1786702910.335555,56.843513,1725,29.38,415.77,60.84,1.0000,0.649641,0.126758,412.45,333.53,0.9787,0.644447,0.694849
1786702910.373685,56.881642,1726,29.38,415.82,60.84,1.0000,0.649723,0.126756,412.42,333.44,0.9787,0.644404,0.694656
1786702910.405354,56.913312,1727,29.38,415.80,60.77,1.0000,0.649692,0.126607,412.48,333.46,0.9788,0.644499,0.694702
1786702910.436792,56.944750,1728,29.38,415.64,60.94,1.0000,0.649445,0.126962,412.42,333.46,0.9787,0.644413,0.694709
1786702910.463240,56.971197,1729,29.38,415.65,60.94,1.0000,0.649446,0.126968,412.37,333.60,0.9790,0.644328,0.694996
1786702910.518891,57.026849,1730,29.38,415.54,60.83,1.0000,0.649274,0.126734,412.41,333.49,0.9786,0.644394,0.694765
1786702910.531751,57.039708,1731,29.38,415.53,60.83,1.0000,0.649270,0.126732,412.40,333.52,0.9784,0.644380,0.694830
1786702910.566907,57.074864,1732,29.38,415.21,60.90,1.0000,0.648771,0.126871,412.41,333.53,0.9781,0.644391,0.694861
1786702910.598565,57.106522,1733,29.38,415.22,60.90,1.0000,0.648778,0.126879,412.32,333.60,0.9782,0.644255,0.695002
1786702910.630336,57.138293,1734,29.38,415.22,60.87,1.0000,0.648779,0.126810,412.41,333.63,0.9779,0.644397,0.695053
1786702910.670174,57.178131,1735,29.54,415.11,60.88,1.0000,0.648613,0.126843,412.39,333.73,0.9777,0.644352,0.695279
1786702910.702652,57.210609,1736,29.54,414.94,60.89,1.0000,0.648342,0.126846,412.40,333.83,0.9775,0.644374,0.695478
1786702910.731606,57.239563,1737,29.54,414.82,60.88,1.0000,0.648155,0.126838,412.40,333.89,0.9777,0.644380,0.695605
1786702910.744642,57.252599,1738,29.54,414.81,60.90,1.0000,0.648147,0.126880,412.38,333.92,0.9775,0.644349,0.695665
1786702910.792794,57.300751,1739,29.54,414.55,60.88,1.0000,0.647739,0.126837,412.45,333.97,0.9773,0.644450,0.695767
1786702910.824730,57.332688,1740,29.54,414.51,60.80,1.0000,0.647664,0.126669,412.23,334.06,0.9770,0.644117,0.695950
1786702910.864827,57.372785,1741,29.54,414.28,60.77,1.0000,0.647317,0.126610,412.37,333.79,0.9768,0.644330,0.695395
1786702910.896227,57.404185,1742,29.54,414.26,60.76,1.0000,0.647282,0.126586,412.35,333.75,0.9772,0.644300,0.695316
1786702910.931598,57.439555,1743,29.54,414.24,60.77,1.0000,0.647254,0.126601,412.40,333.72,0.9777,0.644380,0.695258
1786702910.971074,57.479032,1744,29.54,414.24,60.77,1.0000,0.647245,0.126598,412.43,333.86,0.9775,0.644427,0.695549
1786702911.004778,57.512735,1745,29.54,414.26,60.86,1.0000,0.647277,0.126798,412.39,333.89,0.9778,0.644356,0.695609
1786702911.019842,57.527800,1746,29.54,414.15,60.87,1.0000,0.647109,0.126814,412.42,333.88,0.9775,0.644400,0.695593
1786702911.070268,57.578225,1747,29.54,414.15,60.89,1.0000,0.647114,0.126860,412.40,334.14,0.9774,0.644372,0.696125
1786702911.095269,57.603226,1748,29.54,414.15,60.90,1.0000,0.647105,0.126881,412.39,334.20,0.9777,0.644360,0.696240
1786702911.132579,57.640536,1749,29.54,414.14,60.91,1.0000,0.647091,0.126892,412.38,334.17,0.9780,0.644343,0.696187
1786702911.175435,57.683393,1750,29.57,414.15,60.90,1.0000,0.647103,0.126877,412.19,334.18,0.9784,0.644052,0.696217
1786702911.191526,57.699484,1751,29.57,414.08,60.89,1.0000,0.647005,0.126859,412.22,334.10,0.9780,0.644087,0.696041
1786702911.242346,57.750303,1752,29.57,414.08,60.89,1.0000,0.647001,0.126859,412.23,334.11,0.9782,0.644114,0.696061
1786702911.260005,57.767962,1753,29.57,414.07,60.96,1.0000,0.646990,0.127000,412.23,334.20,0.9788,0.644114,0.696242
1786702911.300105,57.808063,1754,29.57,414.06,61.15,1.0000,0.646974,0.127404,412.23,334.12,0.9787,0.644103,0.696081
1786702911.335222,57.843179,1755,29.57,414.05,61.12,1.0000,0.646954,0.127325,412.21,334.08,0.9793,0.644078,0.696005
1786702911.369744,57.877701,1756,29.57,414.05,61.08,1.0000,0.646953,0.127259,412.25,334.03,0.9792,0.644135,0.695888
1786702911.407030,57.914988,1757,29.57,414.05,61.15,1.0000,0.646951,0.127386,412.35,334.31,0.9797,0.644291,0.696471
1786702911.435642,57.943599,1758,29.57,414.08,61.25,1.0000,0.646995,0.127606,412.17,334.31,0.9800,0.644023,0.696477
1786702911.494277,58.002234,1759,29.57,414.07,61.25,1.0000,0.646990,0.127606,412.18,334.19,0.9801,0.644026,0.696233
1786702911.496281,58.004239,1760,29.57,413.99,61.23,1.0000,0.646852,0.127556,412.17,334.33,0.9800,0.644012,0.696512
1786702911.529473,58.037430,1761,29.57,413.95,61.23,1.0000,0.646795,0.127563,412.18,334.29,0.9800,0.644025,0.696432
1786702911.573503,58.081460,1762,29.57,413.95,61.40,1.0000,0.646790,0.127908,412.08,334.26,0.9801,0.643872,0.696385
1786702911.609601,58.117558,1763,29.57,413.98,61.31,1.0000,0.646846,0.127724,412.08,334.25,0.9801,0.643869,0.696346
1786702911.628700,58.136657,1764,29.57,413.98,61.26,1.0000,0.646845,0.127619,412.05,334.21,0.9796,0.643824,0.696275
1786702911.679292,58.187249,1765,29.61,413.98,61.30,1.0000,0.646846,0.127700,412.11,334.26,0.9800,0.643922,0.696368
1786702911.694265,58.202223,1766,29.61,413.99,61.30,1.0000,0.646855,0.127706,412.11,334.26,0.9802,0.643925,0.696367
1786702911.737873,58.245831,1767,29.61,413.99,61.30,1.0000,0.646854,0.127705,412.16,334.23,0.9804,0.643999,0.696311
1786702911.772194,58.280151,1768,29.61,413.99,61.32,1.0000,0.646860,0.127760,412.26,334.13,0.9805,0.644155,0.696114
1786702911.804197,58.312155,1769,29.61,413.87,61.28,1.0000,0.646679,0.127677,412.25,334.13,0.9802,0.644137,0.696111
1786702911.836205,58.344163,1770,29.61,413.88,61.31,1.0000,0.646680,0.127729,412.21,334.42,0.9803,0.644074,0.696707
1786702911.875693,58.383650,1771,29.61,413.87,61.35,1.0000,0.646665,0.127806,412.21,334.25,0.9799,0.644075,0.696355
1786702911.889262,58.397219,1772,29.61,413.87,61.41,1.0000,0.646668,0.127930,412.18,334.08,0.9798,0.644028,0.696007
1786702911.932187,58.440144,1773,29.61,413.87,61.37,1.0000,0.646672,0.127850,412.23,333.96,0.9793,0.644115,0.695755
1786702911.975034,58.482991,1774,29.61,413.85,61.33,1.0000,0.646636,0.127768,412.26,333.91,0.9795,0.644158,0.695642
1786702911.988805,58.496763,1775,29.61,413.85,61.33,1.0000,0.646643,0.127770,412.29,333.81,0.9796,0.644199,0.695442
1786702912.036953,58.544910,1776,29.61,413.88,61.38,1.0000,0.646681,0.127885,412.34,333.93,0.9795,0.644277,0.695695
1786702912.069120,58.577078,1777,29.61,413.99,61.46,1.0000,0.646858,0.128033,412.30,333.89,0.9796,0.644216,0.695607
1786702912.111284,58.619242,1778,29.61,414.00,61.40,1.0000,0.646872,0.127926,412.33,334.13,0.9798,0.644266,0.696102
1786702912.132225,58.640182,1779,29.61,413.98,61.40,1.0000,0.646843,0.127918,412.31,334.13,0.9797,0.644241,0.696096
1786702912.171609,58.679567,1780,29.61,413.95,61.38,1.0000,0.646804,0.127879,412.34,334.16,0.9798,0.644275,0.696157
1786702912.198683,58.706640,1781,29.87,413.95,61.38,1.0000,0.646803,0.127872,412.32,334.07,0.9798,0.644246,0.695975
1786702912.235814,58.743771,1782,29.87,414.03,61.57,1.0000,0.646915,0.128263,412.16,334.12,0.9798,0.644000,0.696093
1786702912.350472,58.858430,1785,29.87,413.72,61.24,1.0000,0.646433,0.127575,412.16,333.78,0.9794,0.644001,0.695382
1786702912.373546,58.881503,1786,29.87,413.73,61.24,1.0000,0.646458,0.127577,412.26,333.77,0.9796,0.644153,0.695345
1786702912.410490,58.918447,1787,29.87,413.74,61.26,1.0000,0.646467,0.127628,412.36,333.82,0.9799,0.644305,0.695461
1786702912.429600,58.937557,1788,29.87,413.74,61.29,1.0000,0.646472,0.127680,412.36,333.62,0.9802,0.644305,0.695039
1786702912.486242,58.994200,1789,29.87,413.97,61.41,1.0000,0.646826,0.127931,412.22,333.76,0.9803,0.644094,0.695332
1786702912.504386,59.012344,1790,29.87,413.97,61.40,1.0000,0.646827,0.127925,412.27,333.71,0.9803,0.644170,0.695231
1786702912.534920,59.042877,1791,29.87,413.97,61.48,1.0000,0.646832,0.128091,412.36,333.73,0.9805,0.644307,0.695263
1786702912.583565,59.091523,1792,29.87,413.95,61.47,1.0000,0.646803,0.128069,412.33,333.63,0.9807,0.644272,0.695052
1786702912.599433,59.107390,1793,29.87,413.97,61.45,1.0000,0.646835,0.128017,412.32,333.78,0.9804,0.644246,0.695366
1786702912.620981,59.128938,1794,29.87,413.78,61.48,1.0000,0.646529,0.128077,412.38,333.80,0.9804,0.644351,0.695424
1786702912.690825,59.198783,1795,29.87,413.78,61.48,1.0000,0.646532,0.128077,412.33,333.59,0.9806,0.644266,0.694979
1786702912.706570,59.214528,1796,28.91,413.83,61.49,1.0000,0.646610,0.128107,412.31,333.58,0.9807,0.644234,0.694957
1786702912.730095,59.238053,1797,28.91,413.84,61.47,1.0000,0.646620,0.128072,412.32,333.59,0.9806,0.644258,0.694977
1786702912.768450,59.276407,1798,28.91,413.81,61.50,1.0000,0.646574,0.128133,412.41,333.72,0.9808,0.644383,0.695254
1786702912.834693,59.342650,1799,28.91,413.78,61.56,1.0000,0.646530,0.128257,412.32,333.80,0.9808,0.644255,0.695425
1786702912.854079,59.362036,1801,28.91,413.88,61.62,1.0000,0.646685,0.128369,412.33,333.77,0.9808,0.644272,0.695354
1786702912.900727,59.408684,1802,28.91,413.90,61.56,1.0000,0.646718,0.128259,412.41,333.81,0.9802,0.644390,0.695445
1786702912.930520,59.438478,1803,28.91,414.16,61.51,1.0000,0.647127,0.128155,412.32,333.84,0.9799,0.644248,0.695497
1786702912.995527,59.503484,1804,28.91,414.21,61.50,1.0000,0.647204,0.128132,412.31,333.76,0.9801,0.644230,0.695331
1786702913.010374,59.518332,1805,28.91,414.17,61.48,1.0000,0.647147,0.128076,412.30,333.70,0.9801,0.644222,0.695209
1786702913.032232,59.540189,1806,28.91,414.16,61.48,1.0000,0.647127,0.128079,412.29,333.72,0.9800,0.644203,0.695258
1786702913.071639,59.579596,1807,28.91,414.08,61.41,1.0000,0.647008,0.127937,412.28,333.65,0.9796,0.644190,0.695114
1786702913.103453,59.611410,1808,28.91,414.13,61.39,1.0000,0.647080,0.127902,412.25,333.69,0.9799,0.644139,0.695195
1786702913.138314,59.646271,1809,28.91,414.14,61.39,1.0000,0.647090,0.127897,412.23,333.77,0.9801,0.644113,0.695344
1786702913.153991,59.661949,1810,28.91,414.13,61.42,1.0000,0.647081,0.127948,412.23,333.73,0.9798,0.644104,0.695276
1786702913.204909,59.712866,1811,28.91,414.09,61.47,1.0000,0.647016,0.128066,412.22,333.67,0.9797,0.644097,0.695153
1786702913.239877,59.747834,1812,28.85,414.09,61.48,1.0000,0.647014,0.128080,412.27,333.73,0.9798,0.644168,0.695263
1786702913.266509,59.774466,1813,28.85,414.11,61.45,1.0000,0.647042,0.128012,412.24,333.60,0.9798,0.644132,0.694993
1786702913.311661,59.819618,1814,28.85,414.13,61.48,1.0000,0.647077,0.128074,412.12,333.52,0.9797,0.643938,0.694838
1786702913.347974,59.855932,1815,28.85,414.05,61.51,1.0000,0.646957,0.128151,412.11,333.58,0.9798,0.643925,0.694968
1786702913.377735,59.885692,1816,28.85,414.29,61.55,1.0000,0.647325,0.128234,412.20,333.64,0.9801,0.644056,0.695090
1786702913.409373,59.917331,1817,28.85,414.31,61.52,1.0000,0.647359,0.128157,412.35,333.57,0.9803,0.644291,0.694935
1786702913.441042,59.948999,1818,28.85,414.30,61.48,1.0000,0.647340,0.128088,412.40,333.59,0.9804,0.644375,0.694972
1786702913.456831,59.964788,1819,28.85,414.28,61.48,1.0000,0.647305,0.128088,412.56,333.66,0.9808,0.644621,0.695122
1786702913.535447,60.043405,1820,28.85,414.27,61.52,1.0000,0.647301,0.128159,412.58,333.74,0.9806,0.644660,0.695282
1786702913.551601,60.059558,1821,28.85,414.30,61.56,1.0000,0.647344,0.128257,412.58,333.75,0.9810,0.644662,0.695307
1786702913.576426,60.084383,1822,28.85,414.30,61.49,1.0000,0.647344,0.128094,412.59,333.74,0.9812,0.644672,0.695296
1786702913.607703,60.115661,1823,28.85,414.27,61.49,1.0000,0.647296,0.128100,412.48,334.03,0.9811,0.644497,0.695898
1786702913.628942,60.136899,1824,28.85,414.25,61.61,1.0000,0.647260,0.128350,412.47,333.89,0.9812,0.644478,0.695594
1786702913.687469,60.195426,1825,28.85,414.41,61.54,1.0000,0.647511,0.128207,412.56,333.65,0.9815,0.644627,0.695109
1786702913.699028,60.206986,1826,28.85,414.40,61.54,1.0000,0.647504,0.128207,412.56,333.64,0.9817,0.644628,0.695089
1786702913.739068,60.247025,1827,28.85,414.33,61.51,1.0000,0.647385,0.128144,412.57,333.67,0.9816,0.644640,0.695147
1786702913.767749,60.275706,1828,29.21,414.42,61.51,1.0000,0.647530,0.128154,412.57,333.69,0.9817,0.644647,0.695189
1786702913.798926,60.306883,1829,29.21,414.44,61.60,1.0000,0.647560,0.128327,412.50,333.71,0.9816,0.644537,0.695225
1786702913.840627,60.348585,1830,29.21,414.45,61.62,1.0000,0.647578,0.128385,412.53,333.65,0.9816,0.644573,0.695102
1786702913.872339,60.380296,1831,29.21,414.41,61.63,1.0000,0.647513,0.128386,412.53,333.76,0.9816,0.644575,0.695325
1786702913.909591,60.417549,1832,29.21,414.57,61.62,1.0000,0.647768,0.128380,412.38,333.86,0.9814,0.644338,0.695550
1786702913.925807,60.433764,1833,29.21,414.57,61.62,1.0000,0.647760,0.128379,412.36,333.84,0.9811,0.644311,0.695490
1786702913.978173,60.486130,1834,29.21,414.57,61.64,1.0000,0.647766,0.128412,412.32,333.89,0.9811,0.644258,0.695613
1786702914.000066,60.508023,1835,29.21,414.63,61.61,1.0000,0.647863,0.128345,412.34,333.86,0.9812,0.644284,0.695547
1786702914.041508,60.549466,1836,29.21,414.64,61.59,1.0000,0.647880,0.128318,412.37,333.89,0.9812,0.644333,0.695602
1786702914.057330,60.565287,1837,29.21,414.74,61.61,1.0000,0.648038,0.128359,412.35,333.97,0.9810,0.644299,0.695771
1786702914.118193,60.626151,1838,29.21,414.81,61.64,1.0000,0.648137,0.128420,412.37,333.84,0.9812,0.644330,0.695496
1786702914.133743,60.641700,1839,29.21,414.80,61.63,1.0000,0.648121,0.128394,412.42,333.87,0.9815,0.644399,0.695558
1786702914.176661,60.684619,1840,29.21,414.77,61.58,1.0000,0.648080,0.128297,412.28,333.88,0.9815,0.644186,0.695576
1786702914.205742,60.713699,1841,29.21,414.78,61.65,1.0000,0.648090,0.128438,412.05,333.87,0.9814,0.643828,0.695571
1786702914.239831,60.747789,1842,29.21,414.75,61.65,1.0000,0.648042,0.128438,412.19,333.90,0.9817,0.644041,0.695626
1786702914.272130,60.780087,1843,29.33,414.74,61.63,1.0000,0.648030,0.128387,412.14,333.84,0.9816,0.643964,0.695507
1786702914.306447,60.814404,1844,29.33,414.86,61.62,1.0000,0.648225,0.128376,412.10,334.02,0.9815,0.643908,0.695885
1786702914.340150,60.848107,1845,29.33,414.78,61.63,1.0000,0.648094,0.128400,412.16,333.99,0.9814,0.643996,0.695813
1786702914.366423,60.874381,1846,29.33,414.69,61.63,1.0000,0.647952,0.128400,412.15,333.95,0.9815,0.643978,0.695739
1786702914.398617,60.906574,1847,29.33,414.86,61.65,1.0000,0.648220,0.128428,412.16,333.95,0.9814,0.643996,0.695722
1786702914.434482,60.942440,1848,29.33,414.83,61.65,1.0000,0.648167,0.128431,412.18,333.78,0.9815,0.644025,0.695382
1786702914.474552,60.982510,1849,29.33,414.83,61.64,1.0000,0.648166,0.128419,411.99,333.78,0.9811,0.643728,0.695380
1786702914.500903,61.008860,1850,29.33,414.65,61.63,1.0000,0.647891,0.128395,411.98,333.66,0.9808,0.643717,0.695124
1786702914.534879,61.042836,1851,29.33,414.64,61.67,1.0000,0.647881,0.128489,411.93,333.59,0.9807,0.643640,0.694971
1786702914.566994,61.074952,1852,29.33,414.36,61.65,1.0000,0.647440,0.128445,412.07,333.56,0.9809,0.643867,0.694924
1786702914.601094,61.109051,1853,29.33,414.36,61.66,1.0000,0.647435,0.128462,412.04,333.65,0.9810,0.643809,0.695106
1786702914.630636,61.138593,1854,29.33,414.13,61.64,1.0000,0.647082,0.128408,412.19,333.67,0.9811,0.644042,0.695146
1786702914.668662,61.176619,1855,29.33,414.17,61.60,1.0000,0.647146,0.128331,411.97,333.69,0.9809,0.643707,0.695189
1786702914.704218,61.212176,1856,29.33,414.04,61.60,1.0000,0.646944,0.128332,412.17,333.73,0.9812,0.644018,0.695270
1786702914.735918,61.243876,1857,29.33,414.05,61.65,1.0000,0.646953,0.128430,412.03,333.77,0.9813,0.643799,0.695355
1786702914.767454,61.275412,1858,29.33,413.87,61.67,1.0000,0.646667,0.128473,412.03,333.70,0.9811,0.643799,0.695205
1786702914.802041,61.309998,1859,29.41,413.79,61.67,1.0000,0.646547,0.128487,411.93,333.69,0.9813,0.643643,0.695192
1786702914.817357,61.325315,1860,29.41,413.59,61.67,1.0000,0.646232,0.128483,411.94,333.64,0.9815,0.643663,0.695077
1786702914.872349,61.380306,1861,29.41,413.62,61.71,1.0000,0.646275,0.128559,411.92,333.65,0.9814,0.643621,0.695111
1786702914.900998,61.408955,1862,29.41,413.44,61.66,1.0000,0.646002,0.128460,411.92,333.62,0.9815,0.643630,0.695034
1786702914.940650,61.448608,1863,29.41,413.35,61.66,1.0000,0.645857,0.128457,411.94,333.71,0.9816,0.643664,0.695232
1786702914.975546,61.483503,1864,29.41,413.25,61.66,1.0000,0.645699,0.128458,411.92,333.62,0.9815,0.643632,0.695049
1786702915.007409,61.515367,1865,29.41,413.09,61.70,1.0000,0.645447,0.128551,411.93,333.70,0.9816,0.643648,0.695207
1786702915.030613,61.538570,1866,29.41,412.95,61.65,1.0000,0.645228,0.128433,411.93,333.71,0.9815,0.643646,0.695233
1786702915.067702,61.575659,1867,29.41,412.78,61.60,1.0000,0.644970,0.128330,411.96,333.80,0.9813,0.643680,0.695411
1786702915.115175,61.623132,1868,29.41,412.72,61.51,1.0000,0.644875,0.128154,411.89,333.91,0.9811,0.643583,0.695656
1786702915.132199,61.640156,1869,29.41,412.72,61.51,1.0000,0.644872,0.128137,411.90,333.90,0.9811,0.643587,0.695625
1786702915.168856,61.676813,1870,29.41,412.69,61.46,1.0000,0.644831,0.128045,411.83,333.95,0.9808,0.643486,0.695719
1786702915.206346,61.714304,1871,29.41,412.62,61.44,1.0000,0.644721,0.127992,411.80,333.84,0.9808,0.643442,0.695502
1786702915.241010,61.748968,1872,29.41,412.64,61.43,1.0000,0.644745,0.127989,411.81,333.90,0.9808,0.643452,0.695627
1786702915.271977,61.779935,1873,29.41,412.59,61.41,1.0000,0.644673,0.127937,411.98,333.90,0.9810,0.643712,0.695626
1786702915.298962,61.806919,1874,29.41,412.61,61.46,1.0000,0.644702,0.128041,411.98,334.05,0.9812,0.643714,0.695930
1786702915.339214,61.847172,1875,29.53,412.36,61.39,1.0000,0.644310,0.127903,412.10,333.84,0.9810,0.643901,0.695501
1786702915.364537,61.872494,1876,29.53,412.29,61.39,1.0000,0.644205,0.127901,412.05,333.86,0.9810,0.643833,0.695536
1786702915.401770,61.909728,1877,29.53,412.23,61.39,1.0000,0.644105,0.127892,412.14,333.85,0.9809,0.643966,0.695528
1786702915.455662,61.963619,1878,29.53,412.45,61.38,1.0000,0.644448,0.127883,411.96,333.89,0.9808,0.643682,0.695598
1786702915.469041,61.976999,1879,29.53,412.39,61.32,1.0000,0.644366,0.127742,412.01,333.80,0.9806,0.643773,0.695413
1786702915.513526,62.021484,1880,29.53,412.60,61.32,1.0000,0.644681,0.127758,411.96,333.86,0.9808,0.643694,0.695538
1786702915.524516,62.032473,1881,29.53,412.55,61.33,1.0000,0.644611,0.127766,411.98,333.85,0.9806,0.643724,0.695525
1786702915.580795,62.088753,1882,29.53,412.55,61.37,1.0000,0.644608,0.127844,411.88,334.04,0.9805,0.643562,0.695919
1786702915.620717,62.128674,1883,29.53,412.76,61.37,1.0000,0.644943,0.127847,411.87,333.84,0.9805,0.643541,0.695510
1786702915.636779,62.144736,1884,29.53,412.82,61.40,1.0000,0.645034,0.127906,411.87,333.91,0.9805,0.643544,0.695638
1786702915.674584,62.182541,1885,29.53,412.87,61.39,1.0000,0.645110,0.127888,411.97,333.91,0.9805,0.643697,0.695646
1786702915.697942,62.205899,1886,29.53,413.05,61.38,1.0000,0.645395,0.127876,411.89,333.98,0.9800,0.643585,0.695801
1786702915.732995,62.240953,1887,29.53,413.05,61.37,1.0000,0.645390,0.127851,411.91,333.98,0.9802,0.643614,0.695787
1786702915.775779,62.283737,1888,29.53,413.22,61.37,1.0000,0.645659,0.127851,411.89,334.00,0.9803,0.643571,0.695823
1786702915.806828,62.314785,1889,29.53,413.24,61.36,1.0000,0.645690,0.127828,412.16,333.99,0.9808,0.644003,0.695809
1786702915.837592,62.345549,1890,29.62,413.83,61.42,1.0000,0.646616,0.127962,412.06,333.96,0.9804,0.643838,0.695750
1786702915.869242,62.377199,1891,29.62,413.83,61.42,1.0000,0.646609,0.127958,412.02,333.94,0.9801,0.643777,0.695710
1786702915.882740,62.390697,1892,29.62,414.03,61.46,1.0000,0.646921,0.128050,411.91,333.91,0.9795,0.643605,0.695646
1786702915.930521,62.438478,1893,29.62,414.02,61.40,1.0000,0.646913,0.127920,412.25,333.62,0.9800,0.644140,0.695051
1786702915.972547,62.480505,1894,29.62,414.00,61.37,1.0000,0.646879,0.127863,412.19,333.63,0.9797,0.644044,0.695060
1786702915.996421,62.504379,1895,29.62,413.88,61.39,1.0000,0.646681,0.127887,412.22,333.63,0.9795,0.644089,0.695055
1786702916.036038,62.543995,1896,29.62,413.87,61.38,1.0000,0.646673,0.127868,412.22,333.62,0.9793,0.644090,0.695035
1786702916.072850,62.580807,1897,29.62,413.79,61.37,1.0000,0.646549,0.127860,412.38,333.49,0.9796,0.644342,0.694764
1786702916.088642,62.596600,1898,29.62,413.78,61.37,1.0000,0.646526,0.127859,412.37,333.51,0.9795,0.644331,0.694808
1786702916.147136,62.655093,1899,29.62,413.78,61.37,1.0000,0.646524,0.127857,412.28,333.28,0.9796,0.644192,0.694327
1786702916.177986,62.685944,1900,29.62,413.77,61.39,1.0000,0.646511,0.127896,412.28,333.27,0.9800,0.644189,0.694315
1786702916.199163,62.707121,1901,29.62,413.70,61.36,1.0000,0.646403,0.127833,412.29,333.26,0.9804,0.644210,0.694289
1786702916.246977,62.754935,1902,29.62,413.66,61.34,1.0000,0.646348,0.127802,412.03,333.16,0.9803,0.643791,0.694076
1786702916.262646,62.770603,1903,29.62,413.67,61.38,1.0000,0.646362,0.127868,411.98,333.24,0.9802,0.643715,0.694241
1786702916.311692,62.819650,1904,29.62,413.79,61.40,1.0000,0.646549,0.127911,411.97,333.37,0.9797,0.643708,0.694513
1786702916.339465,62.847423,1905,29.62,413.76,61.36,1.0000,0.646497,0.127839,412.08,333.32,0.9799,0.643879,0.694411
1786702916.372024,62.879982,1906,29.75,413.75,61.36,1.0000,0.646490,0.127838,412.06,333.31,0.9799,0.643838,0.694391
1786702916.407044,62.915001,1907,29.75,413.79,61.41,1.0000,0.646541,0.127936,412.05,333.29,0.9802,0.643834,0.694347
1786702916.439157,62.947114,1908,29.75,413.77,61.39,1.0000,0.646515,0.127897,412.01,333.09,0.9805,0.643770,0.693928
1786702916.476598,62.984555,1909,29.75,413.79,61.39,1.0000,0.646540,0.127905,412.03,333.14,0.9806,0.643804,0.694044
1786702916.505305,63.013262,1910,29.75,413.80,61.41,1.0000,0.646558,0.127946,412.03,333.18,0.9805,0.643804,0.694119
1786702916.540325,63.048283,1911,29.75,413.70,61.38,1.0000,0.646406,0.127865,412.04,333.14,0.9803,0.643805,0.694039
1786702916.572183,63.080140,1912,29.75,413.71,61.37,1.0000,0.646418,0.127864,412.01,333.21,0.9796,0.643766,0.694184
1786702916.606077,63.114035,1913,29.75,413.68,61.51,1.0000,0.646372,0.128143,412.07,333.20,0.9793,0.643858,0.694177
1786702916.632240,63.140197,1914,29.75,413.70,61.59,1.0000,0.646406,0.128311,412.06,333.44,0.9795,0.643844,0.694668
1786702916.680923,63.188881,1915,29.75,413.65,61.54,1.0000,0.646327,0.128206,412.09,333.46,0.9791,0.643892,0.694713
1786702916.698743,63.206701,1916,29.75,413.65,61.54,1.0000,0.646324,0.128205,411.97,333.54,0.9787,0.643709,0.694866
1786702916.740608,63.248565,1917,29.75,413.45,61.83,1.0000,0.646015,0.128805,412.24,333.54,0.9788,0.644124,0.694871
1786702916.756687,63.264645,1918,29.75,413.54,61.90,1.0000,0.646152,0.128954,412.24,333.57,0.9789,0.644120,0.694936
1786702916.804957,63.312915,1919,29.75,413.37,61.71,1.0000,0.645891,0.128557,412.46,333.56,0.9794,0.644461,0.694911
1786702916.837813,63.345770,1920,29.75,413.39,61.73,1.0000,0.645926,0.128612,412.35,333.78,0.9794,0.644300,0.695375
1786702916.878197,63.386155,1921,29.67,412.98,61.73,1.0000,0.645275,0.128612,412.43,333.82,0.9796,0.644416,0.695461
1786702916.900380,63.408337,1922,29.67,413.00,61.75,1.0000,0.645320,0.128654,411.87,333.87,0.9793,0.643551,0.695558
1786702916.931880,63.439837,1923,29.67,412.90,61.67,1.0000,0.645161,0.128471,411.96,333.89,0.9798,0.643688,0.695614
1786702916.966102,63.474060,1924,29.67,412.89,61.64,1.0000,0.645135,0.128410,411.94,333.87,0.9798,0.643655,0.695560
1786702917.000495,63.508453,1925,29.67,412.76,61.76,1.0000,0.644937,0.128661,411.94,333.85,0.9796,0.643659,0.695531
1786702917.029053,63.537011,1926,29.67,412.78,61.81,1.0000,0.644963,0.128763,411.89,334.05,0.9795,0.643579,0.695927
1786702917.067464,63.575422,1927,29.67,412.55,61.79,1.0000,0.644615,0.128737,411.93,333.97,0.9795,0.643640,0.695765
1786702917.100377,63.608335,1928,29.67,412.50,61.77,1.0000,0.644537,0.128696,411.99,333.98,0.9796,0.643729,0.695801
1786702917.136569,63.644527,1929,29.67,412.43,61.92,1.0000,0.644428,0.128991,412.06,333.84,0.9797,0.643841,0.695503
1786702917.173090,63.681048,1930,29.67,412.43,61.92,1.0000,0.644421,0.128996,412.11,333.95,0.9799,0.643916,0.695728
1786702917.187822,63.695780,1931,29.67,412.42,61.94,1.0000,0.644412,0.129035,412.12,333.90,0.9801,0.643933,0.695627
1786702917.235059,63.743016,1932,29.67,412.43,61.96,1.0000,0.644420,0.129076,412.07,333.84,0.9804,0.643866,0.695492
1786702917.275778,63.783735,1933,29.67,411.81,61.92,1.0000,0.643457,0.128997,412.25,333.73,0.9806,0.644143,0.695262
1786702917.301461,63.809418,1934,29.67,411.87,62.00,1.0000,0.643543,0.129169,412.23,333.73,0.9807,0.644109,0.695270
1786702917.354320,63.862278,1935,29.67,411.77,62.27,1.0000,0.643398,0.129735,412.28,333.66,0.9806,0.644184,0.695134
1786702917.377624,63.885581,1936,29.72,411.73,62.27,1.0000,0.643328,0.129726,412.27,333.53,0.9808,0.644165,0.694852
1786702917.394330,63.902287,1937,29.72,411.62,62.21,1.0000,0.643152,0.129606,412.29,333.47,0.9806,0.644196,0.694729
1786702917.439033,63.946990,1938,29.72,411.57,62.39,1.0000,0.643071,0.129984,412.28,333.39,0.9806,0.644192,0.694556
1786702917.471409,63.979366,1939,29.72,411.42,62.51,1.0000,0.642838,0.130231,412.24,333.49,0.9806,0.644119,0.694773
1786702917.502850,64.010807,1940,29.72,411.36,62.45,1.0000,0.642753,0.130104,412.27,333.47,0.9808,0.644170,0.694727
1786702917.535429,64.043386,1941,29.72,411.33,62.43,1.0000,0.642697,0.130067,412.21,333.33,0.9810,0.644075,0.694440
1786702917.565207,64.073164,1942,29.72,411.34,62.60,1.0000,0.642712,0.130425,412.25,333.39,0.9808,0.644145,0.694557
1786702917.608101,64.116058,1943,29.72,411.34,62.62,1.0000,0.642715,0.130459,411.95,333.47,0.9808,0.643668,0.694731
1786702917.631317,64.139274,1944,29.72,411.31,62.61,1.0000,0.642678,0.130445,411.92,333.45,0.9808,0.643621,0.694687
1786702917.674289,64.182246,1945,29.72,411.30,62.51,1.0000,0.642652,0.130230,411.92,333.44,0.9807,0.643621,0.694657
1786702917.703405,64.211363,1946,29.72,411.31,62.57,1.0000,0.642668,0.130351,411.92,333.38,0.9807,0.643624,0.694533
1786702917.735220,64.243178,1947,29.72,411.15,62.67,1.0000,0.642428,0.130564,411.99,333.37,0.9809,0.643731,0.694518
1786702917.772575,64.280532,1948,29.72,411.10,62.73,1.0000,0.642338,0.130687,411.99,333.42,0.9806,0.643732,0.694635
1786702917.807189,64.315147,1949,29.72,411.10,62.74,1.0000,0.642338,0.130704,412.13,333.45,0.9808,0.643960,0.694680
1786702917.839891,64.347848,1950,29.72,411.14,62.80,1.0000,0.642405,0.130843,412.14,333.38,0.9807,0.643969,0.694540
1786702917.870383,64.378340,1951,29.72,411.15,62.88,1.0000,0.642424,0.130992,411.98,333.49,0.9805,0.643721,0.694772
1786702917.904986,64.412943,1952,29.84,411.14,62.87,1.0000,0.642413,0.130986,412.04,333.48,0.9805,0.643807,0.694759
1786702917.979657,64.487615,1953,29.84,411.11,62.87,1.0000,0.642355,0.130987,411.95,333.50,0.9805,0.643675,0.694791
1786702917.995672,64.503629,1955,29.84,411.11,63.24,1.0000,0.642367,0.131748,411.97,333.55,0.9803,0.643699,0.694904
1786702918.040336,64.548293,1956,29.84,411.08,63.26,1.0000,0.642320,0.131797,412.04,333.56,0.9806,0.643808,0.694926
1786702918.066968,64.574926,1957,29.84,411.07,63.26,1.0000,0.642297,0.131798,412.06,333.57,0.9809,0.643839,0.694944
1786702918.110147,64.618105,1958,29.84,411.19,63.39,1.0000,0.642482,0.132058,412.10,333.61,0.9806,0.643903,0.695019
1786702918.125200,64.633157,1959,29.84,411.31,63.39,1.0000,0.642668,0.132066,412.10,333.52,0.9808,0.643903,0.694836
1786702918.186629,64.694587,1960,29.84,411.31,63.37,1.0000,0.642667,0.132022,412.08,333.44,0.9803,0.643876,0.694659
1786702918.204273,64.712230,1961,29.84,411.31,63.39,1.0000,0.642674,0.132062,412.02,333.50,0.9801,0.643784,0.694793
1786702918.237202,64.745160,1962,29.84,411.31,63.41,1.0000,0.642668,0.132111,412.05,333.48,0.9799,0.643826,0.694760
1786702918.268634,64.776592,1963,29.84,411.35,63.38,1.0000,0.642736,0.132051,412.03,333.49,0.9797,0.643797,0.694779
1786702918.311741,64.819699,1964,29.84,411.27,63.33,1.0000,0.642614,0.131945,412.14,333.32,0.9800,0.643976,0.694420
1786702918.335669,64.843627,1965,29.84,411.31,63.32,1.0000,0.642665,0.131912,412.13,333.34,0.9799,0.643949,0.694461
1786702918.378531,64.886488,1966,29.84,411.29,63.23,1.0000,0.642638,0.131738,412.18,333.34,0.9800,0.644035,0.694466
1786702918.399928,64.907886,1967,29.84,411.29,63.21,1.0000,0.642635,0.131686,411.98,333.41,0.9797,0.643723,0.694600
1786702918.434382,64.942339,1968,29.55,411.28,63.21,1.0000,0.642632,0.131685,412.00,333.42,0.9798,0.643754,0.694627
1786702918.479177,64.987134,1969,29.55,411.50,63.28,1.0000,0.642972,0.131831,411.93,333.47,0.9800,0.643636,0.694724
1786702918.502133,65.010090,1970,29.55,411.39,63.24,1.0000,0.642795,0.131746,411.90,333.40,0.9797,0.643590,0.694577
1786702918.533029,65.040987,1971,29.55,411.38,63.20,1.0000,0.642787,0.131658,411.75,333.47,0.9796,0.643357,0.694724
1786702918.569876,65.077833,1972,29.55,411.39,63.08,1.0000,0.642796,0.131415,412.17,333.68,0.9800,0.644012,0.695167
1786702918.606997,65.114954,1973,29.55,411.84,63.06,1.0000,0.643492,0.131380,412.12,333.71,0.9802,0.643931,0.695223
1786702918.633795,65.141752,1974,29.55,411.96,63.06,1.0000,0.643690,0.131377,412.17,333.83,0.9799,0.644012,0.695484
1786702918.665564,65.173521,1975,29.55,412.01,63.03,1.0000,0.643773,0.131306,412.36,333.85,0.9803,0.644309,0.695529
1786702918.697252,65.205209,1976,29.55,412.24,63.03,1.0000,0.644123,0.131318,412.57,333.84,0.9806,0.644634,0.695498
1786702918.731128,65.239086,1977,29.55,412.24,62.94,1.0000,0.644121,0.131122,412.56,333.84,0.9807,0.644623,0.695497
1786702918.768325,65.276282,1978,29.55,412.25,62.98,1.0000,0.644141,0.131218,412.55,333.64,0.9806,0.644611,0.695084
1786702918.800410,65.308367,1979,29.55,412.34,62.97,1.0000,0.644286,0.131190,412.67,333.69,0.9807,0.644794,0.695179
1786702918.832076,65.340034,1980,29.55,412.43,62.81,1.0000,0.644424,0.130853,412.66,333.66,0.9808,0.644778,0.695120
1786702918.871447,65.379405,1981,29.55,412.77,62.78,1.0000,0.644955,0.130785,412.60,333.79,0.9810,0.644688,0.695400
1786702918.887266,65.395223,1982,29.55,412.89,62.70,1.0000,0.645137,0.130628,412.61,333.59,0.9811,0.644708,0.694989
1786702918.929812,65.437770,1983,29.55,413.16,62.70,1.0000,0.645557,0.130632,412.54,333.64,0.9808,0.644595,0.695088
1786702918.966756,65.474714,1984,29.78,413.51,62.77,1.0000,0.646108,0.130780,412.56,333.64,0.9807,0.644625,0.695074
1786702918.998047,65.506004,1985,29.78,413.57,62.78,1.0000,0.646204,0.130781,412.53,333.59,0.9807,0.644575,0.694977
1786702919.029852,65.537809,1986,29.78,413.69,62.77,1.0000,0.646393,0.130771,412.50,333.55,0.9807,0.644525,0.694901
1786702919.066842,65.574799,1987,29.78,413.70,62.77,1.0000,0.646407,0.130761,412.49,333.40,0.9802,0.644521,0.694578
1786702919.103873,65.611830,1988,29.78,414.28,62.78,1.0000,0.647311,0.130792,412.50,333.36,0.9800,0.644529,0.694494
1786702919.127742,65.635700,1989,29.78,414.35,62.82,1.0000,0.647426,0.130883,412.53,333.30,0.9799,0.644573,0.694368
1786702919.165057,65.673015,1990,29.78,414.75,62.85,1.0000,0.648047,0.130944,412.52,333.28,0.9799,0.644564,0.694334
1786702919.199268,65.707225,1991,29.78,415.08,62.96,1.0000,0.648562,0.131157,412.48,333.31,0.9797,0.644500,0.694387
1786702919.238984,65.746941,1992,29.78,414.94,62.96,1.0000,0.648351,0.131159,412.54,333.29,0.9797,0.644597,0.694353
1786702919.252098,65.760056,1993,29.78,415.14,62.95,1.0000,0.648649,0.131152,412.46,333.31,0.9797,0.644473,0.694395
1786702919.305892,65.813849,1994,29.78,415.13,62.94,1.0000,0.648640,0.131125,412.50,333.32,0.9799,0.644526,0.694417
1786702919.337617,65.845574,1995,29.78,415.07,62.98,1.0000,0.648549,0.131203,412.39,333.61,0.9799,0.644364,0.695020
1786702919.369307,65.877265,1996,29.78,415.07,63.00,1.0000,0.648546,0.131240,412.35,333.59,0.9799,0.644292,0.694974
1786702919.417310,65.925268,1997,29.78,415.41,63.01,1.0000,0.649070,0.131281,412.32,333.59,0.9800,0.644248,0.694989
1786702919.431926,65.939883,1998,29.78,415.43,63.02,1.0000,0.649104,0.131288,412.32,333.55,0.9800,0.644249,0.694898
1786702919.483856,65.991813,1999,29.49,415.54,63.11,1.0000,0.649282,0.131477,412.29,333.57,0.9798,0.644202,0.694939
1786702919.506874,66.014832,2000,29.49,415.61,63.11,1.0000,0.649391,0.131474,412.31,333.57,0.9798,0.644232,0.694930
1786702919.537433,66.045390,2001,29.49,415.74,63.11,1.0000,0.649597,0.131484,412.34,333.53,0.9797,0.644281,0.694858
1786702919.571610,66.079568,2002,29.49,415.75,63.11,1.0000,0.649617,0.131475,412.38,333.48,0.9800,0.644341,0.694743
1786702919.613622,66.121580,2003,29.49,415.73,63.10,1.0000,0.649586,0.131469,412.41,333.62,0.9800,0.644394,0.695049
1786702919.629297,66.137255,2004,29.49,415.71,63.17,1.0000,0.649547,0.131601,412.39,333.49,0.9798,0.644360,0.694769
1786702919.669155,66.177113,2005,29.49,415.73,63.18,1.0000,0.649576,0.131626,412.39,333.47,0.9797,0.644366,0.694735
1786702919.700890,66.208847,2006,29.49,415.61,63.20,1.0000,0.649384,0.131663,412.42,333.37,0.9793,0.644405,0.694522
1786702919.732326,66.240283,2007,29.49,415.55,63.28,1.0000,0.649296,0.131835,412.29,333.36,0.9791,0.644198,0.694503
1786702919.775084,66.283042,2008,29.49,415.46,63.35,1.0000,0.649163,0.131982,412.46,333.30,0.9789,0.644463,0.694374
1786702919.804023,66.311980,2009,29.49,415.45,63.35,1.0000,0.649133,0.131976,412.47,333.25,0.9789,0.644482,0.694269
1786702919.842000,66.349957,2010,29.49,415.44,63.42,1.0000,0.649132,0.132135,412.39,333.46,0.9788,0.644363,0.694705
1786702919.860171,66.368129,2011,29.49,415.47,63.43,1.0000,0.649170,0.132142,412.35,333.46,0.9787,0.644301,0.694699
1786702919.905187,66.413145,2012,29.49,415.28,63.32,1.0000,0.648876,0.131917,412.51,333.51,0.9788,0.644547,0.694803
1786702919.938351,66.446308,2013,29.49,415.09,63.31,1.0000,0.648586,0.131901,412.47,333.67,0.9789,0.644482,0.695138
1786702919.966924,66.474881,2014,29.49,415.09,63.35,1.0000,0.648580,0.131977,412.51,333.67,0.9787,0.644544,0.695148
1786702920.020605,66.528563,2015,29.55,415.00,63.34,1.0000,0.648440,0.131950,412.63,333.66,0.9786,0.644732,0.695124
1786702920.046696,66.554654,2016,29.55,415.04,63.35,1.0000,0.648494,0.131970,412.68,333.62,0.9785,0.644807,0.695033
1786702920.059801,66.567758,2017,29.55,415.02,63.35,1.0000,0.648467,0.131983,412.66,333.58,0.9784,0.644783,0.694962
1786702920.093571,66.601528,2018,29.55,415.05,63.34,1.0000,0.648508,0.131968,412.66,333.51,0.9784,0.644787,0.694807
1786702920.128458,66.636415,2019,29.55,415.00,63.29,1.0000,0.648443,0.131861,412.63,333.48,0.9782,0.644740,0.694758
1786702920.157789,66.665746,2020,29.55,415.05,63.37,1.0000,0.648513,0.132016,412.67,333.50,0.9781,0.644790,0.694792
1786702920.202968,66.710926,2021,29.55,415.03,63.33,1.0000,0.648481,0.131945,412.60,333.46,0.9779,0.644683,0.694704
1786702920.240119,66.748077,2022,29.55,414.92,63.34,1.0000,0.648317,0.131962,412.60,333.45,0.9781,0.644682,0.694689
1786702920.269536,66.777494,2023,29.55,415.05,63.34,1.0000,0.648519,0.131966,412.70,333.45,0.9779,0.644843,0.694680
1786702920.303089,66.811047,2024,29.55,415.04,63.42,1.0000,0.648506,0.132118,412.81,333.47,0.9780,0.645017,0.694721
1786702920.335478,66.843436,2025,29.55,415.07,63.38,1.0000,0.648543,0.132041,412.81,333.46,0.9781,0.645011,0.694715
1786702920.361550,66.869507,2026,29.55,415.10,63.39,1.0000,0.648594,0.132056,412.89,333.46,0.9779,0.645135,0.694714
1786702920.406880,66.914838,2027,29.55,414.99,63.36,1.0000,0.648424,0.132001,412.88,333.51,0.9775,0.645125,0.694816
1786702920.441565,66.949523,2028,29.55,415.11,63.36,1.0000,0.648614,0.131998,412.89,333.52,0.9775,0.645139,0.694836
1786702920.457458,66.965416,2029,29.55,415.16,63.36,1.0000,0.648693,0.132003,412.93,333.53,0.9776,0.645207,0.694849
1786702920.523211,67.031168,2030,29.63,415.23,63.40,1.0000,0.648796,0.132091,412.64,333.67,0.9772,0.644753,0.695154
1786702920.536693,67.044650,2031,29.63,415.32,63.35,1.0000,0.648934,0.131977,412.67,333.69,0.9775,0.644798,0.695197
1786702920.573760,67.081717,2032,29.63,415.32,63.26,1.0000,0.648941,0.131786,412.66,333.71,0.9776,0.644789,0.695226
1786702920.605649,67.113606,2033,29.63,415.43,63.22,1.0000,0.649113,0.131717,412.81,333.91,0.9778,0.645019,0.695637
1786702920.639817,67.147774,2034,29.63,415.46,63.14,1.0000,0.649163,0.131545,412.81,333.98,0.9777,0.645022,0.695797
1786702920.674524,67.182481,2035,29.63,415.56,63.16,1.0000,0.649310,0.131575,412.78,334.06,0.9777,0.644974,0.695962
1786702920.705896,67.213854,2036,29.63,415.58,63.20,1.0000,0.649340,0.131673,412.70,334.04,0.9777,0.644847,0.695920
1786702920.729862,67.237820,2037,29.63,415.58,63.27,1.0000,0.649346,0.131804,412.70,334.14,0.9777,0.644838,0.696131
1786702920.761679,67.269636,2038,29.63,415.60,63.31,1.0000,0.649376,0.131892,412.64,334.20,0.9777,0.644744,0.696252
1786702920.814034,67.321992,2039,29.63,415.60,63.48,1.0000,0.649381,0.132245,412.57,334.19,0.9780,0.644638,0.696219
1786702920.850232,67.358189,2040,29.63,415.63,63.45,1.0000,0.649420,0.132188,412.57,334.08,0.9777,0.644636,0.696009
1786702920.864015,67.371972,2041,29.63,415.63,63.48,1.0000,0.649419,0.132255,412.56,334.09,0.9777,0.644630,0.696012
1786702920.894317,67.402274,2042,29.63,415.62,63.45,1.0000,0.649413,0.132196,412.44,334.23,0.9775,0.644435,0.696308
1786702920.931321,67.439279,2043,29.63,415.63,63.51,1.0000,0.649427,0.132317,412.32,333.99,0.9776,0.644244,0.695809
1786702920.976987,67.484945,2044,29.63,415.63,63.50,1.0000,0.649417,0.132283,412.27,334.12,0.9768,0.644178,0.696080
1786702921.004405,67.512362,2045,29.63,415.67,63.57,1.0000,0.649489,0.132446,412.29,334.12,0.9767,0.644208,0.696077
1786702921.030984,67.538941,2046,29.98,415.83,63.59,1.0000,0.649735,0.132477,412.29,334.22,0.9765,0.644208,0.696296
1786702921.070505,67.578463,2047,29.98,416.03,63.66,1.0000,0.650054,0.132615,412.28,334.13,0.9767,0.644191,0.696108
1786702921.097170,67.605128,2048,29.98,416.06,63.65,1.0000,0.650087,0.132608,412.26,333.92,0.9766,0.644151,0.695674
1786702921.134131,67.642089,2049,29.98,416.12,63.66,1.0000,0.650184,0.132624,412.25,333.87,0.9767,0.644145,0.695571
1786702921.160464,67.668422,2050,29.98,416.16,63.66,1.0000,0.650247,0.132630,412.25,333.91,0.9768,0.644133,0.695640
1786702921.203512,67.711469,2051,29.98,416.16,63.64,1.0000,0.650245,0.132579,412.22,334.34,0.9769,0.644095,0.696544
1786702921.233134,67.741091,2052,29.98,416.18,63.62,1.0000,0.650281,0.132551,412.23,334.33,0.9769,0.644104,0.696527
1786702921.272237,67.780195,2053,29.98,416.23,63.64,1.0000,0.650365,0.132594,412.23,334.36,0.9771,0.644106,0.696588
1786702921.303795,67.811752,2054,29.98,416.54,63.67,1.0000,0.650845,0.132655,412.24,334.37,0.9771,0.644122,0.696613
1786702921.335979,67.843936,2055,29.98,416.58,63.67,1.0000,0.650912,0.132648,412.36,334.31,0.9773,0.644317,0.696471
1786702921.367482,67.875440,2056,29.98,416.59,63.68,1.0000,0.650914,0.132665,412.42,334.22,0.9778,0.644402,0.696285
1786702921.409521,67.917478,2057,29.98,416.56,63.65,1.0000,0.650874,0.132608,412.41,334.19,0.9780,0.644393,0.696237
1786702921.431495,67.939452,2058,29.98,416.56,63.66,1.0000,0.650875,0.132616,412.45,334.16,0.9783,0.644449,0.696169
1786702921.469453,67.977411,2059,29.98,416.35,63.66,1.0000,0.650553,0.132621,412.45,334.10,0.9781,0.644454,0.696032
1786702921.510914,68.018872,2060,29.98,416.33,63.64,1.0000,0.650513,0.132593,412.48,334.06,0.9780,0.644501,0.695961
1786702921.542913,68.050870,2061,29.87,416.22,63.59,1.0000,0.650340,0.132471,412.46,333.98,0.9777,0.644465,0.695782
1786702921.556600,68.064558,2062,29.87,416.22,63.58,1.0000,0.650340,0.132465,412.44,333.94,0.9778,0.644436,0.695719
1786702921.610357,68.118314,2063,29.87,416.25,63.58,1.0000,0.650384,0.132461,412.47,334.29,0.9779,0.644490,0.696439
1786702921.620791,68.128749,2064,29.87,416.36,63.58,1.0000,0.650555,0.132463,412.48,334.36,0.9779,0.644504,0.696586
1786702921.663894,68.171851,2065,29.87,416.70,63.54,1.0000,0.651098,0.132378,412.54,334.49,0.9783,0.644588,0.696845
1786702921.706326,68.214284,2066,29.87,416.84,63.40,1.0000,0.651313,0.132092,412.42,334.49,0.9785,0.644399,0.696864
1786702921.737560,68.245517,2067,29.87,416.86,63.42,1.0000,0.651350,0.132133,412.35,334.56,0.9788,0.644297,0.696994
1786702921.808876,68.316833,2068,29.87,417.10,63.41,1.0000,0.651719,0.132107,412.31,334.50,0.9789,0.644230,0.696875
1786702921.811586,68.319544,2069,29.87,417.12,63.40,1.0000,0.651745,0.132090,412.31,334.45,0.9787,0.644231,0.696779
1786702921.851047,68.359004,2070,29.87,417.24,63.39,1.0000,0.651938,0.132073,412.44,334.45,0.9789,0.644438,0.696769
1786702921.858955,68.366912,2071,29.87,417.27,63.39,1.0000,0.651990,0.132067,412.44,334.45,0.9791,0.644437,0.696769
1786702921.890522,68.398479,2072,29.87,417.37,63.39,1.0000,0.652146,0.132069,412.43,334.22,0.9790,0.644422,0.696295
1786702921.930553,68.438511,2073,29.87,417.58,63.39,1.0000,0.652470,0.132062,412.37,334.15,0.9789,0.644332,0.696155
1786702921.975168,68.483126,2074,29.87,417.70,63.34,1.0000,0.652664,0.131958,412.37,334.21,0.9791,0.644325,0.696280
1786702922.009064,68.517022,2075,29.87,417.89,63.34,1.0000,0.652959,0.131954,412.39,334.25,0.9793,0.644356,0.696351
1786702922.035751,68.543709,2076,29.87,417.99,63.34,1.0000,0.653114,0.131952,412.43,334.37,0.9794,0.644429,0.696599
1786702922.079856,68.587813,2077,29.98,418.14,63.34,1.0000,0.653349,0.131961,412.44,334.35,0.9792,0.644433,0.696562
1786702922.099963,68.607920,2078,29.98,418.15,63.33,1.0000,0.653353,0.131946,412.43,334.29,0.9794,0.644429,0.696435
1786702922.148551,68.656509,2079,29.98,418.16,63.33,1.0000,0.653378,0.131944,412.47,334.20,0.9796,0.644491,0.696249
1786702922.163412,68.671369,2080,29.98,418.33,63.34,1.0000,0.653646,0.131949,412.49,334.12,0.9796,0.644511,0.696085
1786702922.207581,68.715539,2081,29.98,418.28,63.33,1.0000,0.653556,0.131943,412.47,334.06,0.9795,0.644477,0.695961
1786702922.239372,68.747329,2082,29.98,418.20,63.33,1.0000,0.653437,0.131939,412.46,333.98,0.9793,0.644470,0.695786
1786702922.275393,68.783351,2083,29.98,418.29,63.38,1.0000,0.653584,0.132035,412.42,333.95,0.9787,0.644413,0.695730
1786702922.302663,68.810621,2084,29.98,418.38,63.48,1.0000,0.653717,0.132243,412.41,333.77,0.9784,0.644387,0.695358
1786702922.334609,68.842567,2085,29.98,418.21,63.45,1.0000,0.653457,0.132189,412.38,333.78,0.9780,0.644340,0.695368
1786702922.392199,68.900156,2086,29.98,418.11,63.51,1.0000,0.653293,0.132316,412.38,333.64,0.9780,0.644351,0.695090
1786702922.408037,68.915995,2087,29.98,418.11,63.53,1.0000,0.653295,0.132351,412.38,333.65,0.9784,0.644337,0.695111
1786702922.430267,68.938224,2088,29.98,418.10,63.46,1.0000,0.653288,0.132203,412.39,333.67,0.9784,0.644353,0.695139
1786702922.464341,68.972298,2089,29.98,418.10,63.41,1.0000,0.653280,0.132108,412.48,333.65,0.9782,0.644501,0.695105
1786702922.511322,69.019279,2090,29.98,418.07,63.29,1.0000,0.653239,0.131847,412.48,333.65,0.9780,0.644499,0.695110
1786702922.550921,69.058879,2091,29.98,418.24,63.26,1.0000,0.653507,0.131787,412.42,333.59,0.9780,0.644414,0.694987
1786702922.572302,69.080260,2092,29.92,418.20,63.26,1.0000,0.653436,0.131786,412.36,333.58,0.9777,0.644313,0.694952
1786702922.597444,69.105401,2093,29.92,418.13,63.19,1.0000,0.653325,0.131639,412.32,333.62,0.9774,0.644248,0.695033
1786702922.636409,69.144367,2094,29.92,418.20,63.18,1.0000,0.653438,0.131617,412.25,333.55,0.9778,0.644135,0.694890
1786702922.671302,69.179260,2095,29.92,418.15,63.17,1.0000,0.653352,0.131603,412.24,333.51,0.9779,0.644128,0.694805
1786702922.705219,69.213176,2096,29.92,418.10,63.21,1.0000,0.653281,0.131682,412.21,333.51,0.9776,0.644083,0.694816
1786702922.739849,69.247807,2097,29.92,418.09,63.30,1.0000,0.653272,0.131883,412.23,333.48,0.9778,0.644109,0.694750
1786702922.768586,69.276543,2098,29.92,418.09,63.28,1.0000,0.653270,0.131823,412.36,333.56,0.9782,0.644313,0.694921
1786702922.814124,69.322081,2099,29.92,418.07,63.23,1.0000,0.653240,0.131731,412.42,333.63,0.9784,0.644403,0.695072
1786702922.832662,69.340619,2100,29.92,417.96,63.22,1.0000,0.653069,0.131711,412.44,333.63,0.9786,0.644440,0.695070
1786702922.869382,69.377340,2101,29.92,417.85,63.20,1.0000,0.652893,0.131673,412.43,333.62,0.9788,0.644425,0.695041
1786702922.901968,69.409925,2102,29.92,417.81,63.20,1.0000,0.652822,0.131664,412.34,333.64,0.9789,0.644280,0.695078
1786702922.925393,69.433350,2103,29.92,417.65,63.08,1.0000,0.652572,0.131410,412.34,333.59,0.9790,0.644286,0.694979
1786702922.979035,69.486992,2104,29.92,417.38,63.01,1.0000,0.652162,0.131272,412.38,333.58,0.9794,0.644344,0.694966
1786702923.002522,69.510479,2105,29.92,417.36,63.01,1.0000,0.652133,0.131268,412.40,333.61,0.9795,0.644380,0.695029
1786702923.030986,69.538944,2106,29.92,417.48,63.04,1.0000,0.652309,0.131333,412.44,333.59,0.9798,0.644437,0.694975
1786702923.119692,69.627649,2107,29.46,417.13,63.03,1.0000,0.651772,0.131319,412.47,333.53,0.9796,0.644483,0.694853
1786702923.130962,69.638919,2109,29.46,417.13,63.04,1.0000,0.651760,0.131324,412.66,333.49,0.9798,0.644777,0.694761
1786702923.164715,69.672672,2110,29.46,417.09,63.07,1.0000,0.651703,0.131400,412.63,333.48,0.9794,0.644736,0.694756
1786702923.197190,69.705147,2111,29.46,417.09,63.09,1.0000,0.651710,0.131446,412.61,333.50,0.9792,0.644698,0.694794
1786702923.240176,69.748134,2112,29.46,416.88,63.12,1.0000,0.651369,0.131508,412.58,333.59,0.9790,0.644654,0.694985
1786702923.272402,69.780360,2113,29.46,416.69,63.09,1.0000,0.651071,0.131438,412.50,333.45,0.9787,0.644535,0.694681
1786702923.304502,69.812459,2114,29.46,416.66,63.09,1.0000,0.651034,0.131439,412.50,333.52,0.9788,0.644537,0.694831
1786702923.341455,69.849413,2115,29.46,416.51,63.10,1.0000,0.650796,0.131453,412.41,333.59,0.9789,0.644392,0.694973
1786702923.378338,69.886296,2116,29.46,416.43,63.14,1.0000,0.650673,0.131534,412.42,333.55,0.9786,0.644401,0.694895
1786702923.402447,69.910404,2117,29.46,416.42,63.13,1.0000,0.650652,0.131519,412.52,333.64,0.9782,0.644564,0.695088
1786702923.434381,69.942338,2118,29.46,416.39,63.09,1.0000,0.650613,0.131444,412.57,333.59,0.9782,0.644637,0.694978
1786702923.476708,69.984665,2119,29.46,416.26,63.14,1.0000,0.650404,0.131538,412.62,333.59,0.9784,0.644720,0.694971
1786702923.505499,70.013456,2120,29.46,416.16,63.05,1.0000,0.650257,0.131359,412.55,333.57,0.9783,0.644614,0.694935
1786702923.542988,70.050946,2121,29.46,415.84,63.05,1.0000,0.649757,0.131344,412.55,333.60,0.9779,0.644608,0.694994
1786702923.556562,70.064520,2122,29.46,415.79,63.04,1.0000,0.649669,0.131340,412.55,333.42,0.9781,0.644607,0.694631
1786702923.601887,70.109844,2123,29.46,415.67,63.10,1.0000,0.649477,0.131461,412.52,333.42,0.9782,0.644570,0.694631
1786702923.631170,70.139127,2124,29.78,415.61,63.09,1.0000,0.649384,0.131446,412.45,333.46,0.9782,0.644461,0.694707
1786702923.671604,70.179562,2125,29.78,415.58,63.16,1.0000,0.649338,0.131579,412.47,333.46,0.9782,0.644485,0.694706
1786702923.689022,70.196980,2126,29.78,415.58,63.28,1.0000,0.649338,0.131836,412.47,333.45,0.9781,0.644479,0.694685
1786702923.742741,70.250699,2127,29.78,415.58,63.36,1.0000,0.649342,0.131991,412.41,333.49,0.9783,0.644391,0.694780
1786702923.777574,70.285532,2128,29.78,415.48,63.41,1.0000,0.649193,0.132099,412.38,333.49,0.9782,0.644347,0.694774
1786702923.801315,70.309273,2129,29.78,415.38,63.46,1.0000,0.649038,0.132212,412.40,333.42,0.9782,0.644379,0.694631
1786702923.830386,70.338344,2130,29.78,415.38,63.50,1.0000,0.649036,0.132287,412.42,333.53,0.9784,0.644404,0.694849
1786702923.875934,70.383892,2131,29.78,415.40,63.51,1.0000,0.649064,0.132311,412.53,333.55,0.9784,0.644573,0.694906
1786702923.901189,70.409147,2132,29.78,415.40,63.53,1.0000,0.649069,0.132361,412.59,333.69,0.9783,0.644667,0.695180
1786702923.931884,70.439841,2133,29.78,415.16,63.54,1.0000,0.648693,0.132365,412.47,333.68,0.9778,0.644492,0.695169
1786702923.963738,70.471695,2134,29.78,415.13,63.51,1.0000,0.648643,0.132314,412.47,333.67,0.9779,0.644485,0.695144
1786702924.003607,70.511565,2135,29.78,415.06,63.52,1.0000,0.648525,0.132325,412.56,333.62,0.9780,0.644623,0.695046
1786702924.023110,70.531068,2136,29.78,415.03,63.50,1.0000,0.648492,0.132281,412.49,333.75,0.9778,0.644517,0.695303
1786702924.067578,70.575535,2137,29.78,414.87,63.61,1.0000,0.648239,0.132512,412.56,333.72,0.9778,0.644623,0.695260
1786702924.101722,70.609679,2138,29.78,414.82,63.59,1.0000,0.648156,0.132485,412.43,333.71,0.9779,0.644427,0.695234
1786702924.135528,70.643485,2139,29.78,414.82,63.64,1.0000,0.648155,0.132578,412.43,333.71,0.9777,0.644418,0.695226
1786702924.169850,70.677808,2140,29.78,414.82,63.61,1.0000,0.648153,0.132523,412.41,333.80,0.9777,0.644398,0.695411
1786702924.196686,70.704643,2141,29.78,414.78,63.64,1.0000,0.648091,0.132575,412.36,333.79,0.9776,0.644314,0.695387
1786702924.247426,70.755383,2142,29.78,414.75,63.63,1.0000,0.648040,0.132565,412.32,333.73,0.9777,0.644244,0.695274
1786702924.268239,70.776196,2143,29.78,414.71,63.63,1.0000,0.647978,0.132560,412.30,333.76,0.9779,0.644215,0.695336
1786702924.302829,70.810786,2144,29.78,414.70,63.61,1.0000,0.647969,0.132520,412.37,333.80,0.9779,0.644323,0.695419
1786702924.375759,70.883717,2146,29.78,414.88,63.60,1.0000,0.648247,0.132496,412.18,333.89,0.9780,0.644026,0.695598
1786702924.401877,70.909834,2147,29.78,414.85,63.60,1.0000,0.648198,0.132502,412.23,333.87,0.9779,0.644113,0.695559
1786702924.433593,70.941550,2148,29.78,414.77,63.63,1.0000,0.648086,0.132552,412.39,333.74,0.9780,0.644364,0.695288
1786702924.467787,70.975744,2149,29.78,414.76,63.64,1.0000,0.648064,0.132592,412.45,333.82,0.9780,0.644459,0.695453
1786702924.553079,71.061036,2150,29.78,414.54,63.65,1.0000,0.647711,0.132597,412.58,333.73,0.9783,0.644652,0.695276
1786702924.572194,71.080151,2152,29.78,414.50,63.47,1.0000,0.647661,0.132226,412.57,333.54,0.9785,0.644639,0.694885
1786702924.602655,71.110612,2153,29.78,414.50,63.46,1.0000,0.647659,0.132199,412.57,333.67,0.9786,0.644641,0.695140
1786702924.632356,71.140314,2154,29.78,414.56,63.32,1.0000,0.647755,0.131922,412.55,333.59,0.9783,0.644612,0.694971
1786702924.665095,71.173053,2155,29.12,414.56,63.28,1.0000,0.647747,0.131837,412.46,333.51,0.9785,0.644467,0.694809
1786702924.721002,71.228960,2156,29.12,414.56,63.26,1.0000,0.647744,0.131795,412.46,333.71,0.9787,0.644476,0.695225
1786702924.736678,71.244635,2157,29.12,414.55,63.28,1.0000,0.647742,0.131840,412.47,333.70,0.9788,0.644477,0.695218
1786702924.782232,71.290189,2158,29.12,414.55,63.32,1.0000,0.647734,0.131909,412.47,333.69,0.9790,0.644480,0.695185
1786702924.798402,71.306360,2159,29.12,414.54,63.32,1.0000,0.647719,0.131914,412.48,333.70,0.9792,0.644498,0.695213
1786702924.835566,71.343524,2160,29.12,414.58,63.32,1.0000,0.647779,0.131926,412.45,333.82,0.9791,0.644453,0.695453
1786702924.872651,71.380609,2161,29.12,414.65,63.33,1.0000,0.647897,0.131929,412.47,333.79,0.9793,0.644481,0.695387
1786702924.904706,71.412663,2162,29.12,414.61,63.32,1.0000,0.647831,0.131920,412.40,333.91,0.9791,0.644370,0.695642
1786702924.933283,71.441241,2163,29.12,414.40,63.30,1.0000,0.647495,0.131876,412.40,333.75,0.9792,0.644371,0.695303
1786702924.962887,71.470845,2164,29.12,414.29,63.30,1.0000,0.647331,0.131867,412.42,333.76,0.9791,0.644406,0.695331
1786702925.007113,71.515071,2165,29.12,414.30,63.28,1.0000,0.647346,0.131825,412.46,333.73,0.9792,0.644467,0.695274
1786702925.030051,71.538008,2166,29.12,414.33,63.33,1.0000,0.647398,0.131934,412.48,333.77,0.9794,0.644496,0.695349
1786702925.067207,71.575165,2167,29.12,414.41,63.33,1.0000,0.647513,0.131937,412.50,333.75,0.9793,0.644526,0.695318
1786702925.101394,71.609352,2168,29.12,414.41,63.34,1.0000,0.647509,0.131961,412.50,333.64,0.9792,0.644525,0.695080
1786702925.136408,71.644366,2169,29.12,414.30,63.33,1.0000,0.647337,0.131947,412.51,333.58,0.9788,0.644553,0.694956
1786702925.156081,71.664039,2170,29.28,414.36,63.40,1.0000,0.647439,0.132093,412.53,333.61,0.9790,0.644571,0.695022
1786702925.202570,71.710528,2171,29.28,414.33,63.38,1.0000,0.647387,0.132042,412.45,333.50,0.9784,0.644451,0.694782
1786702925.236542,71.744500,2172,29.28,413.98,63.38,1.0000,0.646852,0.132034,412.30,333.63,0.9783,0.644218,0.695072
1786702925.273654,71.781611,2173,29.28,413.98,63.44,1.0000,0.646842,0.132166,412.41,333.64,0.9786,0.644394,0.695081
1786702925.320207,71.828165,2174,29.28,413.82,63.44,1.0000,0.646593,0.132174,412.41,333.65,0.9782,0.644395,0.695112
1786702925.350027,71.857984,2175,29.28,413.79,63.44,1.0000,0.646550,0.132164,412.42,333.70,0.9781,0.644408,0.695204
1786702925.364113,71.872071,2176,29.28,413.74,63.40,1.0000,0.646462,0.132090,412.41,333.60,0.9781,0.644386,0.695005
1786702925.403075,71.911032,2177,29.28,413.73,63.42,1.0000,0.646458,0.132131,412.40,333.60,0.9778,0.644381,0.694994
1786702925.442945,71.950902,2178,29.28,413.68,63.41,1.0000,0.646374,0.132114,412.42,333.57,0.9775,0.644410,0.694944
1786702925.472067,71.980025,2179,29.28,413.61,63.42,1.0000,0.646263,0.132119,412.45,333.60,0.9776,0.644446,0.694998
1786702925.499259,72.007217,2180,29.28,413.62,63.44,1.0000,0.646274,0.132165,412.43,333.59,0.9771,0.644430,0.694981
1786702925.536770,72.044727,2181,29.28,413.65,63.45,1.0000,0.646332,0.132190,412.51,333.61,0.9775,0.644540,0.695022
1786702925.569685,72.077642,2182,29.28,413.65,63.39,1.0000,0.646325,0.132069,412.49,333.56,0.9772,0.644516,0.694912
1786702925.601682,72.109639,2183,29.28,413.60,63.36,1.0000,0.646251,0.132009,412.46,333.54,0.9772,0.644472,0.694881
1786702925.651941,72.159899,2184,29.28,413.60,63.34,1.0000,0.646247,0.131968,412.43,333.40,0.9771,0.644421,0.694574
1786702925.675786,72.183744,2185,29.36,413.59,63.31,1.0000,0.646230,0.131900,412.42,333.33,0.9772,0.644402,0.694436
1786702925.691190,72.199148,2186,29.36,413.55,63.24,1.0000,0.646165,0.131756,412.41,333.20,0.9771,0.644390,0.694163
1786702925.733324,72.241282,2187,29.36,413.44,63.24,1.0000,0.646001,0.131754,412.26,333.20,0.9771,0.644151,0.694157
1786702925.775951,72.283908,2188,29.36,413.43,63.24,1.0000,0.645988,0.131759,412.27,333.44,0.9774,0.644166,0.694671
1786702925.805358,72.313316,2189,29.36,413.41,63.24,1.0000,0.645947,0.131758,412.26,333.44,0.9774,0.644149,0.694665
1786702925.820000,72.327958,2190,29.36,413.38,63.25,1.0000,0.645909,0.131771,412.25,333.50,0.9775,0.644144,0.694797
1786702925.868740,72.376697,2191,29.36,413.38,63.24,1.0000,0.645899,0.131756,412.28,333.47,0.9778,0.644183,0.694720
1786702925.900055,72.408013,2192,29.36,413.38,63.25,1.0000,0.645901,0.131769,412.19,333.58,0.9779,0.644054,0.694949
1786702925.938355,72.446313,2193,29.36,413.26,63.19,1.0000,0.645724,0.131639,412.20,333.57,0.9784,0.644064,0.694948
1786702925.973301,72.481259,2194,29.36,413.25,63.14,1.0000,0.645706,0.131550,412.20,333.73,0.9788,0.644067,0.695281
1786702925.999972,72.507930,2195,29.36,413.02,63.15,1.0000,0.645349,0.131554,412.20,333.54,0.9788,0.644061,0.694879
1786702926.034662,72.542620,2196,29.36,412.90,63.02,1.0000,0.645159,0.131293,412.37,333.55,0.9791,0.644323,0.694902
1786702926.071893,72.579851,2197,29.36,412.72,63.00,1.0000,0.644881,0.131258,412.36,333.54,0.9790,0.644308,0.694866
1786702926.103271,72.611228,2198,29.36,412.71,63.08,1.0000,0.644867,0.131406,412.39,333.59,0.9794,0.644363,0.694981
1786702926.135278,72.643235,2199,29.36,412.52,63.07,1.0000,0.644560,0.131395,412.42,333.68,0.9794,0.644402,0.695156
1786702926.169385,72.677343,2200,29.36,412.40,63.07,1.0000,0.644368,0.131392,412.46,333.68,0.9795,0.644472,0.695172
1786702926.201591,72.709548,2201,29.53,412.40,63.07,1.0000,0.644375,0.131390,412.51,333.74,0.9798,0.644554,0.695282
1786702926.241119,72.749077,2202,29.53,412.39,63.09,1.0000,0.644354,0.131439,412.50,333.74,0.9797,0.644529,0.695294
1786702926.266813,72.774770,2203,29.53,412.38,63.20,1.0000,0.644351,0.131671,412.54,333.77,0.9800,0.644586,0.695346
1786702926.306365,72.814322,2204,29.53,412.30,63.22,1.0000,0.644216,0.131716,412.56,333.78,0.9802,0.644627,0.695368
1786702926.330256,72.838213,2205,29.53,412.28,63.23,1.0000,0.644193,0.131730,412.59,334.02,0.9805,0.644674,0.695878
1786702926.375154,72.883112,2206,29.53,412.18,63.23,1.0000,0.644033,0.131730,412.61,334.01,0.9808,0.644700,0.695845
1786702926.398555,72.906512,2207,29.53,412.10,63.23,1.0000,0.643900,0.131732,412.45,334.04,0.9808,0.644454,0.695916
1786702926.446290,72.954247,2208,29.53,411.93,63.26,1.0000,0.643636,0.131798,412.50,334.02,0.9810,0.644531,0.695879
1786702926.466897,72.974855,2209,29.53,412.04,63.26,1.0000,0.643809,0.131786,412.41,334.01,0.9812,0.644391,0.695862
1786702926.501148,73.009105,2210,29.53,412.05,63.41,1.0000,0.643822,0.132096,412.50,334.01,0.9815,0.644525,0.695858
1786702926.546287,73.054245,2211,29.53,412.06,63.41,1.0000,0.643847,0.132097,412.52,333.95,0.9816,0.644559,0.695729
1786702926.565130,73.073087,2212,29.53,412.08,63.48,1.0000,0.643870,0.132251,412.52,333.96,0.9816,0.644561,0.695757
1786702926.599655,73.107612,2213,29.53,412.05,63.42,1.0000,0.643836,0.132130,412.52,333.97,0.9815,0.644565,0.695764
1786702926.642169,73.150126,2214,29.53,412.09,63.43,1.0000,0.643898,0.132142,412.67,333.99,0.9817,0.644800,0.695813
1786702926.667090,73.175048,2215,29.53,412.03,63.43,1.0000,0.643802,0.132137,412.69,333.99,0.9813,0.644826,0.695814
1786702926.702745,73.210702,2216,29.59,412.06,63.40,1.0000,0.643849,0.132078,412.62,333.91,0.9813,0.644717,0.695655
1786702926.750170,73.258128,2217,29.59,412.11,63.40,1.0000,0.643928,0.132077,412.65,333.91,0.9812,0.644766,0.695645
1786702926.763785,73.271743,2218,29.59,412.20,63.38,1.0000,0.644063,0.132046,412.64,333.92,0.9808,0.644757,0.695659
1786702926.801997,73.309954,2219,29.59,412.21,63.37,1.0000,0.644074,0.132029,412.55,333.91,0.9808,0.644614,0.695640
1786702926.826139,73.334097,2220,29.59,412.23,63.44,1.0000,0.644116,0.132157,412.42,333.90,0.9808,0.644400,0.695621
1786702926.870662,73.378620,2221,29.59,412.24,63.44,1.0000,0.644128,0.132163,412.48,333.90,0.9807,0.644507,0.695630
1786702926.927184,73.435141,2222,29.59,412.24,63.49,1.0000,0.644131,0.132279,412.69,333.90,0.9807,0.644827,0.695628
1786702926.939708,73.447666,2223,29.59,412.24,63.50,1.0000,0.644121,0.132285,412.60,333.90,0.9807,0.644689,0.695627
1786702926.960731,73.468688,2224,29.59,412.25,63.50,1.0000,0.644134,0.132289,412.60,333.90,0.9807,0.644692,0.695618
1786702927.002864,73.510821,2225,29.59,412.25,63.45,1.0000,0.644145,0.132196,412.34,333.80,0.9809,0.644282,0.695418
1786702927.029682,73.537639,2226,29.59,412.27,63.47,1.0000,0.644171,0.132225,412.34,333.78,0.9809,0.644288,0.695372
1786702927.072795,73.580753,2227,29.59,412.29,63.47,1.0000,0.644202,0.132226,412.26,333.76,0.9807,0.644158,0.695339
1786702927.106085,73.614042,2228,29.59,412.34,63.48,1.0000,0.644278,0.132247,412.28,333.75,0.9807,0.644185,0.695313
1786702927.135728,73.643686,2229,29.59,412.34,63.47,1.0000,0.644279,0.132233,412.28,333.74,0.9808,0.644194,0.695297
1786702927.167404,73.675362,2230,29.59,412.36,63.49,1.0000,0.644307,0.132272,412.29,333.94,0.9805,0.644205,0.695702
1786702927.206973,73.714931,2231,29.59,412.35,63.49,1.0000,0.644301,0.132276,412.42,333.97,0.9806,0.644412,0.695763
1786702927.241602,73.749560,2232,29.63,412.35,63.56,1.0000,0.644297,0.132426,412.48,333.99,0.9807,0.644497,0.695817
1786702927.281548,73.789505,2233,29.63,412.34,63.53,1.0000,0.644279,0.132349,412.50,333.90,0.9812,0.644533,0.695625
1786702927.294361,73.802319,2234,29.63,412.32,63.53,1.0000,0.644244,0.132344,412.49,333.90,0.9812,0.644515,0.695622
1786702927.326897,73.834854,2235,29.63,412.31,63.46,1.0000,0.644240,0.132214,412.52,333.90,0.9815,0.644565,0.695632
1786702927.366403,73.874361,2236,29.63,412.17,63.37,1.0000,0.644012,0.132012,412.53,333.93,0.9813,0.644571,0.695687
1786702927.425192,73.933150,2237,29.63,412.02,63.30,1.0000,0.643779,0.131871,412.53,333.97,0.9814,0.644580,0.695778
1786702927.438188,73.946146,2238,29.63,412.02,63.11,1.0000,0.643778,0.131480,412.53,334.00,0.9813,0.644585,0.695843
1786702927.472746,73.980703,2239,29.63,411.97,63.10,1.0000,0.643704,0.131461,412.53,334.06,0.9816,0.644574,0.695950
1786702927.485860,73.993818,2240,29.63,411.97,63.05,1.0000,0.643709,0.131360,412.51,334.00,0.9814,0.644553,0.695826
1786702927.543800,74.051758,2241,29.63,412.04,63.05,1.0000,0.643809,0.131357,412.44,333.95,0.9814,0.644436,0.695719
1786702927.569984,74.077942,2242,29.63,412.21,63.03,1.0000,0.644086,0.131311,412.44,333.85,0.9811,0.644438,0.695526
1786702927.641585,74.149542,2243,29.63,412.23,63.36,1.0000,0.644106,0.131995,412.43,333.76,0.9810,0.644421,0.695333
1786702927.659046,74.167003,2244,29.63,412.22,63.30,1.0000,0.644100,0.131868,412.47,333.67,0.9808,0.644486,0.695153
1786702927.661812,74.169769,2245,29.63,412.23,63.20,1.0000,0.644105,0.131672,412.47,333.60,0.9805,0.644489,0.694995
1786702927.706695,74.214653,2246,29.63,412.23,63.15,1.0000,0.644111,0.131558,412.47,333.59,0.9804,0.644489,0.694971
1786702927.738140,74.246097,2247,29.63,412.24,63.09,1.0000,0.644124,0.131446,412.46,333.59,0.9797,0.644475,0.694980
1786702927.775372,74.283329,2248,29.73,412.18,63.05,1.0000,0.644036,0.131362,412.42,333.48,0.9794,0.644405,0.694741
1786702927.801349,74.309306,2249,29.73,412.19,63.05,1.0000,0.644044,0.131351,412.41,333.61,0.9793,0.644384,0.695017
1786702927.841394,74.349352,2250,29.73,412.19,63.03,1.0000,0.644041,0.131312,412.37,333.74,0.9794,0.644329,0.695295
1786702927.859032,74.366989,2251,29.73,412.19,63.02,1.0000,0.644046,0.131302,412.35,333.80,0.9794,0.644304,0.695417
1786702927.897493,74.405450,2252,29.73,412.32,62.89,1.0000,0.644254,0.131023,412.36,333.75,0.9791,0.644306,0.695320
1786702927.949976,74.457934,2253,29.73,412.44,62.86,1.0000,0.644442,0.130963,412.32,333.89,0.9792,0.644257,0.695602
1786702927.977247,74.485204,2254,29.73,412.50,62.74,1.0000,0.644525,0.130717,412.45,333.84,0.9788,0.644453,0.695509
1786702928.016440,74.524397,2255,29.73,412.68,62.74,1.0000,0.644819,0.130706,412.44,333.83,0.9786,0.644440,0.695487
1786702928.024407,74.532365,2256,29.73,412.80,62.71,1.0000,0.644994,0.130654,412.44,333.77,0.9785,0.644432,0.695359
1786702928.078405,74.586363,2257,29.73,412.81,62.66,1.0000,0.645010,0.130540,412.40,333.98,0.9787,0.644381,0.695794
1786702928.120861,74.628818,2258,29.73,413.06,62.62,1.0000,0.645405,0.130449,412.41,333.99,0.9790,0.644393,0.695811
1786702928.136607,74.644565,2259,29.73,413.12,62.60,1.0000,0.645497,0.130422,412.40,333.75,0.9787,0.644370,0.695312
1786702928.197918,74.705875,2260,29.73,413.18,62.60,1.0000,0.645595,0.130408,412.39,333.74,0.9789,0.644360,0.695298
1786702928.216073,74.724030,2261,29.73,413.20,62.59,1.0000,0.645628,0.130395,412.39,333.76,0.9789,0.644365,0.695330
1786702928.240429,74.748387,2262,29.73,413.21,62.67,1.0000,0.645634,0.130553,412.40,333.74,0.9789,0.644373,0.695286
1786702928.268897,74.776855,2263,29.73,413.30,62.66,1.0000,0.645780,0.130535,412.40,333.74,0.9789,0.644373,0.695302
1786702928.311728,74.819685,2264,29.84,413.24,62.67,1.0000,0.645682,0.130555,412.40,333.81,0.9792,0.644374,0.695431
1786702928.331742,74.839699,2265,29.84,413.24,62.67,1.0000,0.645693,0.130566,412.45,333.82,0.9792,0.644446,0.695459
1786702928.375837,74.883795,2266,29.84,413.28,62.72,1.0000,0.645752,0.130669,412.45,333.79,0.9792,0.644447,0.695398
1786702928.402672,74.910630,2267,29.84,413.39,62.72,1.0000,0.645927,0.130669,412.45,333.89,0.9794,0.644452,0.695599
1786702928.436579,74.944537,2268,29.84,413.48,62.82,1.0000,0.646061,0.130875,412.43,333.90,0.9796,0.644419,0.695617
1786702928.468645,74.976603,2269,29.84,413.47,62.90,1.0000,0.646051,0.131048,412.43,333.88,0.9797,0.644415,0.695579
1786702928.503230,75.011187,2270,29.84,413.49,62.96,1.0000,0.646078,0.131158,412.44,333.86,0.9797,0.644434,0.695551
1786702928.534723,75.042681,2271,29.84,413.30,62.97,1.0000,0.645778,0.131194,412.48,333.89,0.9798,0.644499,0.695603
1786702928.572205,75.080163,2272,29.84,413.24,62.96,1.0000,0.645681,0.131174,412.53,333.92,0.9800,0.644573,0.695671
1786702928.606785,75.114743,2273,29.84,413.22,62.96,1.0000,0.645649,0.131172,412.55,333.96,0.9801,0.644616,0.695743
1786702928.647521,75.155479,2274,29.84,413.15,62.91,1.0000,0.645553,0.131067,412.54,334.02,0.9800,0.644588,0.695885
1786702928.680822,75.188779,2275,29.84,413.13,62.80,1.0000,0.645508,0.130840,412.53,334.02,0.9798,0.644572,0.695879
1786702928.694073,75.202030,2276,29.84,413.21,62.80,1.0000,0.645640,0.130823,412.50,333.91,0.9799,0.644537,0.695652
1786702928.737118,75.245075,2277,29.84,413.22,62.96,1.0000,0.645654,0.131160,412.53,333.83,0.9798,0.644584,0.695478
1786702928.759958,75.267915,2278,29.84,413.19,62.96,1.0000,0.645611,0.131160,412.58,333.85,0.9797,0.644663,0.695511
1786702928.805759,75.313717,2279,29.84,413.17,62.96,1.0000,0.645586,0.131169,412.57,333.89,0.9794,0.644641,0.695600
1786702928.821435,75.329392,2280,29.99,413.15,63.06,1.0000,0.645545,0.131385,412.64,333.90,0.9792,0.644746,0.695626
1786702928.877889,75.385846,2281,29.99,413.04,63.08,1.0000,0.645379,0.131415,412.59,333.91,0.9788,0.644673,0.695655
1786702928.904422,75.412379,2282,29.99,412.92,63.07,1.0000,0.645180,0.131405,412.59,333.89,0.9787,0.644666,0.695594
1786702928.934072,75.442029,2283,29.99,412.89,63.07,1.0000,0.645148,0.131405,412.62,333.84,0.9785,0.644723,0.695509
1786702928.957990,75.465948,2284,29.99,412.89,63.14,1.0000,0.645144,0.131540,412.63,333.84,0.9785,0.644728,0.695495
1786702928.998888,75.506845,2285,29.99,412.76,63.15,1.0000,0.644940,0.131568,412.66,333.79,0.9781,0.644779,0.695393
1786702929.042229,75.550187,2286,29.99,412.55,63.19,1.0000,0.644602,0.131640,412.50,333.74,0.9782,0.644532,0.695299
1786702929.066087,75.574044,2287,29.99,412.54,63.25,1.0000,0.644601,0.131780,412.43,333.62,0.9784,0.644428,0.695052
1786702929.103364,75.611321,2288,29.99,412.50,63.37,1.0000,0.644536,0.132021,412.60,333.56,0.9783,0.644690,0.694924
1786702929.129298,75.637256,2289,29.99,412.50,63.40,1.0000,0.644534,0.132087,412.56,333.55,0.9786,0.644626,0.694890
1786702929.166977,75.674934,2290,29.99,412.49,63.57,1.0000,0.644513,0.132435,412.60,333.49,0.9784,0.644681,0.694775
1786702929.206556,75.714513,2291,29.99,412.47,63.73,1.0000,0.644484,0.132772,412.59,333.52,0.9786,0.644664,0.694827
1786702929.240854,75.748811,2292,29.99,412.21,63.68,1.0000,0.644080,0.132674,412.58,333.45,0.9787,0.644662,0.694683
1786702929.267176,75.775133,2293,29.99,412.21,63.68,1.0000,0.644078,0.132668,412.58,333.49,0.9790,0.644659,0.694770
1786702929.308018,75.815975,2294,29.99,411.75,63.66,1.0000,0.643363,0.132620,412.58,333.56,0.9794,0.644660,0.694917
1786702929.339186,75.847144,2295,29.80,411.49,63.62,1.0000,0.642961,0.132544,412.57,333.54,0.9794,0.644644,0.694880
1786702929.368346,75.876304,2296,29.80,411.33,63.58,1.0000,0.642699,0.132464,412.58,333.52,0.9794,0.644664,0.694832
1786702929.397772,75.905730,2297,29.80,411.18,63.57,1.0000,0.642475,0.132431,412.56,333.42,0.9792,0.644625,0.694622
1786702929.437644,75.945602,2298,29.80,411.14,63.64,1.0000,0.642402,0.132578,412.59,333.39,0.9791,0.644669,0.694557
1786702929.486419,75.994376,2299,29.80,411.10,63.65,1.0000,0.642347,0.132598,412.58,333.43,0.9788,0.644651,0.694645
1786702929.500091,76.008049,2300,29.80,411.10,63.65,1.0000,0.642340,0.132597,412.55,333.38,0.9790,0.644606,0.694540
1786702929.535870,76.043827,2301,29.80,411.10,63.67,1.0000,0.642340,0.132654,412.57,333.36,0.9789,0.644647,0.694510
1786702929.563794,76.071752,2302,29.80,411.09,63.67,1.0000,0.642327,0.132654,412.56,333.37,0.9785,0.644625,0.694512
1786702929.627704,76.135662,2303,29.80,411.10,63.66,1.0000,0.642351,0.132623,412.62,333.38,0.9789,0.644723,0.694541
1786702929.642110,76.150067,2304,29.80,411.05,63.68,1.0000,0.642262,0.132666,412.63,333.40,0.9787,0.644734,0.694591
1786702929.672110,76.180068,2305,29.80,411.05,63.69,1.0000,0.642260,0.132695,412.67,333.42,0.9784,0.644796,0.694623
1786702929.702222,76.210179,2306,29.80,410.99,63.68,1.0000,0.642169,0.132677,412.72,333.36,0.9777,0.644872,0.694502
1786702929.743908,76.251866,2307,29.80,410.99,63.69,1.0000,0.642168,0.132677,412.70,333.38,0.9778,0.644851,0.694535
1786702929.773071,76.281029,2308,29.80,410.98,63.67,1.0000,0.642162,0.132637,412.69,333.33,0.9779,0.644829,0.694444
1786702929.807244,76.315202,2309,29.80,411.03,63.75,1.0000,0.642231,0.132807,412.69,333.35,0.9780,0.644832,0.694469
1786702929.839569,76.347527,2310,29.84,411.02,63.75,1.0000,0.642213,0.132806,412.70,333.34,0.9779,0.644840,0.694452
1786702929.881490,76.389447,2311,29.84,411.01,63.74,1.0000,0.642206,0.132790,412.69,333.31,0.9779,0.644828,0.694406
1786702929.896737,76.404694,2312,29.84,411.07,63.88,1.0000,0.642299,0.133085,412.62,333.31,0.9779,0.644717,0.694390
1786702929.936179,76.444137,2313,29.84,411.09,63.95,1.0000,0.642328,0.133228,412.64,333.29,0.9776,0.644746,0.694361
1786702929.974796,76.482754,2314,29.84,411.05,63.94,1.0000,0.642262,0.133215,412.54,333.23,0.9777,0.644595,0.694231
1786702930.003165,76.511123,2315,29.84,411.03,63.94,1.0000,0.642234,0.133213,412.40,333.23,0.9776,0.644369,0.694235
1786702930.042778,76.550735,2316,29.84,411.05,63.94,1.0000,0.642265,0.133201,412.36,333.30,0.9777,0.644316,0.694368
1786702930.065359,76.573316,2317,29.84,411.05,63.84,1.0000,0.642266,0.133004,412.48,333.30,0.9780,0.644504,0.694385
1786702930.104522,76.612480,2318,29.84,411.07,63.83,1.0000,0.642296,0.132984,412.54,333.35,0.9782,0.644587,0.694469
1786702930.120202,76.628160,2319,29.84,411.05,63.83,1.0000,0.642267,0.132980,412.60,333.45,0.9780,0.644692,0.694689
1786702930.172989,76.680947,2320,29.84,411.02,63.80,1.0000,0.642218,0.132923,412.60,333.48,0.9779,0.644690,0.694754
1786702930.198948,76.706906,2321,29.84,410.98,63.75,1.0000,0.642155,0.132812,412.60,333.55,0.9781,0.644681,0.694899
1786702930.246982,76.754940,2322,29.84,410.83,63.72,1.0000,0.641923,0.132747,412.53,333.51,0.9780,0.644573,0.694823
1786702930.273946,76.781903,2323,29.84,410.83,63.72,1.0000,0.641923,0.132743,412.52,333.53,0.9784,0.644556,0.694848
1786702930.300547,76.808504,2324,29.84,410.80,63.70,1.0000,0.641875,0.132698,412.52,333.67,0.9789,0.644568,0.695148
1786702930.335062,76.843020,2325,29.84,410.69,63.69,1.0000,0.641700,0.132693,412.54,333.61,0.9787,0.644594,0.695016
1786702930.372589,76.880547,2326,30.01,410.69,63.68,1.0000,0.641705,0.132667,412.52,333.58,0.9789,0.644562,0.694954
1786702930.401508,76.909466,2327,30.01,410.62,63.68,1.0000,0.641600,0.132675,412.52,333.58,0.9787,0.644556,0.694954
1786702930.435591,76.943549,2328,30.01,410.65,63.78,1.0000,0.641633,0.132865,412.51,333.62,0.9790,0.644545,0.695041
1786702930.477315,76.985273,2329,30.01,410.41,63.76,1.0000,0.641264,0.132839,412.52,333.52,0.9787,0.644567,0.694828
1786702930.501289,77.009247,2330,30.01,410.36,63.75,1.0000,0.641194,0.132818,412.52,333.61,0.9789,0.644565,0.695022
1786702930.535250,77.043207,2331,30.01,410.36,63.75,1.0000,0.641189,0.132815,412.65,333.52,0.9789,0.644773,0.694836
1786702930.566730,77.074687,2332,30.01,410.26,63.88,1.0000,0.641032,0.133079,412.36,333.51,0.9785,0.644305,0.694811
1786702930.601764,77.109721,2333,30.01,409.91,63.89,1.0000,0.640482,0.133108,412.23,333.31,0.9778,0.644114,0.694395
1786702930.638964,77.146922,2334,30.01,409.85,63.84,1.0000,0.640393,0.133009,412.50,333.51,0.9777,0.644532,0.694822
1786702930.665416,77.173374,2335,30.01,409.71,63.83,1.0000,0.640173,0.132983,412.50,333.48,0.9773,0.644532,0.694757
1786702930.702109,77.210066,2336,30.01,409.63,63.62,1.0000,0.640045,0.132539,412.57,333.44,0.9773,0.644643,0.694663
1786702930.779521,77.287478,2337,30.01,409.60,63.32,1.0000,0.639993,0.131924,412.47,333.33,0.9774,0.644485,0.694438
1786702930.793587,77.301544,2339,30.01,409.60,63.40,1.0000,0.639993,0.132079,412.36,333.26,0.9777,0.644310,0.694291
1786702930.845677,77.353634,2340,30.01,409.56,63.33,1.0000,0.639944,0.131928,412.44,333.28,0.9776,0.644432,0.694332
1786702930.872010,77.379967,2341,29.48,409.61,63.37,1.0000,0.640023,0.132019,412.47,333.30,0.9777,0.644483,0.694374
1786702930.903523,77.411481,2342,29.48,409.61,63.45,1.0000,0.640018,0.132195,412.41,333.33,0.9779,0.644390,0.694448
1786702930.932788,77.440746,2343,29.48,409.48,63.54,1.0000,0.639810,0.132367,412.40,333.35,0.9778,0.644378,0.694486
1786702930.969430,77.477387,2344,29.48,409.23,63.68,1.0000,0.639421,0.132665,412.40,333.36,0.9779,0.644375,0.694497
1786702930.998502,77.506459,2345,29.48,409.20,63.58,1.0000,0.639378,0.132462,412.40,333.36,0.9779,0.644372,0.694493
1786702931.029526,77.537483,2346,29.48,409.18,63.48,1.0000,0.639337,0.132249,412.45,333.35,0.9781,0.644449,0.694474
1786702931.077501,77.585458,2347,29.48,409.12,63.47,1.0000,0.639248,0.132220,412.47,333.33,0.9783,0.644489,0.694447
1786702931.100123,77.608081,2348,29.48,409.15,63.56,1.0000,0.639293,0.132410,412.47,333.29,0.9783,0.644490,0.694347
1786702931.130131,77.638089,2349,29.48,409.15,63.54,1.0000,0.639289,0.132365,412.48,333.28,0.9782,0.644507,0.694338
1786702931.169461,77.677418,2350,29.48,409.48,63.53,1.0000,0.639814,0.132363,412.50,333.27,0.9785,0.644531,0.694320
1786702931.206887,77.714844,2351,29.48,409.51,63.48,1.0000,0.639853,0.132250,412.48,333.45,0.9783,0.644494,0.694679
1786702931.230751,77.738708,2352,29.48,409.46,63.47,1.0000,0.639781,0.132238,412.48,333.47,0.9782,0.644499,0.694720
1786702931.267459,77.775417,2353,29.48,409.44,63.44,1.0000,0.639756,0.132162,412.43,333.48,0.9782,0.644422,0.694750
1786702931.314899,77.822856,2354,29.48,409.53,63.45,1.0000,0.639890,0.132196,412.39,333.43,0.9783,0.644362,0.694640
1786702931.335846,77.843803,2355,29.48,409.52,63.46,1.0000,0.639867,0.132200,412.40,333.63,0.9784,0.644376,0.695063
1786702931.373679,77.881637,2356,29.59,409.57,63.34,1.0000,0.639958,0.131959,412.39,333.72,0.9781,0.644358,0.695247
1786702931.416714,77.924671,2357,29.59,409.68,63.27,1.0000,0.640129,0.131814,412.41,333.58,0.9781,0.644398,0.694962
1786702931.445697,77.953655,2358,29.59,409.71,63.21,1.0000,0.640168,0.131680,412.31,333.58,0.9780,0.644234,0.694965
1786702931.462888,77.970845,2359,29.59,409.70,63.17,1.0000,0.640155,0.131607,412.33,333.63,0.9778,0.644259,0.695058
1786702931.506847,78.014804,2360,29.59,409.69,63.15,1.0000,0.640145,0.131571,412.32,333.61,0.9779,0.644246,0.695019
1786702931.546184,78.054141,2361,29.59,409.87,63.08,1.0000,0.640428,0.131424,412.32,333.65,0.9781,0.644246,0.695097
1786702931.563004,78.070961,2362,29.59,409.90,63.07,1.0000,0.640465,0.131397,412.32,333.81,0.9784,0.644257,0.695430
1786702931.612083,78.120040,2363,29.59,409.93,63.04,1.0000,0.640514,0.131337,412.26,333.98,0.9787,0.644162,0.695802
1786702931.638983,78.146940,2364,29.59,410.16,63.00,1.0000,0.640881,0.131259,412.20,333.96,0.9789,0.644060,0.695745
1786702931.678235,78.186193,2365,29.59,410.83,63.00,1.0000,0.641929,0.131252,412.14,333.98,0.9789,0.643975,0.695787
1786702931.691447,78.199404,2366,29.59,410.93,63.02,1.0000,0.642082,0.131295,412.16,333.96,0.9791,0.643993,0.695751
1786702931.743748,78.251706,2367,29.59,411.17,63.01,1.0000,0.642449,0.131266,412.33,333.99,0.9793,0.644264,0.695808
1786702931.769053,78.277010,2368,29.59,411.19,62.98,1.0000,0.642482,0.131210,412.26,333.96,0.9793,0.644164,0.695755
1786702931.801203,78.309160,2369,29.59,411.25,62.97,1.0000,0.642577,0.131197,412.30,333.97,0.9795,0.644221,0.695776
1786702931.836041,78.343999,2370,29.59,411.27,62.95,1.0000,0.642608,0.131147,412.27,333.98,0.9798,0.644177,0.695802
1786702931.867672,78.375629,2371,29.59,411.29,63.00,1.0000,0.642648,0.131246,412.29,334.00,0.9800,0.644206,0.695835
1786702931.904706,78.412663,2372,29.79,411.41,62.99,1.0000,0.642824,0.131236,412.43,334.05,0.9802,0.644418,0.695945
1786702931.939328,78.447286,2373,29.79,411.44,63.01,1.0000,0.642868,0.131271,412.40,333.93,0.9802,0.644376,0.695686
1786702931.971687,78.479645,2374,29.79,411.63,63.01,1.0000,0.643172,0.131267,412.44,333.93,0.9800,0.644431,0.695696
1786702932.036081,78.544038,2375,29.79,411.86,63.00,1.0000,0.643530,0.131259,412.54,334.07,0.9802,0.644594,0.695988
1786702932.063732,78.571689,2377,29.79,411.87,63.02,1.0000,0.643542,0.131292,412.53,334.06,0.9802,0.644578,0.695951
1786702932.099603,78.607560,2378,29.79,411.94,63.02,1.0000,0.643659,0.131285,412.51,334.08,0.9803,0.644548,0.695992
1786702932.135589,78.643547,2379,29.79,412.07,63.02,1.0000,0.643865,0.131298,412.50,334.05,0.9804,0.644524,0.695943
1786702932.183724,78.691682,2380,29.79,412.17,63.08,1.0000,0.644008,0.131414,412.36,334.03,0.9801,0.644318,0.695899
1786702932.197151,78.705108,2381,29.79,412.17,63.09,1.0000,0.644021,0.131434,412.40,334.01,0.9800,0.644375,0.695857
1786702932.241527,78.749484,2382,29.79,412.30,63.09,1.0000,0.644215,0.131434,412.46,333.97,0.9800,0.644462,0.695778
1786702932.289430,78.797387,2383,29.79,412.39,63.09,1.0000,0.644364,0.131439,412.45,334.00,0.9802,0.644456,0.695828
1786702932.302086,78.810044,2384,29.79,412.45,63.08,1.0000,0.644453,0.131419,412.37,334.00,0.9802,0.644332,0.695832
1786702932.338861,78.846819,2385,29.79,412.45,63.16,1.0000,0.644457,0.131573,412.26,333.95,0.9804,0.644157,0.695723
1786702932.371197,78.879154,2386,29.79,412.46,63.14,1.0000,0.644466,0.131541,412.27,333.95,0.9804,0.644177,0.695720
1786702932.402157,78.910114,2387,29.37,412.55,63.12,1.0000,0.644605,0.131505,412.24,333.91,0.9805,0.644131,0.695644
1786702932.436539,78.944497,2388,29.37,412.49,63.12,1.0000,0.644521,0.131502,412.28,333.93,0.9805,0.644180,0.695683
1786702932.473346,78.981304,2389,29.37,412.53,63.12,1.0000,0.644571,0.131493,412.29,333.97,0.9808,0.644207,0.695773
1786702932.499916,79.007874,2390,29.37,412.47,63.13,1.0000,0.644485,0.131514,412.37,333.94,0.9805,0.644327,0.695709
1786702932.550203,79.058160,2391,29.37,412.30,63.13,1.0000,0.644221,0.131512,412.31,333.95,0.9804,0.644233,0.695739
1786702932.564974,79.072931,2392,29.37,412.16,63.14,1.0000,0.644003,0.131534,412.35,333.97,0.9807,0.644291,0.695778
1786702932.615016,79.122973,2393,29.37,412.05,63.13,1.0000,0.643823,0.131529,412.37,333.99,0.9808,0.644321,0.695805
1786702932.688413,79.196370,2394,29.37,411.99,63.13,1.0000,0.643734,0.131526,412.43,333.99,0.9807,0.644414,0.695821
1786702932.710321,79.218279,2396,29.37,412.10,63.17,1.0000,0.643900,0.131605,412.42,333.99,0.9808,0.644411,0.695813
1786702932.731232,79.239189,2397,29.37,412.04,63.21,1.0000,0.643818,0.131694,412.43,334.01,0.9807,0.644422,0.695863
1786702932.770547,79.278504,2398,29.37,411.87,63.21,1.0000,0.643541,0.131694,412.46,333.92,0.9804,0.644471,0.695673
1786702932.807340,79.315298,2399,29.37,411.85,63.15,1.0000,0.643510,0.131553,412.52,333.81,0.9803,0.644558,0.695433
1786702932.831223,79.339180,2400,29.37,411.83,63.18,1.0000,0.643491,0.131635,412.53,333.82,0.9805,0.644580,0.695449
1786702932.868783,79.376740,2401,29.37,411.83,63.21,1.0000,0.643486,0.131695,412.57,333.82,0.9806,0.644644,0.695456
1786702932.954163,79.462120,2403,28.55,411.90,63.51,1.0000,0.643600,0.132313,412.69,334.30,0.9810,0.644821,0.696449
1786702932.969371,79.477328,2404,28.55,411.89,63.61,1.0000,0.643571,0.132528,412.42,334.24,0.9807,0.644406,0.696333
1786702933.011553,79.519511,2405,28.55,411.89,63.58,1.0000,0.643585,0.132462,412.38,334.26,0.9807,0.644348,0.696367
1786702933.043631,79.551588,2406,28.55,411.85,63.63,1.0000,0.643518,0.132557,412.37,334.21,0.9808,0.644323,0.696268
1786702933.067153,79.575111,2407,28.55,411.86,63.61,1.0000,0.643528,0.132510,412.34,334.21,0.9810,0.644282,0.696277
1786702933.103162,79.611119,2408,28.55,411.44,63.54,1.0000,0.642877,0.132375,412.42,334.02,0.9809,0.644400,0.695874
1786702933.138391,79.646348,2409,28.55,411.54,63.56,1.0000,0.643034,0.132423,412.49,333.94,0.9807,0.644522,0.695715
1786702933.162425,79.670382,2410,28.55,411.55,63.61,1.0000,0.643045,0.132513,412.51,333.92,0.9808,0.644548,0.695671
1786702933.199770,79.707728,2411,28.55,411.05,63.57,1.0000,0.642270,0.132440,412.47,333.90,0.9807,0.644481,0.695619
1786702933.234437,79.742395,2412,28.55,411.02,63.56,1.0000,0.642215,0.132417,412.45,333.94,0.9808,0.644449,0.695703
1786702933.269603,79.777561,2413,28.55,411.12,63.55,1.0000,0.642371,0.132389,412.42,333.96,0.9809,0.644413,0.695751
1786702933.330274,79.838231,2414,28.55,411.10,63.52,1.0000,0.642342,0.132331,412.42,333.96,0.9810,0.644412,0.695759
1786702933.346559,79.854516,2415,28.55,410.98,63.51,1.0000,0.642158,0.132311,412.44,334.11,0.9810,0.644433,0.696071
1786702933.370618,79.878575,2416,28.55,410.87,63.51,1.0000,0.641983,0.132307,412.45,334.14,0.9810,0.644458,0.696128
1786702933.404495,79.912452,2417,28.55,410.82,63.51,1.0000,0.641904,0.132321,412.43,334.13,0.9809,0.644416,0.696112
1786702933.433385,79.941342,2418,28.55,410.84,63.58,1.0000,0.641941,0.132451,412.44,333.93,0.9809,0.644438,0.695695
1786702933.472813,79.980771,2419,29.13,410.83,63.57,1.0000,0.641921,0.132444,412.46,333.92,0.9806,0.644476,0.695664
1786702933.504578,80.012536,2420,29.13,410.84,63.56,1.0000,0.641936,0.132424,412.54,333.95,0.9805,0.644596,0.695734
1786702933.538261,80.046218,2421,29.13,410.81,63.61,1.0000,0.641889,0.132514,412.45,333.95,0.9801,0.644452,0.695721
1786702933.568997,80.076955,2422,29.13,410.79,63.66,1.0000,0.641864,0.132633,412.36,333.82,0.9798,0.644314,0.695465
1786702933.599516,80.107473,2423,29.13,410.76,63.62,1.0000,0.641818,0.132536,412.38,333.75,0.9799,0.644341,0.695316
1786702933.634788,80.142746,2424,29.13,410.62,63.62,1.0000,0.641600,0.132534,412.37,333.76,0.9798,0.644333,0.695339
1786702933.672067,80.180025,2425,29.13,410.63,63.63,1.0000,0.641606,0.132553,412.37,333.77,0.9799,0.644327,0.695361
1786702933.703617,80.211574,2426,29.13,410.64,63.68,1.0000,0.641631,0.132656,412.38,333.79,0.9799,0.644345,0.695396
1786702933.741382,80.249340,2427,29.13,410.58,63.73,1.0000,0.641532,0.132761,412.40,333.80,0.9797,0.644368,0.695406
1786702933.768189,80.276147,2428,29.13,410.58,63.76,1.0000,0.641537,0.132829,412.37,333.78,0.9797,0.644334,0.695366
1786702933.804214,80.312171,2429,29.13,410.54,63.86,1.0000,0.641471,0.133046,412.37,333.97,0.9797,0.644329,0.695773
1786702933.833245,80.341202,2430,29.13,410.55,63.85,1.0000,0.641488,0.133029,412.39,333.93,0.9797,0.644365,0.695682
1786702933.876090,80.384047,2431,29.13,410.47,63.87,1.0000,0.641362,0.133055,412.39,333.83,0.9793,0.644364,0.695480
1786702933.893311,80.401268,2432,29.13,410.45,63.86,1.0000,0.641335,0.133040,412.40,333.80,0.9792,0.644369,0.695424
1786702933.933900,80.441858,2433,29.13,410.47,63.87,1.0000,0.641354,0.133059,412.36,333.80,0.9789,0.644312,0.695422
1786702933.967007,80.474964,2434,29.27,410.47,63.81,1.0000,0.641359,0.132942,412.28,333.78,0.9790,0.644184,0.695381
1786702934.006301,80.514258,2435,29.27,410.45,63.80,1.0000,0.641333,0.132920,412.34,333.70,0.9789,0.644283,0.695200
1786702934.052867,80.560824,2436,29.27,410.43,63.80,1.0000,0.641291,0.132917,412.37,333.77,0.9785,0.644335,0.695344
1786702934.072022,80.579980,2437,29.27,410.43,63.80,1.0000,0.641301,0.132920,412.41,333.78,0.9784,0.644392,0.695383
1786702934.100995,80.608952,2438,29.27,410.44,63.60,1.0000,0.641308,0.132498,412.33,333.63,0.9781,0.644270,0.695057
1786702934.137967,80.645924,2439,29.27,410.43,63.47,1.0000,0.641290,0.132226,412.45,333.65,0.9782,0.644451,0.695096
1786702934.170189,80.678147,2440,29.27,410.38,63.42,1.0000,0.641211,0.132133,412.46,333.63,0.9782,0.644468,0.695066
1786702934.205598,80.713555,2441,29.27,410.36,63.37,1.0000,0.641189,0.132015,412.49,333.81,0.9782,0.644522,0.695447
1786702934.244175,80.752133,2442,29.27,410.33,63.28,1.0000,0.641144,0.131833,412.54,333.78,0.9780,0.644594,0.695382
1786702934.260788,80.768746,2443,29.27,410.28,63.28,1.0000,0.641066,0.131825,412.55,333.78,0.9782,0.644611,0.695376
1786702934.297305,80.805262,2444,29.27,410.10,63.25,1.0000,0.640783,0.131763,412.60,333.78,0.9786,0.644688,0.695372
1786702934.331651,80.839608,2445,29.27,410.13,63.15,1.0000,0.640828,0.131565,412.57,333.71,0.9784,0.644637,0.695235
1786702934.369097,80.877054,2446,29.27,410.10,63.14,1.0000,0.640776,0.131541,412.56,333.67,0.9786,0.644632,0.695144
1786702934.407647,80.915604,2447,29.27,409.96,63.20,1.0000,0.640559,0.131663,412.45,333.59,0.9787,0.644456,0.694980
1786702934.447975,80.955932,2448,29.27,410.09,63.20,1.0000,0.640769,0.131666,412.39,333.64,0.9790,0.644367,0.695088
1786702934.490952,80.998909,2449,29.19,409.99,63.19,1.0000,0.640609,0.131651,412.45,333.60,0.9788,0.644456,0.695001
1786702934.514769,81.022726,2450,29.19,410.01,63.11,1.0000,0.640633,0.131480,412.47,333.51,0.9792,0.644477,0.694809
1786702934.531786,81.039743,2451,29.19,410.01,63.06,1.0000,0.640638,0.131365,412.46,333.50,0.9792,0.644462,0.694801
1786702934.609366,81.117324,2452,29.19,409.89,62.96,1.0000,0.640448,0.131169,412.44,333.45,0.9795,0.644430,0.694693
1786702934.615971,81.123929,2453,29.19,409.85,62.91,1.0000,0.640390,0.131071,412.42,333.39,0.9797,0.644412,0.694570
1786702934.655958,81.163916,2454,29.19,409.85,62.73,1.0000,0.640388,0.130677,412.47,333.40,0.9795,0.644480,0.694585
1786702934.669484,81.177441,2455,29.19,409.80,62.72,1.0000,0.640315,0.130674,412.47,333.40,0.9792,0.644486,0.694583
1786702934.700944,81.208901,2456,29.19,409.80,62.73,1.0000,0.640317,0.130682,412.47,333.43,0.9792,0.644480,0.694649
1786702934.741312,81.249269,2457,29.19,409.77,62.73,1.0000,0.640265,0.130679,412.45,333.49,0.9793,0.644454,0.694770
1786702934.770015,81.277972,2458,29.19,409.74,63.04,1.0000,0.640213,0.131327,412.45,333.50,0.9798,0.644453,0.694790
1786702934.799256,81.307213,2459,29.19,409.73,63.03,1.0000,0.640210,0.131318,412.44,333.47,0.9798,0.644440,0.694720
1786702934.845508,81.353465,2460,29.19,409.76,63.23,1.0000,0.640253,0.131734,412.43,333.51,0.9798,0.644426,0.694819
1786702934.863164,81.371121,2461,29.19,409.76,63.08,1.0000,0.640250,0.131417,412.52,333.52,0.9795,0.644555,0.694834
1786702934.900407,81.408365,2462,29.19,409.76,62.93,1.0000,0.640247,0.131101,412.53,333.47,0.9793,0.644582,0.694723
1786702934.936350,81.444308,2463,29.19,409.75,62.94,1.0000,0.640233,0.131126,412.48,333.41,0.9791,0.644502,0.694607
1786702934.976200,81.484157,2464,29.19,409.75,62.98,1.0000,0.640233,0.131208,412.51,333.41,0.9791,0.644544,0.694606
1786702934.988724,81.496682,2465,29.61,409.80,62.89,1.0000,0.640314,0.131016,412.54,333.40,0.9787,0.644599,0.694588
1786702935.034715,81.542672,2466,29.61,409.79,62.74,1.0000,0.640296,0.130717,412.55,333.42,0.9786,0.644605,0.694616
1786702935.054499,81.562457,2467,29.61,409.81,62.74,1.0000,0.640330,0.130707,412.58,333.46,0.9785,0.644654,0.694699
1786702935.103387,81.611345,2468,29.61,409.82,62.70,1.0000,0.640343,0.130633,412.56,333.43,0.9783,0.644632,0.694649
1786702935.132082,81.640039,2469,29.61,409.89,62.70,1.0000,0.640451,0.130624,412.61,333.50,0.9784,0.644710,0.694792
1786702935.166365,81.674322,2470,29.61,409.87,62.69,1.0000,0.640425,0.130608,412.63,333.69,0.9779,0.644737,0.695179
1786702935.195508,81.703465,2471,29.61,409.96,62.58,1.0000,0.640557,0.130381,412.57,333.33,0.9779,0.644647,0.694432
1786702935.230408,81.738365,2472,29.61,409.99,62.68,1.0000,0.640610,0.130573,412.58,333.33,0.9780,0.644663,0.694441
1786702935.271900,81.779858,2473,29.61,410.17,62.68,1.0000,0.640889,0.130587,412.46,333.23,0.9783,0.644471,0.694221
1786702935.291186,81.799144,2474,29.61,410.22,62.73,1.0000,0.640966,0.130684,412.44,333.28,0.9785,0.644431,0.694329
1786702935.343684,81.851642,2475,29.61,410.27,62.71,1.0000,0.641048,0.130644,412.51,333.49,0.9786,0.644546,0.694771
1786702935.382731,81.890688,2476,29.61,410.33,62.64,1.0000,0.641141,0.130506,412.49,333.51,0.9788,0.644514,0.694814
1786702935.398637,81.906595,2477,29.61,410.33,62.64,1.0000,0.641143,0.130505,412.49,333.85,0.9790,0.644513,0.695511
1786702935.436026,81.943983,2478,29.61,410.56,62.62,1.0000,0.641496,0.130448,412.51,333.84,0.9792,0.644547,0.695504
1786702935.475760,81.983718,2479,29.61,410.56,62.58,1.0000,0.641497,0.130369,412.48,333.89,0.9793,0.644501,0.695614
1786702935.494081,82.002039,2480,29.61,410.60,62.58,1.0000,0.641566,0.130372,412.48,333.94,0.9796,0.644495,0.695711
1786702935.535932,82.043889,2481,29.61,410.73,62.60,1.0000,0.641773,0.130413,412.47,333.94,0.9798,0.644478,0.695717
1786702935.596828,82.104785,2482,29.61,411.18,62.67,1.0000,0.642465,0.130560,412.40,333.95,0.9801,0.644377,0.695729
1786702935.613463,82.121421,2483,29.61,411.31,62.68,1.0000,0.642666,0.130590,412.41,334.01,0.9805,0.644384,0.695861
1786702935.643738,82.151696,2484,29.61,411.36,62.69,1.0000,0.642751,0.130596,412.40,334.02,0.9805,0.644369,0.695879
1786702935.673257,82.181214,2485,29.61,411.39,62.77,1.0000,0.642795,0.130776,412.40,334.02,0.9807,0.644381,0.695883
1786702935.704277,82.212234,2486,29.61,411.42,62.77,1.0000,0.642844,0.130765,412.40,334.06,0.9807,0.644381,0.695959
1786702935.741612,82.249570,2487,29.61,411.42,62.77,1.0000,0.642844,0.130766,412.38,334.02,0.9807,0.644340,0.695877
1786702935.767874,82.275831,2488,29.61,411.41,62.72,1.0000,0.642830,0.130657,412.39,333.97,0.9806,0.644353,0.695772
1786702935.807405,82.315362,2489,29.61,411.38,62.66,1.0000,0.642783,0.130538,412.35,333.89,0.9807,0.644302,0.695605
1786702935.838955,82.346913,2490,29.61,411.50,62.67,1.0000,0.642971,0.130556,412.35,333.88,0.9810,0.644294,0.695578
1786702935.890296,82.398253,2491,29.61,411.76,62.77,1.0000,0.643374,0.130771,412.25,333.91,0.9816,0.644140,0.695646
1786702935.904925,82.412883,2492,29.61,411.82,62.78,1.0000,0.643467,0.130801,412.25,333.98,0.9813,0.644141,0.695785
1786702935.932724,82.440682,2493,29.61,411.85,62.79,1.0000,0.643523,0.130820,412.21,333.96,0.9814,0.644081,0.695748
1786702935.972369,82.480326,2494,29.61,412.00,62.71,1.0000,0.643749,0.130646,412.21,333.94,0.9815,0.644082,0.695704
1786702935.998544,82.506501,2495,29.61,412.17,62.81,1.0000,0.644020,0.130852,412.17,333.94,0.9814,0.644012,0.695703
1786702936.038388,82.546346,2496,29.61,412.22,62.81,1.0000,0.644087,0.130853,412.16,334.06,0.9813,0.644001,0.695964
1786702936.058306,82.566264,2497,29.74,412.25,62.97,1.0000,0.644142,0.131183,412.09,334.11,0.9813,0.643884,0.696058
1786702936.107772,82.615730,2498,29.74,412.25,63.00,1.0000,0.644137,0.131251,412.11,334.10,0.9812,0.643928,0.696049
1786702936.136062,82.644020,2499,29.74,412.21,62.99,1.0000,0.644071,0.131238,412.16,334.13,0.9813,0.644000,0.696097
1786702936.167368,82.675326,2500,29.74,412.03,62.97,1.0000,0.643793,0.131198,412.16,334.13,0.9815,0.644005,0.696107
1786702936.204977,82.712934,2501,29.74,412.05,62.98,1.0000,0.643832,0.131198,412.16,334.19,0.9813,0.643993,0.696223
1786702936.236384,82.744342,2502,29.74,411.94,62.92,1.0000,0.643660,0.131078,412.19,334.11,0.9812,0.644045,0.696062
1786702936.260678,82.768636,2503,29.74,411.96,62.94,1.0000,0.643694,0.131117,412.14,334.14,0.9811,0.643970,0.696131
1786702936.297463,82.805421,2504,29.74,411.69,62.87,1.0000,0.643267,0.130985,412.22,334.03,0.9809,0.644090,0.695893
1786702936.329040,82.836997,2505,29.74,411.43,62.87,1.0000,0.642864,0.130985,412.21,333.92,0.9805,0.644084,0.695664
1786702936.371768,82.879725,2506,29.74,411.38,62.81,1.0000,0.642787,0.130856,412.23,333.79,0.9803,0.644115,0.695395
1786702936.403994,82.911951,2507,29.74,411.36,62.72,1.0000,0.642747,0.130657,412.24,333.60,0.9800,0.644131,0.695000
1786702936.443324,82.951281,2508,29.74,411.36,62.73,1.0000,0.642744,0.130681,412.18,333.67,0.9799,0.644036,0.695148
1786702936.467223,82.975180,2509,29.74,411.23,62.72,1.0000,0.642542,0.130673,412.27,333.68,0.9799,0.644176,0.695160
1786702936.503830,83.011788,2510,29.74,411.06,62.67,1.0000,0.642288,0.130554,412.34,333.71,0.9795,0.644286,0.695232
1786702936.538884,83.046842,2511,29.74,411.03,62.59,1.0000,0.642235,0.130389,412.42,333.79,0.9792,0.644412,0.695389
1786702936.571831,83.079789,2512,29.74,410.83,62.55,1.0000,0.641928,0.130321,412.42,333.77,0.9788,0.644409,0.695354
1786702936.607449,83.115406,2513,29.73,410.82,62.55,1.0000,0.641909,0.130317,412.37,333.76,0.9788,0.644324,0.695326
1786702936.641603,83.149561,2514,29.73,410.68,62.59,1.0000,0.641686,0.130394,412.40,333.81,0.9785,0.644369,0.695444
1786702936.672335,83.180292,2515,29.73,410.64,62.57,1.0000,0.641632,0.130353,412.41,333.83,0.9783,0.644387,0.695482
1786702936.706556,83.214513,2516,29.73,410.56,62.57,1.0000,0.641504,0.130359,412.41,333.80,0.9784,0.644388,0.695424
1786702936.749013,83.256970,2517,29.73,410.41,62.59,1.0000,0.641267,0.130388,412.39,333.81,0.9786,0.644359,0.695429
1786702936.786211,83.294168,2518,29.73,410.35,62.60,1.0000,0.641171,0.130407,412.39,333.81,0.9789,0.644365,0.695429
1786702936.796692,83.304650,2519,29.73,410.21,62.60,1.0000,0.640958,0.130422,412.38,333.81,0.9791,0.644351,0.695433
1786702936.846628,83.354586,2520,29.73,409.95,62.59,1.0000,0.640542,0.130399,412.39,333.81,0.9788,0.644358,0.695444
1786702936.859787,83.367744,2521,29.73,409.89,62.58,1.0000,0.640460,0.130376,412.40,333.82,0.9790,0.644378,0.695449
1786702936.905904,83.413862,2522,29.73,409.86,62.62,1.0000,0.640401,0.130452,412.39,333.67,0.9790,0.644360,0.695156
1786702936.931262,83.439220,2523,29.73,409.85,62.66,1.0000,0.640398,0.130532,412.36,333.57,0.9791,0.644309,0.694943
1786702936.957744,83.465701,2524,29.73,409.77,62.66,1.0000,0.640272,0.130538,412.48,333.61,0.9790,0.644494,0.695016
1786702937.000753,83.508711,2525,29.73,409.65,62.64,1.0000,0.640084,0.130502,412.63,333.60,0.9788,0.644728,0.695009
1786702937.027304,83.535261,2526,29.73,409.48,62.68,1.0000,0.639819,0.130584,412.57,333.56,0.9785,0.644639,0.694911
1786702937.064212,83.572170,2527,29.73,408.96,62.66,1.0000,0.639000,0.130538,412.52,333.54,0.9780,0.644565,0.694868
1786702937.109269,83.617226,2528,29.76,408.79,62.64,1.0000,0.638733,0.130496,412.52,333.22,0.9779,0.644559,0.694211
1786702937.158986,83.666943,2529,29.76,408.86,62.64,1.0000,0.638841,0.130508,412.51,333.23,0.9777,0.644548,0.694220
1786702937.172452,83.680409,2530,29.76,408.91,62.63,1.0000,0.638916,0.130482,412.57,333.22,0.9778,0.644644,0.694218
1786702937.196616,83.704573,2531,29.76,408.94,62.57,1.0000,0.638974,0.130345,412.60,333.27,0.9777,0.644689,0.694319
1786702937.231863,83.739821,2532,29.76,409.07,62.70,1.0000,0.639170,0.130632,412.59,333.28,0.9775,0.644679,0.694333
1786702937.273498,83.781455,2533,29.76,409.42,62.70,1.0000,0.639715,0.130630,412.57,333.30,0.9776,0.644646,0.694376
1786702937.290188,83.798146,2534,29.76,409.42,62.66,1.0000,0.639712,0.130532,412.57,333.41,0.9776,0.644634,0.694606
1786702937.336601,83.844559,2535,29.76,409.44,62.65,1.0000,0.639746,0.130530,412.58,333.33,0.9773,0.644661,0.694429
1786702937.370502,83.878459,2536,29.76,409.67,62.64,1.0000,0.640114,0.130500,412.60,333.44,0.9774,0.644683,0.694666
1786702937.405293,83.913250,2537,29.76,409.83,62.63,1.0000,0.640358,0.130481,412.59,333.42,0.9775,0.644671,0.694618
1786702937.434438,83.942396,2538,29.76,409.85,62.57,1.0000,0.640391,0.130363,412.47,333.24,0.9775,0.644484,0.694256
1786702937.482251,83.990208,2539,29.76,410.07,62.51,1.0000,0.640735,0.130238,412.48,333.26,0.9778,0.644498,0.694295
1786702937.495700,84.003657,2540,29.76,410.12,62.41,1.0000,0.640805,0.130030,412.48,333.33,0.9780,0.644506,0.694442
1786702937.535355,84.043312,2541,29.76,410.26,62.41,1.0000,0.641033,0.130027,412.42,333.45,0.9782,0.644403,0.694686
1786702937.569723,84.077680,2542,29.76,410.33,62.30,1.0000,0.641140,0.129793,412.51,333.47,0.9779,0.644541,0.694731
1786702937.604439,84.112397,2543,29.76,410.50,62.35,1.0000,0.641398,0.129891,412.50,333.47,0.9779,0.644531,0.694730
1786702937.648406,84.156363,2544,29.72,410.50,62.36,1.0000,0.641407,0.129911,412.48,333.45,0.9778,0.644500,0.694686
1786702937.663164,84.171121,2545,29.72,410.52,62.36,1.0000,0.641441,0.129914,412.46,333.46,0.9779,0.644462,0.694701
1786702937.704216,84.212173,2546,29.72,410.56,62.41,1.0000,0.641496,0.130021,412.31,333.49,0.9781,0.644239,0.694773
1786702937.736313,84.244270,2547,29.72,410.56,62.41,1.0000,0.641501,0.130022,412.27,333.51,0.9780,0.644170,0.694810
1786702937.765778,84.273736,2548,29.72,410.56,62.42,1.0000,0.641504,0.130033,412.22,333.49,0.9779,0.644092,0.694764
1786702937.797477,84.305434,2549,29.72,410.56,62.41,1.0000,0.641504,0.130018,412.25,333.51,0.9779,0.644142,0.694803
1786702937.836573,84.344531,2550,29.72,410.56,62.39,1.0000,0.641501,0.129974,412.36,333.54,0.9779,0.644314,0.694870
1786702937.868915,84.376872,2551,29.72,410.61,62.38,1.0000,0.641572,0.129967,412.37,333.62,0.9780,0.644330,0.695043
1786702937.908073,84.416031,2552,29.72,410.61,62.38,1.0000,0.641574,0.129965,412.43,333.66,0.9780,0.644423,0.695124
1786702937.921111,84.429069,2553,29.72,410.59,62.38,1.0000,0.641541,0.129952,412.37,333.66,0.9782,0.644325,0.695132
1786702937.947152,84.455109,2554,29.72,410.59,62.36,1.0000,0.641542,0.129926,412.36,333.68,0.9786,0.644314,0.695169
1786702937.992649,84.500606,2555,29.72,410.34,62.37,1.0000,0.641151,0.129928,412.30,333.68,0.9788,0.644212,0.695168
1786702938.029900,84.537857,2556,29.72,410.35,62.32,1.0000,0.641178,0.129825,412.20,333.70,0.9791,0.644057,0.695214
1786702938.061928,84.569885,2557,29.72,410.39,62.33,1.0000,0.641242,0.129857,412.08,333.67,0.9794,0.643874,0.695141
1786702938.099173,84.607131,2558,29.72,410.43,62.35,1.0000,0.641295,0.129893,412.04,333.66,0.9792,0.643812,0.695120
1786702938.141504,84.649461,2559,29.72,410.30,62.21,1.0000,0.641091,0.129600,412.11,333.64,0.9793,0.643916,0.695091
1786702938.167980,84.675937,2560,29.99,410.31,62.23,1.0000,0.641106,0.129640,412.00,333.64,0.9792,0.643751,0.695093
1786702938.210906,84.718864,2561,29.99,410.16,62.11,1.0000,0.640869,0.129406,412.09,333.61,0.9795,0.643887,0.695024
1786702938.224004,84.731961,2562,29.99,410.09,62.11,1.0000,0.640768,0.129405,412.11,333.64,0.9798,0.643922,0.695089
1786702938.274305,84.782262,2563,29.99,410.06,62.21,1.0000,0.640717,0.129599,412.13,333.55,0.9797,0.643961,0.694898
1786702938.306519,84.814477,2564,29.99,410.08,62.37,1.0000,0.640748,0.129942,412.16,333.55,0.9800,0.643999,0.694896
1786702938.341353,84.849310,2565,29.99,409.80,62.48,1.0000,0.640317,0.130175,412.20,333.58,0.9798,0.644069,0.694960
1786702938.372781,84.880738,2566,29.99,409.74,62.56,1.0000,0.640215,0.130325,412.24,333.58,0.9794,0.644123,0.694949
1786702938.435334,84.943291,2567,29.99,409.32,62.68,1.0000,0.639564,0.130588,412.65,333.61,0.9791,0.644765,0.695017
1786702938.465415,84.973373,2568,29.99,409.17,62.72,1.0000,0.639335,0.130672,412.66,333.51,0.9789,0.644774,0.694818
1786702938.478521,84.986478,2569,29.99,409.21,62.90,1.0000,0.639393,0.131047,412.63,333.63,0.9790,0.644731,0.695063
1786702938.506160,85.014117,2570,29.99,409.21,62.78,1.0000,0.639386,0.130798,412.63,333.63,0.9786,0.644733,0.695067
1786702938.548103,85.056061,2571,29.99,409.21,62.86,1.0000,0.639386,0.130948,412.59,333.57,0.9787,0.644665,0.694931
1786702938.574732,85.082690,2572,29.99,409.18,62.86,1.0000,0.639348,0.130951,412.62,333.55,0.9788,0.644712,0.694901
1786702938.608431,85.116388,2573,29.99,409.19,62.91,1.0000,0.639367,0.131061,412.61,333.67,0.9789,0.644698,0.695145
1786702938.640695,85.148652,2574,29.99,409.15,63.00,1.0000,0.639290,0.131241,412.66,333.60,0.9788,0.644783,0.695010
1786702938.662520,85.170478,2575,29.99,409.16,63.04,1.0000,0.639312,0.131325,412.60,333.60,0.9789,0.644684,0.694993
1786702938.717418,85.225375,2576,29.76,409.14,63.00,1.0000,0.639284,0.131260,412.59,333.56,0.9788,0.644673,0.694922
1786702938.740540,85.248497,2577,29.76,409.13,63.02,1.0000,0.639268,0.131286,412.54,333.54,0.9788,0.644599,0.694872
1786702938.764662,85.272619,2578,29.76,409.13,63.02,1.0000,0.639273,0.131288,412.51,333.52,0.9785,0.644540,0.694842
1786702938.799060,85.307018,2579,29.76,409.13,62.96,1.0000,0.639271,0.131175,412.49,333.45,0.9786,0.644512,0.694683
1786702938.837090,85.345047,2580,29.76,409.23,63.02,1.0000,0.639428,0.131298,412.48,333.70,0.9786,0.644500,0.695204
1786702938.870569,85.378526,2581,29.76,409.31,62.77,1.0000,0.639541,0.130776,412.40,333.70,0.9787,0.644376,0.695199
1786702938.902577,85.410535,2582,29.76,409.31,62.77,1.0000,0.639539,0.130778,412.42,333.79,0.9787,0.644410,0.695387
1786702938.928813,85.436770,2583,29.76,409.28,62.76,1.0000,0.639498,0.130758,412.45,333.81,0.9790,0.644447,0.695440
1786702938.958503,85.466460,2584,29.76,409.36,62.94,1.0000,0.639628,0.131128,412.38,333.83,0.9793,0.644343,0.695483
1786702938.987432,85.495389,2585,29.76,409.38,62.95,1.0000,0.639653,0.131148,412.38,333.89,0.9794,0.644339,0.695601
1786702939.024295,85.532253,2586,29.76,409.35,62.90,1.0000,0.639605,0.131037,412.37,333.94,0.9794,0.644327,0.695715
1786702939.064482,85.572439,2587,29.76,409.39,62.74,1.0000,0.639665,0.130718,412.43,334.00,0.9795,0.644418,0.695844
1786702939.088124,85.596081,2588,29.76,409.39,62.77,1.0000,0.639672,0.130774,412.43,334.03,0.9793,0.644414,0.695898
1786702939.125759,85.633716,2589,29.76,409.08,62.82,1.0000,0.639183,0.130867,412.48,334.09,0.9789,0.644498,0.696021
1786702939.154695,85.662652,2590,29.76,409.13,62.82,1.0000,0.639260,0.130868,412.48,334.09,0.9790,0.644504,0.696031
1786702939.194526,85.702483,2591,29.76,409.12,62.82,1.0000,0.639253,0.130866,412.48,333.54,0.9787,0.644497,0.694873
1786702939.242656,85.750613,2592,29.95,408.94,62.82,1.0000,0.638973,0.130874,412.53,333.62,0.9781,0.644575,0.695043
1786702939.258551,85.766508,2593,29.95,409.27,62.74,1.0000,0.639490,0.130703,412.51,333.65,0.9783,0.644543,0.695107
1786702939.315410,85.823368,2594,29.95,409.27,62.55,1.0000,0.639481,0.130314,412.51,333.45,0.9781,0.644541,0.694688
1786702939.338583,85.846540,2595,29.95,409.28,62.55,1.0000,0.639502,0.130315,412.50,333.36,0.9780,0.644534,0.694495
1786702939.356278,85.864235,2596,29.95,409.35,62.56,1.0000,0.639603,0.130333,412.42,333.35,0.9783,0.644401,0.694488
1786702939.393622,85.901579,2597,29.95,409.34,62.62,1.0000,0.639594,0.130462,412.35,333.40,0.9783,0.644293,0.694577
1786702939.442944,85.950902,2598,29.95,409.34,62.60,1.0000,0.639595,0.130419,412.34,333.43,0.9779,0.644288,0.694650
1786702939.476106,85.984063,2599,29.95,409.40,62.67,1.0000,0.639692,0.130566,412.35,333.50,0.9781,0.644292,0.694791
1786702939.499522,86.007479,2600,29.95,409.41,62.67,1.0000,0.639706,0.130567,412.32,333.55,0.9781,0.644254,0.694892
1786702939.533690,86.041648,2601,29.95,409.41,62.67,1.0000,0.639707,0.130566,412.30,333.51,0.9781,0.644216,0.694820
1786702939.569994,86.077951,2602,29.95,409.49,62.68,1.0000,0.639830,0.130582,412.29,333.53,0.9783,0.644200,0.694855
1786702939.592628,86.100586,2603,29.95,409.63,62.68,1.0000,0.640049,0.130590,412.27,333.56,0.9783,0.644170,0.694910
1786702939.637840,86.145797,2604,29.95,409.98,62.62,1.0000,0.640587,0.130468,412.25,333.73,0.9785,0.644144,0.695264
1786702939.671907,86.179865,2605,29.95,409.97,62.31,1.0000,0.640571,0.129812,412.34,333.83,0.9782,0.644282,0.695470
1786702939.730879,86.238836,2606,29.95,410.16,62.28,1.0000,0.640877,0.129756,412.35,333.85,0.9787,0.644303,0.695529
1786702939.744997,86.252955,2607,29.95,410.17,62.28,1.0000,0.640893,0.129758,412.31,333.79,0.9788,0.644237,0.695388
1786702939.778400,86.286358,2608,29.98,410.23,62.27,1.0000,0.640987,0.129736,412.25,333.64,0.9788,0.644135,0.695086
1786702939.806601,86.314559,2609,29.98,410.27,62.26,1.0000,0.641045,0.129714,412.24,333.69,0.9792,0.644125,0.695191
1786702939.842449,86.350407,2610,29.98,410.28,62.13,1.0000,0.641068,0.129433,412.37,333.79,0.9784,0.644322,0.695386
1786702939.863232,86.371189,2611,29.98,410.32,62.01,1.0000,0.641120,0.129188,412.29,333.73,0.9788,0.644197,0.695266
1786702939.892391,86.400349,2612,29.98,410.35,61.94,1.0000,0.641171,0.129037,412.30,333.70,0.9791,0.644223,0.695217
1786702939.935616,86.443573,2613,29.98,410.42,61.97,1.0000,0.641276,0.129098,412.24,333.81,0.9796,0.644122,0.695444
1786702939.972438,86.480395,2614,29.98,410.43,61.90,1.0000,0.641294,0.128955,412.17,333.78,0.9798,0.644018,0.695370
1786702940.002236,86.510194,2615,29.98,410.45,61.85,1.0000,0.641327,0.128858,412.18,333.82,0.9797,0.644031,0.695462
1786702940.033755,86.541712,2616,29.98,410.45,61.72,1.0000,0.641329,0.128593,412.35,333.80,0.9794,0.644303,0.695422
1786702940.068126,86.576084,2617,29.98,410.50,61.67,1.0000,0.641408,0.128478,412.13,333.80,0.9798,0.643961,0.695415
1786702940.081274,86.589231,2618,29.98,410.50,61.66,1.0000,0.641412,0.128466,412.25,333.90,0.9800,0.644136,0.695621
1786702940.133706,86.641663,2619,29.98,410.51,61.65,1.0000,0.641422,0.128438,412.23,333.85,0.9801,0.644106,0.695520
1786702940.170446,86.678404,2620,29.98,410.50,61.64,1.0000,0.641402,0.128417,412.14,333.80,0.9801,0.643962,0.695407
1786702940.200009,86.707967,2621,29.98,410.49,61.63,1.0000,0.641385,0.128403,412.09,333.77,0.9802,0.643890,0.695364
1786702940.234825,86.742782,2622,29.98,410.47,61.60,1.0000,0.641352,0.128330,412.08,333.82,0.9801,0.643868,0.695466
1786702940.274308,86.782266,2623,29.95,410.45,61.55,1.0000,0.641329,0.128219,412.20,333.83,0.9796,0.644055,0.695482
1786702940.287850,86.795808,2624,29.95,410.48,61.52,1.0000,0.641375,0.128156,412.19,333.85,0.9798,0.644047,0.695512
1786702940.341435,86.849393,2625,29.95,410.45,61.49,1.0000,0.641330,0.128106,412.21,333.95,0.9797,0.644084,0.695722
1786702940.373954,86.881912,2626,29.95,410.47,61.52,1.0000,0.641367,0.128177,412.16,333.93,0.9800,0.643996,0.695691
1786702940.402497,86.910455,2627,29.95,410.56,61.57,1.0000,0.641493,0.128269,412.10,333.79,0.9802,0.643903,0.695402
1786702940.440151,86.948108,2628,29.95,410.68,61.62,1.0000,0.641685,0.128385,412.03,333.81,0.9800,0.643792,0.695430
1786702940.473160,86.981117,2629,29.95,410.47,61.58,1.0000,0.641365,0.128285,412.04,333.69,0.9793,0.643805,0.695192
1786702940.490685,86.998642,2630,29.95,410.48,61.60,1.0000,0.641379,0.128326,411.98,333.89,0.9796,0.643715,0.695597
1786702940.535616,87.043574,2631,29.95,410.48,61.54,1.0000,0.641382,0.128217,412.03,333.96,0.9798,0.643799,0.695747
1786702940.575049,87.083007,2632,29.95,410.54,61.55,1.0000,0.641471,0.128238,412.02,334.12,0.9801,0.643789,0.696092
1786702940.594703,87.102661,2633,29.95,410.61,61.49,1.0000,0.641583,0.128103,412.07,334.21,0.9801,0.643858,0.696279
1786702940.631064,87.139022,2634,29.95,410.61,61.49,1.0000,0.641585,0.128106,412.01,334.22,0.9797,0.643771,0.696285
1786702940.660410,87.168367,2635,29.95,410.63,61.48,1.0000,0.641602,0.128079,412.04,334.11,0.9795,0.643818,0.696054
1786702940.699713,87.207671,2636,29.95,410.92,61.46,1.0000,0.642056,0.128034,412.04,334.10,0.9796,0.643809,0.696047
1786702940.737081,87.245039,2637,29.95,411.00,61.45,1.0000,0.642194,0.128026,412.04,333.93,0.9797,0.643813,0.695698
1786702940.771947,87.279904,2638,29.95,411.09,61.52,1.0000,0.642322,0.128176,412.04,333.96,0.9799,0.643815,0.695756
1786702940.806089,87.314047,2639,29.98,411.17,61.52,1.0000,0.642458,0.128174,412.04,333.99,0.9800,0.643809,0.695811
1786702940.835220,87.343178,2640,29.98,411.17,61.53,1.0000,0.642458,0.128189,412.02,334.09,0.9801,0.643779,0.696020
1786702940.866895,87.374852,2641,29.98,411.16,61.48,1.0000,0.642444,0.128094,412.02,334.08,0.9800,0.643785,0.695996
1786702940.896185,87.404143,2642,29.98,411.35,61.47,1.0000,0.642736,0.128058,412.00,334.16,0.9802,0.643752,0.696160
1786702940.929924,87.437881,2643,29.98,411.41,61.39,1.0000,0.642831,0.127893,412.01,334.16,0.9805,0.643773,0.696160
1786702940.961742,87.469699,2644,29.98,411.47,61.32,1.0000,0.642919,0.127751,412.01,334.00,0.9802,0.643764,0.695837
1786702941.003914,87.511871,2645,29.98,411.73,61.22,1.0000,0.643323,0.127543,411.99,333.98,0.9802,0.643731,0.695787
1786702941.019838,87.527796,2646,29.98,411.78,61.18,1.0000,0.643399,0.127465,411.98,333.80,0.9796,0.643721,0.695408
1786702941.063046,87.571003,2647,29.98,411.99,61.14,1.0000,0.643741,0.127367,411.93,333.91,0.9797,0.643639,0.695636
1786702941.108366,87.616323,2648,29.98,412.14,61.06,1.0000,0.643965,0.127203,411.92,333.75,0.9795,0.643621,0.695315
1786702941.136305,87.644263,2649,29.98,412.16,61.04,1.0000,0.644001,0.127165,411.89,333.79,0.9794,0.643581,0.695393
1786702941.150854,87.658811,2650,29.98,412.17,61.03,1.0000,0.644022,0.127152,412.08,333.83,0.9794,0.643874,0.695471
1786702941.200283,87.708241,2651,29.98,412.25,61.22,1.0000,0.644141,0.127542,412.08,333.82,0.9793,0.643872,0.695465
1786702941.226195,87.734152,2652,29.98,412.29,61.16,1.0000,0.644198,0.127424,412.11,333.76,0.9794,0.643922,0.695329
1786702941.281879,87.789836,2653,29.98,412.55,61.02,1.0000,0.644612,0.127128,412.41,333.77,0.9797,0.644396,0.695348
1786702941.297090,87.805047,2654,29.98,412.71,61.07,1.0000,0.644865,0.127223,412.45,333.76,0.9794,0.644455,0.695327
1786702941.330312,87.838269,2655,30.16,412.77,61.05,1.0000,0.644951,0.127184,412.44,333.49,0.9792,0.644434,0.694762
1786702941.375242,87.883199,2656,30.16,412.81,61.13,1.0000,0.645023,0.127360,412.57,333.71,0.9796,0.644648,0.695225
1786702941.398330,87.906288,2657,30.16,412.84,61.12,1.0000,0.645067,0.127343,412.52,333.73,0.9797,0.644559,0.695267
1786702941.440737,87.948694,2658,30.16,412.86,61.14,1.0000,0.645090,0.127378,412.61,333.67,0.9795,0.644699,0.695156
1786702941.469183,87.977141,2659,30.16,413.02,61.14,1.0000,0.645339,0.127367,412.59,333.46,0.9794,0.644670,0.694706
1786702941.508784,88.016742,2660,30.16,413.67,61.13,1.0000,0.646362,0.127364,412.51,333.07,0.9794,0.644544,0.693886
1786702941.540684,88.048642,2661,30.16,414.02,61.13,1.0000,0.646911,0.127355,412.44,333.01,0.9791,0.644437,0.693771
1786702941.571632,88.079590,2662,30.16,414.13,61.13,1.0000,0.647085,0.127364,412.45,332.99,0.9787,0.644456,0.693735
1786702941.598724,88.106682,2663,30.16,414.46,61.16,1.0000,0.647597,0.127414,412.43,333.08,0.9784,0.644418,0.693924
1786702941.632777,88.140735,2664,30.16,414.81,61.10,1.0000,0.648145,0.127290,412.45,333.41,0.9786,0.644457,0.694597
1786702941.675651,88.183608,2665,30.16,415.05,61.10,1.0000,0.648512,0.127292,412.39,333.41,0.9784,0.644358,0.694613
1786702941.690581,88.198539,2666,30.16,415.09,61.10,1.0000,0.648584,0.127285,412.35,333.41,0.9772,0.644295,0.694595
1786702941.733450,88.241407,2667,30.16,415.19,61.09,1.0000,0.648735,0.127261,412.28,333.39,0.9767,0.644182,0.694558
1786702941.772833,88.280791,2668,30.16,415.48,61.07,1.0000,0.649188,0.127233,412.25,333.43,0.9768,0.644148,0.694642
1786702941.799401,88.307359,2669,30.16,415.53,61.00,1.0000,0.649260,0.127088,412.26,333.41,0.9769,0.644157,0.694599
1786702941.815206,88.323164,2670,30.06,415.62,60.94,1.0000,0.649407,0.126963,412.26,333.41,0.9768,0.644157,0.694607
1786702941.876675,88.384633,2671,30.06,416.01,60.94,1.0000,0.650021,0.126960,412.21,333.51,0.9770,0.644081,0.694819
1786702941.882599,88.390557,2672,30.06,416.20,60.95,1.0000,0.650315,0.126970,412.21,333.45,0.9768,0.644080,0.694695
1786702941.953838,88.461796,2673,30.06,416.41,61.10,1.0000,0.650639,0.127298,412.23,333.40,0.9768,0.644113,0.694591
1786702941.968717,88.476675,2674,30.06,416.53,61.16,1.0000,0.650826,0.127418,412.21,333.51,0.9768,0.644075,0.694808
1786702942.001628,88.509585,2675,30.06,417.15,61.33,1.0000,0.651790,0.127761,412.14,333.39,0.9766,0.643975,0.694554
1786702942.033971,88.541928,2676,30.06,417.36,61.41,1.0000,0.652127,0.127933,412.15,333.45,0.9770,0.643978,0.694682
1786702942.078950,88.586907,2677,30.06,417.82,61.45,1.0000,0.652837,0.128016,412.15,333.59,0.9772,0.643985,0.694976
1786702942.086958,88.594916,2678,30.06,418.02,61.54,1.0000,0.653155,0.128214,412.17,333.73,0.9775,0.644017,0.695272
1786702942.135418,88.643376,2679,30.06,418.31,61.49,1.0000,0.653613,0.128102,412.23,333.66,0.9770,0.644111,0.695117
1786702942.169603,88.677560,2680,30.06,418.30,61.53,1.0000,0.653591,0.128183,412.24,333.68,0.9774,0.644118,0.695174
1786702942.201275,88.709232,2681,30.06,418.30,61.54,1.0000,0.653600,0.128219,412.42,333.70,0.9774,0.644405,0.695201
1786702942.235891,88.743849,2682,30.06,418.48,61.57,1.0000,0.653882,0.128273,412.42,333.76,0.9777,0.644408,0.695326
1786702942.283682,88.791639,2683,30.06,418.54,61.71,1.0000,0.653965,0.128554,412.34,333.63,0.9779,0.644275,0.695066
1786702942.300598,88.808555,2684,30.06,418.59,61.72,1.0000,0.654052,0.128583,412.34,333.67,0.9784,0.644289,0.695145
1786702942.339291,88.847249,2685,30.04,418.64,61.82,1.0000,0.654132,0.128799,412.31,333.58,0.9781,0.644237,0.694957
1786702942.367903,88.875861,2686,30.04,418.80,61.83,1.0000,0.654380,0.128807,412.42,333.55,0.9787,0.644401,0.694890
1786702942.410726,88.918684,2687,30.04,419.13,61.83,1.0000,0.654888,0.128812,412.25,333.49,0.9787,0.644147,0.694775
1786702942.437927,88.945885,2688,30.04,419.25,61.83,1.0000,0.655080,0.128816,412.22,333.50,0.9787,0.644092,0.694781
1786702942.477238,88.985196,2689,30.04,419.25,61.83,1.0000,0.655077,0.128820,412.22,333.56,0.9789,0.644094,0.694917
1786702942.500663,89.008620,2690,30.04,419.36,61.87,1.0000,0.655244,0.128899,412.26,333.56,0.9786,0.644156,0.694922
1786702942.537530,89.045487,2691,30.04,419.37,61.96,1.0000,0.655263,0.129092,412.27,333.60,0.9788,0.644175,0.694999
1786702942.569376,89.077333,2692,30.04,419.49,61.97,1.0000,0.655458,0.129111,412.28,333.61,0.9789,0.644188,0.695014
1786702942.608698,89.116656,2693,30.04,419.49,61.99,1.0000,0.655458,0.129136,412.30,333.82,0.9790,0.644218,0.695449
1786702942.648290,89.156248,2694,30.04,419.48,62.04,1.0000,0.655439,0.129252,412.27,333.78,0.9789,0.644176,0.695377
1786702942.668763,89.176721,2695,30.04,419.47,62.04,1.0000,0.655428,0.129258,412.25,333.75,0.9787,0.644133,0.695304
1786702942.697165,89.205122,2696,30.04,419.40,62.05,1.0000,0.655320,0.129264,412.23,333.86,0.9788,0.644116,0.695549
1786702942.744350,89.252307,2697,30.04,419.39,62.05,1.0000,0.655299,0.129271,412.25,333.87,0.9789,0.644137,0.695564
1786702942.759310,89.267267,2698,30.04,419.38,62.06,1.0000,0.655281,0.129282,412.24,333.80,0.9790,0.644130,0.695422
1786702942.803382,89.311339,2699,30.04,419.38,62.05,1.0000,0.655279,0.129272,412.25,333.97,0.9791,0.644146,0.695763
1786702942.836892,89.344849,2700,29.96,419.26,62.13,1.0000,0.655091,0.129436,412.15,333.97,0.9787,0.643982,0.695762
1786702942.871568,89.379525,2701,29.96,419.27,62.13,1.0000,0.655103,0.129440,412.15,333.82,0.9787,0.643981,0.695461
1786702942.901369,89.409327,2702,29.96,419.23,62.23,1.0000,0.655050,0.129642,412.07,333.86,0.9784,0.643852,0.695547
1786702942.933014,89.440971,2703,29.96,419.27,62.22,1.0000,0.655103,0.129629,412.07,333.68,0.9781,0.643862,0.695167
1786702942.972027,89.479984,2704,29.96,419.26,62.23,1.0000,0.655092,0.129654,412.21,333.82,0.9786,0.644078,0.695465
1786702943.004050,89.512008,2705,29.96,419.25,62.25,1.0000,0.655080,0.129682,412.27,333.98,0.9787,0.644173,0.695784
1786702943.033562,89.541519,2706,29.96,419.18,62.34,1.0000,0.654971,0.129882,412.30,333.94,0.9787,0.644213,0.695711
1786702943.059602,89.567559,2707,29.96,419.08,62.38,1.0000,0.654815,0.129956,412.31,333.93,0.9790,0.644238,0.695696
1786702943.099950,89.607908,2708,29.96,418.84,62.38,1.0000,0.654441,0.129962,412.29,333.81,0.9791,0.644210,0.695439
1786702943.131003,89.638961,2709,29.96,418.82,62.38,1.0000,0.654402,0.129965,412.28,333.68,0.9791,0.644193,0.695173
1786702943.166625,89.674582,2710,29.96,418.79,62.55,1.0000,0.654361,0.130309,412.25,333.66,0.9788,0.644136,0.695126
1786702943.230016,89.737973,2711,29.96,418.84,62.47,1.0000,0.654436,0.130140,412.25,333.84,0.9790,0.644138,0.695509
1786702943.245162,89.753119,2712,29.96,418.84,62.47,1.0000,0.654435,0.130147,412.23,333.84,0.9790,0.644106,0.695507
1786702943.269696,89.777654,2713,29.96,418.84,62.48,1.0000,0.654435,0.130175,412.23,333.80,0.9791,0.644111,0.695415
1786702943.298407,89.806364,2714,29.96,418.84,62.48,1.0000,0.654436,0.130165,412.28,333.81,0.9794,0.644191,0.695440
1786702943.333492,89.841450,2715,29.96,418.82,62.58,1.0000,0.654411,0.130372,412.27,333.80,0.9793,0.644179,0.695408
1786702943.370105,89.878063,2716,29.97,418.79,62.60,1.0000,0.654364,0.130413,412.20,333.64,0.9790,0.644069,0.695088
1786702943.417448,89.925406,2717,29.97,418.76,62.60,1.0000,0.654317,0.130416,412.42,333.68,0.9793,0.644403,0.695173
1786702943.434550,89.942507,2718,29.97,418.73,62.61,1.0000,0.654262,0.130431,412.42,333.74,0.9792,0.644412,0.695299
1786702943.478308,89.986265,2719,29.97,418.79,62.69,1.0000,0.654355,0.130601,412.32,333.73,0.9791,0.644244,0.695266
1786702943.495103,90.003060,2720,29.97,418.78,62.71,1.0000,0.654338,0.130639,412.36,333.72,0.9789,0.644316,0.695260
1786702943.584147,90.092104,2721,29.97,418.70,62.74,1.0000,0.654218,0.130716,412.38,333.68,0.9793,0.644345,0.695167
1786702943.601217,90.109174,2722,29.97,418.58,62.74,1.0000,0.654031,0.130709,412.27,333.47,0.9788,0.644166,0.694730
1786702943.622658,90.130616,2723,29.97,418.58,62.74,1.0000,0.654032,0.130701,412.26,333.54,0.9792,0.644161,0.694867
1786702943.644684,90.152642,2724,29.97,418.60,62.73,1.0000,0.654064,0.130681,412.24,333.43,0.9789,0.644119,0.694649
1786702943.673432,90.181390,2725,29.97,418.57,62.73,1.0000,0.654021,0.130684,412.26,333.44,0.9791,0.644161,0.694663
1786702943.705266,90.213223,2726,29.97,418.37,62.73,1.0000,0.653708,0.130682,412.26,333.52,0.9789,0.644149,0.694823
1786702943.739596,90.247554,2727,29.97,418.23,62.72,1.0000,0.653488,0.130674,412.28,333.51,0.9793,0.644191,0.694803
1786702943.785473,90.293430,2728,29.97,418.11,62.74,1.0000,0.653303,0.130700,412.30,333.57,0.9792,0.644214,0.694937
1786702943.799608,90.307566,2729,29.97,418.08,62.73,1.0000,0.653255,0.130680,412.28,333.56,0.9785,0.644191,0.694913
1786702943.841859,90.349816,2730,29.97,418.08,62.81,1.0000,0.653250,0.130852,412.24,333.57,0.9784,0.644125,0.694947
1786702943.879685,90.387643,2731,29.92,417.98,62.81,1.0000,0.653095,0.130852,412.34,333.34,0.9781,0.644280,0.694467
1786702943.905768,90.413726,2732,29.92,417.99,62.73,1.0000,0.653111,0.130691,412.34,333.37,0.9781,0.644277,0.694517
1786702943.940971,90.448928,2733,29.92,417.89,62.73,1.0000,0.652949,0.130685,412.33,333.38,0.9778,0.644273,0.694548
1786702943.978284,90.486241,2734,29.92,417.85,62.73,1.0000,0.652887,0.130684,412.27,333.45,0.9782,0.644167,0.694678
1786702944.002507,90.510465,2735,29.92,417.80,62.72,1.0000,0.652815,0.130665,412.27,333.48,0.9781,0.644167,0.694754
1786702944.036050,90.544007,2736,29.92,417.71,62.76,1.0000,0.652679,0.130752,412.25,333.49,0.9782,0.644140,0.694776
1786702944.079871,90.587828,2737,29.92,417.26,62.75,1.0000,0.651969,0.130726,412.25,333.49,0.9779,0.644143,0.694777
1786702944.102465,90.610423,2738,29.92,417.20,62.71,1.0000,0.651870,0.130651,412.27,333.61,0.9784,0.644179,0.695022
1786702944.145101,90.653058,2739,29.92,416.94,62.74,1.0000,0.651472,0.130718,412.18,333.60,0.9776,0.644027,0.694993
1786702944.170653,90.678610,2740,29.92,416.92,62.69,1.0000,0.651432,0.130595,412.15,333.71,0.9776,0.643977,0.695233
1786702944.206378,90.714335,2741,29.92,416.56,62.66,1.0000,0.650870,0.130532,412.21,333.72,0.9779,0.644076,0.695243
1786702944.239344,90.747302,2742,29.92,416.53,62.67,1.0000,0.650829,0.130569,412.21,333.68,0.9779,0.644074,0.695175
1786702944.266736,90.774694,2743,29.92,416.49,62.68,1.0000,0.650758,0.130578,412.22,333.69,0.9779,0.644086,0.695187
1786702944.309101,90.817059,2744,29.92,416.42,62.73,1.0000,0.650660,0.130685,412.01,333.77,0.9781,0.643759,0.695364
1786702944.341015,90.848973,2745,29.92,416.41,62.85,1.0000,0.650635,0.130943,411.98,333.74,0.9779,0.643723,0.695299
1786702944.363855,90.871813,2746,29.92,416.26,62.85,1.0000,0.650409,0.130947,411.98,333.76,0.9780,0.643723,0.695339
1786702944.395846,90.903803,2747,30.06,416.25,62.94,1.0000,0.650393,0.131120,411.99,333.67,0.9775,0.643736,0.695150
1786702944.441194,90.949151,2748,30.06,416.25,63.17,1.0000,0.650392,0.131611,412.02,333.65,0.9778,0.643782,0.695101
1786702944.468354,90.976311,2749,30.06,416.24,63.15,1.0000,0.650368,0.131571,412.04,333.63,0.9777,0.643805,0.695063
1786702944.505037,91.012994,2750,30.06,416.12,63.15,1.0000,0.650185,0.131571,412.04,333.71,0.9775,0.643817,0.695233
1786702944.531807,91.039765,2751,30.06,416.11,63.17,1.0000,0.650164,0.131595,412.07,333.62,0.9778,0.643862,0.695038
1786702944.571969,91.079926,2752,30.06,416.00,63.24,1.0000,0.650005,0.131740,412.09,333.72,0.9778,0.643892,0.695243
1786702944.602844,91.110802,2753,30.06,416.00,63.23,1.0000,0.650003,0.131730,412.12,333.76,0.9778,0.643938,0.695333
1786702944.640389,91.148346,2754,30.06,415.99,63.23,1.0000,0.649985,0.131730,412.13,333.76,0.9776,0.643947,0.695336
1786702944.667443,91.175400,2755,30.06,415.99,63.23,1.0000,0.649983,0.131739,412.19,333.80,0.9779,0.644044,0.695407
1786702944.699197,91.207154,2756,30.06,415.97,63.24,1.0000,0.649954,0.131755,412.19,333.75,0.9780,0.644041,0.695313
1786702944.735901,91.243858,2757,30.06,415.96,63.38,1.0000,0.649932,0.132040,412.22,333.77,0.9782,0.644093,0.695364
1786702944.769995,91.277952,2758,30.06,415.98,63.38,1.0000,0.649968,0.132036,412.25,333.87,0.9779,0.644144,0.695566
1786702944.789686,91.297643,2759,30.06,416.00,63.37,1.0000,0.650005,0.132022,412.27,333.72,0.9777,0.644169,0.695246
1786702944.857716,91.365674,2760,30.06,416.13,63.36,1.0000,0.650210,0.131997,412.26,333.56,0.9777,0.644163,0.694924
1786702944.871865,91.379822,2761,30.06,416.14,63.36,1.0000,0.650213,0.132000,412.25,333.43,0.9776,0.644133,0.694644
1786702944.898161,91.406119,2762,30.06,416.17,63.36,1.0000,0.650263,0.132000,412.25,333.46,0.9776,0.644145,0.694700
1786702944.932680,91.440637,2763,30.01,416.16,63.24,1.0000,0.650254,0.131757,412.24,333.42,0.9774,0.644123,0.694635
1786702944.974847,91.482805,2764,30.01,416.18,63.28,1.0000,0.650275,0.131841,412.25,333.38,0.9771,0.644135,0.694552
1786702945.006445,91.514403,2765,30.01,416.19,63.28,1.0000,0.650290,0.131837,412.26,333.37,0.9774,0.644157,0.694530
1786702945.029993,91.537950,2766,30.01,416.18,63.28,1.0000,0.650277,0.131832,412.26,333.43,0.9774,0.644160,0.694640
1786702945.059162,91.567119,2767,30.01,416.10,63.24,1.0000,0.650162,0.131741,412.30,333.54,0.9777,0.644212,0.694875
1786702945.096128,91.604085,2768,30.01,416.01,63.24,1.0000,0.650013,0.131742,412.31,333.61,0.9778,0.644235,0.695026
1786702945.127692,91.635650,2769,30.01,415.95,63.03,1.0000,0.649916,0.131303,412.51,333.59,0.9781,0.644549,0.694975
1786702945.186805,91.694762,2770,30.01,415.97,62.82,1.0000,0.649961,0.130866,412.46,333.60,0.9778,0.644466,0.694998
1786702945.215029,91.722986,2771,30.01,416.03,62.81,1.0000,0.650050,0.130863,412.41,333.56,0.9780,0.644387,0.694912
1786702945.234197,91.742155,2772,30.01,416.03,62.92,1.0000,0.650039,0.131076,412.44,333.56,0.9780,0.644444,0.694907
1786702945.292098,91.800055,2773,30.01,416.06,62.96,1.0000,0.650095,0.131176,412.33,333.56,0.9780,0.644263,0.694923
1786702945.310010,91.817967,2774,30.01,416.06,63.03,1.0000,0.650095,0.131323,412.33,333.53,0.9778,0.644264,0.694859
1786702945.332268,91.840225,2775,30.01,416.19,63.04,1.0000,0.650299,0.131340,412.29,333.58,0.9779,0.644208,0.694954
1786702945.377028,91.884985,2776,30.01,416.11,63.05,1.0000,0.650177,0.131357,412.26,333.43,0.9776,0.644150,0.694650
1786702945.398386,91.906343,2777,30.01,416.29,63.05,1.0000,0.650447,0.131362,412.25,333.48,0.9774,0.644146,0.694746
1786702945.436141,91.944098,2778,30.01,416.21,63.09,1.0000,0.650324,0.131433,412.20,333.32,0.9772,0.644068,0.694424
1786702945.471054,91.979011,2779,30.02,416.29,63.18,1.0000,0.650457,0.131627,412.27,333.36,0.9776,0.644166,0.694504
1786702945.503339,92.011296,2780,30.02,416.36,63.29,1.0000,0.650568,0.131858,412.34,333.38,0.9778,0.644284,0.694544
1786702945.543286,92.051244,2781,30.02,416.40,63.35,1.0000,0.650626,0.131987,412.26,333.36,0.9781,0.644159,0.694502
1786702945.573416,92.081374,2782,30.02,416.49,63.38,1.0000,0.650771,0.132032,412.42,333.33,0.9782,0.644401,0.694433
1786702945.622367,92.130325,2783,30.02,416.50,63.43,1.0000,0.650776,0.132136,412.40,333.19,0.9784,0.644379,0.694147
1786702945.637581,92.145539,2784,30.02,416.50,63.41,1.0000,0.650781,0.132112,412.33,333.08,0.9782,0.644271,0.693906
1786702945.661778,92.169735,2785,30.02,416.62,63.48,1.0000,0.650962,0.132260,412.23,333.09,0.9784,0.644114,0.693929
1786702945.696410,92.204368,2786,30.02,416.61,63.46,1.0000,0.650961,0.132218,412.24,333.06,0.9785,0.644120,0.693869
1786702945.735861,92.243819,2787,30.02,416.74,63.51,1.0000,0.651152,0.132322,412.14,333.07,0.9787,0.643968,0.693892
1786702945.772929,92.280887,2788,30.02,416.75,63.52,1.0000,0.651167,0.132331,412.09,333.05,0.9781,0.643886,0.693852
1786702945.804227,92.312184,2789,30.02,416.73,63.52,1.0000,0.651147,0.132329,412.10,333.06,0.9783,0.643907,0.693867
1786702945.849021,92.356978,2790,30.02,416.84,63.52,1.0000,0.651316,0.132341,412.09,333.06,0.9785,0.643885,0.693871
1786702945.870548,92.378506,2791,30.02,416.86,63.51,1.0000,0.651343,0.132314,412.04,333.01,0.9784,0.643809,0.693778
1786702945.907542,92.415499,2792,30.02,416.96,63.51,1.0000,0.651498,0.132308,412.05,332.95,0.9786,0.643834,0.693651
1786702945.941574,92.449531,2793,30.02,416.98,63.52,1.0000,0.651539,0.132329,412.01,332.88,0.9783,0.643759,0.693493
1786702945.975546,92.483503,2794,29.91,416.98,63.51,1.0000,0.651538,0.132307,412.21,332.93,0.9787,0.644075,0.693605
1786702945.993470,92.501427,2795,29.91,416.99,63.39,1.0000,0.651549,0.132065,412.16,332.89,0.9786,0.644004,0.693527
1786702946.033480,92.541438,2796,29.91,417.00,63.41,1.0000,0.651562,0.132113,412.18,332.97,0.9789,0.644034,0.693689
1786702946.066690,92.574647,2797,29.91,416.80,63.40,1.0000,0.651254,0.132094,412.16,332.89,0.9787,0.644001,0.693527
1786702946.133785,92.641743,2798,29.91,416.79,63.36,1.0000,0.651235,0.131995,412.62,332.91,0.9793,0.644725,0.693565
1786702946.148237,92.656195,2799,29.91,416.75,63.31,1.0000,0.651169,0.131896,412.67,332.92,0.9792,0.644795,0.693573
1786702946.176013,92.683970,2800,29.91,416.70,63.32,1.0000,0.651094,0.131916,412.62,332.92,0.9793,0.644716,0.693592
1786702946.205373,92.713330,2801,29.91,416.71,63.32,1.0000,0.651112,0.131924,412.61,332.96,0.9794,0.644706,0.693671
1786702946.234703,92.742661,2802,29.91,416.65,63.32,1.0000,0.651020,0.131923,412.43,332.84,0.9790,0.644426,0.693414
1786702946.271541,92.779498,2803,29.91,416.83,63.33,1.0000,0.651297,0.131937,412.24,332.86,0.9791,0.644122,0.693459
1786702946.301376,92.809334,2804,29.91,416.69,63.20,1.0000,0.651081,0.131669,412.25,332.77,0.9790,0.644137,0.693278
1786702946.341495,92.849453,2805,29.91,416.71,63.20,1.0000,0.651104,0.131676,412.29,332.88,0.9792,0.644208,0.693498
1786702946.373233,92.881191,2806,29.91,416.70,63.21,1.0000,0.651100,0.131685,412.23,332.90,0.9788,0.644109,0.693537
1786702946.410577,92.918534,2807,29.91,416.70,63.21,1.0000,0.651096,0.131685,412.26,333.02,0.9790,0.644157,0.693790
1786702946.436859,92.944816,2808,29.91,416.65,63.21,1.0000,0.651018,0.131684,412.20,333.15,0.9783,0.644056,0.694066
1786702946.471316,92.979273,2809,29.91,416.65,63.18,1.0000,0.651019,0.131618,412.20,333.39,0.9784,0.644058,0.694563
1786702946.507563,93.015520,2810,29.96,416.61,63.19,1.0000,0.650953,0.131642,412.20,333.23,0.9778,0.644056,0.694238
1786702946.531768,93.039725,2811,29.96,416.59,63.15,1.0000,0.650925,0.131559,412.21,333.32,0.9781,0.644085,0.694418
1786702946.571329,93.079287,2812,29.96,416.59,63.13,1.0000,0.650930,0.131525,412.23,333.43,0.9777,0.644111,0.694655
1786702946.616573,93.124530,2813,29.96,416.60,63.15,1.0000,0.650943,0.131562,412.30,333.57,0.9778,0.644223,0.694946
1786702946.627394,93.135352,2814,29.96,416.65,63.13,1.0000,0.651018,0.131516,412.29,333.64,0.9779,0.644208,0.695085
1786702946.670054,93.178011,2815,29.96,416.65,63.11,1.0000,0.651018,0.131474,412.29,333.63,0.9776,0.644199,0.695062
1786702946.704367,93.212324,2816,29.96,416.65,63.10,1.0000,0.651010,0.131464,412.31,333.87,0.9775,0.644229,0.695572
1786702946.733654,93.241612,2817,29.96,416.66,63.07,1.0000,0.651028,0.131387,412.30,333.92,0.9776,0.644213,0.695675
1786702946.764554,93.272511,2818,29.96,416.56,63.07,1.0000,0.650876,0.131389,412.34,333.91,0.9773,0.644283,0.695639
1786702946.810060,93.318018,2819,29.96,416.56,63.06,1.0000,0.650874,0.131373,412.37,333.87,0.9772,0.644326,0.695565
1786702946.838444,93.346402,2820,29.96,416.48,63.05,1.0000,0.650750,0.131354,412.37,333.83,0.9773,0.644335,0.695480
1786702946.867214,93.375171,2821,29.96,416.57,63.05,1.0000,0.650883,0.131347,412.38,333.78,0.9777,0.644351,0.695380
1786702946.899448,93.407405,2822,29.96,416.57,63.02,1.0000,0.650888,0.131300,412.38,333.82,0.9775,0.644344,0.695451
1786702946.936026,93.443983,2823,29.96,416.56,63.02,1.0000,0.650870,0.131296,412.33,333.82,0.9776,0.644260,0.695462
1786702946.959649,93.467606,2824,29.96,416.60,63.02,1.0000,0.650934,0.131296,412.33,333.80,0.9776,0.644265,0.695416
1786702946.996936,93.504893,2825,29.96,416.64,63.11,1.0000,0.651004,0.131472,412.33,333.80,0.9773,0.644265,0.695412
1786702947.031675,93.539633,2826,30.12,416.67,63.11,1.0000,0.651049,0.131471,412.36,333.72,0.9776,0.644314,0.695253
1786702947.071463,93.579420,2827,30.12,416.68,63.14,1.0000,0.651056,0.131545,412.36,333.71,0.9777,0.644306,0.695236
1786702947.089765,93.597722,2828,30.12,416.67,63.09,1.0000,0.651043,0.131446,412.34,333.64,0.9775,0.644277,0.695090
1786702947.138096,93.646054,2829,30.12,416.67,63.10,1.0000,0.651039,0.131449,412.39,333.62,0.9777,0.644365,0.695050
1786702947.151256,93.659213,2830,30.12,416.88,63.04,1.0000,0.651371,0.131338,412.13,333.68,0.9771,0.643945,0.695159
1786702947.200901,93.708859,2831,30.12,416.83,62.89,1.0000,0.651295,0.131028,412.12,333.73,0.9768,0.643943,0.695261
1786702947.243474,93.751431,2832,30.12,416.81,62.87,1.0000,0.651272,0.130980,412.13,333.69,0.9771,0.643960,0.695183
1786702947.269892,93.777850,2833,30.12,416.81,62.75,1.0000,0.651265,0.130740,412.14,333.67,0.9769,0.643967,0.695148
1786702947.304166,93.812124,2834,30.12,416.60,62.76,1.0000,0.650940,0.130743,412.11,333.68,0.9768,0.643920,0.695170
1786702947.332955,93.840913,2835,30.12,416.27,62.76,1.0000,0.650417,0.130748,412.13,333.61,0.9770,0.643954,0.695026
1786702947.411027,93.918985,2836,30.12,416.27,62.75,1.0000,0.650419,0.130735,411.94,333.53,0.9767,0.643661,0.694853
1786702947.413595,93.921553,2837,30.12,416.23,62.74,1.0000,0.650359,0.130699,411.94,333.48,0.9762,0.643656,0.694749
1786702947.446491,93.954448,2838,30.12,416.23,62.74,1.0000,0.650359,0.130707,411.95,333.49,0.9765,0.643678,0.694772
1786702947.474483,93.982441,2839,30.12,416.21,62.72,1.0000,0.650328,0.130658,411.97,333.48,0.9767,0.643698,0.694742
1786702947.519057,94.027014,2840,30.12,416.32,62.71,1.0000,0.650497,0.130649,412.02,333.68,0.9768,0.643786,0.695163
1786702947.537277,94.045234,2841,29.96,416.30,62.72,1.0000,0.650467,0.130663,412.04,333.65,0.9769,0.643809,0.695113
1786702947.574200,94.082157,2842,29.96,416.23,62.71,1.0000,0.650355,0.130645,412.06,333.67,0.9767,0.643842,0.695140
1786702947.609939,94.117896,2843,29.96,416.26,62.70,1.0000,0.650400,0.130616,412.07,333.48,0.9767,0.643858,0.694748
1786702947.665597,94.173554,2844,29.96,416.22,62.68,1.0000,0.650351,0.130589,412.21,333.47,0.9765,0.644078,0.694719
1786702947.679130,94.187088,2845,29.96,416.23,62.64,1.0000,0.650353,0.130506,412.20,333.43,0.9767,0.644062,0.694649
1786702947.708553,94.216510,2846,29.96,416.33,62.61,1.0000,0.650519,0.130429,412.20,333.51,0.9768,0.644057,0.694804
1786702947.743361,94.251318,2847,29.96,416.29,62.54,1.0000,0.650448,0.130302,412.22,333.37,0.9766,0.644090,0.694528
1786702947.780451,94.288408,2848,29.96,416.29,62.41,1.0000,0.650446,0.130030,412.19,333.48,0.9765,0.644042,0.694756
1786702947.817113,94.325071,2849,29.96,415.77,62.40,1.0000,0.649634,0.130003,412.29,333.33,0.9763,0.644199,0.694438
1786702947.832854,94.340811,2850,29.96,415.77,62.37,1.0000,0.649636,0.129930,412.28,333.35,0.9763,0.644189,0.694487
1786702947.870008,94.377965,2851,29.96,415.85,62.43,1.0000,0.649761,0.130070,412.29,333.42,0.9764,0.644202,0.694630
1786702947.902114,94.410072,2852,29.96,416.18,62.52,1.0000,0.650287,0.130244,412.26,333.44,0.9767,0.644148,0.694673
1786702947.941991,94.449949,2853,29.96,416.17,62.58,1.0000,0.650261,0.130371,412.38,333.33,0.9772,0.644347,0.694433
1786702947.973699,94.481656,2854,29.96,416.19,62.69,1.0000,0.650297,0.130611,412.37,333.36,0.9772,0.644329,0.694493
1786702948.003055,94.511012,2855,29.96,416.36,62.69,1.0000,0.650558,0.130610,412.38,333.26,0.9774,0.644347,0.694299
1786702948.037627,94.545584,2856,29.96,416.41,62.70,1.0000,0.650647,0.130635,412.43,333.28,0.9775,0.644422,0.694325
1786702948.066635,94.574592,2857,30.11,416.46,62.62,1.0000,0.650725,0.130460,412.46,333.20,0.9775,0.644470,0.694163
1786702948.104267,94.612224,2858,30.11,416.54,62.55,1.0000,0.650840,0.130321,412.46,333.19,0.9773,0.644462,0.694139
1786702948.121960,94.629917,2859,30.11,416.54,62.63,1.0000,0.650840,0.130476,412.51,333.17,0.9775,0.644549,0.694103
1786702948.181229,94.689186,2860,30.11,416.54,62.68,1.0000,0.650845,0.130580,412.47,333.15,0.9774,0.644483,0.694057
1786702948.202506,94.710464,2861,30.11,416.55,62.68,1.0000,0.650859,0.130578,412.44,333.07,0.9776,0.644441,0.693898
1786702948.241911,94.749869,2862,30.11,416.54,62.72,1.0000,0.650850,0.130659,412.44,333.03,0.9776,0.644434,0.693823
1786702948.270473,94.778431,2863,30.11,416.57,62.78,1.0000,0.650885,0.130781,412.37,333.08,0.9778,0.644321,0.693922
1786702948.302150,94.810107,2864,30.11,416.56,62.93,1.0000,0.650880,0.131099,412.41,333.07,0.9779,0.644384,0.693897
1786702948.333586,94.841543,2865,30.11,416.59,62.92,1.0000,0.650920,0.131084,412.39,333.07,0.9779,0.644366,0.693904
1786702948.373950,94.881907,2866,30.11,416.62,62.95,1.0000,0.650962,0.131142,412.35,333.12,0.9780,0.644304,0.693991
1786702948.392725,94.900682,2867,30.11,416.57,62.83,1.0000,0.650888,0.130899,412.39,333.08,0.9779,0.644355,0.693911
1786702948.440626,94.948583,2868,30.11,416.56,62.94,1.0000,0.650872,0.131132,412.38,333.22,0.9780,0.644341,0.694203
1786702948.466316,94.974273,2869,30.11,416.40,62.95,1.0000,0.650626,0.131148,412.54,333.33,0.9782,0.644594,0.694432
1786702948.511639,95.019597,2870,30.11,416.40,63.01,1.0000,0.650630,0.131269,412.54,333.34,0.9782,0.644594,0.694458
1786702948.537775,95.045732,2871,30.11,416.24,62.84,1.0000,0.650368,0.130925,412.45,333.33,0.9778,0.644447,0.694438
1786702948.569654,95.077612,2872,29.96,416.22,62.83,1.0000,0.650351,0.130901,412.37,333.36,0.9776,0.644335,0.694499
1786702948.598894,95.106852,2873,29.96,416.18,62.83,1.0000,0.650282,0.130886,412.37,333.34,0.9774,0.644328,0.694464
1786702948.641376,95.149333,2874,29.96,416.17,62.89,1.0000,0.650268,0.131027,412.38,333.35,0.9777,0.644341,0.694484
1786702948.689229,95.197186,2875,29.96,416.18,62.89,1.0000,0.650276,0.131031,412.36,333.68,0.9778,0.644307,0.695173
1786702948.713185,95.221142,2876,29.96,416.09,62.86,1.0000,0.650137,0.130953,412.40,333.67,0.9780,0.644371,0.695140
1786702948.742196,95.250153,2877,29.96,416.07,62.86,1.0000,0.650104,0.130958,412.38,333.68,0.9778,0.644344,0.695168
1786702948.755963,95.263921,2878,29.96,416.02,62.87,1.0000,0.650038,0.130974,412.35,333.58,0.9777,0.644304,0.694952
1786702948.802085,95.310043,2879,29.96,416.02,62.97,1.0000,0.650026,0.131185,412.34,333.65,0.9779,0.644283,0.695108
1786702948.831100,95.339057,2880,29.96,416.02,62.97,1.0000,0.650028,0.131183,412.27,333.59,0.9782,0.644175,0.694982
1786702948.865307,95.373265,2881,29.96,415.99,62.97,1.0000,0.649987,0.131188,412.27,333.71,0.9786,0.644176,0.695239
1786702948.902764,95.410721,2882,29.96,415.97,62.88,1.0000,0.649958,0.131007,412.36,333.67,0.9789,0.644308,0.695149
1786702948.933990,95.441948,2883,29.96,415.95,62.97,1.0000,0.649926,0.131185,412.37,333.77,0.9793,0.644327,0.695352
1786702948.965919,95.473877,2884,29.96,415.94,62.93,1.0000,0.649913,0.131113,412.39,333.84,0.9795,0.644359,0.695504
1786702948.999958,95.507916,2885,29.96,415.91,62.95,1.0000,0.649860,0.131138,412.42,333.83,0.9798,0.644412,0.695484
1786702949.039892,95.547850,2886,29.96,415.80,62.99,1.0000,0.649686,0.131220,412.39,333.92,0.9803,0.644354,0.695665
1786702949.071332,95.579290,2887,29.96,415.84,62.98,1.0000,0.649752,0.131215,412.29,333.92,0.9809,0.644198,0.695672
1786702949.105603,95.613560,2888,29.93,415.66,62.99,1.0000,0.649473,0.131223,412.29,333.87,0.9810,0.644201,0.695553
1786702949.127028,95.634986,2889,29.93,415.31,62.99,1.0000,0.648917,0.131227,412.34,333.87,0.9810,0.644281,0.695557
1786702949.181039,95.688997,2890,29.93,415.23,62.99,1.0000,0.648798,0.131229,412.45,333.88,0.9813,0.644445,0.695587
1786702949.194583,95.702540,2891,29.93,415.24,62.99,1.0000,0.648809,0.131229,412.42,333.84,0.9816,0.644408,0.695506
1786702949.277730,95.785687,2892,29.93,415.22,62.99,1.0000,0.648780,0.131226,412.35,333.84,0.9818,0.644303,0.695504
1786702949.290812,95.798770,2893,29.93,415.21,62.98,1.0000,0.648768,0.131213,412.38,333.85,0.9819,0.644350,0.695525
1786702949.312646,95.820604,2894,29.93,415.15,62.97,1.0000,0.648672,0.131179,412.33,333.91,0.9820,0.644259,0.695654
1786702949.338088,95.846046,2895,29.93,415.13,62.94,1.0000,0.648645,0.131115,412.28,333.79,0.9820,0.644182,0.695399
1786702949.362588,95.870546,2896,29.93,415.07,62.90,1.0000,0.648540,0.131041,412.30,333.77,0.9823,0.644218,0.695355
1786702949.400371,95.908328,2897,29.93,415.04,62.88,1.0000,0.648505,0.131003,412.28,333.83,0.9824,0.644187,0.695479
1786702949.442982,95.950940,2898,29.93,415.00,62.84,1.0000,0.648430,0.130911,412.22,333.75,0.9825,0.644097,0.695313
1786702949.471918,95.979875,2899,29.93,414.95,62.82,1.0000,0.648365,0.130882,412.24,333.72,0.9826,0.644119,0.695245
1786702949.508863,96.016821,2900,29.93,414.71,62.83,1.0000,0.647985,0.130900,412.36,333.75,0.9824,0.644318,0.695305
1786702949.549079,96.057037,2901,29.93,414.71,62.85,1.0000,0.647982,0.130931,412.41,333.79,0.9826,0.644390,0.695400
1786702949.565684,96.073641,2902,29.93,414.77,62.84,1.0000,0.648073,0.130921,412.40,333.78,0.9826,0.644382,0.695383
1786702949.605652,96.113610,2903,29.93,414.78,62.84,1.0000,0.648090,0.130922,412.41,333.83,0.9827,0.644397,0.695477
1786702949.646776,96.154734,2904,29.88,414.81,62.84,1.0000,0.648136,0.130917,412.41,333.81,0.9827,0.644387,0.695445
1786702949.675257,96.183215,2905,29.88,414.81,62.85,1.0000,0.648138,0.130933,412.41,333.73,0.9828,0.644395,0.695266
1786702949.695415,96.203373,2906,29.88,414.82,62.98,1.0000,0.648150,0.131209,412.43,334.00,0.9829,0.644417,0.695835
1786702949.730948,96.238906,2907,29.88,414.88,63.00,1.0000,0.648245,0.131244,412.41,333.99,0.9829,0.644386,0.695819
1786702949.765557,96.273515,2908,29.88,415.02,63.06,1.0000,0.648466,0.131375,412.42,333.95,0.9828,0.644406,0.695725
1786702949.804824,96.312782,2909,29.88,415.01,63.03,1.0000,0.648450,0.131314,412.40,333.91,0.9829,0.644375,0.695652
1786702949.838384,96.346341,2910,29.88,415.01,63.03,1.0000,0.648445,0.131303,412.47,333.90,0.9829,0.644481,0.695634
1786702949.870538,96.378495,2911,29.88,415.11,63.04,1.0000,0.648615,0.131341,412.47,333.90,0.9830,0.644487,0.695628
1786702949.916447,96.424404,2912,29.88,415.15,63.04,1.0000,0.648666,0.131342,412.46,333.86,0.9831,0.644476,0.695533
1786702949.958664,96.466622,2913,29.88,415.17,63.13,1.0000,0.648705,0.131523,412.46,333.83,0.9832,0.644475,0.695469
1786702949.972991,96.480948,2914,29.88,415.18,63.13,1.0000,0.648719,0.131525,412.47,333.84,0.9831,0.644487,0.695495
1786702950.019514,96.527471,2915,29.88,415.52,63.14,1.0000,0.649249,0.131544,412.49,333.85,0.9833,0.644508,0.695520
1786702950.043317,96.551274,2916,29.88,415.54,63.14,1.0000,0.649280,0.131541,412.49,333.88,0.9832,0.644515,0.695589
1786702950.065048,96.573006,2917,29.88,415.53,63.13,1.0000,0.649273,0.131513,412.49,333.91,0.9830,0.644513,0.695648
1786702950.093665,96.601622,2918,29.88,415.49,63.13,1.0000,0.649206,0.131512,412.44,333.84,0.9826,0.644436,0.695504
1786702950.135557,96.643515,2919,29.88,415.49,63.11,1.0000,0.649201,0.131472,412.43,333.69,0.9821,0.644416,0.695195
1786702950.161924,96.669882,2920,30.07,415.62,63.14,1.0000,0.649413,0.131534,412.41,333.71,0.9817,0.644385,0.695219
1786702950.199129,96.707087,2921,30.07,415.67,63.14,1.0000,0.649490,0.131537,412.41,333.73,0.9812,0.644394,0.695264
1786702950.233274,96.741231,2922,30.07,415.69,63.14,1.0000,0.649513,0.131547,412.34,333.68,0.9809,0.644279,0.695176
1786702950.273385,96.781342,2923,30.07,415.79,63.17,1.0000,0.649676,0.131597,412.35,333.67,0.9808,0.644300,0.695146
1786702950.306124,96.814081,2924,30.07,415.95,63.19,1.0000,0.649922,0.131656,412.27,333.78,0.9803,0.644179,0.695374
1786702950.336737,96.844695,2925,30.07,415.67,63.18,1.0000,0.649485,0.131622,412.34,333.69,0.9798,0.644284,0.695188
1786702950.373669,96.881627,2926,30.07,415.69,63.01,1.0000,0.649514,0.131268,412.26,333.75,0.9798,0.644151,0.695305
1786702950.400009,96.907967,2927,30.07,415.71,62.81,1.0000,0.649548,0.130855,412.25,333.88,0.9798,0.644135,0.695587
1786702950.437779,96.945737,2928,30.07,415.71,62.82,1.0000,0.649552,0.130873,412.23,333.94,0.9798,0.644116,0.695700
1786702950.462025,96.969982,2929,30.07,415.71,62.82,1.0000,0.649551,0.130876,412.13,334.01,0.9798,0.643950,0.695844
1786702950.509574,97.017531,2930,30.07,415.65,62.63,1.0000,0.649458,0.130482,412.15,334.10,0.9796,0.643992,0.696044
1786702950.538291,97.046248,2931,30.07,415.65,62.66,1.0000,0.649456,0.130544,412.15,334.13,0.9795,0.643979,0.696099
1786702950.558591,97.066548,2932,30.07,415.66,62.64,1.0000,0.649461,0.130502,412.11,333.91,0.9793,0.643927,0.695654
1786702950.602233,97.110191,2933,30.07,415.70,62.69,1.0000,0.649524,0.130613,412.02,334.02,0.9794,0.643781,0.695882
1786702950.631372,97.139330,2934,30.07,415.68,62.66,1.0000,0.649500,0.130540,412.08,334.05,0.9794,0.643880,0.695929
1786702950.670916,97.178874,2935,29.96,415.83,62.61,1.0000,0.649733,0.130431,412.06,334.04,0.9789,0.643843,0.695921
1786702950.699694,97.207651,2936,29.96,415.83,62.52,1.0000,0.649736,0.130250,412.12,334.04,0.9788,0.643937,0.695920
1786702950.742476,97.250433,2937,29.96,416.11,62.52,1.0000,0.650174,0.130248,412.08,334.04,0.9785,0.643874,0.695911
1786702950.762107,97.270064,2938,29.96,416.12,62.42,1.0000,0.650191,0.130038,412.08,334.05,0.9784,0.643875,0.695933
1786702950.799934,97.307892,2939,29.96,416.14,62.46,1.0000,0.650211,0.130127,412.06,334.03,0.9785,0.643838,0.695897
1786702950.829893,97.337850,2940,29.96,416.03,62.48,1.0000,0.650055,0.130176,412.10,333.95,0.9780,0.643904,0.695727
1786702950.869999,97.377957,2941,29.96,416.04,62.48,1.0000,0.650056,0.130172,412.10,333.91,0.9783,0.643913,0.695648
1786702950.898021,97.405978,2942,29.96,416.08,62.54,1.0000,0.650127,0.130290,412.07,333.80,0.9783,0.643858,0.695416
1786702950.935120,97.443077,2943,29.96,416.08,62.54,1.0000,0.650128,0.130288,412.05,333.72,0.9785,0.643827,0.695242
1786702950.964349,97.472306,2944,29.96,416.06,62.63,1.0000,0.650094,0.130480,412.05,333.71,0.9788,0.643821,0.695233
1786702951.003297,97.511255,2945,29.96,415.89,62.65,1.0000,0.649823,0.130515,412.01,333.65,0.9785,0.643770,0.695114
1786702951.035194,97.543152,2946,29.96,415.93,62.64,1.0000,0.649885,0.130490,412.04,333.71,0.9786,0.643811,0.695231
1786702951.067176,97.575133,2947,29.96,415.98,62.68,1.0000,0.649974,0.130588,412.02,333.64,0.9784,0.643789,0.695085
1786702951.103170,97.611128,2948,29.96,416.00,62.58,1.0000,0.650008,0.130370,412.03,333.69,0.9788,0.643795,0.695196
1786702951.130786,97.638744,2949,29.96,415.94,62.49,1.0000,0.649904,0.130181,412.01,333.77,0.9789,0.643770,0.695352
1786702951.168617,97.676575,2950,29.96,415.84,62.49,1.0000,0.649749,0.130182,412.18,333.66,0.9787,0.644029,0.695119
1786702951.200912,97.708869,2951,30.02,415.84,62.43,1.0000,0.649749,0.130063,412.19,333.65,0.9790,0.644044,0.695110
1786702951.279039,97.786997,2953,30.02,415.65,62.30,1.0000,0.649460,0.129786,412.12,333.80,0.9789,0.643945,0.695409
1786702951.302247,97.810204,2954,30.02,415.55,62.30,1.0000,0.649303,0.129784,412.13,333.80,0.9786,0.643950,0.695410
1786702951.337451,97.845408,2955,30.02,415.60,62.27,1.0000,0.649377,0.129722,412.12,333.88,0.9786,0.643940,0.695576
1786702951.377438,97.885396,2956,30.02,415.62,62.25,1.0000,0.649400,0.129678,412.11,333.84,0.9786,0.643920,0.695503
1786702951.403187,97.911144,2957,30.02,415.58,62.24,1.0000,0.649351,0.129672,412.11,333.90,0.9787,0.643927,0.695634
1786702951.437103,97.945060,2958,30.02,415.64,62.24,1.0000,0.649440,0.129668,412.12,333.88,0.9786,0.643939,0.695588
1786702951.469246,97.977204,2959,30.02,415.63,62.21,1.0000,0.649425,0.129612,412.17,333.88,0.9786,0.644016,0.695575
1786702951.498992,98.006949,2960,30.02,415.63,62.17,1.0000,0.649425,0.129526,412.18,333.90,0.9787,0.644030,0.695635
1786702951.532891,98.040848,2961,30.02,415.66,62.10,1.0000,0.649467,0.129382,412.13,333.89,0.9788,0.643957,0.695612
1786702951.570081,98.078039,2962,30.02,415.45,62.13,1.0000,0.649133,0.129437,412.12,333.76,0.9784,0.643940,0.695337
1786702951.598652,98.106609,2963,30.02,415.44,62.13,1.0000,0.649131,0.129429,412.12,333.75,0.9783,0.643938,0.695309
1786702951.641088,98.149045,2964,30.02,415.47,62.14,1.0000,0.649174,0.129467,412.08,333.75,0.9785,0.643869,0.695319
1786702951.672837,98.180794,2965,30.02,415.46,62.15,1.0000,0.649159,0.129481,412.15,333.81,0.9788,0.643979,0.695440
1786702951.698850,98.206808,2966,30.02,415.46,62.12,1.0000,0.649158,0.129409,412.16,333.84,0.9791,0.644004,0.695509
1786702951.754738,98.262696,2967,29.44,415.46,62.10,1.0000,0.649156,0.129371,412.10,333.84,0.9788,0.643911,0.695491
1786702951.767829,98.275786,2968,29.44,415.47,62.09,1.0000,0.649166,0.129363,412.09,333.93,0.9786,0.643889,0.695689
1786702951.805358,98.313315,2969,29.44,415.47,62.16,1.0000,0.649168,0.129508,411.96,333.94,0.9778,0.643694,0.695708
1786702951.840334,98.348292,2970,29.44,415.50,62.16,1.0000,0.649225,0.129504,411.91,333.74,0.9777,0.643605,0.695290
1786702951.872216,98.380174,2971,29.44,415.49,62.18,1.0000,0.649203,0.129539,411.94,333.80,0.9779,0.643650,0.695421
1786702951.908782,98.416740,2972,29.44,415.49,62.15,1.0000,0.649197,0.129473,412.16,333.79,0.9783,0.643997,0.695403
1786702951.943180,98.451137,2973,29.44,415.48,62.15,1.0000,0.649187,0.129474,412.09,333.92,0.9785,0.643897,0.695676
1786702951.980355,98.488312,2974,29.44,415.46,62.14,1.0000,0.649162,0.129456,411.95,334.10,0.9787,0.643674,0.696044
1786702951.999000,98.506958,2975,29.44,415.36,62.15,1.0000,0.649001,0.129482,411.97,334.10,0.9788,0.643703,0.696043
1786702952.034365,98.542323,2976,29.44,415.16,62.14,1.0000,0.648686,0.129468,411.96,334.15,0.9790,0.643685,0.696155
1786702952.084972,98.592929,2977,29.44,415.03,62.08,1.0000,0.648486,0.129323,411.99,334.17,0.9790,0.643730,0.696178
1786702952.102502,98.610459,2978,29.44,414.74,62.04,1.0000,0.648032,0.129241,411.99,334.15,0.9790,0.643738,0.696138
1786702952.118534,98.626491,2979,29.44,414.55,62.03,1.0000,0.647732,0.129239,412.03,334.19,0.9792,0.643791,0.696233
1786702952.163672,98.671630,2980,29.44,414.12,62.04,1.0000,0.647059,0.129246,412.02,334.30,0.9792,0.643785,0.696459
1786702952.199417,98.707375,2981,29.44,414.00,62.04,1.0000,0.646874,0.129244,412.03,334.32,0.9789,0.643791,0.696496
1786702952.241808,98.749766,2982,29.44,413.61,62.03,1.0000,0.646265,0.129230,412.03,334.23,0.9791,0.643795,0.696305
1786702952.274520,98.782477,2983,29.81,413.61,62.05,1.0000,0.646270,0.129277,412.00,334.25,0.9791,0.643752,0.696353
1786702952.307960,98.815917,2984,29.81,413.42,62.05,1.0000,0.645974,0.129276,411.99,334.22,0.9791,0.643734,0.696299
1786702952.341877,98.849835,2985,29.81,413.38,62.11,1.0000,0.645911,0.129399,411.74,334.21,0.9788,0.643348,0.696277
1786702952.381613,98.889570,2986,29.81,413.23,62.12,1.0000,0.645670,0.129418,411.74,334.22,0.9789,0.643345,0.696289
1786702952.399809,98.907766,2987,29.81,413.18,62.11,1.0000,0.645587,0.129406,411.75,334.19,0.9791,0.643359,0.696227
1786702952.440755,98.948713,2988,29.81,413.03,62.10,1.0000,0.645362,0.129385,411.78,334.15,0.9793,0.643409,0.696139
1786702952.477851,98.985809,2989,29.81,412.84,62.11,1.0000,0.645067,0.129393,411.76,334.07,0.9792,0.643382,0.695981
1786702952.539735,99.047693,2990,29.81,412.76,62.10,1.0000,0.644935,0.129383,411.79,334.16,0.9793,0.643422,0.696170
1786702952.549941,99.057899,2991,29.81,412.75,62.10,1.0000,0.644919,0.129383,411.80,334.21,0.9793,0.643444,0.696265
1786702952.569000,99.076957,2992,29.81,412.63,62.13,1.0000,0.644742,0.129429,411.92,334.18,0.9791,0.643621,0.696205
1786702952.616404,99.124361,2993,29.81,412.61,62.12,1.0000,0.644698,0.129414,411.94,334.35,0.9795,0.643661,0.696556
1786702952.631200,99.139158,2994,29.81,412.57,62.16,1.0000,0.644646,0.129500,411.93,334.35,0.9793,0.643641,0.696559
1786702952.677043,99.185000,2995,29.81,412.51,62.15,1.0000,0.644549,0.129478,411.94,334.14,0.9793,0.643655,0.696125
1786702952.699906,99.207863,2996,29.81,412.43,62.13,1.0000,0.644428,0.129444,411.91,334.12,0.9793,0.643613,0.696087
1786702952.734878,99.242836,2997,29.81,412.43,62.15,1.0000,0.644415,0.129479,411.92,334.12,0.9793,0.643632,0.696089
1786702952.779974,99.287932,2998,29.74,412.27,62.12,1.0000,0.644166,0.129411,411.82,334.13,0.9794,0.643472,0.696101
1786702952.806397,99.314354,2999,29.74,412.15,62.12,1.0000,0.643988,0.129415,411.83,334.11,0.9795,0.643478,0.696064
1786702952.832742,99.340700,3000,29.74,412.07,62.11,1.0000,0.643863,0.129406,411.83,333.98,0.9797,0.643483,0.695796
1786702952.877918,99.385875,3001,29.74,411.85,62.12,1.0000,0.643512,0.129421,411.94,333.95,0.9794,0.643653,0.695735
1786702952.901633,99.409590,3002,29.74,411.80,62.13,1.0000,0.643432,0.129445,411.88,333.95,0.9795,0.643566,0.695739
1786702952.935698,99.443656,3003,29.74,411.79,62.13,1.0000,0.643429,0.129447,411.89,333.93,0.9796,0.643581,0.695696
1786702952.967277,99.475235,3004,29.74,411.74,62.22,1.0000,0.643340,0.129622,411.88,333.93,0.9794,0.643569,0.695691
1786702953.004239,99.512197,3005,29.74,411.59,62.15,1.0000,0.643112,0.129482,411.93,333.90,0.9790,0.643639,0.695626
1786702953.032645,99.540603,3006,29.74,411.54,62.08,1.0000,0.643037,0.129334,411.93,333.93,0.9794,0.643642,0.695680
1786702953.072470,99.580428,3007,29.74,411.44,61.97,1.0000,0.642877,0.129113,411.91,333.92,0.9796,0.643617,0.695659
1786702953.104163,99.612120,3008,29.74,411.41,61.97,1.0000,0.642828,0.129095,411.83,334.00,0.9796,0.643480,0.695825
1786702953.135734,99.643692,3009,29.74,411.37,61.91,1.0000,0.642762,0.128980,411.78,334.05,0.9799,0.643403,0.695946
1786702953.175124,99.683082,3010,29.74,411.17,61.88,1.0000,0.642452,0.128913,411.88,334.07,0.9802,0.643568,0.695974
1786702953.206991,99.714949,3011,29.74,410.97,61.88,1.0000,0.642137,0.128909,411.93,334.00,0.9804,0.643646,0.695833
1786702953.233298,99.741256,3012,29.74,410.89,61.88,1.0000,0.642020,0.128909,411.90,334.05,0.9807,0.643596,0.695934
1786702953.273549,99.781507,3013,29.74,410.84,61.87,1.0000,0.641941,0.128888,411.90,333.98,0.9809,0.643599,0.695796
1786702953.307061,99.815019,3014,29.91,410.80,61.86,1.0000,0.641872,0.128873,411.92,333.88,0.9810,0.643618,0.695591
1786702953.338673,99.846631,3015,29.91,410.80,61.86,1.0000,0.641872,0.128870,411.98,333.88,0.9811,0.643723,0.695592
1786702953.373789,99.881747,3016,29.91,410.63,61.88,1.0000,0.641612,0.128925,411.98,333.86,0.9813,0.643718,0.695541
1786702953.408103,99.916060,3017,29.91,410.63,61.90,1.0000,0.641615,0.128952,412.02,333.86,0.9815,0.643781,0.695548
1786702953.421685,99.929642,3018,29.91,410.66,62.02,1.0000,0.641664,0.129214,412.01,333.87,0.9815,0.643769,0.695559
1786702953.493183,100.001141,3019,29.91,410.66,62.02,1.0000,0.641661,0.129205,412.09,333.67,0.9815,0.643889,0.695137
1786702953.507843,100.015801,3020,29.91,410.66,62.03,1.0000,0.641658,0.129235,411.96,333.77,0.9813,0.643695,0.695345
1786702953.539740,100.047697,3021,29.91,410.67,62.04,1.0000,0.641671,0.129249,411.96,333.77,0.9815,0.643694,0.695355
1786702953.569960,100.077918,3022,29.91,410.69,62.08,1.0000,0.641697,0.129341,411.95,333.73,0.9816,0.643677,0.695279
1786702953.612045,100.120002,3023,29.91,410.77,62.16,1.0000,0.641825,0.129501,411.89,333.86,0.9819,0.643579,0.695543
1786702953.643634,100.151592,3024,29.91,410.92,62.16,1.0000,0.642065,0.129491,411.91,333.82,0.9821,0.643617,0.695458
1786702953.681402,100.189360,3025,29.91,410.70,62.16,1.0000,0.641721,0.129501,412.01,333.80,0.9820,0.643771,0.695424
1786702953.705069,100.213026,3026,29.91,410.69,62.16,1.0000,0.641704,0.129497,412.00,333.87,0.9823,0.643757,0.695558
1786702953.740066,100.248024,3027,29.91,410.82,62.16,1.0000,0.641899,0.129497,411.95,333.90,0.9823,0.643672,0.695634
1786702953.798622,100.306579,3028,29.91,410.86,62.24,1.0000,0.641974,0.129656,411.95,333.82,0.9823,0.643674,0.695461
1786702953.801131,100.309088,3029,29.73,410.93,62.25,1.0000,0.642086,0.129696,411.95,333.92,0.9821,0.643678,0.695668
1786702953.844056,100.352013,3030,29.73,411.09,62.28,1.0000,0.642330,0.129759,411.96,333.93,0.9822,0.643683,0.695682
1786702953.870270,100.378227,3031,29.73,411.11,62.36,1.0000,0.642352,0.129921,412.05,333.95,0.9821,0.643827,0.695730
1786702953.904728,100.412685,3032,29.73,411.18,62.49,1.0000,0.642473,0.130191,412.06,333.74,0.9821,0.643840,0.695296
1786702953.936131,100.444088,3033,29.73,411.18,62.60,1.0000,0.642474,0.130426,412.06,333.66,0.9821,0.643837,0.695128
1786702953.968215,100.476173,3034,29.73,411.22,62.73,1.0000,0.642525,0.130686,412.04,333.72,0.9823,0.643818,0.695247
1786702954.007610,100.515568,3035,29.73,411.21,62.77,1.0000,0.642520,0.130769,412.21,333.61,0.9825,0.644080,0.695022
1786702954.023422,100.531379,3036,29.73,411.25,62.77,1.0000,0.642584,0.130764,412.19,333.62,0.9826,0.644043,0.695051
1786702954.065931,100.573888,3037,29.73,411.25,62.76,1.0000,0.642583,0.130741,412.22,333.50,0.9827,0.644097,0.694783
1786702954.103044,100.611001,3038,29.73,411.31,62.80,1.0000,0.642664,0.130840,412.07,333.74,0.9822,0.643862,0.695300
1786702954.136728,100.644685,3039,29.73,411.31,62.79,1.0000,0.642667,0.130803,412.14,333.74,0.9821,0.643969,0.695289
1786702954.173568,100.681526,3040,29.73,411.45,62.81,1.0000,0.642890,0.130851,412.13,333.75,0.9824,0.643955,0.695318
1786702954.205388,100.713346,3041,29.73,411.55,62.81,1.0000,0.643047,0.130854,412.15,333.66,0.9820,0.643978,0.695125
1786702954.232417,100.740374,3042,29.73,411.88,62.83,1.0000,0.643569,0.130894,412.11,333.66,0.9821,0.643917,0.695133
1786702954.269873,100.777830,3043,29.73,411.92,62.84,1.0000,0.643619,0.130924,412.16,333.67,0.9822,0.643993,0.695137
1786702954.298844,100.806802,3044,29.73,411.97,62.99,1.0000,0.643698,0.131229,412.12,333.62,0.9824,0.643943,0.695037
1786702954.330039,100.837997,3045,29.99,411.95,62.99,1.0000,0.643672,0.131232,412.13,333.41,0.9820,0.643956,0.694601
1786702954.369689,100.877646,3046,29.99,412.18,63.08,1.0000,0.644033,0.131415,411.99,333.44,0.9821,0.643741,0.694671
1786702954.417404,100.925361,3047,29.99,412.08,63.04,1.0000,0.643870,0.131330,412.23,333.45,0.9821,0.644113,0.694688
1786702954.436134,100.944092,3048,29.99,412.07,63.05,1.0000,0.643853,0.131353,412.31,333.45,0.9821,0.644230,0.694698
1786702954.475212,100.983169,3049,29.99,412.37,63.09,1.0000,0.644323,0.131430,412.26,333.48,0.9821,0.644154,0.694750
1786702954.506804,101.014761,3050,29.99,412.22,63.09,1.0000,0.644090,0.131433,412.29,333.53,0.9819,0.644203,0.694863
1786702954.539044,101.047002,3051,29.99,412.20,63.07,1.0000,0.644063,0.131395,412.34,333.60,0.9819,0.644277,0.695003
1786702954.568410,101.076367,3052,29.99,412.20,63.07,1.0000,0.644062,0.131403,412.32,333.61,0.9820,0.644243,0.695030
1786702954.600044,101.108001,3053,29.99,412.20,63.07,1.0000,0.644061,0.131402,412.29,333.69,0.9821,0.644205,0.695195
1786702954.639095,101.147053,3054,29.99,412.26,63.11,1.0000,0.644163,0.131486,412.19,333.69,0.9820,0.644052,0.695195
1786702954.668133,101.176090,3055,29.99,412.26,63.17,1.0000,0.644152,0.131611,412.24,333.76,0.9821,0.644117,0.695326
1786702954.702828,101.210785,3056,29.99,412.39,63.22,1.0000,0.644361,0.131703,412.13,333.66,0.9818,0.643957,0.695133
1786702954.734601,101.242558,3057,29.99,412.59,63.22,1.0000,0.644673,0.131707,412.20,333.68,0.9821,0.644068,0.695176
1786702954.771719,101.279676,3058,29.99,412.55,63.22,1.0000,0.644602,0.131714,412.01,333.58,0.9821,0.643758,0.694951
1786702954.800589,101.308546,3059,29.99,412.42,63.19,1.0000,0.644404,0.131642,411.99,333.55,0.9817,0.643731,0.694890
1786702954.832288,101.340245,3060,29.99,412.32,63.19,1.0000,0.644253,0.131644,411.92,333.53,0.9817,0.643631,0.694858
1786702954.871134,101.379092,3061,29.89,412.23,63.04,1.0000,0.644106,0.131323,412.02,333.66,0.9817,0.643783,0.695121
1786702954.903077,101.411034,3062,29.89,412.18,62.98,1.0000,0.644027,0.131213,411.96,333.66,0.9818,0.643680,0.695120
1786702954.930108,101.438066,3063,29.89,412.07,62.97,1.0000,0.643861,0.131189,412.01,333.65,0.9820,0.643766,0.695108
1786702954.969753,101.477710,3064,29.89,412.07,63.08,1.0000,0.643858,0.131422,411.99,333.61,0.9823,0.643734,0.695023
1786702955.012389,101.520347,3065,29.89,412.07,63.37,1.0000,0.643862,0.132017,411.92,333.47,0.9823,0.643630,0.694739
1786702955.026865,101.534823,3066,29.89,412.01,63.39,1.0000,0.643764,0.132068,411.96,333.46,0.9820,0.643693,0.694701
1786702955.083297,101.591254,3067,29.89,412.02,63.52,1.0000,0.643782,0.132325,411.96,333.43,0.9821,0.643690,0.694637
1786702955.109368,101.617326,3068,29.89,412.00,63.52,1.0000,0.643757,0.132325,412.01,333.43,0.9821,0.643767,0.694639
1786702955.133215,101.641173,3069,29.89,411.63,63.52,1.0000,0.643175,0.132324,412.03,333.46,0.9824,0.643792,0.694707
1786702955.183419,101.691377,3070,29.89,411.65,63.51,1.0000,0.643205,0.132318,412.05,333.47,0.9825,0.643836,0.694727
1786702955.212594,101.720552,3071,29.89,411.32,63.37,1.0000,0.642683,0.132028,412.08,333.51,0.9824,0.643880,0.694808
1786702955.231060,101.739018,3072,29.89,411.26,63.25,1.0000,0.642598,0.131774,412.12,333.56,0.9822,0.643944,0.694909
1786702955.267927,101.775885,3073,29.89,411.22,63.25,1.0000,0.642530,0.131772,412.16,333.60,0.9824,0.644003,0.694990
1786702955.304263,101.812220,3074,29.89,411.09,63.25,1.0000,0.642333,0.131767,412.26,333.54,0.9823,0.644159,0.694881
1786702955.339258,101.847216,3075,29.89,411.09,63.27,1.0000,0.642321,0.131815,412.24,333.55,0.9820,0.644123,0.694887
1786702955.358651,101.866608,3076,29.89,410.97,63.35,1.0000,0.642145,0.131977,412.28,333.48,0.9822,0.644193,0.694760
1786702955.397951,101.905909,3077,30.00,410.74,63.45,1.0000,0.641786,0.132190,412.26,333.49,0.9818,0.644162,0.694772
1786702955.440179,101.948137,3078,30.00,410.74,63.53,1.0000,0.641786,0.132351,412.23,333.57,0.9819,0.644104,0.694933
1786702955.506598,102.014555,3079,30.00,410.69,63.54,1.0000,0.641707,0.132381,412.24,333.50,0.9817,0.644132,0.694800
1786702955.509337,102.017294,3080,30.00,410.58,63.57,1.0000,0.641528,0.132432,412.24,333.50,0.9813,0.644131,0.694790
1786702955.534516,102.042474,3081,30.00,410.54,63.58,1.0000,0.641472,0.132454,412.24,333.52,0.9811,0.644124,0.694837
1786702955.580841,102.088799,3082,30.00,410.50,63.58,1.0000,0.641406,0.132458,412.24,333.57,0.9813,0.644130,0.694932
1786702955.611772,102.119729,3083,30.00,410.49,63.56,1.0000,0.641384,0.132418,412.22,333.59,0.9814,0.644092,0.694979
1786702955.631477,102.139434,3084,30.00,410.49,63.55,1.0000,0.641383,0.132406,412.17,333.62,0.9813,0.644017,0.695036
1786702955.675848,102.183805,3085,30.00,410.48,63.59,1.0000,0.641382,0.132484,412.16,333.63,0.9815,0.643998,0.695070
1786702955.769129,102.277086,3086,30.00,410.53,63.74,1.0000,0.641453,0.132799,412.17,333.60,0.9813,0.644023,0.694991
1786702955.772136,102.280094,3087,30.00,410.51,63.75,1.0000,0.641429,0.132815,412.20,333.57,0.9812,0.644060,0.694945
1786702955.806225,102.314182,3088,30.00,410.48,63.75,1.0000,0.641376,0.132820,412.13,333.55,0.9810,0.643954,0.694899
1786702955.820969,102.328926,3089,30.00,410.48,63.76,1.0000,0.641374,0.132829,412.11,333.62,0.9811,0.643926,0.695034
1786702955.844586,102.352543,3090,30.00,410.51,63.76,1.0000,0.641422,0.132826,412.06,333.62,0.9811,0.643848,0.695039
1786702955.878323,102.386280,3091,30.00,410.55,63.81,1.0000,0.641477,0.132933,412.00,333.56,0.9811,0.643754,0.694922
1786702955.902612,102.410570,3092,29.99,410.55,63.81,1.0000,0.641478,0.132936,412.01,333.58,0.9811,0.643761,0.694950
1786702955.950030,102.457987,3093,29.99,410.80,63.79,1.0000,0.641880,0.132888,411.96,333.65,0.9811,0.643694,0.695099
1786702955.969927,102.477884,3094,29.99,410.84,63.81,1.0000,0.641933,0.132934,411.94,333.63,0.9810,0.643659,0.695066
1786702956.013290,102.521247,3095,29.99,410.92,63.80,1.0000,0.642059,0.132912,411.98,333.63,0.9807,0.643714,0.695063
1786702956.042333,102.550291,3096,29.99,410.83,63.82,1.0000,0.641915,0.132967,411.96,333.71,0.9806,0.643690,0.695232
1786702956.067998,102.575955,3097,29.99,410.88,63.82,1.0000,0.641999,0.132964,412.03,333.69,0.9804,0.643796,0.695196
1786702956.111539,102.619496,3098,29.99,410.92,63.82,1.0000,0.642055,0.132958,411.95,333.61,0.9801,0.643677,0.695020
1786702956.141320,102.649277,3099,29.99,411.01,63.82,1.0000,0.642210,0.132960,411.89,333.48,0.9802,0.643573,0.694759
1786702956.169813,102.677771,3100,29.99,411.15,63.83,1.0000,0.642420,0.132973,411.84,333.44,0.9799,0.643501,0.694665
1786702956.206615,102.714572,3101,29.99,411.23,63.78,1.0000,0.642541,0.132885,411.80,333.36,0.9801,0.643438,0.694495
1786702956.241040,102.748997,3102,29.99,411.25,63.73,1.0000,0.642580,0.132764,411.98,333.25,0.9799,0.643721,0.694274
1786702956.268407,102.776364,3103,29.99,411.26,63.73,1.0000,0.642587,0.132770,412.00,333.33,0.9801,0.643743,0.694446
1786702956.302762,102.810720,3104,29.99,411.26,63.68,1.0000,0.642590,0.132657,411.95,333.28,0.9802,0.643676,0.694343
1786702956.376311,102.884268,3105,29.99,411.46,63.66,1.0000,0.642914,0.132624,411.97,333.43,0.9804,0.643708,0.694636
1786702956.389065,102.897022,3106,29.55,411.55,63.63,1.0000,0.643040,0.132558,411.98,333.51,0.9806,0.643717,0.694815
1786702956.408482,102.916439,3107,29.55,411.57,63.60,1.0000,0.643083,0.132504,412.01,333.53,0.9810,0.643771,0.694860
1786702956.439184,102.947141,3108,29.55,411.59,63.60,1.0000,0.643117,0.132499,412.02,333.54,0.9811,0.643777,0.694884
1786702956.479194,102.987152,3109,29.55,411.66,63.47,1.0000,0.643215,0.132220,412.00,333.56,0.9812,0.643757,0.694915
1786702956.502515,103.010473,3110,29.55,411.67,63.46,1.0000,0.643228,0.132218,412.04,333.56,0.9812,0.643817,0.694911
1786702956.539717,103.047675,3111,29.55,411.70,63.47,1.0000,0.643281,0.132230,412.05,333.56,0.9813,0.643821,0.694913
1786702956.576146,103.084104,3112,29.55,411.70,63.47,1.0000,0.643287,0.132220,412.05,333.57,0.9814,0.643828,0.694946
1786702956.602804,103.110761,3113,29.55,411.73,63.50,1.0000,0.643328,0.132288,412.04,333.55,0.9816,0.643820,0.694905
1786702956.633982,103.141939,3114,29.55,411.72,63.50,1.0000,0.643306,0.132282,412.02,333.60,0.9817,0.643785,0.694992
1786702956.670510,103.178467,3115,29.55,411.72,63.49,1.0000,0.643308,0.132277,412.03,333.61,0.9816,0.643804,0.695020
1786702956.702548,103.210506,3116,29.55,411.72,63.46,1.0000,0.643308,0.132206,412.02,333.65,0.9817,0.643787,0.695113
1786702956.739047,103.247004,3117,29.55,411.72,63.46,1.0000,0.643309,0.132204,412.03,333.67,0.9818,0.643796,0.695145
1786702956.773615,103.281572,3118,29.55,411.73,63.48,1.0000,0.643328,0.132254,412.02,333.76,0.9818,0.643777,0.695333
1786702956.802196,103.310154,3119,29.55,411.73,63.48,1.0000,0.643331,0.132253,412.02,333.73,0.9817,0.643788,0.695268
1786702956.828510,103.336468,3120,29.55,411.75,63.50,1.0000,0.643353,0.132289,412.03,333.73,0.9814,0.643799,0.695263
1786702956.873714,103.381671,3121,29.55,411.75,63.50,1.0000,0.643356,0.132283,412.05,333.71,0.9812,0.643835,0.695237
1786702956.900439,103.408396,3122,29.55,411.82,63.47,1.0000,0.643464,0.132236,412.10,333.72,0.9811,0.643911,0.695243
1786702956.937316,103.445274,3123,30.02,411.82,63.49,1.0000,0.643464,0.132269,412.06,333.74,0.9812,0.643841,0.695285
1786702956.967161,103.475119,3124,30.02,411.76,63.49,1.0000,0.643369,0.132267,412.10,333.72,0.9811,0.643900,0.695248
1786702957.004006,103.511964,3125,30.02,411.75,63.45,1.0000,0.643366,0.132179,412.11,333.77,0.9808,0.643921,0.695359
1786702957.025217,103.533174,3126,30.02,411.74,63.45,1.0000,0.643349,0.132190,412.12,333.75,0.9810,0.643942,0.695320
1786702957.072331,103.580289,3127,30.02,411.81,63.42,1.0000,0.643461,0.132124,412.18,333.70,0.9811,0.644033,0.695213
1786702957.104997,103.612954,3128,30.02,411.98,63.44,1.0000,0.643715,0.132172,412.11,333.79,0.9814,0.643929,0.695402
1786702957.138979,103.646936,3129,30.02,411.98,63.49,1.0000,0.643717,0.132265,412.15,333.78,0.9817,0.643987,0.695382
1786702957.170682,103.678639,3130,30.02,412.05,63.48,1.0000,0.643824,0.132255,412.10,333.95,0.9816,0.643913,0.695721
1786702957.207981,103.715938,3131,30.02,412.06,63.71,1.0000,0.643839,0.132720,412.09,333.96,0.9815,0.643890,0.695740
1786702957.230845,103.738802,3132,30.02,412.05,63.73,1.0000,0.643827,0.132769,412.13,333.94,0.9816,0.643957,0.695711
1786702957.270308,103.778265,3133,30.02,412.05,63.73,1.0000,0.643829,0.132766,412.16,333.82,0.9818,0.643993,0.695461
1786702957.301495,103.809452,3134,30.02,412.02,63.77,1.0000,0.643775,0.132862,412.16,333.78,0.9820,0.643998,0.695375
1786702957.333252,103.841210,3135,30.02,412.00,63.70,1.0000,0.643753,0.132712,412.15,333.72,0.9815,0.643978,0.695252
1786702957.371310,103.879267,3136,30.02,412.38,63.70,1.0000,0.644346,0.132712,412.14,333.74,0.9814,0.643973,0.695287
1786702957.402859,103.910817,3137,30.02,412.17,63.76,1.0000,0.644017,0.132835,412.09,333.74,0.9812,0.643888,0.695290
1786702957.471094,103.979052,3138,29.64,411.88,63.75,1.0000,0.643561,0.132817,412.10,333.74,0.9812,0.643907,0.695298
1786702957.473097,103.981054,3139,29.64,411.79,63.76,1.0000,0.643418,0.132833,412.08,333.70,0.9810,0.643881,0.695208
1786702957.495297,104.003255,3140,29.64,411.79,63.77,1.0000,0.643419,0.132850,412.07,333.72,0.9810,0.643854,0.695254
1786702957.534878,104.042835,3141,29.64,411.79,63.76,1.0000,0.643424,0.132842,412.05,333.70,0.9811,0.643823,0.695213
1786702957.573829,104.081786,3142,29.64,411.79,63.77,1.0000,0.643425,0.132854,412.02,333.62,0.9811,0.643788,0.695033
1786702957.639372,104.147329,3143,29.64,411.90,63.77,1.0000,0.643591,0.132849,412.00,333.63,0.9809,0.643748,0.695068
1786702957.653183,104.161141,3144,29.64,411.90,63.76,1.0000,0.643601,0.132837,412.00,333.63,0.9806,0.643749,0.695059
1786702957.681823,104.189781,3145,29.64,411.75,63.80,1.0000,0.643362,0.132916,411.98,333.38,0.9803,0.643717,0.694541
1786702957.728877,104.236834,3146,29.64,411.82,63.65,1.0000,0.643463,0.132612,411.97,333.20,0.9804,0.643703,0.694157
1786702957.733792,104.241749,3147,29.64,411.82,63.65,1.0000,0.643471,0.132614,412.01,333.34,0.9806,0.643761,0.694468
1786702957.779657,104.287615,3148,29.64,411.81,63.69,1.0000,0.643458,0.132680,412.00,333.43,0.9807,0.643755,0.694645
1786702957.807827,104.315785,3149,29.64,411.80,63.75,1.0000,0.643432,0.132813,412.00,333.42,0.9804,0.643743,0.694615
1786702957.836130,104.344087,3150,29.64,411.85,63.60,1.0000,0.643517,0.132509,412.00,333.12,0.9802,0.643745,0.693992
1786702957.868232,104.376189,3151,29.64,411.85,63.60,1.0000,0.643517,0.132507,412.00,333.07,0.9802,0.643751,0.693897
1786702957.917932,104.425889,3152,29.64,411.81,63.79,1.0000,0.643452,0.132904,412.00,333.39,0.9800,0.643752,0.694559
1786702957.938609,104.446566,3153,29.64,411.77,63.87,1.0000,0.643398,0.133067,411.99,333.29,0.9801,0.643735,0.694362
1786702957.979960,104.487918,3154,29.97,411.90,63.82,1.0000,0.643592,0.132950,412.01,332.97,0.9801,0.643772,0.693691
1786702958.000583,104.508540,3155,29.97,411.90,63.77,1.0000,0.643592,0.132852,412.00,333.27,0.9802,0.643748,0.694311
1786702958.048101,104.556059,3156,29.97,411.70,63.79,1.0000,0.643287,0.132889,411.96,333.39,0.9800,0.643689,0.694553
1786702958.083956,104.591913,3157,29.97,411.65,64.01,1.0000,0.643196,0.133345,411.84,333.36,0.9803,0.643501,0.694495
1786702958.125303,104.633260,3158,29.97,411.89,63.93,1.0000,0.643584,0.133195,411.88,333.22,0.9804,0.643568,0.694206
1786702958.139723,104.647680,3159,29.97,411.88,63.91,1.0000,0.643559,0.133143,411.90,333.12,0.9807,0.643590,0.694004
1786702958.175224,104.683181,3160,29.97,411.88,63.88,1.0000,0.643559,0.133083,411.96,333.40,0.9809,0.643682,0.694590
1786702958.228335,104.736293,3161,29.97,411.74,63.94,1.0000,0.643343,0.133217,412.02,333.32,0.9807,0.643785,0.694425
1786702958.244946,104.752904,3162,29.97,411.75,63.95,1.0000,0.643362,0.133221,411.99,333.33,0.9806,0.643728,0.694435
1786702958.265783,104.773740,3163,29.97,411.75,63.94,1.0000,0.643362,0.133205,412.01,333.31,0.9810,0.643770,0.694390
1786702958.304422,104.812380,3164,29.97,411.71,63.93,1.0000,0.643296,0.133180,412.03,333.37,0.9808,0.643792,0.694521
1786702958.341915,104.849872,3165,29.97,411.74,63.92,1.0000,0.643346,0.133157,412.01,333.39,0.9807,0.643771,0.694558
1786702958.388338,104.896296,3166,29.97,411.77,63.97,1.0000,0.643390,0.133260,412.02,333.39,0.9807,0.643778,0.694559
1786702958.398561,104.906518,3167,29.97,411.77,63.89,1.0000,0.643387,0.133112,412.05,333.39,0.9810,0.643825,0.694552
1786702958.452976,104.960933,3168,29.97,411.79,63.89,1.0000,0.643422,0.133110,412.04,333.46,0.9813,0.643808,0.694704
1786702958.469299,104.977256,3169,29.97,411.79,63.87,1.0000,0.643423,0.133069,412.03,333.46,0.9810,0.643789,0.694717
1786702958.510527,105.018485,3170,30.02,411.69,63.76,1.0000,0.643263,0.132842,412.01,333.44,0.9809,0.643759,0.694666
1786702958.540372,105.048330,3171,30.02,411.70,63.71,1.0000,0.643274,0.132738,411.97,333.42,0.9813,0.643702,0.694620
1786702958.576954,105.084912,3172,30.02,411.67,63.70,1.0000,0.643237,0.132710,412.07,333.39,0.9809,0.643862,0.694571
1786702958.608098,105.116055,3173,30.02,411.75,63.94,1.0000,0.643362,0.133217,412.02,333.42,0.9809,0.643780,0.694632
1786702958.642557,105.150514,3174,30.02,411.75,63.92,1.0000,0.643359,0.133176,412.00,333.45,0.9809,0.643749,0.694682
1786702958.677098,105.185055,3175,30.02,412.00,63.77,1.0000,0.643756,0.132848,411.99,333.44,0.9810,0.643734,0.694670
1786702958.710558,105.218515,3176,30.02,411.93,63.77,1.0000,0.643639,0.132862,412.05,333.53,0.9809,0.643831,0.694855
1786702958.738543,105.246501,3177,30.02,412.00,63.73,1.0000,0.643751,0.132781,412.04,333.58,0.9807,0.643817,0.694951
1786702958.778775,105.286733,3178,30.02,412.13,63.73,1.0000,0.643956,0.132776,412.03,333.58,0.9807,0.643795,0.694953
1786702958.801252,105.309210,3179,30.02,412.42,63.75,1.0000,0.644411,0.132805,412.04,333.58,0.9806,0.643807,0.694953
1786702958.837312,105.345270,3180,30.02,412.45,63.75,1.0000,0.644456,0.132812,412.03,333.59,0.9803,0.643800,0.694982
1786702958.883374,105.391332,3181,30.02,412.44,63.70,1.0000,0.644441,0.132699,411.91,333.72,0.9803,0.643606,0.695254
1786702958.990909,105.498866,3182,28.78,412.82,63.74,1.0000,0.645027,0.132785,411.90,333.47,0.9803,0.643601,0.694739
1786702959.028136,105.536093,3186,28.78,412.97,63.64,1.0000,0.645265,0.132592,411.84,333.55,0.9801,0.643507,0.694891
1786702959.059111,105.567068,3187,28.78,413.22,63.63,1.0000,0.645656,0.132565,411.84,333.54,0.9800,0.643497,0.694866
1786702959.112549,105.620507,3188,28.78,413.34,63.52,1.0000,0.645845,0.132343,411.87,333.58,0.9797,0.643544,0.694963
