host_epoch,t_rel,frame_number,fps,head_x,head_y,head_confidence,head_x_norm,head_y_norm,feet_x,feet_y,feet_confidence,feet_x_norm,feet_y_norm
1786702434.448728,-0.049350,16,0.00,422.14,58.39,0.9999,0.659594,0.121636,412.44,326.39,0.9687,0.644441,0.679974
1786702434.553239,0.055161,19,0.00,421.90,58.37,0.9999,0.659221,0.121615,413.68,325.62,0.9699,0.646376,0.678368
1786702434.571668,0.073590,20,0.00,421.85,58.00,0.9999,0.659135,0.120830,413.75,325.53,0.9696,0.646479,0.678184
1786702434.627314,0.129235,21,0.00,421.84,57.98,0.9999,0.659128,0.120792,414.11,325.59,0.9708,0.647045,0.678323
1786702434.651815,0.153737,22,0.00,421.84,57.70,1.0000,0.659127,0.120212,414.03,325.34,0.9705,0.646929,0.677790
1786702434.673780,0.175702,23,0.00,422.11,57.73,1.0000,0.659546,0.120273,414.27,325.27,0.9710,0.647295,0.677653
1786702434.738914,0.240836,24,0.00,422.37,57.55,1.0000,0.659956,0.119890,414.24,325.25,0.9705,0.647253,0.677613
1786702434.743867,0.245789,25,0.00,422.36,57.53,1.0000,0.659945,0.119851,414.45,325.16,0.9709,0.647571,0.677426
1786702434.831086,0.333008,26,0.00,422.08,56.77,1.0000,0.659507,0.118272,414.44,324.89,0.9710,0.647566,0.676846
1786702434.835746,0.337667,28,0.00,422.06,56.68,1.0000,0.659463,0.118091,414.38,324.36,0.9713,0.647471,0.675748
1786702434.900136,0.402057,29,0.00,422.10,56.69,1.0000,0.659539,0.118100,414.15,324.34,0.9715,0.647102,0.675714
1786702434.905462,0.407383,30,0.00,422.11,56.78,1.0000,0.659540,0.118293,414.15,324.29,0.9711,0.647113,0.675597
1786702435.050962,0.552884,32,23.17,422.04,57.00,1.0000,0.659435,0.118758,414.31,324.38,0.9709,0.647364,0.675789
1786702435.054476,0.556398,34,23.17,422.04,57.34,1.0000,0.659432,0.119456,414.32,324.35,0.9709,0.647374,0.675737
1786702435.242452,0.744374,35,23.17,422.28,57.41,1.0000,0.659807,0.119602,414.38,324.35,0.9721,0.647468,0.675728
1786702435.254997,0.756919,40,23.17,422.33,57.41,1.0000,0.659893,0.119608,414.32,324.22,0.9721,0.647369,0.675457
1786702435.270982,0.772903,41,23.17,422.34,57.41,1.0000,0.659906,0.119610,414.33,324.15,0.9722,0.647390,0.675316
1786702435.445232,0.947154,42,23.17,422.87,57.26,1.0000,0.660734,0.119281,414.14,323.78,0.9725,0.647095,0.674535
1786702435.468175,0.970097,46,23.17,422.90,57.31,1.0000,0.660776,0.119401,414.17,323.79,0.9729,0.647139,0.674553
1786702435.492859,0.994781,47,23.17,422.90,57.34,1.0000,0.660788,0.119461,414.16,323.62,0.9731,0.647126,0.674211
1786702435.508132,1.010054,48,23.17,422.91,57.36,1.0000,0.660797,0.119493,414.26,323.56,0.9732,0.647277,0.674074
1786702435.651629,1.153550,49,21.54,423.00,57.28,1.0000,0.660944,0.119328,414.44,323.34,0.9735,0.647567,0.673629
1786702435.655650,1.157572,52,21.54,422.54,57.24,1.0000,0.660214,0.119250,414.41,323.35,0.9733,0.647523,0.673647
1786702435.684557,1.186478,53,21.54,422.53,57.20,1.0000,0.660203,0.119172,414.37,323.41,0.9728,0.647456,0.673775
1786702435.714518,1.216439,54,21.54,422.54,57.16,1.0000,0.660214,0.119086,414.26,323.57,0.9719,0.647277,0.674112
1786702435.857629,1.359551,56,21.54,422.70,56.82,1.0000,0.660464,0.118366,414.32,323.61,0.9720,0.647379,0.674182
1786702435.869786,1.371708,58,21.54,422.55,56.82,1.0000,0.660227,0.118373,414.30,323.63,0.9719,0.647350,0.674222
1786702435.872702,1.374624,59,21.54,422.55,56.84,1.0000,0.660227,0.118424,414.22,323.74,0.9722,0.647224,0.674464
1786702435.979268,1.481189,61,21.54,422.13,56.77,1.0000,0.659571,0.118278,414.25,323.84,0.9724,0.647271,0.674657
1786702435.981931,1.483853,62,21.54,422.13,56.78,1.0000,0.659577,0.118302,414.33,323.93,0.9730,0.647394,0.674853
1786702436.003065,1.504987,63,21.54,421.97,56.78,1.0000,0.659329,0.118300,414.37,323.93,0.9727,0.647454,0.674855
1786702436.049515,1.551436,64,21.54,421.92,56.77,1.0000,0.659244,0.118269,414.38,324.06,0.9728,0.647467,0.675133
1786702436.081106,1.583028,65,21.54,421.93,56.77,1.0000,0.659262,0.118265,414.38,324.14,0.9729,0.647465,0.675295
1786702436.112915,1.614837,66,21.54,421.93,56.79,1.0000,0.659264,0.118322,414.37,324.28,0.9728,0.647457,0.675585
1786702436.144133,1.646055,67,21.54,421.94,56.85,1.0000,0.659274,0.118429,414.44,324.22,0.9725,0.647558,0.675463
1786702436.177136,1.679058,68,22.67,421.94,56.91,1.0000,0.659279,0.118568,414.44,324.21,0.9712,0.647567,0.675430
1786702436.208837,1.710758,69,22.67,421.99,56.85,1.0000,0.659359,0.118448,414.46,324.16,0.9709,0.647601,0.675328
1786702436.242266,1.744188,70,22.67,422.01,56.89,1.0000,0.659384,0.118514,414.54,324.30,0.9712,0.647724,0.675617
1786702436.283851,1.785773,71,22.67,422.04,56.92,1.0000,0.659433,0.118577,414.53,324.01,0.9713,0.647699,0.675018
1786702436.305074,1.806995,72,22.67,422.08,56.92,1.0000,0.659500,0.118583,414.53,323.99,0.9722,0.647699,0.674986
1786702436.349980,1.851902,73,22.67,422.15,56.94,1.0000,0.659606,0.118632,414.43,323.87,0.9724,0.647547,0.674739
1786702436.369075,1.870997,74,22.67,422.39,56.89,1.0000,0.659985,0.118526,414.38,324.17,0.9728,0.647474,0.675356
1786702436.397417,1.899339,75,22.67,422.50,56.86,1.0000,0.660153,0.118469,414.43,324.18,0.9731,0.647553,0.675370
1786702436.437066,1.938987,76,22.67,422.50,56.78,1.0000,0.660156,0.118300,414.44,324.20,0.9733,0.647556,0.675422
1786702436.477914,1.979836,77,22.67,422.62,56.70,1.0000,0.660343,0.118119,414.41,324.19,0.9727,0.647514,0.675400
1786702436.493955,1.995877,78,22.67,422.67,56.69,1.0000,0.660421,0.118114,414.45,324.02,0.9725,0.647577,0.675047
1786702436.534685,2.036606,79,22.67,422.74,56.70,1.0000,0.660529,0.118116,414.41,323.78,0.9724,0.647509,0.674536
1786702436.571867,2.073789,80,22.67,422.81,56.51,1.0000,0.660639,0.117724,414.35,323.94,0.9730,0.647416,0.674871
1786702436.603618,2.105540,81,22.67,422.81,56.51,1.0000,0.660642,0.117734,414.26,323.94,0.9724,0.647285,0.674873
1786702436.635850,2.137772,82,22.67,423.00,56.45,1.0000,0.660930,0.117608,414.35,323.85,0.9722,0.647419,0.674681
1786702436.670220,2.172142,83,24.06,422.98,56.46,1.0000,0.660901,0.117616,414.34,323.69,0.9720,0.647408,0.674344
1786702436.700007,2.201929,84,24.06,422.99,56.45,1.0000,0.660923,0.117611,414.38,323.73,0.9713,0.647470,0.674433
1786702436.736456,2.238378,85,24.06,423.12,56.45,1.0000,0.661118,0.117598,414.61,323.81,0.9724,0.647821,0.674612
1786702436.779197,2.281119,86,24.06,423.20,56.40,1.0000,0.661244,0.117501,414.66,323.53,0.9721,0.647902,0.674016
1786702436.795212,2.297133,87,24.06,423.24,56.47,1.0000,0.661312,0.117635,414.64,323.51,0.9720,0.647873,0.673987
1786702436.835642,2.337564,88,24.06,423.22,56.48,1.0000,0.661278,0.117675,414.59,323.97,0.9719,0.647804,0.674935
1786702436.869864,2.371785,89,24.06,423.20,56.69,1.0000,0.661250,0.118112,414.57,324.08,0.9719,0.647772,0.675174
1786702436.911986,2.413908,90,24.06,423.28,56.69,1.0000,0.661369,0.118108,414.83,324.33,0.9724,0.648165,0.675696
1786702436.926392,2.428313,91,24.06,423.17,56.70,1.0000,0.661204,0.118123,414.82,324.22,0.9731,0.648162,0.675451
1786702436.987241,2.489162,92,24.06,422.89,56.62,1.0000,0.660758,0.117955,414.63,324.25,0.9725,0.647861,0.675524
1786702437.018406,2.520328,93,24.06,422.86,56.48,1.0000,0.660711,0.117659,414.58,324.20,0.9730,0.647788,0.675411
1786702437.033692,2.535614,94,24.06,422.82,56.49,1.0000,0.660662,0.117684,414.55,324.41,0.9732,0.647741,0.675858
1786702437.069075,2.570997,95,24.06,422.78,56.47,1.0000,0.660596,0.117654,414.36,324.37,0.9727,0.647439,0.675768
1786702437.110713,2.612635,96,24.06,422.41,56.45,1.0000,0.660016,0.117597,414.31,324.31,0.9733,0.647362,0.675646
1786702437.135048,2.636970,97,24.06,422.41,56.38,1.0000,0.660018,0.117463,414.41,324.18,0.9733,0.647515,0.675376
1786702437.178009,2.679931,98,25.17,422.51,56.38,1.0000,0.660176,0.117468,414.36,323.88,0.9730,0.647434,0.674741
1786702437.193171,2.695092,99,25.17,422.29,56.41,1.0000,0.659828,0.117529,414.36,323.94,0.9733,0.647436,0.674874
1786702437.237765,2.739686,100,25.17,422.16,56.41,1.0000,0.659624,0.117528,414.37,324.07,0.9735,0.647451,0.675140
1786702437.269543,2.771464,101,25.17,422.17,56.53,1.0000,0.659638,0.117771,414.31,324.09,0.9736,0.647354,0.675187
1786702437.303777,2.805699,102,25.17,422.15,56.58,1.0000,0.659609,0.117868,414.28,324.14,0.9733,0.647312,0.675290
1786702437.338296,2.840217,103,25.17,422.14,56.67,1.0000,0.659592,0.118058,414.33,324.08,0.9732,0.647393,0.675166
1786702437.418547,2.920469,104,25.17,422.18,56.67,1.0000,0.659649,0.118065,414.26,323.78,0.9728,0.647281,0.674542
1786702437.433089,2.935011,105,25.17,422.18,56.73,1.0000,0.659650,0.118181,414.27,323.75,0.9728,0.647291,0.674485
1786702437.447344,2.949266,106,25.17,422.18,56.77,1.0000,0.659649,0.118271,414.27,323.77,0.9719,0.647292,0.674511
1786702437.479424,2.981345,107,25.17,422.13,56.79,1.0000,0.659572,0.118305,414.28,323.77,0.9717,0.647316,0.674530
1786702437.527987,3.029909,108,25.17,421.96,56.83,1.0000,0.659305,0.118388,414.29,323.73,0.9711,0.647322,0.674431
1786702437.543447,3.045369,109,25.17,421.90,56.82,1.0000,0.659211,0.118366,414.41,323.77,0.9715,0.647514,0.674514
1786702437.575571,3.077492,110,25.17,421.83,56.83,1.0000,0.659110,0.118401,414.39,323.89,0.9723,0.647477,0.674766
1786702437.591114,3.093035,111,25.17,421.68,56.88,1.0000,0.658880,0.118505,414.45,323.86,0.9728,0.647570,0.674704
1786702437.654861,3.156783,112,25.17,421.61,56.95,1.0000,0.658767,0.118649,414.41,323.76,0.9730,0.647521,0.674502
1786702437.687332,3.189254,113,26.02,421.24,57.02,1.0000,0.658183,0.118790,414.47,323.76,0.9728,0.647602,0.674502
1786702437.709861,3.211783,114,26.02,421.06,57.10,1.0000,0.657902,0.118948,414.51,323.91,0.9725,0.647676,0.674808
1786702437.735094,3.237016,115,26.02,421.05,57.11,1.0000,0.657888,0.118977,414.55,324.02,0.9733,0.647730,0.675042
1786702437.782689,3.284611,116,26.02,421.02,57.16,1.0000,0.657849,0.119091,414.53,324.01,0.9730,0.647701,0.675014
1786702437.814140,3.316061,117,26.02,421.08,57.17,1.0000,0.657935,0.119111,414.56,324.25,0.9735,0.647757,0.675527
1786702437.846192,3.348114,118,26.02,421.08,57.21,1.0000,0.657935,0.119179,414.57,324.28,0.9739,0.647762,0.675579
1786702437.861608,3.363529,119,26.02,420.95,57.19,1.0000,0.657733,0.119152,414.62,324.28,0.9739,0.647847,0.675592
1786702437.902208,3.404130,120,26.02,420.93,57.19,1.0000,0.657704,0.119146,414.65,324.23,0.9744,0.647884,0.675473
1786702437.956735,3.458656,121,26.02,420.83,57.21,1.0000,0.657541,0.119180,414.72,324.84,0.9749,0.648000,0.676752
1786702437.989905,3.491827,122,26.02,420.83,57.23,1.0000,0.657542,0.119220,414.74,324.74,0.9747,0.648033,0.676547
1786702438.004813,3.506735,123,26.02,420.79,57.23,1.0000,0.657490,0.119225,414.66,324.81,0.9746,0.647912,0.676689
1786702438.037242,3.539164,124,26.02,420.84,57.23,1.0000,0.657565,0.119235,414.68,324.84,0.9745,0.647932,0.676757
1786702438.085635,3.587556,125,26.02,420.92,57.32,1.0000,0.657685,0.119423,414.62,324.84,0.9749,0.647849,0.676754
1786702438.117262,3.619184,126,26.02,420.97,57.37,1.0000,0.657764,0.119526,414.64,324.84,0.9753,0.647881,0.676754
1786702438.133013,3.634934,127,26.02,421.02,57.38,1.0000,0.657839,0.119533,414.63,324.85,0.9757,0.647865,0.676781
1786702438.181519,3.683440,128,26.02,421.08,57.38,1.0000,0.657943,0.119541,414.62,325.06,0.9759,0.647837,0.677212
1786702438.196738,3.698660,129,27.08,421.12,57.38,1.0000,0.657994,0.119546,414.50,324.94,0.9761,0.647654,0.676966
1786702438.245336,3.747257,130,27.08,421.06,57.47,1.0000,0.657911,0.119735,414.45,324.93,0.9751,0.647583,0.676945
1786702438.277755,3.779676,131,27.08,421.12,57.60,1.0000,0.658005,0.119994,414.50,324.91,0.9756,0.647656,0.676898
1786702438.308984,3.810905,132,27.08,421.26,57.60,1.0000,0.658218,0.120009,414.53,324.89,0.9759,0.647697,0.676857
1786702438.333222,3.835144,133,27.08,421.60,57.61,1.0000,0.658743,0.120014,414.48,324.86,0.9756,0.647619,0.676798
1786702438.373524,3.875446,134,27.08,421.71,57.63,1.0000,0.658927,0.120067,414.46,324.88,0.9756,0.647602,0.676831
1786702438.406507,3.908428,135,27.08,421.92,57.65,1.0000,0.659255,0.120097,414.47,324.82,0.9756,0.647605,0.676702
1786702438.439475,3.941397,136,27.08,422.01,57.65,1.0000,0.659386,0.120104,414.48,324.82,0.9755,0.647629,0.676703
1786702438.460125,3.962047,137,27.08,422.01,57.69,1.0000,0.659386,0.120184,414.54,324.80,0.9758,0.647712,0.676675
1786702438.502714,4.004636,138,27.08,422.04,57.86,1.0000,0.659437,0.120545,414.44,324.77,0.9754,0.647562,0.676611
1786702438.535432,4.037354,139,27.08,422.05,57.91,1.0000,0.659448,0.120648,414.34,324.78,0.9759,0.647400,0.676624
1786702438.560664,4.062585,140,27.08,422.07,57.92,1.0000,0.659491,0.120677,414.34,324.86,0.9754,0.647405,0.676802
1786702438.598577,4.100499,141,27.08,422.06,57.93,1.0000,0.659461,0.120688,414.34,324.89,0.9756,0.647413,0.676845
1786702438.642998,4.144920,142,27.08,422.02,57.97,1.0000,0.659404,0.120772,414.32,324.91,0.9758,0.647372,0.676905
1786702438.675313,4.177235,143,27.08,421.84,57.98,1.0000,0.659129,0.120781,414.33,324.82,0.9760,0.647387,0.676718
1786702438.707307,4.209229,144,27.56,421.92,57.96,1.0000,0.659256,0.120748,414.34,324.81,0.9763,0.647411,0.676690
1786702438.739366,4.241287,145,27.56,421.93,58.06,1.0000,0.659264,0.120955,414.36,324.57,0.9760,0.647438,0.676194
1786702438.770813,4.272734,146,27.56,421.99,58.11,1.0000,0.659365,0.121072,414.40,324.52,0.9761,0.647505,0.676076
1786702438.786602,4.288524,147,27.56,422.02,58.15,1.0000,0.659407,0.121141,414.43,324.33,0.9754,0.647549,0.675681
1786702438.851447,4.353369,148,27.56,422.02,58.15,1.0000,0.659407,0.121141,414.57,324.26,0.9753,0.647771,0.675540
1786702438.883308,4.385229,149,27.56,421.97,58.15,1.0000,0.659330,0.121147,414.57,324.27,0.9753,0.647772,0.675567
1786702438.915505,4.417427,150,27.56,421.97,58.16,1.0000,0.659332,0.121161,414.50,324.23,0.9749,0.647658,0.675476
1786702438.947210,4.449131,151,27.56,421.98,58.16,1.0000,0.659342,0.121171,414.57,323.93,0.9752,0.647761,0.674857
1786702438.979497,4.481418,152,27.56,421.82,58.09,1.0000,0.659089,0.121014,414.47,323.77,0.9745,0.647616,0.674517
1786702438.994629,4.496551,153,27.56,421.91,58.03,1.0000,0.659236,0.120904,414.56,323.84,0.9752,0.647743,0.674673
1786702439.034958,4.536880,154,27.56,421.87,58.02,1.0000,0.659171,0.120874,414.56,323.99,0.9752,0.647752,0.674973
1786702439.072078,4.574000,155,27.56,421.95,58.01,1.0000,0.659300,0.120846,414.57,323.98,0.9759,0.647759,0.674960
1786702439.102323,4.604245,156,27.56,421.99,57.89,1.0000,0.659357,0.120609,414.55,324.06,0.9761,0.647728,0.675122
1786702439.136926,4.638848,157,27.56,422.03,57.78,1.0000,0.659426,0.120370,414.69,324.19,0.9751,0.647959,0.675388
1786702439.168123,4.670045,158,27.56,422.24,57.38,1.0000,0.659747,0.119537,414.62,324.26,0.9744,0.647838,0.675550
1786702439.232650,4.734571,159,27.75,422.29,56.79,1.0000,0.659835,0.118303,414.49,324.17,0.9729,0.647637,0.675354
1786702439.247572,4.749494,160,27.75,422.46,56.77,1.0000,0.660086,0.118275,414.50,324.75,0.9738,0.647659,0.676570
1786702439.277276,4.779198,161,27.75,422.48,56.75,1.0000,0.660117,0.118224,414.53,324.72,0.9739,0.647707,0.676498
1786702439.296163,4.798084,162,27.75,422.52,56.67,1.0000,0.660194,0.118062,414.50,324.75,0.9734,0.647664,0.676557
1786702439.312033,4.813954,163,27.75,422.60,56.37,1.0000,0.660308,0.117443,414.38,324.56,0.9731,0.647467,0.676176
1786702439.365690,4.867612,164,27.75,422.70,56.34,1.0000,0.660472,0.117383,414.60,324.75,0.9740,0.647809,0.676567
1786702439.402374,4.904295,165,27.75,422.80,56.34,1.0000,0.660626,0.117378,414.52,324.50,0.9741,0.647681,0.676040
1786702439.431654,4.933576,166,27.75,422.80,56.34,1.0000,0.660617,0.117372,414.48,324.32,0.9738,0.647625,0.675669
1786702439.487757,4.989678,167,27.75,422.89,56.35,1.0000,0.660767,0.117402,414.50,324.07,0.9738,0.647651,0.675140
1786702439.502424,5.004345,168,27.75,422.89,56.36,1.0000,0.660770,0.117423,414.47,324.07,0.9735,0.647615,0.675155
1786702439.539674,5.041595,169,27.75,422.89,56.40,1.0000,0.660772,0.117498,414.53,324.14,0.9730,0.647703,0.675297
1786702439.583158,5.085079,170,27.75,423.00,56.50,1.0000,0.660939,0.117701,414.50,324.08,0.9732,0.647662,0.675169
1786702439.615066,5.116987,171,27.75,422.91,56.60,1.0000,0.660803,0.117923,414.45,323.94,0.9728,0.647584,0.674882
1786702439.630494,5.132415,172,27.75,422.93,56.62,1.0000,0.660833,0.117953,414.45,323.97,0.9727,0.647583,0.674930
1786702439.696231,5.198153,173,27.75,422.81,56.78,1.0000,0.660642,0.118287,414.33,324.04,0.9723,0.647392,0.675093
1786702439.711373,5.213295,174,27.75,422.86,56.78,1.0000,0.660725,0.118290,414.30,324.06,0.9721,0.647339,0.675121
1786702439.727081,5.229003,175,28.51,422.87,56.78,1.0000,0.660736,0.118295,414.36,324.23,0.9725,0.647444,0.675484
1786702439.775792,5.277714,176,28.51,422.88,56.90,1.0000,0.660751,0.118539,414.23,324.50,0.9729,0.647229,0.676033
1786702439.807784,5.309705,177,28.51,422.87,56.90,1.0000,0.660734,0.118543,414.20,324.51,0.9728,0.647183,0.676055
1786702439.839767,5.341688,178,28.51,423.14,56.92,1.0000,0.661149,0.118578,414.15,324.72,0.9723,0.647111,0.676494
1786702439.865962,5.367883,179,28.51,423.14,56.99,1.0000,0.661153,0.118738,414.14,324.71,0.9722,0.647096,0.676489
1786702439.895248,5.397170,180,28.51,423.20,57.02,1.0000,0.661257,0.118802,414.07,324.77,0.9721,0.646991,0.676606
1786702439.938539,5.440460,181,28.51,423.30,57.04,1.0000,0.661405,0.118827,414.02,324.60,0.9727,0.646904,0.676250
1786702439.984697,5.486619,182,28.51,423.35,57.04,1.0000,0.661481,0.118838,413.92,324.66,0.9729,0.646745,0.676379
1786702440.002053,5.503975,183,28.51,423.23,57.12,1.0000,0.661293,0.119004,413.89,324.69,0.9728,0.646711,0.676429
1786702440.047860,5.549782,184,28.51,423.23,57.13,1.0000,0.661294,0.119012,414.09,324.69,0.9727,0.647009,0.676443
1786702440.066545,5.568467,185,28.51,423.28,57.13,1.0000,0.661371,0.119017,414.14,324.73,0.9728,0.647090,0.676521
1786702440.112129,5.614050,186,28.51,423.52,57.08,1.0000,0.661751,0.118923,414.19,324.63,0.9727,0.647167,0.676314
1786702440.143618,5.645539,187,28.51,423.54,57.08,1.0000,0.661775,0.118926,414.29,324.48,0.9728,0.647324,0.675993
1786702440.166714,5.668636,188,28.51,423.53,57.08,1.0000,0.661772,0.118906,414.28,324.63,0.9729,0.647317,0.676322
1786702440.208026,5.709947,189,28.51,423.76,57.07,1.0000,0.662121,0.118889,414.40,324.66,0.9734,0.647498,0.676381
1786702440.223707,5.725629,190,28.51,424.07,56.88,1.0000,0.662614,0.118505,414.32,324.81,0.9736,0.647373,0.676691
1786702440.281033,5.782954,191,28.73,424.18,56.84,1.0000,0.662789,0.118422,414.31,324.81,0.9746,0.647361,0.676690
1786702440.306294,5.808216,192,28.73,423.91,56.85,1.0000,0.662354,0.118443,414.30,324.66,0.9738,0.647341,0.676375
1786702440.335170,5.837091,193,28.73,423.83,56.88,1.0000,0.662239,0.118504,414.33,324.60,0.9747,0.647391,0.676256
1786702440.366887,5.868808,194,28.73,423.81,57.05,1.0000,0.662211,0.118859,414.34,324.72,0.9747,0.647405,0.676499
1786702440.407320,5.909242,195,28.73,423.81,57.11,1.0000,0.662196,0.118985,414.42,324.39,0.9749,0.647534,0.675815
1786702440.436218,5.938140,196,28.73,423.80,57.36,1.0000,0.662195,0.119509,414.36,324.38,0.9751,0.647439,0.675790
1786702440.462450,5.964371,197,28.73,423.84,57.42,1.0000,0.662256,0.119632,414.43,324.56,0.9756,0.647543,0.676169
1786702440.527156,6.029078,198,28.73,423.84,57.50,1.0000,0.662254,0.119796,414.52,324.66,0.9755,0.647689,0.676385
1786702440.541627,6.043549,199,28.73,423.83,57.55,1.0000,0.662232,0.119897,414.60,324.71,0.9755,0.647814,0.676479
1786702440.567717,6.069639,200,28.73,423.81,57.65,1.0000,0.662205,0.120109,414.65,324.63,0.9752,0.647894,0.676314
1786702440.602402,6.104324,201,28.73,423.78,57.64,1.0000,0.662154,0.120088,414.64,324.63,0.9752,0.647881,0.676320
1786702440.632174,6.134096,202,28.73,423.71,57.69,1.0000,0.662048,0.120195,414.68,324.83,0.9752,0.647939,0.676734
1786702440.668650,6.170572,203,28.73,423.53,57.76,1.0000,0.661773,0.120340,414.68,324.85,0.9741,0.647941,0.676776
1786702440.713830,6.215752,204,28.73,423.53,57.79,1.0000,0.661771,0.120393,414.64,324.94,0.9744,0.647882,0.676955
1786702440.745758,6.247679,205,28.73,423.53,57.93,1.0000,0.661767,0.120695,414.64,324.96,0.9739,0.647876,0.677007
1786702440.782214,6.284136,206,28.92,423.45,57.91,1.0000,0.661640,0.120653,414.57,324.79,0.9731,0.647765,0.676654
1786702440.809239,6.311160,207,28.92,423.22,57.98,1.0000,0.661277,0.120792,414.60,324.99,0.9731,0.647818,0.677061
1786702440.840583,6.342505,208,28.92,423.16,57.98,1.0000,0.661195,0.120798,414.58,325.01,0.9736,0.647782,0.677101
1786702440.888229,6.390151,209,28.92,422.89,57.86,1.0000,0.660766,0.120541,414.50,324.66,0.9732,0.647657,0.676371
1786702440.903982,6.405904,210,28.92,422.88,57.72,1.0000,0.660751,0.120246,414.50,324.47,0.9725,0.647663,0.675987
1786702440.935488,6.437410,211,28.92,422.80,57.71,1.0000,0.660623,0.120238,414.55,324.43,0.9730,0.647735,0.675900
1786702440.972448,6.474370,212,28.92,422.55,57.76,1.0000,0.660237,0.120339,414.63,324.48,0.9731,0.647862,0.676000
1786702441.007988,6.509910,213,28.92,422.42,57.77,1.0000,0.660025,0.120363,414.61,324.55,0.9739,0.647827,0.676154
1786702441.040697,6.542619,214,28.92,422.31,57.77,1.0000,0.659864,0.120347,414.54,324.57,0.9747,0.647711,0.676185
1786702441.072618,6.574539,215,28.92,422.26,57.69,1.0000,0.659775,0.120190,414.52,324.68,0.9756,0.647682,0.676418
1786702441.126089,6.628011,216,28.92,422.20,57.67,1.0000,0.659686,0.120150,414.54,324.42,0.9760,0.647724,0.675883
1786702441.141488,6.643410,217,28.92,422.30,57.60,1.0000,0.659843,0.120002,414.61,324.44,0.9762,0.647834,0.675907
1786702441.173738,6.675660,218,28.92,422.35,57.51,1.0000,0.659919,0.119813,414.60,324.43,0.9757,0.647819,0.675898
1786702441.205886,6.707808,219,28.92,422.35,57.30,1.0000,0.659914,0.119379,414.61,324.37,0.9756,0.647825,0.675775
1786702441.221637,6.723558,220,28.92,422.10,57.27,1.0000,0.659535,0.119305,414.61,324.25,0.9752,0.647833,0.675525
1786702441.284939,6.786861,221,28.92,422.41,57.04,1.0000,0.660012,0.118827,414.65,324.25,0.9754,0.647895,0.675511
1786702441.300920,6.802841,222,29.21,422.53,57.06,1.0000,0.660200,0.118878,414.69,324.18,0.9753,0.647954,0.675366
1786702441.335038,6.836960,223,29.21,422.61,57.22,1.0000,0.660335,0.119215,414.69,324.16,0.9756,0.647958,0.675336
1786702441.374545,6.876466,224,29.21,422.70,57.20,1.0000,0.660474,0.119168,414.67,323.89,0.9751,0.647923,0.674765
1786702441.428055,6.929976,225,29.21,422.70,56.98,1.0000,0.660470,0.118703,414.66,323.96,0.9755,0.647913,0.674913
1786702441.444154,6.946076,226,29.21,422.70,57.00,1.0000,0.660472,0.118753,414.63,324.02,0.9756,0.647862,0.675041
1786702441.505766,7.007688,227,29.21,422.89,57.10,1.0000,0.660764,0.118964,414.63,324.40,0.9760,0.647858,0.675826
1786702441.508323,7.010244,228,29.21,422.73,57.09,1.0000,0.660509,0.118928,414.60,324.36,0.9757,0.647818,0.675758
1786702441.542734,7.044656,229,29.21,422.68,57.10,1.0000,0.660439,0.118955,414.59,324.41,0.9759,0.647802,0.675853
1786702441.568893,7.070815,230,29.21,422.45,57.11,1.0000,0.660083,0.118976,414.57,324.37,0.9758,0.647759,0.675760
1786702441.619413,7.121335,231,29.21,422.39,57.32,1.0000,0.659982,0.119411,414.40,324.50,0.9758,0.647507,0.676038
1786702441.635169,7.137090,232,29.21,422.39,57.42,1.0000,0.659982,0.119627,414.36,324.57,0.9764,0.647438,0.676181
1786702441.683243,7.185164,233,29.21,422.57,57.44,1.0000,0.660264,0.119666,414.33,324.37,0.9761,0.647392,0.675765
1786702441.698940,7.200861,234,29.21,422.64,57.45,1.0000,0.660378,0.119677,414.35,324.39,0.9765,0.647414,0.675808
1786702441.738877,7.240798,235,29.21,422.68,57.45,1.0000,0.660431,0.119691,414.37,324.36,0.9761,0.647447,0.675741
1786702441.795111,7.297033,236,29.21,422.76,57.46,1.0000,0.660564,0.119712,414.40,324.36,0.9749,0.647504,0.675748
1786702441.810816,7.312737,237,29.26,422.82,57.59,1.0000,0.660654,0.119974,414.37,324.38,0.9747,0.647460,0.675793
1786702441.836408,7.338329,238,29.26,422.80,57.64,1.0000,0.660631,0.120086,414.34,324.45,0.9748,0.647414,0.675939
1786702441.874584,7.376505,239,29.26,422.71,57.87,1.0000,0.660479,0.120567,414.39,324.48,0.9749,0.647482,0.676000
1786702441.922565,7.424486,240,29.26,422.81,57.87,1.0000,0.660640,0.120554,414.40,324.49,0.9748,0.647494,0.676019
1786702441.954662,7.456583,241,29.26,422.82,57.92,1.0000,0.660651,0.120671,414.29,324.45,0.9743,0.647324,0.675933
1786702441.985268,7.487189,242,29.26,422.60,57.93,1.0000,0.660313,0.120694,414.29,324.36,0.9744,0.647330,0.675750
1786702442.000956,7.502877,243,29.26,422.58,58.01,1.0000,0.660280,0.120860,414.33,324.32,0.9742,0.647395,0.675669
1786702442.048661,7.550583,244,29.26,422.59,58.01,1.0000,0.660293,0.120859,414.38,324.38,0.9742,0.647476,0.675798
1786702442.069920,7.571842,245,29.26,422.56,57.88,1.0000,0.660252,0.120589,414.41,324.22,0.9744,0.647508,0.675455
1786702442.111947,7.613868,246,29.26,422.45,57.89,1.0000,0.660080,0.120595,414.37,324.22,0.9746,0.647449,0.675458
1786702442.143819,7.645741,247,29.26,422.45,57.89,1.0000,0.660073,0.120597,414.38,324.35,0.9753,0.647463,0.675727
1786702442.192292,7.694214,248,29.26,422.25,57.84,1.0000,0.659767,0.120493,414.45,324.44,0.9761,0.647575,0.675914
1786702442.209303,7.711225,249,29.26,422.25,57.81,1.0000,0.659767,0.120436,414.44,324.46,0.9767,0.647570,0.675959
1786702442.255560,7.757482,250,29.26,422.24,57.74,1.0000,0.659756,0.120293,414.45,324.50,0.9769,0.647581,0.676036
1786702442.300876,7.802798,251,29.26,422.24,57.67,1.0000,0.659746,0.120149,414.39,324.41,0.9774,0.647484,0.675863
1786702442.319704,7.821626,252,29.30,422.28,57.59,1.0000,0.659819,0.119976,414.53,324.41,0.9774,0.647706,0.675845
1786702442.349656,7.851577,253,29.30,422.27,57.66,1.0000,0.659792,0.120116,414.52,324.39,0.9774,0.647685,0.675810
1786702442.356380,7.858301,254,29.30,422.12,57.78,1.0000,0.659562,0.120377,414.51,324.40,0.9771,0.647673,0.675824
1786702442.398139,7.900061,255,29.30,422.12,57.77,1.0000,0.659560,0.120357,414.48,324.41,0.9777,0.647629,0.675848
1786702442.444934,7.946856,256,29.30,422.12,57.61,1.0000,0.659559,0.120024,414.49,324.40,0.9778,0.647637,0.675833
1786702442.479236,7.981158,257,29.30,422.11,57.56,1.0000,0.659547,0.119920,414.47,324.43,0.9779,0.647616,0.675905
1786702442.508765,8.010687,258,29.30,422.10,57.53,1.0000,0.659529,0.119852,414.41,324.51,0.9784,0.647516,0.676066
1786702442.547496,8.049417,259,29.30,422.10,57.53,1.0000,0.659528,0.119851,414.41,324.60,0.9786,0.647516,0.676255
1786702442.560800,8.062722,260,29.30,422.11,57.44,1.0000,0.659553,0.119668,414.41,324.73,0.9788,0.647512,0.676518
1786702442.618371,8.120293,261,29.30,422.20,57.32,1.0000,0.659687,0.119419,414.45,324.76,0.9791,0.647578,0.676584
1786702442.650554,8.152475,262,29.30,422.20,57.32,1.0000,0.659692,0.119415,414.45,324.84,0.9794,0.647579,0.676754
1786702442.682899,8.184821,263,29.30,422.22,57.30,1.0000,0.659721,0.119369,414.46,324.87,0.9791,0.647587,0.676804
1786702442.710103,8.212025,264,29.30,422.28,57.18,1.0000,0.659812,0.119134,414.47,324.87,0.9790,0.647614,0.676816
1786702442.713526,8.215447,265,29.30,422.28,57.15,1.0000,0.659811,0.119072,414.45,324.86,0.9787,0.647583,0.676786
1786702442.794066,8.295988,266,29.30,422.27,57.13,1.0000,0.659795,0.119030,414.49,324.77,0.9784,0.647638,0.676600
1786702442.825434,8.327356,267,29.30,422.30,57.16,1.0000,0.659845,0.119083,414.49,324.77,0.9784,0.647637,0.676613
1786702442.857435,8.359357,268,29.52,422.30,57.17,1.0000,0.659837,0.119096,414.42,324.76,0.9783,0.647526,0.676589
1786702442.888820,8.390742,269,29.52,422.43,57.23,1.0000,0.660051,0.119233,414.39,324.84,0.9785,0.647477,0.676758
1786702442.920879,8.422800,270,29.52,422.45,57.09,1.0000,0.660075,0.118943,414.38,324.80,0.9780,0.647461,0.676674
1786702442.952432,8.454354,271,29.52,422.32,57.11,1.0000,0.659880,0.118977,414.42,324.81,0.9784,0.647531,0.676681
1786702442.968037,8.469959,272,29.52,422.32,57.10,1.0000,0.659876,0.118962,414.38,324.58,0.9777,0.647470,0.676203
1786702443.015366,8.517288,273,29.52,422.33,57.11,1.0000,0.659895,0.118977,414.37,324.60,0.9779,0.647455,0.676241
1786702443.047478,8.549399,274,29.52,422.32,57.17,1.0000,0.659880,0.119107,414.37,324.37,0.9778,0.647455,0.675765
1786702443.081326,8.583248,275,29.52,422.22,57.16,1.0000,0.659711,0.119093,414.30,324.46,0.9774,0.647338,0.675950
1786702443.110440,8.612361,276,29.52,422.07,57.19,1.0000,0.659478,0.119149,414.25,324.48,0.9780,0.647261,0.675996
1786702443.126050,8.627971,277,29.52,421.91,57.20,1.0000,0.659237,0.119162,414.21,324.49,0.9782,0.647196,0.676011
1786702443.173877,8.675799,278,29.52,421.91,57.21,1.0000,0.659230,0.119186,414.30,324.40,0.9774,0.647337,0.675835
1786702443.205621,8.707543,279,29.52,421.90,57.21,1.0000,0.659226,0.119193,414.29,324.51,0.9776,0.647332,0.676053
1786702443.239346,8.741267,280,29.52,421.80,57.24,1.0000,0.659058,0.119256,414.29,324.50,0.9777,0.647329,0.676046
1786702443.264964,8.766886,281,29.52,421.84,57.26,1.0000,0.659132,0.119282,414.32,324.55,0.9776,0.647378,0.676156
1786702443.303159,8.805081,282,29.52,421.91,57.17,1.0000,0.659231,0.119113,414.30,324.48,0.9775,0.647347,0.676000
1786702443.347842,8.849763,283,29.52,421.71,57.12,1.0000,0.658915,0.119010,414.28,324.20,0.9776,0.647312,0.675411
1786702443.379757,8.881679,284,29.82,421.58,57.04,1.0000,0.658725,0.118843,414.24,323.89,0.9774,0.647253,0.674766
1786702443.412323,8.914245,285,29.82,421.57,56.93,1.0000,0.658709,0.118612,414.29,323.87,0.9767,0.647322,0.674730
1786702443.442905,8.944827,286,29.82,421.44,56.92,1.0000,0.658496,0.118594,414.28,323.88,0.9770,0.647312,0.674744
1786702443.490139,8.992060,287,29.82,421.43,56.98,1.0000,0.658486,0.118704,414.39,323.89,0.9773,0.647488,0.674774
1786702443.521584,9.023506,288,29.82,421.37,56.99,1.0000,0.658398,0.118736,414.40,323.89,0.9771,0.647503,0.674781
1786702443.554356,9.056278,289,29.82,421.30,56.99,1.0000,0.658281,0.118724,414.27,323.88,0.9762,0.647292,0.674756
1786702443.586490,9.088412,290,29.82,421.24,57.08,1.0000,0.658185,0.118914,414.21,324.04,0.9762,0.647204,0.675093
1786702443.617614,9.119535,291,29.82,421.08,57.11,1.0000,0.657939,0.118974,414.21,324.04,0.9762,0.647207,0.675085
1786702443.649177,9.151099,292,29.82,421.03,57.17,1.0000,0.657862,0.119100,414.29,324.10,0.9762,0.647321,0.675201
1786702443.681012,9.182934,293,29.82,420.98,57.17,1.0000,0.657788,0.119102,414.35,324.14,0.9769,0.647426,0.675300
1786702443.713026,9.214947,294,29.82,420.98,57.08,1.0000,0.657786,0.118923,414.41,324.17,0.9765,0.647510,0.675349
1786702443.728968,9.230890,295,29.82,420.86,57.03,1.0000,0.657587,0.118823,414.28,324.07,0.9762,0.647314,0.675142
1786702443.769002,9.270924,296,29.82,420.75,56.95,1.0000,0.657415,0.118651,414.20,324.05,0.9759,0.647187,0.675110
1786702443.809424,9.311346,297,29.82,420.52,56.92,1.0000,0.657067,0.118587,414.13,324.03,0.9760,0.647083,0.675063
1786702443.836056,9.337977,298,29.82,420.40,56.92,1.0000,0.656868,0.118580,414.22,324.02,0.9756,0.647220,0.675043
1786702443.872928,9.374850,299,29.82,420.39,56.70,1.0000,0.656855,0.118135,414.26,323.86,0.9753,0.647287,0.674711
1786702443.918529,9.420451,300,29.84,420.26,56.62,1.0000,0.656656,0.117951,414.22,323.97,0.9756,0.647218,0.674939
1786702443.951794,9.453716,301,29.84,420.12,56.61,1.0000,0.656442,0.117935,414.23,324.05,0.9754,0.647230,0.675097
1786702443.986583,9.488504,302,29.84,420.03,56.69,1.0000,0.656295,0.118107,414.07,323.77,0.9750,0.646981,0.674531
1786702443.998711,9.500633,303,29.84,419.90,56.67,1.0000,0.656097,0.118064,414.02,323.78,0.9742,0.646910,0.674542
1786702444.038735,9.540657,304,29.84,419.88,56.66,1.0000,0.656058,0.118047,414.10,323.79,0.9747,0.647024,0.674553
1786702444.079062,9.580983,305,29.84,419.87,56.69,1.0000,0.656048,0.118106,414.05,323.73,0.9752,0.646959,0.674447
1786702444.110845,9.612767,306,29.84,419.82,56.69,1.0000,0.655964,0.118105,414.06,323.82,0.9754,0.646961,0.674627
1786702444.153491,9.655413,307,29.84,419.69,56.56,1.0000,0.655761,0.117834,413.99,323.53,0.9752,0.646857,0.674014
1786702444.174448,9.676370,308,29.84,419.69,56.56,1.0000,0.655765,0.117833,414.01,323.54,0.9750,0.646898,0.674042
1786702444.205729,9.707651,309,29.84,419.69,56.55,1.0000,0.655767,0.117816,413.95,323.49,0.9748,0.646793,0.673941
1786702444.236817,9.738739,310,29.84,419.74,56.53,1.0000,0.655841,0.117773,413.95,323.49,0.9747,0.646791,0.673943
1786702444.285631,9.787553,311,29.84,419.74,56.53,1.0000,0.655846,0.117770,413.95,323.34,0.9739,0.646801,0.673634
1786702444.300728,9.802650,312,29.84,419.71,56.56,1.0000,0.655794,0.117826,413.90,323.55,0.9737,0.646718,0.674072
1786702444.377079,9.879001,313,29.84,419.70,56.58,1.0000,0.655788,0.117866,414.01,323.66,0.9731,0.646884,0.674299
1786702444.379713,9.881635,314,29.84,419.69,56.59,1.0000,0.655771,0.117895,414.08,323.70,0.9733,0.647001,0.674371
1786702444.394934,9.896855,315,29.87,419.70,56.68,1.0000,0.655781,0.118080,414.08,323.54,0.9730,0.647006,0.674045
1786702444.442255,9.944177,316,29.87,419.76,56.74,1.0000,0.655875,0.118216,414.12,323.52,0.9728,0.647055,0.673998
1786702444.474775,9.976697,317,29.87,419.78,56.74,1.0000,0.655913,0.118219,414.21,323.53,0.9723,0.647207,0.674017
1786702444.505145,10.007066,318,29.87,419.79,56.77,1.0000,0.655918,0.118264,414.23,323.66,0.9724,0.647242,0.674288
1786702444.543154,10.045076,319,29.87,419.79,56.76,1.0000,0.655917,0.118255,414.17,323.54,0.9713,0.647146,0.674048
1786702444.565737,10.067658,320,29.87,419.79,56.76,1.0000,0.655919,0.118257,414.17,323.56,0.9717,0.647145,0.674081
1786702444.595295,10.097217,321,29.87,419.72,56.78,1.0000,0.655808,0.118297,414.17,323.56,0.9714,0.647138,0.674083
1786702444.642734,10.144656,322,29.87,419.69,56.86,1.0000,0.655773,0.118462,414.25,323.88,0.9713,0.647271,0.674743
1786702444.675454,10.177375,323,29.87,419.71,56.82,1.0000,0.655802,0.118374,414.37,323.60,0.9708,0.647460,0.674162
1786702444.707445,10.209367,324,29.87,419.69,56.84,1.0000,0.655761,0.118410,414.37,323.59,0.9702,0.647451,0.674140
1786702444.762915,10.264837,325,29.87,419.63,56.85,1.0000,0.655672,0.118444,414.28,323.53,0.9694,0.647316,0.674026
1786702444.770477,10.272399,326,29.87,419.57,56.89,1.0000,0.655583,0.118521,414.25,323.58,0.9683,0.647261,0.674119
1786702444.802452,10.304374,327,29.87,419.58,56.89,1.0000,0.655601,0.118519,414.26,323.69,0.9686,0.647286,0.674345
1786702444.850403,10.352325,328,29.87,419.51,56.90,1.0000,0.655480,0.118551,414.41,323.98,0.9691,0.647523,0.674959
1786702444.875203,10.377125,329,29.87,419.51,56.91,1.0000,0.655477,0.118558,414.39,323.72,0.9688,0.647489,0.674423
1786702444.912892,10.414813,330,29.86,419.38,56.91,1.0000,0.655274,0.118561,414.32,323.69,0.9681,0.647377,0.674357
1786702444.930869,10.432790,331,29.86,419.51,56.98,1.0000,0.655488,0.118699,414.39,323.92,0.9691,0.647478,0.674838
1786702444.993406,10.495328,332,29.86,419.39,56.91,1.0000,0.655296,0.118572,414.34,323.92,0.9697,0.647404,0.674828
1786702445.000266,10.502188,333,29.86,419.66,56.92,1.0000,0.655721,0.118573,414.33,324.00,0.9704,0.647394,0.675007
1786702445.040620,10.542541,334,29.86,419.66,56.96,1.0000,0.655719,0.118668,414.34,323.98,0.9699,0.647399,0.674956
1786702445.091624,10.593546,335,29.86,419.70,57.22,1.0000,0.655778,0.119205,414.31,323.95,0.9700,0.647357,0.674895
1786702445.121300,10.623221,336,29.86,419.84,57.22,1.0000,0.655994,0.119206,414.28,323.71,0.9702,0.647313,0.674390
1786702445.136363,10.638284,337,29.86,419.85,57.24,1.0000,0.656018,0.119254,414.27,323.65,0.9701,0.647291,0.674267
1786702445.158349,10.660271,338,29.86,419.78,57.28,1.0000,0.655911,0.119335,414.25,323.69,0.9700,0.647269,0.674355
1786702445.216505,10.718426,339,29.86,419.80,57.36,1.0000,0.655933,0.119503,414.22,323.64,0.9705,0.647218,0.674257
1786702445.248092,10.750014,340,29.86,419.91,57.42,1.0000,0.656107,0.119626,414.32,323.77,0.9707,0.647376,0.674525
1786702445.280135,10.782056,341,29.86,419.92,57.41,1.0000,0.656129,0.119611,414.34,323.56,0.9705,0.647403,0.674093
1786702445.311819,10.813741,342,29.86,420.02,57.41,1.0000,0.656284,0.119613,414.52,323.87,0.9711,0.647686,0.674719
1786702445.350231,10.852152,343,29.86,420.02,57.36,1.0000,0.656275,0.119496,414.52,323.87,0.9716,0.647691,0.674731
1786702445.376907,10.878829,344,29.86,420.02,57.35,1.0000,0.656289,0.119487,414.42,323.91,0.9723,0.647530,0.674816
1786702445.414013,10.915935,345,29.86,420.08,57.36,1.0000,0.656382,0.119504,414.41,323.82,0.9725,0.647515,0.674616
1786702445.437873,10.939795,346,30.11,420.09,57.42,1.0000,0.656387,0.119623,414.40,323.83,0.9730,0.647499,0.674652
1786702445.485667,10.987589,347,30.11,420.09,57.44,1.0000,0.656386,0.119663,414.38,323.88,0.9731,0.647471,0.674749
1786702445.501441,11.003363,348,30.11,420.36,57.44,1.0000,0.656819,0.119667,414.39,323.89,0.9731,0.647482,0.674772
1786702445.543816,11.045737,349,30.11,420.04,57.44,1.0000,0.656311,0.119669,414.39,323.79,0.9729,0.647487,0.674572
1786702445.588676,11.090597,350,30.11,419.99,57.45,1.0000,0.656229,0.119696,414.40,323.83,0.9730,0.647500,0.674653
1786702445.629235,11.131156,351,30.11,420.00,57.45,1.0000,0.656254,0.119688,414.48,323.95,0.9730,0.647621,0.674891
1786702445.644645,11.146567,352,30.11,420.07,57.44,1.0000,0.656361,0.119673,414.42,323.81,0.9728,0.647536,0.674599
1786702445.692140,11.194062,353,30.11,420.23,57.51,1.0000,0.656604,0.119803,414.46,324.04,0.9738,0.647590,0.675083
1786702445.708039,11.209960,354,30.11,420.56,57.51,1.0000,0.657133,0.119804,414.36,323.93,0.9739,0.647430,0.674846
1786702445.756506,11.258428,355,30.11,420.77,57.54,1.0000,0.657458,0.119885,414.45,323.84,0.9735,0.647578,0.674661
1786702445.775222,11.277144,356,30.11,420.77,57.59,1.0000,0.657458,0.119976,414.46,323.86,0.9739,0.647601,0.674715
1786702445.817066,11.318988,357,30.11,420.83,57.51,1.0000,0.657544,0.119823,414.45,323.86,0.9739,0.647576,0.674717
1786702445.835552,11.337474,358,30.11,420.82,57.54,1.0000,0.657534,0.119881,414.47,324.02,0.9750,0.647606,0.675043
1786702445.869990,11.371912,359,30.11,420.82,57.52,1.0000,0.657530,0.119832,414.26,323.94,0.9749,0.647274,0.674874
1786702445.898373,11.400294,360,30.11,420.73,57.52,1.0000,0.657398,0.119833,414.26,323.98,0.9752,0.647278,0.674961
1786702445.962639,11.464561,361,29.67,420.69,57.52,1.0000,0.657336,0.119826,414.27,323.89,0.9756,0.647299,0.674765
1786702445.994365,11.496287,362,29.67,420.78,57.49,1.0000,0.657470,0.119770,414.30,323.72,0.9747,0.647341,0.674411
1786702446.011229,11.513150,363,29.67,420.80,57.49,1.0000,0.657498,0.119775,414.25,323.73,0.9756,0.647267,0.674446
1786702446.036794,11.538716,364,29.67,420.80,57.50,1.0000,0.657495,0.119787,414.26,323.73,0.9754,0.647280,0.674430
1786702446.088359,11.590281,365,29.67,420.73,57.70,1.0000,0.657398,0.120209,414.05,323.71,0.9759,0.646953,0.674390
1786702446.104255,11.606177,366,29.67,420.71,57.70,1.0000,0.657354,0.120211,414.11,323.71,0.9755,0.647042,0.674393
1786702446.151890,11.653812,367,29.67,420.70,57.71,1.0000,0.657347,0.120232,414.35,323.85,0.9750,0.647420,0.674691
1786702446.184374,11.686296,368,29.67,420.57,57.71,1.0000,0.657138,0.120234,414.37,323.96,0.9746,0.647459,0.674911
1786702446.199945,11.701866,369,29.67,420.49,57.71,1.0000,0.657021,0.120223,414.27,323.89,0.9741,0.647296,0.674776
1786702446.236661,11.738583,370,29.67,420.31,57.73,1.0000,0.656729,0.120263,414.28,323.88,0.9734,0.647309,0.674760
1786702446.270688,11.772609,371,29.67,420.31,57.69,1.0000,0.656734,0.120194,414.28,323.85,0.9737,0.647320,0.674685
1786702446.310423,11.812345,372,29.67,420.07,57.69,1.0000,0.656366,0.120196,414.32,323.93,0.9736,0.647370,0.674854
1786702446.342372,11.844293,373,29.67,420.04,57.62,1.0000,0.656305,0.120049,414.31,323.93,0.9732,0.647366,0.674856
1786702446.358119,11.860041,374,29.67,420.00,57.59,1.0000,0.656242,0.119972,414.41,323.93,0.9736,0.647514,0.674855
1786702446.421449,11.923371,375,29.67,420.03,57.58,1.0000,0.656295,0.119951,414.52,324.00,0.9738,0.647686,0.674998
1786702446.438282,11.940204,376,29.67,420.03,57.58,1.0000,0.656296,0.119950,414.48,324.09,0.9746,0.647631,0.675178
1786702446.471743,11.973664,377,30.04,419.97,57.58,1.0000,0.656207,0.119961,414.53,324.03,0.9750,0.647697,0.675055
1786702446.511967,12.013889,378,30.04,419.96,57.58,1.0000,0.656184,0.119956,414.53,323.97,0.9745,0.647709,0.674945
1786702446.539158,12.041080,379,30.04,419.94,57.58,1.0000,0.656163,0.119957,414.59,323.98,0.9747,0.647803,0.674966
1786702446.571385,12.073307,380,30.04,419.91,57.57,1.0000,0.656111,0.119936,414.67,324.08,0.9750,0.647917,0.675175
1786702446.611549,12.113470,381,30.04,419.87,57.52,1.0000,0.656052,0.119843,414.66,324.07,0.9750,0.647909,0.675145
1786702446.643813,12.145734,382,30.04,419.84,57.48,1.0000,0.655998,0.119750,414.58,323.84,0.9746,0.647775,0.674658
1786702446.675215,12.177137,383,30.04,419.84,57.48,1.0000,0.655994,0.119747,414.49,323.54,0.9739,0.647638,0.674040
1786702446.707324,12.209245,384,30.04,419.84,57.42,1.0000,0.656002,0.119624,414.43,323.63,0.9737,0.647549,0.674225
1786702446.739605,12.241527,385,30.04,419.84,57.42,1.0000,0.656002,0.119620,414.45,323.81,0.9739,0.647576,0.674598
1786702446.786074,12.287996,386,30.04,419.78,57.44,1.0000,0.655902,0.119677,414.50,323.84,0.9744,0.647651,0.674674
1786702446.818101,12.320023,387,30.04,419.60,57.47,1.0000,0.655621,0.119719,414.51,323.81,0.9742,0.647669,0.674605
1786702446.849673,12.351594,388,30.04,419.56,57.49,1.0000,0.655566,0.119766,414.32,324.08,0.9740,0.647382,0.675168
1786702446.880514,12.382436,389,30.04,419.56,57.49,1.0000,0.655563,0.119771,414.24,324.31,0.9744,0.647256,0.675646
1786702446.896534,12.398456,390,30.04,419.47,57.50,1.0000,0.655422,0.119794,414.23,324.41,0.9739,0.647228,0.675859
1786702446.945545,12.447467,391,30.04,419.28,57.50,1.0000,0.655131,0.119797,414.21,324.47,0.9743,0.647209,0.675976
1786702446.975299,12.477221,392,29.98,419.30,57.47,1.0000,0.655154,0.119721,414.21,324.46,0.9743,0.647206,0.675960
1786702447.007780,12.509702,393,29.98,419.31,57.45,1.0000,0.655169,0.119697,414.15,324.43,0.9741,0.647115,0.675899
1786702447.023155,12.525077,394,29.98,419.31,57.41,1.0000,0.655168,0.119611,414.16,324.31,0.9743,0.647128,0.675637
1786702447.067838,12.569760,395,29.98,419.17,57.44,1.0000,0.654960,0.119663,414.18,324.34,0.9745,0.647156,0.675705
1786702447.118422,12.620344,396,29.98,419.09,57.44,1.0000,0.654824,0.119667,414.22,324.33,0.9747,0.647211,0.675687
1786702447.134023,12.635945,397,29.98,419.09,57.45,1.0000,0.654822,0.119695,414.18,324.25,0.9742,0.647150,0.675511
1786702447.174771,12.676692,398,29.98,419.12,57.46,1.0000,0.654871,0.119698,414.21,324.18,0.9740,0.647197,0.675383
1786702447.197522,12.699444,399,29.98,419.15,57.48,1.0000,0.654927,0.119743,414.20,324.20,0.9741,0.647190,0.675415
1786702447.244789,12.746710,400,29.98,419.25,57.75,1.0000,0.655079,0.120318,414.12,324.38,0.9745,0.647070,0.675784
1786702447.276869,12.778790,401,29.98,419.29,57.87,1.0000,0.655142,0.120563,414.16,324.51,0.9752,0.647123,0.676056
1786702447.308748,12.810670,402,29.98,419.61,57.85,1.0000,0.655635,0.120520,414.28,324.48,0.9754,0.647316,0.675995
1786702447.340425,12.842347,403,29.98,419.60,57.86,1.0000,0.655631,0.120544,414.29,324.46,0.9750,0.647332,0.675960
1786702447.372371,12.874293,404,29.98,419.67,57.96,1.0000,0.655728,0.120748,414.30,324.38,0.9743,0.647349,0.675799
1786702447.408872,12.910794,405,29.98,419.66,58.28,1.0000,0.655713,0.121426,414.25,324.34,0.9746,0.647262,0.675699
1786702447.437943,12.939865,406,29.98,419.61,58.27,1.0000,0.655644,0.121400,414.00,324.04,0.9742,0.646874,0.675076
1786702447.474836,12.976758,407,29.97,419.64,58.27,1.0000,0.655680,0.121393,413.94,324.07,0.9745,0.646777,0.675155
1786702447.499299,13.001221,408,29.97,419.64,58.28,1.0000,0.655684,0.121411,413.94,323.93,0.9742,0.646786,0.674855
1786702447.556332,13.058254,409,29.97,419.99,58.28,1.0000,0.656242,0.121422,414.07,323.63,0.9734,0.646992,0.674228
1786702447.577034,13.078956,410,29.97,420.27,58.10,1.0000,0.656677,0.121041,414.08,323.57,0.9733,0.647000,0.674100
1786702447.592718,13.094640,411,29.97,420.62,58.10,1.0000,0.657213,0.121041,414.07,323.56,0.9727,0.646980,0.674076
1786702447.650275,13.152196,412,29.97,420.61,58.15,1.0000,0.657203,0.121138,414.00,323.72,0.9727,0.646872,0.674416
1786702447.672726,13.174648,413,29.97,421.02,57.89,1.0000,0.657851,0.120611,414.02,323.55,0.9723,0.646900,0.674068
1786702447.720998,13.222919,414,29.97,421.17,57.89,1.0000,0.658082,0.120613,413.90,323.82,0.9730,0.646718,0.674623
1786702447.752888,13.254810,415,29.97,421.42,57.88,1.0000,0.658470,0.120589,413.91,323.84,0.9729,0.646735,0.674676
1786702447.768520,13.270441,416,29.97,421.43,57.88,1.0000,0.658483,0.120586,413.93,323.62,0.9718,0.646768,0.674199
1786702447.813417,13.315338,417,29.97,421.75,57.88,1.0000,0.658987,0.120587,414.05,323.65,0.9715,0.646957,0.674265
1786702447.842398,13.344320,418,29.97,421.75,57.89,1.0000,0.658978,0.120605,414.08,324.01,0.9725,0.646995,0.675016
1786702447.879786,13.381708,419,29.97,421.81,57.90,1.0000,0.659083,0.120618,414.25,324.00,0.9731,0.647272,0.675009
1786702447.908288,13.410209,420,29.97,421.85,57.89,1.0000,0.659135,0.120611,414.23,323.99,0.9736,0.647235,0.674980
1786702447.945586,13.447507,421,29.97,421.98,57.94,1.0000,0.659340,0.120710,414.22,324.13,0.9746,0.647226,0.675270
1786702447.992615,13.494536,422,29.80,422.02,57.79,1.0000,0.659400,0.120390,414.31,324.51,0.9756,0.647364,0.676069
1786702448.022339,13.524261,423,29.80,422.29,57.82,1.0000,0.659821,0.120451,414.23,324.52,0.9758,0.647229,0.676088
1786702448.037692,13.539614,424,29.80,422.34,57.72,1.0000,0.659903,0.120256,414.24,324.72,0.9764,0.647247,0.676505
1786702448.080019,13.581940,425,29.80,422.44,57.75,1.0000,0.660059,0.120309,414.29,324.78,0.9768,0.647326,0.676624
1786702448.114789,13.616711,426,29.80,422.46,57.76,1.0000,0.660089,0.120327,414.33,324.66,0.9768,0.647392,0.676365
1786702448.135425,13.637347,427,29.80,422.47,57.82,1.0000,0.660108,0.120468,414.31,324.66,0.9767,0.647366,0.676365
1786702448.208312,13.710233,429,29.80,422.45,57.84,1.0000,0.660072,0.120505,414.33,324.55,0.9764,0.647392,0.676153
1786702448.245044,13.746966,430,29.80,422.37,57.78,1.0000,0.659950,0.120376,414.37,324.51,0.9761,0.647447,0.676063
1786702448.276777,13.778699,431,29.80,422.30,57.78,1.0000,0.659845,0.120372,414.33,324.40,0.9767,0.647398,0.675829
1786702448.295850,13.797772,432,29.80,422.30,57.80,1.0000,0.659843,0.120415,414.50,324.38,0.9771,0.647653,0.675785
1786702448.338425,13.840347,433,29.80,422.30,57.80,1.0000,0.659845,0.120416,414.39,324.32,0.9772,0.647488,0.675660
1786702448.374167,13.876089,434,29.80,422.28,57.79,1.0000,0.659818,0.120405,414.45,324.41,0.9775,0.647585,0.675860
1786702448.389368,13.891289,435,29.80,422.49,57.76,1.0000,0.660134,0.120325,414.52,324.52,0.9782,0.647691,0.676086
1786702448.434340,13.936262,436,29.80,422.47,57.72,1.0000,0.660108,0.120258,414.51,324.32,0.9785,0.647680,0.675665
1786702448.485173,13.987095,437,29.80,422.43,57.60,1.0000,0.660053,0.119994,414.38,324.28,0.9777,0.647471,0.675582
1786702448.517049,14.018971,438,29.59,422.27,57.60,1.0000,0.659803,0.119996,414.34,324.24,0.9778,0.647413,0.675507
1786702448.549099,14.051021,439,29.59,422.28,57.55,1.0000,0.659815,0.119894,414.40,324.23,0.9780,0.647503,0.675482
1786702448.581639,14.083561,440,29.59,422.29,57.59,1.0000,0.659829,0.119987,414.40,324.24,0.9785,0.647502,0.675493
1786702448.619508,14.121429,441,29.59,422.30,57.81,1.0000,0.659849,0.120448,414.37,324.24,0.9783,0.647447,0.675490
1786702448.635228,14.137150,442,29.59,422.30,57.81,1.0000,0.659839,0.120443,414.35,324.23,0.9777,0.647428,0.675475
1786702448.666740,14.168661,443,29.59,422.29,57.82,1.0000,0.659835,0.120454,414.41,324.24,0.9775,0.647520,0.675495
1786702448.700966,14.202888,444,29.59,422.16,57.82,1.0000,0.659619,0.120453,414.49,324.32,0.9772,0.647642,0.675661
1786702448.735290,14.237211,445,29.59,422.19,57.69,1.0000,0.659677,0.120183,414.51,324.37,0.9774,0.647669,0.675767
1786702448.773142,14.275064,446,29.59,422.21,57.68,1.0000,0.659700,0.120163,414.50,324.26,0.9768,0.647650,0.675542
1786702448.813059,14.314981,447,29.59,422.15,57.92,1.0000,0.659616,0.120671,414.46,324.29,0.9763,0.647591,0.675614
1786702448.857822,14.359743,448,29.59,422.14,57.92,1.0000,0.659601,0.120670,414.37,324.30,0.9753,0.647457,0.675630
1786702448.873469,14.375391,449,29.59,422.20,57.92,1.0000,0.659681,0.120671,414.40,324.16,0.9755,0.647503,0.675335
1786702448.918071,14.419993,450,29.59,422.22,57.77,1.0000,0.659715,0.120356,414.58,323.96,0.9755,0.647775,0.674917
1786702448.942216,14.444137,451,29.59,422.24,57.77,1.0000,0.659748,0.120355,414.67,324.12,0.9761,0.647917,0.675251
1786702448.968428,14.470350,452,29.59,422.26,57.79,1.0000,0.659781,0.120401,414.69,324.12,0.9763,0.647951,0.675247
1786702449.000513,14.502435,453,29.59,422.37,57.64,1.0000,0.659954,0.120081,414.61,324.06,0.9760,0.647831,0.675121
1786702449.031756,14.533677,454,29.98,422.37,57.43,1.0000,0.659955,0.119653,414.53,323.99,0.9760,0.647706,0.674970
1786702449.089927,14.591848,455,29.98,422.37,57.26,1.0000,0.659955,0.119297,414.60,323.88,0.9758,0.647818,0.674748
1786702449.110520,14.612441,456,29.98,422.37,57.25,1.0000,0.659954,0.119267,414.62,323.82,0.9748,0.647851,0.674624
1786702449.142678,14.644600,457,29.98,422.37,57.27,1.0000,0.659953,0.119305,414.67,323.82,0.9752,0.647915,0.674619
1786702449.158336,14.660257,458,29.98,422.29,57.15,1.0000,0.659822,0.119059,414.86,323.90,0.9755,0.648217,0.674782
1786702449.206253,14.708175,459,29.98,422.28,57.04,1.0000,0.659819,0.118840,414.69,323.93,0.9762,0.647954,0.674848
1786702449.232334,14.734256,460,29.98,422.33,56.99,1.0000,0.659888,0.118736,414.64,324.12,0.9762,0.647882,0.675244
1786702449.269414,14.771335,461,29.98,422.32,57.01,1.0000,0.659880,0.118769,414.58,324.23,0.9767,0.647780,0.675476
1786702449.317347,14.819269,462,29.98,422.35,56.96,1.0000,0.659926,0.118675,414.57,324.25,0.9770,0.647759,0.675531
1786702449.332864,14.834786,463,29.98,422.37,56.96,1.0000,0.659959,0.118674,414.51,324.28,0.9776,0.647677,0.675587
1786702449.375908,14.877830,464,29.98,422.37,57.12,1.0000,0.659960,0.119007,414.50,324.32,0.9778,0.647660,0.675667
1786702449.412912,14.914834,465,29.98,422.33,57.57,1.0000,0.659895,0.119938,414.52,324.35,0.9775,0.647687,0.675719
1786702449.473459,14.975380,466,29.98,422.14,57.73,1.0000,0.659601,0.120274,414.48,324.42,0.9776,0.647626,0.675872
1786702449.490124,14.992045,467,29.98,422.09,57.73,1.0000,0.659518,0.120276,414.50,324.42,0.9781,0.647662,0.675871
1786702449.523546,15.025467,468,29.98,422.53,57.80,1.0000,0.660200,0.120407,414.60,324.31,0.9782,0.647810,0.675639
1786702449.555301,15.057223,469,29.62,422.50,57.88,1.0000,0.660157,0.120581,414.62,324.26,0.9785,0.647847,0.675545
1786702449.587363,15.089284,470,29.62,422.59,57.92,1.0000,0.660293,0.120665,414.58,324.36,0.9787,0.647783,0.675753
1786702449.602719,15.104641,471,29.62,422.61,57.90,1.0000,0.660333,0.120627,414.59,324.40,0.9788,0.647794,0.675823
1786702449.649959,15.151881,472,29.62,422.72,57.78,1.0000,0.660497,0.120380,414.57,324.41,0.9782,0.647772,0.675853
1786702449.691640,15.193562,473,29.62,423.04,57.78,1.0000,0.660996,0.120379,414.52,324.51,0.9784,0.647684,0.676054
1786702449.716209,15.218131,474,29.62,423.09,57.77,1.0000,0.661074,0.120354,414.47,324.59,0.9788,0.647605,0.676226
1786702449.745646,15.247568,475,29.62,423.08,57.66,1.0000,0.661055,0.120131,414.39,324.50,0.9783,0.647480,0.676041
1786702449.768336,15.270257,476,29.62,423.14,57.67,1.0000,0.661149,0.120138,414.38,324.49,0.9785,0.647475,0.676030
1786702449.806032,15.307954,477,29.62,423.13,57.46,1.0000,0.661134,0.119700,414.27,324.37,0.9777,0.647289,0.675774
1786702449.843321,15.345243,478,29.62,423.16,57.35,1.0000,0.661194,0.119472,414.41,324.37,0.9777,0.647521,0.675777
1786702449.872365,15.374287,479,29.62,423.37,57.32,1.0000,0.661508,0.119416,414.50,324.45,0.9784,0.647650,0.675936
1786702449.888116,15.390037,480,29.62,423.47,57.32,1.0000,0.661676,0.119410,414.50,324.46,0.9777,0.647659,0.675955
1786702449.936135,15.438056,481,29.62,423.47,57.32,1.0000,0.661673,0.119411,414.52,324.52,0.9773,0.647694,0.676073
1786702449.973109,15.475031,482,29.62,423.62,57.29,1.0000,0.661910,0.119352,414.50,324.71,0.9778,0.647656,0.676482
1786702450.005121,15.507042,483,29.62,423.67,57.32,1.0000,0.661986,0.119427,414.48,324.69,0.9782,0.647625,0.676444
1786702450.042383,15.544305,484,29.62,423.69,57.41,1.0000,0.662010,0.119606,414.38,324.84,0.9777,0.647474,0.676747
1786702450.071511,15.573432,485,29.94,423.70,57.43,1.0000,0.662024,0.119642,414.36,324.90,0.9773,0.647440,0.676870
1786702450.111382,15.613303,486,29.94,423.46,57.42,1.0000,0.661650,0.119620,414.35,324.90,0.9772,0.647419,0.676884
1786702450.131365,15.633286,487,29.94,423.41,57.48,1.0000,0.661581,0.119741,414.38,324.94,0.9772,0.647473,0.676956
1786702450.180063,15.681985,488,29.94,423.41,57.47,1.0000,0.661577,0.119721,414.37,324.96,0.9772,0.647455,0.677000
1786702450.210136,15.712058,489,29.94,423.41,57.52,1.0000,0.661579,0.119836,414.37,324.95,0.9772,0.647455,0.676984
1786702450.237437,15.739358,490,29.94,423.33,57.51,1.0000,0.661457,0.119815,414.44,324.81,0.9765,0.647566,0.676679
1786702450.268995,15.770916,491,29.94,423.39,57.51,1.0000,0.661541,0.119810,414.48,324.78,0.9769,0.647618,0.676635
1786702450.306081,15.808003,492,29.94,423.41,57.51,1.0000,0.661584,0.119803,414.32,324.72,0.9767,0.647372,0.676500
1786702450.348307,15.850229,493,29.94,423.43,57.50,1.0000,0.661608,0.119784,414.33,324.68,0.9768,0.647391,0.676416
1786702450.366275,15.868197,494,29.94,423.44,57.50,1.0000,0.661619,0.119792,414.51,324.38,0.9767,0.647680,0.675796
1786702450.412408,15.914330,495,29.94,423.44,57.50,1.0000,0.661620,0.119798,414.51,324.41,0.9770,0.647673,0.675853
1786702450.444330,15.946251,496,29.94,423.43,57.50,1.0000,0.661606,0.119794,414.53,324.39,0.9776,0.647698,0.675806
1786702450.476111,15.978033,497,29.94,423.43,57.51,1.0000,0.661613,0.119807,414.67,324.31,0.9774,0.647918,0.675638
1786702450.507902,16.009823,498,29.94,423.46,57.50,1.0000,0.661661,0.119800,414.52,324.30,0.9776,0.647694,0.675618
1786702450.540343,16.042265,499,29.94,423.14,57.46,1.0000,0.661152,0.119714,414.52,324.29,0.9771,0.647681,0.675612
1786702450.558923,16.060845,500,29.91,423.07,57.47,1.0000,0.661046,0.119720,414.51,324.36,0.9773,0.647676,0.675754
1786702450.603020,16.104942,501,29.91,423.04,57.47,1.0000,0.660999,0.119728,414.50,324.56,0.9774,0.647661,0.676177
1786702450.634606,16.136527,502,29.91,422.98,57.47,1.0000,0.660908,0.119719,414.51,324.58,0.9779,0.647667,0.676205
1786702450.666130,16.168052,503,29.91,422.94,57.47,1.0000,0.660837,0.119733,414.58,324.40,0.9781,0.647782,0.675836
1786702450.712987,16.214909,504,29.91,422.92,57.75,1.0000,0.660818,0.120316,414.62,324.26,0.9775,0.647847,0.675548
1786702450.758304,16.260226,505,29.91,422.88,57.75,1.0000,0.660749,0.120323,414.57,324.26,0.9779,0.647771,0.675551
1786702450.762901,16.264822,506,29.91,422.87,57.79,1.0000,0.660733,0.120390,414.58,324.29,0.9779,0.647775,0.675601
1786702450.823940,16.325861,507,29.91,422.94,57.72,1.0000,0.660837,0.120248,414.58,324.45,0.9777,0.647777,0.675929
1786702450.856464,16.358386,508,29.91,422.94,57.71,1.0000,0.660843,0.120220,414.56,324.41,0.9769,0.647753,0.675845
1786702450.871725,16.373646,509,29.91,422.87,57.71,1.0000,0.660737,0.120227,414.60,324.52,0.9774,0.647820,0.676076
1786702450.906358,16.408279,510,29.91,422.82,57.73,1.0000,0.660661,0.120280,414.55,324.61,0.9777,0.647732,0.676273
1786702450.952394,16.454316,511,29.91,422.81,57.82,1.0000,0.660638,0.120458,414.55,324.60,0.9776,0.647738,0.676246
1786702450.967640,16.469562,512,29.91,422.73,57.82,1.0000,0.660516,0.120460,414.54,324.67,0.9778,0.647718,0.676399
1786702451.016096,16.518018,513,29.91,422.73,57.82,1.0000,0.660513,0.120461,414.38,324.73,0.9780,0.647461,0.676523
1786702451.042986,16.544908,514,29.91,422.55,57.89,1.0000,0.660233,0.120609,414.37,324.75,0.9783,0.647451,0.676563
1786702451.076405,16.578326,515,29.84,422.49,58.12,1.0000,0.660134,0.121088,414.36,324.76,0.9780,0.647432,0.676588
1786702451.111315,16.613237,516,29.84,422.42,58.25,1.0000,0.660024,0.121357,414.33,324.75,0.9782,0.647393,0.676571
1786702451.143219,16.645140,517,29.84,422.42,58.33,1.0000,0.660024,0.121516,414.38,324.78,0.9778,0.647468,0.676616
1786702451.171845,16.673767,518,29.84,422.41,58.32,1.0000,0.660021,0.121492,414.44,324.85,0.9779,0.647565,0.676766
1786702451.206356,16.708277,519,29.84,422.39,58.33,1.0000,0.659990,0.121517,414.38,324.90,0.9781,0.647475,0.676882
1786702451.238446,16.740368,520,29.84,422.39,58.48,1.0000,0.659977,0.121829,414.50,324.59,0.9777,0.647650,0.676220
1786702451.286476,16.788397,521,29.84,422.40,58.58,1.0000,0.659993,0.122050,414.53,324.56,0.9777,0.647698,0.676177
1786702451.302157,16.804078,522,29.84,422.39,58.55,1.0000,0.659990,0.121977,414.46,324.25,0.9778,0.647593,0.675517
1786702451.349410,16.851331,523,29.84,422.42,58.57,1.0000,0.660032,0.122018,414.46,324.26,0.9776,0.647593,0.675551
1786702451.382167,16.884089,524,29.84,422.42,58.42,1.0000,0.660032,0.121700,414.46,324.31,0.9780,0.647589,0.675643
1786702451.414586,16.916508,525,29.84,422.28,58.48,1.0000,0.659819,0.121843,414.44,324.40,0.9779,0.647564,0.675836
1786702451.445184,16.947106,526,29.84,422.26,58.47,1.0000,0.659780,0.121815,414.44,324.50,0.9776,0.647566,0.676039
1786702451.476883,16.978805,527,29.84,422.24,58.38,1.0000,0.659754,0.121625,414.32,324.50,0.9775,0.647381,0.676033
1786702451.508606,17.010528,528,29.84,422.18,58.25,1.0000,0.659655,0.121359,414.34,324.46,0.9776,0.647402,0.675956
1786702451.541826,17.043748,529,29.84,422.32,58.09,1.0000,0.659872,0.121031,414.40,324.46,0.9781,0.647505,0.675962
1786702451.572844,17.074765,530,29.84,422.32,58.02,1.0000,0.659874,0.120881,414.39,324.45,0.9783,0.647486,0.675931
1786702451.613112,17.115033,531,29.82,422.31,57.98,1.0000,0.659861,0.120784,414.35,324.31,0.9786,0.647422,0.675643
1786702451.636765,17.138687,532,29.82,422.34,57.82,1.0000,0.659901,0.120453,414.34,324.30,0.9789,0.647411,0.675628
1786702451.676322,17.178244,533,29.82,422.33,57.72,1.0000,0.659891,0.120244,414.29,324.24,0.9791,0.647333,0.675510
1786702451.713782,17.215703,534,29.82,422.33,57.46,1.0000,0.659891,0.119715,414.31,324.31,0.9794,0.647354,0.675653
1786702451.740358,17.242279,535,29.82,422.34,57.31,1.0000,0.659906,0.119403,414.34,324.34,0.9800,0.647400,0.675713
1786702451.781552,17.283473,536,29.82,422.29,57.29,1.0000,0.659821,0.119365,414.33,324.30,0.9803,0.647392,0.675624
1786702451.813318,17.315240,537,29.82,422.37,57.17,1.0000,0.659953,0.119109,414.30,324.29,0.9807,0.647347,0.675607
1786702451.828624,17.330545,538,29.82,422.34,57.13,1.0000,0.659913,0.119031,414.30,324.30,0.9812,0.647343,0.675622
1786702451.876453,17.378375,539,29.82,422.47,57.10,1.0000,0.660112,0.118950,414.30,324.35,0.9812,0.647350,0.675729
1786702451.907267,17.409189,540,29.82,422.48,57.06,1.0000,0.660119,0.118875,414.30,324.35,0.9816,0.647341,0.675733
1786702451.931503,17.433425,541,29.82,422.42,57.04,1.0000,0.660037,0.118835,414.31,324.42,0.9816,0.647358,0.675868
1786702451.988159,17.490081,542,29.82,422.46,56.94,1.0000,0.660089,0.118623,414.30,324.44,0.9814,0.647350,0.675927
1786702452.046483,17.548405,543,29.82,422.57,56.90,1.0000,0.660267,0.118546,414.42,324.49,0.9816,0.647534,0.676022
1786702452.051450,17.553371,544,29.82,422.61,56.85,1.0000,0.660327,0.118447,414.44,324.49,0.9816,0.647568,0.676013
1786702452.083422,17.585344,545,29.82,422.44,56.84,1.0000,0.660061,0.118415,414.46,324.45,0.9813,0.647599,0.675938
1786702452.099363,17.601285,546,29.82,422.48,56.84,1.0000,0.660123,0.118413,414.47,324.50,0.9805,0.647605,0.676039
1786702452.146229,17.648151,547,29.86,422.38,56.82,1.0000,0.659965,0.118375,414.46,324.47,0.9808,0.647595,0.675973
1786702452.175744,17.677665,548,29.86,422.46,56.69,1.0000,0.660089,0.118114,414.48,324.51,0.9811,0.647632,0.676056
1786702452.209337,17.711259,549,29.86,422.54,56.69,1.0000,0.660218,0.118107,414.52,324.30,0.9810,0.647695,0.675622
1786702452.240127,17.742049,550,29.86,422.49,56.72,1.0000,0.660136,0.118157,414.61,324.20,0.9813,0.647832,0.675412
1786702452.271863,17.773784,551,29.86,422.49,56.22,1.0000,0.660134,0.117128,414.59,324.09,0.9808,0.647799,0.675189
1786702452.319407,17.821328,552,29.86,422.67,56.16,1.0000,0.660417,0.117006,414.61,324.12,0.9809,0.647829,0.675254
1786702452.335115,17.837036,553,29.86,422.52,56.18,1.0000,0.660182,0.117048,414.62,324.06,0.9803,0.647840,0.675124
1786702452.367256,17.869178,554,29.86,422.52,56.20,1.0000,0.660182,0.117074,414.62,324.08,0.9800,0.647841,0.675162
1786702452.415645,17.917567,555,29.86,422.39,56.22,1.0000,0.659987,0.117127,414.62,324.11,0.9794,0.647840,0.675227
1786702452.446945,17.948866,556,29.86,422.37,56.29,1.0000,0.659949,0.117279,414.57,324.02,0.9790,0.647767,0.675041
1786702452.461913,17.963835,557,29.86,422.34,56.26,1.0000,0.659910,0.117206,414.53,323.95,0.9784,0.647696,0.674890
1786702452.499098,18.001020,558,29.86,422.17,56.15,1.0000,0.659637,0.116971,414.53,323.94,0.9780,0.647701,0.674878
1786702452.534607,18.036529,559,29.86,422.14,56.08,1.0000,0.659588,0.116838,414.51,323.90,0.9773,0.647674,0.674794
1786702452.555543,18.057464,560,29.86,422.07,56.12,1.0000,0.659489,0.116910,414.54,323.86,0.9773,0.647718,0.674705
1786702452.603828,18.105750,561,29.86,422.06,56.12,1.0000,0.659474,0.116911,414.40,323.80,0.9771,0.647498,0.674581
1786702452.650800,18.152722,562,29.86,422.18,56.22,1.0000,0.659651,0.117117,414.40,323.80,0.9773,0.647493,0.674589
1786702452.682831,18.184753,563,29.86,422.13,56.29,1.0000,0.659572,0.117276,414.38,324.02,0.9765,0.647473,0.675043
1786702452.713804,18.215725,564,29.86,422.13,56.30,1.0000,0.659581,0.117285,414.39,324.11,0.9760,0.647482,0.675223
1786702452.746604,18.248526,565,29.86,422.13,56.29,1.0000,0.659584,0.117279,414.41,324.10,0.9761,0.647511,0.675204
1786702452.761823,18.263744,566,29.86,422.11,56.30,1.0000,0.659544,0.117286,414.41,324.07,0.9765,0.647509,0.675147
1786702452.804171,18.306093,567,29.86,422.13,56.29,1.0000,0.659578,0.117264,414.43,324.00,0.9767,0.647542,0.674990
1786702452.842167,18.344089,568,29.86,422.18,56.42,1.0000,0.659663,0.117532,414.47,324.00,0.9771,0.647606,0.675003
1786702452.873559,18.375481,569,29.86,422.03,56.37,1.0000,0.659427,0.117429,414.64,323.93,0.9769,0.647867,0.674863
1786702452.895651,18.397573,570,29.86,422.01,56.46,1.0000,0.659391,0.117615,414.66,323.94,0.9771,0.647902,0.674879
1786702452.952238,18.454160,571,29.86,422.52,56.71,1.0000,0.660189,0.118144,414.67,323.99,0.9773,0.647926,0.674971
1786702452.967999,18.469921,572,29.86,422.52,56.73,1.0000,0.660180,0.118178,414.69,323.99,0.9765,0.647950,0.674974
1786702453.000129,18.502050,573,29.86,422.50,56.73,1.0000,0.660164,0.118191,414.63,324.02,0.9767,0.647861,0.675040
1786702453.041741,18.543662,574,29.86,422.51,56.87,1.0000,0.660178,0.118488,414.64,324.20,0.9773,0.647880,0.675427
1786702453.071263,18.573185,575,29.86,422.51,57.18,1.0000,0.660168,0.119115,414.50,324.16,0.9772,0.647663,0.675326
1786702453.105296,18.607218,576,29.86,422.47,57.37,1.0000,0.660116,0.119526,414.56,324.16,0.9775,0.647752,0.675334
1786702453.144011,18.645932,577,29.86,422.40,57.39,1.0000,0.659994,0.119559,414.50,324.10,0.9771,0.647650,0.675207
1786702453.159542,18.661464,578,30.00,422.43,57.37,1.0000,0.660046,0.119524,414.62,324.03,0.9774,0.647846,0.675067
1786702453.207463,18.709385,579,30.00,422.26,57.23,1.0000,0.659774,0.119226,414.69,324.01,0.9769,0.647958,0.675014
1786702453.255959,18.757881,580,30.00,422.54,57.32,1.0000,0.660216,0.119409,414.68,324.17,0.9776,0.647932,0.675358
1786702453.287493,18.789415,581,30.00,422.54,57.44,1.0000,0.660226,0.119675,414.75,324.23,0.9782,0.648052,0.675479
1786702453.319566,18.821488,582,30.00,422.25,57.47,1.0000,0.659763,0.119733,414.69,324.23,0.9783,0.647958,0.675479
1786702453.364788,18.866710,583,30.00,422.33,57.54,1.0000,0.659886,0.119876,414.64,324.39,0.9784,0.647874,0.675820
1786702453.393978,18.895899,584,30.00,422.33,57.62,1.0000,0.659885,0.120050,414.63,324.14,0.9785,0.647852,0.675290
1786702453.408648,18.910570,585,30.00,422.37,57.62,1.0000,0.659950,0.120051,414.54,324.28,0.9786,0.647721,0.675590
1786702453.435766,18.937687,586,30.00,422.49,57.63,1.0000,0.660145,0.120071,414.40,324.34,0.9787,0.647499,0.675710
1786702453.478046,18.979968,587,30.00,422.50,57.69,1.0000,0.660155,0.120186,414.44,324.36,0.9791,0.647570,0.675753
1786702453.526291,19.028213,588,30.00,422.50,57.67,1.0000,0.660156,0.120142,414.43,324.40,0.9794,0.647539,0.675841
1786702453.541083,19.043005,589,30.00,422.52,57.65,1.0000,0.660183,0.120095,414.41,324.40,0.9795,0.647518,0.675829
1786702453.573737,19.075658,590,30.00,422.59,57.64,1.0000,0.660304,0.120076,414.38,324.51,0.9796,0.647470,0.676067
1786702453.621234,19.123156,591,30.00,422.64,57.71,1.0000,0.660376,0.120219,414.39,324.53,0.9797,0.647487,0.676098
1786702453.652811,19.154732,592,30.00,422.84,57.72,1.0000,0.660681,0.120245,414.42,324.65,0.9798,0.647526,0.676356
1786702453.667886,19.169807,593,29.92,423.02,57.73,1.0000,0.660971,0.120265,414.42,324.79,0.9801,0.647538,0.676644
1786702453.732884,19.234806,594,29.92,423.22,57.73,1.0000,0.661282,0.120268,414.33,324.79,0.9802,0.647389,0.676652
1786702453.747815,19.249737,595,29.92,423.25,57.99,1.0000,0.661325,0.120814,414.34,324.80,0.9799,0.647410,0.676673
1786702453.780068,19.281990,596,29.92,423.20,58.09,1.0000,0.661256,0.121016,414.37,324.81,0.9798,0.647457,0.676696
1786702453.822296,19.324218,597,29.92,423.50,58.07,1.0000,0.661713,0.120970,414.41,324.53,0.9790,0.647511,0.676108
1786702453.859084,19.361006,598,29.92,423.60,58.02,1.0000,0.661876,0.120878,414.33,324.58,0.9793,0.647394,0.676211
1786702453.861869,19.363791,599,29.92,423.62,57.97,1.0000,0.661913,0.120770,414.25,324.52,0.9786,0.647265,0.676080
1786702453.896568,19.398490,600,29.92,423.62,57.97,1.0000,0.661912,0.120777,414.25,324.53,0.9786,0.647264,0.676108
1786702453.951607,19.453528,601,29.92,423.49,58.01,1.0000,0.661709,0.120844,414.30,324.70,0.9786,0.647347,0.676458
1786702453.972494,19.474415,602,29.92,423.48,58.00,1.0000,0.661695,0.120843,414.36,324.76,0.9788,0.647445,0.676586
1786702453.994625,19.496547,603,29.92,423.50,58.00,1.0000,0.661719,0.120826,414.29,324.81,0.9781,0.647329,0.676677
1786702454.034781,19.536703,604,29.92,423.66,58.03,1.0000,0.661966,0.120893,414.30,325.07,0.9776,0.647343,0.677235
1786702454.076418,19.578340,605,29.92,424.21,57.79,1.0000,0.662830,0.120395,414.29,325.09,0.9779,0.647333,0.677275
1786702454.107399,19.609321,606,29.92,424.31,57.90,1.0000,0.662990,0.120634,414.29,325.10,0.9778,0.647322,0.677283
1786702454.150648,19.652570,607,29.92,424.62,57.95,1.0000,0.663475,0.120724,414.28,324.63,0.9776,0.647315,0.676317
1786702454.165244,19.667165,608,29.92,424.79,57.91,1.0000,0.663737,0.120656,414.27,324.52,0.9773,0.647300,0.676085
1786702454.209893,19.711814,609,29.98,425.39,57.88,1.0000,0.664678,0.120576,414.26,324.46,0.9772,0.647276,0.675968
1786702454.254760,19.756681,610,29.98,425.38,57.78,1.0000,0.664657,0.120368,414.36,324.54,0.9778,0.647435,0.676122
1786702454.270507,19.772429,611,29.98,425.38,57.74,1.0000,0.664659,0.120302,414.40,324.56,0.9774,0.647497,0.676168
1786702454.295563,19.797485,612,29.98,425.42,57.56,1.0000,0.664719,0.119908,414.44,324.47,0.9770,0.647568,0.675983
1786702454.333266,19.835188,613,29.98,425.42,57.41,1.0000,0.664713,0.119608,414.33,324.45,0.9774,0.647383,0.675939
1786702454.381563,19.883484,614,29.98,425.54,57.24,1.0000,0.664912,0.119260,414.36,324.45,0.9771,0.647437,0.675943
1786702454.399948,19.901870,615,29.98,425.54,57.24,1.0000,0.664906,0.119246,414.23,324.40,0.9766,0.647237,0.675834
1786702454.434237,19.936159,616,29.98,425.54,57.28,1.0000,0.664904,0.119333,414.15,324.29,0.9762,0.647112,0.675609
1786702454.468464,19.970386,617,29.98,425.50,57.28,1.0000,0.664850,0.119331,414.30,324.30,0.9766,0.647346,0.675632
1786702454.508093,20.010015,618,29.98,425.33,57.24,1.0000,0.664583,0.119245,414.20,324.26,0.9763,0.647181,0.675544
1786702454.531568,20.033490,619,29.98,425.25,57.19,1.0000,0.664446,0.119153,414.17,324.15,0.9758,0.647144,0.675311
1786702454.587996,20.089918,620,29.98,424.94,57.11,1.0000,0.663969,0.118977,414.05,324.19,0.9761,0.646956,0.675392
1786702454.595694,20.097615,621,29.98,424.94,57.08,1.0000,0.663968,0.118916,414.08,324.10,0.9748,0.647006,0.675201
1786702454.632704,20.134626,622,29.98,425.03,56.94,1.0000,0.664105,0.118630,414.40,324.08,0.9753,0.647501,0.675170
1786702454.678948,20.180870,623,29.98,425.06,56.87,1.0000,0.664154,0.118479,414.44,323.99,0.9754,0.647560,0.674971
1786702454.705493,20.207415,624,29.98,425.06,56.78,1.0000,0.664156,0.118292,414.55,324.14,0.9756,0.647737,0.675297
1786702454.737067,20.238989,625,30.06,425.07,56.65,1.0000,0.664168,0.118029,414.50,324.09,0.9751,0.647658,0.675190
1786702454.772208,20.274130,626,30.06,425.07,56.41,1.0000,0.664171,0.117525,414.53,324.11,0.9753,0.647708,0.675230
1786702454.811778,20.313700,627,30.06,425.23,56.31,1.0000,0.664428,0.117311,414.51,324.11,0.9749,0.647673,0.675223
1786702454.833409,20.335330,628,30.06,425.30,56.30,1.0000,0.664529,0.117295,414.54,324.17,0.9747,0.647719,0.675350
1786702454.896965,20.398887,629,30.06,425.48,56.27,1.0000,0.664805,0.117237,414.50,324.12,0.9748,0.647656,0.675246
1786702454.912436,20.414357,630,30.06,425.48,56.25,1.0000,0.664806,0.117198,414.50,324.12,0.9755,0.647659,0.675246
1786702454.944326,20.446247,631,30.06,425.50,56.26,1.0000,0.664838,0.117209,414.49,324.04,0.9751,0.647641,0.675080
1786702454.967054,20.468976,632,30.06,425.52,56.26,1.0000,0.664878,0.117205,414.42,324.07,0.9750,0.647530,0.675152
1786702455.012975,20.514896,633,30.06,425.49,56.30,1.0000,0.664835,0.117298,414.32,324.03,0.9738,0.647374,0.675060
1786702455.039597,20.541519,634,30.06,425.51,56.30,1.0000,0.664852,0.117282,414.19,324.04,0.9744,0.647171,0.675073
1786702455.068069,20.569991,635,30.06,425.54,56.26,1.0000,0.664906,0.117202,414.20,323.91,0.9742,0.647183,0.674820
1786702455.105541,20.607462,636,30.06,425.55,56.03,1.0000,0.664915,0.116729,414.22,323.91,0.9737,0.647217,0.674810
1786702455.137285,20.639206,637,30.06,425.66,55.94,1.0000,0.665090,0.116534,414.25,323.92,0.9740,0.647259,0.674838
1786702455.171954,20.673876,638,30.06,425.66,55.95,1.0000,0.665091,0.116568,414.27,323.86,0.9738,0.647289,0.674699
1786702455.216567,20.718489,639,30.06,425.57,55.97,1.0000,0.664948,0.116606,414.45,323.76,0.9741,0.647575,0.674501
1786702455.229871,20.731793,640,30.06,425.50,55.94,1.0000,0.664837,0.116533,414.38,323.66,0.9741,0.647464,0.674282
1786702455.269245,20.771166,641,30.12,425.48,55.94,1.0000,0.664810,0.116532,414.47,323.66,0.9741,0.647609,0.674289
1786702455.298680,20.800602,642,30.12,425.53,55.85,1.0000,0.664896,0.116353,414.53,323.71,0.9742,0.647699,0.674397
1786702455.333080,20.835001,643,30.12,425.89,55.84,1.0000,0.665447,0.116342,414.58,323.95,0.9748,0.647780,0.674901
1786702455.362789,20.864710,644,30.12,425.79,55.81,1.0000,0.665305,0.116267,414.54,323.94,0.9748,0.647719,0.674868
1786702455.399497,20.901419,645,30.12,425.83,55.80,1.0000,0.665356,0.116246,414.58,324.10,0.9746,0.647784,0.675218
1786702455.438165,20.940087,646,30.12,425.82,55.82,1.0000,0.665349,0.116289,414.53,324.08,0.9742,0.647697,0.675167
1786702455.485799,20.987720,647,30.12,425.78,55.80,1.0000,0.665285,0.116251,414.47,324.19,0.9748,0.647606,0.675389
1786702455.503355,21.005277,648,30.12,425.77,55.81,1.0000,0.665260,0.116266,414.43,324.19,0.9750,0.647540,0.675391
1786702455.541605,21.043526,649,30.12,425.78,55.87,1.0000,0.665283,0.116396,414.47,324.36,0.9743,0.647615,0.675758
1786702455.578614,21.080536,650,30.12,425.81,55.85,1.0000,0.665325,0.116363,414.44,324.36,0.9746,0.647562,0.675753
1786702455.613306,21.115228,651,30.12,425.93,55.89,1.0000,0.665519,0.116446,414.47,324.27,0.9742,0.647616,0.675559
1786702455.629327,21.131248,652,30.12,425.79,55.97,1.0000,0.665295,0.116604,414.42,324.44,0.9747,0.647530,0.675922
1786702455.672710,21.174632,653,30.12,425.69,56.07,1.0000,0.665144,0.116807,414.39,324.49,0.9755,0.647477,0.676020
1786702455.706379,21.208301,654,30.12,425.74,56.08,1.0000,0.665217,0.116823,414.30,324.61,0.9752,0.647344,0.676268
1786702455.737995,21.239917,655,30.12,425.79,56.09,1.0000,0.665293,0.116850,414.29,324.61,0.9757,0.647328,0.676273
1786702455.775649,21.277571,656,29.96,425.76,56.09,1.0000,0.665252,0.116852,414.28,324.67,0.9763,0.647318,0.676388
1786702455.805048,21.306969,657,29.96,425.76,56.25,1.0000,0.665242,0.117186,414.27,324.70,0.9763,0.647293,0.676449
1786702455.868827,21.370748,658,29.96,425.78,56.22,1.0000,0.665282,0.117117,414.30,324.65,0.9762,0.647348,0.676354
1786702455.885910,21.387832,659,29.96,425.78,56.18,1.0000,0.665289,0.117052,414.30,324.61,0.9770,0.647343,0.676278
1786702455.904160,21.406082,660,29.96,425.75,56.17,1.0000,0.665239,0.117012,414.48,324.29,0.9767,0.647628,0.675598
1786702455.948033,21.449955,661,29.96,425.75,56.16,1.0000,0.665242,0.117009,414.47,324.11,0.9763,0.647614,0.675226
1786702455.980239,21.482161,662,29.96,425.87,56.16,1.0000,0.665417,0.117009,414.46,324.01,0.9763,0.647596,0.675029
1786702455.998916,21.500838,663,29.96,425.87,56.19,1.0000,0.665421,0.117065,414.49,324.02,0.9767,0.647643,0.675046
1786702456.041129,21.543051,664,29.96,425.43,56.24,1.0000,0.664740,0.117169,414.45,323.86,0.9765,0.647585,0.674705
1786702456.064960,21.566882,665,29.96,425.46,56.24,1.0000,0.664783,0.117157,414.31,323.89,0.9769,0.647362,0.674769
1786702456.099292,21.601213,666,29.96,425.51,56.22,1.0000,0.664865,0.117125,414.15,323.70,0.9762,0.647115,0.674383
1786702456.138782,21.640704,667,29.96,425.52,56.23,1.0000,0.664871,0.117141,414.21,323.46,0.9750,0.647208,0.673880
1786702456.171806,21.673727,668,29.96,425.81,56.21,1.0000,0.665325,0.117111,414.23,323.48,0.9750,0.647238,0.673915
1786702456.218797,21.720719,669,29.96,425.96,56.19,1.0000,0.665555,0.117061,414.22,323.57,0.9742,0.647220,0.674109
1786702456.251055,21.752976,670,29.96,425.96,56.19,1.0000,0.665569,0.117059,414.18,323.64,0.9742,0.647163,0.674246
1786702456.270402,21.772323,671,29.96,425.90,56.19,1.0000,0.665469,0.117057,414.19,323.64,0.9744,0.647176,0.674254
1786702456.313762,21.815684,672,29.96,425.90,56.21,1.0000,0.665467,0.117108,414.18,323.70,0.9746,0.647160,0.674373
1786702456.329513,21.831434,673,29.96,425.83,56.20,1.0000,0.665365,0.117092,414.26,323.78,0.9746,0.647275,0.674541
1786702456.380157,21.882078,674,29.96,425.71,56.22,1.0000,0.665170,0.117117,414.18,323.89,0.9750,0.647158,0.674781
1786702456.400095,21.902016,675,29.96,425.67,56.26,1.0000,0.665102,0.117199,414.15,324.17,0.9755,0.647112,0.675347
1786702456.437716,21.939637,676,29.96,425.65,56.16,1.0000,0.665083,0.116990,414.15,324.35,0.9759,0.647103,0.675730
1786702456.472242,21.974164,677,29.96,425.74,56.00,1.0000,0.665221,0.116656,414.09,324.65,0.9762,0.647022,0.676345
1786702456.500525,22.002446,678,29.96,425.97,55.97,1.0000,0.665581,0.116604,414.25,324.98,0.9760,0.647265,0.677041
1786702456.537064,22.038985,679,29.96,426.21,56.00,1.0000,0.665958,0.116663,414.36,325.06,0.9766,0.647431,0.677201
1786702456.565668,22.067590,680,29.96,426.07,56.13,1.0000,0.665727,0.116931,414.24,324.67,0.9761,0.647253,0.676392
1786702456.603415,22.105337,681,29.96,426.06,56.07,1.0000,0.665727,0.116807,414.28,324.62,0.9766,0.647305,0.676289
1786702456.643446,22.145368,682,29.96,426.17,56.12,1.0000,0.665889,0.116908,414.32,324.54,0.9761,0.647368,0.676134
1786702456.661851,22.163772,683,29.96,426.13,56.14,1.0000,0.665826,0.116955,414.35,324.31,0.9761,0.647419,0.675648
1786702456.701721,22.203643,684,29.96,426.08,56.29,1.0000,0.665751,0.117273,414.42,323.93,0.9762,0.647526,0.674863
1786702456.746970,22.248892,685,29.96,425.94,56.60,1.0000,0.665528,0.117922,414.31,323.83,0.9753,0.647355,0.674651
1786702456.786631,22.288553,686,29.85,425.91,56.64,1.0000,0.665480,0.117997,414.31,323.92,0.9748,0.647360,0.674837
1786702456.804455,22.306376,687,29.85,425.81,56.64,1.0000,0.665328,0.118004,414.34,323.92,0.9748,0.647412,0.674838
1786702456.836903,22.338825,688,29.85,425.68,56.64,1.0000,0.665132,0.117996,414.51,323.97,0.9751,0.647676,0.674927
1786702456.870198,22.372120,689,29.85,425.48,56.64,1.0000,0.664805,0.118004,414.60,324.34,0.9756,0.647809,0.675702
1786702456.907425,22.409347,690,29.85,425.48,56.65,1.0000,0.664816,0.118024,414.60,324.60,0.9759,0.647809,0.676248
1786702456.933600,22.435522,691,29.85,425.25,56.66,1.0000,0.664450,0.118034,414.60,324.60,0.9761,0.647810,0.676251
1786702456.973550,22.475471,692,29.85,425.21,56.81,1.0000,0.664389,0.118350,414.70,324.55,0.9766,0.647971,0.676152
1786702457.005580,22.507502,693,29.85,425.02,56.81,1.0000,0.664088,0.118351,414.67,324.55,0.9771,0.647922,0.676136
1786702457.031938,22.533859,694,29.85,425.02,56.83,1.0000,0.664096,0.118388,414.63,324.59,0.9772,0.647856,0.676235
1786702457.074860,22.576782,695,29.85,424.79,56.82,1.0000,0.663740,0.118380,414.62,324.63,0.9774,0.647846,0.676303
1786702457.101364,22.603285,696,29.85,424.81,56.91,1.0000,0.663768,0.118556,414.79,324.71,0.9782,0.648108,0.676485
1786702457.151881,22.653802,697,29.85,424.79,56.90,1.0000,0.663738,0.118550,414.81,324.64,0.9779,0.648141,0.676325
1786702457.172600,22.674521,698,29.85,424.90,56.97,1.0000,0.663907,0.118677,414.78,324.61,0.9775,0.648099,0.676265
1786702457.201350,22.703272,699,29.85,424.90,56.96,1.0000,0.663900,0.118657,414.71,324.74,0.9772,0.647988,0.676549
1786702457.238382,22.740304,700,29.85,424.60,56.95,1.0000,0.663436,0.118644,414.70,324.90,0.9773,0.647965,0.676872
1786702457.275156,22.777078,701,29.85,424.47,57.00,1.0000,0.663234,0.118749,414.70,324.93,0.9773,0.647962,0.676932
1786702457.301373,22.803294,702,30.08,424.43,57.01,1.0000,0.663173,0.118761,414.60,324.75,0.9764,0.647816,0.676568
1786702457.352027,22.853949,703,30.08,424.46,57.00,1.0000,0.663219,0.118760,414.52,324.77,0.9770,0.647691,0.676610
1786702457.388782,22.890703,704,30.08,424.40,57.03,1.0000,0.663119,0.118804,414.30,324.76,0.9767,0.647348,0.676589
1786702457.404421,22.906343,705,30.08,424.38,56.96,1.0000,0.663098,0.118674,414.33,324.61,0.9775,0.647396,0.676265
1786702457.438258,22.940180,706,30.08,424.34,57.19,1.0000,0.663030,0.119137,414.31,324.66,0.9769,0.647362,0.676367
1786702457.469296,22.971218,707,30.08,424.33,57.18,1.0000,0.663018,0.119134,414.33,324.67,0.9763,0.647383,0.676386
1786702457.531074,23.032995,708,30.08,424.33,57.17,1.0000,0.663015,0.119105,414.35,324.73,0.9763,0.647427,0.676514
1786702457.545834,23.047755,709,30.08,424.29,57.16,1.0000,0.662960,0.119091,414.33,324.63,0.9762,0.647390,0.676305
1786702457.583680,23.085601,710,30.08,424.33,57.16,1.0000,0.663014,0.119091,414.32,324.72,0.9759,0.647379,0.676504
1786702457.609769,23.111691,711,30.08,424.30,57.17,1.0000,0.662976,0.119096,414.38,324.71,0.9761,0.647462,0.676476
1786702457.648779,23.150701,712,30.08,424.25,57.35,1.0000,0.662898,0.119477,414.36,324.69,0.9766,0.647436,0.676433
1786702457.672456,23.174378,713,30.08,424.15,57.35,1.0000,0.662729,0.119479,414.36,324.72,0.9762,0.647442,0.676503
1786702457.719227,23.221149,714,30.08,423.96,57.34,1.0000,0.662434,0.119462,414.10,324.90,0.9756,0.647028,0.676885
1786702457.745679,23.247601,715,30.08,424.04,57.34,1.0000,0.662570,0.119461,414.19,324.98,0.9757,0.647174,0.677040
1786702457.782997,23.284918,716,30.08,424.04,57.33,1.0000,0.662569,0.119430,414.30,324.74,0.9760,0.647343,0.676540
1786702457.804041,23.305963,717,29.95,424.09,57.34,1.0000,0.662645,0.119452,414.29,324.67,0.9761,0.647332,0.676401
1786702457.846823,23.348744,718,29.95,423.89,57.34,1.0000,0.662330,0.119448,414.30,324.51,0.9755,0.647336,0.676054
1786702457.862719,23.364641,719,29.95,423.88,57.39,1.0000,0.662311,0.119557,414.29,324.57,0.9759,0.647333,0.676184
1786702457.894412,23.396333,720,29.95,423.88,57.41,1.0000,0.662310,0.119610,414.34,324.53,0.9766,0.647409,0.676099
1786702457.947744,23.449666,721,29.95,423.67,57.40,1.0000,0.661988,0.119593,414.19,324.08,0.9753,0.647171,0.675169
1786702457.973788,23.475710,722,29.95,423.74,57.39,1.0000,0.662097,0.119566,414.14,324.41,0.9757,0.647093,0.675846
1786702458.021096,23.523017,723,29.95,423.70,57.43,1.0000,0.662029,0.119655,413.99,324.23,0.9759,0.646854,0.675485
1786702458.037101,23.539022,724,29.95,423.69,57.66,1.0000,0.662016,0.120133,414.09,324.22,0.9755,0.647021,0.675465
1786702458.084558,23.586480,725,29.95,423.68,57.74,1.0000,0.662001,0.120293,414.11,324.25,0.9755,0.647054,0.675518
1786702458.116624,23.618546,726,29.95,423.50,57.79,1.0000,0.661718,0.120386,414.15,324.36,0.9759,0.647111,0.675743
1786702458.142305,23.644227,727,29.95,423.41,57.79,1.0000,0.661582,0.120388,414.31,324.60,0.9762,0.647352,0.676242
1786702458.196603,23.698525,728,29.95,423.31,57.78,1.0000,0.661420,0.120376,414.32,324.68,0.9759,0.647371,0.676427
1786702458.213591,23.715512,729,29.95,423.32,57.83,1.0000,0.661432,0.120474,414.34,324.70,0.9764,0.647403,0.676460
1786702458.239561,23.741482,730,29.95,423.13,58.06,1.0000,0.661146,0.120956,414.37,324.62,0.9764,0.647453,0.676298
1786702458.272196,23.774118,731,29.95,423.26,58.08,1.0000,0.661348,0.120997,414.25,324.54,0.9754,0.647270,0.676115
1786702458.311876,23.813797,732,29.95,423.08,58.26,1.0000,0.661070,0.121377,414.38,324.26,0.9741,0.647469,0.675547
1786702458.338464,23.840386,733,30.06,423.09,58.26,1.0000,0.661079,0.121376,414.36,324.46,0.9747,0.647439,0.675966
1786702458.365665,23.867587,734,30.06,423.00,58.26,1.0000,0.660931,0.121370,414.37,324.51,0.9749,0.647449,0.676061
1786702458.449121,23.951042,736,30.06,423.06,58.15,1.0000,0.661032,0.121151,414.40,324.84,0.9747,0.647497,0.676749
1786702458.464556,23.966477,737,30.06,423.13,58.15,1.0000,0.661139,0.121146,414.43,324.72,0.9747,0.647549,0.676508
1786702458.513432,24.015353,738,30.06,423.18,58.15,1.0000,0.661215,0.121137,414.36,324.72,0.9743,0.647437,0.676508
1786702458.538952,24.040874,739,30.06,423.38,58.11,1.0000,0.661538,0.121061,414.36,324.76,0.9749,0.647432,0.676592
1786702458.579101,24.081023,740,30.06,423.46,58.11,1.0000,0.661662,0.121057,414.24,324.70,0.9754,0.647246,0.676451
1786702458.602581,24.104502,741,30.06,423.60,58.11,1.0000,0.661870,0.121059,414.32,324.67,0.9753,0.647371,0.676404
1786702458.636909,24.138831,742,30.06,423.91,58.03,1.0000,0.662356,0.120904,414.31,324.60,0.9756,0.647366,0.676246
1786702458.666132,24.168053,743,30.06,424.17,58.06,1.0000,0.662762,0.120950,414.24,324.64,0.9753,0.647248,0.676326
1786702458.703403,24.205325,744,30.06,424.47,58.06,1.0000,0.663236,0.120948,414.24,324.58,0.9758,0.647255,0.676202
1786702458.746484,24.248405,745,30.06,424.72,58.19,1.0000,0.663627,0.121230,414.26,324.68,0.9761,0.647287,0.676411
1786702458.786427,24.288348,746,30.06,424.76,58.19,1.0000,0.663688,0.121229,414.18,324.67,0.9763,0.647159,0.676401
1786702458.824890,24.326811,747,30.06,424.79,58.07,1.0000,0.663741,0.120987,414.16,324.29,0.9762,0.647118,0.675603
1786702458.840835,24.342757,748,29.49,424.74,58.07,1.0000,0.663652,0.120980,414.15,324.29,0.9766,0.647115,0.675614
1786702458.872859,24.374780,749,29.49,424.91,58.01,1.0000,0.663929,0.120857,414.17,324.34,0.9765,0.647143,0.675707
1786702458.912264,24.414185,750,29.49,425.17,57.92,1.0000,0.664326,0.120671,414.13,324.23,0.9763,0.647073,0.675473
1786702458.952453,24.454375,751,29.49,425.43,57.98,1.0000,0.664738,0.120789,414.14,324.23,0.9760,0.647097,0.675476
1786702459.000847,24.502769,752,29.49,425.44,58.13,1.0000,0.664753,0.121104,414.14,324.19,0.9760,0.647094,0.675404
1786702459.012352,24.514273,753,29.49,425.74,58.18,1.0000,0.665223,0.121215,414.18,324.22,0.9761,0.647160,0.675452
1786702459.048601,24.550522,754,29.49,426.04,58.22,1.0000,0.665690,0.121284,414.22,324.30,0.9762,0.647224,0.675620
1786702459.064626,24.566548,755,29.49,426.02,58.23,1.0000,0.665663,0.121305,414.25,324.32,0.9762,0.647271,0.675663
1786702459.112457,24.614378,756,29.49,426.10,58.23,1.0000,0.665779,0.121306,414.29,324.42,0.9761,0.647325,0.675882
1786702459.134189,24.636110,757,29.49,426.09,58.25,1.0000,0.665760,0.121361,414.23,324.50,0.9756,0.647236,0.676050
1786702459.170700,24.672622,758,29.49,426.10,58.26,1.0000,0.665782,0.121385,414.23,324.45,0.9759,0.647235,0.675932
1786702459.210626,24.712548,759,29.49,426.10,58.37,1.0000,0.665781,0.121597,414.25,324.54,0.9760,0.647267,0.676126
1786702459.227746,24.729668,760,29.49,426.14,58.55,1.0000,0.665843,0.121975,414.37,324.57,0.9763,0.647452,0.676193
1786702459.266144,24.768065,761,29.49,426.18,58.55,1.0000,0.665909,0.121986,414.42,324.57,0.9769,0.647534,0.676179
1786702459.318911,24.820833,762,29.49,426.37,58.56,1.0000,0.666211,0.121998,414.48,324.73,0.9772,0.647624,0.676529
1786702459.350954,24.852876,763,29.59,426.34,58.63,1.0000,0.666156,0.122138,414.42,324.61,0.9769,0.647534,0.676261
1786702459.366467,24.868388,764,29.59,426.79,58.95,1.0000,0.666865,0.122819,414.44,324.57,0.9769,0.647568,0.676194
1786702459.413708,24.915630,765,29.59,427.07,58.95,1.0000,0.667296,0.122816,414.43,324.64,0.9772,0.647553,0.676334
1786702459.436317,24.938239,766,29.59,427.29,59.01,1.0000,0.667635,0.122942,414.37,324.66,0.9776,0.647449,0.676384
1786702459.472597,24.974519,767,29.59,427.32,59.01,1.0000,0.667682,0.122945,414.38,324.66,0.9779,0.647470,0.676377
1786702459.503855,25.005776,768,29.59,427.35,59.01,1.0000,0.667727,0.122930,414.40,324.65,0.9785,0.647500,0.676353
1786702459.540972,25.042893,769,29.59,427.36,59.00,1.0000,0.667744,0.122916,414.39,324.60,0.9786,0.647481,0.676243
1786702459.573208,25.075129,770,29.59,427.34,59.06,1.0000,0.667715,0.123051,414.46,324.62,0.9790,0.647588,0.676283
1786702459.600263,25.102184,771,29.59,427.33,59.06,1.0000,0.667699,0.123050,414.51,324.68,0.9791,0.647678,0.676418
1786702459.638779,25.140701,772,29.59,427.28,59.06,1.0000,0.667628,0.123045,414.59,324.69,0.9791,0.647791,0.676436
1786702459.670197,25.172119,773,29.59,427.30,58.93,1.0000,0.667657,0.122769,414.64,324.65,0.9791,0.647868,0.676354
1786702459.709106,25.211027,774,29.59,427.34,58.94,1.0000,0.667714,0.122799,414.63,324.71,0.9791,0.647863,0.676475
1786702459.737814,25.239736,775,29.59,427.32,58.93,1.0000,0.667684,0.122779,414.64,324.75,0.9786,0.647873,0.676569
1786702459.773631,25.275552,776,29.59,427.28,58.93,1.0000,0.667629,0.122779,414.65,324.75,0.9780,0.647896,0.676567
1786702459.795039,25.296961,777,29.59,427.28,58.93,1.0000,0.667625,0.122780,414.65,324.75,0.9783,0.647896,0.676570
1786702459.839247,25.341168,778,29.59,427.30,58.72,1.0000,0.667653,0.122325,414.71,324.84,0.9783,0.647977,0.676754
1786702459.871424,25.373346,779,29.89,427.36,58.64,1.0000,0.667756,0.122175,414.69,324.84,0.9787,0.647948,0.676760
1786702459.902475,25.404397,780,29.89,427.38,58.66,1.0000,0.667788,0.122205,414.64,324.90,0.9789,0.647879,0.676868
1786702459.936016,25.437937,781,29.89,427.38,58.65,1.0000,0.667783,0.122195,414.65,324.93,0.9786,0.647889,0.676930
1786702459.981236,25.483158,782,29.89,427.37,58.69,1.0000,0.667771,0.122280,414.39,324.77,0.9782,0.647481,0.676601
1786702460.008256,25.510178,783,29.89,427.37,58.73,1.0000,0.667769,0.122361,414.39,324.75,0.9774,0.647485,0.676555
1786702460.039336,25.541258,784,29.89,427.30,58.76,1.0000,0.667664,0.122413,414.40,324.80,0.9778,0.647507,0.676662
1786702460.079324,25.581246,785,29.89,427.34,58.75,1.0000,0.667713,0.122398,414.48,324.96,0.9779,0.647620,0.677000
1786702460.109191,25.611112,786,29.89,427.11,58.71,1.0000,0.667362,0.122315,414.46,324.98,0.9776,0.647590,0.677038
1786702460.124534,25.626456,787,29.89,427.05,58.69,1.0000,0.667263,0.122269,414.49,325.08,0.9775,0.647636,0.677250
1786702460.172549,25.674470,788,29.89,427.05,58.67,1.0000,0.667263,0.122232,414.49,325.07,0.9780,0.647635,0.677236
1786702460.204045,25.705966,789,29.89,426.94,58.64,1.0000,0.667095,0.122160,414.45,325.05,0.9780,0.647583,0.677185
1786702460.238015,25.739937,790,29.89,426.86,58.64,1.0000,0.666969,0.122158,414.46,325.07,0.9784,0.647588,0.677228
1786702460.270868,25.772790,791,29.89,426.81,58.63,1.0000,0.666891,0.122155,414.46,325.06,0.9788,0.647592,0.677202
1786702460.309444,25.811366,792,29.89,426.78,58.63,1.0000,0.666849,0.122151,414.46,325.06,0.9788,0.647596,0.677213
1786702460.338069,25.839991,793,29.89,426.77,58.62,1.0000,0.666829,0.122125,414.48,325.18,0.9786,0.647627,0.677468
1786702460.346084,25.848005,794,29.89,426.75,58.62,1.0000,0.666797,0.122126,414.50,325.19,0.9786,0.647660,0.677471
1786702460.393349,25.895271,795,30.06,426.75,58.40,1.0000,0.666800,0.121672,414.74,325.06,0.9791,0.648037,0.677205
1786702460.443144,25.945065,796,30.06,426.62,58.34,1.0000,0.666591,0.121543,414.79,324.99,0.9795,0.648106,0.677053
1786702460.458002,25.959924,797,30.06,426.30,58.31,1.0000,0.666099,0.121483,414.84,324.96,0.9799,0.648180,0.677001
1786702460.503274,26.005195,798,30.06,426.27,58.31,1.0000,0.666054,0.121480,414.83,324.93,0.9802,0.648179,0.676943
1786702460.533391,26.035312,799,30.06,426.13,58.32,1.0000,0.665827,0.121496,414.84,324.94,0.9805,0.648182,0.676960
1786702460.563999,26.065921,800,30.06,425.96,58.29,1.0000,0.665559,0.121435,414.84,324.88,0.9804,0.648186,0.676831
1786702460.601889,26.103811,801,30.06,425.86,58.31,1.0000,0.665404,0.121481,414.87,324.88,0.9801,0.648240,0.676828
1786702460.635188,26.137109,802,30.06,425.68,58.41,1.0000,0.665124,0.121680,414.78,324.95,0.9800,0.648089,0.676981
1786702460.675684,26.177606,803,30.06,425.71,58.47,1.0000,0.665179,0.121823,414.79,324.93,0.9789,0.648114,0.676934
1786702460.690999,26.192920,804,30.06,425.71,58.47,1.0000,0.665178,0.121804,414.77,324.95,0.9786,0.648074,0.676975
1786702460.739088,26.241010,805,30.06,425.70,58.53,1.0000,0.665154,0.121927,414.75,324.85,0.9784,0.648047,0.676761
1786702460.778560,26.280482,806,30.06,425.64,58.62,1.0000,0.665060,0.122130,414.74,324.80,0.9782,0.648033,0.676666
1786702460.807725,26.309647,807,30.06,425.60,58.65,1.0000,0.665003,0.122187,414.67,324.79,0.9784,0.647916,0.676647
1786702460.842279,26.344201,808,30.06,425.61,58.62,1.0000,0.665011,0.122119,414.67,324.85,0.9776,0.647927,0.676766
1786702460.872753,26.374674,809,30.06,425.60,58.60,1.0000,0.664999,0.122082,414.63,324.86,0.9772,0.647867,0.676799
1786702460.903268,26.405189,810,29.83,425.71,58.65,1.0000,0.665179,0.122184,414.64,324.90,0.9773,0.647883,0.676875
1786702460.959294,26.461215,811,29.83,425.71,58.65,1.0000,0.665166,0.122195,414.51,324.70,0.9769,0.647679,0.676462
1786702460.994406,26.496328,812,29.83,425.62,58.66,1.0000,0.665027,0.122200,414.50,324.70,0.9772,0.647649,0.676455
1786702461.010010,26.511931,813,29.83,425.62,58.59,1.0000,0.665025,0.122073,414.51,324.77,0.9773,0.647668,0.676599
1786702461.025961,26.527883,814,29.83,425.62,58.52,1.0000,0.665026,0.121916,414.53,324.77,0.9771,0.647699,0.676596
1786702461.074287,26.576209,815,29.83,425.60,58.54,1.0000,0.664999,0.121962,414.51,324.94,0.9767,0.647671,0.676960
1786702461.090025,26.591946,816,29.83,425.70,58.53,1.0000,0.665154,0.121945,414.68,324.94,0.9773,0.647939,0.676958
1786702461.137432,26.639354,817,29.83,425.61,58.53,1.0000,0.665017,0.121934,414.69,324.91,0.9773,0.647956,0.676890
1786702461.174459,26.676381,818,29.83,425.48,58.53,1.0000,0.664813,0.121934,414.67,324.87,0.9770,0.647915,0.676818
1786702461.184908,26.686830,819,29.83,425.31,58.49,1.0000,0.664543,0.121846,414.68,324.81,0.9773,0.647936,0.676677
1786702461.235342,26.737264,820,29.83,425.32,58.42,1.0000,0.664564,0.121708,414.68,324.86,0.9777,0.647936,0.676782
1786702461.281421,26.783342,821,29.83,425.31,58.29,1.0000,0.664551,0.121432,414.68,324.76,0.9781,0.647936,0.676582
1786702461.299209,26.801131,822,29.83,425.43,58.27,1.0000,0.664740,0.121405,414.69,324.76,0.9783,0.647949,0.676581
1786702461.337240,26.839162,823,29.83,425.44,58.27,1.0000,0.664754,0.121405,414.66,324.74,0.9785,0.647913,0.676532
1786702461.371732,26.873653,824,29.83,425.17,58.27,1.0000,0.664335,0.121403,414.57,324.72,0.9783,0.647766,0.676499
1786702461.406131,26.908053,825,29.83,424.90,58.39,1.0000,0.663901,0.121647,414.58,324.75,0.9783,0.647786,0.676570
1786702461.458172,26.960094,826,29.70,424.90,58.41,1.0000,0.663904,0.121693,414.45,324.65,0.9777,0.647572,0.676355
1786702461.489508,26.991430,827,29.70,424.86,58.43,1.0000,0.663837,0.121736,414.46,324.56,0.9768,0.647595,0.676167
1786702461.511317,27.013238,828,29.70,424.84,58.44,1.0000,0.663807,0.121755,414.45,324.60,0.9760,0.647586,0.676253
1786702461.555887,27.057809,829,29.70,425.33,58.49,1.0000,0.664583,0.121850,414.42,324.60,0.9760,0.647524,0.676258
1786702461.569074,27.070996,830,29.70,425.33,58.49,1.0000,0.664579,0.121851,414.45,324.60,0.9762,0.647582,0.676258
1786702461.603358,27.105280,831,29.70,425.35,58.50,1.0000,0.664610,0.121878,414.46,324.62,0.9759,0.647587,0.676296
1786702461.635635,27.137557,832,29.70,425.35,58.45,1.0000,0.664616,0.121766,414.51,324.64,0.9756,0.647672,0.676328
1786702461.682153,27.184075,833,29.70,425.36,58.45,1.0000,0.664621,0.121766,414.62,324.72,0.9755,0.647844,0.676490
1786702461.713449,27.215371,834,29.70,425.29,58.42,1.0000,0.664510,0.121708,414.62,324.80,0.9756,0.647841,0.676659
1786702461.746655,27.248577,835,29.70,425.29,58.41,1.0000,0.664509,0.121680,414.58,324.76,0.9752,0.647785,0.676582
1786702461.777870,27.279792,836,29.70,425.30,58.41,1.0000,0.664528,0.121695,414.68,324.75,0.9752,0.647932,0.676572
1786702461.809051,27.310972,837,29.70,425.29,58.41,1.0000,0.664522,0.121692,414.68,324.56,0.9750,0.647932,0.676173
1786702461.843804,27.345726,838,29.70,424.73,58.42,1.0000,0.663643,0.121709,414.49,324.36,0.9743,0.647640,0.675741
1786702461.896982,27.398904,839,29.70,424.90,58.43,1.0000,0.663905,0.121725,414.48,324.34,0.9746,0.647630,0.675706
1786702461.911865,27.413787,840,29.70,424.95,58.41,1.0000,0.663983,0.121686,414.53,324.38,0.9747,0.647698,0.675801
1786702461.936686,27.438607,841,29.70,424.95,58.41,1.0000,0.663986,0.121694,414.54,324.24,0.9737,0.647723,0.675492
1786702461.984888,27.486809,842,29.78,425.21,58.41,1.0000,0.664387,0.121697,414.52,324.27,0.9740,0.647692,0.675554
1786702462.005195,27.507117,843,29.78,425.21,58.39,1.0000,0.664390,0.121637,414.82,324.26,0.9729,0.648149,0.675532
1786702462.037657,27.539579,844,29.78,425.21,58.38,1.0000,0.664393,0.121615,414.85,324.37,0.9725,0.648209,0.675781
1786702462.079412,27.581334,845,29.78,425.21,58.39,1.0000,0.664388,0.121647,414.86,324.42,0.9728,0.648226,0.675882
1786702462.103749,27.605670,846,29.78,425.27,58.42,1.0000,0.664490,0.121698,414.86,324.48,0.9727,0.648225,0.675994
1786702462.138197,27.640119,847,29.78,425.27,58.32,1.0000,0.664483,0.121499,414.57,324.37,0.9733,0.647764,0.675777
1786702462.182924,27.684845,848,29.78,424.92,58.32,1.0000,0.663933,0.121496,414.54,324.39,0.9736,0.647716,0.675820
1786702462.217132,27.719054,849,29.78,424.92,58.32,1.0000,0.663936,0.121495,414.55,324.36,0.9743,0.647727,0.675745
1786702462.224783,27.726705,850,29.78,424.75,58.36,1.0000,0.663667,0.121577,414.60,324.36,0.9746,0.647812,0.675746
1786702462.273820,27.775742,851,29.78,424.37,58.36,1.0000,0.663083,0.121578,414.56,324.26,0.9750,0.647757,0.675547
1786702462.305605,27.807526,852,29.78,423.91,58.37,1.0000,0.662357,0.121603,414.57,324.30,0.9755,0.647765,0.675619
1786702462.337294,27.839216,853,29.78,423.91,58.37,1.0000,0.662367,0.121604,414.27,324.46,0.9758,0.647291,0.675956
1786702462.353851,27.855772,854,29.78,423.92,58.33,1.0000,0.662380,0.121524,414.28,324.45,0.9760,0.647306,0.675935
1786702462.416019,27.917940,855,29.78,423.94,58.29,1.0000,0.662399,0.121447,414.33,324.43,0.9762,0.647388,0.675905
1786702462.432851,27.934773,856,29.78,423.95,58.27,1.0000,0.662425,0.121404,414.38,324.44,0.9767,0.647464,0.675918
1786702462.478302,27.980223,857,29.78,423.92,58.34,1.0000,0.662379,0.121533,414.38,324.42,0.9772,0.647466,0.675882
1786702462.499792,28.001713,858,30.02,423.92,58.39,1.0000,0.662379,0.121639,414.28,324.68,0.9776,0.647319,0.676411
1786702462.529944,28.031866,859,30.02,423.93,58.38,1.0000,0.662385,0.121629,414.34,324.71,0.9780,0.647401,0.676488
1786702462.570534,28.072455,860,30.02,423.89,58.38,1.0000,0.662333,0.121621,414.39,324.73,0.9773,0.647482,0.676521
1786702462.598144,28.100066,861,30.02,423.89,58.39,1.0000,0.662335,0.121645,414.42,324.65,0.9776,0.647539,0.676359
1786702462.642607,28.144529,862,30.02,423.89,58.39,1.0000,0.662325,0.121643,414.43,324.62,0.9777,0.647543,0.676297
1786702462.671503,28.173425,863,30.02,423.83,58.38,1.0000,0.662238,0.121625,414.40,324.66,0.9778,0.647505,0.676366
1786702462.703826,28.205748,864,30.02,423.73,58.35,1.0000,0.662081,0.121567,414.40,324.64,0.9780,0.647506,0.676343
1786702462.749033,28.250954,865,30.02,423.60,58.35,1.0000,0.661873,0.121564,414.43,324.54,0.9785,0.647545,0.676132
1786702462.769099,28.271020,866,30.02,423.40,58.35,1.0000,0.661569,0.121556,414.43,324.37,0.9785,0.647554,0.675780
1786702462.826242,28.328164,867,30.02,423.38,58.28,1.0000,0.661536,0.121413,414.45,324.37,0.9788,0.647577,0.675763
1786702462.841754,28.343676,868,30.02,423.37,58.25,1.0000,0.661515,0.121354,414.45,324.37,0.9791,0.647583,0.675764
1786702462.867373,28.369295,869,30.02,423.33,58.25,1.0000,0.661460,0.121348,414.46,324.13,0.9791,0.647596,0.675270
1786702462.899041,28.400962,870,30.02,423.31,58.13,1.0000,0.661426,0.121096,414.49,324.12,0.9791,0.647644,0.675254
1786702462.944720,28.446642,871,30.02,423.27,58.16,1.0000,0.661363,0.121168,414.53,324.13,0.9789,0.647702,0.675280
1786702462.984175,28.486097,872,30.02,423.10,58.16,1.0000,0.661096,0.121166,414.55,324.21,0.9793,0.647728,0.675436
1786702463.016151,28.518073,873,29.82,423.10,58.06,1.0000,0.661094,0.120949,414.55,324.57,0.9794,0.647729,0.676178
1786702463.031291,28.533213,874,29.82,423.21,58.12,1.0000,0.661264,0.121083,414.42,324.64,0.9794,0.647532,0.676331
1786702463.073707,28.575629,875,29.82,423.21,58.16,1.0000,0.661262,0.121157,414.43,324.62,0.9793,0.647553,0.676288
1786702463.114336,28.616258,876,29.82,423.29,58.29,1.0000,0.661389,0.121440,414.43,324.69,0.9794,0.647550,0.676447
1786702463.126518,28.628439,877,29.82,423.13,58.32,1.0000,0.661146,0.121493,414.43,324.54,0.9798,0.647541,0.676127
1786702463.171691,28.673613,878,29.82,423.12,58.35,1.0000,0.661125,0.121564,414.44,324.67,0.9800,0.647556,0.676388
1786702463.206679,28.708601,879,29.82,423.13,58.37,1.0000,0.661145,0.121598,414.54,324.66,0.9804,0.647717,0.676367
1786702463.246396,28.748317,880,29.82,423.14,58.28,1.0000,0.661160,0.121419,414.49,324.76,0.9807,0.647645,0.676574
1786702463.276967,28.778888,881,29.82,423.18,58.22,1.0000,0.661214,0.121297,414.37,324.82,0.9808,0.647451,0.676699
1786702463.300759,28.802680,882,29.82,423.17,58.15,1.0000,0.661203,0.121145,414.40,324.81,0.9807,0.647498,0.676691
1786702463.335078,28.837000,883,29.82,423.20,58.17,1.0000,0.661249,0.121183,414.36,324.90,0.9808,0.647445,0.676882
1786702463.369348,28.871269,884,29.82,423.18,58.19,1.0000,0.661212,0.121229,414.40,324.91,0.9808,0.647501,0.676897
1786702463.403883,28.905804,885,29.82,423.20,58.30,1.0000,0.661255,0.121461,414.28,324.86,0.9809,0.647318,0.676786
1786702463.445644,28.947565,886,29.82,423.20,58.21,1.0000,0.661258,0.121263,414.34,324.73,0.9810,0.647401,0.676529
1786702463.480929,28.982851,887,29.82,423.20,58.18,1.0000,0.661249,0.121218,414.38,324.81,0.9811,0.647469,0.676681
1786702463.507689,29.009610,888,29.82,423.20,58.13,1.0000,0.661251,0.121111,414.39,324.90,0.9810,0.647482,0.676885
1786702463.552063,29.053985,889,29.83,423.25,57.93,1.0000,0.661327,0.120694,414.43,324.90,0.9810,0.647548,0.676874
1786702463.586565,29.088487,890,29.83,423.35,57.91,1.0000,0.661485,0.120645,414.44,324.87,0.9813,0.647560,0.676812
1786702463.602346,29.104267,891,29.83,423.31,57.89,1.0000,0.661426,0.120608,414.45,324.86,0.9811,0.647571,0.676787
1786702463.639341,29.141263,892,29.83,423.31,57.91,1.0000,0.661426,0.120638,414.44,324.70,0.9810,0.647560,0.676453
1786702463.682415,29.184336,893,29.83,423.17,57.85,1.0000,0.661198,0.120522,414.45,324.57,0.9804,0.647575,0.676181
1786702463.715010,29.216932,894,29.83,423.22,57.85,1.0000,0.661286,0.120520,414.51,324.57,0.9808,0.647670,0.676181
1786702463.730415,29.232337,895,29.83,423.20,57.85,1.0000,0.661246,0.120521,414.51,324.57,0.9809,0.647676,0.676197
1786702463.783461,29.285382,896,29.83,423.16,57.86,1.0000,0.661188,0.120537,414.51,324.67,0.9810,0.647675,0.676398
1786702463.810418,29.312340,897,29.83,423.16,57.86,1.0000,0.661192,0.120548,414.56,324.70,0.9809,0.647742,0.676466
1786702463.842241,29.344163,898,29.83,423.16,57.87,1.0000,0.661189,0.120566,414.55,324.78,0.9812,0.647739,0.676629
1786702463.857521,29.359442,899,29.83,423.16,57.92,1.0000,0.661189,0.120664,414.59,324.82,0.9814,0.647794,0.676714
1786702463.920877,29.422799,900,29.83,423.16,57.94,1.0000,0.661194,0.120702,414.55,324.96,0.9812,0.647739,0.676991
1786702463.936808,29.438730,901,29.83,423.16,57.97,1.0000,0.661186,0.120771,414.56,325.04,0.9812,0.647746,0.677159
1786702463.983945,29.485867,902,29.83,423.15,57.96,1.0000,0.661175,0.120746,414.45,325.03,0.9815,0.647580,0.677140
1786702464.002041,29.503963,903,29.83,423.15,57.97,1.0000,0.661174,0.120761,414.48,325.11,0.9815,0.647619,0.677322
1786702464.047082,29.549004,904,29.83,423.16,57.97,1.0000,0.661184,0.120761,414.54,325.22,0.9815,0.647715,0.677546
1786702464.078792,29.580714,905,29.97,423.18,58.05,1.0000,0.661218,0.120932,414.54,325.17,0.9812,0.647725,0.677432
1786702464.118681,29.620602,906,29.97,423.24,58.05,1.0000,0.661317,0.120934,414.56,325.13,0.9813,0.647753,0.677353
1786702464.132463,29.634385,907,29.97,423.23,58.15,1.0000,0.661296,0.121142,414.52,325.14,0.9807,0.647682,0.677382
1786702464.166431,29.668353,908,29.97,423.22,58.13,1.0000,0.661283,0.121097,414.55,325.14,0.9811,0.647736,0.677370
1786702464.207026,29.708948,909,29.97,423.17,58.11,1.0000,0.661198,0.121061,414.47,324.80,0.9808,0.647615,0.676676
1786702464.223857,29.725779,910,29.97,423.17,58.10,1.0000,0.661210,0.121047,414.43,324.80,0.9810,0.647551,0.676671
1786702464.275271,29.777192,911,29.97,423.18,58.12,1.0000,0.661221,0.121074,414.47,324.81,0.9813,0.647613,0.676684
1786702464.303661,29.805583,912,29.97,423.10,58.13,1.0000,0.661092,0.121107,414.52,324.82,0.9811,0.647681,0.676716
1786702464.348299,29.850221,913,29.97,423.10,58.11,1.0000,0.661091,0.121060,414.53,324.78,0.9808,0.647698,0.676622
1786702464.364253,29.866175,914,29.97,423.19,58.22,1.0000,0.661229,0.121293,414.47,324.78,0.9808,0.647605,0.676616
1786702464.403528,29.905450,915,29.97,423.21,58.15,1.0000,0.661270,0.121155,414.42,324.69,0.9796,0.647528,0.676428
1786702464.444726,29.946647,916,29.97,423.22,58.17,1.0000,0.661288,0.121196,414.39,324.67,0.9793,0.647487,0.676389
1786702464.459941,29.961863,917,29.97,423.29,58.18,1.0000,0.661394,0.121213,414.42,324.80,0.9794,0.647528,0.676668
1786702464.524004,30.025926,918,29.97,423.32,58.15,1.0000,0.661434,0.121139,414.46,324.93,0.9794,0.647590,0.676947
1786702464.541004,30.042926,919,29.97,423.47,58.14,1.0000,0.661679,0.121127,414.39,325.01,0.9794,0.647478,0.677096
1786702464.578120,30.080042,920,29.97,423.55,58.13,1.0000,0.661796,0.121108,414.36,325.11,0.9794,0.647445,0.677313
1786702464.593317,30.095239,921,30.01,423.60,58.12,1.0000,0.661873,0.121093,414.34,325.16,0.9793,0.647408,0.677423
1786702464.641609,30.143530,922,30.01,423.69,58.14,1.0000,0.662021,0.121118,414.36,325.14,0.9792,0.647436,0.677373
1786702464.672482,30.174404,923,30.01,423.79,58.15,1.0000,0.662173,0.121153,414.30,325.19,0.9792,0.647347,0.677476
1786702464.704276,30.206198,924,30.01,424.16,58.15,1.0000,0.662748,0.121148,414.30,325.19,0.9794,0.647337,0.677489
1786702464.745025,30.246947,925,30.01,424.35,58.23,1.0000,0.663046,0.121320,414.38,325.17,0.9797,0.647462,0.677433
1786702464.770688,30.272609,926,30.01,424.42,58.24,1.0000,0.663164,0.121333,414.41,324.94,0.9785,0.647512,0.676965
1786702464.827340,30.329262,927,30.01,424.48,58.21,1.0000,0.663255,0.121271,414.24,324.87,0.9776,0.647253,0.676818
1786702464.837967,30.339888,928,30.01,424.49,58.25,1.0000,0.663258,0.121362,414.25,324.90,0.9778,0.647259,0.676883
1786702464.879876,30.381798,929,30.01,424.50,58.32,1.0000,0.663285,0.121495,414.36,324.92,0.9777,0.647442,0.676917
1786702464.903859,30.405780,930,30.01,424.51,58.30,1.0000,0.663296,0.121456,414.33,324.94,0.9779,0.647396,0.676956
1786702464.935049,30.436970,931,30.01,424.53,58.30,1.0000,0.663332,0.121456,414.36,324.85,0.9783,0.647430,0.676765
1786702464.975436,30.477358,932,30.01,424.65,58.32,1.0000,0.663519,0.121500,414.32,324.88,0.9776,0.647370,0.676832
1786702465.014980,30.516902,933,30.01,424.81,58.30,1.0000,0.663768,0.121456,414.34,324.86,0.9782,0.647402,0.676785
1786702465.046134,30.548056,934,30.01,424.84,58.37,1.0000,0.663814,0.121607,414.19,324.83,0.9766,0.647167,0.676735
1786702465.085792,30.587713,935,30.01,424.88,58.32,1.0000,0.663882,0.121493,414.21,324.72,0.9767,0.647205,0.676500
1786702465.103436,30.605357,936,29.93,424.91,58.32,1.0000,0.663923,0.121504,414.19,324.71,0.9764,0.647177,0.676483
1786702465.140157,30.642078,937,29.93,424.92,58.37,1.0000,0.663938,0.121603,414.14,324.72,0.9770,0.647097,0.676497
1786702465.169068,30.670990,938,29.93,424.90,58.37,1.0000,0.663903,0.121602,414.14,324.68,0.9766,0.647098,0.676417
1786702465.214567,30.716489,939,29.93,424.89,58.42,1.0000,0.663887,0.121717,414.15,324.56,0.9766,0.647104,0.676157
1786702465.231083,30.733005,940,29.93,424.85,58.39,1.0000,0.663836,0.121651,414.15,324.53,0.9772,0.647111,0.676106
1786702465.291064,30.792985,941,29.93,424.86,58.38,1.0000,0.663841,0.121633,414.18,324.50,0.9770,0.647160,0.676045
1786702465.304764,30.806686,942,29.93,424.85,58.35,1.0000,0.663828,0.121568,414.33,324.53,0.9775,0.647392,0.676110
1786702465.338882,30.840804,943,29.93,424.85,58.36,1.0000,0.663828,0.121588,414.37,324.62,0.9777,0.647449,0.676291
1786702465.375251,30.877172,944,29.93,424.80,58.33,1.0000,0.663754,0.121522,414.21,324.53,0.9772,0.647210,0.676104
1786702465.404217,30.906139,945,29.93,424.76,58.38,1.0000,0.663684,0.121626,414.32,324.58,0.9768,0.647369,0.676217
1786702465.443767,30.945689,946,29.93,424.75,58.32,1.0000,0.663674,0.121499,414.26,324.69,0.9773,0.647277,0.676446
1786702465.470267,30.972188,947,29.93,424.79,58.32,1.0000,0.663727,0.121499,414.28,324.77,0.9772,0.647310,0.676610
1786702465.512031,31.013953,948,29.93,424.78,58.33,1.0000,0.663726,0.121513,414.32,324.80,0.9766,0.647378,0.676658
1786702465.532791,31.034713,949,29.93,424.79,58.33,1.0000,0.663727,0.121516,414.42,324.81,0.9767,0.647532,0.676690
1786702465.577721,31.079643,950,29.93,424.71,58.33,1.0000,0.663608,0.121514,414.42,324.88,0.9769,0.647533,0.676839
1786702465.593886,31.095808,951,29.93,424.69,58.27,1.0000,0.663581,0.121400,414.38,324.77,0.9770,0.647468,0.676603
1786702465.633924,31.135846,952,30.09,424.67,58.55,1.0000,0.663548,0.121969,414.45,324.78,0.9773,0.647577,0.676618
1786702465.675184,31.177106,953,30.09,424.54,58.53,1.0000,0.663345,0.121946,414.45,324.78,0.9773,0.647578,0.676617
1786702465.721029,31.222951,954,30.09,424.46,58.53,1.0000,0.663212,0.121942,414.44,324.78,0.9775,0.647568,0.676629
1786702465.752580,31.254501,955,30.09,424.38,58.52,1.0000,0.663097,0.121925,414.45,324.79,0.9775,0.647575,0.676638
1786702465.772954,31.274875,956,30.09,424.28,58.52,1.0000,0.662942,0.121921,414.41,324.79,0.9778,0.647522,0.676650
1786702465.815536,31.317458,957,30.09,424.27,58.50,1.0000,0.662921,0.121870,414.43,324.79,0.9781,0.647545,0.676638
1786702465.831267,31.333188,958,30.09,424.27,58.53,1.0000,0.662919,0.121940,414.43,324.87,0.9784,0.647550,0.676805
1786702465.878678,31.380600,959,30.09,424.25,58.53,1.0000,0.662892,0.121928,414.53,324.90,0.9787,0.647708,0.676884
1786702465.910506,31.412428,960,30.09,424.25,58.44,1.0000,0.662892,0.121751,414.59,324.91,0.9793,0.647790,0.676886
1786702465.939636,31.441557,961,30.09,424.24,58.45,1.0000,0.662873,0.121764,414.69,324.90,0.9795,0.647953,0.676880
1786702465.979078,31.480999,962,30.09,424.24,58.45,1.0000,0.662869,0.121767,414.47,324.90,0.9795,0.647613,0.676873
1786702466.005037,31.506959,963,30.09,424.28,58.50,1.0000,0.662943,0.121870,414.54,324.85,0.9791,0.647721,0.676774
1786702466.037205,31.539127,964,30.09,424.31,58.43,1.0000,0.662990,0.121729,414.53,324.85,0.9786,0.647706,0.676763
1786702466.073994,31.575915,965,30.09,424.31,58.43,1.0000,0.662990,0.121725,414.56,324.96,0.9792,0.647756,0.677000
1786702466.115860,31.617781,966,30.09,424.34,58.43,1.0000,0.663033,0.121725,414.47,324.95,0.9794,0.647616,0.676974
1786702466.131730,31.633651,967,30.05,424.33,58.35,1.0000,0.663022,0.121569,414.42,324.94,0.9785,0.647524,0.676953
1786702466.177340,31.679261,968,30.05,424.35,58.31,1.0000,0.663047,0.121485,414.36,325.03,0.9778,0.647439,0.677146
1786702466.198592,31.700514,969,30.05,424.33,58.30,1.0000,0.663018,0.121460,414.34,325.19,0.9777,0.647406,0.677481
1786702466.248486,31.750407,970,30.05,424.36,58.15,1.0000,0.663056,0.121140,414.29,325.22,0.9776,0.647333,0.677538
1786702466.285879,31.787801,971,30.05,424.29,58.14,1.0000,0.662946,0.121120,414.31,325.18,0.9781,0.647356,0.677454
1786702466.300419,31.802341,972,30.05,424.24,58.14,1.0000,0.662882,0.121128,414.27,325.11,0.9780,0.647301,0.677315
1786702466.330268,31.832190,973,30.05,424.25,58.16,1.0000,0.662886,0.121169,414.23,325.04,0.9779,0.647236,0.677157
1786702466.370286,31.872207,974,30.05,424.29,58.16,1.0000,0.662960,0.121161,414.29,325.03,0.9782,0.647321,0.677146
1786702466.402185,31.904107,975,30.05,424.27,58.26,1.0000,0.662918,0.121366,414.43,324.98,0.9784,0.647549,0.677049
1786702466.442679,31.944601,976,30.05,424.38,58.21,1.0000,0.663091,0.121269,414.43,324.97,0.9787,0.647551,0.677011
1786702466.472116,31.974038,977,30.05,424.60,58.30,1.0000,0.663436,0.121459,414.47,324.83,0.9787,0.647612,0.676736
1786702466.495224,31.997145,978,30.05,424.60,58.30,1.0000,0.663439,0.121467,414.54,324.86,0.9787,0.647712,0.676790
1786702466.535207,32.037128,979,30.05,424.59,58.36,1.0000,0.663424,0.121574,414.56,324.80,0.9786,0.647753,0.676660
1786702466.554984,32.056906,980,30.05,424.51,58.35,1.0000,0.663294,0.121573,414.55,324.75,0.9787,0.647728,0.676567
1786702466.600869,32.102791,981,30.05,424.59,58.36,1.0000,0.663424,0.121576,414.56,324.77,0.9794,0.647743,0.676611
1786702466.645960,32.147882,982,29.94,424.48,58.56,1.0000,0.663248,0.121990,414.49,324.59,0.9794,0.647642,0.676232
1786702466.671753,32.173675,983,29.94,424.42,58.55,1.0000,0.663164,0.121983,414.42,324.63,0.9795,0.647531,0.676312
1786702466.711453,32.213375,984,29.94,424.43,58.63,1.0000,0.663172,0.122136,414.44,324.63,0.9800,0.647569,0.676318
1786702466.732640,32.234561,985,29.94,424.43,58.61,1.0000,0.663167,0.122095,414.43,324.59,0.9792,0.647549,0.676221
1786702466.775583,32.277505,986,29.94,424.41,58.54,1.0000,0.663135,0.121951,414.57,324.36,0.9795,0.647759,0.675752
1786702466.799126,32.301047,987,29.94,424.41,58.54,1.0000,0.663143,0.121950,414.56,324.36,0.9791,0.647751,0.675748
1786702466.858592,32.360514,988,29.94,424.50,58.53,1.0000,0.663282,0.121943,414.52,324.46,0.9791,0.647691,0.675951
1786702466.890257,32.392179,989,29.94,424.56,58.51,1.0000,0.663371,0.121901,414.53,324.53,0.9793,0.647697,0.676113
1786702466.905318,32.407240,990,29.94,424.63,58.49,1.0000,0.663490,0.121861,414.47,324.49,0.9795,0.647617,0.676030
1786702466.950031,32.451953,991,29.94,424.63,58.50,1.0000,0.663487,0.121868,414.46,324.53,0.9796,0.647586,0.676114
1786702466.976159,32.478081,992,29.94,424.62,58.54,1.0000,0.663471,0.121962,414.43,324.71,0.9795,0.647552,0.676487
1786702467.008865,32.510787,993,29.94,424.62,58.50,1.0000,0.663475,0.121884,414.47,324.71,0.9797,0.647608,0.676487
1786702467.040226,32.542147,994,29.94,424.61,58.47,1.0000,0.663457,0.121802,414.44,324.68,0.9793,0.647562,0.676427
1786702467.077631,32.579553,995,29.94,424.62,58.47,1.0000,0.663469,0.121809,414.37,324.63,0.9795,0.647453,0.676306
1786702467.104401,32.606323,996,29.94,424.54,58.48,1.0000,0.663351,0.121824,414.34,324.19,0.9790,0.647411,0.675396
1786702467.141793,32.643715,997,29.94,424.59,58.38,1.0000,0.663428,0.121620,414.33,324.20,0.9782,0.647396,0.675409
1786702467.179182,32.681103,998,29.93,424.76,58.28,1.0000,0.663685,0.121419,414.32,324.18,0.9777,0.647377,0.675377
1786702467.194411,32.696332,999,29.93,424.78,58.27,1.0000,0.663724,0.121395,414.37,324.11,0.9768,0.647454,0.675230
1786702467.234698,32.736620,1000,29.93,424.79,58.29,1.0000,0.663730,0.121446,414.35,324.13,0.9770,0.647417,0.675266
1786702467.271572,32.773494,1001,29.93,424.86,58.30,1.0000,0.663837,0.121467,414.28,324.14,0.9774,0.647306,0.675296
1786702467.291787,32.793708,1002,29.93,424.88,58.30,1.0000,0.663882,0.121464,414.27,324.15,0.9780,0.647290,0.675310
1786702467.341006,32.842928,1003,29.93,424.99,58.33,1.0000,0.664048,0.121517,414.13,324.15,0.9781,0.647085,0.675320
1786702467.394686,32.896608,1004,29.93,424.99,58.32,1.0000,0.664043,0.121503,414.12,324.72,0.9783,0.647060,0.676502
1786702467.406406,32.908328,1005,29.93,424.99,58.33,1.0000,0.664045,0.121519,414.09,324.83,0.9785,0.647019,0.676724
1786702467.437174,32.939095,1006,29.93,425.04,58.33,1.0000,0.664127,0.121520,414.07,325.08,0.9787,0.646988,0.677251
1786702467.468967,32.970888,1007,29.93,425.08,58.38,1.0000,0.664188,0.121633,414.08,325.15,0.9785,0.647003,0.677396
1786702467.498364,33.000286,1008,29.93,425.12,58.41,1.0000,0.664253,0.121688,414.00,325.15,0.9785,0.646873,0.677400
1786702467.540946,33.042868,1009,29.93,425.14,58.42,1.0000,0.664280,0.121700,413.99,325.25,0.9790,0.646866,0.677610
1786702467.569964,33.071885,1010,29.93,425.14,58.43,1.0000,0.664289,0.121729,414.00,325.23,0.9794,0.646869,0.677565
1786702467.607023,33.108944,1011,29.93,425.23,58.27,1.0000,0.664419,0.121402,413.98,325.26,0.9794,0.646844,0.677617
1786702467.622357,33.124278,1012,29.93,425.33,58.26,1.0000,0.664573,0.121379,414.01,325.28,0.9797,0.646893,0.677662
1786702467.670256,33.172178,1013,29.93,425.41,58.26,1.0000,0.664696,0.121381,414.02,325.28,0.9799,0.646910,0.677676
1786702467.685929,33.187851,1014,30.25,425.42,58.27,1.0000,0.664712,0.121406,414.10,325.31,0.9800,0.647038,0.677736
1786702467.742186,33.244108,1015,30.25,425.42,58.27,1.0000,0.664719,0.121402,414.12,325.36,0.9802,0.647060,0.677836
1786702467.770856,33.272778,1016,30.25,425.36,58.32,1.0000,0.664625,0.121496,414.19,325.37,0.9807,0.647177,0.677851
1786702467.803322,33.305244,1017,30.25,425.33,58.33,1.0000,0.664584,0.121519,414.24,324.98,0.9810,0.647254,0.677033
1786702467.846272,33.348193,1018,30.25,425.43,58.33,1.0000,0.664740,0.121531,414.35,324.97,0.9814,0.647428,0.677020
1786702467.862376,33.364297,1019,30.25,425.40,58.34,1.0000,0.664685,0.121540,414.46,324.97,0.9814,0.647599,0.677023
1786702467.905984,33.407906,1020,30.25,425.36,58.46,1.0000,0.664631,0.121797,414.47,324.96,0.9815,0.647609,0.676991
1786702467.942533,33.444455,1021,30.25,425.36,58.48,1.0000,0.664621,0.121842,414.47,324.87,0.9815,0.647611,0.676822
1786702467.981719,33.483640,1022,30.25,425.28,58.49,1.0000,0.664500,0.121846,414.42,324.81,0.9815,0.647533,0.676697
1786702468.006127,33.508049,1023,30.25,425.38,58.59,1.0000,0.664660,0.122063,414.34,324.82,0.9812,0.647401,0.676716
1786702468.037367,33.539289,1024,30.25,425.37,58.57,1.0000,0.664633,0.122025,414.23,324.71,0.9811,0.647230,0.676484
1786702468.071375,33.573296,1025,30.25,425.33,58.59,1.0000,0.664585,0.122053,414.43,324.59,0.9811,0.647542,0.676234
1786702468.106291,33.608213,1026,30.25,425.45,58.55,1.0000,0.664762,0.121983,414.57,324.48,0.9809,0.647762,0.676000
1786702468.143011,33.644933,1027,30.25,425.45,58.56,1.0000,0.664762,0.122001,414.48,324.49,0.9808,0.647629,0.676028
1786702468.178180,33.680101,1028,30.25,425.37,58.58,1.0000,0.664636,0.122035,414.48,324.50,0.9803,0.647624,0.676032
1786702468.202180,33.704102,1029,30.03,425.37,58.56,1.0000,0.664641,0.122001,414.37,324.60,0.9799,0.647449,0.676246
1786702468.231581,33.733503,1030,30.03,425.46,58.56,1.0000,0.664785,0.121999,414.35,324.65,0.9801,0.647429,0.676350
1786702468.269541,33.771463,1031,30.03,425.59,58.70,1.0000,0.664979,0.122294,414.40,324.65,0.9802,0.647502,0.676360
1786702468.311571,33.813492,1032,30.03,425.67,58.71,1.0000,0.665106,0.122306,414.39,324.64,0.9798,0.647491,0.676331
1786702468.340669,33.842591,1033,30.03,425.72,58.70,1.0000,0.665187,0.122286,414.25,324.62,0.9797,0.647273,0.676288
1786702468.372014,33.873935,1034,30.03,425.73,58.68,1.0000,0.665208,0.122254,414.25,324.53,0.9799,0.647268,0.676110
1786702468.403888,33.905810,1035,30.03,425.68,58.71,1.0000,0.665132,0.122316,414.31,324.59,0.9801,0.647363,0.676222
1786702468.451154,33.953075,1036,30.03,425.67,58.71,1.0000,0.665116,0.122311,414.30,324.64,0.9802,0.647347,0.676333
1786702468.472015,33.973937,1037,30.03,425.72,58.70,1.0000,0.665186,0.122287,414.19,324.72,0.9803,0.647176,0.676495
1786702468.516604,34.018526,1038,30.03,425.70,58.69,1.0000,0.665161,0.122274,414.24,324.76,0.9802,0.647254,0.676579
1786702468.537388,34.039310,1039,30.03,425.68,58.60,1.0000,0.665121,0.122077,414.21,324.79,0.9799,0.647198,0.676652
1786702468.577466,34.079387,1040,30.03,425.68,58.60,1.0000,0.665120,0.122079,414.09,324.78,0.9802,0.647013,0.676615
1786702468.593397,34.095319,1041,30.03,425.61,58.61,1.0000,0.665013,0.122105,414.13,324.71,0.9805,0.647080,0.676477
1786702468.665031,34.166953,1042,30.03,425.58,58.59,1.0000,0.664976,0.122054,414.35,324.69,0.9802,0.647416,0.676445
1786702468.688958,34.190879,1043,30.03,425.59,58.58,1.0000,0.664977,0.122041,414.41,324.66,0.9804,0.647513,0.676368
1786702468.704346,34.206268,1044,29.95,425.84,58.57,1.0000,0.665372,0.122022,414.33,324.69,0.9808,0.647389,0.676430
1786702468.736797,34.238718,1045,29.95,425.79,58.56,1.0000,0.665302,0.122000,414.37,324.62,0.9804,0.647452,0.676287
1786702468.770844,34.272766,1046,29.95,425.80,58.61,1.0000,0.665320,0.122101,414.33,324.69,0.9805,0.647398,0.676434
1786702468.805425,34.307347,1047,29.95,425.69,58.61,1.0000,0.665133,0.122105,414.36,324.68,0.9803,0.647440,0.676407
1786702468.835044,34.336965,1048,29.95,426.09,58.59,1.0000,0.665764,0.122058,414.34,324.67,0.9804,0.647403,0.676400
1786702468.880589,34.382511,1049,29.95,425.96,58.52,1.0000,0.665559,0.121915,414.35,324.71,0.9800,0.647426,0.676482
1786702468.917845,34.419767,1050,29.95,426.09,58.46,1.0000,0.665764,0.121790,414.35,324.71,0.9802,0.647427,0.676486
1786702468.949310,34.451232,1051,29.95,426.05,58.45,1.0000,0.665708,0.121762,414.36,324.71,0.9800,0.647443,0.676489
1786702468.975387,34.477309,1052,29.95,426.05,58.44,1.0000,0.665707,0.121756,414.36,324.71,0.9799,0.647438,0.676469
1786702469.000025,34.501946,1053,29.95,425.99,58.47,1.0000,0.665609,0.121821,414.36,324.76,0.9805,0.647433,0.676579
1786702469.040119,34.542041,1054,29.95,425.67,58.55,1.0000,0.665109,0.121976,414.37,324.63,0.9801,0.647456,0.676311
1786702469.078995,34.580916,1055,29.95,425.66,58.39,1.0000,0.665095,0.121646,414.29,324.64,0.9798,0.647327,0.676333
1786702469.103424,34.605346,1056,29.95,425.66,58.38,1.0000,0.665090,0.121630,414.34,324.63,0.9802,0.647411,0.676311
1786702469.151065,34.652987,1057,29.95,425.66,58.49,1.0000,0.665087,0.121855,414.41,324.62,0.9800,0.647515,0.676296
1786702469.167167,34.669089,1058,29.95,425.60,58.50,1.0000,0.664996,0.121868,414.34,324.70,0.9803,0.647402,0.676468
1786702469.212182,34.714103,1059,29.95,425.60,58.51,1.0000,0.664995,0.121898,414.32,324.85,0.9807,0.647377,0.676766
1786702469.258639,34.760561,1060,29.95,425.55,58.51,1.0000,0.664924,0.121889,414.31,324.80,0.9807,0.647352,0.676658
1786702469.280097,34.782018,1061,29.95,425.59,58.50,1.0000,0.664979,0.121868,414.26,324.82,0.9808,0.647278,0.676700
1786702469.295636,34.797558,1062,29.95,425.57,58.49,1.0000,0.664947,0.121854,414.36,324.82,0.9801,0.647434,0.676701
1786702469.343248,34.845169,1063,29.95,425.51,58.49,1.0000,0.664853,0.121856,414.42,324.81,0.9799,0.647528,0.676694
1786702469.359483,34.861405,1064,29.95,425.50,58.48,1.0000,0.664851,0.121832,414.34,324.76,0.9799,0.647407,0.676593
1786702469.411926,34.913847,1065,29.95,425.42,58.62,1.0000,0.664725,0.122117,414.36,324.75,0.9802,0.647437,0.676567
1786702469.425907,34.927829,1066,29.95,425.42,58.62,1.0000,0.664726,0.122134,414.37,324.61,0.9799,0.647448,0.676279
1786702469.476113,34.978034,1067,29.95,425.41,58.59,1.0000,0.664707,0.122065,414.42,324.33,0.9794,0.647525,0.675696
1786702469.493121,34.995043,1068,29.95,425.34,58.58,1.0000,0.664586,0.122035,414.41,324.26,0.9791,0.647522,0.675549
1786702469.538859,35.040781,1069,29.95,425.29,58.54,1.0000,0.664515,0.121960,414.45,324.10,0.9785,0.647577,0.675214
1786702469.571178,35.073100,1070,29.95,425.24,58.54,1.0000,0.664436,0.121954,414.51,324.07,0.9781,0.647672,0.675150
1786702469.605451,35.107373,1071,29.95,425.17,58.56,1.0000,0.664335,0.121999,414.58,324.13,0.9780,0.647775,0.675263
1786702469.645129,35.147051,1072,29.95,425.14,58.51,1.0000,0.664286,0.121901,414.60,324.11,0.9783,0.647809,0.675228
1786702469.682628,35.184550,1073,29.95,425.10,58.51,1.0000,0.664217,0.121898,414.63,324.15,0.9789,0.647855,0.675306
1786702469.697378,35.199300,1074,29.95,425.19,58.58,1.0000,0.664352,0.122050,414.60,324.20,0.9794,0.647816,0.675409
1786702469.742154,35.244075,1075,30.02,425.21,58.66,1.0000,0.664387,0.122201,414.72,324.29,0.9795,0.647996,0.675607
1786702469.776173,35.278095,1076,30.02,425.21,58.65,1.0000,0.664383,0.122192,414.60,324.53,0.9797,0.647812,0.676110
1786702469.806051,35.307973,1077,30.02,425.16,58.71,1.0000,0.664307,0.122310,414.59,324.69,0.9801,0.647802,0.676429
1786702469.824606,35.326527,1078,30.02,425.00,58.71,1.0000,0.664060,0.122315,414.47,324.70,0.9801,0.647612,0.676468
1786702469.874560,35.376481,1079,30.02,424.68,58.79,1.0000,0.663563,0.122478,414.53,324.53,0.9798,0.647704,0.676102
1786702469.906376,35.408297,1080,30.02,424.67,58.72,1.0000,0.663549,0.122337,414.58,324.64,0.9801,0.647786,0.676333
1786702469.980434,35.482356,1082,30.02,424.29,58.70,1.0000,0.662955,0.122297,414.46,324.78,0.9803,0.647592,0.676617
1786702469.998446,35.500367,1083,30.02,424.25,58.71,1.0000,0.662883,0.122305,414.45,324.72,0.9802,0.647580,0.676507
1786702470.036281,35.538202,1084,30.02,424.22,58.70,1.0000,0.662844,0.122292,414.44,324.79,0.9802,0.647570,0.676646
1786702470.079355,35.581276,1085,30.02,424.15,58.70,1.0000,0.662733,0.122286,414.38,324.83,0.9804,0.647464,0.676725
1786702470.105713,35.607635,1086,30.02,424.15,58.70,1.0000,0.662734,0.122283,414.48,324.79,0.9806,0.647629,0.676650
1786702470.137772,35.639693,1087,30.02,424.03,58.69,1.0000,0.662541,0.122261,414.49,324.79,0.9805,0.647635,0.676648
1786702470.166650,35.668572,1088,30.02,424.03,58.78,1.0000,0.662544,0.122451,414.46,324.79,0.9804,0.647595,0.676649
1786702470.206889,35.708811,1089,30.02,424.03,58.84,1.0000,0.662542,0.122578,414.40,324.80,0.9799,0.647500,0.676657
1786702470.238607,35.740529,1090,29.59,423.99,58.86,1.0000,0.662482,0.122629,414.48,324.71,0.9799,0.647618,0.676482
1786702470.275686,35.777607,1091,29.59,423.91,58.79,1.0000,0.662352,0.122475,414.45,324.58,0.9800,0.647572,0.676198
1786702470.307693,35.809615,1092,29.59,423.90,58.79,1.0000,0.662342,0.122484,414.43,324.54,0.9803,0.647540,0.676132
1786702470.333553,35.835475,1093,29.59,423.85,58.80,1.0000,0.662266,0.122499,414.48,324.58,0.9804,0.647619,0.676203
1786702470.363038,35.864959,1094,29.59,423.86,58.80,1.0000,0.662282,0.122496,414.50,324.57,0.9801,0.647664,0.676188
1786702470.406100,35.908022,1095,29.59,423.93,58.70,1.0000,0.662395,0.122288,414.52,324.61,0.9802,0.647687,0.676271
1786702470.440233,35.942154,1096,29.59,423.93,58.64,1.0000,0.662394,0.122176,414.40,324.59,0.9803,0.647498,0.676236
1786702470.469937,35.971859,1097,29.59,423.93,58.64,1.0000,0.662393,0.122176,414.40,324.64,0.9800,0.647497,0.676332
1786702470.506395,36.008316,1098,29.59,423.90,58.54,1.0000,0.662345,0.121963,414.38,324.36,0.9798,0.647462,0.675753
1786702470.543969,36.045890,1099,29.59,423.87,58.54,1.0000,0.662295,0.121958,414.43,324.37,0.9799,0.647539,0.675768
1786702470.579637,36.081559,1100,29.59,423.73,58.65,1.0000,0.662083,0.122193,414.40,324.57,0.9798,0.647498,0.676195
1786702470.611486,36.113407,1101,29.59,423.70,58.66,1.0000,0.662028,0.122215,414.20,324.59,0.9795,0.647183,0.676220
1786702470.627265,36.129186,1102,29.59,423.58,58.67,1.0000,0.661839,0.122222,414.20,324.74,0.9795,0.647181,0.676534
1786702470.672682,36.174604,1103,29.59,423.56,58.77,1.0000,0.661815,0.122442,414.22,324.77,0.9796,0.647223,0.676599
1786702470.723801,36.225723,1104,29.59,423.56,58.79,1.0000,0.661811,0.122470,414.16,324.78,0.9794,0.647130,0.676617
1786702470.739541,36.241463,1105,29.51,423.56,58.77,1.0000,0.661808,0.122439,414.11,324.72,0.9794,0.647043,0.676495
1786702470.771679,36.273600,1106,29.51,423.43,58.78,1.0000,0.661612,0.122458,414.12,324.77,0.9790,0.647065,0.676594
1786702470.820847,36.322769,1107,29.51,423.29,59.04,1.0000,0.661396,0.122997,414.11,324.76,0.9788,0.647054,0.676586
1786702470.836358,36.338279,1108,29.51,423.10,59.03,1.0000,0.661087,0.122979,414.11,324.71,0.9792,0.647047,0.676469
1786702470.879504,36.381426,1109,29.51,422.83,58.98,1.0000,0.660674,0.122884,414.11,324.71,0.9793,0.647051,0.676481
1786702470.908337,36.410259,1110,29.51,422.83,58.94,1.0000,0.660667,0.122783,414.11,324.70,0.9792,0.647040,0.676448
1786702470.942974,36.444895,1111,29.51,422.82,58.96,1.0000,0.660653,0.122833,413.98,324.66,0.9791,0.646847,0.676366
1786702470.972788,36.474710,1112,29.51,422.72,58.86,1.0000,0.660506,0.122628,413.97,324.69,0.9788,0.646833,0.676446
1786702471.003970,36.505892,1113,29.51,422.71,58.84,1.0000,0.660485,0.122575,413.95,324.77,0.9792,0.646793,0.676606
1786702471.043390,36.545311,1114,29.51,422.71,58.55,1.0000,0.660479,0.121983,413.95,324.77,0.9788,0.646789,0.676601
1786702471.104626,36.606548,1115,29.51,422.95,58.26,1.0000,0.660860,0.121378,414.09,324.77,0.9790,0.647015,0.676614
1786702471.107206,36.609127,1116,29.51,422.84,58.15,1.0000,0.660689,0.121152,414.09,324.71,0.9786,0.647012,0.676489
1786702471.138996,36.640917,1117,29.51,422.81,58.16,1.0000,0.660636,0.121163,414.15,324.62,0.9790,0.647107,0.676289
1786702471.175751,36.677672,1118,29.51,422.80,58.08,1.0000,0.660625,0.121001,414.23,324.30,0.9780,0.647229,0.675615
1786702471.245031,36.746953,1119,29.51,423.12,58.04,1.0000,0.661120,0.120919,414.30,324.33,0.9778,0.647346,0.675683
1786702471.250626,36.752548,1120,29.48,423.12,58.05,1.0000,0.661123,0.120934,414.32,324.21,0.9775,0.647370,0.675427
1786702471.278965,36.780886,1121,29.48,423.04,58.00,1.0000,0.661004,0.120843,414.34,324.21,0.9774,0.647408,0.675433
1786702471.306707,36.808628,1122,29.48,422.71,57.98,1.0000,0.660487,0.120800,414.31,324.18,0.9771,0.647365,0.675372
1786702471.346669,36.848591,1123,29.48,422.72,57.96,1.0000,0.660492,0.120748,414.32,324.20,0.9774,0.647370,0.675412
1786702471.394387,36.896309,1124,29.48,422.55,57.96,1.0000,0.660231,0.120743,414.34,324.26,0.9774,0.647400,0.675532
1786702471.410179,36.912101,1125,29.48,422.55,57.92,1.0000,0.660242,0.120661,414.28,324.35,0.9774,0.647310,0.675726
1786702471.444943,36.946865,1126,29.48,422.55,57.90,1.0000,0.660237,0.120633,414.31,324.36,0.9778,0.647364,0.675740
1786702471.473886,36.975807,1127,29.48,422.55,57.91,1.0000,0.660233,0.120636,414.29,324.37,0.9777,0.647322,0.675767
1786702471.521884,37.023805,1128,29.48,422.54,57.93,1.0000,0.660224,0.120685,414.23,324.37,0.9780,0.647234,0.675778
1786702471.537068,37.038990,1129,29.48,422.54,57.92,1.0000,0.660222,0.120677,414.00,324.56,0.9777,0.646879,0.676159
1786702471.584500,37.086422,1130,29.48,422.56,57.85,1.0000,0.660246,0.120522,414.01,324.52,0.9775,0.646898,0.676080
1786702471.616693,37.118615,1131,29.48,422.56,57.85,1.0000,0.660246,0.120520,414.03,324.28,0.9777,0.646923,0.675592
1786702471.647541,37.149463,1132,29.48,421.92,57.93,1.0000,0.659255,0.120686,413.94,324.24,0.9778,0.646783,0.675509
1786702471.676883,37.178805,1133,29.48,421.83,58.00,1.0000,0.659107,0.120827,413.98,324.26,0.9780,0.646838,0.675538
1786702471.707916,37.209837,1134,29.48,421.77,58.02,1.0000,0.659014,0.120874,414.10,324.27,0.9781,0.647036,0.675569
1786702471.742580,37.244502,1135,29.48,421.76,58.04,1.0000,0.658999,0.120913,414.09,324.38,0.9780,0.647009,0.675782
1786702471.779813,37.281735,1136,29.82,421.76,58.01,1.0000,0.658995,0.120851,414.15,324.40,0.9782,0.647108,0.675832
1786702471.822464,37.324385,1137,29.82,421.75,58.17,1.0000,0.658985,0.121187,414.23,324.41,0.9783,0.647229,0.675858
1786702471.853933,37.355855,1138,29.82,421.72,58.20,1.0000,0.658943,0.121249,414.23,324.43,0.9784,0.647229,0.675887
1786702471.887893,37.389814,1139,29.82,421.68,58.36,1.0000,0.658878,0.121591,414.03,324.30,0.9784,0.646927,0.675618
1786702471.917672,37.419594,1140,29.82,421.59,58.43,1.0000,0.658731,0.121730,414.09,324.22,0.9788,0.647023,0.675451
1786702471.949568,37.451490,1141,29.82,421.58,58.55,1.0000,0.658724,0.121972,414.09,324.19,0.9793,0.647014,0.675393
1786702471.981552,37.483473,1142,29.82,421.58,58.55,1.0000,0.658718,0.121977,413.97,324.18,0.9793,0.646830,0.675379
1786702471.996570,37.498491,1143,29.82,421.60,58.53,1.0000,0.658751,0.121935,413.98,324.16,0.9795,0.646843,0.675324
1786702472.038785,37.540707,1144,29.82,421.47,58.53,1.0000,0.658548,0.121941,414.01,324.22,0.9795,0.646896,0.675450
1786702472.076246,37.578168,1145,29.82,421.15,58.57,1.0000,0.658045,0.122016,414.01,324.22,0.9796,0.646896,0.675467
1786702472.108311,37.610233,1146,29.82,421.12,58.89,1.0000,0.658007,0.122697,413.91,324.45,0.9789,0.646727,0.675928
1786702472.140784,37.642705,1147,29.82,421.19,58.90,1.0000,0.658113,0.122705,413.92,324.39,0.9789,0.646754,0.675814
1786702472.180552,37.682473,1148,29.82,421.22,58.90,1.0000,0.658163,0.122704,414.05,324.41,0.9788,0.646960,0.675856
1786702472.220836,37.722758,1149,29.82,421.27,58.90,1.0000,0.658227,0.122704,413.99,324.54,0.9784,0.646860,0.676123
1786702472.249900,37.751822,1150,29.82,421.37,58.89,1.0000,0.658388,0.122679,413.86,324.23,0.9783,0.646650,0.675482
1786702472.284620,37.786541,1151,29.79,421.41,58.91,1.0000,0.658457,0.122728,413.87,324.13,0.9784,0.646668,0.675261
1786702472.317163,37.819084,1152,29.79,421.43,58.96,1.0000,0.658477,0.122835,413.95,323.79,0.9784,0.646792,0.674565
1786702472.333678,37.835600,1153,29.79,421.43,58.99,1.0000,0.658478,0.122903,413.97,323.79,0.9785,0.646826,0.674553
1786702472.380237,37.882159,1154,29.79,421.44,58.99,1.0000,0.658504,0.122906,414.04,323.67,0.9788,0.646932,0.674323
1786702472.396366,37.898288,1155,29.79,421.43,59.03,1.0000,0.658484,0.122975,414.08,323.73,0.9786,0.646999,0.674428
1786702472.436186,37.938107,1156,29.79,421.43,59.03,1.0000,0.658488,0.122976,414.09,323.88,0.9787,0.647021,0.674756
1786702472.475619,37.977541,1157,29.79,421.53,59.01,1.0000,0.658639,0.122933,414.06,323.89,0.9786,0.646965,0.674768
1786702472.510169,38.012091,1158,29.79,421.56,59.05,1.0000,0.658692,0.123026,414.07,323.89,0.9786,0.646985,0.674780
1786702472.533982,38.035903,1159,29.79,421.57,59.08,1.0000,0.658705,0.123081,414.04,323.89,0.9786,0.646942,0.674773
1786702472.555124,38.057045,1160,29.79,421.94,59.07,1.0000,0.659286,0.123068,414.14,323.99,0.9786,0.647087,0.674972
1786702472.619604,38.121526,1161,29.79,422.00,59.06,1.0000,0.659382,0.123040,414.30,324.27,0.9784,0.647347,0.675556
1786702472.650667,38.152589,1162,29.79,421.94,59.09,1.0000,0.659274,0.123096,414.29,324.41,0.9778,0.647329,0.675854
1786702472.671271,38.173193,1163,29.79,421.99,59.02,1.0000,0.659365,0.122965,414.36,324.49,0.9777,0.647441,0.676020
1786702472.703615,38.205537,1164,29.79,421.99,59.02,1.0000,0.659362,0.122965,414.40,324.45,0.9770,0.647505,0.675938
1786702472.732848,38.234770,1165,29.79,421.91,59.54,1.0000,0.659237,0.124048,414.46,324.44,0.9771,0.647593,0.675916
1786702472.765257,38.267179,1166,29.79,421.94,59.58,1.0000,0.659277,0.124127,414.45,324.37,0.9771,0.647574,0.675770
1786702472.823952,38.325874,1167,29.75,421.94,59.59,1.0000,0.659274,0.124144,414.30,324.35,0.9771,0.647348,0.675719
1786702472.844217,38.346139,1168,29.75,421.94,59.59,1.0000,0.659274,0.124142,414.19,324.28,0.9775,0.647168,0.675580
1786702472.873669,38.375590,1169,29.75,421.81,59.60,1.0000,0.659084,0.124164,414.03,324.38,0.9778,0.646926,0.675785
1786702472.921364,38.423286,1170,29.75,421.71,59.61,1.0000,0.658922,0.124178,414.10,324.25,0.9782,0.647035,0.675517
1786702472.937343,38.439265,1171,29.75,421.78,59.43,1.0000,0.659033,0.123819,414.11,324.28,0.9780,0.647052,0.675586
1786702472.985268,38.487190,1172,29.75,421.92,59.43,1.0000,0.659251,0.123818,414.00,324.29,0.9785,0.646874,0.675601
1786702473.000628,38.502549,1173,29.75,421.93,59.44,1.0000,0.659263,0.123842,414.12,324.32,0.9785,0.647064,0.675664
1786702473.048992,38.550913,1174,29.75,422.11,59.34,1.0000,0.659540,0.123624,414.01,324.33,0.9787,0.646894,0.675697
1786702473.065015,38.566936,1175,29.75,422.25,59.34,1.0000,0.659772,0.123633,414.09,324.36,0.9784,0.647019,0.675749
1786702473.112464,38.614385,1176,29.75,422.31,59.41,1.0000,0.659855,0.123779,414.20,324.36,0.9788,0.647193,0.675748
1786702473.153414,38.655336,1177,29.75,422.31,59.42,1.0000,0.659856,0.123797,414.04,324.40,0.9789,0.646937,0.675829
1786702473.176948,38.678870,1178,29.75,422.33,59.42,1.0000,0.659896,0.123795,413.89,324.38,0.9790,0.646697,0.675798
1786702473.225717,38.727638,1179,29.75,422.51,59.40,1.0000,0.660165,0.123758,413.72,324.65,0.9792,0.646438,0.676353
1786702473.240048,38.741970,1180,29.75,422.58,59.12,1.0000,0.660286,0.123176,414.01,324.65,0.9793,0.646895,0.676354
1786702473.280432,38.782354,1181,29.75,422.61,59.08,1.0000,0.660321,0.123080,414.11,324.53,0.9795,0.647051,0.676112
1786702473.320254,38.822176,1182,29.75,422.61,59.11,1.0000,0.660323,0.123149,414.26,324.47,0.9794,0.647279,0.675982
1786702473.341871,38.843793,1183,29.91,422.63,58.91,1.0000,0.660364,0.122720,414.31,324.40,0.9796,0.647366,0.675843
1786702473.377717,38.879639,1184,29.91,422.76,58.76,1.0000,0.660563,0.122414,414.12,324.40,0.9795,0.647059,0.675828
1786702473.409637,38.911559,1185,29.91,422.81,58.76,1.0000,0.660637,0.122411,414.05,324.55,0.9794,0.646959,0.676147
1786702473.443066,38.944987,1186,29.91,422.91,58.71,1.0000,0.660794,0.122315,414.07,324.50,0.9795,0.646990,0.676045
1786702473.488840,38.990762,1187,29.91,422.95,58.69,1.0000,0.660864,0.122267,414.02,324.47,0.9795,0.646910,0.675983
1786702473.528632,39.030554,1188,29.91,422.96,58.69,1.0000,0.660869,0.122268,413.95,324.52,0.9797,0.646800,0.676074
1786702473.541679,39.043601,1189,29.91,423.00,58.70,1.0000,0.660944,0.122282,413.91,324.54,0.9798,0.646729,0.676118
1786702473.563032,39.064954,1190,29.91,423.00,58.68,1.0000,0.660942,0.122256,413.90,324.62,0.9799,0.646718,0.676301
1786702473.611201,39.113123,1191,29.91,423.16,58.64,1.0000,0.661195,0.122169,413.80,324.60,0.9800,0.646556,0.676254
1786702473.649109,39.151030,1192,29.91,423.17,58.62,1.0000,0.661195,0.122129,413.86,324.55,0.9796,0.646659,0.676152
1786702473.672624,39.174545,1193,29.91,423.16,58.63,1.0000,0.661192,0.122147,413.87,324.56,0.9799,0.646672,0.676158
1786702473.707297,39.209219,1194,29.91,423.16,58.61,1.0000,0.661195,0.122108,413.88,324.58,0.9798,0.646686,0.676215
1786702473.742038,39.243959,1195,29.91,423.32,58.58,1.0000,0.661444,0.122046,413.87,324.73,0.9799,0.646667,0.676516
1786702473.792915,39.294837,1196,29.91,423.53,58.54,1.0000,0.661768,0.121948,414.05,324.57,0.9797,0.646960,0.676191
1786702473.808544,39.310466,1197,29.91,423.53,58.54,1.0000,0.661769,0.121954,414.08,324.53,0.9795,0.646995,0.676100
1786702473.857159,39.359081,1198,29.82,423.55,58.45,1.0000,0.661796,0.121764,414.24,324.42,0.9795,0.647248,0.675885
1786702473.878464,39.380386,1199,29.82,423.58,58.44,1.0000,0.661839,0.121745,414.24,324.46,0.9793,0.647255,0.675966
1786702473.921501,39.423423,1200,29.82,423.34,58.44,1.0000,0.661465,0.121759,414.30,324.40,0.9789,0.647347,0.675824
1786702473.940270,39.442192,1201,29.82,423.36,58.39,1.0000,0.661494,0.121642,414.32,324.45,0.9788,0.647369,0.675944
1786702473.974359,39.476280,1202,29.82,423.36,58.38,1.0000,0.661497,0.121622,414.31,324.46,0.9785,0.647358,0.675953
1786702474.008753,39.510674,1203,29.82,423.35,58.38,1.0000,0.661489,0.121632,414.32,324.42,0.9784,0.647381,0.675865
1786702474.061196,39.563118,1204,29.82,423.36,58.44,1.0000,0.661495,0.121757,414.39,324.44,0.9781,0.647478,0.675915
1786702474.076799,39.578720,1205,29.82,423.39,58.40,1.0000,0.661552,0.121660,414.40,324.44,0.9782,0.647502,0.675919
1786702474.109081,39.611003,1206,29.82,423.49,58.39,1.0000,0.661708,0.121651,414.49,324.44,0.9783,0.647635,0.675914
1786702474.135117,39.637039,1207,29.82,423.49,58.52,1.0000,0.661705,0.121924,414.60,324.50,0.9783,0.647818,0.676041
1786702474.175579,39.677501,1208,29.82,423.49,58.53,1.0000,0.661697,0.121940,414.61,324.47,0.9786,0.647824,0.675982
1786702474.207409,39.709331,1209,29.82,423.49,58.51,1.0000,0.661697,0.121890,414.53,324.68,0.9783,0.647697,0.676409
1786702474.251807,39.753728,1210,29.82,423.72,58.51,1.0000,0.662061,0.121892,414.48,324.79,0.9777,0.647622,0.676648
1786702474.289698,39.791620,1211,29.82,423.72,58.46,1.0000,0.662061,0.121788,414.55,324.73,0.9776,0.647742,0.676526
1786702474.321234,39.823156,1212,29.82,423.72,58.42,1.0000,0.662066,0.121711,414.66,324.71,0.9777,0.647904,0.676483
1786702474.336678,39.838599,1213,29.82,423.72,58.42,1.0000,0.662065,0.121709,414.58,324.84,0.9776,0.647776,0.676753
1786702474.370941,39.872862,1214,30.10,423.73,58.39,1.0000,0.662081,0.121652,414.58,324.83,0.9776,0.647775,0.676727
1786702474.404948,39.906870,1215,30.10,423.74,58.39,1.0000,0.662094,0.121655,414.54,324.78,0.9780,0.647722,0.676630
1786702474.433917,39.935839,1216,30.10,423.73,58.45,1.0000,0.662082,0.121761,414.52,324.83,0.9780,0.647689,0.676738
1786702474.478714,39.980636,1217,30.10,423.73,58.58,1.0000,0.662083,0.122044,414.42,324.95,0.9770,0.647527,0.676984
1786702474.502398,40.004320,1218,30.10,423.71,58.58,1.0000,0.662045,0.122041,414.31,325.04,0.9771,0.647354,0.677159
1786702474.536709,40.038630,1219,30.10,423.69,58.58,1.0000,0.662019,0.122050,414.33,324.94,0.9769,0.647398,0.676960
1786702474.554268,40.056190,1220,30.10,423.65,58.58,1.0000,0.661953,0.122049,414.39,324.96,0.9769,0.647477,0.676995
1786702474.600070,40.101992,1221,30.10,423.65,58.54,1.0000,0.661949,0.121964,414.24,324.69,0.9771,0.647254,0.676442
1786702474.643028,40.144949,1222,30.10,423.57,58.54,1.0000,0.661821,0.121958,414.08,324.73,0.9771,0.647000,0.676518
1786702474.668118,40.170040,1223,30.10,423.63,58.57,1.0000,0.661919,0.122024,414.06,324.87,0.9771,0.646967,0.676817
1786702474.705248,40.207170,1224,30.10,423.68,58.50,1.0000,0.662004,0.121877,414.04,324.59,0.9769,0.646934,0.676225
1786702474.744635,40.246557,1225,30.10,423.64,58.51,1.0000,0.661934,0.121887,413.94,324.49,0.9769,0.646781,0.676030
1786702474.762289,40.264210,1226,30.10,423.70,58.42,1.0000,0.662028,0.121702,413.96,324.42,0.9774,0.646811,0.675877
1786702474.807660,40.309582,1227,30.10,423.68,58.41,1.0000,0.662004,0.121692,413.83,324.18,0.9774,0.646607,0.675384
1786702474.845083,40.347004,1228,30.10,423.72,58.38,1.0000,0.662056,0.121620,413.94,324.19,0.9780,0.646782,0.675401
1786702474.871973,40.373895,1229,30.05,423.73,58.35,1.0000,0.662083,0.121571,413.94,324.25,0.9777,0.646784,0.675525
1786702474.916470,40.418391,1230,30.05,423.72,58.40,1.0000,0.662067,0.121670,414.31,324.22,0.9777,0.647362,0.675469
1786702474.942980,40.444902,1231,30.05,423.73,58.38,1.0000,0.662073,0.121629,414.25,324.09,0.9775,0.647269,0.675185
1786702474.977509,40.479431,1232,30.05,423.77,58.38,1.0000,0.662138,0.121627,414.29,324.25,0.9779,0.647322,0.675514
1786702475.005887,40.507808,1233,30.05,423.77,58.45,1.0000,0.662143,0.121772,414.26,324.34,0.9779,0.647288,0.675708
1786702475.077615,40.579537,1235,30.05,423.79,58.41,1.0000,0.662169,0.121689,414.30,324.57,0.9782,0.647344,0.676180
1786702475.100637,40.602559,1236,30.05,423.79,58.42,1.0000,0.662173,0.121703,414.29,324.62,0.9781,0.647321,0.676301
1786702475.148809,40.650730,1237,30.05,423.80,58.41,1.0000,0.662193,0.121697,414.26,324.82,0.9780,0.647278,0.676703
1786702475.181366,40.683288,1238,30.05,423.81,58.40,1.0000,0.662202,0.121658,414.25,324.77,0.9783,0.647269,0.676604
1786702475.207533,40.709455,1239,30.05,423.97,58.38,1.0000,0.662456,0.121632,414.26,324.72,0.9786,0.647281,0.676503
1786702475.238391,40.740312,1240,30.05,424.16,58.41,1.0000,0.662743,0.121695,414.38,324.74,0.9789,0.647461,0.676534
1786702475.282922,40.784843,1241,30.05,424.21,58.43,1.0000,0.662836,0.121726,414.38,324.73,0.9785,0.647474,0.676529
1786702475.314462,40.816384,1242,30.05,424.56,58.42,1.0000,0.663370,0.121711,414.38,324.70,0.9786,0.647472,0.676467
1786702475.333648,40.835570,1243,30.05,424.64,58.42,1.0000,0.663508,0.121698,414.39,324.68,0.9787,0.647486,0.676416
1786702475.372961,40.874883,1244,29.62,424.66,58.41,1.0000,0.663528,0.121681,414.38,324.73,0.9787,0.647467,0.676526
1786702475.426431,40.928352,1245,29.62,424.76,58.38,1.0000,0.663687,0.121617,414.26,324.90,0.9786,0.647277,0.676869
1786702475.437967,40.939888,1246,29.62,424.90,58.38,1.0000,0.663913,0.121623,414.25,324.88,0.9788,0.647261,0.676840
1786702475.478518,40.980440,1247,29.62,424.95,58.38,1.0000,0.663991,0.121620,414.36,324.75,0.9790,0.647430,0.676555
1786702475.489183,40.991105,1248,29.62,424.95,58.30,1.0000,0.663992,0.121458,414.32,324.79,0.9789,0.647371,0.676647
1786702475.547510,41.049431,1249,29.62,424.87,58.26,1.0000,0.663853,0.121384,414.33,324.78,0.9793,0.647392,0.676624
1786702475.576160,41.078082,1250,29.62,425.10,58.27,1.0000,0.664224,0.121386,414.31,324.80,0.9795,0.647357,0.676661
1786702475.613222,41.115143,1251,29.62,425.13,58.27,1.0000,0.664265,0.121388,414.34,324.98,0.9795,0.647405,0.677034
1786702475.644769,41.146691,1252,29.62,425.07,58.24,1.0000,0.664165,0.121325,414.37,325.04,0.9799,0.647446,0.677169
1786702475.679052,41.180974,1253,29.62,425.09,58.29,1.0000,0.664201,0.121432,414.36,324.98,0.9804,0.647432,0.677042
1786702475.713815,41.215737,1254,29.62,425.13,58.33,1.0000,0.664267,0.121521,414.40,324.96,0.9804,0.647500,0.676994
1786702475.744991,41.246913,1255,29.62,425.09,58.20,1.0000,0.664197,0.121244,414.45,324.87,0.9801,0.647573,0.676820
1786702475.779280,41.281202,1256,29.62,424.96,58.23,1.0000,0.663999,0.121309,414.46,324.81,0.9801,0.647601,0.676695
1786702475.813679,41.315600,1257,29.62,424.96,58.28,1.0000,0.664000,0.121410,414.41,324.84,0.9797,0.647513,0.676748
1786702475.837870,41.339792,1258,29.62,425.03,58.17,1.0000,0.664106,0.121191,414.39,324.86,0.9799,0.647489,0.676784
1786702475.870100,41.372021,1259,29.62,425.13,58.18,1.0000,0.664271,0.121206,414.35,324.93,0.9799,0.647423,0.676931
1786702475.904243,41.406164,1260,29.74,425.09,58.33,1.0000,0.664207,0.121516,414.37,324.93,0.9801,0.647456,0.676931
1786702475.939373,41.441295,1261,29.74,424.93,58.35,1.0000,0.663960,0.121556,414.43,324.89,0.9803,0.647539,0.676853
1786702475.976651,41.478573,1262,29.74,424.96,58.35,1.0000,0.663995,0.121558,414.44,324.81,0.9805,0.647556,0.676689
1786702476.005234,41.507156,1263,29.74,424.87,58.58,1.0000,0.663861,0.122041,414.41,324.79,0.9797,0.647512,0.676648
1786702476.037249,41.539171,1264,29.74,424.84,58.58,1.0000,0.663820,0.122036,414.40,324.96,0.9799,0.647505,0.676994
1786702476.072301,41.574223,1265,29.74,424.85,58.56,1.0000,0.663829,0.121991,414.27,324.97,0.9802,0.647298,0.677028
1786702476.106400,41.608322,1266,29.74,424.85,58.58,1.0000,0.663828,0.122038,414.07,324.91,0.9805,0.646986,0.676903
1786702476.157136,41.659058,1267,29.74,424.66,58.53,1.0000,0.663538,0.121942,414.08,325.00,0.9808,0.647003,0.677085
1786702476.171006,41.672927,1268,29.74,424.62,58.53,1.0000,0.663474,0.121928,414.03,325.02,0.9809,0.646926,0.677128
1786702476.198368,41.700289,1269,29.74,424.59,58.53,1.0000,0.663418,0.121939,414.06,325.00,0.9807,0.646971,0.677082
1786702476.242378,41.744299,1270,29.74,424.59,58.51,1.0000,0.663420,0.121893,414.06,325.00,0.9806,0.646968,0.677075
1786702476.283077,41.784998,1271,29.74,424.17,58.48,1.0000,0.662772,0.121842,414.00,325.00,0.9804,0.646870,0.677078
1786702476.315523,41.817445,1272,29.74,423.94,58.50,1.0000,0.662411,0.121877,414.01,325.08,0.9801,0.646889,0.677255
1786702476.360401,41.862322,1273,29.74,423.94,58.46,1.0000,0.662405,0.121794,414.06,325.04,0.9802,0.646968,0.677160
1786702476.371674,41.873596,1274,29.74,423.94,58.46,1.0000,0.662406,0.121793,414.10,325.06,0.9804,0.647029,0.677217
1786702476.406284,41.908205,1275,29.75,423.94,58.46,1.0000,0.662406,0.121792,414.09,325.08,0.9800,0.647023,0.677248
1786702476.454044,41.955966,1276,29.75,423.93,58.46,1.0000,0.662383,0.121783,414.26,325.02,0.9798,0.647277,0.677119
1786702476.475015,41.976937,1277,29.75,424.03,58.46,1.0000,0.662554,0.121783,414.26,324.92,0.9798,0.647278,0.676922
1786702476.490581,41.992502,1278,29.75,424.13,58.43,1.0000,0.662698,0.121726,414.26,324.92,0.9797,0.647287,0.676911
1786702476.535382,42.037303,1279,29.75,424.13,58.47,1.0000,0.662702,0.121819,414.45,324.94,0.9799,0.647579,0.676949
1786702476.568279,42.070201,1280,29.75,424.16,58.38,1.0000,0.662745,0.121618,414.46,324.94,0.9797,0.647600,0.676950
1786702476.596451,42.098373,1281,29.75,424.31,58.37,1.0000,0.662987,0.121610,414.47,324.90,0.9802,0.647610,0.676883
1786702476.636665,42.138586,1282,29.75,424.36,58.37,1.0000,0.663064,0.121607,414.41,324.96,0.9804,0.647514,0.677010
1786702476.677228,42.179150,1283,29.75,424.32,58.55,1.0000,0.663003,0.121983,414.51,324.80,0.9803,0.647672,0.676665
1786702476.698458,42.200380,1284,29.75,424.35,58.56,1.0000,0.663054,0.121994,414.61,324.79,0.9803,0.647828,0.676647
1786702476.741883,42.243805,1285,29.75,424.32,58.57,1.0000,0.663000,0.122013,414.59,324.73,0.9799,0.647797,0.676512
1786702476.765024,42.266946,1286,29.75,424.35,58.57,1.0000,0.663047,0.122030,414.42,324.71,0.9795,0.647533,0.676489
1786702476.810962,42.312884,1287,29.75,424.35,58.51,1.0000,0.663042,0.121896,414.38,324.68,0.9792,0.647470,0.676422
1786702476.842000,42.343922,1288,29.75,424.45,58.50,1.0000,0.663209,0.121881,414.28,324.54,0.9794,0.647318,0.676128
1786702476.876311,42.378232,1289,29.75,424.43,58.42,1.0000,0.663175,0.121700,414.29,324.54,0.9789,0.647333,0.676131
1786702476.910655,42.412577,1290,29.75,424.50,58.39,1.0000,0.663279,0.121652,414.29,324.68,0.9784,0.647331,0.676412
1786702476.937227,42.439149,1291,29.84,424.50,58.39,1.0000,0.663282,0.121650,414.24,324.76,0.9789,0.647245,0.676581
1786702476.977111,42.479032,1292,29.84,424.50,58.45,1.0000,0.663284,0.121774,414.27,324.63,0.9786,0.647292,0.676306
1786702477.014210,42.516131,1293,29.84,424.40,58.43,1.0000,0.663131,0.121731,414.29,324.63,0.9785,0.647326,0.676306
1786702477.043589,42.545511,1294,29.84,424.33,58.43,1.0000,0.663020,0.121732,414.31,324.62,0.9787,0.647365,0.676291
1786702477.077406,42.579328,1295,29.84,424.24,58.44,1.0000,0.662873,0.121742,414.30,324.60,0.9785,0.647347,0.676257
1786702477.112366,42.614288,1296,29.84,424.20,58.30,1.0000,0.662818,0.121457,414.29,324.65,0.9788,0.647329,0.676348
1786702477.141748,42.643669,1297,29.84,424.05,58.21,1.0000,0.662571,0.121280,414.28,324.65,0.9784,0.647312,0.676351
1786702477.178647,42.680569,1298,29.84,423.87,58.21,1.0000,0.662305,0.121276,414.27,324.58,0.9786,0.647301,0.676201
1786702477.207493,42.709414,1299,29.84,423.85,58.25,1.0000,0.662261,0.121358,414.21,324.57,0.9785,0.647199,0.676188
1786702477.244062,42.745984,1300,29.84,423.86,58.34,1.0000,0.662275,0.121533,414.08,324.62,0.9787,0.646993,0.676291
1786702477.268086,42.770008,1301,29.84,423.86,58.34,1.0000,0.662274,0.121535,414.06,324.68,0.9784,0.646969,0.676426
1786702477.312912,42.814834,1302,29.84,423.87,58.35,1.0000,0.662300,0.121565,413.94,324.76,0.9781,0.646774,0.676575
1786702477.341842,42.843764,1303,29.84,423.88,58.31,1.0000,0.662312,0.121476,414.07,324.76,0.9776,0.646980,0.676585
1786702477.381190,42.883111,1304,29.84,423.90,58.25,1.0000,0.662344,0.121346,414.10,324.49,0.9776,0.647036,0.676022
1786702477.410582,42.912503,1305,29.84,423.90,58.25,1.0000,0.662348,0.121344,414.11,324.55,0.9776,0.647046,0.676153
1786702477.457775,42.959697,1306,29.61,423.79,58.26,1.0000,0.662165,0.121379,413.95,324.48,0.9776,0.646791,0.675995
1786702477.478953,42.980875,1307,29.61,423.81,58.30,1.0000,0.662198,0.121463,413.95,324.50,0.9776,0.646794,0.676036
1786702477.530516,43.032438,1308,29.61,423.81,58.32,1.0000,0.662198,0.121510,413.94,324.51,0.9778,0.646789,0.676053
1786702477.537825,43.039747,1309,29.61,423.80,58.32,1.0000,0.662191,0.121504,413.92,324.45,0.9781,0.646748,0.675942
1786702477.580293,43.082215,1310,29.61,423.78,58.30,1.0000,0.662159,0.121456,413.89,324.54,0.9778,0.646705,0.676121
1786702477.644287,43.146209,1312,29.61,423.79,58.28,1.0000,0.662174,0.121411,413.73,324.31,0.9783,0.646449,0.675651
1786702477.682478,43.184399,1313,29.61,423.75,58.28,1.0000,0.662111,0.121416,413.80,324.32,0.9784,0.646556,0.675661
1786702477.701492,43.203413,1314,29.61,423.75,58.30,1.0000,0.662111,0.121452,413.91,324.33,0.9784,0.646727,0.675696
1786702477.746654,43.248576,1315,29.61,423.89,58.24,1.0000,0.662327,0.121335,413.92,324.37,0.9788,0.646749,0.675770
1786702477.783493,43.285415,1316,29.61,423.90,58.29,1.0000,0.662337,0.121427,413.95,324.54,0.9790,0.646796,0.676134
1786702477.823477,43.325398,1317,29.61,423.86,58.28,1.0000,0.662274,0.121414,413.93,324.60,0.9788,0.646760,0.676241
1786702477.846261,43.348182,1318,29.61,423.84,58.27,1.0000,0.662253,0.121406,413.93,324.66,0.9790,0.646759,0.676379
1786702477.886461,43.388383,1319,29.61,423.84,58.23,1.0000,0.662251,0.121310,414.01,324.70,0.9792,0.646885,0.676457
1786702477.910311,43.412232,1320,29.61,423.84,58.23,1.0000,0.662251,0.121307,414.00,324.83,0.9788,0.646881,0.676729
1786702477.947523,43.449445,1321,29.61,423.68,58.41,1.0000,0.661999,0.121688,414.07,324.85,0.9783,0.646989,0.676766
1786702477.991322,43.493243,1322,29.31,423.62,58.43,1.0000,0.661913,0.121736,414.08,324.86,0.9781,0.646996,0.676796
1786702478.020225,43.522147,1323,29.31,423.62,58.43,1.0000,0.661912,0.121736,414.01,324.73,0.9781,0.646894,0.676528
1786702478.038395,43.540316,1324,29.31,423.63,58.41,1.0000,0.661915,0.121681,414.00,324.74,0.9782,0.646870,0.676533
1786702478.084160,43.586082,1325,29.31,423.60,58.40,1.0000,0.661868,0.121676,414.01,324.70,0.9781,0.646886,0.676454
1786702478.105791,43.607713,1326,29.31,423.60,58.36,1.0000,0.661867,0.121576,414.02,324.65,0.9783,0.646904,0.676346
1786702478.137012,43.638934,1327,29.31,423.59,58.38,1.0000,0.661863,0.121631,414.04,324.67,0.9786,0.646936,0.676387
1786702478.184860,43.686782,1328,29.31,423.64,58.78,1.0000,0.661937,0.122466,414.05,324.64,0.9789,0.646950,0.676335
1786702478.194794,43.696716,1329,29.31,423.73,58.75,1.0000,0.662075,0.122402,414.04,324.65,0.9789,0.646942,0.676357
1786702478.249179,43.751101,1330,29.31,423.66,58.75,1.0000,0.661966,0.122388,414.16,324.60,0.9789,0.647127,0.676250
1786702478.274275,43.776196,1331,29.31,423.66,58.74,1.0000,0.661972,0.122375,414.08,324.70,0.9788,0.646994,0.676456
1786702478.320750,43.822672,1332,29.31,423.68,58.76,1.0000,0.662000,0.122407,414.02,324.70,0.9786,0.646914,0.676455
1786702478.346341,43.848262,1333,29.31,423.69,58.75,1.0000,0.662016,0.122392,414.01,324.71,0.9787,0.646893,0.676480
1786702478.372864,43.874786,1334,29.31,423.65,58.74,1.0000,0.661947,0.122374,414.09,324.73,0.9785,0.647020,0.676511
1786702478.414992,43.916914,1335,29.31,423.63,58.55,1.0000,0.661917,0.121976,414.11,324.78,0.9786,0.647051,0.676629
1786702478.432929,43.934850,1336,29.31,423.22,58.51,1.0000,0.661274,0.121906,414.07,324.65,0.9787,0.646991,0.676360
1786702478.483807,43.985728,1337,29.31,423.10,58.50,1.0000,0.661090,0.121874,414.07,324.51,0.9786,0.646984,0.676066
1786702478.493603,43.995525,1338,29.70,423.08,58.48,1.0000,0.661059,0.121828,414.01,324.53,0.9787,0.646888,0.676102
1786702478.533358,44.035280,1339,29.70,423.10,58.48,1.0000,0.661089,0.121824,413.98,324.52,0.9786,0.646845,0.676079
1786702478.571650,44.073571,1340,29.70,423.19,58.47,1.0000,0.661240,0.121819,414.00,324.52,0.9790,0.646875,0.676084
1786702478.600759,44.102681,1341,29.70,423.48,58.49,1.0000,0.661694,0.121859,414.09,324.54,0.9790,0.647012,0.676119
1786702478.635206,44.137128,1342,29.70,423.31,58.62,1.0000,0.661418,0.122130,414.00,324.40,0.9786,0.646874,0.675838
1786702478.674836,44.176758,1343,29.70,423.38,58.62,1.0000,0.661527,0.122127,413.77,324.38,0.9780,0.646509,0.675802
1786702478.708116,44.210038,1344,29.70,423.38,58.59,1.0000,0.661525,0.122068,413.77,324.37,0.9776,0.646511,0.675774
1786702478.736377,44.238298,1345,29.70,423.29,58.59,1.0000,0.661385,0.122066,413.93,324.42,0.9774,0.646764,0.675878
1786702478.768950,44.270872,1346,29.70,423.26,58.63,1.0000,0.661351,0.122143,414.03,324.59,0.9775,0.646929,0.676228
1786702478.803546,44.305468,1347,29.70,423.25,58.62,1.0000,0.661333,0.122129,414.11,324.56,0.9771,0.647052,0.676177
1786702478.839579,44.341501,1348,29.70,423.25,58.41,1.0000,0.661322,0.121687,414.11,324.69,0.9770,0.647049,0.676437
1786702478.906740,44.408662,1349,29.70,423.25,58.34,1.0000,0.661325,0.121551,414.02,324.63,0.9767,0.646910,0.676321
1786702478.919151,44.421072,1350,29.70,423.25,58.35,1.0000,0.661330,0.121571,414.04,324.55,0.9769,0.646936,0.676154
1786702478.945429,44.447351,1351,29.70,423.05,58.37,1.0000,0.661011,0.121607,414.06,324.55,0.9770,0.646973,0.676154
1786702478.978450,44.480371,1352,29.70,423.03,58.38,1.0000,0.660977,0.121619,414.04,324.49,0.9769,0.646942,0.676019
1786702479.015194,44.517115,1353,29.65,422.92,58.41,1.0000,0.660810,0.121697,414.01,324.50,0.9771,0.646890,0.676037
1786702479.038152,44.540073,1354,29.65,422.80,58.42,1.0000,0.660619,0.121710,414.02,324.51,0.9771,0.646903,0.676062
1786702479.075675,44.577596,1355,29.65,422.43,58.42,1.0000,0.660046,0.121702,413.96,324.52,0.9769,0.646813,0.676087
1786702479.104459,44.606381,1356,29.65,422.54,58.31,1.0000,0.660223,0.121487,414.02,324.47,0.9772,0.646905,0.675975
1786702479.155080,44.657002,1357,29.65,422.39,58.18,1.0000,0.659989,0.121209,414.11,324.23,0.9771,0.647049,0.675471
1786702479.172876,44.674798,1358,29.65,422.38,58.17,1.0000,0.659976,0.121195,414.06,324.24,0.9773,0.646974,0.675508
1786702479.218370,44.720292,1359,29.65,422.59,58.11,1.0000,0.660301,0.121060,414.05,324.26,0.9770,0.646955,0.675538
1786702479.249738,44.751659,1360,29.65,422.59,58.11,1.0000,0.660294,0.121059,414.04,324.30,0.9767,0.646943,0.675631
1786702479.265472,44.767394,1361,29.65,422.54,58.11,1.0000,0.660217,0.121062,414.05,324.30,0.9765,0.646959,0.675634
1786702479.302494,44.804416,1362,29.65,422.49,58.10,1.0000,0.660141,0.121035,414.07,324.32,0.9764,0.646977,0.675672
1786702479.334019,44.835940,1363,29.65,422.49,58.03,1.0000,0.660147,0.120890,414.07,324.20,0.9762,0.646982,0.675424
1786702479.370651,44.872573,1364,29.65,422.47,58.03,1.0000,0.660116,0.120905,414.06,324.33,0.9758,0.646970,0.675682
1786702479.402654,44.904575,1365,29.65,422.24,58.06,1.0000,0.659743,0.120956,414.02,324.43,0.9764,0.646912,0.675890
1786702479.440046,44.941968,1366,29.65,422.24,58.05,1.0000,0.659747,0.120937,414.04,324.46,0.9771,0.646941,0.675955
1786702479.488649,44.990571,1367,29.65,421.96,58.05,1.0000,0.659311,0.120931,414.09,324.36,0.9773,0.647014,0.675750
1786702479.504302,45.006224,1368,29.67,421.96,58.20,1.0000,0.659314,0.121254,413.85,324.49,0.9773,0.646635,0.676011
1786702479.541760,45.043682,1369,29.67,421.93,58.23,1.0000,0.659265,0.121304,413.76,324.52,0.9775,0.646507,0.676090
1786702479.576847,45.078768,1370,29.67,421.90,58.15,1.0000,0.659225,0.121138,413.82,324.55,0.9768,0.646588,0.676151
1786702479.609819,45.111741,1371,29.67,421.87,58.23,1.0000,0.659170,0.121322,413.87,324.52,0.9768,0.646668,0.676087
1786702479.646037,45.147959,1372,29.67,421.29,58.24,1.0000,0.658264,0.121342,413.91,324.50,0.9766,0.646742,0.676045
1786702479.661985,45.163907,1373,29.67,421.27,58.33,1.0000,0.658237,0.121515,413.86,324.47,0.9767,0.646650,0.675974
1786702479.701495,45.203417,1374,29.67,421.32,58.33,1.0000,0.658316,0.121515,413.85,324.47,0.9768,0.646643,0.675972
1786702479.758940,45.260862,1375,29.67,421.35,58.42,1.0000,0.658359,0.121702,413.84,324.61,0.9766,0.646627,0.676281
1786702479.774574,45.276496,1376,29.67,421.35,58.39,1.0000,0.658363,0.121637,413.84,324.63,0.9763,0.646621,0.676304
1786702479.811698,45.313620,1377,29.67,421.35,58.39,1.0000,0.658365,0.121637,413.75,324.62,0.9762,0.646484,0.676300
1786702479.843354,45.345275,1378,29.67,421.38,58.39,1.0000,0.658403,0.121639,413.72,324.53,0.9763,0.646443,0.676104
1786702479.882499,45.384420,1379,29.67,421.26,58.45,1.0000,0.658216,0.121780,413.68,324.53,0.9758,0.646372,0.676106
1786702479.905860,45.407782,1380,29.67,421.27,58.46,1.0000,0.658239,0.121789,413.69,324.74,0.9760,0.646388,0.676539
1786702479.940769,45.442691,1381,29.67,421.07,58.45,1.0000,0.657927,0.121780,413.70,324.63,0.9761,0.646400,0.676316
1786702479.980093,45.482014,1382,29.67,420.90,58.46,1.0000,0.657649,0.121782,413.74,324.65,0.9757,0.646464,0.676363
1786702480.011255,45.513177,1383,29.67,420.76,58.39,1.0000,0.657443,0.121653,413.86,324.79,0.9760,0.646659,0.676636
1786702480.031008,45.532930,1384,29.92,420.59,58.24,1.0000,0.657167,0.121327,413.88,324.94,0.9762,0.646691,0.676967
1786702480.068664,45.570586,1385,29.92,420.53,58.24,1.0000,0.657078,0.121323,413.90,324.93,0.9766,0.646713,0.676935
1786702480.111343,45.613264,1386,29.92,420.20,58.24,1.0000,0.656565,0.121330,413.84,324.51,0.9766,0.646627,0.676061
1786702480.137771,45.639693,1387,29.92,420.09,58.24,1.0000,0.656388,0.121330,413.85,324.46,0.9769,0.646636,0.675968
1786702480.201229,45.703151,1388,29.92,419.90,58.15,1.0000,0.656101,0.121148,413.90,324.45,0.9768,0.646725,0.675927
1786702480.216878,45.718800,1389,29.92,419.78,58.16,1.0000,0.655911,0.121165,413.93,324.66,0.9769,0.646769,0.676372
1786702480.259570,45.761492,1390,29.92,419.43,58.16,1.0000,0.655352,0.121157,413.94,324.70,0.9769,0.646780,0.676450
1786702480.282954,45.784876,1391,29.92,419.21,58.16,1.0000,0.655020,0.121159,413.93,324.63,0.9768,0.646769,0.676307
1786702480.326873,45.828795,1392,29.92,419.08,58.20,1.0000,0.654805,0.121244,413.91,324.67,0.9767,0.646733,0.676388
1786702480.351920,45.853842,1393,29.92,419.06,58.26,1.0000,0.654777,0.121366,413.83,324.75,0.9765,0.646609,0.676561
1786702480.370462,45.872384,1394,29.92,419.01,58.26,1.0000,0.654708,0.121375,413.83,324.81,0.9764,0.646617,0.676692
1786702480.401089,45.903011,1395,29.92,418.97,58.27,1.0000,0.654646,0.121390,413.83,324.85,0.9766,0.646614,0.676774
1786702480.432913,45.934834,1396,29.92,418.81,58.26,1.0000,0.654383,0.121378,413.95,324.93,0.9769,0.646790,0.676941
1786702480.486053,45.987975,1397,29.92,418.79,58.26,1.0000,0.654360,0.121381,413.95,324.91,0.9768,0.646801,0.676897
1786702480.489989,45.991911,1398,29.92,418.80,58.20,1.0000,0.654376,0.121244,413.95,324.99,0.9769,0.646796,0.677069
1786702480.548951,46.050873,1399,29.80,418.81,58.19,1.0000,0.654397,0.121223,413.97,325.00,0.9770,0.646834,0.677083
1786702480.572911,46.074833,1400,29.80,418.78,58.17,1.0000,0.654345,0.121192,413.97,325.00,0.9772,0.646835,0.677093
1786702480.606636,46.108558,1401,29.80,418.56,58.09,1.0000,0.654007,0.121014,413.96,325.04,0.9777,0.646815,0.677163
1786702480.646913,46.148834,1402,29.80,418.56,58.01,1.0000,0.654007,0.120858,413.97,325.00,0.9783,0.646824,0.677073
1786702480.689646,46.191567,1403,29.80,418.55,58.01,1.0000,0.653991,0.120856,413.92,325.00,0.9782,0.646750,0.677075
1786702480.705355,46.207277,1404,29.80,418.66,58.00,1.0000,0.654161,0.120824,413.88,324.97,0.9785,0.646693,0.677028
1786702480.737580,46.239501,1405,29.80,418.68,57.99,1.0000,0.654195,0.120819,413.88,324.96,0.9783,0.646692,0.677000
1786702480.758859,46.260780,1406,29.80,418.79,57.99,1.0000,0.654366,0.120810,413.88,324.97,0.9782,0.646683,0.677022
1786702480.817163,46.319085,1407,29.80,418.77,58.16,1.0000,0.654330,0.121158,413.82,324.85,0.9785,0.646598,0.676779
1786702480.833246,46.335167,1408,29.80,418.80,58.14,1.0000,0.654370,0.121124,413.81,324.87,0.9777,0.646576,0.676823
1786702480.881171,46.383092,1409,29.80,418.93,58.12,1.0000,0.654573,0.121090,413.80,324.79,0.9777,0.646570,0.676656
1786702480.929136,46.431057,1410,29.80,418.91,58.12,1.0000,0.654543,0.121087,413.79,324.85,0.9778,0.646549,0.676763
1786702480.944882,46.446804,1411,29.80,419.06,57.99,1.0000,0.654782,0.120803,413.82,324.29,0.9778,0.646589,0.675598
1786702480.972676,46.474598,1412,29.80,419.06,57.99,1.0000,0.654780,0.120812,413.83,324.32,0.9783,0.646606,0.675662
1786702481.023896,46.525817,1413,29.80,419.14,58.06,1.0000,0.654901,0.120951,413.71,324.51,0.9779,0.646416,0.676057
1786702481.039865,46.541787,1414,29.81,419.13,58.12,1.0000,0.654891,0.121088,413.71,324.52,0.9783,0.646422,0.676090
1786702481.076770,46.578692,1415,29.81,419.11,58.11,1.0000,0.654859,0.121061,413.73,324.53,0.9783,0.646456,0.676102
1786702481.112605,46.614527,1416,29.81,419.07,58.09,1.0000,0.654793,0.121020,413.69,324.52,0.9772,0.646398,0.676086
1786702481.150358,46.652280,1417,29.81,419.08,58.10,1.0000,0.654814,0.121032,413.62,324.60,0.9770,0.646279,0.676242
1786702481.178843,46.680764,1418,29.81,419.15,58.04,1.0000,0.654923,0.120911,413.62,324.52,0.9769,0.646281,0.676084
1786702481.208405,46.710326,1419,29.81,419.12,58.04,1.0000,0.654879,0.120913,413.61,324.46,0.9771,0.646270,0.675960
1786702481.245397,46.747319,1420,29.81,419.04,58.12,1.0000,0.654745,0.121078,413.65,324.48,0.9770,0.646326,0.675997
1786702481.277339,46.779261,1421,29.81,419.07,58.14,1.0000,0.654795,0.121132,413.66,324.40,0.9772,0.646349,0.675841
1786702481.314693,46.816615,1422,29.81,418.95,58.13,1.0000,0.654612,0.121101,413.66,324.45,0.9768,0.646344,0.675932
1786702481.343728,46.845649,1423,29.81,419.13,58.13,1.0000,0.654888,0.121104,413.58,324.45,0.9766,0.646214,0.675927
1786702481.388561,46.890483,1424,29.81,419.58,58.14,1.0000,0.655600,0.121122,413.48,324.44,0.9769,0.646066,0.675910
1786702481.404536,46.906457,1425,29.81,419.71,58.06,1.0000,0.655796,0.120955,413.58,324.34,0.9769,0.646218,0.675708
1786702481.468693,46.970615,1426,29.81,419.72,58.15,1.0000,0.655818,0.121152,413.70,324.52,0.9770,0.646407,0.676078
1786702481.471479,46.973401,1427,29.81,419.78,58.14,1.0000,0.655907,0.121134,413.78,324.53,0.9769,0.646538,0.676096
1786702481.500430,47.002352,1428,29.81,419.66,58.15,1.0000,0.655723,0.121142,413.79,324.53,0.9763,0.646548,0.676106
1786702481.544256,47.046178,1429,29.81,419.65,58.16,1.0000,0.655708,0.121169,413.89,324.67,0.9768,0.646701,0.676399
1786702481.583220,47.085142,1430,29.86,419.82,58.18,1.0000,0.655976,0.121212,413.89,324.70,0.9769,0.646704,0.676454
1786702481.596256,47.098178,1431,29.86,419.83,58.24,1.0000,0.655985,0.121336,414.00,324.70,0.9772,0.646873,0.676465
1786702481.646389,47.148311,1432,29.86,419.84,58.25,1.0000,0.655994,0.121347,414.00,324.44,0.9775,0.646880,0.675909
1786702481.692027,47.193949,1433,29.86,419.86,58.20,1.0000,0.656031,0.121242,414.00,324.39,0.9776,0.646882,0.675819
1786702481.707394,47.209316,1434,29.86,420.11,58.17,1.0000,0.656417,0.121179,414.08,324.40,0.9773,0.646995,0.675823
1786702481.745342,47.247264,1435,29.86,420.16,58.28,1.0000,0.656496,0.121418,413.97,324.49,0.9772,0.646832,0.676021
1786702481.792973,47.294894,1436,29.86,420.16,58.29,1.0000,0.656500,0.121439,413.83,324.52,0.9768,0.646616,0.676087
1786702481.807377,47.309299,1437,29.86,420.26,58.17,1.0000,0.656651,0.121188,413.80,324.64,0.9772,0.646566,0.676343
1786702481.852480,47.354402,1438,29.86,420.44,58.13,1.0000,0.656940,0.121100,413.85,324.70,0.9774,0.646636,0.676469
1786702481.867539,47.369460,1439,29.86,420.43,58.01,1.0000,0.656921,0.120854,413.98,324.72,0.9774,0.646847,0.676506
1786702481.910135,47.412056,1440,29.86,420.44,58.11,1.0000,0.656941,0.121067,414.06,324.76,0.9773,0.646963,0.676574
1786702481.936361,47.438282,1441,29.86,420.44,58.06,1.0000,0.656937,0.120952,414.00,324.86,0.9773,0.646871,0.676801
1786702481.981840,47.483762,1442,29.86,420.45,58.06,1.0000,0.656957,0.120951,413.96,324.89,0.9775,0.646811,0.676863
1786702481.998032,47.499954,1443,29.86,420.46,58.08,1.0000,0.656975,0.121007,413.98,324.90,0.9777,0.646845,0.676875
1786702482.041114,47.543036,1444,29.86,420.46,58.21,1.0000,0.656966,0.121280,413.87,324.82,0.9774,0.646666,0.676719
1786702482.073142,47.575063,1445,29.86,420.54,58.21,1.0000,0.657096,0.121279,413.90,324.84,0.9776,0.646726,0.676743
1786702482.120490,47.622412,1446,29.90,420.60,58.21,1.0000,0.657192,0.121278,413.93,324.80,0.9781,0.646760,0.676672
1786702482.136326,47.638247,1447,29.90,420.64,58.20,1.0000,0.657246,0.121255,413.98,324.73,0.9781,0.646837,0.676519
1786702482.179063,47.680984,1448,29.90,420.73,58.18,1.0000,0.657384,0.121215,413.97,324.69,0.9779,0.646829,0.676428
1786702482.205527,47.707448,1449,29.90,420.80,58.13,1.0000,0.657497,0.121110,414.07,324.67,0.9779,0.646983,0.676398
1786702482.263548,47.765469,1450,29.90,421.19,58.22,1.0000,0.658104,0.121287,414.09,324.66,0.9782,0.647023,0.676374
1786702482.279434,47.781356,1451,29.90,421.34,58.22,1.0000,0.658351,0.121284,414.09,324.59,0.9779,0.647018,0.676228
1786702482.328425,47.830347,1452,29.90,421.41,58.22,1.0000,0.658455,0.121296,414.07,324.54,0.9779,0.646983,0.676117
1786702482.344218,47.846139,1453,29.90,421.42,58.20,1.0000,0.658473,0.121257,414.14,324.45,0.9783,0.647099,0.675935
1786702482.373909,47.875831,1454,29.90,421.51,58.19,1.0000,0.658613,0.121229,414.13,324.42,0.9785,0.647081,0.675867
1786702482.403060,47.904981,1455,29.90,421.50,58.19,1.0000,0.658588,0.121228,414.04,324.69,0.9787,0.646937,0.676433
1786702482.440446,47.942368,1456,29.90,421.55,58.16,1.0000,0.658668,0.121161,413.96,324.73,0.9786,0.646818,0.676515
1786702482.477307,47.979228,1457,29.90,421.55,58.15,1.0000,0.658670,0.121145,413.89,324.68,0.9787,0.646701,0.676416
1786702482.506577,48.008498,1458,29.90,421.56,58.12,1.0000,0.658689,0.121091,413.77,324.83,0.9784,0.646514,0.676725
1786702482.535270,48.037192,1459,29.90,421.72,57.94,1.0000,0.658941,0.120718,413.76,324.65,0.9788,0.646502,0.676348
1786702482.572815,48.074737,1460,29.90,421.71,57.90,1.0000,0.658926,0.120627,413.63,324.61,0.9787,0.646289,0.676273
1786702482.604477,48.106399,1461,29.90,421.71,57.87,1.0000,0.658923,0.120559,413.63,324.59,0.9787,0.646304,0.676222
1786702482.640493,48.142415,1462,30.10,421.77,57.86,1.0000,0.659009,0.120544,413.61,324.61,0.9789,0.646270,0.676261
1786702482.672381,48.174302,1463,30.10,421.75,57.84,1.0000,0.658986,0.120506,413.75,324.58,0.9787,0.646482,0.676200
1786702482.688089,48.190011,1464,30.10,421.75,57.83,1.0000,0.658982,0.120481,413.82,324.52,0.9788,0.646593,0.676091
1786702482.754947,48.256869,1465,30.10,421.65,57.86,1.0000,0.658829,0.120536,413.87,324.46,0.9785,0.646678,0.675963
1786702482.783607,48.285528,1466,30.10,421.56,57.89,1.0000,0.658690,0.120594,413.94,324.46,0.9789,0.646786,0.675950
1786702482.815430,48.317352,1467,30.10,421.57,57.89,1.0000,0.658707,0.120608,413.97,324.46,0.9791,0.646830,0.675959
1786702482.840503,48.342425,1468,30.10,421.55,57.89,1.0000,0.658678,0.120604,413.98,324.47,0.9785,0.646838,0.675986
1786702482.878688,48.380610,1469,30.10,421.85,57.89,1.0000,0.659135,0.120603,413.89,324.49,0.9786,0.646707,0.676023
1786702482.894501,48.396423,1470,30.10,421.79,57.96,1.0000,0.659040,0.120760,413.91,324.58,0.9783,0.646739,0.676211
1786702482.937101,48.439022,1471,30.10,421.79,57.96,1.0000,0.659039,0.120759,413.90,324.73,0.9785,0.646714,0.676524
1786702482.971735,48.473657,1472,30.10,421.78,57.96,1.0000,0.659038,0.120750,413.91,324.72,0.9781,0.646729,0.676491
1786702483.003707,48.505628,1473,30.10,421.79,57.96,1.0000,0.659047,0.120759,413.89,324.57,0.9778,0.646707,0.676184
1786702483.039171,48.541092,1474,30.10,421.79,57.96,1.0000,0.659046,0.120759,413.91,324.58,0.9775,0.646735,0.676214
1786702483.078586,48.580508,1475,30.10,421.79,57.91,1.0000,0.659053,0.120646,413.95,324.48,0.9778,0.646804,0.675990
1786702483.108339,48.610260,1476,30.10,421.79,57.90,1.0000,0.659054,0.120627,413.92,324.63,0.9775,0.646752,0.676312
1786702483.139430,48.641351,1477,30.03,421.89,57.68,1.0000,0.659201,0.120164,413.90,324.59,0.9774,0.646711,0.676230
1786702483.176479,48.678401,1478,30.03,421.89,57.68,1.0000,0.659201,0.120168,413.94,324.68,0.9777,0.646782,0.676419
1786702483.203074,48.704995,1479,30.03,421.89,57.68,1.0000,0.659203,0.120162,413.85,324.69,0.9777,0.646633,0.676430
1786702483.240443,48.742364,1480,30.03,421.23,57.69,1.0000,0.658166,0.120194,413.88,324.63,0.9774,0.646690,0.676306
1786702483.294625,48.796547,1481,30.03,421.23,57.61,1.0000,0.658180,0.120023,413.88,324.49,0.9775,0.646692,0.676025
1786702483.309599,48.811521,1482,30.03,421.23,57.54,1.0000,0.658172,0.119875,413.82,324.60,0.9774,0.646591,0.676260
1786702483.341978,48.843900,1483,30.03,421.20,57.53,1.0000,0.658127,0.119852,413.81,324.57,0.9768,0.646579,0.676196
1786702483.376329,48.878251,1484,30.03,421.20,57.51,1.0000,0.658130,0.119820,413.80,324.56,0.9766,0.646564,0.676174
1786702483.410530,48.912452,1485,30.03,421.01,57.51,1.0000,0.657829,0.119817,413.81,324.67,0.9759,0.646586,0.676399
1786702483.439176,48.941097,1486,30.03,420.94,57.52,1.0000,0.657721,0.119829,413.83,324.69,0.9759,0.646608,0.676431
1786702483.485254,48.987175,1487,30.03,421.04,57.48,1.0000,0.657879,0.119757,413.79,324.73,0.9761,0.646553,0.676530
1786702483.500902,49.002824,1488,30.03,421.05,57.46,1.0000,0.657891,0.119715,413.72,324.75,0.9760,0.646437,0.676561
1786702483.538176,49.040098,1489,30.03,421.05,57.44,1.0000,0.657893,0.119659,413.68,324.73,0.9759,0.646369,0.676528
1786702483.575185,49.077107,1490,30.03,421.00,57.45,1.0000,0.657809,0.119694,413.62,324.63,0.9760,0.646279,0.676306
1786702483.604288,49.106210,1491,30.03,420.48,57.55,1.0000,0.656999,0.119901,413.57,324.73,0.9764,0.646207,0.676517
1786702483.649494,49.151416,1492,29.89,420.47,57.58,1.0000,0.656988,0.119954,413.61,324.66,0.9762,0.646270,0.676383
1786702483.677845,49.179766,1493,29.89,420.29,57.58,1.0000,0.656701,0.119969,413.62,324.58,0.9764,0.646287,0.676217
1786702483.712729,49.214650,1494,29.89,420.29,57.57,1.0000,0.656708,0.119934,413.66,324.53,0.9768,0.646337,0.676105
1786702483.741731,49.243653,1495,29.89,420.29,57.59,1.0000,0.656708,0.119972,413.58,324.61,0.9760,0.646214,0.676274
1786702483.773679,49.275600,1496,29.89,420.30,57.57,1.0000,0.656720,0.119946,413.54,324.62,0.9766,0.646157,0.676289
1786702483.819142,49.321064,1497,29.89,420.09,57.57,1.0000,0.656395,0.119944,413.50,324.62,0.9770,0.646089,0.676286
1786702483.834782,49.336704,1498,29.89,420.09,57.57,1.0000,0.656394,0.119941,413.52,324.69,0.9774,0.646130,0.676434
1786702483.873813,49.375735,1499,29.89,420.03,57.58,1.0000,0.656299,0.119956,413.52,324.76,0.9777,0.646132,0.676576
1786702483.931478,49.433400,1500,29.89,419.95,57.58,1.0000,0.656168,0.119958,413.44,324.74,0.9779,0.646004,0.676548
1786702483.946932,49.448854,1501,29.89,419.96,57.56,1.0000,0.656193,0.119908,413.48,324.77,0.9784,0.646063,0.676594
1786702483.994411,49.496332,1502,29.89,419.78,57.57,1.0000,0.655904,0.119941,413.61,324.76,0.9783,0.646268,0.676587
1786702484.041682,49.543604,1503,29.89,419.81,57.51,1.0000,0.655958,0.119818,413.66,324.87,0.9783,0.646336,0.676808
1786702484.057956,49.559877,1504,29.89,419.79,57.50,1.0000,0.655926,0.119793,413.62,324.89,0.9781,0.646274,0.676854
1786702484.073336,49.575258,1505,29.89,419.65,57.50,1.0000,0.655708,0.119798,413.54,325.06,0.9779,0.646150,0.677206
1786702484.120929,49.622850,1506,29.89,419.65,57.45,1.0000,0.655710,0.119681,413.54,325.02,0.9781,0.646149,0.677117
1786702484.152514,49.654435,1507,29.89,419.53,57.44,1.0000,0.655520,0.119661,413.53,325.09,0.9783,0.646139,0.677279
1786702484.184767,49.686688,1508,29.88,419.31,57.42,1.0000,0.655175,0.119629,413.51,325.13,0.9779,0.646109,0.677350
1786702484.216561,49.718482,1509,29.88,419.34,57.38,1.0000,0.655217,0.119550,413.48,324.95,0.9780,0.646070,0.676973
1786702484.248900,49.750822,1510,29.88,419.29,57.37,1.0000,0.655139,0.119515,413.51,324.90,0.9780,0.646114,0.676869
1786702484.295958,49.797880,1511,29.88,419.49,57.32,1.0000,0.655446,0.119409,413.47,324.70,0.9782,0.646049,0.676459
1786702484.311316,49.813237,1512,29.88,419.47,57.32,1.0000,0.655426,0.119425,413.46,324.80,0.9782,0.646037,0.676676
1786702484.331630,49.833552,1513,29.88,419.47,57.35,1.0000,0.655427,0.119481,413.49,324.83,0.9782,0.646079,0.676733
1786702484.369482,49.871404,1514,29.88,419.48,57.36,1.0000,0.655434,0.119496,413.45,324.84,0.9782,0.646021,0.676754
1786702484.404452,49.906374,1515,29.88,419.46,57.36,1.0000,0.655403,0.119494,413.49,324.92,0.9783,0.646074,0.676920
1786702484.436659,49.938581,1516,29.88,419.42,57.35,1.0000,0.655341,0.119474,413.56,324.91,0.9777,0.646193,0.676890
1786702484.474238,49.976160,1517,29.88,419.47,57.38,1.0000,0.655415,0.119548,413.58,324.87,0.9775,0.646215,0.676820
1786702484.519030,50.020952,1518,29.88,419.49,57.36,1.0000,0.655446,0.119502,413.58,324.70,0.9773,0.646213,0.676457
1786702484.554145,50.056067,1519,29.88,419.56,57.36,1.0000,0.655567,0.119503,413.60,324.67,0.9776,0.646246,0.676391
1786702484.561442,50.063364,1520,29.88,419.64,57.34,1.0000,0.655692,0.119458,413.72,324.67,0.9779,0.646435,0.676401
1786702484.598567,50.100488,1521,29.88,419.55,57.30,1.0000,0.655544,0.119374,413.74,324.58,0.9765,0.646464,0.676204
1786702484.651968,50.153890,1522,29.88,419.44,57.30,1.0000,0.655373,0.119375,413.70,324.56,0.9767,0.646407,0.676172
1786702484.675472,50.177394,1523,29.88,419.45,57.30,1.0000,0.655390,0.119384,413.70,324.60,0.9764,0.646399,0.676254
1786702484.709771,50.211692,1524,29.98,419.51,57.29,1.0000,0.655483,0.119350,413.74,324.60,0.9766,0.646471,0.676246
1786702484.724489,50.226411,1525,29.98,419.78,57.18,1.0000,0.655909,0.119118,413.80,324.54,0.9765,0.646569,0.676123
1786702484.765478,50.267400,1526,29.98,419.75,57.22,1.0000,0.655857,0.119212,413.84,324.47,0.9760,0.646631,0.675979
1786702484.813415,50.315336,1527,29.98,419.80,57.23,1.0000,0.655932,0.119233,413.85,324.26,0.9754,0.646646,0.675548
1786702484.839897,50.341818,1528,29.98,419.99,57.22,1.0000,0.656233,0.119214,413.85,324.26,0.9754,0.646634,0.675541
1786702484.873577,50.375499,1529,29.98,420.07,57.40,1.0000,0.656361,0.119584,413.77,324.40,0.9752,0.646510,0.675836
1786702484.903518,50.405440,1530,29.98,420.19,57.41,1.0000,0.656552,0.119603,413.74,324.40,0.9746,0.646467,0.675824
1786702484.958132,50.460054,1531,29.98,420.28,57.41,1.0000,0.656689,0.119614,413.81,324.56,0.9747,0.646582,0.676171
1786702484.990637,50.492558,1532,29.98,420.36,57.43,1.0000,0.656805,0.119636,413.83,324.77,0.9753,0.646603,0.676604
1786702485.005977,50.507899,1533,29.98,420.42,57.41,1.0000,0.656911,0.119602,413.87,324.79,0.9757,0.646672,0.676638
1786702485.039938,50.541860,1534,29.98,420.52,57.41,1.0000,0.657062,0.119601,413.91,324.79,0.9757,0.646727,0.676641
1786702485.059008,50.560930,1535,29.98,420.52,57.43,1.0000,0.657059,0.119646,413.97,324.70,0.9753,0.646822,0.676469
1786702485.103648,50.605569,1536,29.98,420.52,57.42,1.0000,0.657055,0.119628,413.94,324.57,0.9745,0.646785,0.676194
1786702485.143420,50.645342,1537,29.98,420.52,57.42,1.0000,0.657063,0.119629,413.87,324.69,0.9749,0.646669,0.676439
1786702485.175914,50.677835,1538,29.98,420.50,57.42,1.0000,0.657029,0.119623,413.91,324.67,0.9746,0.646732,0.676390
1786702485.212035,50.713957,1539,29.98,420.66,57.42,1.0000,0.657288,0.119618,413.92,324.53,0.9748,0.646756,0.676095
1786702485.227715,50.729637,1540,30.03,420.60,57.38,1.0000,0.657193,0.119542,413.98,324.49,0.9743,0.646848,0.676015
1786702485.275486,50.777407,1541,30.03,420.69,57.41,1.0000,0.657327,0.119596,413.95,324.48,0.9743,0.646802,0.676002
1786702485.312808,50.814730,1542,30.03,420.66,57.44,1.0000,0.657278,0.119657,413.98,324.41,0.9741,0.646842,0.675848
1786702485.344662,50.846584,1543,30.03,420.65,57.44,1.0000,0.657273,0.119666,414.00,324.36,0.9743,0.646873,0.675745
1786702485.371561,50.873483,1544,30.03,420.61,57.48,1.0000,0.657200,0.119741,414.00,324.14,0.9739,0.646882,0.675298
1786702485.416485,50.918407,1545,30.03,420.60,57.49,1.0000,0.657181,0.119763,414.01,324.15,0.9740,0.646890,0.675306
1786702485.442597,50.944518,1546,30.03,420.62,57.47,1.0000,0.657219,0.119735,413.96,324.28,0.9744,0.646810,0.675586
1786702485.460917,50.962838,1547,30.03,420.61,57.49,1.0000,0.657205,0.119765,413.93,324.34,0.9746,0.646768,0.675713
1786702485.506791,51.008713,1548,30.03,420.60,57.59,1.0000,0.657183,0.119975,413.95,324.55,0.9745,0.646792,0.676155
1786702485.544180,51.046102,1549,30.03,420.60,57.67,1.0000,0.657191,0.120136,413.94,324.48,0.9743,0.646774,0.676006
1786702485.570862,51.072784,1550,30.03,420.60,57.67,1.0000,0.657190,0.120140,413.92,324.14,0.9746,0.646745,0.675288
1786702485.602494,51.104416,1551,30.03,420.49,57.82,1.0000,0.657010,0.120469,413.91,324.15,0.9745,0.646734,0.675321
1786702485.651054,51.152976,1552,30.03,420.45,57.87,1.0000,0.656957,0.120558,414.02,324.19,0.9744,0.646908,0.675397
1786702485.681882,51.183804,1553,30.03,420.42,57.91,1.0000,0.656899,0.120644,413.99,324.14,0.9747,0.646862,0.675286
1786702485.713407,51.215329,1554,30.03,420.61,57.91,1.0000,0.657196,0.120648,413.99,324.13,0.9753,0.646853,0.675269
1786702485.745002,51.246923,1555,29.97,420.55,57.91,1.0000,0.657113,0.120652,414.04,324.08,0.9751,0.646936,0.675158
1786702485.785154,51.287076,1556,29.97,420.53,58.22,1.0000,0.657075,0.121300,413.98,324.29,0.9749,0.646840,0.675602
1786702485.800487,51.302408,1557,29.97,420.55,58.25,1.0000,0.657116,0.121354,413.97,324.29,0.9747,0.646822,0.675606
1786702485.837807,51.339728,1558,29.97,420.57,58.24,1.0000,0.657147,0.121324,414.00,324.18,0.9753,0.646870,0.675371
1786702485.874799,51.376720,1559,29.97,420.64,58.24,1.0000,0.657253,0.121331,414.00,324.17,0.9748,0.646868,0.675363
1786702485.914716,51.416638,1560,29.97,420.64,58.28,1.0000,0.657246,0.121422,413.99,324.20,0.9755,0.646863,0.675420
1786702485.975412,51.477334,1561,29.97,420.60,58.21,1.0000,0.657186,0.121261,413.97,324.21,0.9759,0.646824,0.675441
1786702485.978103,51.480025,1562,29.97,420.67,58.21,1.0000,0.657303,0.121261,414.04,324.14,0.9765,0.646938,0.675292
1786702486.006923,51.508845,1563,29.97,420.74,58.21,1.0000,0.657412,0.121270,414.04,324.14,0.9763,0.646938,0.675294
1786702486.025093,51.527014,1564,29.97,420.80,58.27,1.0000,0.657507,0.121394,414.04,324.15,0.9761,0.646944,0.675306
1786702486.073113,51.575035,1565,29.97,420.87,58.26,1.0000,0.657613,0.121380,414.08,324.09,0.9759,0.647001,0.675192
1786702486.105500,51.607422,1566,29.97,420.87,58.24,1.0000,0.657608,0.121339,414.13,324.13,0.9758,0.647079,0.675281
1786702486.148654,51.650576,1567,29.97,420.90,58.32,1.0000,0.657656,0.121506,414.07,324.05,0.9758,0.646991,0.675110
1786702486.183203,51.685125,1568,29.97,420.74,58.41,1.0000,0.657407,0.121695,414.07,324.02,0.9754,0.646978,0.675035
1786702486.201126,51.703047,1569,29.97,420.74,58.39,1.0000,0.657407,0.121647,414.01,324.01,0.9753,0.646885,0.675018
1786702486.238728,51.740649,1570,29.97,420.74,58.42,1.0000,0.657405,0.121707,413.98,323.98,0.9754,0.646848,0.674957
1786702486.278894,51.780815,1571,30.03,420.49,58.66,1.0000,0.657008,0.122214,413.98,323.99,0.9754,0.646838,0.674973
1786702486.325989,51.827910,1572,30.03,420.53,58.70,1.0000,0.657079,0.122291,413.98,324.07,0.9758,0.646847,0.675150
1786702486.341661,51.843582,1573,30.03,420.56,58.76,1.0000,0.657125,0.122419,413.98,324.37,0.9759,0.646849,0.675777
1786702486.369988,51.871910,1574,30.03,420.56,58.76,1.0000,0.657130,0.122427,413.96,324.38,0.9758,0.646819,0.675791
1786702486.410048,51.911970,1575,30.03,420.57,58.82,1.0000,0.657143,0.122536,413.95,324.60,0.9760,0.646800,0.676259
1786702486.435780,51.937701,1576,30.03,420.57,58.84,1.0000,0.657148,0.122585,413.91,324.61,0.9755,0.646736,0.676261
1786702486.470283,51.972204,1577,30.03,420.65,58.82,1.0000,0.657261,0.122545,413.93,324.60,0.9757,0.646762,0.676241
1786702486.504387,52.006309,1578,30.03,420.66,58.85,1.0000,0.657277,0.122595,413.93,324.60,0.9758,0.646763,0.676246
1786702486.537114,52.039036,1579,30.03,420.68,58.91,1.0000,0.657309,0.122721,413.97,324.57,0.9761,0.646827,0.676181
1786702486.614540,52.116462,1580,30.03,420.69,58.95,1.0000,0.657331,0.122816,413.96,324.24,0.9759,0.646805,0.675500
1786702486.617140,52.119062,1581,30.03,420.70,58.94,1.0000,0.657343,0.122783,413.97,324.24,0.9754,0.646822,0.675492
1786702486.641006,52.142928,1582,30.03,420.70,58.91,1.0000,0.657345,0.122725,413.83,324.25,0.9755,0.646612,0.675518
1786702486.675314,52.177236,1583,30.03,420.71,58.86,1.0000,0.657358,0.122629,413.80,324.29,0.9752,0.646556,0.675604
1786702486.707085,52.209007,1584,30.03,421.07,58.84,1.0000,0.657923,0.122577,413.81,324.35,0.9750,0.646578,0.675723
1786702486.744418,52.246340,1585,30.03,421.16,58.94,1.0000,0.658064,0.122792,413.89,324.40,0.9749,0.646704,0.675838
1786702486.770952,52.272873,1586,30.03,421.17,58.94,1.0000,0.658078,0.122799,413.85,324.55,0.9753,0.646640,0.676136
1786702486.800020,52.301942,1587,30.23,421.14,58.90,1.0000,0.658033,0.122701,413.76,324.48,0.9750,0.646507,0.675999
1786702486.845263,52.347185,1588,30.23,421.18,58.72,1.0000,0.658089,0.122328,413.80,324.43,0.9751,0.646556,0.675894
1786702486.890333,52.392255,1589,30.23,421.17,58.50,1.0000,0.658077,0.121866,413.95,324.47,0.9748,0.646803,0.675979
1786702486.916688,52.418610,1590,30.23,421.24,58.49,1.0000,0.658186,0.121847,413.93,324.47,0.9750,0.646766,0.675985
1786702486.927127,52.429049,1591,30.23,421.15,58.47,1.0000,0.658052,0.121806,413.81,324.45,0.9744,0.646574,0.675940
1786702486.975141,52.477062,1592,30.23,421.15,58.52,1.0000,0.658054,0.121918,413.81,324.45,0.9744,0.646574,0.675939
1786702487.008169,52.510091,1593,30.23,421.18,58.51,1.0000,0.658092,0.121904,413.81,324.36,0.9748,0.646572,0.675756
1786702487.039932,52.541853,1594,30.23,421.19,58.47,1.0000,0.658102,0.121813,413.81,324.36,0.9752,0.646575,0.675755
1786702487.084991,52.586912,1595,30.23,421.09,58.47,1.0000,0.657950,0.121812,413.96,324.29,0.9756,0.646811,0.675606
1786702487.100751,52.602672,1596,30.23,421.01,58.47,1.0000,0.657827,0.121819,414.02,324.22,0.9753,0.646913,0.675455
1786702487.140652,52.642574,1597,30.23,421.00,58.52,1.0000,0.657813,0.121909,414.04,324.29,0.9752,0.646934,0.675596
1786702487.175006,52.676927,1598,30.23,420.98,58.57,1.0000,0.657774,0.122013,413.86,324.52,0.9749,0.646649,0.676089
1786702487.215044,52.716965,1599,30.23,420.61,58.56,1.0000,0.657201,0.121992,413.83,324.63,0.9754,0.646611,0.676304
1786702487.262269,52.764191,1600,30.23,420.63,58.41,1.0000,0.657231,0.121684,413.81,324.66,0.9751,0.646585,0.676375
1786702487.276189,52.778111,1601,30.23,420.55,58.40,1.0000,0.657104,0.121676,413.72,324.67,0.9755,0.646445,0.676405
1786702487.292032,52.793953,1602,30.07,420.55,58.40,1.0000,0.657103,0.121674,413.72,324.66,0.9751,0.646443,0.676385
1786702487.339674,52.841595,1603,30.07,420.54,58.41,1.0000,0.657091,0.121695,413.88,324.63,0.9751,0.646684,0.676316
1786702487.387096,52.889017,1604,30.07,420.55,58.57,1.0000,0.657102,0.122027,413.81,324.64,0.9754,0.646579,0.676333
1786702487.404824,52.906746,1605,30.07,420.54,58.59,1.0000,0.657086,0.122072,413.83,324.68,0.9757,0.646605,0.676410
1786702487.450756,52.952678,1606,30.07,420.54,58.59,1.0000,0.657096,0.122068,413.84,324.80,0.9764,0.646630,0.676665
1786702487.482076,52.983998,1607,30.07,420.27,58.59,1.0000,0.656674,0.122063,413.93,324.88,0.9768,0.646769,0.676833
1786702487.497850,52.999771,1608,30.07,420.10,58.55,1.0000,0.656400,0.121985,413.86,324.79,0.9763,0.646661,0.676649
1786702487.543078,53.045000,1609,30.07,420.10,58.51,1.0000,0.656411,0.121904,413.75,324.67,0.9767,0.646487,0.676399
1786702487.578296,53.080218,1610,30.07,420.11,58.42,1.0000,0.656415,0.121704,413.70,324.68,0.9768,0.646410,0.676425
1786702487.610571,53.112493,1611,30.07,420.07,58.41,1.0000,0.656362,0.121679,413.67,324.75,0.9771,0.646365,0.676559
1786702487.650206,53.152128,1612,30.07,420.07,58.40,1.0000,0.656354,0.121669,413.67,324.79,0.9773,0.646361,0.676638
1786702487.679121,53.181043,1613,30.07,420.08,58.36,1.0000,0.656369,0.121584,413.67,324.78,0.9775,0.646356,0.676622
1786702487.721306,53.223228,1614,30.07,420.05,58.31,1.0000,0.656335,0.121486,413.67,325.10,0.9780,0.646361,0.677287
1786702487.736967,53.238888,1615,30.07,420.06,58.29,1.0000,0.656336,0.121429,413.67,324.97,0.9770,0.646360,0.677028
1786702487.773986,53.275907,1616,30.07,420.05,58.26,1.0000,0.656331,0.121370,413.67,324.97,0.9770,0.646366,0.677027
1786702487.816072,53.317993,1617,29.98,420.05,58.21,1.0000,0.656330,0.121277,413.67,324.97,0.9771,0.646364,0.677029
1786702487.869865,53.371786,1618,29.98,420.04,58.22,1.0000,0.656316,0.121291,413.66,324.97,0.9770,0.646344,0.677022
1786702487.896078,53.397999,1619,29.98,419.98,58.30,1.0000,0.656219,0.121468,413.70,325.07,0.9775,0.646408,0.677220
1786702487.911808,53.413730,1620,29.98,419.99,58.30,1.0000,0.656231,0.121462,413.69,325.03,0.9779,0.646386,0.677144
1786702487.960188,53.462110,1621,29.98,419.91,58.29,1.0000,0.656111,0.121436,413.61,324.97,0.9778,0.646271,0.677028
1786702487.977512,53.479433,1622,29.98,419.90,58.30,1.0000,0.656090,0.121449,413.68,324.93,0.9779,0.646377,0.676937
1786702488.010019,53.511941,1623,29.98,419.98,58.32,1.0000,0.656214,0.121490,413.69,324.94,0.9781,0.646395,0.676963
1786702488.039073,53.540995,1624,29.98,420.01,58.19,1.0000,0.656269,0.121234,413.64,324.96,0.9775,0.646315,0.677009
1786702488.076029,53.577951,1625,29.98,420.10,58.10,1.0000,0.656402,0.121033,413.58,324.96,0.9777,0.646225,0.677003
1786702488.112951,53.614873,1626,29.98,420.08,58.09,1.0000,0.656382,0.121025,413.59,324.96,0.9774,0.646239,0.677003
1786702488.158031,53.659953,1627,29.98,420.16,57.93,1.0000,0.656504,0.120696,413.63,324.84,0.9773,0.646290,0.676746
1786702488.190121,53.692043,1628,29.98,420.18,57.96,1.0000,0.656532,0.120755,413.56,324.87,0.9773,0.646187,0.676809
1786702488.225286,53.727208,1629,29.98,420.18,57.99,1.0000,0.656527,0.120815,413.57,324.89,0.9772,0.646197,0.676846
1786702488.240202,53.742124,1630,29.98,420.14,57.98,1.0000,0.656473,0.120784,413.57,324.85,0.9773,0.646209,0.676774
1786702488.278999,53.780921,1631,29.98,420.19,57.98,1.0000,0.656542,0.120794,413.56,324.84,0.9776,0.646192,0.676752
1786702488.313280,53.815202,1632,29.90,420.08,58.17,1.0000,0.656378,0.121193,413.55,324.87,0.9768,0.646178,0.676821
1786702488.344221,53.846143,1633,29.90,420.13,58.23,1.0000,0.656450,0.121313,413.49,324.86,0.9769,0.646079,0.676802
1786702488.357419,53.859341,1634,29.90,420.08,58.24,1.0000,0.656380,0.121338,413.58,324.80,0.9776,0.646218,0.676676
1786702488.399440,53.901362,1635,29.90,419.99,58.23,1.0000,0.656233,0.121314,413.62,324.80,0.9783,0.646275,0.676675
1786702488.437216,53.939138,1636,29.90,419.93,58.14,1.0000,0.656137,0.121118,413.70,324.82,0.9784,0.646407,0.676701
1786702488.468679,53.970601,1637,29.90,419.77,58.10,1.0000,0.655889,0.121039,413.76,324.73,0.9783,0.646507,0.676516
1786702488.506372,54.008294,1638,29.90,419.59,58.08,1.0000,0.655608,0.120991,413.75,325.03,0.9786,0.646481,0.677136
1786702488.537109,54.039031,1639,29.90,419.36,58.07,1.0000,0.655245,0.120989,413.72,325.10,0.9781,0.646441,0.677298
1786702488.562271,54.064192,1640,29.90,419.20,58.06,1.0000,0.654994,0.120966,413.80,325.11,0.9783,0.646561,0.677308
1786702488.609761,54.111683,1641,29.90,419.18,58.01,1.0000,0.654970,0.120864,413.83,324.94,0.9787,0.646608,0.676950
1786702488.641582,54.143503,1642,29.90,419.13,57.99,1.0000,0.654888,0.120805,413.92,324.90,0.9787,0.646746,0.676885
1786702488.689403,54.191324,1643,29.90,419.10,57.90,1.0000,0.654845,0.120625,413.94,324.89,0.9785,0.646780,0.676861
1786702488.692064,54.193985,1644,29.90,419.09,57.90,1.0000,0.654827,0.120616,413.97,324.93,0.9786,0.646822,0.676936
1786702488.737272,54.239193,1645,29.90,419.11,57.89,1.0000,0.654862,0.120609,413.98,324.93,0.9790,0.646848,0.676946
1786702488.774176,54.276098,1646,29.90,419.14,57.84,1.0000,0.654913,0.120504,413.99,324.82,0.9792,0.646863,0.676718
1786702488.809109,54.311031,1647,29.90,419.02,57.84,1.0000,0.654717,0.120497,413.93,324.61,0.9791,0.646770,0.676263
1786702488.837890,54.339812,1648,30.05,419.02,57.84,1.0000,0.654717,0.120492,414.00,324.68,0.9793,0.646875,0.676414
1786702488.882754,54.384675,1649,30.05,419.03,57.85,1.0000,0.654735,0.120522,414.07,324.68,0.9796,0.646986,0.676413
1786702488.911746,54.413667,1650,30.05,419.02,57.83,1.0000,0.654712,0.120487,414.05,324.65,0.9798,0.646952,0.676359
1786702488.932914,54.434835,1651,30.05,419.02,57.79,1.0000,0.654722,0.120386,414.05,324.70,0.9801,0.646956,0.676448
1786702488.974674,54.476595,1652,30.05,419.04,57.75,1.0000,0.654746,0.120306,414.06,324.93,0.9805,0.646967,0.676943
1786702489.019120,54.521042,1653,30.05,419.11,57.71,1.0000,0.654854,0.120238,414.05,325.02,0.9809,0.646960,0.677123
1786702489.041385,54.543307,1654,30.05,419.11,57.71,1.0000,0.654852,0.120233,414.13,324.91,0.9809,0.647077,0.676901
1786702489.086708,54.588629,1655,30.05,419.10,57.72,1.0000,0.654838,0.120240,414.13,324.81,0.9805,0.647073,0.676687
1786702489.102699,54.604621,1656,30.05,419.10,57.73,1.0000,0.654840,0.120280,414.10,324.81,0.9805,0.647036,0.676687
1786702489.155954,54.657875,1657,30.05,418.94,57.72,1.0000,0.654591,0.120252,414.08,324.83,0.9805,0.647007,0.676737
1786702489.187931,54.689853,1658,30.05,418.94,57.71,1.0000,0.654589,0.120238,414.08,324.49,0.9809,0.646996,0.676021
1786702489.215868,54.717790,1659,30.05,418.99,57.71,1.0000,0.654671,0.120232,414.05,324.38,0.9801,0.646954,0.675787
1786702489.229217,54.731138,1660,30.05,418.99,57.71,1.0000,0.654665,0.120238,414.04,324.40,0.9800,0.646931,0.675836
1786702489.284485,54.786406,1661,30.05,419.02,57.68,1.0000,0.654711,0.120158,414.06,324.46,0.9804,0.646962,0.675959
1786702489.308107,54.810028,1662,30.05,419.02,57.67,1.0000,0.654713,0.120155,413.97,324.46,0.9799,0.646833,0.675951
1786702489.345051,54.846973,1663,29.90,418.97,57.68,1.0000,0.654635,0.120171,413.90,324.45,0.9792,0.646721,0.675932
1786702489.371805,54.873727,1664,29.90,418.97,57.68,1.0000,0.654633,0.120173,413.90,324.47,0.9796,0.646725,0.675975
1786702489.411175,54.913096,1665,29.90,418.95,57.69,1.0000,0.654613,0.120178,413.85,324.47,0.9799,0.646646,0.675974
1786702489.448594,54.950515,1666,29.90,418.95,57.67,1.0000,0.654612,0.120140,413.80,324.47,0.9799,0.646556,0.675969
1786702489.482734,54.984656,1667,29.90,418.95,57.63,1.0000,0.654615,0.120065,413.82,324.47,0.9802,0.646590,0.675970
1786702489.516980,55.018902,1668,29.90,418.83,57.61,1.0000,0.654419,0.120020,413.87,324.49,0.9802,0.646676,0.676013
1786702489.539845,55.041767,1669,29.90,418.84,57.55,1.0000,0.654443,0.119902,413.86,324.48,0.9797,0.646661,0.676004
1786702489.594261,55.096183,1670,29.90,418.85,57.55,1.0000,0.654450,0.119896,413.74,324.57,0.9801,0.646468,0.676179
1786702489.611990,55.113912,1671,29.90,418.89,57.50,1.0000,0.654518,0.119794,413.77,324.64,0.9805,0.646519,0.676336
1786702489.644204,55.146126,1672,29.90,418.89,57.44,1.0000,0.654513,0.119674,413.78,324.72,0.9803,0.646534,0.676496
1786702489.683902,55.185823,1673,29.90,419.16,57.40,1.0000,0.654931,0.119588,413.81,324.69,0.9804,0.646572,0.676427
1786702489.721551,55.223473,1674,29.90,419.03,57.35,1.0000,0.654738,0.119487,413.80,324.70,0.9796,0.646557,0.676457
1786702489.743443,55.245364,1675,29.90,419.03,57.39,1.0000,0.654736,0.119557,413.79,324.72,0.9798,0.646540,0.676492
1786702489.785249,55.287170,1676,29.90,419.20,57.34,1.0000,0.655003,0.119467,413.78,324.64,0.9799,0.646526,0.676341
1786702489.817759,55.319680,1677,29.90,419.19,57.34,1.0000,0.654983,0.119463,413.77,324.77,0.9798,0.646517,0.676600
1786702489.833232,55.335154,1678,29.91,419.19,57.34,1.0000,0.654982,0.119458,413.80,324.76,0.9798,0.646559,0.676584
1786702489.875282,55.377203,1679,29.91,419.18,57.32,1.0000,0.654975,0.119425,413.77,324.73,0.9798,0.646517,0.676530
1786702489.915716,55.417638,1680,29.91,419.12,57.38,1.0000,0.654882,0.119538,413.76,324.73,0.9799,0.646506,0.676512
1786702489.954602,55.456524,1681,29.91,419.13,57.44,1.0000,0.654887,0.119670,413.77,324.66,0.9798,0.646512,0.676367
1786702489.975521,55.477443,1682,29.91,419.11,57.44,1.0000,0.654860,0.119667,413.77,324.63,0.9795,0.646522,0.676320
1786702490.007181,55.509103,1683,29.91,418.98,57.49,1.0000,0.654662,0.119780,413.70,324.65,0.9789,0.646413,0.676344
1786702490.050140,55.552062,1684,29.91,418.85,57.49,1.0000,0.654451,0.119775,413.71,324.64,0.9781,0.646423,0.676339
1786702490.100031,55.601953,1685,29.91,419.03,57.49,1.0000,0.654736,0.119776,413.71,324.65,0.9784,0.646426,0.676356
1786702490.102710,55.604632,1686,29.91,419.03,57.46,1.0000,0.654730,0.119709,413.70,324.60,0.9780,0.646409,0.676255
1786702490.139429,55.641351,1687,29.91,419.02,57.46,1.0000,0.654716,0.119712,413.70,324.58,0.9784,0.646405,0.676209
1786702490.178901,55.680823,1688,29.91,419.02,57.46,1.0000,0.654719,0.119703,413.69,324.53,0.9787,0.646397,0.676106
1786702490.229338,55.731259,1689,29.91,418.97,57.54,1.0000,0.654639,0.119884,413.72,324.53,0.9791,0.646436,0.676101
1786702490.232032,55.733953,1690,29.91,418.96,57.58,1.0000,0.654626,0.119957,413.73,324.56,0.9790,0.646456,0.676170
1786702490.261505,55.763426,1691,29.91,419.01,57.58,1.0000,0.654699,0.119957,413.73,324.56,0.9794,0.646456,0.676176
1786702490.310920,55.812842,1692,29.91,418.86,57.56,1.0000,0.654475,0.119912,413.74,324.55,0.9794,0.646470,0.676152
1786702490.350727,55.852649,1693,29.87,418.86,57.55,1.0000,0.654471,0.119892,413.81,324.50,0.9797,0.646585,0.676052
1786702490.365389,55.867311,1694,29.87,418.91,57.56,1.0000,0.654549,0.119919,413.81,324.58,0.9795,0.646581,0.676217
1786702490.429916,55.931838,1695,29.87,418.91,57.68,1.0000,0.654542,0.120165,413.79,324.60,0.9792,0.646553,0.676240
1786702490.450634,55.952555,1696,29.87,419.08,57.67,1.0000,0.654817,0.120139,413.76,324.65,0.9791,0.646497,0.676365
1786702490.475634,55.977556,1697,29.87,419.15,57.55,1.0000,0.654923,0.119886,413.80,324.64,0.9794,0.646557,0.676325
1786702490.501158,56.003080,1698,29.87,419.20,57.54,1.0000,0.655005,0.119872,413.74,324.54,0.9792,0.646466,0.676135
1786702490.535122,56.037044,1699,29.87,419.22,57.53,1.0000,0.655033,0.119864,413.74,324.55,0.9792,0.646467,0.676146
1786702490.572885,56.074807,1700,29.87,419.22,57.53,1.0000,0.655024,0.119851,413.73,324.60,0.9791,0.646460,0.676240
1786702490.623740,56.125662,1701,29.87,419.22,57.53,1.0000,0.655039,0.119859,413.78,324.36,0.9794,0.646524,0.675755
1786702490.641179,56.143100,1702,29.87,419.21,57.41,1.0000,0.655009,0.119615,413.90,324.35,0.9794,0.646716,0.675733
1786702490.662119,56.164041,1703,29.87,419.15,57.39,1.0000,0.654920,0.119554,413.90,324.38,0.9793,0.646723,0.675794
1786702490.734529,56.236451,1704,29.87,419.00,57.39,1.0000,0.654681,0.119558,413.98,324.36,0.9792,0.646843,0.675747
1786702490.749878,56.251800,1705,29.87,418.99,57.34,1.0000,0.654664,0.119456,413.92,324.36,0.9788,0.646754,0.675748
1786702490.765566,56.267487,1706,29.87,419.01,57.30,1.0000,0.654707,0.119369,413.92,324.37,0.9788,0.646748,0.675779
1786702490.813906,56.315827,1707,29.87,419.04,57.30,1.0000,0.654751,0.119371,413.93,324.52,0.9793,0.646762,0.676090
1786702490.831793,56.333714,1708,29.87,418.93,57.32,1.0000,0.654571,0.119423,413.94,324.52,0.9793,0.646786,0.676075
1786702490.877252,56.379174,1709,30.11,418.92,57.28,1.0000,0.654566,0.119332,413.91,324.48,0.9790,0.646740,0.675990
1786702490.925118,56.427039,1710,30.11,418.78,57.29,1.0000,0.654341,0.119364,413.87,324.49,0.9783,0.646674,0.676020
1786702490.940875,56.442797,1711,30.11,418.74,57.29,1.0000,0.654281,0.119361,413.87,324.57,0.9773,0.646678,0.676194
1786702490.985633,56.487555,1712,30.11,418.86,57.30,1.0000,0.654469,0.119372,413.86,324.58,0.9770,0.646649,0.676205
1786702491.004265,56.506186,1713,30.11,418.84,57.32,1.0000,0.654435,0.119406,413.88,324.63,0.9774,0.646686,0.676314
1786702491.043481,56.545403,1714,30.11,418.77,57.31,1.0000,0.654324,0.119403,413.92,324.63,0.9778,0.646752,0.676319
1786702491.083547,56.585468,1715,30.11,418.62,57.31,1.0000,0.654087,0.119390,413.89,324.58,0.9774,0.646701,0.676203
1786702491.115625,56.617547,1716,30.11,418.61,57.24,1.0000,0.654085,0.119254,413.88,324.60,0.9777,0.646686,0.676251
1786702491.131296,56.633218,1717,30.11,418.60,57.24,1.0000,0.654055,0.119259,413.98,324.68,0.9780,0.646851,0.676417
1786702491.178689,56.680610,1718,30.11,418.59,57.23,1.0000,0.654054,0.119239,414.01,324.68,0.9781,0.646885,0.676414
1786702491.210622,56.712543,1719,30.11,418.56,57.36,1.0000,0.653992,0.119502,414.01,324.90,0.9779,0.646897,0.676880
1786702491.247665,56.749587,1720,30.11,418.43,57.36,1.0000,0.653798,0.119493,414.01,324.95,0.9776,0.646897,0.676982
1786702491.290257,56.792179,1721,30.11,418.52,57.38,1.0000,0.653937,0.119535,414.04,324.95,0.9780,0.646941,0.676979
1786702491.322321,56.824243,1722,30.11,418.53,57.42,1.0000,0.653948,0.119620,413.99,325.01,0.9782,0.646864,0.677109
1786702491.338342,56.840264,1723,30.11,418.57,57.43,1.0000,0.654022,0.119639,413.97,324.85,0.9777,0.646821,0.676763
1786702491.386315,56.888237,1724,29.99,418.80,57.44,1.0000,0.654370,0.119660,413.92,324.84,0.9776,0.646758,0.676754
1786702491.419429,56.921350,1725,29.99,418.84,57.49,1.0000,0.654443,0.119780,413.91,324.99,0.9779,0.646742,0.677072
1786702491.449625,56.951546,1726,29.99,418.82,57.60,1.0000,0.654411,0.119993,413.94,324.98,0.9781,0.646776,0.677045
1786702491.481428,56.983350,1727,29.99,418.82,57.67,1.0000,0.654399,0.120155,413.97,324.85,0.9782,0.646827,0.676775
1786702491.529256,57.031177,1728,29.99,418.93,57.63,1.0000,0.654573,0.120063,413.99,324.76,0.9785,0.646867,0.676575
1786702491.544992,57.046914,1729,29.99,418.95,57.55,1.0000,0.654602,0.119887,414.01,324.44,0.9789,0.646895,0.675910
1786702491.573310,57.075231,1730,29.99,418.94,57.54,1.0000,0.654598,0.119866,414.03,324.40,0.9786,0.646915,0.675839
1786702491.609000,57.110921,1731,29.99,418.95,57.58,1.0000,0.654603,0.119956,414.06,324.40,0.9789,0.646965,0.675837
1786702491.624695,57.126617,1732,29.99,418.89,57.63,1.0000,0.654513,0.120070,413.95,324.48,0.9784,0.646798,0.675993
1786702491.672295,57.174217,1733,29.99,418.90,57.64,1.0000,0.654530,0.120081,413.93,324.46,0.9783,0.646768,0.675965
1786702491.714765,57.216686,1734,29.99,419.21,57.63,1.0000,0.655018,0.120064,413.88,324.38,0.9776,0.646687,0.675793
1786702491.751755,57.253677,1735,29.99,419.29,57.60,1.0000,0.655144,0.120002,413.84,324.41,0.9776,0.646629,0.675864
1786702491.783286,57.285208,1736,29.99,419.30,57.61,1.0000,0.655149,0.120012,413.81,324.45,0.9777,0.646584,0.675946
1786702491.814959,57.316880,1737,29.99,419.43,57.52,1.0000,0.655356,0.119840,413.81,324.47,0.9777,0.646572,0.675972
1786702491.845989,57.347911,1738,29.99,419.57,57.49,1.0000,0.655578,0.119765,413.82,324.40,0.9779,0.646590,0.675825
1786702491.865551,57.367473,1739,29.99,419.57,57.52,1.0000,0.655573,0.119828,413.82,324.44,0.9779,0.646587,0.675915
1786702491.917929,57.419851,1740,29.93,419.54,57.58,1.0000,0.655525,0.119961,413.81,324.72,0.9777,0.646585,0.676494
1786702491.957553,57.459475,1741,29.93,419.55,57.64,1.0000,0.655554,0.120080,413.80,324.79,0.9779,0.646561,0.676646
1786702491.973477,57.475399,1742,29.93,419.68,57.66,1.0000,0.655751,0.120119,413.71,324.85,0.9773,0.646424,0.676769
1786702492.005575,57.507497,1743,29.93,419.71,57.66,1.0000,0.655796,0.120120,413.70,324.85,0.9773,0.646412,0.676774
1786702492.053719,57.555640,1744,29.93,419.64,57.96,1.0000,0.655690,0.120747,413.70,324.85,0.9773,0.646414,0.676769
1786702492.085338,57.587260,1745,29.93,419.85,57.96,1.0000,0.656023,0.120747,413.67,324.78,0.9775,0.646359,0.676620
1786702492.106262,57.608184,1746,29.93,419.92,57.99,1.0000,0.656125,0.120817,413.67,324.78,0.9777,0.646353,0.676630
1786702492.146371,57.648293,1747,29.93,419.92,57.99,1.0000,0.656126,0.120817,413.65,324.78,0.9778,0.646329,0.676633
1786702492.186859,57.688781,1748,29.93,419.95,57.98,1.0000,0.656178,0.120795,413.62,324.87,0.9777,0.646287,0.676822
1786702492.213823,57.715745,1749,29.93,420.02,57.97,1.0000,0.656287,0.120764,413.68,324.54,0.9777,0.646370,0.676132
1786702492.228978,57.730900,1750,29.93,420.06,57.95,1.0000,0.656337,0.120731,413.69,324.60,0.9775,0.646394,0.676258
1786702492.270600,57.772521,1751,29.93,420.12,57.90,1.0000,0.656436,0.120631,413.71,324.55,0.9774,0.646423,0.676143
1786702492.308521,57.810443,1752,29.93,420.24,57.87,1.0000,0.656631,0.120568,413.72,324.55,0.9769,0.646439,0.676139
1786702492.323999,57.825921,1753,29.93,420.29,57.90,1.0000,0.656710,0.120620,413.78,324.59,0.9771,0.646530,0.676238
1786702492.377520,57.879442,1754,29.93,420.49,57.90,1.0000,0.657013,0.120626,413.73,324.45,0.9769,0.646452,0.675936
1786702492.412086,57.914008,1755,29.93,420.56,58.00,1.0000,0.657125,0.120842,413.76,324.46,0.9772,0.646497,0.675964
1786702492.420019,57.921941,1756,30.24,420.55,58.06,1.0000,0.657111,0.120954,413.79,324.47,0.9776,0.646546,0.675980
1786702492.483905,57.985826,1757,30.24,420.56,58.06,1.0000,0.657122,0.120965,413.77,324.54,0.9773,0.646509,0.676115
1786702492.515507,58.017429,1758,30.24,420.64,58.14,1.0000,0.657245,0.121119,413.72,324.52,0.9775,0.646437,0.676079
1786702492.547155,58.049076,1759,30.24,420.62,58.14,1.0000,0.657224,0.121122,413.75,324.57,0.9777,0.646478,0.676191
1786702492.592199,58.094121,1760,30.24,420.65,58.14,1.0000,0.657261,0.121120,413.75,324.69,0.9779,0.646482,0.676444
1786702492.607461,58.109383,1761,30.24,420.69,58.14,1.0000,0.657329,0.121122,413.81,324.68,0.9774,0.646578,0.676410
1786702492.639616,58.141537,1762,30.24,420.73,58.09,1.0000,0.657388,0.121028,413.79,324.61,0.9761,0.646551,0.676261
1786702492.671030,58.172952,1763,30.24,420.83,58.09,1.0000,0.657542,0.121028,413.76,324.59,0.9764,0.646504,0.676224
1786702492.703201,58.205122,1764,30.24,420.93,57.93,1.0000,0.657699,0.120679,413.78,324.58,0.9767,0.646528,0.676215
1786702492.734770,58.236691,1765,30.24,420.94,57.86,1.0000,0.657724,0.120547,413.84,324.57,0.9764,0.646630,0.676192
1786702492.766825,58.268747,1766,30.24,421.02,57.86,1.0000,0.657847,0.120549,413.81,324.54,0.9770,0.646579,0.676116
1786702492.800878,58.302799,1767,30.24,421.02,57.85,1.0000,0.657850,0.120525,413.81,324.48,0.9766,0.646583,0.676010
1786702492.833138,58.335060,1768,30.24,421.14,57.80,1.0000,0.658026,0.120418,413.75,324.63,0.9767,0.646487,0.676304
1786702492.878047,58.379969,1769,30.24,421.14,57.77,1.0000,0.658033,0.120348,413.77,324.59,0.9766,0.646513,0.676224
1786702492.893944,58.395865,1770,30.24,421.16,57.76,1.0000,0.658064,0.120333,413.68,324.70,0.9761,0.646376,0.676463
1786702492.930824,58.432746,1771,30.08,421.15,57.88,1.0000,0.658043,0.120577,413.69,324.70,0.9764,0.646392,0.676463
1786702493.003451,58.505373,1772,30.08,421.07,57.96,1.0000,0.657929,0.120760,413.68,324.82,0.9763,0.646369,0.676707
1786702493.006024,58.507946,1773,30.08,421.07,57.97,1.0000,0.657929,0.120767,413.71,324.81,0.9766,0.646415,0.676687
1786702493.040707,58.542629,1774,30.08,421.15,57.94,1.0000,0.658053,0.120707,413.74,324.83,0.9769,0.646471,0.676739
1786702493.077818,58.579740,1775,30.08,421.36,57.88,1.0000,0.658377,0.120587,413.73,324.77,0.9772,0.646456,0.676594
1786702493.117988,58.619909,1776,30.08,421.32,57.83,1.0000,0.658311,0.120478,413.72,324.64,0.9773,0.646437,0.676344
1786702493.135851,58.637773,1777,30.08,421.51,57.68,1.0000,0.658612,0.120163,413.65,324.65,0.9778,0.646330,0.676358
1786702493.197634,58.699556,1778,30.08,421.44,57.67,1.0000,0.658492,0.120136,413.68,324.45,0.9779,0.646382,0.675937
1786702493.213407,58.715329,1779,30.08,421.44,57.65,1.0000,0.658496,0.120101,413.72,324.50,0.9781,0.646433,0.676038
1786702493.241079,58.743001,1780,30.08,421.44,57.65,1.0000,0.658495,0.120099,413.71,324.52,0.9781,0.646429,0.676080
1786702493.293741,58.795662,1781,30.08,421.66,57.50,1.0000,0.658837,0.119786,413.77,324.65,0.9779,0.646511,0.676356
1786702493.309461,58.811382,1782,30.08,421.81,57.49,1.0000,0.659078,0.119762,413.73,324.49,0.9783,0.646448,0.676019
1786702493.334558,58.836480,1783,30.08,421.68,57.49,1.0000,0.658871,0.119778,413.73,324.49,0.9782,0.646446,0.676024
1786702493.390432,58.892353,1784,30.08,421.68,57.51,1.0000,0.658875,0.119819,413.65,324.49,0.9779,0.646333,0.676031
1786702493.406124,58.908045,1785,30.08,421.66,57.51,1.0000,0.658846,0.119818,413.62,324.57,0.9777,0.646279,0.676187
1786702493.433705,58.935627,1786,30.08,421.62,57.51,1.0000,0.658774,0.119818,413.65,324.56,0.9777,0.646325,0.676159
1786702493.471277,58.973199,1787,30.00,421.56,57.50,1.0000,0.658690,0.119786,413.68,324.53,0.9778,0.646373,0.676112
1786702493.515824,59.017745,1788,30.00,421.32,57.64,1.0000,0.658318,0.120076,413.83,324.25,0.9778,0.646610,0.675519
1786702493.543216,59.045138,1789,30.00,421.20,57.63,1.0000,0.658130,0.120073,413.89,324.21,0.9777,0.646706,0.675439
1786702493.577934,59.079855,1790,30.00,421.18,57.64,1.0000,0.658093,0.120076,413.91,324.21,0.9770,0.646731,0.675429
1786702493.613142,59.115063,1791,30.00,421.17,57.59,1.0000,0.658077,0.119975,413.89,324.28,0.9760,0.646705,0.675588
1786702493.645802,59.147723,1792,30.00,421.13,57.60,1.0000,0.658017,0.119997,413.80,324.29,0.9758,0.646564,0.675607
1786702493.694632,59.196554,1793,30.00,420.84,57.61,1.0000,0.657570,0.120014,413.83,324.28,0.9762,0.646616,0.675592
1786702493.714685,59.216607,1794,30.00,420.90,57.60,1.0000,0.657654,0.119996,413.78,324.40,0.9765,0.646526,0.675834
1786702493.748390,59.250311,1795,30.00,420.88,57.64,1.0000,0.657626,0.120074,413.72,324.41,0.9754,0.646443,0.675859
1786702493.788178,59.290100,1796,30.00,420.86,57.65,1.0000,0.657600,0.120103,413.71,324.54,0.9753,0.646421,0.676130
1786702493.808134,59.310055,1797,30.00,420.98,57.65,1.0000,0.657789,0.120104,413.67,324.55,0.9749,0.646357,0.676149
1786702493.841081,59.343003,1798,30.00,421.02,57.65,1.0000,0.657841,0.120104,413.71,324.55,0.9752,0.646425,0.676136
1786702493.882789,59.384711,1799,30.00,420.78,57.67,1.0000,0.657467,0.120153,413.68,324.55,0.9751,0.646379,0.676138
1786702493.914714,59.416636,1800,30.00,420.82,57.76,1.0000,0.657525,0.120330,413.69,324.54,0.9750,0.646392,0.676120
1786702493.946076,59.447997,1801,30.00,420.77,57.76,1.0000,0.657452,0.120332,413.73,324.64,0.9749,0.646456,0.676338
1786702493.970107,59.472028,1802,30.00,420.79,57.78,1.0000,0.657479,0.120385,413.73,324.58,0.9750,0.646449,0.676200
1786702494.007299,59.509220,1803,30.07,420.82,57.81,1.0000,0.657538,0.120434,413.71,324.57,0.9752,0.646428,0.676190
1786702494.039087,59.541009,1804,30.07,420.88,57.93,1.0000,0.657622,0.120697,413.71,324.61,0.9753,0.646426,0.676266
1786702494.095317,59.597238,1805,30.07,420.64,58.07,1.0000,0.657248,0.120972,413.68,324.76,0.9747,0.646382,0.676582
1786702494.109979,59.611900,1806,30.07,420.60,58.08,1.0000,0.657190,0.121001,413.70,324.77,0.9746,0.646411,0.676607
1786702494.151462,59.653383,1807,30.07,420.59,58.08,1.0000,0.657176,0.121003,413.71,324.76,0.9746,0.646422,0.676578
1786702494.172518,59.674440,1808,30.07,420.70,58.13,1.0000,0.657341,0.121106,413.71,324.74,0.9748,0.646429,0.676544
1786702494.217447,59.719368,1809,30.07,420.76,58.21,1.0000,0.657431,0.121271,413.63,324.81,0.9750,0.646301,0.676678
1786702494.269917,59.771839,1810,30.07,420.58,58.19,1.0000,0.657153,0.121237,413.62,324.77,0.9751,0.646288,0.676598
1786702494.280265,59.782186,1811,30.07,420.58,58.19,1.0000,0.657156,0.121232,413.63,324.75,0.9750,0.646300,0.676568
1786702494.303868,59.805789,1812,30.07,420.59,58.21,1.0000,0.657179,0.121272,413.65,324.75,0.9753,0.646331,0.676561
1786702494.335947,59.837868,1813,30.07,420.60,58.24,1.0000,0.657185,0.121332,413.69,324.83,0.9755,0.646386,0.676722
1786702494.384057,59.885979,1814,30.07,420.59,58.24,1.0000,0.657172,0.121336,413.76,324.83,0.9751,0.646500,0.676719
1786702494.408297,59.910219,1815,30.07,420.62,58.21,1.0000,0.657225,0.121263,413.74,324.85,0.9757,0.646472,0.676778
1786702494.456160,59.958082,1816,30.07,420.53,58.16,1.0000,0.657079,0.121169,413.73,324.80,0.9760,0.646457,0.676668
1786702494.474757,59.976678,1817,30.07,420.55,58.11,1.0000,0.657109,0.121070,413.73,324.80,0.9765,0.646449,0.676660
1786702494.510052,60.011974,1818,29.94,420.54,58.10,1.0000,0.657098,0.121044,413.68,324.65,0.9760,0.646382,0.676355
1786702494.541938,60.043859,1819,29.94,420.56,58.13,1.0000,0.657123,0.121096,413.66,324.60,0.9762,0.646352,0.676248
1786702494.561138,60.063060,1820,29.94,420.55,58.09,1.0000,0.657114,0.121019,413.66,324.52,0.9765,0.646344,0.676073
1786702494.611088,60.113009,1821,29.94,420.56,57.92,1.0000,0.657132,0.120671,413.68,324.64,0.9768,0.646377,0.676336
1786702494.640152,60.142074,1822,29.94,420.58,57.89,1.0000,0.657152,0.120594,413.67,324.68,0.9770,0.646361,0.676415
1786702494.674807,60.176729,1823,29.94,420.57,57.91,1.0000,0.657148,0.120639,413.68,324.73,0.9772,0.646372,0.676523
1786702494.687843,60.189764,1824,29.94,420.32,57.83,1.0000,0.656754,0.120483,413.72,324.65,0.9771,0.646434,0.676362
1786702494.740160,60.242082,1825,29.94,420.32,57.81,1.0000,0.656744,0.120433,413.61,324.66,0.9774,0.646271,0.676374
1786702494.773289,60.275211,1826,29.94,420.32,57.79,1.0000,0.656753,0.120403,413.66,324.58,0.9772,0.646349,0.676208
1786702494.815542,60.317464,1827,29.94,420.32,57.73,1.0000,0.656755,0.120280,413.69,324.58,0.9771,0.646387,0.676198
1786702494.847046,60.348968,1828,29.94,420.03,57.72,1.0000,0.656300,0.120252,413.72,324.61,0.9773,0.646434,0.676267
1786702494.879007,60.380929,1829,29.94,419.96,57.77,1.0000,0.656194,0.120357,413.78,324.58,0.9774,0.646530,0.676204
1786702494.938715,60.440637,1830,29.94,419.97,57.77,1.0000,0.656196,0.120360,413.75,324.55,0.9773,0.646484,0.676153
1786702494.942472,60.444393,1831,29.94,419.96,57.77,1.0000,0.656194,0.120358,413.76,324.52,0.9775,0.646501,0.676088
1786702494.979601,60.481523,1832,29.94,419.96,57.81,1.0000,0.656187,0.120440,413.74,324.39,0.9777,0.646476,0.675822
1786702495.006327,60.508249,1833,29.94,419.93,57.77,1.0000,0.656137,0.120355,413.71,324.37,0.9773,0.646423,0.675762
1786702495.055073,60.556994,1834,29.73,419.94,57.77,1.0000,0.656156,0.120353,413.64,324.34,0.9776,0.646310,0.675713
1786702495.075790,60.577712,1835,29.73,419.95,57.75,1.0000,0.656173,0.120315,413.63,324.31,0.9771,0.646298,0.675651
1786702495.109930,60.611851,1836,29.73,419.92,57.75,1.0000,0.656117,0.120313,413.60,324.26,0.9768,0.646243,0.675536
1786702495.149508,60.651429,1837,29.73,419.92,57.75,1.0000,0.656124,0.120321,413.64,324.30,0.9769,0.646311,0.675618
1786702495.181245,60.683167,1838,29.73,419.81,57.75,1.0000,0.655956,0.120312,413.66,324.32,0.9772,0.646344,0.675674
1786702495.197121,60.699043,1839,29.73,419.81,57.76,1.0000,0.655957,0.120323,413.64,324.41,0.9771,0.646309,0.675846
1786702495.253129,60.755051,1840,29.73,419.90,57.60,1.0000,0.656098,0.120002,413.64,324.61,0.9775,0.646305,0.676268
1786702495.293080,60.795002,1841,29.73,419.55,57.65,1.0000,0.655542,0.120105,413.52,324.84,0.9777,0.646120,0.676745
1786702495.308741,60.810663,1842,29.73,419.52,57.64,1.0000,0.655505,0.120076,413.53,324.73,0.9777,0.646136,0.676522
1786702495.350591,60.852513,1843,29.73,419.46,57.67,1.0000,0.655409,0.120149,413.56,324.72,0.9774,0.646182,0.676493
1786702495.372245,60.874166,1844,29.73,419.40,57.73,1.0000,0.655305,0.120262,413.57,324.72,0.9769,0.646205,0.676497
1786702495.409628,60.911550,1845,29.73,419.21,57.80,1.0000,0.655022,0.120419,413.71,324.61,0.9768,0.646418,0.676265
1786702495.440461,60.942383,1846,29.73,419.25,57.81,1.0000,0.655084,0.120443,413.73,324.62,0.9767,0.646446,0.676294
1786702495.482831,60.984752,1847,29.73,419.24,57.99,1.0000,0.655057,0.120803,413.72,324.72,0.9770,0.646432,0.676501
1786702495.514661,61.016582,1848,29.73,419.22,57.94,1.0000,0.655026,0.120710,413.72,324.73,0.9767,0.646439,0.676522
1786702495.557127,61.059049,1849,29.73,419.46,57.92,1.0000,0.655407,0.120658,413.81,324.76,0.9765,0.646571,0.676580
1786702495.594319,61.096241,1850,29.78,419.46,57.94,1.0000,0.655407,0.120705,413.71,324.68,0.9764,0.646416,0.676416
1786702495.612037,61.113958,1851,29.78,419.47,57.94,1.0000,0.655418,0.120706,413.73,324.84,0.9766,0.646449,0.676752
1786702495.657492,61.159414,1852,29.78,419.40,57.90,1.0000,0.655313,0.120618,413.68,324.85,0.9766,0.646370,0.676771
1786702495.675483,61.177405,1853,29.78,419.40,57.90,1.0000,0.655312,0.120633,413.72,324.85,0.9767,0.646434,0.676763
1786702495.722284,61.224205,1854,29.78,419.39,57.90,1.0000,0.655298,0.120619,413.73,324.86,0.9768,0.646455,0.676800
1786702495.754002,61.255924,1855,29.78,419.51,57.86,1.0000,0.655478,0.120539,413.73,324.85,0.9767,0.646458,0.676777
1786702495.772784,61.274706,1856,29.78,419.82,57.82,1.0000,0.655962,0.120458,413.70,324.86,0.9772,0.646402,0.676791
1786702495.806460,61.308382,1857,29.78,419.81,57.82,1.0000,0.655958,0.120465,413.70,324.88,0.9774,0.646410,0.676827
1786702495.843296,61.345218,1858,29.78,419.82,57.83,1.0000,0.655962,0.120484,413.77,324.87,0.9776,0.646509,0.676816
1786702495.872746,61.374668,1859,29.78,419.81,57.83,1.0000,0.655955,0.120484,413.85,324.96,0.9776,0.646640,0.677002
1786702495.909580,61.411501,1860,29.78,420.14,57.81,1.0000,0.656476,0.120431,413.85,324.85,0.9773,0.646647,0.676766
1786702495.976367,61.478289,1862,29.78,420.22,57.85,1.0000,0.656597,0.120515,413.86,324.84,0.9773,0.646661,0.676740
1786702496.016204,61.518126,1863,29.78,420.51,57.56,1.0000,0.657049,0.119910,413.83,324.84,0.9777,0.646605,0.676744
1786702496.042330,61.544252,1864,29.78,420.50,57.53,1.0000,0.657033,0.119861,413.83,324.82,0.9780,0.646616,0.676715
1786702496.087851,61.589773,1865,29.78,420.59,57.43,1.0000,0.657178,0.119636,413.84,324.82,0.9782,0.646618,0.676703
1786702496.110461,61.612382,1866,29.58,420.67,57.38,1.0000,0.657291,0.119542,413.88,324.81,0.9783,0.646694,0.676688
1786702496.146259,61.648180,1867,29.58,420.78,57.36,1.0000,0.657463,0.119507,413.89,324.84,0.9783,0.646709,0.676751
1786702496.191798,61.693720,1868,29.58,420.78,57.40,1.0000,0.657472,0.119579,413.93,324.82,0.9787,0.646767,0.676710
1786702496.205799,61.707721,1869,29.58,420.80,57.39,1.0000,0.657496,0.119570,414.01,324.79,0.9784,0.646883,0.676655
1786702496.244869,61.746790,1870,29.58,420.86,57.40,1.0000,0.657589,0.119574,413.85,324.94,0.9782,0.646638,0.676964
1786702496.273969,61.775891,1871,29.58,420.93,57.38,1.0000,0.657700,0.119547,413.86,324.96,0.9783,0.646661,0.677008
1786702496.312699,61.814621,1872,29.58,420.90,57.47,1.0000,0.657659,0.119726,413.92,324.70,0.9782,0.646747,0.676458
1786702496.352343,61.854265,1873,29.58,420.90,57.47,1.0000,0.657657,0.119738,413.90,324.49,0.9776,0.646717,0.676025
1786702496.377885,61.879806,1874,29.58,421.16,57.51,1.0000,0.658057,0.119816,413.80,324.45,0.9778,0.646566,0.675933
1786702496.413427,61.915348,1875,29.58,421.17,57.58,1.0000,0.658082,0.119967,413.74,324.41,0.9774,0.646469,0.675857
1786702496.438742,61.940664,1876,29.58,421.17,57.61,1.0000,0.658080,0.120019,413.74,324.43,0.9774,0.646469,0.675897
1786702496.475909,61.977831,1877,29.58,421.17,57.54,1.0000,0.658081,0.119883,413.74,324.40,0.9772,0.646472,0.675829
1786702496.515232,62.017154,1878,29.58,421.19,57.55,1.0000,0.658115,0.119886,413.74,324.29,0.9769,0.646464,0.675600
1786702496.531042,62.032964,1879,29.58,421.19,57.56,1.0000,0.658116,0.119915,413.69,324.27,0.9768,0.646398,0.675568
1786702496.575350,62.077272,1880,29.58,421.20,57.59,1.0000,0.658119,0.119984,413.69,324.30,0.9769,0.646387,0.675635
1786702496.606891,62.108813,1881,29.58,421.22,57.53,1.0000,0.658155,0.119857,413.71,324.52,0.9771,0.646416,0.676088
1786702496.638630,62.140552,1882,29.78,421.37,57.56,1.0000,0.658386,0.119911,413.70,324.65,0.9775,0.646403,0.676359
1786702496.677376,62.179297,1883,29.78,421.38,57.68,1.0000,0.658401,0.120161,413.70,324.56,0.9769,0.646406,0.676171
1786702496.706798,62.208719,1884,29.78,421.41,57.68,1.0000,0.658448,0.120160,413.70,324.56,0.9769,0.646404,0.676171
1786702496.741619,62.243540,1885,29.78,421.42,57.73,1.0000,0.658465,0.120265,413.65,324.52,0.9769,0.646320,0.676085
1786702496.779129,62.281051,1886,29.78,421.23,57.68,1.0000,0.658171,0.120157,413.75,324.51,0.9770,0.646487,0.676065
1786702496.840003,62.341925,1887,29.78,421.09,57.62,1.0000,0.657954,0.120051,413.77,324.49,0.9772,0.646508,0.676022
1786702496.844687,62.346608,1888,29.78,421.10,57.62,1.0000,0.657965,0.120051,413.76,324.50,0.9771,0.646497,0.676052
1786702496.874247,62.376169,1889,29.78,421.08,57.62,1.0000,0.657939,0.120044,413.76,324.47,0.9768,0.646494,0.675980
1786702496.907853,62.409775,1890,29.78,420.99,57.64,1.0000,0.657792,0.120075,413.77,324.42,0.9764,0.646521,0.675875
1786702496.954870,62.456791,1891,29.78,420.81,57.59,1.0000,0.657521,0.119971,413.79,324.30,0.9764,0.646540,0.675635
1786702496.974134,62.476056,1892,29.78,420.93,57.61,1.0000,0.657699,0.120022,413.74,324.30,0.9763,0.646475,0.675621
1786702497.011278,62.513199,1893,29.78,420.92,57.66,1.0000,0.657685,0.120121,413.75,324.23,0.9759,0.646482,0.675489
1786702497.040210,62.542132,1894,29.78,421.06,57.67,1.0000,0.657907,0.120154,413.74,324.23,0.9764,0.646468,0.675470
1786702497.077654,62.579576,1895,29.78,420.89,57.71,1.0000,0.657637,0.120237,413.81,324.50,0.9767,0.646572,0.676043
1786702497.107292,62.609213,1896,29.78,420.86,57.69,1.0000,0.657587,0.120185,413.82,324.44,0.9760,0.646598,0.675910
1786702497.139193,62.641114,1897,29.78,420.85,57.69,1.0000,0.657577,0.120189,413.84,324.51,0.9759,0.646630,0.676065
1786702497.179196,62.681118,1898,29.86,420.76,57.59,1.0000,0.657442,0.119979,413.84,324.36,0.9756,0.646620,0.675760
1786702497.194335,62.696256,1899,29.86,420.57,57.59,1.0000,0.657139,0.119984,413.90,324.36,0.9764,0.646720,0.675743
1786702497.257428,62.759350,1900,29.86,420.21,57.65,1.0000,0.656581,0.120101,413.91,324.43,0.9769,0.646734,0.675902
1786702497.272604,62.774525,1901,29.86,420.14,57.66,1.0000,0.656468,0.120135,413.92,324.37,0.9768,0.646747,0.675776
1786702497.288287,62.790209,1902,29.86,419.77,57.70,1.0000,0.655896,0.120212,413.93,324.37,0.9770,0.646772,0.675771
1786702497.360094,62.862016,1903,29.86,419.67,57.77,1.0000,0.655733,0.120350,413.96,324.37,0.9770,0.646808,0.675772
1786702497.379667,62.881588,1904,29.86,419.65,57.77,1.0000,0.655707,0.120363,413.94,324.55,0.9773,0.646785,0.676143
1786702497.408472,62.910394,1905,29.86,419.63,57.78,1.0000,0.655679,0.120366,413.91,324.60,0.9777,0.646728,0.676259
1786702497.445872,62.947793,1906,29.86,419.16,57.77,1.0000,0.654936,0.120350,413.92,324.16,0.9773,0.646753,0.675329
1786702497.478069,62.979991,1907,29.86,418.98,57.95,1.0000,0.654662,0.120732,413.93,324.16,0.9774,0.646764,0.675338
1786702497.509234,63.011155,1908,29.86,418.93,57.95,1.0000,0.654577,0.120730,413.93,324.16,0.9769,0.646771,0.675336
1786702497.543526,63.045448,1909,29.86,418.93,58.00,1.0000,0.654580,0.120838,413.87,324.09,0.9770,0.646672,0.675191
1786702497.589546,63.091468,1910,29.86,418.82,57.99,1.0000,0.654399,0.120822,413.85,324.11,0.9769,0.646640,0.675223
1786702497.621521,63.123443,1911,29.86,418.76,57.99,1.0000,0.654320,0.120811,413.86,324.13,0.9770,0.646654,0.675278
1786702497.653508,63.155430,1912,29.86,418.68,58.04,1.0000,0.654193,0.120911,413.87,324.21,0.9773,0.646674,0.675442
1786702497.676100,63.178021,1913,29.77,418.70,57.99,1.0000,0.654216,0.120818,413.87,324.23,0.9779,0.646670,0.675474
1786702497.708757,63.210679,1914,29.77,418.68,58.26,1.0000,0.654192,0.121370,413.86,324.32,0.9778,0.646650,0.675672
1786702497.750741,63.252663,1915,29.77,418.54,58.34,1.0000,0.653976,0.121536,413.95,324.61,0.9781,0.646793,0.676273
1786702497.779691,63.281613,1916,29.77,418.55,58.41,1.0000,0.653986,0.121693,413.94,324.62,0.9783,0.646784,0.676282
1786702497.795787,63.297709,1917,29.77,418.63,58.39,1.0000,0.654104,0.121642,413.85,324.62,0.9785,0.646647,0.676283
1786702497.835123,63.337045,1918,29.77,418.64,58.38,1.0000,0.654119,0.121624,413.86,324.68,0.9780,0.646649,0.676423
1786702497.891355,63.393276,1919,29.77,418.64,58.56,1.0000,0.654118,0.121990,413.87,324.77,0.9778,0.646676,0.676614
1786702497.907358,63.409280,1920,29.77,418.55,58.58,1.0000,0.653992,0.122033,413.89,324.85,0.9782,0.646699,0.676763
1786702497.947122,63.449044,1921,29.77,418.79,58.57,1.0000,0.654353,0.122014,413.91,324.69,0.9785,0.646742,0.676442
1786702497.961260,63.463181,1922,29.77,418.83,58.50,1.0000,0.654424,0.121871,413.92,324.37,0.9777,0.646752,0.675774
1786702498.003045,63.504966,1923,29.77,418.85,58.50,1.0000,0.654451,0.121877,413.79,324.63,0.9775,0.646551,0.676311
1786702498.019216,63.521137,1924,29.77,418.86,58.47,1.0000,0.654473,0.121813,413.83,324.62,0.9775,0.646611,0.676289
1786702498.053441,63.555362,1925,29.77,418.93,58.41,1.0000,0.654571,0.121682,413.84,324.58,0.9779,0.646632,0.676205
1786702498.109935,63.611856,1926,29.77,418.98,58.37,1.0000,0.654654,0.121613,413.85,324.90,0.9780,0.646636,0.676874
1786702498.135676,63.637598,1927,29.77,419.07,58.32,1.0000,0.654800,0.121497,413.84,324.90,0.9775,0.646625,0.676873
1786702498.172428,63.674350,1928,29.77,419.13,58.26,1.0000,0.654888,0.121377,413.70,324.85,0.9772,0.646399,0.676765
1786702498.202295,63.704216,1929,29.99,419.07,58.25,1.0000,0.654800,0.121349,413.73,324.86,0.9775,0.646457,0.676784
1786702498.228468,63.730390,1930,29.99,419.11,58.25,1.0000,0.654855,0.121346,413.69,324.76,0.9773,0.646398,0.676593
1786702498.260111,63.762033,1931,29.99,419.11,58.24,1.0000,0.654857,0.121343,413.71,324.74,0.9772,0.646428,0.676541
1786702498.299724,63.801646,1932,29.99,419.11,58.13,1.0000,0.654864,0.121099,413.60,324.73,0.9768,0.646243,0.676521
1786702498.328825,63.830747,1933,29.99,419.23,58.14,1.0000,0.655052,0.121131,413.59,324.75,0.9766,0.646236,0.676554
1786702498.378023,63.879945,1934,29.99,419.38,58.17,1.0000,0.655278,0.121189,413.66,324.79,0.9767,0.646336,0.676655
1786702498.416224,63.918146,1935,29.99,419.48,58.15,1.0000,0.655434,0.121144,413.66,324.77,0.9769,0.646339,0.676601
1786702498.445659,63.947581,1936,29.99,419.69,58.14,1.0000,0.655772,0.121135,413.75,324.74,0.9774,0.646487,0.676549
1786702498.460990,63.962911,1937,29.99,419.69,58.10,1.0000,0.655773,0.121052,413.74,324.39,0.9772,0.646466,0.675808
1786702498.495546,63.997468,1938,29.99,419.71,58.10,1.0000,0.655798,0.121043,413.76,324.31,0.9770,0.646493,0.675645
1786702498.524354,64.026276,1939,29.99,419.77,58.11,1.0000,0.655893,0.121069,413.72,324.06,0.9764,0.646440,0.675121
1786702498.556625,64.058546,1940,29.99,419.97,58.11,1.0000,0.656204,0.121060,413.69,324.12,0.9766,0.646384,0.675242
1786702498.590220,64.092142,1941,29.99,420.15,58.09,1.0000,0.656490,0.121029,413.77,324.02,0.9766,0.646508,0.675047
1786702498.632990,64.134911,1942,29.99,420.16,58.09,1.0000,0.656493,0.121025,413.75,324.02,0.9769,0.646483,0.675034
1786702498.665274,64.167196,1943,29.99,420.16,58.08,1.0000,0.656492,0.121009,413.72,324.03,0.9774,0.646440,0.675069
1786702498.699584,64.201505,1944,29.98,420.17,58.09,1.0000,0.656523,0.121015,413.69,324.07,0.9777,0.646398,0.675144
1786702498.736807,64.238729,1945,29.98,420.24,57.99,1.0000,0.656622,0.120820,413.67,324.22,0.9779,0.646354,0.675461
1786702498.766310,64.268231,1946,29.98,420.37,57.83,1.0000,0.656829,0.120476,413.70,324.21,0.9780,0.646400,0.675439
1786702498.792402,64.294324,1947,29.98,420.36,57.81,1.0000,0.656814,0.120436,413.67,324.15,0.9779,0.646367,0.675311
1786702498.835329,64.337251,1948,29.98,420.53,57.82,1.0000,0.657077,0.120449,413.68,324.17,0.9779,0.646372,0.675351
1786702498.857099,64.359021,1949,29.98,420.65,57.82,1.0000,0.657265,0.120449,413.72,324.34,0.9782,0.646444,0.675712
1786702498.894356,64.396278,1950,29.98,420.65,57.66,1.0000,0.657273,0.120132,413.77,324.53,0.9781,0.646516,0.676104
1786702498.939409,64.441330,1951,29.98,420.64,57.66,1.0000,0.657247,0.120118,413.78,324.86,0.9782,0.646539,0.676792
1786702498.958127,64.460048,1952,29.98,420.64,57.60,1.0000,0.657258,0.120000,413.82,324.91,0.9782,0.646586,0.676899
1786702499.014322,64.516244,1953,29.98,420.65,57.59,1.0000,0.657259,0.119983,413.80,324.90,0.9784,0.646570,0.676873
1786702499.048549,64.550470,1954,29.98,420.67,57.55,1.0000,0.657304,0.119901,413.80,324.76,0.9785,0.646568,0.676591
1786702499.063712,64.565634,1955,29.98,420.68,57.57,1.0000,0.657311,0.119942,413.85,324.76,0.9787,0.646635,0.676593
1786702499.084489,64.586411,1956,29.98,420.73,57.59,1.0000,0.657392,0.119972,413.83,324.72,0.9785,0.646616,0.676500
1786702499.131961,64.633883,1957,29.98,420.74,57.60,1.0000,0.657401,0.120005,413.83,324.60,0.9784,0.646610,0.676241
1786702499.163941,64.665863,1958,29.98,420.75,57.62,1.0000,0.657416,0.120044,413.84,324.54,0.9781,0.646618,0.676128
1786702499.179097,64.681019,1959,29.98,420.73,57.87,1.0000,0.657385,0.120555,413.81,324.55,0.9781,0.646575,0.676137
1786702499.229778,64.731699,1960,30.08,420.62,57.91,1.0000,0.657216,0.120647,413.79,324.65,0.9779,0.646543,0.676353
1786702499.264602,64.766523,1961,30.08,420.70,57.90,1.0000,0.657338,0.120634,413.80,324.69,0.9781,0.646560,0.676431
1786702499.291852,64.793774,1962,30.08,420.80,57.90,1.0000,0.657506,0.120627,413.83,324.73,0.9781,0.646606,0.676511
1786702499.328859,64.830781,1963,30.08,420.80,57.90,1.0000,0.657506,0.120619,413.86,324.74,0.9782,0.646654,0.676534
1786702499.388914,64.890836,1964,30.08,420.92,57.84,1.0000,0.657694,0.120495,413.86,324.87,0.9782,0.646650,0.676822
1786702499.409445,64.911367,1965,30.08,420.92,57.83,1.0000,0.657687,0.120475,413.82,324.82,0.9783,0.646600,0.676699
1786702499.434047,64.935969,1966,30.08,420.94,57.83,1.0000,0.657725,0.120471,413.83,324.87,0.9785,0.646609,0.676815
1786702499.489782,64.991703,1967,30.08,420.94,57.92,1.0000,0.657726,0.120658,413.79,324.63,0.9782,0.646550,0.676305
1786702499.506121,65.008042,1968,30.08,420.94,57.85,1.0000,0.657719,0.120512,413.82,324.66,0.9786,0.646586,0.676378
1786702499.546405,65.048327,1969,30.08,420.90,57.82,1.0000,0.657653,0.120464,413.87,324.72,0.9791,0.646676,0.676491
1786702499.576052,65.077973,1970,30.08,420.80,57.89,1.0000,0.657496,0.120597,413.87,324.70,0.9793,0.646678,0.676461
1786702499.593537,65.095459,1971,30.08,420.86,57.95,1.0000,0.657588,0.120733,413.69,324.71,0.9788,0.646389,0.676486
1786702499.637071,65.138993,1972,30.08,420.79,57.94,1.0000,0.657477,0.120706,413.68,324.56,0.9789,0.646372,0.676175
1786702499.677460,65.179382,1973,30.08,420.80,57.92,1.0000,0.657503,0.120660,413.65,324.57,0.9789,0.646327,0.676189
1786702499.708361,65.210283,1974,30.08,420.78,57.92,1.0000,0.657464,0.120660,413.67,324.56,0.9789,0.646353,0.676169
1786702499.743168,65.245090,1975,29.85,420.83,58.00,1.0000,0.657545,0.120843,413.68,324.50,0.9790,0.646372,0.676043
1786702499.788575,65.290497,1976,29.85,420.83,58.10,1.0000,0.657550,0.121046,413.68,324.55,0.9789,0.646379,0.676136
1786702499.818616,65.320538,1977,29.85,420.80,58.02,1.0000,0.657496,0.120882,413.69,324.67,0.9789,0.646386,0.676390
1786702499.845093,65.347014,1978,29.85,420.81,57.95,1.0000,0.657517,0.120739,413.71,324.65,0.9790,0.646428,0.676344
1786702499.876819,65.378741,1979,29.85,420.79,57.94,1.0000,0.657479,0.120718,413.82,324.70,0.9795,0.646591,0.676461
1786702499.914273,65.416195,1980,29.85,420.78,57.81,1.0000,0.657470,0.120438,413.88,324.84,0.9799,0.646683,0.676744
1786702499.934017,65.435939,1981,29.85,420.79,57.77,1.0000,0.657478,0.120362,413.90,324.82,0.9802,0.646717,0.676717
1786702499.972668,65.474590,1982,29.85,420.69,57.77,1.0000,0.657334,0.120348,413.96,324.78,0.9803,0.646814,0.676623
1786702500.005279,65.507201,1983,29.85,420.66,57.85,1.0000,0.657283,0.120517,413.95,324.78,0.9804,0.646795,0.676634
1786702500.042078,65.543999,1984,29.85,420.58,57.83,1.0000,0.657152,0.120475,413.95,324.77,0.9805,0.646789,0.676602
1786702500.074024,65.575945,1985,29.85,420.57,57.68,1.0000,0.657147,0.120159,413.91,324.79,0.9799,0.646731,0.676636
1786702500.116232,65.618153,1986,29.85,420.54,57.67,1.0000,0.657091,0.120152,413.82,324.63,0.9799,0.646596,0.676323
1786702500.139940,65.641861,1987,29.85,420.54,57.66,1.0000,0.657086,0.120134,413.82,324.60,0.9800,0.646598,0.676244
1786702500.174102,65.676024,1988,29.85,420.47,57.64,1.0000,0.656985,0.120082,413.75,324.19,0.9791,0.646489,0.675400
1786702500.227793,65.729714,1989,29.85,420.44,57.63,1.0000,0.656940,0.120058,413.75,324.50,0.9792,0.646486,0.676050
1786702500.243710,65.745632,1990,29.79,420.36,57.63,1.0000,0.656808,0.120054,413.83,324.49,0.9791,0.646607,0.676014
1786702500.264453,65.766375,1991,29.79,420.29,57.61,1.0000,0.656707,0.120027,413.83,324.29,0.9787,0.646606,0.675613
1786702500.307392,65.809314,1992,29.79,420.19,57.56,1.0000,0.656540,0.119924,413.85,324.27,0.9787,0.646635,0.675560
1786702500.355136,65.857058,1993,29.79,419.98,57.58,1.0000,0.656215,0.119968,413.89,324.30,0.9788,0.646697,0.675627
1786702500.370789,65.872711,1994,29.79,419.95,57.58,1.0000,0.656175,0.119966,413.88,324.48,0.9788,0.646683,0.676000
1786702500.405203,65.907125,1995,29.79,419.55,57.58,1.0000,0.655553,0.119959,413.88,324.52,0.9786,0.646681,0.676090
1786702500.429545,65.931467,1996,29.79,419.41,57.63,1.0000,0.655334,0.120058,413.89,324.52,0.9789,0.646702,0.676092
1786702500.476966,65.978888,1997,29.79,419.12,57.71,1.0000,0.654868,0.120239,413.93,324.51,0.9787,0.646764,0.676059
1786702500.513922,66.015844,1998,29.79,419.12,57.71,1.0000,0.654870,0.120229,413.94,324.57,0.9792,0.646782,0.676184
1786702500.529421,66.031343,1999,29.79,419.06,57.68,1.0000,0.654785,0.120170,413.95,324.58,0.9788,0.646795,0.676212
1786702500.574165,66.076087,2000,29.79,418.93,57.88,1.0000,0.654581,0.120584,413.95,324.60,0.9786,0.646799,0.676257
1786702500.596309,66.098231,2001,29.79,418.94,57.88,1.0000,0.654598,0.120588,413.95,324.61,0.9785,0.646794,0.676271
1786702500.669393,66.171314,2002,29.79,418.91,57.83,1.0000,0.654544,0.120481,413.99,324.61,0.9789,0.646856,0.676281
1786702500.709454,66.211376,2004,29.79,418.95,57.83,1.0000,0.654604,0.120478,413.98,324.56,0.9790,0.646843,0.676174
1786702500.735975,66.237897,2005,29.79,418.94,57.80,1.0000,0.654595,0.120427,413.94,324.57,0.9786,0.646779,0.676184
1786702500.773259,66.275181,2006,29.60,418.96,57.74,1.0000,0.654632,0.120283,413.96,324.53,0.9790,0.646806,0.676096
1786702500.804952,66.306874,2007,29.60,418.91,57.69,1.0000,0.654550,0.120192,413.90,324.52,0.9794,0.646724,0.676080
1786702500.835830,66.337752,2008,29.60,418.92,57.69,1.0000,0.654557,0.120196,413.86,324.71,0.9789,0.646659,0.676473
1786702500.884732,66.386654,2009,29.60,418.80,57.69,1.0000,0.654373,0.120186,413.86,324.68,0.9783,0.646660,0.676421
1786702500.910721,66.412643,2010,29.60,418.80,57.62,1.0000,0.654370,0.120042,413.88,324.80,0.9782,0.646682,0.676673
1786702500.926789,66.428710,2011,29.60,418.78,57.62,1.0000,0.654347,0.120038,413.94,324.81,0.9784,0.646784,0.676689
1786702500.975021,66.476943,2012,29.60,418.78,57.62,1.0000,0.654346,0.120044,413.92,324.79,0.9784,0.646753,0.676650
1786702501.022272,66.524194,2013,29.60,418.76,57.66,1.0000,0.654319,0.120124,413.81,324.84,0.9784,0.646575,0.676744
1786702501.038006,66.539927,2014,29.60,418.76,57.67,1.0000,0.654316,0.120136,413.74,324.79,0.9782,0.646465,0.676637
1786702501.077648,66.579570,2015,29.60,418.65,57.69,1.0000,0.654138,0.120177,413.76,324.82,0.9781,0.646500,0.676701
1786702501.106097,66.608019,2016,29.60,418.64,57.78,1.0000,0.654132,0.120384,413.76,324.58,0.9776,0.646506,0.676211
1786702501.164240,66.666162,2017,29.60,418.69,57.79,1.0000,0.654210,0.120399,413.79,324.66,0.9777,0.646553,0.676381
1786702501.187596,66.689518,2018,29.60,418.91,57.78,1.0000,0.654551,0.120367,413.81,324.66,0.9782,0.646581,0.676367
1786702501.207788,66.709710,2019,29.60,418.91,57.74,1.0000,0.654550,0.120293,413.83,324.47,0.9778,0.646612,0.675987
1786702501.240263,66.742184,2020,29.60,419.02,57.76,1.0000,0.654719,0.120337,413.86,324.47,0.9777,0.646651,0.675980
1786702501.272687,66.774609,2021,29.65,419.02,57.88,1.0000,0.654724,0.120577,413.82,324.48,0.9769,0.646599,0.676009
1786702501.310149,66.812071,2022,29.65,419.21,57.85,1.0000,0.655022,0.120517,413.80,324.67,0.9772,0.646569,0.676400
1786702501.346316,66.848238,2023,29.65,419.49,57.82,1.0000,0.655453,0.120465,413.80,324.45,0.9768,0.646570,0.675940
1786702501.380735,66.882656,2024,29.65,419.69,57.76,1.0000,0.655771,0.120325,413.81,324.41,0.9769,0.646584,0.675864
1786702501.415238,66.917160,2025,29.65,419.77,57.82,1.0000,0.655895,0.120449,413.83,324.41,0.9773,0.646605,0.675854
1786702501.444764,66.946686,2026,29.65,419.78,57.73,1.0000,0.655903,0.120276,413.82,324.24,0.9776,0.646593,0.675510
1786702501.473367,66.975289,2027,29.65,419.93,57.71,1.0000,0.656148,0.120237,413.84,324.11,0.9778,0.646629,0.675223
1786702501.501941,67.003863,2028,29.65,419.96,57.58,1.0000,0.656195,0.119967,413.68,324.01,0.9779,0.646373,0.675016
1786702501.539731,67.041652,2029,29.65,420.06,57.52,1.0000,0.656347,0.119829,413.68,323.81,0.9777,0.646369,0.674599
1786702501.576913,67.078835,2030,29.65,420.20,57.50,1.0000,0.656564,0.119800,413.70,323.52,0.9781,0.646411,0.674005
1786702501.610478,67.112400,2031,29.65,420.37,57.49,1.0000,0.656826,0.119765,413.72,323.46,0.9784,0.646435,0.673866
1786702501.639826,67.141747,2032,29.65,420.55,57.50,1.0000,0.657109,0.119782,413.71,323.55,0.9786,0.646427,0.674069
1786702501.681795,67.183717,2033,29.65,421.24,57.50,1.0000,0.658191,0.119784,413.82,323.15,0.9782,0.646597,0.673219
1786702501.703166,67.205088,2034,29.65,421.40,57.52,1.0000,0.658432,0.119841,413.87,323.21,0.9779,0.646666,0.673359
1786702501.737737,67.239659,2035,29.65,421.40,57.80,1.0000,0.658434,0.120407,413.89,323.31,0.9779,0.646700,0.673567
1786702501.766983,67.268905,2036,29.65,421.40,57.84,1.0000,0.658430,0.120496,413.96,323.46,0.9782,0.646805,0.673876
1786702501.786006,67.287928,2037,29.93,421.39,58.15,1.0000,0.658425,0.121152,413.89,323.45,0.9780,0.646709,0.673857
1786702501.833753,67.335675,2038,29.93,421.18,58.18,1.0000,0.658098,0.121206,414.04,323.43,0.9767,0.646945,0.673822
1786702501.865309,67.367230,2039,29.93,421.03,58.16,1.0000,0.657864,0.121159,414.10,323.43,0.9767,0.647025,0.673806
1786702501.949046,67.450968,2040,29.93,421.17,58.15,1.0000,0.658073,0.121153,414.05,323.39,0.9769,0.646949,0.673739
1786702501.963393,67.465315,2042,29.93,421.20,58.15,1.0000,0.658126,0.121152,414.04,323.39,0.9771,0.646936,0.673726
1786702502.019495,67.521416,2043,29.93,421.21,57.89,1.0000,0.658142,0.120614,414.21,323.49,0.9770,0.647209,0.673947
1786702502.043619,67.545541,2044,29.93,421.21,57.85,1.0000,0.658142,0.120526,414.21,323.54,0.9770,0.647206,0.674051
1786702502.075164,67.577085,2045,29.93,421.23,57.85,1.0000,0.658172,0.120524,414.16,323.62,0.9770,0.647118,0.674214
1786702502.109222,67.611144,2046,29.93,421.24,57.86,1.0000,0.658181,0.120534,414.16,323.67,0.9774,0.647126,0.674306
1786702502.141741,67.643663,2047,29.93,421.17,57.86,1.0000,0.658071,0.120537,414.17,323.51,0.9776,0.647148,0.673982
1786702502.176259,67.678181,2048,29.93,421.17,57.86,1.0000,0.658076,0.120537,414.22,323.41,0.9775,0.647226,0.673762
1786702502.210714,67.712635,2049,29.93,421.17,57.87,1.0000,0.658076,0.120562,414.31,323.37,0.9772,0.647352,0.673694
1786702502.231822,67.733743,2050,29.93,421.23,57.86,1.0000,0.658177,0.120535,414.23,323.53,0.9771,0.647230,0.674029
1786702502.274285,67.776207,2051,29.93,421.38,57.86,1.0000,0.658409,0.120547,414.20,323.72,0.9769,0.647185,0.674413
1786702502.295451,67.797372,2052,29.47,421.38,57.85,1.0000,0.658410,0.120526,414.27,323.63,0.9764,0.647294,0.674227
1786702502.326784,67.828706,2053,29.47,421.38,57.85,1.0000,0.658410,0.120526,414.11,323.60,0.9764,0.647052,0.674172
1786702502.377748,67.879670,2054,29.47,421.36,57.90,1.0000,0.658374,0.120623,414.18,323.64,0.9768,0.647164,0.674257
1786702502.405236,67.907158,2055,29.47,421.36,57.91,1.0000,0.658376,0.120651,414.21,323.67,0.9770,0.647210,0.674315
1786702502.421048,67.922970,2056,29.47,421.45,57.91,1.0000,0.658514,0.120652,414.27,323.51,0.9768,0.647291,0.673969
1786702502.471242,67.973164,2057,29.47,421.47,57.92,1.0000,0.658545,0.120670,414.18,323.55,0.9773,0.647155,0.674070
1786702502.487344,67.989266,2058,29.47,421.61,57.92,1.0000,0.658763,0.120671,414.18,323.59,0.9780,0.647155,0.674146
1786702502.543259,68.045181,2059,29.47,421.40,57.96,1.0000,0.658441,0.120744,414.22,323.65,0.9778,0.647224,0.674262
1786702502.561352,68.063273,2060,29.47,421.40,57.94,1.0000,0.658435,0.120713,414.21,323.66,0.9785,0.647209,0.674302
1786702502.596321,68.098243,2061,29.47,421.42,57.94,1.0000,0.658471,0.120718,414.00,323.84,0.9784,0.646873,0.674669
1786702502.638804,68.140726,2062,29.47,421.42,58.03,1.0000,0.658473,0.120892,414.12,323.80,0.9789,0.647065,0.674582
1786702502.680640,68.182562,2063,29.47,421.40,58.57,1.0000,0.658436,0.122020,414.28,323.53,0.9786,0.647307,0.674019
1786702502.696945,68.198867,2064,29.47,421.35,58.61,1.0000,0.658366,0.122109,414.26,323.50,0.9784,0.647276,0.673948
1786702502.730884,68.232806,2065,29.47,421.35,58.66,1.0000,0.658363,0.122209,414.25,323.46,0.9786,0.647272,0.673879
1786702502.763190,68.265111,2066,29.47,421.35,58.61,1.0000,0.658363,0.122107,414.23,323.73,0.9788,0.647236,0.674437
1786702502.805945,68.307867,2067,29.49,421.22,58.61,1.0000,0.658151,0.122106,414.10,324.15,0.9790,0.647027,0.675308
1786702502.843637,68.345559,2068,29.49,421.29,58.61,1.0000,0.658267,0.122106,414.05,324.18,0.9793,0.646953,0.675365
1786702502.879997,68.381918,2069,29.49,421.29,58.58,1.0000,0.658272,0.122043,414.04,324.23,0.9795,0.646939,0.675489
1786702502.905344,68.407265,2070,29.49,421.24,58.52,1.0000,0.658188,0.121908,414.01,324.20,0.9795,0.646894,0.675407
1786702502.941225,68.443147,2071,29.49,421.06,58.46,1.0000,0.657903,0.121795,414.02,324.25,0.9796,0.646911,0.675512
1786702503.008149,68.510071,2072,29.49,421.06,58.37,1.0000,0.657903,0.121594,414.04,324.32,0.9798,0.646935,0.675664
1786702503.022821,68.524743,2073,29.49,421.05,58.36,1.0000,0.657897,0.121591,414.06,324.33,0.9796,0.646976,0.675695
1786702503.051148,68.553070,2074,29.49,421.00,58.35,1.0000,0.657814,0.121554,414.07,324.55,0.9796,0.646991,0.676148
1786702503.076630,68.578552,2075,29.49,420.94,58.27,1.0000,0.657722,0.121392,414.08,324.56,0.9795,0.647007,0.676169
1786702503.135708,68.637630,2076,29.49,420.88,58.27,1.0000,0.657618,0.121402,414.05,324.60,0.9796,0.646950,0.676252
1786702503.150328,68.652250,2077,29.49,420.88,58.20,1.0000,0.657620,0.121254,414.05,324.59,0.9800,0.646956,0.676229
1786702503.178496,68.680417,2078,29.49,420.74,58.19,1.0000,0.657413,0.121224,414.03,324.46,0.9803,0.646924,0.675966
1786702503.233238,68.735160,2079,29.49,420.71,58.09,1.0000,0.657359,0.121012,414.02,324.39,0.9799,0.646900,0.675806
1786702503.235924,68.737846,2080,29.49,420.71,57.97,1.0000,0.657360,0.120780,414.01,324.41,0.9801,0.646895,0.675859
1786702503.277722,68.779644,2081,29.49,420.70,57.96,1.0000,0.657339,0.120741,414.09,324.42,0.9801,0.647009,0.675866
1786702503.293703,68.795625,2082,29.53,420.58,57.89,1.0000,0.657159,0.120594,414.08,324.26,0.9794,0.646995,0.675536
1786702503.346797,68.848718,2083,29.53,420.54,57.87,1.0000,0.657090,0.120554,414.08,324.22,0.9794,0.646999,0.675463
1786702503.372756,68.874678,2084,29.53,420.34,57.78,1.0000,0.656780,0.120384,414.07,323.95,0.9788,0.646992,0.674886
1786702503.409636,68.911558,2085,29.53,420.27,57.77,1.0000,0.656672,0.120346,414.07,323.96,0.9789,0.646990,0.674912
1786702503.439078,68.941000,2086,29.53,420.05,57.84,1.0000,0.656334,0.120503,414.08,324.00,0.9793,0.647005,0.674991
1786702503.476170,68.978091,2087,29.53,419.61,57.80,1.0000,0.655646,0.120424,414.05,323.98,0.9788,0.646955,0.674953
1786702503.517171,69.019093,2088,29.53,419.62,57.78,1.0000,0.655652,0.120381,414.01,324.09,0.9793,0.646893,0.675193
1786702503.548886,69.050808,2089,29.53,419.50,57.66,1.0000,0.655474,0.120119,414.01,323.59,0.9789,0.646886,0.674143
1786702503.582071,69.083993,2090,29.53,419.45,57.71,1.0000,0.655383,0.120236,413.89,323.64,0.9789,0.646708,0.674258
1786702503.601253,69.103175,2091,29.53,419.43,57.73,1.0000,0.655362,0.120273,413.91,323.69,0.9791,0.646739,0.674348
1786702503.656024,69.157945,2092,29.53,419.44,57.70,1.0000,0.655371,0.120208,413.99,323.82,0.9792,0.646867,0.674624
1786702503.677488,69.179410,2093,29.53,419.19,57.68,1.0000,0.654989,0.120161,414.09,323.68,0.9783,0.647023,0.674335
1786702503.722266,69.224188,2094,29.53,419.14,57.68,1.0000,0.654909,0.120167,414.13,323.63,0.9785,0.647075,0.674230
1786702503.753865,69.255787,2095,29.53,419.15,57.64,1.0000,0.654926,0.120087,414.14,323.63,0.9785,0.647088,0.674234
1786702503.786040,69.287961,2096,29.53,419.11,57.61,1.0000,0.654858,0.120018,414.08,323.53,0.9780,0.647006,0.674025
1786702503.804463,69.306384,2097,29.53,419.10,57.65,1.0000,0.654840,0.120108,413.98,323.54,0.9779,0.646838,0.674046
1786702503.843790,69.345711,2098,29.66,419.20,57.65,1.0000,0.654996,0.120104,413.88,324.35,0.9775,0.646691,0.675723
1786702503.880490,69.382411,2099,29.66,419.27,57.65,1.0000,0.655117,0.120096,413.91,324.18,0.9776,0.646736,0.675371
1786702503.896525,69.398447,2100,29.66,419.28,57.63,1.0000,0.655118,0.120067,413.82,324.25,0.9775,0.646596,0.675517
1786702503.944831,69.446753,2101,29.66,419.20,57.64,1.0000,0.655002,0.120075,413.84,324.19,0.9774,0.646625,0.675391
1786702503.976296,69.478218,2102,29.66,419.14,57.67,1.0000,0.654904,0.120148,413.98,324.19,0.9776,0.646842,0.675394
1786702504.008498,69.510419,2103,29.66,419.14,57.70,1.0000,0.654900,0.120198,413.98,324.09,0.9777,0.646848,0.675190
1786702504.056148,69.558069,2104,29.66,419.14,57.66,1.0000,0.654908,0.120135,414.04,324.05,0.9779,0.646941,0.675112
1786702504.087956,69.589878,2105,29.66,419.20,57.67,1.0000,0.655007,0.120144,414.05,324.06,0.9777,0.646955,0.675129
1786702504.103606,69.605528,2106,29.66,419.20,57.73,1.0000,0.655007,0.120263,414.10,324.11,0.9774,0.647034,0.675227
1786702504.143649,69.645571,2107,29.66,419.38,57.69,1.0000,0.655275,0.120178,414.12,323.81,0.9781,0.647064,0.674594
1786702504.179845,69.681767,2108,29.66,419.30,57.64,1.0000,0.655163,0.120073,414.14,323.64,0.9777,0.647094,0.674250
1786702504.216039,69.717961,2109,29.66,419.31,57.64,1.0000,0.655177,0.120090,414.12,323.86,0.9776,0.647057,0.674706
1786702504.231092,69.733014,2110,29.66,419.53,57.85,1.0000,0.655523,0.120515,414.06,324.04,0.9781,0.646969,0.675078
1786702504.275449,69.777371,2111,29.66,419.56,57.87,1.0000,0.655557,0.120567,414.03,323.68,0.9777,0.646921,0.674327
1786702504.304675,69.806597,2112,29.66,419.56,57.89,1.0000,0.655557,0.120609,414.03,323.70,0.9782,0.646923,0.674369
1786702504.339022,69.840944,2113,29.70,419.61,57.90,1.0000,0.655643,0.120619,414.01,323.83,0.9777,0.646885,0.674651
1786702504.370447,69.872369,2114,29.70,419.94,57.88,1.0000,0.656151,0.120587,413.99,323.73,0.9780,0.646854,0.674440
1786702504.407585,69.909507,2115,29.70,419.93,58.12,1.0000,0.656133,0.121076,414.04,323.74,0.9779,0.646944,0.674466
1786702504.444380,69.946301,2116,29.70,419.92,58.12,1.0000,0.656130,0.121083,414.05,323.79,0.9781,0.646948,0.674572
1786702504.476692,69.978613,2117,29.70,420.11,58.04,1.0000,0.656419,0.120914,414.09,323.75,0.9779,0.647015,0.674489
1786702504.521068,70.022990,2118,29.70,420.11,58.09,1.0000,0.656421,0.121030,414.17,323.50,0.9777,0.647134,0.673961
1786702504.548364,70.050286,2119,29.70,420.17,58.09,1.0000,0.656517,0.121030,414.17,323.48,0.9781,0.647135,0.673922
1786702504.568732,70.070654,2120,29.70,420.16,58.08,1.0000,0.656496,0.121008,414.15,323.49,0.9777,0.647103,0.673937
1786702504.623183,70.125104,2121,29.70,420.56,58.00,1.0000,0.657120,0.120842,414.14,323.70,0.9777,0.647099,0.674378
1786702504.639171,70.141092,2122,29.70,420.56,57.94,1.0000,0.657131,0.120699,414.13,323.69,0.9777,0.647078,0.674360
1786702504.670909,70.172831,2123,29.70,420.64,57.93,1.0000,0.657253,0.120698,414.12,323.83,0.9781,0.647065,0.674650
1786702504.702815,70.204736,2124,29.70,420.66,57.93,1.0000,0.657279,0.120686,414.16,323.88,0.9782,0.647123,0.674742
1786702504.747598,70.249520,2125,29.70,420.64,57.89,1.0000,0.657245,0.120610,414.19,324.00,0.9784,0.647174,0.675000
1786702504.770977,70.272899,2126,29.70,420.63,57.89,1.0000,0.657238,0.120604,414.21,324.00,0.9787,0.647207,0.675007
1786702504.803380,70.305301,2127,29.70,420.49,57.95,1.0000,0.657019,0.120724,414.24,323.99,0.9788,0.647256,0.674986
1786702504.848412,70.350334,2128,29.67,420.50,57.98,1.0000,0.657031,0.120782,414.37,324.27,0.9792,0.647451,0.675561
1786702504.877567,70.379489,2129,29.67,420.42,58.17,1.0000,0.656909,0.121178,414.37,324.30,0.9793,0.647455,0.675631
1786702504.911584,70.413506,2130,29.67,420.39,58.19,1.0000,0.656859,0.121235,414.37,324.30,0.9796,0.647458,0.675616
1786702504.941030,70.442952,2131,29.67,420.52,58.19,1.0000,0.657060,0.121228,414.37,324.39,0.9793,0.647455,0.675805
1786702504.988762,70.490683,2132,29.67,420.52,58.11,1.0000,0.657067,0.121054,414.37,324.04,0.9785,0.647451,0.675086
1786702505.015560,70.517482,2133,29.67,420.52,58.09,1.0000,0.657060,0.121023,414.36,324.06,0.9784,0.647444,0.675120
1786702505.041377,70.543298,2134,29.67,420.51,58.11,1.0000,0.657053,0.121059,414.33,324.10,0.9787,0.647384,0.675214
1786702505.078441,70.580363,2135,29.67,420.44,58.16,1.0000,0.656936,0.121159,414.19,324.09,0.9787,0.647166,0.675177
1786702505.114651,70.616572,2136,29.67,420.39,58.17,1.0000,0.656866,0.121186,414.13,324.09,0.9787,0.647085,0.675191
1786702505.146092,70.648014,2137,29.67,420.37,58.19,1.0000,0.656825,0.121231,414.13,324.07,0.9787,0.647085,0.675151
1786702505.189558,70.691479,2138,29.67,420.37,58.14,1.0000,0.656824,0.121121,414.09,324.13,0.9789,0.647018,0.675268
1786702505.216895,70.718817,2139,29.67,420.30,58.13,1.0000,0.656726,0.121111,414.05,324.11,0.9791,0.646959,0.675224
1786702505.231046,70.732968,2140,29.67,420.26,58.15,1.0000,0.656656,0.121155,414.00,324.10,0.9791,0.646869,0.675214
1786702505.286344,70.788266,2141,29.67,420.26,58.15,1.0000,0.656659,0.121141,413.98,324.27,0.9787,0.646848,0.675562
1786702505.307336,70.809258,2142,29.67,420.26,58.14,1.0000,0.656658,0.121128,414.03,324.33,0.9790,0.646924,0.675686
1786702505.341620,70.843542,2143,29.67,420.26,58.16,1.0000,0.656653,0.121162,414.06,324.34,0.9791,0.646962,0.675711
1786702505.386990,70.888912,2144,29.67,420.32,58.15,1.0000,0.656748,0.121144,414.06,324.30,0.9789,0.646962,0.675634
1786702505.416232,70.918154,2145,29.67,420.32,58.15,1.0000,0.656748,0.121137,414.04,324.32,0.9788,0.646940,0.675677
1786702505.439852,70.941773,2146,29.67,420.28,58.15,1.0000,0.656686,0.121137,414.10,324.26,0.9785,0.647033,0.675532
1786702505.485224,70.987145,2147,29.67,420.16,58.15,1.0000,0.656506,0.121145,414.11,324.32,0.9780,0.647048,0.675656
1786702505.511738,71.013659,2148,29.67,420.27,58.12,1.0000,0.656675,0.121074,414.11,324.23,0.9780,0.647043,0.675488
1786702505.527390,71.029312,2149,29.67,420.51,58.00,1.0000,0.657052,0.120836,414.15,324.26,0.9781,0.647104,0.675548
1786702505.569162,71.071084,2150,29.67,420.83,57.99,1.0000,0.657546,0.120805,414.14,324.26,0.9781,0.647088,0.675539
1786702505.609657,71.111579,2151,29.67,420.83,58.08,1.0000,0.657540,0.120993,414.14,324.24,0.9784,0.647094,0.675492
1786702505.648806,71.150728,2152,29.67,420.89,58.09,1.0000,0.657638,0.121019,414.08,324.24,0.9779,0.646999,0.675494
1786702505.679810,71.181732,2153,29.67,420.89,58.02,1.0000,0.657636,0.120870,414.06,324.18,0.9780,0.646973,0.675382
1786702505.716697,71.218618,2154,29.67,420.63,58.10,1.0000,0.657229,0.121047,414.06,324.15,0.9782,0.646963,0.675322
1786702505.744209,71.246130,2155,29.67,420.64,58.10,1.0000,0.657251,0.121042,414.08,324.13,0.9778,0.647007,0.675271
1786702505.807769,71.309691,2156,29.67,420.76,58.13,1.0000,0.657431,0.121107,414.18,324.11,0.9781,0.647159,0.675221
1786702505.823777,71.325698,2157,29.67,420.76,58.13,1.0000,0.657438,0.121100,414.18,324.22,0.9782,0.647159,0.675462
1786702505.859706,71.361628,2158,29.67,420.79,58.21,1.0000,0.657486,0.121261,414.19,324.24,0.9786,0.647172,0.675490
1786702505.875430,71.377352,2159,29.67,420.79,58.35,1.0000,0.657486,0.121554,414.17,324.13,0.9788,0.647147,0.675270
1786702505.915254,71.417176,2160,29.78,420.81,58.38,1.0000,0.657508,0.121624,414.16,323.79,0.9787,0.647121,0.674557
1786702505.946944,71.448866,2161,29.78,420.83,58.57,1.0000,0.657540,0.122028,414.13,323.77,0.9787,0.647084,0.674511
1786702505.978955,71.480876,2162,29.78,421.03,58.61,1.0000,0.657867,0.122109,413.97,323.68,0.9776,0.646827,0.674328
1786702506.010740,71.512661,2163,29.78,421.14,58.66,1.0000,0.658033,0.122203,413.79,323.69,0.9776,0.646553,0.674360
1786702506.037161,71.539083,2164,29.78,421.12,58.91,1.0000,0.657998,0.122720,413.80,323.73,0.9776,0.646570,0.674447
1786702506.079830,71.581751,2165,29.78,421.12,58.92,1.0000,0.657998,0.122756,413.81,323.59,0.9773,0.646572,0.674150
1786702506.114070,71.615991,2166,29.78,421.10,58.93,1.0000,0.657966,0.122770,413.93,323.66,0.9769,0.646773,0.674297
1786702506.153640,71.655562,2167,29.78,421.16,58.86,1.0000,0.658070,0.122618,414.02,323.73,0.9773,0.646900,0.674440
1786702506.163864,71.665786,2168,29.78,421.24,58.78,1.0000,0.658193,0.122468,414.02,324.07,0.9773,0.646902,0.675142
1786702506.212340,71.714261,2169,29.78,421.56,58.39,1.0000,0.658691,0.121636,414.06,324.15,0.9777,0.646964,0.675311
1786702506.241638,71.743560,2170,29.78,421.55,58.39,1.0000,0.658677,0.121645,414.01,324.15,0.9778,0.646897,0.675317
1786702506.295828,71.797750,2171,29.78,421.65,58.38,1.0000,0.658821,0.121627,413.88,324.50,0.9781,0.646684,0.676044
1786702506.307203,71.809124,2172,29.78,421.65,58.38,1.0000,0.658821,0.121632,413.87,324.51,0.9780,0.646676,0.676060
1786702506.337060,71.838982,2173,29.78,421.69,58.46,1.0000,0.658886,0.121794,413.88,324.51,0.9780,0.646693,0.676069
1786702506.377362,71.879284,2174,29.78,421.60,58.83,1.0000,0.658755,0.122565,413.90,324.51,0.9778,0.646714,0.676053
1786702506.408572,71.910494,2175,29.78,421.52,58.82,1.0000,0.658630,0.122547,413.91,324.40,0.9777,0.646727,0.675826
1786702506.437968,71.939890,2176,30.00,421.50,58.79,1.0000,0.658589,0.122475,414.01,324.38,0.9779,0.646894,0.675786
1786702506.480886,71.982808,2177,30.00,421.34,58.92,1.0000,0.658343,0.122753,414.09,324.41,0.9784,0.647012,0.675854
1786702506.495719,71.997641,2178,30.00,421.38,59.02,1.0000,0.658400,0.122948,414.09,324.38,0.9788,0.647009,0.675793
1786702506.556414,72.058335,2179,30.00,421.45,59.05,1.0000,0.658518,0.123019,414.13,324.34,0.9790,0.647081,0.675709
1786702506.581489,72.083411,2180,30.00,421.48,59.00,1.0000,0.658557,0.122910,414.12,324.32,0.9790,0.647063,0.675665
1786702506.613310,72.115232,2181,30.00,421.47,58.97,1.0000,0.658551,0.122851,414.14,324.25,0.9789,0.647092,0.675514
1786702506.651288,72.153210,2182,30.00,421.47,59.09,1.0000,0.658552,0.123102,414.00,324.24,0.9787,0.646880,0.675498
1786702506.668577,72.170499,2183,30.00,421.51,59.08,1.0000,0.658605,0.123085,414.03,324.26,0.9789,0.646919,0.675548
1786702506.698771,72.200692,2184,30.00,421.51,58.98,1.0000,0.658616,0.122884,414.03,324.21,0.9789,0.646926,0.675434
1786702506.741073,72.242995,2185,30.00,421.50,59.20,1.0000,0.658600,0.123342,414.09,324.02,0.9787,0.647019,0.675034
1786702506.773243,72.275165,2186,30.00,421.41,59.07,1.0000,0.658460,0.123068,414.09,324.01,0.9788,0.647016,0.675022
1786702506.828631,72.330553,2187,30.00,421.42,59.10,1.0000,0.658465,0.123129,414.13,324.11,0.9791,0.647082,0.675239
1786702506.843882,72.345803,2188,30.00,421.41,59.13,1.0000,0.658447,0.123188,414.12,324.11,0.9790,0.647058,0.675226
1786702506.871542,72.373464,2189,30.00,421.43,59.16,1.0000,0.658489,0.123249,414.12,324.08,0.9792,0.647057,0.675163
1786702506.911251,72.413172,2190,30.00,421.31,59.10,1.0000,0.658289,0.123120,414.13,324.14,0.9792,0.647078,0.675294
1786702506.940694,72.442616,2191,29.92,421.29,59.13,1.0000,0.658272,0.123191,414.02,324.19,0.9792,0.646901,0.675401
1786702506.974985,72.476907,2192,29.92,421.31,59.14,1.0000,0.658298,0.123198,413.96,324.16,0.9793,0.646810,0.675330
1786702507.009573,72.511495,2193,29.92,421.47,59.19,1.0000,0.658544,0.123308,413.89,323.90,0.9795,0.646711,0.674786
1786702507.068686,72.570608,2194,29.92,421.50,59.19,1.0000,0.658596,0.123305,413.90,323.74,0.9791,0.646721,0.674455
1786702507.083319,72.585241,2195,29.92,421.53,59.22,1.0000,0.658636,0.123379,413.86,323.77,0.9794,0.646653,0.674516
1786702507.106472,72.608393,2196,29.92,421.55,59.23,1.0000,0.658666,0.123396,413.81,323.82,0.9791,0.646579,0.674626
1786702507.143318,72.645240,2197,29.92,421.56,58.99,1.0000,0.658688,0.122895,413.77,324.12,0.9791,0.646522,0.675258
1786702507.177433,72.679354,2198,29.92,421.53,58.91,1.0000,0.658644,0.122730,413.68,324.11,0.9789,0.646381,0.675237
1786702507.211980,72.713902,2199,29.92,421.48,58.74,1.0000,0.658564,0.122367,413.69,324.11,0.9791,0.646388,0.675236
1786702507.243420,72.745342,2200,29.92,421.54,58.67,1.0000,0.658653,0.122237,413.69,324.17,0.9791,0.646391,0.675349
1786702507.277828,72.779749,2201,29.92,421.54,58.64,1.0000,0.658652,0.122177,413.71,324.17,0.9792,0.646416,0.675358
1786702507.306853,72.808775,2202,29.92,421.54,58.53,1.0000,0.658661,0.121930,413.68,324.15,0.9794,0.646369,0.675322
1786702507.341902,72.843823,2203,29.92,421.50,58.50,1.0000,0.658596,0.121883,413.66,324.26,0.9799,0.646342,0.675534
1786702507.373816,72.875737,2204,29.92,421.53,58.46,1.0000,0.658644,0.121794,413.67,324.08,0.9800,0.646353,0.675177
1786702507.416206,72.918128,2205,29.92,421.58,58.30,1.0000,0.658724,0.121460,413.67,324.09,0.9804,0.646363,0.675194
1786702507.445197,72.947119,2206,29.88,421.57,58.20,1.0000,0.658696,0.121254,413.68,324.13,0.9806,0.646381,0.675263
1786702507.461215,72.963137,2207,29.88,421.62,58.08,1.0000,0.658779,0.121007,413.67,324.15,0.9806,0.646366,0.675319
1786702507.508830,73.010751,2208,29.88,421.50,58.08,1.0000,0.658586,0.120991,413.68,324.21,0.9808,0.646374,0.675439
1786702507.546080,73.048001,2209,29.88,421.49,58.07,1.0000,0.658576,0.120987,413.74,324.31,0.9808,0.646469,0.675642
1786702507.575762,73.077684,2210,29.88,421.57,58.02,1.0000,0.658702,0.120877,413.74,324.13,0.9809,0.646467,0.675277
1786702507.612054,73.113976,2211,29.88,421.57,57.99,1.0000,0.658708,0.120812,413.82,324.18,0.9810,0.646587,0.675369
1786702507.649311,73.151232,2212,29.88,421.61,57.87,1.0000,0.658760,0.120562,413.87,324.11,0.9811,0.646665,0.675233
1786702507.684141,73.186063,2213,29.88,421.64,57.87,1.0000,0.658820,0.120557,413.87,324.19,0.9806,0.646665,0.675405
1786702507.699582,73.201504,2214,29.88,421.68,58.14,1.0000,0.658878,0.121118,413.80,324.19,0.9806,0.646570,0.675391
1786702507.731248,73.233170,2215,29.88,421.63,58.29,1.0000,0.658790,0.121446,413.91,324.19,0.9807,0.646735,0.675391
1786702507.775992,73.277914,2216,29.88,421.55,58.35,1.0000,0.658679,0.121565,414.07,324.05,0.9808,0.646978,0.675094
1786702507.798088,73.300009,2217,29.88,421.59,58.38,1.0000,0.658733,0.121633,414.08,324.06,0.9808,0.646997,0.675131
1786702507.836741,73.338663,2218,29.88,421.56,58.49,1.0000,0.658688,0.121863,414.13,324.12,0.9809,0.647082,0.675246
1786702507.871783,73.373705,2219,29.88,421.52,58.80,1.0000,0.658627,0.122492,414.12,323.81,0.9808,0.647068,0.674597
1786702507.920214,73.422135,2220,29.88,421.56,58.89,1.0000,0.658689,0.122696,414.12,323.69,0.9809,0.647067,0.674354
1786702507.949142,73.451063,2221,29.88,421.43,58.91,1.0000,0.658490,0.122732,414.11,323.78,0.9809,0.647053,0.674549
1786702507.981328,73.483249,2222,29.98,421.43,59.01,1.0000,0.658481,0.122941,414.08,323.79,0.9804,0.646999,0.674569
1786702508.007803,73.509725,2223,29.98,421.46,59.03,1.0000,0.658537,0.122969,413.99,323.90,0.9804,0.646863,0.674790
1786702508.042068,73.543989,2224,29.98,421.48,59.02,1.0000,0.658569,0.122965,413.96,323.89,0.9801,0.646818,0.674766
1786702508.076619,73.578541,2225,29.98,421.54,59.02,1.0000,0.658656,0.122965,413.86,323.89,0.9799,0.646658,0.674776
1786702508.100941,73.602862,2226,29.98,421.52,59.02,1.0000,0.658632,0.122966,413.86,323.89,0.9798,0.646659,0.674773
1786702508.140379,73.642301,2227,29.98,421.57,59.01,1.0000,0.658702,0.122938,413.77,324.01,0.9797,0.646519,0.675024
1786702508.185977,73.687899,2228,29.98,421.77,58.92,1.0000,0.659019,0.122747,413.71,323.97,0.9795,0.646427,0.674931
1786702508.223743,73.725665,2229,29.98,421.63,58.75,1.0000,0.658792,0.122390,413.71,323.95,0.9796,0.646422,0.674893
1786702508.239977,73.741899,2230,29.98,421.66,58.70,1.0000,0.658847,0.122282,413.73,323.89,0.9796,0.646451,0.674765
1786702508.285019,73.786941,2231,29.98,421.76,58.58,1.0000,0.659000,0.122046,413.74,323.90,0.9798,0.646472,0.674794
1786702508.316041,73.817963,2232,29.98,421.78,58.56,1.0000,0.659033,0.122008,413.80,323.86,0.9797,0.646558,0.674699
1786702508.360808,73.862730,2233,29.98,421.75,58.59,1.0000,0.658979,0.122054,413.85,323.89,0.9796,0.646642,0.674762
1786702508.384343,73.886264,2234,29.98,421.74,58.59,1.0000,0.658967,0.122053,413.92,323.90,0.9798,0.646749,0.674798
1786702508.411630,73.913552,2235,29.98,421.74,58.57,1.0000,0.658973,0.122018,413.95,323.92,0.9799,0.646792,0.674826
1786702508.442380,73.944302,2236,29.98,421.72,58.55,1.0000,0.658940,0.121987,413.96,323.87,0.9798,0.646809,0.674723
1786702508.479651,73.981573,2237,29.92,421.72,58.58,1.0000,0.658942,0.122035,413.96,323.86,0.9799,0.646808,0.674718
1786702508.499193,74.001115,2238,29.92,421.72,58.58,1.0000,0.658936,0.122037,413.92,323.93,0.9801,0.646753,0.674848
1786702508.549302,74.051224,2239,29.92,421.83,58.58,1.0000,0.659116,0.122041,413.98,323.99,0.9800,0.646838,0.674977
1786702508.571351,74.073272,2240,29.92,421.77,58.49,1.0000,0.659019,0.121863,414.02,323.96,0.9800,0.646907,0.674910
1786702508.604808,74.106730,2241,29.92,421.65,58.55,1.0000,0.658826,0.121982,414.03,324.01,0.9799,0.646922,0.675025
1786702508.650024,74.151946,2242,29.92,421.45,58.58,1.0000,0.658517,0.122032,414.02,323.98,0.9797,0.646908,0.674966
1786702508.671470,74.173392,2243,29.92,421.46,58.57,1.0000,0.658526,0.122015,414.00,324.01,0.9800,0.646880,0.675025
1786702508.718882,74.220804,2244,29.92,421.46,58.56,1.0000,0.658536,0.122008,414.06,324.00,0.9801,0.646962,0.674993
1786702508.734187,74.236109,2245,29.92,421.61,58.53,1.0000,0.658764,0.121933,413.99,323.97,0.9801,0.646864,0.674934
1786702508.779194,74.281116,2246,29.92,421.61,58.49,1.0000,0.658764,0.121859,414.01,324.02,0.9802,0.646883,0.675051
1786702508.803030,74.304952,2247,29.92,421.85,58.51,1.0000,0.659140,0.121896,414.01,323.97,0.9806,0.646897,0.674945
1786702508.845070,74.346992,2248,29.92,421.77,58.48,1.0000,0.659018,0.121825,414.02,323.94,0.9801,0.646904,0.674884
1786702508.882199,74.384121,2249,29.92,421.75,58.44,1.0000,0.658978,0.121741,414.02,323.82,0.9798,0.646905,0.674634
1786702508.908799,74.410721,2250,29.92,421.61,58.42,1.0000,0.658768,0.121699,414.00,323.78,0.9796,0.646872,0.674547
1786702508.948643,74.450565,2251,29.92,421.61,58.45,1.0000,0.658761,0.121781,414.12,323.75,0.9797,0.647057,0.674484
1786702508.980258,74.482180,2252,29.92,421.59,58.29,1.0000,0.658728,0.121439,414.13,323.72,0.9794,0.647072,0.674425
1786702509.009216,74.511137,2253,29.99,421.64,58.27,1.0000,0.658805,0.121397,414.14,323.73,0.9792,0.647092,0.674448
1786702509.044233,74.546154,2254,29.99,421.76,58.25,1.0000,0.659000,0.121351,414.14,323.72,0.9792,0.647094,0.674408
1786702509.078538,74.580460,2255,29.99,421.83,58.20,1.0000,0.659104,0.121250,414.08,323.80,0.9793,0.646993,0.674580
1786702509.110028,74.611950,2256,29.99,421.87,57.99,1.0000,0.659166,0.120811,414.08,323.86,0.9790,0.646999,0.674699
1786702509.144309,74.646230,2257,29.99,421.86,57.99,1.0000,0.659160,0.120809,414.07,323.96,0.9788,0.646979,0.674919
1786702509.184036,74.685958,2258,29.99,421.61,57.98,1.0000,0.658771,0.120791,414.25,323.83,0.9789,0.647260,0.674653
1786702509.215969,74.717891,2259,29.99,421.70,57.99,1.0000,0.658900,0.120806,414.23,323.85,0.9792,0.647233,0.674685
1786702509.255391,74.757313,2260,29.99,421.74,57.98,1.0000,0.658976,0.120788,414.18,323.89,0.9789,0.647158,0.674777
1786702509.276493,74.778414,2261,29.99,421.75,58.02,1.0000,0.658979,0.120878,414.26,324.00,0.9790,0.647274,0.675001
1786702509.311579,74.813501,2262,29.99,421.62,58.21,1.0000,0.658783,0.121267,414.31,324.05,0.9792,0.647360,0.675108
1786702509.343260,74.845182,2263,29.99,421.68,58.23,1.0000,0.658876,0.121310,414.30,324.11,0.9790,0.647337,0.675229
1786702509.382370,74.884291,2264,29.99,421.87,58.31,1.0000,0.659174,0.121481,414.30,324.14,0.9788,0.647337,0.675282
1786702509.412153,74.914075,2265,29.99,421.69,58.35,1.0000,0.658894,0.121569,414.30,324.22,0.9786,0.647338,0.675450
1786702509.440453,74.942375,2266,29.99,421.65,58.37,1.0000,0.658820,0.121611,414.31,324.08,0.9787,0.647367,0.675177
1786702509.486904,74.988826,2267,29.99,421.99,58.37,1.0000,0.659352,0.121614,414.21,324.29,0.9786,0.647200,0.675600
1786702509.521134,75.023056,2268,29.90,422.05,58.36,1.0000,0.659452,0.121574,414.19,324.33,0.9786,0.647172,0.675680
1786702509.541790,75.043712,2269,29.90,422.03,58.38,1.0000,0.659420,0.121634,414.22,324.23,0.9788,0.647225,0.675488
1786702509.589611,75.091532,2270,29.90,421.78,58.40,1.0000,0.659027,0.121663,414.25,324.14,0.9786,0.647263,0.675301
1786702509.629941,75.131863,2271,29.90,421.81,58.58,1.0000,0.659073,0.122047,414.23,324.14,0.9784,0.647240,0.675285
1786702509.646196,75.148118,2272,29.90,421.73,58.58,1.0000,0.658960,0.122037,414.29,323.96,0.9784,0.647331,0.674915
1786702509.685806,75.187728,2273,29.90,421.53,58.57,1.0000,0.658634,0.122013,414.32,323.88,0.9782,0.647375,0.674740
1786702509.709092,75.211013,2274,29.90,421.47,58.58,1.0000,0.658551,0.122040,414.32,323.92,0.9785,0.647372,0.674827
1786702509.757160,75.259082,2275,29.90,421.59,58.58,1.0000,0.658731,0.122042,414.31,323.81,0.9786,0.647362,0.674597
1786702509.786030,75.287952,2276,29.90,421.48,58.64,1.0000,0.658564,0.122160,414.34,323.47,0.9783,0.647405,0.673896
1786702509.823282,75.325204,2277,29.90,421.46,58.59,1.0000,0.658535,0.122062,414.29,323.73,0.9787,0.647323,0.674446
1786702509.835520,75.337441,2278,29.90,421.55,58.58,1.0000,0.658671,0.122046,414.26,323.82,0.9788,0.647289,0.674620
1786702509.887229,75.389151,2279,29.90,421.51,58.58,1.0000,0.658608,0.122048,414.25,323.85,0.9789,0.647267,0.674687
1786702509.924853,75.426775,2280,29.90,421.43,58.83,1.0000,0.658485,0.122572,414.15,323.18,0.9788,0.647112,0.673283
1786702509.927443,75.429365,2281,29.90,421.47,58.84,1.0000,0.658547,0.122574,414.20,323.24,0.9791,0.647181,0.673421
1786702509.989096,75.491017,2282,29.90,421.55,58.86,1.0000,0.658676,0.122620,414.24,323.34,0.9791,0.647254,0.673630
1786702510.018923,75.520845,2283,29.86,421.48,58.86,1.0000,0.658560,0.122631,414.23,323.34,0.9791,0.647233,0.673628
1786702510.044613,75.546535,2284,29.86,421.49,58.86,1.0000,0.658576,0.122631,414.25,323.34,0.9793,0.647267,0.673634
1786702510.076833,75.578755,2285,29.86,421.45,58.89,1.0000,0.658520,0.122687,414.25,323.33,0.9797,0.647268,0.673603
1786702510.114122,75.616044,2286,29.86,421.45,59.07,1.0000,0.658522,0.123068,414.19,323.38,0.9796,0.647180,0.673706
1786702510.143033,75.644954,2287,29.86,421.53,59.00,1.0000,0.658641,0.122922,414.17,323.38,0.9794,0.647139,0.673702
1786702510.180064,75.681986,2288,29.86,421.47,58.92,1.0000,0.658549,0.122754,414.13,323.38,0.9792,0.647079,0.673713
1786702510.203792,75.705714,2289,29.86,421.48,58.73,1.0000,0.658560,0.122363,414.02,323.74,0.9788,0.646912,0.674467
1786702510.246780,75.748701,2290,29.86,421.62,58.64,1.0000,0.658778,0.122170,413.95,323.80,0.9789,0.646799,0.674578
1786702510.270485,75.772407,2291,29.86,421.62,58.62,1.0000,0.658780,0.122132,413.88,323.77,0.9785,0.646682,0.674511
1786702510.313262,75.815184,2292,29.86,421.70,58.49,1.0000,0.658908,0.121849,413.90,323.80,0.9783,0.646714,0.674582
1786702510.326532,75.828454,2293,29.86,421.84,58.20,1.0000,0.659127,0.121258,413.90,323.84,0.9784,0.646713,0.674660
1786702510.371103,75.873025,2294,29.86,421.83,58.20,1.0000,0.659115,0.121258,413.94,323.81,0.9786,0.646780,0.674607
1786702510.405952,75.907874,2295,29.86,421.91,58.21,1.0000,0.659232,0.121270,413.93,323.77,0.9782,0.646761,0.674520
1786702510.440519,75.942441,2296,29.86,421.93,58.22,1.0000,0.659259,0.121288,413.94,323.76,0.9788,0.646788,0.674502
1786702510.474265,75.976187,2297,29.86,421.82,58.33,1.0000,0.659100,0.121514,413.94,323.78,0.9787,0.646783,0.674537
1786702510.506204,76.008126,2298,29.86,421.91,58.32,1.0000,0.659240,0.121506,413.97,323.78,0.9784,0.646827,0.674550
1786702510.543552,76.045474,2299,29.96,421.86,58.46,1.0000,0.659160,0.121784,413.95,324.15,0.9786,0.646801,0.675319
1786702510.573638,76.075560,2300,29.96,421.53,58.59,1.0000,0.658643,0.122061,414.04,324.14,0.9790,0.646933,0.675295
1786702510.615519,76.117440,2301,29.96,421.54,58.58,1.0000,0.658657,0.122048,414.09,323.96,0.9791,0.647016,0.674910
1786702510.641745,76.143667,2302,29.96,421.73,58.58,1.0000,0.658946,0.122032,414.08,323.99,0.9789,0.646998,0.674982
1786702510.675869,76.177791,2303,29.96,421.93,58.55,1.0000,0.659266,0.121969,414.13,324.11,0.9790,0.647077,0.675228
1786702510.701543,76.203465,2304,29.96,422.15,58.53,1.0000,0.659612,0.121944,414.13,324.11,0.9791,0.647086,0.675230
1786702510.741020,76.242942,2305,29.96,422.16,58.28,1.0000,0.659622,0.121419,414.09,324.14,0.9787,0.647013,0.675282
1786702510.780478,76.282400,2306,29.96,422.22,58.24,1.0000,0.659717,0.121335,414.03,324.17,0.9790,0.646926,0.675356
1786702510.812383,76.314304,2307,29.96,422.29,58.24,1.0000,0.659833,0.121334,414.03,324.11,0.9785,0.646928,0.675238
1786702510.844195,76.346117,2308,29.96,422.20,58.34,1.0000,0.659686,0.121547,413.94,324.10,0.9787,0.646776,0.675216
1786702510.905004,76.406926,2309,29.96,422.20,58.42,1.0000,0.659690,0.121703,413.94,324.15,0.9785,0.646781,0.675312
1786702510.918639,76.420561,2310,29.96,422.31,58.40,1.0000,0.659856,0.121661,413.96,324.17,0.9786,0.646818,0.675345
1786702510.950311,76.452232,2311,29.96,422.33,58.40,1.0000,0.659897,0.121661,413.87,324.31,0.9788,0.646669,0.675642
1786702510.979203,76.481124,2312,29.96,422.37,58.41,1.0000,0.659945,0.121698,413.94,324.31,0.9792,0.646789,0.675642
1786702511.006234,76.508156,2313,29.96,422.40,58.32,1.0000,0.660002,0.121491,413.95,324.28,0.9793,0.646800,0.675589
1786702511.040151,76.542073,2314,29.96,422.40,58.12,1.0000,0.660003,0.121084,413.99,324.28,0.9796,0.646859,0.675577
1786702511.071887,76.573808,2315,30.06,422.38,57.97,1.0000,0.659970,0.120776,414.19,324.03,0.9786,0.647176,0.675060
1786702511.106870,76.608792,2316,30.06,422.38,57.88,1.0000,0.659966,0.120588,414.19,324.01,0.9784,0.647174,0.675026
1786702511.150027,76.651949,2317,30.06,422.46,57.78,1.0000,0.660086,0.120367,414.06,324.14,0.9785,0.646963,0.675286
1786702511.175197,76.677119,2318,30.06,422.48,57.75,1.0000,0.660122,0.120322,413.88,324.18,0.9791,0.646681,0.675379
1786702511.218057,76.719979,2319,30.06,422.47,57.75,1.0000,0.660113,0.120313,413.91,324.18,0.9792,0.646741,0.675373
1786702511.246656,76.748577,2320,30.06,422.46,57.72,1.0000,0.660101,0.120250,413.92,324.20,0.9787,0.646755,0.675422
1786702511.278902,76.780824,2321,30.06,423.05,57.64,1.0000,0.661021,0.120089,413.90,324.23,0.9790,0.646725,0.675487
1786702511.321683,76.823605,2322,30.06,423.05,57.72,1.0000,0.661016,0.120259,413.85,323.87,0.9789,0.646643,0.674732
1786702511.345199,76.847121,2323,30.06,422.98,57.74,1.0000,0.660905,0.120294,413.87,323.93,0.9787,0.646678,0.674850
1786702511.376921,76.878843,2324,30.06,422.98,57.80,1.0000,0.660902,0.120416,413.86,323.93,0.9790,0.646652,0.674857
1786702511.406184,76.908106,2325,30.06,422.99,57.80,1.0000,0.660919,0.120414,413.89,324.10,0.9789,0.646696,0.675212
1786702511.440656,76.942578,2326,30.06,423.01,57.80,1.0000,0.660955,0.120425,413.93,324.13,0.9791,0.646760,0.675279
1786702511.480551,76.982473,2327,30.06,423.00,57.84,1.0000,0.660937,0.120501,413.97,324.20,0.9791,0.646834,0.675408
1786702511.567591,77.069513,2329,29.24,423.74,57.88,1.0000,0.662089,0.120588,413.95,324.33,0.9793,0.646797,0.675688
1786702511.580510,77.082431,2330,29.24,423.79,57.87,1.0000,0.662179,0.120568,413.99,324.25,0.9794,0.646866,0.675520
1786702511.604412,77.106333,2331,29.24,423.71,57.87,1.0000,0.662049,0.120569,414.00,324.17,0.9794,0.646873,0.675352
1786702511.652339,77.154261,2332,29.24,423.69,57.86,1.0000,0.662017,0.120539,414.02,324.24,0.9794,0.646899,0.675504
1786702511.689154,77.191076,2333,29.24,423.67,57.89,1.0000,0.661987,0.120605,414.00,324.31,0.9796,0.646869,0.675644
1786702511.720646,77.222568,2334,29.24,423.78,57.90,1.0000,0.662157,0.120617,414.01,324.23,0.9800,0.646888,0.675479
1786702511.742207,77.244128,2335,29.24,423.82,58.01,1.0000,0.662224,0.120849,414.01,324.32,0.9802,0.646886,0.675673
1786702511.779618,77.281539,2336,29.24,423.80,58.01,1.0000,0.662188,0.120850,414.03,324.34,0.9802,0.646919,0.675700
1786702511.811580,77.313502,2337,29.24,423.86,58.05,1.0000,0.662274,0.120945,414.02,324.38,0.9801,0.646912,0.675794
1786702511.845669,77.347590,2338,29.24,423.85,58.07,1.0000,0.662272,0.120977,413.97,324.38,0.9800,0.646831,0.675786
1786702511.874358,77.376279,2339,29.24,423.77,58.09,1.0000,0.662139,0.121023,414.05,324.27,0.9796,0.646961,0.675568
1786702511.919433,77.421354,2340,29.24,423.79,58.13,1.0000,0.662171,0.121099,413.97,324.69,0.9799,0.646821,0.676439
1786702511.941903,77.443824,2341,29.24,423.82,58.16,1.0000,0.662226,0.121161,413.95,324.87,0.9802,0.646802,0.676806
1786702511.980894,77.482815,2342,29.24,424.13,58.16,1.0000,0.662700,0.121165,413.94,324.63,0.9804,0.646774,0.676315
1786702512.020919,77.522841,2343,29.24,424.12,57.90,1.0000,0.662680,0.120625,413.89,324.60,0.9800,0.646702,0.676245
1786702512.046652,77.548574,2344,29.24,424.07,57.90,1.0000,0.662603,0.120627,413.89,324.55,0.9791,0.646701,0.676139
1786702512.075831,77.577753,2345,29.24,424.34,57.82,1.0000,0.663036,0.120454,413.86,324.55,0.9795,0.646649,0.676148
1786702512.099457,77.601379,2346,29.94,424.34,57.78,1.0000,0.663032,0.120372,413.85,324.58,0.9798,0.646636,0.676217
1786702512.142322,77.644243,2347,29.94,424.40,57.74,1.0000,0.663127,0.120282,413.95,324.58,0.9799,0.646802,0.676217
1786702512.192368,77.694290,2348,29.94,425.25,57.74,1.0000,0.664458,0.120297,413.96,324.60,0.9800,0.646805,0.676252
1786702512.218215,77.720136,2349,29.94,425.24,57.74,1.0000,0.664442,0.120286,413.97,324.59,0.9791,0.646823,0.676223
1786702512.247004,77.748925,2350,29.94,425.86,57.72,1.0000,0.665405,0.120247,413.92,324.54,0.9793,0.646742,0.676127
1786702512.262642,77.764564,2351,29.94,425.85,57.61,1.0000,0.665387,0.120013,413.92,324.45,0.9790,0.646751,0.675930
1786702512.309701,77.811623,2352,29.94,425.85,57.86,1.0000,0.665386,0.120551,413.92,324.45,0.9789,0.646750,0.675941
1786702512.363213,77.865134,2353,29.94,425.82,57.87,1.0000,0.665347,0.120559,413.96,324.43,0.9790,0.646817,0.675897
1786702512.375655,77.877577,2354,29.94,425.80,57.87,1.0000,0.665316,0.120559,413.77,324.15,0.9775,0.646511,0.675323
1786702512.399915,77.901836,2355,29.94,425.82,57.87,1.0000,0.665337,0.120558,413.81,324.09,0.9776,0.646573,0.675182
1786702512.447816,77.949737,2356,29.94,425.98,57.87,1.0000,0.665593,0.120559,413.86,324.12,0.9779,0.646651,0.675259
1786702512.470931,77.972853,2357,29.94,426.11,57.87,1.0000,0.665800,0.120553,413.92,324.15,0.9784,0.646757,0.675320
1786702512.509775,78.011696,2358,29.94,426.20,57.87,1.0000,0.665938,0.120555,414.05,324.27,0.9786,0.646958,0.675559
1786702512.569689,78.071610,2359,29.94,426.20,57.92,1.0000,0.665932,0.120673,414.03,324.32,0.9788,0.646920,0.675665
1786702512.579313,78.081234,2360,29.94,426.31,57.92,1.0000,0.666105,0.120668,414.03,324.33,0.9778,0.646921,0.675679
1786702512.608988,78.110909,2361,29.76,426.48,57.82,1.0000,0.666370,0.120455,414.00,324.53,0.9773,0.646872,0.676101
1786702512.654811,78.156732,2362,29.76,426.75,57.83,1.0000,0.666804,0.120487,413.95,324.48,0.9773,0.646795,0.676010
1786702512.669842,78.171764,2363,29.76,427.05,57.83,1.0000,0.667267,0.120487,413.96,324.49,0.9776,0.646811,0.676029
1786702512.704395,78.206317,2364,29.76,427.12,57.86,1.0000,0.667380,0.120536,413.96,324.48,0.9780,0.646816,0.675996
1786702512.741193,78.243115,2365,29.76,427.13,57.86,1.0000,0.667385,0.120540,413.92,324.39,0.9774,0.646747,0.675821
1786702512.777946,78.279867,2366,29.76,427.25,57.94,1.0000,0.667576,0.120702,413.85,324.43,0.9777,0.646639,0.675895
1786702512.815323,78.317245,2367,29.76,427.25,57.94,1.0000,0.667583,0.120708,413.78,324.32,0.9775,0.646531,0.675667
1786702512.828755,78.330677,2368,29.76,427.32,57.94,1.0000,0.667692,0.120716,413.84,324.28,0.9775,0.646617,0.675589
1786702512.887686,78.389608,2369,29.76,427.34,57.95,1.0000,0.667716,0.120720,413.87,324.24,0.9775,0.646670,0.675496
1786702512.892575,78.394496,2370,29.76,427.39,57.98,1.0000,0.667794,0.120799,414.02,324.06,0.9779,0.646904,0.675124
1786702512.942965,78.444886,2371,29.76,427.52,58.56,1.0000,0.667995,0.122001,414.06,323.34,0.9774,0.646968,0.673619
1786702512.979518,78.481440,2372,29.76,427.58,58.91,1.0000,0.668094,0.122720,414.03,323.41,0.9772,0.646917,0.673771
1786702512.989690,78.491611,2373,29.76,427.60,58.90,1.0000,0.668121,0.122716,414.06,323.56,0.9771,0.646976,0.674090
1786702513.055360,78.557281,2374,29.76,427.78,58.90,1.0000,0.668402,0.122715,414.19,323.50,0.9756,0.647167,0.673957
1786702513.095467,78.597389,2375,29.76,428.10,58.91,1.0000,0.668899,0.122729,414.19,323.59,0.9760,0.647174,0.674155
1786702513.114001,78.615922,2376,29.77,428.10,58.96,1.0000,0.668908,0.122825,414.20,323.60,0.9763,0.647180,0.674163
1786702513.129184,78.631106,2377,29.77,428.11,58.99,1.0000,0.668918,0.122903,414.17,323.62,0.9767,0.647135,0.674212
1786702513.176865,78.678786,2378,29.77,428.31,59.01,1.0000,0.669229,0.122928,414.07,323.61,0.9765,0.646990,0.674184
1786702513.204126,78.706048,2379,29.77,428.30,59.08,1.0000,0.669221,0.123084,414.02,323.60,0.9765,0.646905,0.674170
1786702513.304673,78.806594,2380,29.77,428.15,59.46,1.0000,0.668991,0.123882,414.29,323.56,0.9754,0.647334,0.674085
1786702513.320760,78.822682,2382,29.77,428.22,59.50,1.0000,0.669087,0.123963,414.24,323.61,0.9746,0.647252,0.674185
1786702513.393974,78.895896,2383,29.77,429.11,59.43,1.0000,0.670484,0.123807,414.28,323.66,0.9748,0.647306,0.674302
1786702513.401185,78.903107,2384,29.77,429.11,59.43,1.0000,0.670478,0.123805,414.35,323.67,0.9738,0.647416,0.674303
1786702513.416942,78.918864,2385,29.77,429.10,59.51,1.0000,0.670473,0.123972,414.37,323.71,0.9738,0.647446,0.674392
1786702513.486802,78.988724,2386,29.77,429.19,59.49,1.0000,0.670605,0.123939,414.25,323.80,0.9744,0.647269,0.674580
1786702513.497733,78.999655,2387,29.77,429.15,59.58,1.0000,0.670554,0.124131,414.29,323.79,0.9746,0.647333,0.674572
1786702513.513802,79.015723,2388,29.77,429.13,59.42,1.0000,0.670514,0.123789,414.37,323.82,0.9738,0.647453,0.674629
1786702513.542795,79.044717,2389,29.77,429.14,59.41,1.0000,0.670525,0.123762,414.38,323.88,0.9746,0.647463,0.674757
1786702513.588983,79.090904,2390,29.77,428.61,59.65,1.0000,0.669705,0.124264,414.36,323.69,0.9746,0.647442,0.674360
1786702513.611395,79.113317,2391,29.77,428.75,59.72,1.0000,0.669920,0.124417,414.39,323.71,0.9752,0.647482,0.674387
1786702513.645494,79.147415,2392,29.44,428.66,59.73,1.0000,0.669777,0.124446,414.46,323.79,0.9757,0.647591,0.674563
1786702513.696025,79.197947,2393,29.44,428.57,59.75,1.0000,0.669639,0.124471,414.48,323.62,0.9762,0.647622,0.674201
1786702513.722584,79.224505,2394,29.44,428.70,59.79,1.0000,0.669843,0.124558,414.49,323.71,0.9760,0.647634,0.674391
1786702513.735820,79.237741,2395,29.44,428.64,59.73,1.0000,0.669749,0.124447,414.45,323.70,0.9756,0.647577,0.674370
1786702513.797283,79.299205,2396,29.44,428.69,59.47,1.0000,0.669827,0.123897,414.51,323.52,0.9757,0.647670,0.674002
1786702513.810441,79.312362,2397,29.44,428.74,59.43,1.0000,0.669902,0.123822,414.53,323.57,0.9758,0.647699,0.674098
1786702513.850126,79.352047,2398,29.44,428.74,59.42,1.0000,0.669902,0.123800,414.51,323.64,0.9748,0.647666,0.674250
1786702513.881292,79.383214,2399,29.44,428.55,59.42,1.0000,0.669611,0.123801,414.47,323.76,0.9740,0.647605,0.674507
1786702513.913243,79.415165,2400,29.44,428.53,59.23,1.0000,0.669575,0.123387,414.46,323.83,0.9744,0.647594,0.674641
1786702513.937072,79.438993,2401,29.44,428.57,59.23,1.0000,0.669644,0.123394,414.46,323.93,0.9729,0.647589,0.674849
1786702513.979366,79.481287,2402,29.44,428.30,59.72,1.0000,0.669226,0.124423,414.48,323.89,0.9722,0.647619,0.674769
1786702514.024127,79.526048,2403,29.44,428.02,59.73,1.0000,0.668782,0.124438,414.54,323.84,0.9721,0.647723,0.674672
1786702514.039319,79.541241,2404,29.44,428.13,59.70,1.0000,0.668958,0.124383,414.55,323.82,0.9714,0.647735,0.674635
1786702514.085632,79.587554,2405,29.44,428.11,59.53,1.0000,0.668929,0.124015,414.42,323.77,0.9712,0.647538,0.674523
1786702514.101349,79.603271,2406,29.44,428.08,59.53,1.0000,0.668880,0.124015,414.54,324.01,0.9718,0.647722,0.675029
1786702514.149583,79.651505,2407,29.51,427.98,59.63,1.0000,0.668719,0.124219,414.68,324.07,0.9723,0.647936,0.675149
1786702514.174439,79.676361,2408,29.51,427.98,59.53,1.0000,0.668721,0.124019,414.75,324.09,0.9725,0.648053,0.675183
1786702514.226434,79.728356,2409,29.51,427.87,59.47,1.0000,0.668540,0.123899,414.73,324.04,0.9721,0.648013,0.675074
1786702514.235202,79.737123,2410,29.51,427.86,59.41,1.0000,0.668539,0.123774,414.68,324.01,0.9728,0.647935,0.675025
1786702514.280082,79.782003,2411,29.51,427.80,59.19,1.0000,0.668442,0.123321,414.64,323.71,0.9726,0.647873,0.674401
1786702514.317187,79.819108,2412,29.51,427.80,59.14,1.0000,0.668437,0.123201,414.46,323.55,0.9717,0.647594,0.674056
1786702514.354062,79.855984,2413,29.51,427.82,59.07,1.0000,0.668474,0.123056,414.46,323.42,0.9726,0.647587,0.673797
1786702514.380644,79.882566,2414,29.51,427.85,59.05,1.0000,0.668523,0.123019,414.45,323.61,0.9732,0.647571,0.674178
1786702514.407171,79.909092,2415,29.51,427.85,58.96,1.0000,0.668519,0.122843,414.39,323.62,0.9735,0.647482,0.674204
1786702514.441783,79.943705,2416,29.51,427.67,58.78,1.0000,0.668242,0.122459,414.34,323.59,0.9729,0.647398,0.674149
1786702514.475839,79.977761,2417,29.51,427.59,58.74,1.0000,0.668102,0.122368,414.26,323.66,0.9737,0.647284,0.674294
1786702514.509966,80.011887,2418,29.51,427.59,58.75,1.0000,0.668109,0.122389,414.22,323.70,0.9742,0.647220,0.674371
1786702514.539502,80.041424,2419,29.51,427.53,58.77,1.0000,0.668011,0.122429,414.20,323.69,0.9737,0.647195,0.674351
1786702514.573566,80.075488,2420,29.51,427.53,58.74,1.0000,0.668014,0.122374,414.28,323.59,0.9741,0.647314,0.674156
1786702514.600976,80.102897,2421,29.51,427.53,58.73,1.0000,0.668013,0.122362,414.19,323.58,0.9740,0.647174,0.674122
1786702514.640178,80.142100,2422,29.51,427.51,58.48,1.0000,0.667991,0.121830,414.18,323.62,0.9736,0.647161,0.674206
1786702514.684086,80.186007,2423,29.57,427.49,58.44,1.0000,0.667946,0.121752,414.14,323.59,0.9740,0.647096,0.674154
1786702514.705390,80.207311,2424,29.57,427.48,58.43,1.0000,0.667935,0.121721,414.16,323.60,0.9739,0.647128,0.674166
1786702514.753576,80.255497,2425,29.57,427.41,58.48,1.0000,0.667830,0.121836,414.16,323.70,0.9736,0.647128,0.674369
1786702514.767048,80.268970,2426,29.57,427.33,58.65,1.0000,0.667710,0.122191,414.16,323.63,0.9732,0.647120,0.674230
1786702514.828015,80.329937,2427,29.57,427.34,58.62,1.0000,0.667716,0.122116,414.26,323.61,0.9732,0.647285,0.674198
1786702514.844028,80.345950,2428,29.57,427.27,58.70,1.0000,0.667609,0.122291,414.26,323.61,0.9734,0.647287,0.674197
1786702514.886636,80.388557,2429,29.57,427.27,58.82,1.0000,0.667607,0.122538,414.33,323.68,0.9729,0.647393,0.674327
1786702514.923576,80.425498,2430,29.57,427.27,58.83,1.0000,0.667605,0.122554,414.51,323.75,0.9727,0.647670,0.674477
1786702514.942603,80.444524,2431,29.57,427.24,58.82,1.0000,0.667557,0.122539,414.57,323.78,0.9728,0.647771,0.674532
1786702514.979325,80.481246,2432,29.57,427.28,58.86,1.0000,0.667627,0.122633,414.56,324.08,0.9733,0.647757,0.675174
1786702515.027722,80.529644,2433,29.57,427.38,58.91,1.0000,0.667774,0.122729,414.55,324.28,0.9733,0.647730,0.675593
1786702515.048782,80.550704,2434,29.57,427.38,59.19,1.0000,0.667778,0.123319,414.60,324.27,0.9732,0.647816,0.675567
1786702515.087279,80.589200,2435,29.57,427.46,59.35,1.0000,0.667899,0.123636,414.48,324.47,0.9734,0.647620,0.675970
1786702515.121670,80.623591,2436,29.57,427.70,59.60,1.0000,0.668275,0.124170,414.56,324.27,0.9741,0.647757,0.675571
1786702515.140558,80.642480,2437,29.57,427.56,59.63,1.0000,0.668060,0.124232,414.58,324.20,0.9736,0.647778,0.675427
1786702515.183078,80.684999,2438,29.57,427.54,59.74,1.0000,0.668024,0.124458,414.56,324.14,0.9740,0.647743,0.675284
1786702515.220368,80.722290,2439,29.67,427.50,59.91,1.0000,0.667971,0.124819,414.68,324.08,0.9736,0.647936,0.675164
1786702515.255168,80.757090,2440,29.67,427.51,59.92,1.0000,0.667988,0.124825,414.68,324.07,0.9730,0.647933,0.675155
1786702515.281628,80.783550,2441,29.67,427.55,59.92,1.0000,0.668044,0.124827,414.65,324.09,0.9734,0.647883,0.675185
1786702515.336666,80.838587,2442,29.67,427.66,59.88,1.0000,0.668224,0.124759,414.61,324.10,0.9736,0.647821,0.675199
1786702515.342327,80.844249,2443,29.67,427.96,60.02,1.0000,0.668681,0.125050,414.65,324.09,0.9735,0.647890,0.675189
1786702515.374584,80.876506,2444,29.67,428.11,60.07,1.0000,0.668915,0.125146,414.70,324.11,0.9740,0.647964,0.675229
1786702515.416367,80.918288,2445,29.67,428.19,60.09,1.0000,0.669046,0.125192,414.72,324.07,0.9745,0.647996,0.675153
1786702515.450715,80.952637,2446,29.67,428.35,60.05,1.0000,0.669290,0.125097,414.67,323.92,0.9750,0.647926,0.674825
1786702515.474804,80.976726,2447,29.67,428.45,60.06,1.0000,0.669453,0.125125,414.64,323.88,0.9752,0.647868,0.674756
1786702515.535861,81.037782,2448,29.67,428.49,59.85,1.0000,0.669518,0.124677,414.67,323.87,0.9757,0.647921,0.674722
1786702515.550627,81.052549,2449,29.67,428.79,59.57,1.0000,0.669989,0.124105,414.71,323.89,0.9761,0.647987,0.674771
1786702515.574257,81.076179,2450,29.67,428.87,59.58,1.0000,0.670105,0.124133,414.71,323.92,0.9763,0.647986,0.674827
1786702515.612325,81.114247,2451,29.67,428.86,59.59,1.0000,0.670099,0.124142,414.78,324.00,0.9761,0.648100,0.675000
1786702515.643413,81.145334,2452,29.67,429.02,59.64,1.0000,0.670349,0.124240,414.49,323.93,0.9759,0.647641,0.674862
1786702515.677467,81.179389,2453,29.67,429.15,59.64,1.0000,0.670542,0.124247,414.44,323.90,0.9762,0.647557,0.674791
1786702515.724386,81.226307,2454,29.67,429.17,59.65,1.0000,0.670579,0.124265,414.41,323.74,0.9761,0.647517,0.674455
1786702515.737633,81.239555,2455,29.77,429.31,59.59,1.0000,0.670796,0.124138,414.43,323.74,0.9768,0.647554,0.674456
1786702515.777354,81.279276,2456,29.77,429.43,59.53,1.0000,0.670977,0.124023,414.47,323.77,0.9766,0.647606,0.674515
1786702515.806400,81.308322,2457,29.77,429.73,59.50,1.0000,0.671453,0.123953,414.48,323.79,0.9756,0.647617,0.674572
1786702515.862228,81.364150,2458,29.77,429.73,59.34,1.0000,0.671454,0.123622,414.48,323.64,0.9756,0.647627,0.674246
1786702515.868418,81.370340,2459,29.77,430.02,59.30,1.0000,0.671906,0.123539,414.45,323.49,0.9754,0.647578,0.673944
1786702515.906176,81.408098,2460,29.77,430.01,59.27,1.0000,0.671887,0.123478,414.39,323.54,0.9750,0.647481,0.674042
1786702515.946299,81.448220,2461,29.77,430.02,59.26,1.0000,0.671900,0.123458,414.31,323.63,0.9751,0.647359,0.674219
1786702515.974940,81.476862,2462,29.77,430.09,59.25,1.0000,0.672015,0.123436,414.30,323.61,0.9754,0.647350,0.674197
1786702516.046245,81.548167,2463,29.77,430.04,59.15,1.0000,0.671941,0.123219,414.00,323.46,0.9752,0.646871,0.673868
1786702516.048901,81.550823,2464,29.77,430.05,59.09,1.0000,0.671945,0.123099,414.06,323.48,0.9748,0.646972,0.673926
1786702516.075196,81.577117,2465,29.77,430.04,59.07,1.0000,0.671935,0.123052,414.27,323.57,0.9747,0.647290,0.674104
1786702516.118387,81.620309,2466,29.77,430.03,59.07,1.0000,0.671925,0.123057,414.38,323.67,0.9753,0.647475,0.674312
1786702516.145016,81.646937,2467,29.77,430.09,59.08,1.0000,0.672018,0.123082,414.35,323.72,0.9756,0.647421,0.674414
1786702516.171123,81.673044,2468,29.77,430.08,59.12,1.0000,0.672008,0.123162,414.39,323.86,0.9761,0.647488,0.674710
1786702516.208815,81.710737,2469,29.77,429.92,59.41,1.0000,0.671747,0.123765,414.39,323.99,0.9766,0.647482,0.674974
1786702516.261891,81.763813,2470,29.76,429.92,59.34,1.0000,0.671745,0.123619,414.44,324.11,0.9768,0.647555,0.675229
1786702516.277398,81.779320,2471,29.76,430.10,59.22,1.0000,0.672025,0.123372,414.37,324.08,0.9770,0.647449,0.675174
1786702516.312606,81.814528,2472,29.76,430.07,59.17,1.0000,0.671985,0.123263,414.31,324.05,0.9771,0.647355,0.675105
1786702516.340925,81.842846,2473,29.76,430.07,59.16,1.0000,0.671984,0.123251,414.32,324.05,0.9779,0.647380,0.675110
1786702516.371886,81.873808,2474,29.76,429.83,59.05,1.0000,0.671603,0.123018,414.32,323.72,0.9778,0.647379,0.674424
1786702516.408619,81.910541,2475,29.76,429.80,59.01,1.0000,0.671570,0.122938,414.29,323.57,0.9763,0.647323,0.674098
1786702516.437637,81.939559,2476,29.76,429.82,58.83,1.0000,0.671592,0.122552,414.26,323.76,0.9765,0.647282,0.674494
1786702516.482629,81.984551,2477,29.76,429.66,58.85,1.0000,0.671351,0.122612,414.30,323.76,0.9769,0.647350,0.674509
1786702516.500721,82.002642,2478,29.76,429.52,58.88,1.0000,0.671126,0.122657,414.29,323.84,0.9772,0.647329,0.674657
1786702516.535837,82.037759,2479,29.76,429.52,58.87,1.0000,0.671118,0.122650,414.25,323.84,0.9772,0.647264,0.674669
1786702516.574676,82.076597,2480,29.76,429.51,58.87,1.0000,0.671110,0.122648,414.17,323.95,0.9776,0.647133,0.674896
1786702516.607362,82.109283,2481,29.76,429.38,59.08,1.0000,0.670913,0.123084,414.16,323.96,0.9782,0.647120,0.674909
1786702516.622833,82.124754,2482,29.76,429.35,59.22,1.0000,0.670852,0.123377,414.12,324.00,0.9783,0.647065,0.674995
1786702516.669824,82.171746,2483,29.76,429.25,59.22,1.0000,0.670702,0.123378,414.12,324.02,0.9784,0.647067,0.675045
1786702516.712822,82.214744,2484,29.76,428.93,59.13,1.0000,0.670205,0.123182,414.11,324.04,0.9785,0.647054,0.675074
1786702516.741160,82.243082,2485,29.76,428.72,58.96,1.0000,0.669878,0.122840,414.03,324.15,0.9788,0.646916,0.675313
1786702516.770448,82.272370,2486,30.03,428.72,58.96,1.0000,0.669877,0.122841,414.03,324.19,0.9789,0.646917,0.675401
1786702516.801979,82.303901,2487,30.03,428.75,59.10,1.0000,0.669921,0.123118,414.01,324.21,0.9793,0.646886,0.675434
1786702516.852402,82.354324,2488,30.03,428.40,59.08,1.0000,0.669368,0.123093,414.01,324.19,0.9792,0.646894,0.675388
1786702516.890285,82.392206,2489,30.03,428.34,59.08,1.0000,0.669284,0.123081,414.00,324.20,0.9792,0.646878,0.675408
1786702516.919449,82.421371,2490,30.03,428.34,59.08,1.0000,0.669278,0.123073,414.01,324.24,0.9794,0.646888,0.675504
1786702516.989679,82.491601,2491,30.03,428.28,59.08,1.0000,0.669194,0.123087,414.05,324.11,0.9794,0.646955,0.675223
1786702516.989679,82.491601,2492,30.03,428.08,59.08,1.0000,0.668880,0.123088,414.11,324.18,0.9797,0.647042,0.675385
1786702517.019486,82.521408,2493,30.03,427.88,59.06,1.0000,0.668565,0.123043,414.12,324.20,0.9798,0.647067,0.675408
1786702517.035323,82.537245,2494,30.03,427.85,59.04,1.0000,0.668510,0.122998,414.13,324.19,0.9797,0.647077,0.675398
1786702517.078245,82.580167,2495,30.03,427.79,58.97,1.0000,0.668425,0.122852,414.13,324.04,0.9789,0.647076,0.675074
1786702517.113501,82.615422,2496,30.03,427.65,58.94,1.0000,0.668211,0.122796,414.09,324.03,0.9795,0.647009,0.675066
1786702517.148972,82.650894,2497,30.03,427.34,58.86,1.0000,0.667721,0.122619,414.07,324.13,0.9798,0.646986,0.675267
1786702517.166277,82.668199,2498,30.03,427.22,58.77,1.0000,0.667535,0.122442,414.12,324.12,0.9798,0.647058,0.675254
1786702517.206644,82.708565,2499,30.03,427.22,58.64,1.0000,0.667533,0.122165,414.13,323.95,0.9798,0.647079,0.674891
1786702517.251594,82.753515,2500,30.03,427.13,58.35,1.0000,0.667384,0.121559,414.14,323.97,0.9800,0.647101,0.674932
1786702517.274969,82.776891,2501,29.93,427.01,58.29,1.0000,0.667202,0.121438,414.17,323.98,0.9800,0.647146,0.674956
1786702517.313194,82.815116,2502,29.93,426.85,58.26,1.0000,0.666955,0.121374,414.22,323.99,0.9801,0.647221,0.674977
1786702517.350519,82.852441,2503,29.93,426.77,58.26,1.0000,0.666826,0.121371,413.99,324.00,0.9796,0.646860,0.674993
1786702517.380455,82.882377,2504,29.93,426.47,58.18,1.0000,0.666366,0.121216,413.96,323.78,0.9793,0.646814,0.674538
1786702517.411305,82.913227,2505,29.93,425.97,58.17,1.0000,0.665582,0.121179,413.84,323.68,0.9782,0.646622,0.674336
1786702517.466871,82.968793,2506,29.93,426.17,58.17,1.0000,0.665885,0.121194,414.05,323.73,0.9785,0.646961,0.674447
1786702517.480132,82.982054,2507,29.93,426.57,58.17,1.0000,0.666512,0.121192,414.04,323.85,0.9787,0.646937,0.674681
1786702517.508135,83.010056,2508,29.93,426.50,58.17,1.0000,0.666399,0.121191,414.02,323.89,0.9789,0.646913,0.674778
1786702517.546526,83.048448,2509,29.93,426.34,58.17,1.0000,0.666149,0.121197,414.06,323.85,0.9786,0.646976,0.674689
1786702517.596825,83.098747,2510,29.93,425.75,58.15,1.0000,0.665240,0.121149,414.08,323.76,0.9784,0.646994,0.674501
1786702517.613545,83.115467,2511,29.93,425.66,58.21,1.0000,0.665101,0.121273,414.06,323.75,0.9788,0.646962,0.674489
1786702517.676792,83.178713,2512,29.93,425.60,58.25,1.0000,0.665004,0.121358,414.06,323.53,0.9786,0.646962,0.674015
1786702517.694193,83.196115,2513,29.93,425.43,58.25,1.0000,0.664741,0.121347,414.01,323.50,0.9779,0.646892,0.673955
1786702517.718678,83.220600,2514,29.93,425.37,58.24,1.0000,0.664641,0.121329,413.82,323.44,0.9778,0.646594,0.673825
1786702517.755675,83.257597,2515,29.93,425.61,58.23,1.0000,0.665021,0.121316,413.82,323.66,0.9783,0.646601,0.674288
1786702517.789816,83.291737,2516,29.77,425.56,58.21,1.0000,0.664937,0.121274,413.84,323.64,0.9783,0.646631,0.674243
1786702517.803640,83.305562,2517,29.77,425.48,58.22,1.0000,0.664811,0.121294,413.86,323.57,0.9780,0.646650,0.674109
1786702517.850786,83.352708,2518,29.77,425.48,58.41,1.0000,0.664811,0.121696,413.82,323.66,0.9778,0.646589,0.674283
1786702517.877439,83.379360,2519,29.77,425.46,58.44,1.0000,0.664777,0.121741,413.81,323.61,0.9779,0.646581,0.674196
1786702517.916713,83.418634,2520,29.77,425.45,58.27,1.0000,0.664759,0.121402,413.94,323.62,0.9774,0.646778,0.674206
1786702517.925018,83.426940,2521,29.77,425.45,58.23,1.0000,0.664759,0.121322,413.98,323.64,0.9772,0.646841,0.674246
1786702517.977732,83.479654,2522,29.77,425.45,58.04,1.0000,0.664759,0.120911,414.04,323.58,0.9767,0.646941,0.674134
1786702517.988255,83.490177,2523,29.77,425.28,57.99,1.0000,0.664506,0.120813,414.05,323.62,0.9766,0.646945,0.674218
1786702518.032587,83.534508,2524,29.77,425.21,58.00,1.0000,0.664393,0.120831,414.06,323.64,0.9765,0.646968,0.674241
1786702518.088338,83.590260,2525,29.77,425.21,57.95,1.0000,0.664391,0.120729,414.12,323.47,0.9769,0.647055,0.673906
1786702518.098953,83.600875,2526,29.77,425.21,57.89,1.0000,0.664391,0.120614,414.18,323.46,0.9765,0.647156,0.673882
1786702518.141682,83.643604,2527,29.77,425.10,57.86,1.0000,0.664226,0.120551,414.13,323.48,0.9764,0.647077,0.673909
1786702518.178824,83.680746,2528,29.77,425.10,57.86,1.0000,0.664223,0.120548,414.12,323.51,0.9765,0.647059,0.673977
1786702518.213704,83.715626,2529,29.77,424.95,57.93,1.0000,0.663982,0.120697,414.12,323.55,0.9766,0.647067,0.674053
1786702518.245147,83.747069,2530,29.77,424.94,58.21,1.0000,0.663967,0.121275,414.11,323.40,0.9766,0.647051,0.673757
1786702518.274418,83.776340,2531,29.77,424.81,58.20,1.0000,0.663758,0.121259,414.13,323.43,0.9761,0.647072,0.673815
1786702518.318847,83.820768,2532,29.99,424.86,58.23,1.0000,0.663845,0.121318,414.13,323.78,0.9761,0.647080,0.674544
1786702518.340179,83.842100,2533,29.99,424.88,58.23,1.0000,0.663881,0.121307,414.16,323.82,0.9767,0.647120,0.674621
1786702518.377076,83.878997,2534,29.99,424.88,58.24,1.0000,0.663880,0.121344,414.20,323.85,0.9764,0.647194,0.674698
1786702518.417040,83.918962,2535,29.99,424.88,58.39,1.0000,0.663870,0.121654,414.13,323.94,0.9767,0.647078,0.674882
1786702518.432771,83.934693,2536,29.99,424.88,58.40,1.0000,0.663870,0.121666,414.10,324.05,0.9762,0.647028,0.675100
1786702518.485872,83.987793,2537,29.99,424.91,58.40,1.0000,0.663916,0.121665,414.10,324.10,0.9759,0.647030,0.675216
1786702518.512295,84.014217,2538,29.99,424.91,58.32,1.0000,0.663915,0.121505,414.10,324.14,0.9762,0.647035,0.675297
1786702518.533481,84.035403,2539,29.99,424.91,58.33,1.0000,0.663925,0.121513,414.10,324.14,0.9762,0.647031,0.675295
1786702518.591225,84.093147,2540,29.99,424.99,58.39,1.0000,0.664046,0.121641,414.06,324.22,0.9766,0.646975,0.675464
1786702518.598891,84.100813,2541,29.99,425.21,58.39,1.0000,0.664394,0.121642,414.03,324.27,0.9768,0.646919,0.675567
1786702518.635774,84.137696,2542,29.99,425.22,58.34,1.0000,0.664405,0.121540,414.01,323.98,0.9772,0.646893,0.674951
1786702518.669830,84.171752,2543,29.99,425.16,58.27,1.0000,0.664310,0.121401,414.07,323.93,0.9770,0.646986,0.674845
1786702518.715585,84.217506,2544,29.99,425.09,58.25,1.0000,0.664198,0.121355,414.34,323.81,0.9766,0.647414,0.674597
1786702518.726142,84.228064,2545,29.99,425.09,58.25,1.0000,0.664196,0.121363,414.37,323.78,0.9760,0.647450,0.674550
1786702518.782151,84.284072,2546,29.99,425.13,58.22,1.0000,0.664265,0.121298,414.19,324.14,0.9762,0.647168,0.675298
1786702518.811672,84.313594,2547,29.98,425.13,58.23,1.0000,0.664263,0.121312,414.05,324.25,0.9756,0.646953,0.675511
1786702518.845626,84.347547,2548,29.98,425.30,58.26,1.0000,0.664531,0.121373,414.03,324.28,0.9761,0.646922,0.675582
1786702518.885795,84.387717,2549,29.98,425.40,58.18,1.0000,0.664693,0.121207,414.20,324.29,0.9762,0.647185,0.675606
1786702518.901755,84.403676,2550,29.98,425.68,58.14,1.0000,0.665121,0.121124,414.25,324.24,0.9767,0.647259,0.675507
1786702518.938764,84.440686,2551,29.98,425.79,58.22,1.0000,0.665301,0.121292,414.27,324.18,0.9758,0.647291,0.675366
1786702518.978986,84.480908,2552,29.98,426.08,58.70,1.0000,0.665746,0.122296,414.34,324.17,0.9758,0.647407,0.675357
1786702519.013055,84.514977,2553,29.98,426.14,58.70,1.0000,0.665850,0.122290,414.46,324.07,0.9764,0.647601,0.675137
1786702519.044630,84.546552,2554,29.98,426.23,58.56,1.0000,0.665988,0.121999,414.47,324.03,0.9766,0.647614,0.675060
1786702519.087044,84.588965,2555,29.98,426.26,58.78,1.0000,0.666032,0.122453,414.36,324.18,0.9763,0.647437,0.675368
1786702519.116614,84.618536,2556,29.98,426.29,58.84,1.0000,0.666076,0.122585,414.33,324.21,0.9766,0.647397,0.675428
1786702519.145994,84.647915,2557,29.98,426.93,58.86,1.0000,0.667079,0.122628,414.30,324.29,0.9773,0.647349,0.675605
1786702519.172207,84.674129,2558,29.98,426.93,58.58,1.0000,0.667072,0.122048,414.32,324.29,0.9773,0.647374,0.675606
1786702519.209050,84.710972,2559,29.98,426.93,58.58,1.0000,0.667079,0.122039,414.30,324.32,0.9772,0.647345,0.675662
1786702519.251351,84.753272,2560,29.98,426.93,58.58,1.0000,0.667073,0.122037,414.27,324.34,0.9777,0.647299,0.675704
1786702519.283129,84.785051,2561,29.98,426.92,58.55,1.0000,0.667069,0.121974,414.20,324.23,0.9780,0.647181,0.675488
1786702519.299043,84.800965,2562,29.93,427.16,58.37,1.0000,0.667439,0.121614,414.15,324.28,0.9782,0.647107,0.675583
1786702519.352045,84.853966,2563,29.93,427.23,58.75,1.0000,0.667539,0.122398,414.09,324.23,0.9783,0.647022,0.675471
1786702519.380367,84.882288,2564,29.93,427.13,58.70,1.0000,0.667397,0.122297,414.05,324.16,0.9781,0.646954,0.675337
1786702519.416554,84.918475,2565,29.93,427.13,58.63,1.0000,0.667388,0.122153,414.03,324.11,0.9784,0.646919,0.675222
1786702519.441700,84.943622,2566,29.93,427.13,58.64,1.0000,0.667386,0.122158,414.02,324.06,0.9785,0.646900,0.675128
1786702519.488341,84.990263,2567,29.93,426.78,58.63,1.0000,0.666840,0.122153,414.03,324.10,0.9787,0.646915,0.675218
1786702519.532972,85.034893,2568,29.93,426.78,58.80,1.0000,0.666847,0.122493,414.04,324.12,0.9792,0.646931,0.675249
1786702519.535549,85.037471,2569,29.93,426.77,58.81,1.0000,0.666835,0.122519,414.04,324.15,0.9790,0.646934,0.675314
1786702519.577943,85.079864,2570,29.93,427.04,58.90,1.0000,0.667249,0.122717,414.04,324.44,0.9793,0.646931,0.675908
1786702519.657486,85.159408,2571,29.93,426.90,58.93,1.0000,0.667027,0.122767,414.07,324.32,0.9794,0.646977,0.675657
1786702519.679470,85.181391,2572,29.93,426.89,58.76,1.0000,0.667016,0.122412,414.03,324.16,0.9789,0.646926,0.675324
1786702519.681474,85.183395,2573,29.93,427.02,58.66,1.0000,0.667217,0.122209,414.04,324.22,0.9785,0.646937,0.675458
1786702519.726741,85.228663,2574,29.93,426.88,58.66,1.0000,0.667005,0.122217,414.04,324.25,0.9786,0.646938,0.675528
1786702519.747005,85.248926,2575,29.93,426.88,58.67,1.0000,0.667004,0.122220,414.10,324.15,0.9787,0.647038,0.675318
1786702519.790320,85.292242,2576,29.93,426.88,58.70,1.0000,0.667001,0.122287,414.08,324.19,0.9789,0.647001,0.675392
1786702519.834876,85.336797,2577,29.72,426.91,58.74,1.0000,0.667040,0.122368,414.12,324.37,0.9789,0.647057,0.675779
1786702519.875295,85.377217,2578,29.72,426.82,58.73,1.0000,0.666906,0.122358,414.12,324.37,0.9787,0.647063,0.675777
1786702519.891840,85.393762,2579,29.72,426.82,58.73,1.0000,0.666910,0.122359,414.12,324.39,0.9789,0.647057,0.675808
1786702519.917194,85.419116,2580,29.72,426.82,58.73,1.0000,0.666909,0.122361,414.11,324.40,0.9784,0.647052,0.675834
1786702519.950344,85.452265,2581,29.72,426.81,58.73,1.0000,0.666898,0.122364,414.26,324.41,0.9777,0.647288,0.675845
1786702519.963946,85.465867,2582,29.72,426.85,58.70,1.0000,0.666959,0.122285,414.28,324.36,0.9775,0.647310,0.675753
1786702520.048661,85.550583,2583,29.72,426.84,58.63,1.0000,0.666937,0.122156,414.37,324.21,0.9780,0.647448,0.675428
1786702520.051318,85.553240,2584,29.72,426.96,58.63,1.0000,0.667120,0.122138,414.38,324.29,0.9780,0.647476,0.675599
1786702520.085097,85.587019,2585,29.72,426.94,58.68,1.0000,0.667088,0.122247,414.38,324.29,0.9780,0.647468,0.675609
1786702520.114551,85.616472,2586,29.72,426.95,58.74,1.0000,0.667107,0.122368,414.43,324.27,0.9780,0.647551,0.675559
1786702520.146963,85.648885,2587,29.72,426.95,58.72,1.0000,0.667110,0.122334,414.36,324.28,0.9779,0.647436,0.675575
1786702520.187342,85.689264,2588,29.72,426.92,58.69,1.0000,0.667064,0.122276,414.28,324.06,0.9772,0.647313,0.675133
1786702520.208421,85.710342,2589,29.72,426.94,58.69,1.0000,0.667090,0.122275,414.20,324.15,0.9772,0.647187,0.675306
1786702520.245150,85.747071,2590,29.72,426.92,58.77,1.0000,0.667056,0.122446,414.21,324.09,0.9774,0.647204,0.675177
1786702520.282903,85.784825,2591,29.72,426.98,58.78,1.0000,0.667154,0.122451,414.20,324.09,0.9777,0.647194,0.675195
1786702520.314585,85.816507,2592,29.72,426.96,58.91,1.0000,0.667121,0.122728,414.10,324.23,0.9780,0.647036,0.675489
1786702520.330447,85.832369,2593,30.15,427.00,58.91,1.0000,0.667183,0.122739,414.10,324.14,0.9780,0.647037,0.675290
1786702520.378494,85.880415,2594,30.15,426.95,58.80,1.0000,0.667117,0.122506,414.23,324.06,0.9779,0.647227,0.675128
1786702520.404921,85.906842,2595,30.15,427.06,58.75,1.0000,0.667276,0.122397,414.13,324.14,0.9777,0.647084,0.675301
1786702520.447734,85.949656,2596,30.15,427.06,58.74,1.0000,0.667276,0.122376,414.42,324.17,0.9773,0.647534,0.675354
1786702520.473912,85.975833,2597,30.15,427.05,58.74,1.0000,0.667266,0.122375,414.42,324.13,0.9771,0.647524,0.675261
1786702520.518709,86.020630,2598,30.15,427.07,58.77,1.0000,0.667297,0.122435,414.51,323.98,0.9771,0.647679,0.674950
1786702520.553981,86.055902,2599,30.15,427.19,58.90,1.0000,0.667483,0.122717,414.38,323.99,0.9777,0.647474,0.674976
1786702520.578698,86.080620,2600,30.15,427.08,58.90,1.0000,0.667305,0.122717,414.39,323.92,0.9779,0.647488,0.674834
1786702520.613700,86.115622,2601,30.15,426.98,58.91,1.0000,0.667158,0.122720,414.37,323.92,0.9780,0.647456,0.674835
1786702520.644223,86.146144,2602,30.15,427.03,58.91,1.0000,0.667237,0.122730,414.31,324.04,0.9785,0.647363,0.675077
1786702520.676528,86.178449,2603,30.15,426.98,58.91,1.0000,0.667162,0.122734,414.32,324.06,0.9788,0.647368,0.675125
1786702520.709813,86.211735,2604,30.15,426.98,58.91,1.0000,0.667162,0.122730,414.35,324.04,0.9783,0.647422,0.675087
1786702520.741315,86.243237,2605,30.15,426.81,58.92,1.0000,0.666892,0.122748,414.33,324.08,0.9774,0.647390,0.675163
1786702520.786260,86.288181,2606,30.15,426.78,58.96,1.0000,0.666846,0.122837,414.21,323.97,0.9777,0.647201,0.674929
1786702520.802182,86.304104,2607,30.15,426.84,59.02,1.0000,0.666941,0.122948,414.12,323.91,0.9773,0.647061,0.674809
1786702520.862830,86.364752,2608,29.77,426.75,59.07,1.0000,0.666797,0.123054,414.11,323.80,0.9774,0.647054,0.674579
1786702520.881426,86.383348,2609,29.77,426.75,59.05,1.0000,0.666794,0.123011,414.05,323.80,0.9772,0.646952,0.674573
1786702520.912925,86.414846,2610,29.77,426.77,59.02,1.0000,0.666820,0.122961,413.96,323.88,0.9771,0.646818,0.674760
1786702520.929002,86.430923,2611,29.77,426.88,59.00,1.0000,0.666996,0.122925,413.95,323.95,0.9768,0.646791,0.674896
1786702520.977320,86.479242,2612,29.77,426.38,58.98,1.0000,0.666225,0.122882,413.96,323.88,0.9767,0.646817,0.674744
1786702521.011421,86.513343,2613,29.77,426.37,59.00,1.0000,0.666197,0.122907,414.03,323.34,0.9765,0.646922,0.673632
1786702521.036278,86.538199,2614,29.77,426.43,58.96,1.0000,0.666298,0.122839,414.06,323.31,0.9762,0.646968,0.673564
1786702521.079609,86.581531,2615,29.77,426.45,58.96,1.0000,0.666331,0.122838,414.06,323.32,0.9765,0.646965,0.673580
1786702521.110410,86.612332,2616,29.77,426.39,58.93,1.0000,0.666229,0.122764,414.06,323.29,0.9765,0.646971,0.673521
1786702521.163722,86.665644,2617,29.77,426.35,58.94,1.0000,0.666176,0.122788,413.89,323.53,0.9764,0.646696,0.674021
1786702521.176765,86.678687,2618,29.77,426.35,58.94,1.0000,0.666175,0.122786,413.90,323.60,0.9766,0.646717,0.674159
1786702521.214263,86.716185,2619,29.77,426.26,58.93,1.0000,0.666024,0.122779,413.93,323.56,0.9765,0.646764,0.674087
1786702521.238388,86.740310,2620,29.77,426.16,58.94,1.0000,0.665882,0.122788,413.94,323.58,0.9764,0.646776,0.674117
1786702521.273031,86.774952,2621,29.77,426.08,58.96,1.0000,0.665743,0.122841,413.83,323.64,0.9767,0.646606,0.674258
1786702521.307460,86.809381,2622,29.77,425.90,58.99,1.0000,0.665467,0.122886,413.89,323.42,0.9760,0.646708,0.673795
1786702521.348685,86.850607,2623,29.77,425.73,59.05,1.0000,0.665198,0.123021,413.91,323.52,0.9764,0.646728,0.674004
1786702521.377713,86.879635,2624,30.08,425.64,59.05,1.0000,0.665060,0.123024,413.89,323.56,0.9760,0.646698,0.674074
1786702521.419241,86.921163,2625,30.08,425.35,59.05,1.0000,0.664612,0.123027,413.97,323.28,0.9756,0.646833,0.673496
1786702521.440909,86.942831,2626,30.08,425.22,59.11,1.0000,0.664409,0.123145,413.89,323.27,0.9756,0.646701,0.673472
1786702521.486788,86.988710,2627,30.08,425.18,59.13,1.0000,0.664352,0.123179,413.77,323.10,0.9755,0.646509,0.673115
1786702521.516049,87.017970,2628,30.08,424.99,59.25,1.0000,0.664042,0.123440,413.67,323.29,0.9758,0.646357,0.673522
1786702521.554603,87.056525,2629,30.08,424.97,59.08,1.0000,0.664020,0.123078,413.86,323.40,0.9758,0.646659,0.673747
1786702521.573448,87.075369,2630,30.08,424.75,59.05,1.0000,0.663674,0.123011,414.02,323.59,0.9763,0.646909,0.674149
1786702521.611272,87.113194,2631,30.08,424.72,59.01,1.0000,0.663625,0.122945,414.10,323.65,0.9765,0.647031,0.674281
1786702521.637646,87.139567,2632,30.08,424.84,59.01,1.0000,0.663807,0.122940,414.13,323.58,0.9763,0.647076,0.674132
1786702521.691501,87.193423,2633,30.08,424.81,58.80,1.0000,0.663769,0.122505,414.17,323.56,0.9760,0.647147,0.674091
1786702521.722889,87.224810,2634,30.08,424.82,58.82,1.0000,0.663779,0.122552,414.20,323.54,0.9759,0.647185,0.674051
1786702521.749748,87.251670,2635,30.08,424.82,58.95,1.0000,0.663781,0.122814,414.14,323.52,0.9759,0.647089,0.674005
1786702521.783840,87.285762,2636,30.08,424.86,58.94,1.0000,0.663838,0.122790,414.37,323.34,0.9761,0.647448,0.673626
1786702521.810622,87.312544,2637,30.08,424.72,59.02,1.0000,0.663628,0.122965,414.41,323.36,0.9753,0.647523,0.673665
1786702521.845369,87.347291,2638,30.08,424.74,58.98,1.0000,0.663662,0.122878,414.42,323.30,0.9749,0.647535,0.673541
1786702521.893975,87.395896,2639,29.82,424.74,58.99,1.0000,0.663653,0.122887,414.36,323.26,0.9750,0.647435,0.673449
1786702521.916762,87.418683,2640,29.82,424.73,58.99,1.0000,0.663640,0.122889,414.34,323.23,0.9754,0.647411,0.673406
1786702521.969551,87.471473,2641,29.82,424.75,59.10,1.0000,0.663667,0.123134,414.36,323.41,0.9755,0.647441,0.673777
1786702521.990096,87.492018,2642,29.82,424.73,59.14,1.0000,0.663648,0.123214,414.37,323.38,0.9754,0.647449,0.673714
1786702522.011884,87.513806,2643,29.82,424.70,59.16,1.0000,0.663586,0.123243,414.33,323.30,0.9752,0.647395,0.673546
1786702522.043240,87.545161,2644,29.82,424.64,59.23,1.0000,0.663499,0.123388,414.32,323.30,0.9750,0.647369,0.673547
1786702522.080207,87.582129,2645,29.82,424.72,59.47,1.0000,0.663632,0.123891,414.33,323.26,0.9754,0.647385,0.673451
1786702522.111967,87.613889,2646,29.82,424.97,59.39,1.0000,0.664019,0.123736,414.29,323.34,0.9759,0.647327,0.673635
1786702522.145983,87.647905,2647,29.82,425.31,59.26,1.0000,0.664543,0.123466,414.30,323.45,0.9757,0.647340,0.673846
1786702522.170046,87.671968,2648,29.82,425.36,59.26,1.0000,0.664628,0.123461,414.35,323.39,0.9762,0.647416,0.673734
1786702522.209506,87.711427,2649,29.82,425.83,59.21,1.0000,0.665366,0.123353,414.45,323.39,0.9762,0.647574,0.673735
1786702522.248343,87.750265,2650,29.82,426.00,59.14,1.0000,0.665621,0.123213,414.36,323.40,0.9768,0.647438,0.673755
1786702522.288424,87.790346,2651,29.82,426.11,58.97,1.0000,0.665802,0.122863,414.36,323.42,0.9771,0.647430,0.673795
1786702522.311913,87.813835,2652,29.82,426.22,59.05,1.0000,0.665961,0.123021,414.36,323.50,0.9775,0.647435,0.673951
1786702522.343643,87.845565,2653,29.82,426.59,59.06,1.0000,0.666540,0.123034,414.51,323.50,0.9773,0.647666,0.673950
1786702522.388536,87.890457,2654,29.82,426.59,58.68,1.0000,0.666543,0.122256,414.54,323.52,0.9764,0.647723,0.674003
1786702522.447835,87.949757,2656,29.70,427.45,58.71,1.0000,0.667893,0.122310,414.52,323.60,0.9771,0.647685,0.674162
1786702522.479678,87.981599,2657,29.70,427.88,58.74,1.0000,0.668569,0.122379,414.53,323.64,0.9768,0.647707,0.674255
1786702522.526983,88.028905,2658,29.70,428.10,58.67,1.0000,0.668909,0.122225,414.54,323.65,0.9769,0.647721,0.674271
1786702522.542399,88.044321,2659,29.70,428.45,58.79,1.0000,0.669457,0.122476,414.52,323.66,0.9774,0.647691,0.674300
1786702522.574399,88.076321,2660,29.70,428.67,58.79,1.0000,0.669794,0.122483,414.54,323.76,0.9776,0.647726,0.674503
1786702522.609049,88.110970,2661,29.70,428.84,58.87,1.0000,0.670068,0.122655,414.63,323.77,0.9780,0.647856,0.674527
1786702522.637863,88.139785,2662,29.70,428.83,58.88,1.0000,0.670045,0.122675,414.64,323.87,0.9779,0.647877,0.674737
1786702522.686499,88.188421,2663,29.70,429.25,58.98,1.0000,0.670708,0.122875,414.63,323.85,0.9783,0.647859,0.674697
1786702522.710085,88.212007,2664,29.70,429.35,58.97,1.0000,0.670858,0.122845,414.59,323.87,0.9787,0.647791,0.674724
1786702522.742042,88.243963,2665,29.70,429.35,58.97,1.0000,0.670857,0.122847,414.45,324.03,0.9791,0.647583,0.675059
1786702522.757903,88.259824,2666,29.70,429.50,58.93,1.0000,0.671099,0.122769,414.40,324.07,0.9791,0.647495,0.675136
1786702522.813857,88.315778,2667,29.70,429.67,58.94,1.0000,0.671357,0.122795,414.39,324.07,0.9794,0.647484,0.675137
1786702522.830473,88.332394,2668,29.70,429.78,58.95,1.0000,0.671525,0.122813,414.33,324.05,0.9796,0.647387,0.675114
1786702522.878526,88.380448,2669,29.70,429.93,58.95,1.0000,0.671769,0.122816,414.23,323.99,0.9795,0.647236,0.674984
1786702522.915432,88.417354,2670,29.70,429.93,58.90,1.0000,0.671772,0.122718,414.24,324.01,0.9797,0.647254,0.675020
1786702522.947503,88.449424,2671,29.76,429.95,58.89,1.0000,0.671804,0.122690,414.24,323.86,0.9799,0.647251,0.674703
1786702522.973697,88.475618,2672,29.76,429.96,58.91,1.0000,0.671814,0.122727,414.20,323.94,0.9797,0.647182,0.674876
1786702523.014106,88.516028,2673,29.76,429.87,59.01,1.0000,0.671678,0.122939,414.18,323.92,0.9795,0.647152,0.674840
1786702523.028662,88.530583,2674,29.76,429.85,59.06,1.0000,0.671638,0.123048,414.18,323.97,0.9800,0.647164,0.674947
1786702523.084802,88.586723,2675,29.76,429.87,59.06,1.0000,0.671666,0.123049,414.16,324.05,0.9802,0.647123,0.675108
1786702523.113946,88.615868,2676,29.76,429.78,59.09,1.0000,0.671538,0.123099,414.26,324.13,0.9802,0.647274,0.675261
1786702523.146503,88.648424,2677,29.76,429.76,59.17,1.0000,0.671508,0.123276,414.26,324.11,0.9802,0.647286,0.675234
1786702523.181205,88.683126,2678,29.76,429.74,59.25,1.0000,0.671461,0.123439,414.28,324.08,0.9806,0.647315,0.675160
1786702523.210648,88.712569,2679,29.76,429.73,59.27,1.0000,0.671451,0.123473,414.24,324.04,0.9805,0.647252,0.675094
1786702523.242693,88.744615,2680,29.76,429.70,59.33,1.0000,0.671405,0.123595,414.24,324.21,0.9799,0.647255,0.675428
1786702523.276913,88.778835,2681,29.76,429.71,59.32,1.0000,0.671423,0.123594,414.24,324.21,0.9797,0.647253,0.675434
1786702523.311303,88.813225,2682,29.76,429.68,59.29,1.0000,0.671372,0.123518,414.25,324.19,0.9798,0.647265,0.675399
1786702523.345508,88.847430,2683,29.76,429.67,59.29,1.0000,0.671363,0.123530,414.35,324.16,0.9792,0.647425,0.675339
1786702523.371983,88.873905,2684,29.76,429.67,59.30,1.0000,0.671363,0.123532,414.40,324.08,0.9793,0.647493,0.675161
1786702523.412301,88.914223,2685,29.76,429.59,59.30,1.0000,0.671239,0.123534,414.38,324.18,0.9790,0.647471,0.675370
1786702523.428067,88.929988,2686,29.76,429.55,59.34,1.0000,0.671174,0.123625,414.34,324.18,0.9790,0.647405,0.675370
1786702523.489941,88.991863,2687,29.73,429.32,59.32,1.0000,0.670819,0.123581,414.36,324.27,0.9790,0.647430,0.675556
1786702523.513988,89.015909,2688,29.73,429.32,59.31,1.0000,0.670808,0.123572,414.37,324.34,0.9789,0.647450,0.675706
1786702523.548441,89.050363,2689,29.73,429.20,59.36,1.0000,0.670632,0.123657,414.36,324.35,0.9792,0.647435,0.675738
1786702523.578275,89.080197,2690,29.73,429.18,59.32,1.0000,0.670589,0.123589,414.33,324.28,0.9791,0.647384,0.675582
1786702523.614674,89.116596,2691,29.73,429.29,59.34,1.0000,0.670764,0.123626,414.33,324.07,0.9793,0.647388,0.675148
1786702523.641919,89.143840,2692,29.73,429.11,59.35,1.0000,0.670492,0.123642,414.29,323.93,0.9792,0.647331,0.674857
1786702523.716770,89.218691,2694,29.73,428.43,59.37,1.0000,0.669415,0.123689,414.17,323.86,0.9793,0.647146,0.674707
1786702523.764399,89.266320,2695,29.73,428.42,59.42,1.0000,0.669409,0.123782,414.17,323.87,0.9794,0.647136,0.674728
1786702523.766409,89.268331,2696,29.73,428.35,59.42,1.0000,0.669298,0.123786,414.17,323.86,0.9792,0.647135,0.674711
1786702523.825628,89.327549,2697,29.73,428.04,59.38,1.0000,0.668808,0.123705,414.17,323.89,0.9790,0.647140,0.674767
1786702523.848990,89.350912,2698,29.73,427.91,59.31,1.0000,0.668614,0.123567,414.19,323.89,0.9790,0.647171,0.674776
1786702523.875399,89.377321,2699,29.73,427.87,59.31,1.0000,0.668546,0.123567,414.20,323.84,0.9792,0.647182,0.674661
1786702523.914359,89.416281,2700,29.73,427.28,59.28,1.0000,0.667620,0.123499,414.06,323.82,0.9790,0.646967,0.674623
1786702523.941820,89.443742,2701,29.73,427.15,59.27,1.0000,0.667424,0.123484,414.12,323.72,0.9790,0.647059,0.674409
1786702523.984775,89.486696,2702,29.73,427.16,59.27,1.0000,0.667432,0.123484,414.12,323.78,0.9794,0.647066,0.674538
1786702524.014328,89.516249,2703,29.51,427.02,59.27,1.0000,0.667211,0.123485,414.11,323.78,0.9794,0.647052,0.674550
1786702524.037499,89.539421,2704,29.51,426.98,59.24,1.0000,0.667155,0.123421,414.16,323.88,0.9792,0.647130,0.674748
1786702524.072214,89.574136,2705,29.51,426.80,59.20,1.0000,0.666878,0.123325,414.30,323.88,0.9789,0.647336,0.674756
1786702524.114432,89.616354,2706,29.51,426.74,59.23,1.0000,0.666781,0.123391,414.38,324.07,0.9786,0.647476,0.675138
1786702524.146395,89.648317,2707,29.51,426.96,59.23,1.0000,0.667124,0.123403,414.38,324.10,0.9791,0.647468,0.675200
1786702524.162215,89.664137,2708,29.51,426.80,59.02,1.0000,0.666876,0.122953,414.34,323.97,0.9791,0.647400,0.674930
1786702524.221066,89.722987,2709,29.51,426.63,58.98,1.0000,0.666608,0.122870,414.34,323.98,0.9789,0.647401,0.674968
1786702524.244270,89.746192,2710,29.51,426.63,58.98,1.0000,0.666608,0.122873,414.36,323.97,0.9792,0.647438,0.674944
1786702524.257437,89.759358,2711,29.51,426.61,58.98,1.0000,0.666584,0.122877,414.30,324.01,0.9788,0.647347,0.675031
1786702524.307992,89.809913,2712,29.51,426.71,59.03,1.0000,0.666729,0.122982,414.26,324.00,0.9791,0.647281,0.674992
1786702524.353426,89.855347,2713,29.51,426.55,58.98,1.0000,0.666480,0.122884,414.33,323.97,0.9791,0.647389,0.674947
1786702524.374964,89.876886,2714,29.51,426.41,58.97,1.0000,0.666272,0.122861,414.34,323.92,0.9792,0.647413,0.674826
1786702524.397707,89.899629,2715,29.51,426.36,58.97,1.0000,0.666185,0.122861,414.32,323.92,0.9794,0.647378,0.674827
1786702524.437941,89.939863,2716,29.51,426.36,58.99,1.0000,0.666186,0.122885,414.29,324.02,0.9797,0.647324,0.675042
1786702524.475378,89.977300,2717,29.51,426.19,58.98,1.0000,0.665919,0.122883,414.10,324.04,0.9796,0.647024,0.675076
1786702524.503999,90.005921,2718,29.51,426.25,58.98,1.0000,0.666019,0.122874,414.05,324.04,0.9799,0.646959,0.675076
1786702524.533121,90.035043,2719,29.70,426.24,58.98,1.0000,0.666000,0.122879,413.98,324.05,0.9790,0.646846,0.675104
1786702524.570318,90.072239,2720,29.70,426.21,58.99,1.0000,0.665950,0.122898,413.99,324.12,0.9788,0.646855,0.675243
1786702524.607484,90.109405,2721,29.70,425.88,58.88,1.0000,0.665444,0.122670,413.99,324.16,0.9792,0.646858,0.675337
1786702524.639575,90.141497,2722,29.70,425.64,58.88,1.0000,0.665067,0.122674,414.09,324.29,0.9789,0.647012,0.675614
1786702524.673750,90.175672,2723,29.70,425.41,58.98,1.0000,0.664708,0.122875,414.08,324.31,0.9787,0.647002,0.675640
1786702524.710917,90.212839,2724,29.70,425.08,59.08,1.0000,0.664191,0.123087,414.08,324.33,0.9788,0.646998,0.675690
1786702524.753246,90.255167,2725,29.70,424.99,59.08,1.0000,0.664049,0.123087,414.04,324.33,0.9791,0.646938,0.675689
1786702524.771935,90.273856,2726,29.70,424.95,59.00,1.0000,0.663985,0.122925,414.08,324.32,0.9793,0.647003,0.675661
1786702524.805666,90.307588,2727,29.70,424.95,58.60,1.0000,0.663984,0.122075,414.03,324.32,0.9796,0.646917,0.675664
1786702524.843071,90.344992,2728,29.70,424.96,58.60,1.0000,0.664005,0.122079,414.07,324.36,0.9797,0.646979,0.675754
1786702524.877159,90.379081,2729,29.70,424.94,58.60,1.0000,0.663967,0.122082,414.03,324.34,0.9795,0.646925,0.675707
1786702524.909168,90.411090,2730,29.70,424.92,58.53,1.0000,0.663938,0.121941,413.96,324.34,0.9798,0.646811,0.675714
1786702524.945467,90.447389,2731,29.70,424.92,58.53,1.0000,0.663932,0.121947,413.84,324.35,0.9793,0.646619,0.675727
1786702524.990984,90.492905,2732,29.70,424.55,58.69,1.0000,0.663358,0.122269,413.84,324.25,0.9789,0.646619,0.675516
1786702525.013372,90.515294,2733,29.70,424.56,58.79,1.0000,0.663369,0.122489,413.81,324.21,0.9788,0.646581,0.675445
1786702525.048612,90.550534,2734,29.67,424.55,58.83,1.0000,0.663358,0.122563,413.82,324.22,0.9787,0.646590,0.675453
1786702525.080494,90.582416,2735,29.67,424.47,58.89,1.0000,0.663231,0.122681,413.75,324.19,0.9787,0.646492,0.675397
1786702525.112017,90.613939,2736,29.67,424.37,58.85,1.0000,0.663075,0.122595,413.77,324.24,0.9788,0.646520,0.675494
1786702525.138783,90.640705,2737,29.67,424.31,58.84,1.0000,0.662991,0.122585,413.77,324.12,0.9789,0.646516,0.675256
1786702525.176706,90.678627,2738,29.67,424.31,58.89,1.0000,0.662981,0.122690,413.74,324.02,0.9785,0.646466,0.675037
1786702525.205641,90.707562,2739,29.67,424.13,58.89,1.0000,0.662703,0.122690,413.76,323.91,0.9785,0.646500,0.674809
1786702525.245300,90.747222,2740,29.67,423.86,58.89,1.0000,0.662276,0.122696,413.79,323.97,0.9780,0.646547,0.674929
1786702525.276923,90.778845,2741,29.67,423.87,58.95,1.0000,0.662292,0.122803,413.79,324.05,0.9782,0.646546,0.675102
1786702525.314068,90.815989,2742,29.67,423.89,59.00,1.0000,0.662335,0.122926,413.74,324.12,0.9784,0.646465,0.675253
1786702525.351627,90.853549,2743,29.67,423.90,59.09,1.0000,0.662337,0.123114,413.78,324.15,0.9787,0.646538,0.675318
1786702525.375180,90.877102,2744,29.67,423.90,59.13,1.0000,0.662338,0.123178,413.76,324.19,0.9788,0.646497,0.675397
1786702525.426079,90.928001,2745,29.67,423.97,59.12,1.0000,0.662448,0.123173,413.76,324.28,0.9786,0.646495,0.675574
1786702525.438064,90.939985,2746,29.67,423.96,59.12,1.0000,0.662434,0.123176,413.79,324.21,0.9785,0.646550,0.675435
1786702525.472464,90.974386,2747,29.67,423.93,59.14,1.0000,0.662396,0.123214,413.76,324.21,0.9786,0.646503,0.675442
1786702525.512712,91.014634,2748,29.67,423.99,59.14,1.0000,0.662480,0.123214,413.68,324.21,0.9788,0.646382,0.675442
1786702525.555157,91.057078,2749,29.58,423.99,59.13,1.0000,0.662482,0.123183,413.73,324.08,0.9787,0.646448,0.675159
1786702525.581871,91.083792,2750,29.58,424.01,59.13,1.0000,0.662516,0.123182,413.68,324.15,0.9782,0.646378,0.675319
1786702525.597569,91.099491,2751,29.58,424.00,59.05,1.0000,0.662504,0.123029,413.63,324.33,0.9773,0.646296,0.675678
1786702525.660301,91.162223,2752,29.58,423.99,58.87,1.0000,0.662482,0.122647,413.63,324.24,0.9773,0.646292,0.675494
1786702525.681691,91.183612,2753,29.58,424.00,58.87,1.0000,0.662505,0.122650,413.62,324.21,0.9777,0.646288,0.675435
1786702525.715809,91.217730,2754,29.58,423.98,58.91,1.0000,0.662464,0.122725,413.66,324.23,0.9782,0.646344,0.675474
1786702525.760884,91.262806,2755,29.58,423.99,58.91,1.0000,0.662485,0.122733,413.60,324.22,0.9786,0.646257,0.675460
1786702525.787317,91.289239,2756,29.58,423.99,58.86,1.0000,0.662479,0.122631,413.61,324.21,0.9789,0.646259,0.675447
1786702525.823762,91.325684,2757,29.58,423.99,58.86,1.0000,0.662477,0.122627,413.62,324.25,0.9792,0.646285,0.675519
1786702525.836577,91.338498,2758,29.58,424.00,58.87,1.0000,0.662506,0.122651,413.63,324.27,0.9795,0.646291,0.675563
1786702525.881886,91.383807,2759,29.58,424.04,58.86,1.0000,0.662563,0.122632,413.73,324.28,0.9790,0.646446,0.675580
1786702525.916643,91.418564,2760,29.58,424.05,58.86,1.0000,0.662577,0.122632,413.73,324.27,0.9790,0.646447,0.675562
1786702525.961241,91.463163,2761,29.58,424.16,58.88,1.0000,0.662749,0.122657,413.72,324.27,0.9792,0.646445,0.675557
1786702525.977279,91.479201,2762,29.58,424.08,58.85,1.0000,0.662627,0.122608,413.72,324.19,0.9789,0.646444,0.675403
1786702526.017114,91.519035,2763,29.58,424.02,58.91,1.0000,0.662527,0.122719,413.79,324.12,0.9785,0.646553,0.675241
1786702526.056565,91.558486,2764,29.63,423.68,59.19,1.0000,0.661998,0.123307,413.74,323.96,0.9786,0.646472,0.674912
1786702526.075429,91.577351,2765,29.63,423.63,59.19,1.0000,0.661920,0.123312,413.79,323.98,0.9781,0.646548,0.674969
1786702526.120170,91.622092,2766,29.63,423.74,59.17,1.0000,0.662101,0.123275,413.84,324.19,0.9786,0.646633,0.675389
1786702526.141765,91.643687,2767,29.63,423.73,59.17,1.0000,0.662079,0.123281,413.82,324.19,0.9785,0.646590,0.675391
1786702526.175947,91.677869,2768,29.63,423.74,59.25,1.0000,0.662088,0.123446,413.82,324.23,0.9782,0.646592,0.675473
1786702526.210172,91.712094,2769,29.63,423.44,59.27,1.0000,0.661623,0.123469,413.78,324.17,0.9781,0.646537,0.675361
1786702526.269419,91.771340,2770,29.63,423.41,59.31,1.0000,0.661576,0.123563,413.79,324.18,0.9785,0.646548,0.675376
1786702526.278840,91.780762,2771,29.63,423.41,59.31,1.0000,0.661577,0.123560,413.79,324.32,0.9785,0.646550,0.675660
1786702526.306351,91.808273,2772,29.63,423.40,59.25,1.0000,0.661558,0.123434,413.80,324.16,0.9783,0.646568,0.675343
1786702526.345215,91.847136,2773,29.63,423.38,59.08,1.0000,0.661524,0.123087,413.72,324.06,0.9784,0.646440,0.675124
1786702526.376331,91.878252,2774,29.63,423.33,58.72,1.0000,0.661452,0.122342,413.76,323.96,0.9782,0.646497,0.674916
1786702526.408385,91.910307,2775,29.63,423.33,58.54,1.0000,0.661451,0.121959,413.73,323.96,0.9782,0.646455,0.674923
1786702526.454391,91.956312,2776,29.63,423.27,58.29,1.0000,0.661365,0.121432,413.65,324.09,0.9777,0.646326,0.675196
1786702526.470992,91.972913,2777,29.63,423.18,58.11,1.0000,0.661220,0.121065,413.88,324.09,0.9777,0.646694,0.675187
1786702526.514267,92.016189,2778,29.63,422.93,57.95,1.0000,0.660832,0.120730,413.94,324.07,0.9773,0.646784,0.675145
1786702526.540798,92.042720,2779,29.63,422.81,57.89,1.0000,0.660645,0.120609,413.98,324.12,0.9770,0.646843,0.675255
1786702526.574056,92.075977,2780,30.07,422.44,57.90,1.0000,0.660057,0.120630,414.09,324.04,0.9770,0.647016,0.675078
1786702526.610204,92.112126,2781,30.07,422.44,57.97,1.0000,0.660058,0.120762,414.10,324.03,0.9769,0.647033,0.675054
1786702526.639256,92.141177,2782,30.07,422.22,57.97,1.0000,0.659712,0.120766,414.11,324.00,0.9766,0.647042,0.675003
1786702526.679195,92.181117,2783,30.07,422.28,57.95,1.0000,0.659810,0.120739,414.30,323.98,0.9760,0.647343,0.674962
1786702526.704972,92.206893,2784,30.07,422.27,57.97,1.0000,0.659802,0.120765,414.29,323.97,0.9764,0.647330,0.674945
1786702526.727243,92.229165,2785,30.07,422.26,57.88,1.0000,0.659787,0.120587,414.37,324.00,0.9759,0.647457,0.675005
1786702526.796808,92.298729,2786,30.07,422.26,57.88,1.0000,0.659778,0.120591,414.21,323.88,0.9759,0.647203,0.674749
1786702526.811410,92.313332,2787,30.07,422.23,57.90,1.0000,0.659741,0.120625,414.20,323.94,0.9754,0.647188,0.674876
1786702526.841260,92.343182,2788,30.07,422.23,57.92,1.0000,0.659731,0.120658,414.19,323.98,0.9745,0.647178,0.674949
1786702526.873584,92.375505,2789,30.07,422.15,57.92,1.0000,0.659605,0.120665,413.97,324.06,0.9742,0.646836,0.675119
1786702526.906080,92.408002,2790,30.07,422.14,57.91,1.0000,0.659589,0.120644,413.90,324.03,0.9742,0.646724,0.675058
1786702526.941563,92.443485,2791,30.07,422.14,57.92,1.0000,0.659586,0.120658,413.94,324.06,0.9745,0.646789,0.675120
1786702526.980684,92.482605,2792,30.07,422.09,57.96,1.0000,0.659518,0.120757,414.02,324.08,0.9751,0.646907,0.675162
1786702527.028447,92.530369,2793,30.07,422.03,58.00,1.0000,0.659420,0.120837,413.93,324.35,0.9758,0.646759,0.675725
1786702527.036705,92.538627,2794,30.07,421.93,58.01,1.0000,0.659265,0.120853,413.94,324.28,0.9760,0.646774,0.675579
1786702527.084756,92.586678,2795,29.91,421.85,57.99,1.0000,0.659136,0.120822,413.92,324.29,0.9764,0.646754,0.675606
1786702527.104592,92.606514,2796,29.91,421.69,57.95,1.0000,0.658884,0.120739,413.93,324.28,0.9759,0.646765,0.675574
1786702527.145934,92.647855,2797,29.91,421.63,57.96,1.0000,0.658803,0.120742,413.89,324.29,0.9759,0.646704,0.675612
1786702527.178074,92.679995,2798,29.91,421.43,57.92,1.0000,0.658482,0.120676,413.89,324.32,0.9759,0.646699,0.675667
1786702527.212374,92.714296,2799,29.91,421.26,57.95,1.0000,0.658217,0.120729,413.84,324.36,0.9762,0.646621,0.675756
1786702527.243808,92.745729,2800,29.91,421.22,57.95,1.0000,0.658158,0.120731,413.86,324.31,0.9770,0.646655,0.675646
1786702527.291759,92.793681,2801,29.91,420.90,58.05,1.0000,0.657660,0.120941,413.85,324.42,0.9771,0.646643,0.675883
1786702527.323585,92.825506,2802,29.91,420.84,58.05,1.0000,0.657568,0.120942,413.85,324.46,0.9770,0.646642,0.675968
1786702527.355412,92.857333,2803,29.91,420.67,58.04,1.0000,0.657305,0.120921,413.85,324.50,0.9763,0.646635,0.676040
1786702527.387570,92.889492,2804,29.91,420.67,58.06,1.0000,0.657304,0.120959,413.85,324.52,0.9767,0.646647,0.676088
1786702527.419233,92.921154,2805,29.91,420.31,58.08,1.0000,0.656738,0.121009,413.92,324.39,0.9763,0.646745,0.675804
1786702527.451767,92.953689,2806,29.91,420.22,58.38,1.0000,0.656595,0.121634,413.91,324.39,0.9760,0.646741,0.675804
1786702527.467282,92.969203,2807,29.91,419.91,58.39,1.0000,0.656110,0.121653,413.96,324.36,0.9766,0.646808,0.675759
1786702527.516383,93.018305,2808,29.91,419.64,58.44,1.0000,0.655685,0.121760,413.98,324.31,0.9767,0.646845,0.675639
1786702527.557750,93.059671,2809,29.91,419.64,58.47,1.0000,0.655686,0.121815,414.01,324.27,0.9765,0.646883,0.675560
1786702527.578714,93.080636,2810,29.91,419.63,58.48,1.0000,0.655668,0.121825,414.06,324.25,0.9769,0.646964,0.675529
1786702527.596033,93.097954,2811,30.06,419.62,58.59,1.0000,0.655660,0.122063,414.04,324.24,0.9766,0.646935,0.675505
1786702527.637073,93.138995,2812,30.06,419.34,58.88,1.0000,0.655218,0.122667,414.07,324.35,0.9769,0.646977,0.675734
1786702527.690940,93.192862,2813,30.06,419.11,58.89,1.0000,0.654858,0.122682,414.06,324.35,0.9771,0.646970,0.675739
1786702527.706234,93.208155,2814,30.06,418.69,59.02,1.0000,0.654199,0.122950,414.18,324.28,0.9757,0.647150,0.675589
1786702527.728349,93.230270,2815,30.06,418.67,59.02,1.0000,0.654175,0.122948,414.16,324.31,0.9755,0.647126,0.675654
1786702527.786001,93.287923,2816,30.06,418.51,59.02,1.0000,0.653919,0.122952,414.19,324.32,0.9756,0.647168,0.675668
1786702527.802054,93.303976,2817,30.06,418.50,58.98,1.0000,0.653907,0.122867,414.19,324.28,0.9752,0.647170,0.675588
1786702527.850170,93.352092,2818,30.06,418.50,58.95,1.0000,0.653911,0.122804,414.19,324.27,0.9747,0.647177,0.675567
1786702527.881475,93.383397,2819,30.06,418.39,58.94,1.0000,0.653730,0.122789,414.23,324.29,0.9744,0.647241,0.675609
1786702527.913057,93.414979,2820,30.06,418.35,58.97,1.0000,0.653676,0.122846,414.33,324.28,0.9741,0.647395,0.675589
1786702527.949264,93.451185,2821,30.06,418.32,58.92,1.0000,0.653631,0.122749,414.28,324.29,0.9743,0.647307,0.675601
1786702527.991904,93.493826,2822,30.06,418.27,58.87,1.0000,0.653553,0.122642,414.32,324.26,0.9745,0.647371,0.675548
1786702528.007690,93.509612,2823,30.06,418.11,58.92,1.0000,0.653294,0.122743,414.34,324.30,0.9737,0.647407,0.675621
1786702528.042148,93.544069,2824,30.06,418.07,58.98,1.0000,0.653232,0.122880,414.34,324.31,0.9733,0.647408,0.675639
1786702528.079230,93.581151,2825,30.06,418.03,58.91,1.0000,0.653169,0.122731,414.34,324.24,0.9740,0.647408,0.675491
1786702528.121834,93.623756,2826,29.76,417.96,58.86,1.0000,0.653068,0.122635,414.33,324.01,0.9730,0.647395,0.675022
1786702528.151033,93.652955,2827,29.76,417.95,58.87,1.0000,0.653052,0.122643,414.33,323.87,0.9724,0.647392,0.674735
1786702528.167041,93.668962,2828,29.76,417.88,58.84,1.0000,0.652931,0.122588,414.31,323.87,0.9728,0.647365,0.674738
1786702528.214864,93.716786,2829,29.76,417.78,58.83,1.0000,0.652789,0.122564,414.32,323.87,0.9725,0.647376,0.674730
1786702528.247125,93.749047,2830,29.76,417.83,58.68,1.0000,0.652863,0.122243,414.32,323.89,0.9723,0.647379,0.674780
1786702528.293201,93.795122,2831,29.76,417.89,58.37,1.0000,0.652946,0.121605,414.28,324.00,0.9729,0.647315,0.674995
1786702528.333645,93.835567,2832,29.76,418.22,58.35,1.0000,0.653466,0.121566,414.01,324.10,0.9731,0.646890,0.675202
1786702528.340976,93.842898,2833,29.76,418.27,58.36,1.0000,0.653553,0.121574,413.86,324.22,0.9735,0.646654,0.675462
1786702528.386406,93.888328,2834,29.76,418.28,58.38,1.0000,0.653570,0.121629,413.86,324.24,0.9736,0.646659,0.675493
1786702528.404056,93.905978,2835,29.76,418.31,58.46,1.0000,0.653614,0.121786,413.79,324.47,0.9738,0.646553,0.675989
1786702528.438407,93.940329,2836,29.76,418.31,58.60,1.0000,0.653614,0.122077,413.81,324.86,0.9744,0.646580,0.676789
1786702528.482469,93.984391,2837,29.76,418.32,58.78,1.0000,0.653621,0.122448,413.83,324.69,0.9746,0.646605,0.676435
1786702528.513877,94.015799,2838,29.76,418.49,58.74,1.0000,0.653886,0.122372,413.84,324.73,0.9739,0.646628,0.676513
1786702528.537663,94.039584,2839,29.76,418.60,58.74,1.0000,0.654068,0.122368,413.82,324.82,0.9741,0.646597,0.676700
1786702528.589179,94.091101,2840,29.76,419.15,58.74,1.0000,0.654917,0.122379,413.81,324.87,0.9743,0.646577,0.676817
1786702528.624664,94.126586,2841,29.76,419.31,58.73,1.0000,0.655179,0.122363,413.72,324.96,0.9745,0.646443,0.677005
1786702528.656812,94.158734,2842,29.79,419.44,58.88,1.0000,0.655377,0.122666,413.76,324.92,0.9746,0.646494,0.676914
1786702528.672483,94.174405,2843,29.79,419.80,58.82,1.0000,0.655941,0.122545,413.76,324.84,0.9749,0.646499,0.676754
1786702528.721147,94.223068,2844,29.79,419.95,58.72,1.0000,0.656172,0.122337,413.79,324.87,0.9757,0.646551,0.676813
1786702528.735868,94.237790,2845,29.79,420.16,58.65,1.0000,0.656502,0.122188,413.83,324.85,0.9761,0.646603,0.676776
1786702528.783888,94.285809,2846,29.79,420.40,58.64,1.0000,0.656867,0.122176,413.73,324.80,0.9763,0.646460,0.676672
1786702528.831661,94.333582,2847,29.79,420.59,58.65,1.0000,0.657164,0.122180,413.74,324.64,0.9762,0.646467,0.676325
1786702528.847322,94.349244,2848,29.79,420.92,58.64,1.0000,0.657680,0.122168,413.74,324.75,0.9763,0.646472,0.676556
1786702528.875191,94.377112,2849,29.79,420.94,58.65,1.0000,0.657718,0.122177,413.80,324.72,0.9766,0.646566,0.676501
1786702528.911033,94.412955,2850,29.79,421.34,58.65,1.0000,0.658336,0.122185,413.80,324.48,0.9761,0.646561,0.675995
1786702528.942768,94.444690,2851,29.79,421.48,58.65,1.0000,0.658563,0.122189,413.80,324.47,0.9762,0.646562,0.675988
1786702528.974521,94.476442,2852,29.79,421.68,58.65,1.0000,0.658878,0.122187,413.91,324.39,0.9763,0.646732,0.675821
1786702529.007045,94.508966,2853,29.79,421.92,58.65,1.0000,0.659248,0.122188,413.83,324.15,0.9762,0.646617,0.675318
1786702529.056132,94.558054,2854,29.79,421.93,58.65,1.0000,0.659271,0.122187,413.87,324.00,0.9753,0.646679,0.674994
1786702529.071588,94.573510,2855,29.79,421.97,58.64,1.0000,0.659330,0.122163,413.98,324.00,0.9747,0.646845,0.674993
1786702529.111639,94.613560,2856,29.79,421.92,58.66,1.0000,0.659255,0.122213,414.11,323.89,0.9738,0.647046,0.674761
1786702529.152251,94.654173,2857,29.79,421.86,58.86,1.0000,0.659149,0.122616,414.08,324.06,0.9735,0.647006,0.675118
1786702529.167204,94.669126,2858,30.02,421.71,58.87,1.0000,0.658922,0.122651,414.04,324.13,0.9737,0.646944,0.675272
1786702529.201396,94.703317,2859,30.02,421.66,58.91,1.0000,0.658842,0.122722,413.98,324.13,0.9738,0.646844,0.675267
1786702529.250182,94.752104,2860,30.02,421.75,58.97,1.0000,0.658983,0.122851,413.91,323.88,0.9743,0.646741,0.674748
1786702529.265263,94.767185,2861,30.02,421.73,58.98,1.0000,0.658952,0.122877,414.02,323.89,0.9739,0.646912,0.674768
1786702529.327710,94.829631,2862,30.02,421.64,59.00,1.0000,0.658807,0.122918,414.19,323.71,0.9737,0.647169,0.674395
1786702529.359273,94.861195,2863,30.02,421.74,59.13,1.0000,0.658972,0.123183,414.19,323.74,0.9738,0.647168,0.674466
1786702529.375332,94.877254,2864,30.02,421.78,59.11,1.0000,0.659032,0.123149,414.15,323.77,0.9742,0.647108,0.674513
1786702529.424176,94.926097,2865,30.02,421.78,59.09,1.0000,0.659032,0.123114,414.15,323.81,0.9742,0.647106,0.674597
1786702529.472627,94.974549,2866,30.02,421.64,59.10,1.0000,0.658819,0.123115,414.14,323.84,0.9737,0.647093,0.674667
1786702529.487905,94.989827,2867,30.02,421.67,59.09,1.0000,0.658852,0.123109,414.06,323.82,0.9732,0.646973,0.674625
1786702529.514251,95.016172,2868,30.02,421.68,59.09,1.0000,0.658868,0.123114,414.02,323.81,0.9724,0.646900,0.674610
1786702529.552781,95.054703,2869,30.02,421.76,59.09,1.0000,0.659001,0.123113,413.89,323.79,0.9728,0.646701,0.674571
1786702529.568438,95.070359,2870,30.02,421.76,59.14,1.0000,0.658999,0.123203,413.97,323.69,0.9717,0.646829,0.674357
1786702529.616948,95.118870,2871,30.02,421.74,59.14,1.0000,0.658976,0.123204,414.03,323.65,0.9717,0.646930,0.674272
1786702529.648612,95.150534,2872,30.02,421.75,59.14,1.0000,0.658984,0.123207,414.16,323.70,0.9723,0.647132,0.674380
1786702529.697485,95.199406,2873,29.73,421.78,59.08,1.0000,0.659029,0.123083,414.14,324.06,0.9722,0.647100,0.675130
1786702529.711958,95.213879,2874,29.73,421.79,59.08,1.0000,0.659040,0.123081,414.33,324.07,0.9721,0.647395,0.675153
1786702529.743553,95.245474,2875,29.73,421.65,59.08,1.0000,0.658824,0.123091,414.35,324.16,0.9721,0.647419,0.675342
1786702529.791457,95.293378,2876,29.73,421.58,59.16,1.0000,0.658720,0.123246,414.35,324.38,0.9730,0.647423,0.675801
1786702529.823749,95.325670,2877,29.73,421.44,58.98,1.0000,0.658496,0.122875,414.38,324.32,0.9731,0.647470,0.675658
1786702529.841061,95.342983,2878,29.73,421.30,58.97,1.0000,0.658282,0.122859,414.36,324.31,0.9730,0.647443,0.675648
1786702529.901893,95.403815,2879,29.73,421.30,58.92,1.0000,0.658280,0.122758,414.37,324.34,0.9731,0.647455,0.675700
1786702529.917795,95.419716,2880,29.73,421.27,58.88,1.0000,0.658235,0.122666,414.28,324.38,0.9726,0.647317,0.675792
1786702529.950137,95.452058,2881,29.73,420.99,58.92,1.0000,0.657801,0.122742,414.29,324.39,0.9728,0.647323,0.675814
1786702529.982273,95.484195,2882,29.73,420.98,58.92,1.0000,0.657788,0.122750,414.25,324.43,0.9728,0.647266,0.675886
1786702530.013472,95.515394,2883,29.73,420.96,58.89,1.0000,0.657750,0.122693,414.19,324.53,0.9732,0.647167,0.676102
1786702530.061315,95.563236,2884,29.73,420.95,58.89,1.0000,0.657733,0.122685,414.14,324.73,0.9737,0.647087,0.676524
1786702530.111631,95.613553,2885,29.73,420.79,58.89,1.0000,0.657477,0.122680,414.13,324.41,0.9742,0.647071,0.675847
1786702530.124648,95.626570,2886,29.73,420.48,58.85,1.0000,0.657007,0.122612,414.18,324.23,0.9735,0.647152,0.675485
1786702530.156556,95.658478,2887,29.73,420.23,58.85,1.0000,0.656607,0.122596,414.22,324.33,0.9734,0.647216,0.675680
1786702530.172113,95.674034,2888,29.73,419.69,58.79,1.0000,0.655770,0.122476,414.19,324.31,0.9735,0.647177,0.675635
1786702530.220258,95.722179,2889,29.93,419.39,58.76,1.0000,0.655300,0.122415,414.09,324.19,0.9737,0.647014,0.675393
1786702530.236040,95.737961,2890,29.93,419.31,58.60,1.0000,0.655172,0.122073,414.07,324.25,0.9739,0.646979,0.675531
1786702530.283962,95.785884,2891,29.93,419.13,58.53,1.0000,0.654893,0.121941,414.02,324.16,0.9741,0.646900,0.675341
1786702530.316322,95.818243,2892,29.93,419.01,58.52,1.0000,0.654704,0.121922,413.90,324.00,0.9745,0.646715,0.674995
1786702530.364436,95.866357,2893,29.93,418.93,58.47,1.0000,0.654575,0.121803,413.80,324.02,0.9749,0.646557,0.675035
1786702530.379249,95.881171,2894,29.93,418.91,58.47,1.0000,0.654542,0.121808,413.77,324.13,0.9752,0.646522,0.675262
1786702530.412081,95.914003,2895,29.93,418.88,58.47,1.0000,0.654495,0.121808,413.76,324.23,0.9750,0.646504,0.675486
1786702530.432725,95.934646,2896,29.93,418.88,58.48,1.0000,0.654499,0.121840,413.76,324.34,0.9752,0.646501,0.675706
1786702530.475938,95.977859,2897,29.93,418.85,58.49,1.0000,0.654454,0.121845,413.75,324.40,0.9754,0.646483,0.675829
1786702530.513233,96.015155,2898,29.93,418.84,58.50,1.0000,0.654444,0.121882,413.82,324.52,0.9758,0.646586,0.676073
1786702530.555149,96.057070,2899,29.93,418.85,58.55,1.0000,0.654448,0.121979,413.78,324.59,0.9760,0.646535,0.676231
1786702530.590539,96.092461,2900,29.93,418.81,58.65,1.0000,0.654387,0.122190,413.78,324.67,0.9761,0.646536,0.676388
1786702530.622416,96.124338,2901,29.93,418.82,58.62,1.0000,0.654412,0.122135,413.81,324.70,0.9767,0.646577,0.676459
1786702530.638107,96.140029,2902,29.93,418.86,58.62,1.0000,0.654474,0.122124,413.78,324.68,0.9767,0.646532,0.676418
1786702530.672931,96.174852,2903,29.93,418.87,58.60,1.0000,0.654478,0.122093,413.85,324.65,0.9772,0.646648,0.676347
1786702530.718198,96.220120,2904,29.93,419.00,58.40,1.0000,0.654690,0.121671,413.91,324.50,0.9775,0.646727,0.676041
1786702530.748868,96.250790,2905,30.04,419.14,58.31,1.0000,0.654910,0.121489,414.02,324.36,0.9774,0.646913,0.675759
1786702530.764826,96.266748,2906,30.04,419.31,58.22,1.0000,0.655174,0.121284,414.06,324.28,0.9775,0.646976,0.675578
1786702530.812863,96.314784,2907,30.04,419.33,58.20,1.0000,0.655202,0.121252,414.19,324.28,0.9773,0.647178,0.675578
1786702530.844749,96.346670,2908,30.04,419.34,58.19,1.0000,0.655218,0.121219,414.32,324.22,0.9769,0.647370,0.675455
1786702530.880771,96.382693,2909,30.04,419.29,58.17,1.0000,0.655135,0.121178,414.36,324.26,0.9769,0.647445,0.675545
1786702530.924168,96.426090,2910,30.04,419.24,58.21,1.0000,0.655067,0.121263,414.36,324.29,0.9775,0.647443,0.675613
1786702530.972584,96.474505,2911,30.04,419.25,58.18,1.0000,0.655075,0.121201,414.39,324.28,0.9777,0.647484,0.675574
1786702530.988364,96.490286,2912,30.04,419.54,58.05,1.0000,0.655526,0.120941,414.33,324.27,0.9780,0.647390,0.675558
1786702531.020385,96.522306,2913,30.04,419.55,58.02,1.0000,0.655546,0.120870,414.29,324.26,0.9784,0.647332,0.675549
1786702531.036284,96.538206,2914,30.04,419.58,57.88,1.0000,0.655599,0.120585,414.32,324.23,0.9787,0.647369,0.675486
1786702531.084205,96.586127,2915,30.04,419.54,57.91,1.0000,0.655537,0.120637,414.28,324.22,0.9790,0.647318,0.675456
1786702531.117035,96.618957,2916,30.04,419.57,57.90,1.0000,0.655573,0.120634,414.28,324.10,0.9792,0.647320,0.675201
1786702531.148507,96.650429,2917,30.04,419.57,57.85,1.0000,0.655573,0.120523,414.31,323.94,0.9786,0.647361,0.674882
1786702531.180048,96.681970,2918,30.04,419.63,57.85,1.0000,0.655676,0.120522,414.14,323.94,0.9781,0.647098,0.674867
1786702531.211592,96.713514,2919,30.04,419.49,57.88,1.0000,0.655452,0.120589,414.08,323.95,0.9782,0.647005,0.674902
1786702531.259387,96.761308,2920,29.83,419.54,57.89,1.0000,0.655539,0.120614,414.08,324.04,0.9780,0.647003,0.675089
1786702531.290950,96.792871,2921,29.83,419.55,57.88,1.0000,0.655548,0.120589,413.97,323.97,0.9782,0.646836,0.674938
1786702531.324039,96.825961,2922,29.83,419.41,58.09,1.0000,0.655334,0.121021,413.88,324.03,0.9781,0.646688,0.675068
1786702531.353790,96.855712,2923,29.83,419.42,58.14,1.0000,0.655336,0.121133,413.83,324.18,0.9784,0.646616,0.675379
1786702531.401306,96.903227,2924,29.83,419.39,58.14,1.0000,0.655293,0.121132,413.93,324.16,0.9779,0.646765,0.675326
1786702531.417259,96.919181,2925,29.83,419.57,58.03,1.0000,0.655571,0.120887,413.84,323.97,0.9779,0.646622,0.674938
1786702531.448782,96.950703,2926,29.83,419.51,58.02,1.0000,0.655480,0.120885,413.97,323.94,0.9774,0.646829,0.674879
1786702531.483094,96.985016,2927,29.83,419.58,58.00,1.0000,0.655593,0.120842,413.96,323.94,0.9773,0.646816,0.674877
1786702531.495981,96.997902,2928,29.83,419.64,58.01,1.0000,0.655680,0.120846,413.94,323.94,0.9772,0.646780,0.674879
1786702531.546515,97.048437,2929,29.83,419.70,58.01,1.0000,0.655779,0.120847,413.97,324.00,0.9775,0.646836,0.675002
1786702531.575539,97.077461,2930,29.83,419.64,58.02,1.0000,0.655683,0.120883,413.97,323.98,0.9775,0.646831,0.674957
1786702531.591177,97.093098,2931,29.83,419.32,57.99,1.0000,0.655184,0.120812,413.97,323.97,0.9778,0.646829,0.674933
1786702531.655165,97.157086,2932,29.83,419.37,57.99,1.0000,0.655269,0.120812,414.16,323.99,0.9784,0.647123,0.674972
1786702531.687257,97.189178,2933,29.83,419.37,57.98,1.0000,0.655266,0.120782,414.18,324.03,0.9782,0.647149,0.675063
1786702531.718674,97.220596,2934,29.83,419.37,57.97,1.0000,0.655267,0.120781,414.09,324.02,0.9782,0.647020,0.675045
1786702531.737120,97.239042,2935,29.83,419.38,57.97,1.0000,0.655276,0.120778,414.23,323.86,0.9777,0.647237,0.674713
1786702531.779384,97.281305,2936,30.05,419.40,57.97,1.0000,0.655314,0.120778,414.17,323.85,0.9773,0.647140,0.674681
1786702531.813729,97.315650,2937,30.05,419.41,57.99,1.0000,0.655328,0.120812,414.15,323.93,0.9773,0.647115,0.674859
1786702531.861516,97.363438,2938,30.05,419.42,57.97,1.0000,0.655336,0.120781,414.28,323.97,0.9774,0.647316,0.674940
1786702531.904263,97.406185,2939,30.05,419.40,58.04,1.0000,0.655320,0.120908,414.32,323.90,0.9774,0.647377,0.674782
1786702531.909392,97.411314,2940,30.05,419.37,58.06,1.0000,0.655263,0.120962,414.30,323.93,0.9768,0.647345,0.674853
1786702531.957466,97.459387,2941,30.05,419.33,58.09,1.0000,0.655199,0.121017,414.21,323.94,0.9770,0.647198,0.674876
1786702531.989551,97.491472,2942,30.05,419.21,58.10,1.0000,0.655020,0.121033,414.13,324.01,0.9773,0.647080,0.675020
1786702532.023373,97.525295,2943,30.05,419.35,58.07,1.0000,0.655240,0.120982,414.05,324.29,0.9773,0.646949,0.675601
1786702532.039214,97.541136,2944,30.05,419.28,58.07,1.0000,0.655131,0.120972,413.96,324.59,0.9779,0.646814,0.676234
1786702532.085365,97.587286,2945,30.05,419.34,58.06,1.0000,0.655213,0.120967,413.99,324.54,0.9781,0.646859,0.676134
1786702532.116120,97.618041,2946,30.05,419.35,57.97,1.0000,0.655235,0.120777,413.94,324.59,0.9785,0.646781,0.676225
1786702532.164350,97.666271,2947,30.05,419.33,57.93,1.0000,0.655199,0.120679,413.90,324.79,0.9787,0.646715,0.676650
1786702532.195934,97.697855,2948,30.05,419.33,57.90,1.0000,0.655210,0.120616,413.81,324.76,0.9790,0.646580,0.676583
1786702532.243045,97.744966,2949,30.05,419.35,57.78,1.0000,0.655228,0.120378,413.81,324.74,0.9792,0.646579,0.676535
1786702532.258847,97.760769,2950,30.05,419.31,57.76,1.0000,0.655172,0.120332,413.86,324.73,0.9789,0.646649,0.676521
1786702532.287929,97.789850,2951,29.94,419.20,57.76,1.0000,0.655007,0.120338,413.85,324.78,0.9790,0.646647,0.676623
1786702532.322602,97.824523,2952,29.94,419.12,57.86,1.0000,0.654876,0.120540,413.86,324.97,0.9785,0.646659,0.677023
1786702532.356953,97.858874,2953,29.94,418.86,57.86,1.0000,0.654462,0.120543,413.89,324.97,0.9787,0.646698,0.677026
1786702532.382250,97.884172,2954,29.94,418.70,57.87,1.0000,0.654217,0.120559,413.86,325.13,0.9784,0.646658,0.677353
1786702532.417574,97.919496,2955,29.94,418.69,57.87,1.0000,0.654209,0.120562,413.75,325.12,0.9785,0.646488,0.677334
1786702532.449357,97.951278,2956,29.94,418.66,57.87,1.0000,0.654154,0.120572,413.78,325.18,0.9784,0.646528,0.677455
1786702532.481050,97.982971,2957,29.94,418.51,57.80,1.0000,0.653918,0.120420,413.74,325.19,0.9785,0.646468,0.677489
1786702532.512193,98.014115,2958,29.94,418.12,57.62,1.0000,0.653319,0.120037,413.75,325.25,0.9789,0.646481,0.677605
1786702532.538548,98.040470,2959,29.94,418.13,57.57,1.0000,0.653321,0.119930,413.71,325.33,0.9791,0.646416,0.677775
1786702532.586049,98.087971,2960,29.94,417.31,57.48,1.0000,0.652041,0.119741,413.68,325.38,0.9790,0.646372,0.677865
1786702532.598627,98.100549,2961,29.94,417.20,57.43,1.0000,0.651870,0.119643,413.66,325.37,0.9790,0.646346,0.677858
1786702532.670603,98.172524,2962,29.94,417.21,57.41,1.0000,0.651891,0.119610,413.68,325.39,0.9794,0.646381,0.677896
1786702532.678177,98.180099,2963,29.94,417.14,57.41,1.0000,0.651774,0.119600,413.68,325.34,0.9794,0.646376,0.677785
1786702532.702508,98.204429,2964,29.94,417.07,57.41,1.0000,0.651674,0.119601,413.71,325.30,0.9796,0.646428,0.677709
1786702532.761061,98.262983,2965,29.94,417.01,57.41,1.0000,0.651573,0.119601,413.69,325.14,0.9797,0.646394,0.677370
1786702532.788647,98.290569,2966,29.94,416.92,57.44,1.0000,0.651430,0.119658,413.68,325.16,0.9798,0.646378,0.677417
1786702532.820482,98.322403,2967,29.94,416.86,57.51,1.0000,0.651341,0.119809,413.73,325.20,0.9798,0.646458,0.677490
1786702532.852297,98.354219,2968,29.94,416.63,57.51,1.0000,0.650983,0.119819,413.73,324.94,0.9797,0.646456,0.676962
1786702532.876829,98.378751,2969,29.94,416.58,57.44,1.0000,0.650910,0.119675,413.72,324.81,0.9800,0.646433,0.676683
1786702532.915467,98.417389,2970,29.94,416.57,57.46,1.0000,0.650897,0.119712,413.66,324.76,0.9800,0.646349,0.676579
1786702532.946834,98.448755,2971,29.94,416.61,57.44,1.0000,0.650954,0.119673,413.65,324.71,0.9801,0.646324,0.676485
1786702532.972774,98.474695,2972,29.94,416.60,57.39,1.0000,0.650937,0.119560,413.61,324.68,0.9803,0.646258,0.676413
1786702533.010040,98.511962,2973,29.94,416.59,57.39,1.0000,0.650921,0.119555,413.65,324.68,0.9804,0.646330,0.676423
1786702533.074341,98.576262,2974,29.94,416.58,57.42,1.0000,0.650909,0.119623,413.65,324.71,0.9805,0.646333,0.676478
1786702533.089375,98.591296,2975,29.94,416.58,57.55,1.0000,0.650902,0.119899,413.74,324.68,0.9804,0.646475,0.676427
1786702533.123971,98.625893,2976,29.94,416.58,57.51,1.0000,0.650900,0.119817,413.74,324.71,0.9799,0.646465,0.676471
1786702533.153489,98.655411,2977,29.94,416.72,57.44,1.0000,0.651130,0.119663,413.72,324.70,0.9798,0.646432,0.676463
1786702533.185517,98.687438,2978,29.94,416.83,57.44,1.0000,0.651302,0.119663,413.73,324.78,0.9798,0.646446,0.676626
1786702533.232914,98.734836,2979,29.94,417.00,57.42,1.0000,0.651562,0.119632,413.71,324.77,0.9800,0.646418,0.676602
1786702533.247957,98.749879,2980,29.94,417.05,57.45,1.0000,0.651641,0.119679,413.70,324.78,0.9800,0.646410,0.676622
1786702533.295928,98.797850,2981,29.85,417.10,57.40,1.0000,0.651726,0.119592,413.65,324.76,0.9799,0.646332,0.676580
1786702533.300666,98.802588,2982,29.85,417.11,57.41,1.0000,0.651727,0.119607,413.71,324.77,0.9799,0.646428,0.676605
1786702533.341828,98.843750,2983,29.85,417.11,57.42,1.0000,0.651732,0.119615,413.76,324.73,0.9801,0.646505,0.676522
1786702533.389302,98.891223,2984,29.85,417.11,57.42,1.0000,0.651729,0.119621,413.80,324.89,0.9801,0.646568,0.676851
1786702533.424236,98.926157,2985,29.85,417.10,57.42,1.0000,0.651726,0.119626,413.81,325.16,0.9797,0.646571,0.677415
1786702533.455571,98.957493,2986,29.85,417.17,57.42,1.0000,0.651832,0.119620,413.77,325.18,0.9799,0.646512,0.677461
1786702533.479360,98.981281,2987,29.85,417.43,57.28,1.0000,0.652227,0.119323,413.70,325.32,0.9797,0.646400,0.677743
1786702533.519535,99.021457,2988,29.85,417.48,57.32,1.0000,0.652307,0.119425,413.69,325.26,0.9799,0.646387,0.677624
1786702533.545472,99.047394,2989,29.85,417.51,57.47,1.0000,0.652362,0.119739,413.69,325.25,0.9798,0.646391,0.677613
1786702533.598739,99.100661,2990,29.85,417.59,57.49,1.0000,0.652492,0.119761,413.78,325.15,0.9802,0.646535,0.677402
1786702533.614655,99.116577,2991,29.85,417.56,57.46,1.0000,0.652434,0.119699,413.80,325.05,0.9803,0.646557,0.677179
1786702533.662324,99.164246,2992,29.85,417.60,57.45,1.0000,0.652497,0.119697,413.89,325.12,0.9805,0.646703,0.677342
1786702533.693702,99.195623,2993,29.85,417.59,57.45,1.0000,0.652482,0.119695,414.02,325.09,0.9803,0.646913,0.677273
1786702533.726073,99.227995,2994,29.85,417.60,57.44,1.0000,0.652495,0.119670,414.09,325.16,0.9801,0.647020,0.677425
1786702533.741630,99.243551,2995,29.85,417.59,57.30,1.0000,0.652483,0.119369,414.10,325.20,0.9803,0.647031,0.677506
1786702533.789686,99.291608,2996,29.85,417.58,57.29,1.0000,0.652475,0.119360,414.06,325.21,0.9806,0.646971,0.677511
1786702533.821168,99.323089,2997,29.97,417.58,57.30,1.0000,0.652474,0.119370,414.05,325.35,0.9804,0.646955,0.677811
1786702533.868751,99.370672,2998,29.97,418.09,57.09,1.0000,0.653268,0.118944,414.05,325.36,0.9797,0.646956,0.677831
1786702533.884466,99.386387,2999,29.97,418.09,57.09,1.0000,0.653264,0.118936,414.02,325.17,0.9795,0.646900,0.677432
1786702533.944804,99.446726,3000,29.97,418.08,57.08,1.0000,0.653242,0.118917,414.00,325.32,0.9797,0.646875,0.677747
1786702533.963586,99.465508,3001,29.97,418.08,56.99,1.0000,0.653251,0.118722,413.96,325.32,0.9797,0.646816,0.677742
1786702533.995538,99.497459,3002,29.97,417.93,56.97,1.0000,0.653015,0.118691,413.92,325.19,0.9797,0.646758,0.677485
1786702534.027130,99.529051,3003,29.97,417.90,56.94,1.0000,0.652973,0.118628,413.93,325.05,0.9799,0.646760,0.677196
1786702534.042892,99.544814,3004,29.97,417.75,56.93,1.0000,0.652739,0.118613,413.87,325.09,0.9799,0.646665,0.677263
1786702534.106430,99.608352,3005,29.97,417.77,56.91,1.0000,0.652765,0.118568,413.85,325.11,0.9793,0.646638,0.677322
1786702534.122320,99.624241,3006,29.97,417.47,56.91,1.0000,0.652302,0.118566,413.85,324.77,0.9790,0.646640,0.676614
1786702534.169620,99.671541,3007,29.97,417.44,56.87,1.0000,0.652243,0.118485,413.85,324.77,0.9790,0.646636,0.676597
1786702534.201520,99.703442,3008,29.97,417.60,56.88,1.0000,0.652493,0.118490,413.81,324.82,0.9790,0.646574,0.676701
1786702534.225653,99.727575,3010,29.97,417.58,56.84,1.0000,0.652467,0.118419,413.80,324.73,0.9785,0.646568,0.676529
1786702534.297474,99.799396,3011,29.97,417.53,56.84,1.0000,0.652396,0.118427,413.72,324.70,0.9787,0.646434,0.676453
1786702534.328074,99.829996,3012,29.52,417.44,56.83,1.0000,0.652255,0.118403,413.75,324.88,0.9789,0.646485,0.676838
1786702534.343791,99.845712,3013,29.52,417.34,56.85,1.0000,0.652093,0.118439,413.75,324.92,0.9790,0.646489,0.676915
1786702534.370088,99.872010,3014,29.52,417.31,56.85,1.0000,0.652047,0.118440,413.75,324.89,0.9794,0.646487,0.676848
1786702534.407362,99.909284,3015,29.52,417.13,56.87,1.0000,0.651762,0.118469,413.74,324.81,0.9794,0.646462,0.676683
1786702534.456069,99.957991,3016,29.52,416.81,57.17,1.0000,0.651272,0.119101,413.74,325.07,0.9798,0.646463,0.677228
1786702534.503330,100.005252,3017,29.52,416.59,57.18,1.0000,0.650926,0.119118,413.67,325.21,0.9800,0.646364,0.677527
1786702534.519223,100.021144,3018,29.52,416.20,57.14,1.0000,0.650308,0.119041,413.64,325.02,0.9796,0.646308,0.677119
1786702534.538996,100.040918,3019,29.52,416.06,57.14,1.0000,0.650089,0.119044,413.61,325.01,0.9797,0.646271,0.677113
1786702534.563853,100.065774,3020,29.52,416.06,57.11,1.0000,0.650090,0.118977,413.60,325.03,0.9798,0.646257,0.677142
1786702534.604494,100.106416,3021,29.52,415.94,57.06,1.0000,0.649899,0.118883,413.59,325.08,0.9800,0.646235,0.677243
1786702534.630126,100.132048,3022,29.52,415.89,56.94,1.0000,0.649831,0.118627,413.55,325.07,0.9801,0.646176,0.677233
1786702534.667870,100.169791,3023,29.52,415.63,56.91,1.0000,0.649418,0.118555,413.53,325.00,0.9799,0.646135,0.677083
1786702534.699641,100.201563,3024,29.52,415.63,56.88,1.0000,0.649418,0.118497,413.52,325.01,0.9803,0.646124,0.677096
1786702534.715160,100.217082,3025,29.52,415.45,56.85,1.0000,0.649141,0.118444,413.54,324.99,0.9806,0.646160,0.677069
1786702534.772728,100.274650,3026,29.52,415.30,56.60,1.0000,0.648906,0.117921,413.61,324.89,0.9806,0.646270,0.676844
1786702534.810467,100.312388,3027,29.52,415.24,56.60,1.0000,0.648813,0.117925,413.84,324.88,0.9808,0.646628,0.676828
1786702534.841958,100.343880,3028,29.85,415.24,56.93,1.0000,0.648812,0.118613,413.84,324.89,0.9806,0.646624,0.676850
1786702534.874071,100.375993,3029,29.85,415.17,56.93,1.0000,0.648708,0.118608,413.78,324.93,0.9805,0.646531,0.676933
1786702534.889411,100.391333,3030,29.85,415.08,56.92,1.0000,0.648562,0.118577,413.73,324.48,0.9808,0.646461,0.676007
1786702534.938092,100.440014,3031,29.85,414.91,56.92,1.0000,0.648291,0.118585,413.65,324.51,0.9804,0.646327,0.676060
1786702534.969614,100.471535,3032,29.85,414.85,56.92,1.0000,0.648195,0.118573,413.68,324.56,0.9802,0.646369,0.676175
1786702534.985308,100.487230,3033,29.85,414.84,57.01,1.0000,0.648193,0.118767,413.67,324.62,0.9804,0.646366,0.676300
1786702535.033525,100.535447,3034,29.85,414.76,57.02,1.0000,0.648058,0.118798,413.68,324.64,0.9805,0.646379,0.676336
1786702535.065300,100.567222,3035,29.85,414.73,57.01,1.0000,0.648008,0.118781,413.40,324.66,0.9802,0.645937,0.676378
1786702535.081405,100.583327,3036,29.85,414.58,57.06,1.0000,0.647787,0.118877,413.42,324.47,0.9806,0.645975,0.675981
1786702535.126529,100.628451,3037,29.85,414.60,56.99,1.0000,0.647807,0.118737,413.42,324.53,0.9804,0.645966,0.676106
1786702535.169679,100.671601,3038,29.85,414.61,56.96,1.0000,0.647831,0.118675,413.44,324.58,0.9804,0.645993,0.676205
1786702535.233579,100.735501,3039,29.85,414.59,56.96,1.0000,0.647793,0.118676,413.43,324.72,0.9802,0.645984,0.676499
1786702535.240653,100.742574,3040,29.85,414.60,56.95,1.0000,0.647807,0.118656,413.45,324.72,0.9804,0.646013,0.676506
1786702535.272807,100.774729,3041,29.85,414.64,56.86,1.0000,0.647874,0.118461,413.48,324.72,0.9806,0.646061,0.676494
1786702535.288586,100.790507,3042,29.85,414.75,56.79,1.0000,0.648046,0.118303,413.49,324.73,0.9801,0.646072,0.676519
1786702535.353197,100.855119,3043,29.79,415.07,56.97,1.0000,0.648553,0.118694,413.52,324.62,0.9801,0.646118,0.676291
1786702535.368142,100.870064,3044,29.79,415.08,56.99,1.0000,0.648558,0.118735,413.60,324.63,0.9802,0.646256,0.676321
1786702535.415692,100.917614,3045,29.79,415.39,56.99,1.0000,0.649048,0.118734,413.58,324.84,0.9800,0.646225,0.676754
1786702535.432089,100.934011,3046,29.79,415.42,57.02,1.0000,0.649094,0.118782,413.64,324.86,0.9802,0.646317,0.676785
1786702535.468966,100.970888,3047,29.79,415.43,57.07,1.0000,0.649108,0.118901,413.65,324.73,0.9802,0.646330,0.676513
1786702535.495731,100.997652,3048,29.79,415.77,57.05,1.0000,0.649637,0.118855,413.69,324.71,0.9804,0.646386,0.676475
1786702535.526945,101.028867,3049,29.79,415.90,57.02,1.0000,0.649841,0.118795,413.67,324.76,0.9800,0.646363,0.676581
1786702535.567116,101.069038,3050,29.79,416.30,57.13,1.0000,0.650472,0.119027,413.57,324.60,0.9802,0.646210,0.676250
1786702535.601215,101.103137,3051,29.79,416.36,57.13,1.0000,0.650559,0.119025,413.58,324.60,0.9799,0.646220,0.676258
1786702535.638284,101.140206,3052,29.79,416.35,57.10,1.0000,0.650546,0.118964,413.54,324.49,0.9790,0.646149,0.676029
1786702535.669681,101.171602,3053,29.79,416.76,57.10,1.0000,0.651183,0.118963,413.47,324.59,0.9783,0.646043,0.676234
1786702535.717815,101.219737,3054,29.79,416.85,57.20,1.0000,0.651326,0.119163,413.47,324.71,0.9779,0.646054,0.676472
1786702535.736326,101.238248,3055,29.79,416.96,57.23,1.0000,0.651505,0.119231,413.49,324.57,0.9780,0.646076,0.676195
1786702535.774852,101.276773,3056,29.79,417.06,57.34,1.0000,0.651657,0.119452,413.51,324.57,0.9779,0.646109,0.676191
1786702535.811931,101.313853,3057,29.79,417.14,57.50,1.0000,0.651787,0.119789,413.51,324.54,0.9780,0.646116,0.676126
1786702535.859212,101.361133,3058,29.83,417.14,57.54,1.0000,0.651781,0.119867,413.51,324.75,0.9779,0.646116,0.676570
1786702535.890789,101.392710,3059,29.83,417.14,57.55,1.0000,0.651785,0.119890,413.62,324.77,0.9776,0.646287,0.676605
1786702535.906816,101.408738,3060,29.83,417.17,57.52,1.0000,0.651827,0.119839,413.56,324.87,0.9780,0.646180,0.676813
1786702535.954122,101.456043,3061,29.83,417.20,57.52,1.0000,0.651869,0.119826,413.58,324.87,0.9778,0.646211,0.676807
1786702535.985631,101.487553,3062,29.83,417.34,57.51,1.0000,0.652097,0.119808,413.52,324.87,0.9776,0.646118,0.676807
1786702536.001526,101.503448,3063,29.83,417.56,57.50,1.0000,0.652432,0.119799,413.50,324.74,0.9774,0.646096,0.676541
1786702536.050532,101.552453,3064,29.83,417.75,57.35,1.0000,0.652729,0.119473,413.49,324.74,0.9773,0.646075,0.676540
1786702536.081833,101.583754,3065,29.83,417.75,57.31,1.0000,0.652735,0.119404,413.42,324.73,0.9763,0.645972,0.676528
1786702536.113374,101.615296,3066,29.83,417.97,57.28,1.0000,0.653071,0.119338,413.41,324.78,0.9758,0.645953,0.676626
1786702536.161041,101.662963,3067,29.83,417.87,57.27,1.0000,0.652927,0.119307,413.43,324.67,0.9756,0.645989,0.676396
1786702536.192675,101.694597,3068,29.83,417.98,57.26,1.0000,0.653093,0.119301,413.38,324.77,0.9759,0.645902,0.676612
1786702536.211412,101.713334,3069,29.83,417.97,57.29,1.0000,0.653071,0.119355,413.39,324.87,0.9758,0.645924,0.676815
1786702536.255789,101.757710,3070,29.83,417.96,57.35,1.0000,0.653061,0.119482,413.47,324.98,0.9761,0.646045,0.677040
1786702536.287869,101.789791,3071,29.83,417.89,57.40,1.0000,0.652951,0.119576,413.52,324.97,0.9765,0.646119,0.677015
1786702536.310452,101.812374,3072,29.83,417.93,57.39,1.0000,0.653010,0.119568,413.51,324.83,0.9763,0.646111,0.676724
1786702536.344450,101.846371,3073,29.83,417.93,57.38,1.0000,0.653014,0.119550,413.47,324.84,0.9766,0.646041,0.676758
1786702536.383323,101.885245,3074,29.92,417.89,57.39,1.0000,0.652948,0.119554,413.48,324.88,0.9771,0.646065,0.676834
1786702536.414927,101.916849,3075,29.92,417.86,57.39,1.0000,0.652907,0.119552,413.49,324.90,0.9773,0.646079,0.676877
1786702536.446820,101.948741,3076,29.92,417.84,57.38,1.0000,0.652879,0.119548,413.53,324.87,0.9777,0.646140,0.676803
1786702536.478417,101.980339,3077,29.92,417.84,57.53,1.0000,0.652880,0.119846,413.53,324.86,0.9781,0.646133,0.676793
1786702536.515858,102.017780,3078,29.92,417.88,57.53,1.0000,0.652945,0.119856,413.60,324.83,0.9786,0.646250,0.676732
1786702536.559203,102.061125,3079,29.92,417.94,57.53,1.0000,0.653028,0.119846,413.75,324.91,0.9783,0.646484,0.676889
1786702536.579887,102.081809,3080,29.92,417.96,57.52,1.0000,0.653055,0.119831,413.69,324.88,0.9780,0.646386,0.676839
1786702536.625362,102.127284,3081,29.92,417.94,57.59,1.0000,0.653032,0.119973,413.57,324.94,0.9778,0.646199,0.676950
1786702536.643558,102.145479,3082,29.92,417.96,57.57,1.0000,0.653058,0.119936,413.58,324.90,0.9776,0.646211,0.676865
1786702536.691396,102.193317,3083,29.92,417.94,57.56,1.0000,0.653033,0.119917,413.63,324.89,0.9779,0.646303,0.676852
1786702536.707124,102.209046,3084,29.92,417.94,57.57,1.0000,0.653025,0.119936,413.64,324.94,0.9783,0.646316,0.676964
1786702536.754818,102.256740,3085,29.92,417.91,57.57,1.0000,0.652988,0.119929,413.61,324.96,0.9785,0.646268,0.676996
1786702536.770361,102.272283,3086,29.92,417.69,57.60,1.0000,0.652638,0.120002,413.61,324.98,0.9789,0.646261,0.677041
1786702536.805271,102.307193,3087,29.92,417.58,57.66,1.0000,0.652472,0.120116,413.64,324.98,0.9793,0.646313,0.677043
1786702536.834191,102.336113,3088,29.92,417.59,57.64,1.0000,0.652479,0.120086,413.58,324.97,0.9793,0.646221,0.677023
1786702536.879494,102.381415,3089,29.92,417.59,57.64,1.0000,0.652478,0.120084,413.58,324.96,0.9793,0.646221,0.677009
1786702536.929933,102.431855,3090,29.71,417.56,57.71,1.0000,0.652444,0.120239,413.56,325.12,0.9792,0.646186,0.677325
1786702536.962594,102.464516,3091,29.71,417.56,57.75,1.0000,0.652439,0.120314,413.54,325.11,0.9789,0.646150,0.677311
1786702536.994487,102.496409,3092,29.71,417.56,57.75,1.0000,0.652436,0.120312,413.57,325.06,0.9793,0.646208,0.677206
1786702537.018164,102.520086,3093,29.71,417.46,57.72,1.0000,0.652276,0.120242,413.62,325.17,0.9794,0.646288,0.677441
1786702537.051568,102.553489,3094,29.71,417.29,57.59,1.0000,0.652018,0.119987,413.62,325.20,0.9796,0.646281,0.677502
1786702537.088421,102.590343,3095,29.71,417.20,57.59,1.0000,0.651871,0.119979,413.64,325.14,0.9784,0.646319,0.677382
1786702537.109308,102.611229,3096,29.71,417.21,57.59,1.0000,0.651895,0.119979,413.65,325.13,0.9784,0.646333,0.677345
1786702537.157550,102.659472,3097,29.71,417.06,57.57,1.0000,0.651653,0.119946,413.65,325.21,0.9774,0.646322,0.677526
1786702537.185374,102.687296,3098,29.71,417.06,57.57,1.0000,0.651659,0.119942,413.61,325.21,0.9773,0.646261,0.677531
1786702537.208283,102.710205,3099,29.71,417.10,57.54,1.0000,0.651721,0.119876,413.57,325.08,0.9774,0.646209,0.677260
1786702537.247605,102.749527,3100,29.71,417.16,57.54,1.0000,0.651805,0.119879,413.54,325.11,0.9769,0.646156,0.677315
1786702537.296202,102.798123,3101,29.71,417.67,57.55,1.0000,0.652609,0.119892,413.54,325.33,0.9769,0.646150,0.677777
1786702537.343765,102.845687,3102,29.71,417.67,57.77,1.0000,0.652612,0.120352,413.54,325.44,0.9772,0.646150,0.678002
1786702537.361700,102.863621,3103,29.71,417.74,57.78,1.0000,0.652724,0.120366,413.54,325.34,0.9775,0.646155,0.677793
1786702537.375410,102.877331,3104,29.71,417.83,57.77,1.0000,0.652858,0.120354,413.57,325.33,0.9777,0.646211,0.677775
1786702537.423806,102.925728,3105,29.71,417.83,57.93,1.0000,0.652854,0.120679,413.71,325.37,0.9781,0.646415,0.677854
1786702537.455508,102.957430,3106,29.96,417.97,57.92,1.0000,0.653083,0.120669,413.71,325.35,0.9787,0.646429,0.677803
1786702537.489030,102.990952,3107,29.96,418.14,57.92,1.0000,0.653345,0.120667,413.73,325.30,0.9791,0.646449,0.677718
1786702537.513936,103.015858,3108,29.96,418.14,57.93,1.0000,0.653345,0.120688,413.76,325.28,0.9791,0.646503,0.677657
1786702537.557813,103.059734,3109,29.96,418.14,57.93,1.0000,0.653349,0.120689,413.77,325.31,0.9784,0.646515,0.677720
1786702537.589437,103.091358,3110,29.96,418.31,58.00,1.0000,0.653604,0.120838,413.79,325.28,0.9788,0.646554,0.677657
1786702537.653030,103.154952,3112,29.96,418.37,57.99,1.0000,0.653706,0.120804,413.78,325.59,0.9787,0.646531,0.678306
1786702537.703434,103.205355,3114,29.96,418.65,57.96,1.0000,0.654142,0.120760,413.78,325.57,0.9787,0.646527,0.678278
1786702537.751024,103.252945,3115,29.96,418.65,57.96,1.0000,0.654142,0.120759,413.74,325.37,0.9781,0.646476,0.677864
1786702537.798442,103.300364,3116,29.96,418.95,57.96,1.0000,0.654603,0.120760,413.73,325.37,0.9780,0.646454,0.677862
1786702537.830296,103.332217,3118,29.96,419.04,57.91,1.0000,0.654744,0.120640,413.74,325.24,0.9780,0.646467,0.677587
1786702537.878547,103.380469,3119,29.96,419.46,57.91,1.0000,0.655412,0.120640,413.64,325.24,0.9781,0.646308,0.677582
1786702537.938065,103.439987,3121,29.96,419.41,57.90,1.0000,0.655328,0.120621,413.62,325.25,0.9778,0.646280,0.677614
1786702537.979296,103.481217,3122,28.38,419.64,57.88,1.0000,0.655695,0.120576,413.49,325.25,0.9775,0.646082,0.677596
1786702538.005284,103.507206,3123,28.38,419.65,57.98,1.0000,0.655704,0.120788,413.49,325.24,0.9778,0.646084,0.677579
1786702538.032706,103.534627,3124,28.38,419.66,58.00,1.0000,0.655713,0.120827,413.54,325.12,0.9777,0.646163,0.677329
1786702538.097444,103.599365,3126,28.38,420.00,57.85,1.0000,0.656255,0.120518,413.55,325.08,0.9776,0.646176,0.677255
1786702538.142384,103.644305,3127,28.38,420.19,58.22,1.0000,0.656544,0.121286,413.58,325.46,0.9784,0.646223,0.678044
1786702538.174185,103.676106,3128,28.38,420.20,58.26,1.0000,0.656559,0.121373,413.59,325.46,0.9785,0.646229,0.678032
1786702538.206203,103.708124,3129,28.38,420.23,58.22,1.0000,0.656617,0.121300,413.61,325.37,0.9782,0.646258,0.677859
1786702538.285576,103.787497,3131,28.38,420.16,58.44,1.0000,0.656495,0.121755,413.48,325.31,0.9783,0.646056,0.677727
1786702538.333603,103.835525,3133,28.38,420.16,58.45,1.0000,0.656500,0.121777,413.57,324.68,0.9781,0.646207,0.676412
1786702538.365547,103.867469,3134,28.38,420.03,58.69,1.0000,0.656303,0.122271,413.69,324.72,0.9781,0.646388,0.676494
1786702538.431210,103.933131,3136,28.38,419.84,58.63,1.0000,0.655998,0.122152,413.71,324.88,0.9779,0.646427,0.676839
1786702538.461430,103.963351,3137,26.94,419.58,58.62,1.0000,0.655600,0.122124,413.68,324.84,0.9776,0.646376,0.676743
1786702538.524778,104.026700,3138,26.94,419.69,58.60,1.0000,0.655760,0.122091,413.69,324.80,0.9782,0.646385,0.676666
1786702538.568383,104.070305,3140,26.94,419.71,58.51,1.0000,0.655798,0.121894,413.64,324.88,0.9783,0.646315,0.676834
1786702538.620557,104.122478,3141,26.94,419.59,58.46,1.0000,0.655605,0.121797,413.63,325.02,0.9773,0.646295,0.677132
1786702538.652222,104.154144,3142,26.94,419.44,58.41,1.0000,0.655376,0.121695,413.66,325.07,0.9777,0.646350,0.677235
1786702538.700137,104.202059,3144,26.94,419.44,58.16,1.0000,0.655375,0.121162,413.39,325.01,0.9775,0.645927,0.677109
1786702538.748369,104.250291,3145,26.94,419.42,58.16,1.0000,0.655340,0.121157,413.40,325.21,0.9771,0.645943,0.677530
1786702538.779669,104.281591,3146,26.94,419.94,58.16,1.0000,0.656161,0.121177,413.34,325.12,0.9772,0.645838,0.677339
1786702538.843629,104.345550,3148,26.94,420.06,58.20,1.0000,0.656343,0.121240,413.36,325.06,0.9771,0.645868,0.677213
1786702538.891257,104.393178,3149,26.94,420.23,58.13,1.0000,0.656613,0.121103,413.38,325.07,0.9775,0.645908,0.677234
1786702538.938802,104.440723,3150,26.94,420.23,58.14,1.0000,0.656613,0.121119,413.33,325.12,0.9776,0.645824,0.677329
1786702538.954484,104.456405,3151,26.94,420.22,58.15,1.0000,0.656600,0.121148,413.34,325.09,0.9771,0.645851,0.677271
1786702539.002091,104.504013,3153,26.32,420.21,58.23,1.0000,0.656579,0.121323,413.35,325.19,0.9771,0.645867,0.677489
1786702539.082894,104.584816,3154,26.32,420.22,58.35,1.0000,0.656590,0.121560,413.38,325.13,0.9771,0.645904,0.677348
1786702539.110900,104.612822,3156,26.32,420.35,58.47,1.0000,0.656796,0.121807,413.37,325.14,0.9772,0.645896,0.677368
1786702539.173283,104.675204,3158,26.32,420.43,58.40,1.0000,0.656915,0.121674,413.44,325.29,0.9769,0.646008,0.677695
1786702539.222507,104.724429,3159,26.32,420.37,58.41,1.0000,0.656824,0.121697,413.47,325.30,0.9774,0.646042,0.677698
1786702539.253286,104.755207,3160,26.32,420.37,58.44,1.0000,0.656830,0.121755,413.52,325.29,0.9778,0.646120,0.677687
1786702539.285117,104.787039,3161,26.32,420.03,58.45,1.0000,0.656297,0.121768,413.51,325.29,0.9776,0.646113,0.677692
