host_epoch,t_rel,frame_number,fps,head_x,head_y,head_confidence,head_x_norm,head_y_norm,feet_x,feet_y,feet_confidence,feet_x_norm,feet_y_norm
1786703646.214342,-0.126981,14,0.00,187.56,71.46,1.0000,0.293067,0.148870,211.43,335.06,0.9887,0.330359,0.698038
1786703646.349339,0.008015,18,0.00,187.66,71.31,1.0000,0.293223,0.148562,211.41,334.89,0.9885,0.330326,0.697696
1786703646.438042,0.096718,21,0.00,187.80,71.28,1.0000,0.293437,0.148501,211.39,335.00,0.9884,0.330304,0.697914
1786703646.550060,0.208736,22,0.00,188.35,71.21,1.0000,0.294291,0.148357,211.65,334.80,0.9881,0.330699,0.697492
1786703646.553609,0.212286,24,0.00,188.26,71.23,1.0000,0.294161,0.148403,211.64,334.97,0.9882,0.330681,0.697847
1786703646.652489,0.311165,25,0.00,188.27,71.23,1.0000,0.294172,0.148398,211.65,334.97,0.9883,0.330703,0.697856
1786703646.667141,0.325818,28,0.00,188.27,71.22,1.0000,0.294175,0.148381,211.65,334.97,0.9883,0.330701,0.697864
1786703646.757755,0.416431,29,0.00,188.28,71.00,1.0000,0.294185,0.147915,211.67,334.87,0.9883,0.330733,0.697645
1786703646.771826,0.430503,31,0.00,188.28,71.00,1.0000,0.294186,0.147906,211.67,334.80,0.9883,0.330740,0.697507
1786703646.856484,0.515160,33,19.04,188.31,70.89,1.0000,0.294232,0.147680,211.77,334.59,0.9883,0.330894,0.697072
1786703646.875785,0.534462,34,19.04,188.31,70.67,1.0000,0.294236,0.147222,211.76,334.59,0.9883,0.330868,0.697068
1786703646.960142,0.618819,35,19.04,188.48,70.49,1.0000,0.294508,0.146852,211.79,334.59,0.9883,0.330929,0.697063
1786703646.972983,0.631660,37,19.04,188.50,70.49,1.0000,0.294529,0.146860,211.76,334.77,0.9884,0.330869,0.697443
1786703647.062971,0.721648,38,19.04,188.50,70.57,1.0000,0.294536,0.147011,211.63,335.02,0.9883,0.330668,0.697960
1786703647.077229,0.735905,40,19.04,188.50,70.60,1.0000,0.294538,0.147088,211.63,335.00,0.9883,0.330672,0.697925
1786703647.162777,0.821454,41,19.04,188.40,70.62,1.0000,0.294370,0.147125,211.63,335.13,0.9883,0.330672,0.698192
1786703647.180429,0.839106,43,19.04,188.40,70.62,1.0000,0.294368,0.147127,211.68,334.93,0.9883,0.330745,0.697773
1786703647.271137,0.929814,45,19.04,188.47,70.81,1.0000,0.294478,0.147511,211.68,334.95,0.9882,0.330748,0.697808
1786703647.274049,0.932725,46,19.04,188.50,70.80,1.0000,0.294528,0.147503,211.68,334.72,0.9882,0.330744,0.697331
1786703647.370796,1.029472,48,19.04,188.25,70.64,1.0000,0.294145,0.147177,211.70,334.79,0.9884,0.330774,0.697483
1786703647.371809,1.030485,49,19.45,188.25,70.57,1.0000,0.294140,0.147017,211.70,334.55,0.9883,0.330788,0.696980
1786703647.472979,1.131655,50,19.45,188.29,70.57,1.0000,0.294197,0.147028,211.75,334.55,0.9883,0.330854,0.696978
1786703647.475664,1.134341,52,19.45,188.42,70.58,1.0000,0.294403,0.147032,211.80,334.32,0.9883,0.330938,0.696506
1786703647.580634,1.239311,54,19.45,188.75,71.37,1.0000,0.294919,0.148683,211.80,334.35,0.9884,0.330940,0.696570
1786703647.594900,1.253577,55,19.45,188.80,71.47,1.0000,0.294996,0.148903,211.80,334.44,0.9884,0.330942,0.696754
1786703647.617915,1.276592,56,19.45,188.92,71.70,1.0000,0.295194,0.149375,211.76,334.44,0.9882,0.330877,0.696754
1786703647.676488,1.335165,58,19.45,188.96,71.85,1.0000,0.295249,0.149679,211.69,334.53,0.9883,0.330771,0.696929
1786703647.779111,1.437787,59,19.45,189.23,71.73,1.0000,0.295679,0.149432,211.69,334.43,0.9884,0.330765,0.696739
1786703647.794890,1.453566,61,19.45,189.26,71.67,1.0000,0.295711,0.149318,211.70,334.48,0.9884,0.330774,0.696842
1786703647.881168,1.539844,62,19.45,189.26,71.61,1.0000,0.295719,0.149187,211.70,334.26,0.9881,0.330785,0.696372
1786703647.884203,1.542880,64,19.43,189.27,71.69,1.0000,0.295734,0.149356,211.73,334.47,0.9881,0.330824,0.696812
1786703647.986789,1.645466,66,19.43,189.25,71.75,1.0000,0.295706,0.149470,211.68,334.46,0.9881,0.330754,0.696800
1786703647.988792,1.647469,67,19.43,189.26,71.75,1.0000,0.295725,0.149476,211.72,334.33,0.9879,0.330805,0.696518
1786703648.006789,1.665466,68,19.43,189.25,71.75,1.0000,0.295702,0.149476,211.71,334.52,0.9878,0.330790,0.696923
1786703648.022531,1.681208,69,19.43,189.25,71.75,1.0000,0.295707,0.149484,211.68,334.53,0.9874,0.330747,0.696946
1786703648.069482,1.728158,70,19.43,189.26,71.78,1.0000,0.295717,0.149532,211.71,334.86,0.9876,0.330795,0.697630
1786703648.105408,1.764085,71,19.43,189.25,71.72,1.0000,0.295699,0.149410,211.69,334.86,0.9878,0.330759,0.697630
1786703648.145035,1.803712,72,19.43,189.21,71.71,1.0000,0.295633,0.149391,211.72,334.84,0.9881,0.330807,0.697590
1786703648.174559,1.833236,73,19.43,189.09,71.69,1.0000,0.295453,0.149357,211.71,334.98,0.9883,0.330804,0.697873
1786703648.206521,1.865197,74,19.43,189.03,71.69,1.0000,0.295366,0.149365,211.71,334.99,0.9881,0.330803,0.697901
1786703648.240768,1.899444,75,19.43,189.04,71.66,1.0000,0.295368,0.149300,211.71,334.92,0.9882,0.330797,0.697758
1786703648.278955,1.937631,76,19.43,188.75,71.69,1.0000,0.294928,0.149364,211.70,334.97,0.9883,0.330787,0.697855
1786703648.295340,1.954017,77,19.43,188.71,71.51,1.0000,0.294861,0.148976,211.69,335.01,0.9884,0.330766,0.697928
1786703648.338372,1.997049,78,19.43,188.61,71.40,1.0000,0.294696,0.148743,211.70,335.00,0.9882,0.330780,0.697926
1786703648.379368,2.038044,79,19.43,188.55,71.18,1.0000,0.294607,0.148295,211.62,334.99,0.9883,0.330661,0.697886
1786703648.401878,2.060555,80,21.48,188.55,71.21,1.0000,0.294617,0.148351,211.53,335.05,0.9882,0.330523,0.698023
1786703648.443844,2.102521,81,21.48,188.58,71.24,1.0000,0.294657,0.148409,211.53,335.05,0.9883,0.330512,0.698019
1786703648.470626,2.129303,82,21.48,188.59,71.19,1.0000,0.294665,0.148320,211.54,335.00,0.9884,0.330527,0.697925
1786703648.507988,2.166665,83,21.48,188.59,71.19,1.0000,0.294665,0.148320,211.55,335.00,0.9885,0.330547,0.697924
1786703648.550485,2.209162,84,21.48,188.58,71.16,1.0000,0.294661,0.148254,211.53,335.06,0.9885,0.330510,0.698044
1786703648.582388,2.241065,85,21.48,188.54,71.19,1.0000,0.294602,0.148305,211.58,334.85,0.9885,0.330588,0.697594
1786703648.619955,2.278631,86,21.48,188.41,71.05,1.0000,0.294384,0.148016,211.55,334.92,0.9884,0.330545,0.697757
1786703648.640661,2.299338,87,21.48,188.38,70.81,1.0000,0.294344,0.147513,211.57,334.89,0.9884,0.330579,0.697681
1786703648.669991,2.328668,88,21.48,188.32,70.42,1.0000,0.294257,0.146712,211.62,334.87,0.9884,0.330649,0.697638
1786703648.720416,2.379093,89,21.48,188.18,70.14,1.0000,0.294032,0.146126,211.62,334.85,0.9884,0.330651,0.697608
1786703648.733959,2.392636,90,21.48,188.23,70.06,1.0000,0.294111,0.145968,211.77,334.84,0.9885,0.330883,0.697591
1786703648.771769,2.430445,91,21.48,188.15,70.08,1.0000,0.293981,0.145992,211.74,334.81,0.9884,0.330839,0.697512
1786703648.802818,2.461495,92,21.48,188.23,70.34,1.0000,0.294105,0.146533,211.76,334.81,0.9884,0.330871,0.697526
1786703648.881641,2.540318,94,21.48,188.14,70.33,1.0000,0.293972,0.146518,211.78,334.82,0.9885,0.330903,0.697548
1786703648.909917,2.568593,95,21.48,188.14,70.43,1.0000,0.293972,0.146723,211.78,334.84,0.9886,0.330900,0.697573
1786703648.951799,2.610476,96,22.63,188.14,70.48,1.0000,0.293974,0.146835,211.87,334.29,0.9887,0.331053,0.696447
1786703648.973653,2.632330,97,22.63,188.17,70.53,1.0000,0.294008,0.146928,211.86,334.35,0.9887,0.331025,0.696562
1786703649.007470,2.666147,98,22.63,188.22,70.55,1.0000,0.294089,0.146988,211.90,334.30,0.9887,0.331098,0.696459
1786703649.039556,2.698233,99,22.63,188.24,70.87,1.0000,0.294125,0.147637,211.86,334.45,0.9886,0.331039,0.696777
1786703649.074718,2.733394,100,22.63,188.31,70.97,1.0000,0.294228,0.147854,211.88,334.35,0.9886,0.331058,0.696558
1786703649.106919,2.765596,101,22.63,188.31,71.01,1.0000,0.294228,0.147930,211.88,334.51,0.9886,0.331057,0.696902
1786703649.135408,2.794085,102,22.63,188.40,71.19,1.0000,0.294378,0.148303,211.85,334.73,0.9887,0.331014,0.697362
1786703649.170256,2.828933,103,22.63,188.52,71.34,1.0000,0.294568,0.148631,211.83,334.96,0.9887,0.330991,0.697827
1786703649.204552,2.863229,104,22.63,188.53,71.38,1.0000,0.294572,0.148707,211.80,334.84,0.9889,0.330943,0.697579
1786703649.239940,2.898617,105,22.63,188.54,71.54,1.0000,0.294590,0.149052,211.74,334.97,0.9889,0.330839,0.697846
1786703649.271373,2.930050,106,22.63,188.67,71.57,1.0000,0.294796,0.149095,211.74,335.00,0.9888,0.330844,0.697916
1786703649.310885,2.969562,107,22.63,188.61,71.58,1.0000,0.294696,0.149117,211.69,335.12,0.9889,0.330768,0.698176
1786703649.340185,2.998862,108,22.63,188.60,71.51,1.0000,0.294691,0.148983,211.70,335.07,0.9887,0.330788,0.698063
1786703649.375295,3.033971,109,22.63,188.58,71.18,1.0000,0.294660,0.148294,211.71,335.16,0.9886,0.330793,0.698254
1786703649.399271,3.057947,110,22.63,188.53,71.06,1.0000,0.294573,0.148037,211.69,335.14,0.9886,0.330766,0.698215
1786703649.439535,3.098212,111,22.63,188.46,71.05,1.0000,0.294474,0.148024,211.71,335.16,0.9886,0.330801,0.698249
1786703649.471391,3.130068,112,24.29,188.45,71.03,1.0000,0.294450,0.147972,211.73,335.13,0.9884,0.330822,0.698181
1786703649.505973,3.164649,113,24.29,188.43,70.90,1.0000,0.294427,0.147718,211.74,335.16,0.9883,0.330838,0.698254
1786703649.537359,3.196036,114,24.29,188.40,70.66,1.0000,0.294380,0.147210,211.77,335.10,0.9884,0.330888,0.698132
1786703649.570104,3.228780,115,24.29,188.25,70.49,1.0000,0.294134,0.146851,211.76,335.15,0.9884,0.330873,0.698229
1786703649.604884,3.263561,116,24.29,188.16,70.48,1.0000,0.293994,0.146835,211.78,334.99,0.9886,0.330898,0.697897
1786703649.638772,3.297449,117,24.29,188.21,70.47,1.0000,0.294083,0.146821,211.78,335.04,0.9886,0.330903,0.698005
1786703649.670025,3.328701,118,24.29,188.15,70.28,1.0000,0.293983,0.146414,211.77,335.10,0.9886,0.330893,0.698129
1786703649.713444,3.372121,119,24.29,188.16,70.28,1.0000,0.294007,0.146415,211.80,335.12,0.9885,0.330944,0.698173
1786703649.775077,3.433754,121,24.29,188.14,70.29,1.0000,0.293976,0.146439,211.82,335.23,0.9884,0.330961,0.698394
1786703649.818410,3.477086,122,24.29,188.20,70.52,1.0000,0.294061,0.146914,211.86,334.91,0.9882,0.331035,0.697732
1786703649.850324,3.509001,123,24.29,188.20,70.68,1.0000,0.294064,0.147242,211.86,334.93,0.9881,0.331035,0.697775
1786703649.864050,3.522726,124,24.29,188.18,70.70,1.0000,0.294031,0.147295,211.83,334.94,0.9880,0.330991,0.697784
1786703649.923374,3.582051,125,24.29,188.18,70.74,1.0000,0.294027,0.147371,211.80,335.08,0.9879,0.330942,0.698074
1786703649.952085,3.610761,126,24.29,188.16,70.68,1.0000,0.293994,0.147254,211.83,335.09,0.9878,0.330977,0.698096
1786703649.976460,3.635137,127,24.29,188.21,70.67,1.0000,0.294079,0.147233,211.85,335.08,0.9877,0.331008,0.698092
1786703650.010543,3.669219,128,24.99,188.23,70.68,1.0000,0.294114,0.147251,211.82,335.12,0.9877,0.330976,0.698176
1786703650.026213,3.684890,129,24.99,188.28,70.87,1.0000,0.294185,0.147655,211.82,335.12,0.9876,0.330967,0.698167
1786703650.068456,3.727132,130,24.99,188.30,70.84,1.0000,0.294223,0.147590,211.83,335.11,0.9877,0.330986,0.698151
1786703650.135816,3.794492,131,24.99,188.46,71.23,1.0000,0.294470,0.148400,211.82,334.80,0.9879,0.330968,0.697497
1786703650.150716,3.809392,132,24.99,188.66,71.24,1.0000,0.294789,0.148420,211.90,334.44,0.9878,0.331089,0.696740
1786703650.166918,3.825595,133,24.99,188.67,71.30,1.0000,0.294799,0.148538,211.88,334.44,0.9880,0.331059,0.696756
1786703650.206200,3.864877,134,24.99,188.58,71.29,1.0000,0.294653,0.148519,211.85,334.45,0.9881,0.331022,0.696763
1786703650.242892,3.901569,135,24.99,188.62,71.31,1.0000,0.294715,0.148554,211.82,334.45,0.9882,0.330971,0.696764
1786703650.274293,3.932969,136,24.99,188.62,71.31,1.0000,0.294716,0.148556,211.77,334.44,0.9885,0.330885,0.696751
1786703650.306617,3.965293,137,24.99,188.63,71.36,1.0000,0.294733,0.148671,211.77,334.46,0.9883,0.330897,0.696786
1786703650.356069,4.014746,138,24.99,188.58,71.35,1.0000,0.294658,0.148652,211.78,334.48,0.9883,0.330900,0.696830
1786703650.375645,4.034322,139,24.99,188.57,71.35,1.0000,0.294643,0.148642,211.78,334.40,0.9882,0.330904,0.696669
1786703650.425560,4.084237,140,24.99,188.56,71.52,1.0000,0.294619,0.148999,211.79,334.33,0.9883,0.330927,0.696528
1786703650.440549,4.099226,141,24.99,188.51,71.49,1.0000,0.294550,0.148946,211.81,334.24,0.9885,0.330959,0.696341
1786703650.474851,4.133527,142,24.99,188.51,71.29,1.0000,0.294541,0.148528,211.84,334.25,0.9886,0.330995,0.696347
1786703650.507676,4.166353,143,24.99,188.51,71.22,1.0000,0.294552,0.148381,211.86,334.27,0.9887,0.331028,0.696393
1786703650.547444,4.206121,144,26.08,188.48,71.08,1.0000,0.294503,0.148092,211.87,334.29,0.9886,0.331054,0.696440
1786703650.568622,4.227298,145,26.08,188.47,71.06,1.0000,0.294488,0.148043,211.86,334.29,0.9887,0.331039,0.696444
1786703650.613895,4.272572,146,26.08,188.46,71.09,1.0000,0.294472,0.148111,211.84,334.30,0.9887,0.330995,0.696453
1786703650.645520,4.304197,147,26.08,188.46,71.08,1.0000,0.294470,0.148087,211.84,334.29,0.9888,0.330995,0.696443
1786703650.677268,4.335944,148,26.08,188.46,71.06,1.0000,0.294467,0.148045,211.84,334.33,0.9888,0.331002,0.696529
1786703650.728225,4.386901,149,26.08,188.46,70.92,1.0000,0.294464,0.147753,211.92,334.33,0.9890,0.331128,0.696529
1786703650.740263,4.398939,150,26.08,188.47,70.87,1.0000,0.294490,0.147637,211.91,334.37,0.9889,0.331103,0.696608
1786703650.780366,4.439043,151,26.08,188.47,70.88,1.0000,0.294480,0.147673,211.95,334.33,0.9890,0.331167,0.696519
1786703650.816711,4.475388,152,26.08,188.56,70.77,1.0000,0.294618,0.147428,211.86,334.81,0.9889,0.331029,0.697511
1786703650.846092,4.504769,153,26.08,188.58,70.66,1.0000,0.294655,0.147216,211.86,334.83,0.9889,0.331025,0.697567
1786703650.875080,4.533756,154,26.08,188.62,70.68,1.0000,0.294722,0.147249,211.87,334.81,0.9889,0.331041,0.697518
1786703650.915561,4.574238,155,26.08,188.61,70.93,1.0000,0.294702,0.147766,211.86,334.73,0.9889,0.331033,0.697352
1786703650.954774,4.613451,156,26.08,188.72,70.93,1.0000,0.294871,0.147764,211.86,334.77,0.9887,0.331025,0.697429
1786703650.986150,4.644826,157,26.08,188.76,70.87,1.0000,0.294935,0.147651,211.90,334.77,0.9888,0.331094,0.697440
1786703650.994664,4.653341,158,26.08,188.75,71.02,1.0000,0.294927,0.147955,211.87,334.77,0.9888,0.331043,0.697437
1786703651.044528,4.703205,159,26.77,188.83,71.22,1.0000,0.295047,0.148376,211.90,334.77,0.9890,0.331087,0.697437
1786703651.074076,4.732753,160,26.77,188.81,71.00,1.0000,0.295023,0.147907,212.05,334.28,0.9889,0.331325,0.696421
1786703651.108845,4.767522,161,26.77,188.81,70.99,1.0000,0.295009,0.147906,212.03,334.39,0.9888,0.331300,0.696650
1786703651.143258,4.801934,162,26.77,189.04,70.84,1.0000,0.295381,0.147581,212.03,334.42,0.9888,0.331292,0.696703
1786703651.177892,4.836569,163,26.77,189.12,70.82,1.0000,0.295499,0.147540,212.03,334.45,0.9888,0.331296,0.696775
1786703651.206890,4.865566,164,26.77,189.13,70.83,1.0000,0.295511,0.147565,212.05,334.36,0.9888,0.331331,0.696578
1786703651.240874,4.899551,165,26.77,189.16,70.79,1.0000,0.295564,0.147487,212.05,334.30,0.9889,0.331329,0.696464
1786703651.272912,4.931588,166,26.77,189.32,70.81,1.0000,0.295815,0.147512,212.03,334.31,0.9890,0.331304,0.696477
1786703651.316332,4.975008,167,26.77,189.60,70.91,1.0000,0.296242,0.147725,212.07,334.11,0.9891,0.331357,0.696053
1786703651.337386,4.996062,168,26.77,189.68,70.97,1.0000,0.296370,0.147852,212.01,334.32,0.9892,0.331258,0.696501
1786703651.371274,5.029951,169,26.77,189.77,70.96,1.0000,0.296513,0.147839,212.00,334.29,0.9892,0.331256,0.696444
1786703651.424262,5.082939,170,26.77,189.76,71.03,1.0000,0.296500,0.147974,212.00,334.38,0.9892,0.331245,0.696623
1786703651.448602,5.107279,171,26.77,189.89,71.10,1.0000,0.296707,0.148131,212.00,334.42,0.9891,0.331256,0.696701
1786703651.471946,5.130622,172,26.77,189.81,71.10,1.0000,0.296577,0.148134,211.99,334.56,0.9891,0.331235,0.696997
1786703651.508614,5.167290,173,26.77,189.81,71.26,1.0000,0.296582,0.148462,212.01,334.58,0.9891,0.331273,0.697046
1786703651.538078,5.196754,174,26.77,189.81,71.37,1.0000,0.296580,0.148686,212.00,334.73,0.9892,0.331252,0.697350
1786703651.570273,5.228949,175,27.52,189.81,71.38,1.0000,0.296582,0.148702,212.00,334.72,0.9892,0.331245,0.697326
1786703651.601067,5.259744,176,27.52,189.79,71.39,1.0000,0.296550,0.148719,211.97,334.70,0.9893,0.331201,0.697289
1786703651.633614,5.292290,177,27.52,189.76,71.48,0.9999,0.296504,0.148918,211.96,334.61,0.9893,0.331195,0.697102
1786703651.671113,5.329790,178,27.52,189.75,71.67,0.9999,0.296485,0.149320,211.92,334.60,0.9894,0.331128,0.697090
1786703651.702996,5.361672,179,27.52,189.76,71.67,0.9999,0.296503,0.149320,211.95,334.60,0.9893,0.331176,0.697079
1786703651.740114,5.398790,180,27.52,189.68,71.66,0.9999,0.296369,0.149292,211.85,334.70,0.9893,0.331016,0.697283
1786703651.769537,5.428214,181,27.52,189.68,71.63,0.9999,0.296370,0.149225,211.84,334.69,0.9895,0.331001,0.697275
1786703651.803558,5.462235,182,27.52,189.55,71.65,0.9999,0.296171,0.149269,211.88,334.71,0.9895,0.331069,0.697310
1786703651.844245,5.502922,183,27.52,189.55,71.60,1.0000,0.296170,0.149157,211.87,334.73,0.9896,0.331048,0.697363
1786703651.873219,5.531896,184,27.52,189.54,71.49,1.0000,0.296150,0.148944,211.85,334.76,0.9898,0.331022,0.697407
1786703651.919266,5.577943,185,27.52,189.39,71.28,1.0000,0.295929,0.148496,211.87,334.71,0.9899,0.331052,0.697322
1786703651.934593,5.593270,186,27.52,189.39,71.26,1.0000,0.295927,0.148467,211.82,334.67,0.9898,0.330965,0.697222
1786703651.976825,5.635501,187,27.52,189.39,71.26,1.0000,0.295925,0.148458,211.81,334.57,0.9898,0.330951,0.697012
1786703652.016077,5.674753,188,27.52,189.28,71.38,1.0000,0.295746,0.148710,211.82,334.48,0.9899,0.330973,0.696835
1786703652.051205,5.709882,189,27.52,189.28,71.47,1.0000,0.295757,0.148898,211.81,334.42,0.9898,0.330956,0.696698
1786703652.064831,5.723508,190,28.00,189.28,71.65,1.0000,0.295745,0.149275,211.87,334.40,0.9899,0.331047,0.696658
1786703652.109639,5.768316,191,28.00,189.34,71.70,1.0000,0.295839,0.149381,211.93,334.38,0.9900,0.331137,0.696632
1786703652.139439,5.798115,192,28.00,189.32,71.73,1.0000,0.295809,0.149435,211.93,334.32,0.9899,0.331133,0.696509
1786703652.178825,5.837502,193,28.00,189.32,71.68,1.0000,0.295808,0.149337,211.94,334.25,0.9900,0.331158,0.696358
1786703652.210848,5.869525,194,28.00,189.30,71.62,1.0000,0.295788,0.149213,211.89,334.26,0.9899,0.331082,0.696375
1786703652.245248,5.903924,195,28.00,189.26,71.63,1.0000,0.295718,0.149229,211.90,334.26,0.9899,0.331096,0.696369
1786703652.276675,5.935351,196,28.00,189.26,71.65,1.0000,0.295713,0.149275,211.86,334.43,0.9899,0.331024,0.696731
1786703652.305118,5.963795,197,28.00,189.26,71.64,1.0000,0.295712,0.149245,211.87,334.43,0.9900,0.331051,0.696727
1786703652.347589,6.006266,198,28.00,189.29,71.73,1.0000,0.295770,0.149447,211.86,334.59,0.9900,0.331025,0.697067
1786703652.368749,6.027426,199,28.00,189.29,71.73,1.0000,0.295769,0.149448,211.76,334.77,0.9900,0.330878,0.697428
1786703652.405727,6.064404,200,28.00,189.29,71.73,1.0000,0.295763,0.149439,211.82,334.69,0.9900,0.330964,0.697266
1786703652.423564,6.082241,201,28.00,189.24,71.73,1.0000,0.295691,0.149439,211.83,334.68,0.9902,0.330988,0.697241
1786703652.477340,6.136017,202,28.00,189.26,71.81,1.0000,0.295716,0.149599,211.77,334.64,0.9901,0.330891,0.697169
1786703652.509040,6.167717,203,28.00,189.28,71.82,1.0000,0.295742,0.149621,211.75,334.69,0.9902,0.330855,0.697269
1786703652.535524,6.194200,204,28.00,189.28,71.86,1.0000,0.295757,0.149716,211.72,334.69,0.9902,0.330813,0.697272
1786703652.572920,6.231596,205,28.37,189.27,71.87,1.0000,0.295736,0.149724,211.67,334.66,0.9901,0.330735,0.697206
1786703652.609766,6.268442,206,28.37,189.29,71.88,1.0000,0.295761,0.149741,211.67,334.60,0.9901,0.330733,0.697093
1786703652.633898,6.292575,207,28.37,189.29,71.86,1.0000,0.295766,0.149711,211.66,334.75,0.9900,0.330721,0.697395
1786703652.702507,6.361184,208,28.37,189.29,71.86,1.0000,0.295772,0.149718,211.70,334.86,0.9898,0.330779,0.697623
1786703652.705131,6.363808,209,28.37,189.30,71.86,1.0000,0.295785,0.149718,211.68,334.86,0.9897,0.330756,0.697621
1786703652.732162,6.390838,210,28.37,189.29,71.87,1.0000,0.295772,0.149719,211.69,334.85,0.9898,0.330759,0.697610
1786703652.780311,6.438988,211,28.37,189.28,71.91,1.0000,0.295748,0.149820,211.69,334.69,0.9899,0.330771,0.697275
1786703652.806826,6.465503,212,28.37,189.20,71.91,1.0000,0.295620,0.149823,211.69,334.64,0.9900,0.330761,0.697161
1786703652.843841,6.502518,213,28.37,189.21,71.66,1.0000,0.295646,0.149289,211.67,334.63,0.9900,0.330738,0.697143
1786703652.875548,6.534224,214,28.37,189.21,71.70,1.0000,0.295645,0.149377,211.67,334.63,0.9901,0.330742,0.697145
1786703652.907751,6.566428,215,28.37,188.91,71.68,1.0000,0.295168,0.149337,211.70,334.62,0.9900,0.330786,0.697129
1786703652.941987,6.600663,216,28.37,188.54,71.42,1.0000,0.294592,0.148785,211.73,334.55,0.9900,0.330828,0.696969
1786703652.986953,6.645629,217,28.37,188.52,71.44,1.0000,0.294564,0.148833,211.79,334.59,0.9898,0.330919,0.697052
1786703653.013661,6.672338,218,28.37,188.64,71.45,1.0000,0.294755,0.148862,211.83,334.45,0.9896,0.330990,0.696773
1786703653.045001,6.703677,219,28.37,188.58,71.47,1.0000,0.294652,0.148893,211.81,334.44,0.9896,0.330947,0.696755
1786703653.081928,6.740605,220,28.59,188.49,71.66,1.0000,0.294513,0.149284,211.86,334.47,0.9895,0.331025,0.696803
1786703653.111268,6.769945,221,28.59,188.53,71.81,1.0000,0.294582,0.149606,211.85,334.52,0.9894,0.331011,0.696914
1786703653.140182,6.798859,222,28.59,188.59,71.82,1.0000,0.294672,0.149625,211.96,334.24,0.9891,0.331183,0.696333
1786703653.185805,6.844482,223,28.59,188.59,71.97,1.0000,0.294671,0.149948,211.95,334.22,0.9888,0.331176,0.696284
1786703653.224161,6.882838,224,28.59,188.59,72.15,1.0000,0.294664,0.150313,211.93,334.60,0.9887,0.331138,0.697082
1786703653.236934,6.895611,225,28.59,188.54,72.21,1.0000,0.294587,0.150440,211.94,334.48,0.9887,0.331162,0.696842
1786703653.275959,6.934635,226,28.59,188.53,72.23,1.0000,0.294578,0.150472,211.91,334.68,0.9888,0.331108,0.697260
1786703653.307724,6.966400,227,28.59,188.48,72.47,1.0000,0.294498,0.150987,211.96,334.44,0.9888,0.331183,0.696747
1786703653.338965,6.997642,228,28.59,188.47,72.56,1.0000,0.294479,0.151158,211.98,334.42,0.9887,0.331225,0.696699
1786703653.374877,7.033553,229,28.59,188.47,72.56,1.0000,0.294483,0.151177,212.09,334.47,0.9886,0.331387,0.696817
1786703653.390960,7.049637,230,28.59,188.46,72.57,1.0000,0.294473,0.151180,212.08,334.42,0.9886,0.331369,0.696714
1786703653.436841,7.095517,231,28.59,188.43,72.60,1.0000,0.294420,0.151246,212.11,334.25,0.9885,0.331415,0.696364
1786703653.480039,7.138716,232,28.59,188.44,72.78,1.0000,0.294431,0.151621,212.07,334.35,0.9884,0.331366,0.696565
1786703653.511279,7.169956,233,28.59,188.43,72.80,0.9999,0.294428,0.151676,212.09,334.50,0.9882,0.331392,0.696882
1786703653.538609,7.197286,234,28.59,188.45,72.87,0.9999,0.294448,0.151804,212.11,334.44,0.9884,0.331426,0.696749
1786703653.567430,7.226106,235,28.59,188.48,73.15,0.9999,0.294499,0.152387,212.08,334.53,0.9884,0.331374,0.696947
1786703653.620082,7.278759,236,28.81,188.42,73.16,0.9999,0.294414,0.152412,212.08,334.55,0.9883,0.331377,0.696983
1786703653.634427,7.293103,237,28.81,188.43,73.16,0.9999,0.294417,0.152423,212.10,334.56,0.9883,0.331402,0.696999
1786703653.681360,7.340036,238,28.81,188.42,73.34,0.9999,0.294400,0.152798,212.09,334.43,0.9884,0.331394,0.696730
1786703653.721362,7.380038,239,28.81,188.46,73.36,0.9999,0.294470,0.152842,212.03,334.49,0.9885,0.331289,0.696849
1786703653.732009,7.390686,240,28.81,188.48,73.38,0.9999,0.294495,0.152876,212.04,334.52,0.9885,0.331306,0.696911
1786703653.773831,7.432508,241,28.81,188.42,73.38,0.9999,0.294406,0.152868,212.03,334.72,0.9886,0.331303,0.697331
1786703653.813351,7.472028,242,28.81,188.41,73.34,0.9999,0.294398,0.152791,212.04,334.69,0.9886,0.331316,0.697270
1786703653.837349,7.496025,243,28.81,188.43,73.37,0.9999,0.294415,0.152854,212.06,334.50,0.9887,0.331336,0.696869
1786703653.877568,7.536245,244,28.81,188.44,73.25,0.9999,0.294431,0.152603,212.06,334.57,0.9884,0.331337,0.697021
1786703653.901644,7.560320,245,28.81,188.48,73.25,1.0000,0.294503,0.152603,212.02,334.58,0.9885,0.331274,0.697032
1786703653.970902,7.629579,246,28.81,188.58,73.10,1.0000,0.294650,0.152291,211.97,334.60,0.9885,0.331197,0.697086
1786703653.973487,7.632163,247,28.81,188.58,73.06,1.0000,0.294662,0.152214,211.96,334.58,0.9886,0.331190,0.697045
1786703654.003977,7.662654,248,28.81,188.59,73.06,1.0000,0.294668,0.152208,211.93,334.59,0.9886,0.331144,0.697066
1786703654.037028,7.695705,249,28.81,188.65,72.94,1.0000,0.294760,0.151961,211.98,334.49,0.9884,0.331222,0.696862
1786703654.081332,7.740009,250,28.81,188.65,72.93,1.0000,0.294767,0.151941,211.97,334.54,0.9885,0.331197,0.696950
1786703654.119949,7.778626,251,28.81,188.68,72.79,1.0000,0.294816,0.151649,211.96,334.56,0.9886,0.331192,0.696994
1786703654.129000,7.787677,252,29.37,188.66,72.77,1.0000,0.294780,0.151602,211.97,334.54,0.9887,0.331201,0.696965
1786703654.192147,7.850824,253,29.37,188.66,72.71,1.0000,0.294776,0.151482,211.98,334.54,0.9887,0.331218,0.696967
1786703654.205577,7.864254,254,29.37,188.71,72.71,1.0000,0.294860,0.151479,211.97,334.50,0.9888,0.331205,0.696876
1786703654.245474,7.904151,255,29.37,188.71,72.59,1.0000,0.294862,0.151236,211.94,334.56,0.9889,0.331163,0.697003
1786703654.259307,7.917983,256,29.37,188.75,72.59,1.0000,0.294919,0.151234,211.96,334.57,0.9889,0.331193,0.697022
1786703654.317899,7.976576,257,29.37,188.97,72.59,1.0000,0.295271,0.151230,211.94,334.80,0.9891,0.331155,0.697493
1786703654.333657,7.992334,258,29.37,188.96,72.42,1.0000,0.295250,0.150879,211.97,334.56,0.9890,0.331210,0.697010
1786703654.378821,8.037498,259,29.37,188.87,72.42,1.0000,0.295103,0.150873,211.97,334.56,0.9890,0.331204,0.696999
1786703654.397282,8.055958,260,29.37,188.84,72.38,1.0000,0.295064,0.150786,212.00,334.52,0.9891,0.331255,0.696909
1786703654.447441,8.106118,261,29.37,188.83,72.38,1.0000,0.295053,0.150783,211.96,334.64,0.9891,0.331181,0.697159
1786703654.462808,8.121485,262,29.37,188.77,72.22,1.0000,0.294950,0.150460,211.92,334.72,0.9890,0.331122,0.697326
1786703654.515098,8.173775,263,29.37,188.47,72.04,1.0000,0.294480,0.150074,211.92,334.66,0.9891,0.331127,0.697205
1786703654.541233,8.199910,264,29.37,188.37,71.94,1.0000,0.294330,0.149865,211.91,334.66,0.9892,0.331103,0.697204
1786703654.572096,8.230773,265,29.37,188.35,71.93,1.0000,0.294298,0.149862,211.91,334.83,0.9895,0.331103,0.697557
1786703654.603897,8.262574,266,29.37,188.30,71.97,1.0000,0.294213,0.149942,211.92,334.79,0.9895,0.331125,0.697480
1786703654.651026,8.309702,267,29.34,188.13,71.41,1.0000,0.293959,0.148771,211.96,334.71,0.9897,0.331194,0.697315
1786703654.666931,8.325608,268,29.34,188.08,71.17,1.0000,0.293869,0.148271,211.97,334.71,0.9897,0.331199,0.697315
1786703654.706378,8.365055,269,29.34,188.05,71.17,1.0000,0.293826,0.148273,211.96,334.75,0.9896,0.331192,0.697386
1786703654.738592,8.397269,270,29.34,188.03,71.17,1.0000,0.293800,0.148277,211.97,334.75,0.9896,0.331211,0.697398
1786703654.768176,8.426853,271,29.34,187.91,71.19,1.0000,0.293609,0.148323,211.96,334.78,0.9896,0.331188,0.697449
1786703654.826834,8.485511,272,29.34,187.82,71.08,1.0000,0.293467,0.148073,211.80,334.80,0.9896,0.330942,0.697495
1786703654.842643,8.501319,273,29.34,187.83,71.10,1.0000,0.293487,0.148119,211.82,334.79,0.9897,0.330974,0.697487
1786703654.866913,8.525589,274,29.34,187.83,71.13,1.0000,0.293485,0.148196,211.82,334.66,0.9898,0.330965,0.697203
1786703654.904523,8.563200,275,29.34,187.82,71.24,1.0000,0.293476,0.148411,211.87,334.58,0.9898,0.331046,0.697033
1786703654.952721,8.611398,276,29.34,187.76,71.32,1.0000,0.293373,0.148589,211.87,334.51,0.9899,0.331050,0.696904
1786703654.982473,8.641150,277,29.34,187.72,71.40,1.0000,0.293315,0.148740,211.88,334.15,0.9899,0.331069,0.696156
1786703655.008423,8.667100,278,29.34,187.71,71.44,1.0000,0.293302,0.148831,211.87,334.04,0.9900,0.331050,0.695922
1786703655.042618,8.701295,279,29.34,187.71,71.53,1.0000,0.293298,0.149025,211.88,334.07,0.9901,0.331062,0.695978
1786703655.071802,8.730478,280,29.34,187.67,71.66,1.0000,0.293227,0.149290,211.86,334.17,0.9901,0.331036,0.696194
1786703655.106843,8.765519,281,29.34,187.58,71.83,1.0000,0.293095,0.149653,211.90,334.01,0.9902,0.331096,0.695861
1786703655.138361,8.797037,282,29.34,187.50,71.83,1.0000,0.292964,0.149643,211.90,334.04,0.9903,0.331092,0.695926
1786703655.176322,8.834999,283,29.43,187.48,71.87,1.0000,0.292942,0.149729,211.89,334.32,0.9903,0.331071,0.696490
1786703655.203057,8.861734,284,29.43,187.46,71.68,1.0000,0.292912,0.149330,211.89,334.32,0.9904,0.331071,0.696492
1786703655.267269,8.925946,285,29.43,187.45,71.42,1.0000,0.292888,0.148799,211.95,334.13,0.9903,0.331176,0.696100
1786703655.269873,8.928549,286,29.43,187.47,71.49,1.0000,0.292916,0.148946,211.96,334.12,0.9902,0.331180,0.696091
1786703655.307433,8.966110,287,29.43,187.46,71.60,1.0000,0.292911,0.149163,211.91,334.34,0.9901,0.331114,0.696533
1786703655.339027,8.997704,288,29.43,187.46,71.71,1.0000,0.292909,0.149393,211.90,334.29,0.9901,0.331094,0.696436
1786703655.379178,9.037854,289,29.43,187.44,71.83,1.0000,0.292883,0.149649,211.87,334.28,0.9900,0.331045,0.696406
1786703655.403080,9.061757,290,29.43,187.48,71.83,1.0000,0.292935,0.149651,211.87,334.24,0.9900,0.331052,0.696342
1786703655.442903,9.101580,291,29.43,187.47,71.86,1.0000,0.292927,0.149699,211.83,334.76,0.9901,0.330987,0.697412
1786703655.469309,9.127985,292,29.43,187.48,71.84,1.0000,0.292942,0.149664,211.83,334.73,0.9900,0.330987,0.697356
1786703655.504133,9.162809,293,29.43,187.48,71.84,1.0000,0.292930,0.149670,211.83,334.73,0.9899,0.330989,0.697357
1786703655.546569,9.205246,294,29.43,187.47,71.78,1.0000,0.292927,0.149533,211.83,334.73,0.9897,0.330990,0.697357
1786703655.561849,9.220526,295,29.43,187.47,72.01,1.0000,0.292926,0.150024,211.85,334.74,0.9897,0.331010,0.697374
1786703655.620549,9.279225,296,29.43,187.49,72.20,1.0000,0.292951,0.150416,211.85,334.80,0.9896,0.331017,0.697508
1786703655.634217,9.292894,297,29.43,187.49,72.23,1.0000,0.292953,0.150484,211.84,334.65,0.9896,0.331002,0.697182
1786703655.671542,9.330219,298,29.43,187.49,72.21,1.0000,0.292953,0.150445,211.84,334.64,0.9896,0.330993,0.697171
1786703655.733196,9.391873,299,29.29,187.49,72.32,1.0000,0.292947,0.150667,211.83,334.60,0.9896,0.330991,0.697075
1786703655.747684,9.406360,300,29.29,187.51,72.33,1.0000,0.292978,0.150695,211.83,334.61,0.9896,0.330992,0.697097
1786703655.768816,9.427493,301,29.29,187.60,72.28,1.0000,0.293122,0.150593,211.82,334.72,0.9895,0.330973,0.697343
1786703655.838381,9.497058,303,29.29,187.66,72.20,1.0000,0.293215,0.150424,211.82,334.70,0.9894,0.330966,0.697285
1786703655.875049,9.533726,304,29.29,187.67,72.18,1.0000,0.293238,0.150374,211.82,334.67,0.9893,0.330966,0.697237
1786703655.911769,9.570446,305,29.29,187.58,72.26,1.0000,0.293092,0.150550,211.70,334.66,0.9894,0.330782,0.697212
1786703655.926963,9.585639,306,29.29,187.66,72.11,1.0000,0.293226,0.150226,211.71,334.66,0.9893,0.330799,0.697200
1786703655.974631,9.633307,307,29.29,187.68,72.11,1.0000,0.293257,0.150224,211.66,334.93,0.9893,0.330721,0.697768
1786703656.011330,9.670007,308,29.29,187.67,72.14,1.0000,0.293239,0.150287,211.64,334.87,0.9893,0.330691,0.697645
1786703656.042704,9.701381,309,29.29,187.64,72.24,1.0000,0.293185,0.150498,211.63,335.00,0.9894,0.330679,0.697915
1786703656.074976,9.733653,310,29.29,187.67,72.17,1.0000,0.293228,0.150344,211.65,334.82,0.9893,0.330699,0.697545
1786703656.106369,9.765045,311,29.29,187.67,72.15,1.0000,0.293228,0.150322,211.61,334.96,0.9894,0.330634,0.697837
1786703656.149442,9.808118,312,29.29,187.66,72.05,1.0000,0.293222,0.150099,211.61,334.96,0.9891,0.330637,0.697837
1786703656.167440,9.826117,313,29.29,187.64,72.14,1.0000,0.293194,0.150290,211.58,334.98,0.9891,0.330587,0.697879
1786703656.205307,9.863983,314,29.29,187.66,72.14,1.0000,0.293218,0.150286,211.61,334.84,0.9891,0.330637,0.697590
1786703656.242275,9.900952,315,29.35,187.67,72.14,1.0000,0.293227,0.150284,211.62,334.86,0.9891,0.330660,0.697616
1786703656.287683,9.946359,316,29.35,187.71,72.05,1.0000,0.293300,0.150113,211.61,334.72,0.9890,0.330641,0.697328
1786703656.309145,9.967822,317,29.35,187.69,72.08,1.0000,0.293264,0.150162,211.65,334.69,0.9891,0.330699,0.697265
1786703656.339951,9.998628,318,29.35,187.70,71.97,1.0000,0.293286,0.149942,211.66,334.62,0.9890,0.330723,0.697120
1786703656.378454,10.037131,319,29.35,187.65,71.97,1.0000,0.293211,0.149934,211.66,334.59,0.9891,0.330725,0.697073
1786703656.405224,10.063900,320,29.35,187.66,71.94,1.0000,0.293220,0.149884,211.70,334.56,0.9892,0.330779,0.697006
1786703656.443240,10.101916,321,29.35,187.69,72.12,1.0000,0.293259,0.150243,211.70,334.58,0.9892,0.330785,0.697043
1786703656.474723,10.133399,322,29.35,187.69,72.01,1.0000,0.293261,0.150022,211.70,334.59,0.9890,0.330777,0.697061
1786703656.540257,10.198933,323,29.35,187.61,71.85,1.0000,0.293148,0.149690,211.70,334.62,0.9892,0.330784,0.697130
1786703656.553456,10.212132,324,29.35,187.63,71.70,1.0000,0.293166,0.149381,211.70,334.63,0.9890,0.330779,0.697145
1786703656.575251,10.233928,325,29.35,187.67,71.72,1.0000,0.293230,0.149419,211.75,334.63,0.9892,0.330854,0.697150
1786703656.609312,10.267989,326,29.35,187.77,71.78,1.0000,0.293384,0.149549,211.72,334.56,0.9890,0.330817,0.696993
1786703656.640410,10.299087,327,29.35,187.79,71.74,1.0000,0.293416,0.149468,211.71,334.78,0.9891,0.330794,0.697468
1786703656.681082,10.339758,328,29.35,187.78,71.73,1.0000,0.293403,0.149439,211.72,334.83,0.9891,0.330809,0.697554
1786703656.715260,10.373937,329,29.35,187.83,71.73,1.0000,0.293479,0.149437,211.75,334.63,0.9889,0.330860,0.697140
1786703656.738754,10.397431,330,29.35,187.81,71.73,1.0000,0.293457,0.149438,211.77,334.63,0.9890,0.330885,0.697141
1786703656.770556,10.429233,331,29.53,187.82,71.75,1.0000,0.293471,0.149480,211.76,334.62,0.9889,0.330880,0.697130
1786703656.813696,10.472373,332,29.53,187.85,71.70,1.0000,0.293519,0.149377,211.76,334.63,0.9891,0.330868,0.697147
1786703656.848292,10.506968,333,29.53,187.92,71.71,1.0000,0.293624,0.149390,211.76,334.64,0.9892,0.330881,0.697172
1786703656.877973,10.536650,334,29.53,187.92,71.77,1.0000,0.293626,0.149517,211.76,334.71,0.9891,0.330879,0.697316
1786703656.906160,10.564837,335,29.53,188.04,71.77,1.0000,0.293809,0.149515,211.76,334.68,0.9893,0.330879,0.697244
1786703656.948631,10.607308,336,29.53,187.94,71.76,1.0000,0.293660,0.149504,211.77,334.65,0.9893,0.330883,0.697183
1786703656.983727,10.642403,337,29.53,187.93,71.78,1.0000,0.293645,0.149541,211.78,334.58,0.9893,0.330909,0.697046
1786703657.012634,10.671311,338,29.53,187.93,71.96,1.0000,0.293647,0.149912,211.81,334.56,0.9892,0.330955,0.697006
1786703657.051629,10.710305,339,29.53,187.94,71.96,1.0000,0.293650,0.149917,211.83,334.68,0.9891,0.330980,0.697257
1786703657.075580,10.734256,340,29.53,187.94,72.35,1.0000,0.293652,0.150719,211.80,334.78,0.9890,0.330942,0.697449
1786703657.123518,10.782195,341,29.53,187.88,72.35,1.0000,0.293568,0.150730,211.87,334.54,0.9891,0.331044,0.696952
1786703657.137000,10.795676,342,29.53,187.89,72.39,1.0000,0.293573,0.150821,211.86,334.55,0.9890,0.331027,0.696981
1786703657.182438,10.841115,343,29.53,187.88,72.42,1.0000,0.293567,0.150882,211.92,334.39,0.9890,0.331124,0.696646
1786703657.203664,10.862340,344,29.53,187.91,72.41,1.0000,0.293613,0.150851,211.92,334.44,0.9887,0.331126,0.696744
1786703657.243183,10.901859,345,29.53,188.01,72.28,1.0000,0.293770,0.150588,211.93,334.44,0.9884,0.331136,0.696743
1786703657.272087,10.930764,346,29.60,188.01,72.49,1.0000,0.293770,0.151029,211.92,334.79,0.9882,0.331118,0.697488
1786703657.314846,10.973523,347,29.60,188.03,72.52,1.0000,0.293796,0.151086,211.92,334.78,0.9884,0.331118,0.697465
1786703657.352310,11.010987,348,29.60,188.11,72.53,1.0000,0.293916,0.151095,211.87,334.95,0.9884,0.331046,0.697814
1786703657.385718,11.044395,349,29.60,187.99,72.53,1.0000,0.293738,0.151107,211.87,334.95,0.9884,0.331050,0.697816
1786703657.411221,11.069897,350,29.60,188.02,72.54,1.0000,0.293777,0.151134,211.87,334.94,0.9885,0.331048,0.697795
1786703657.440367,11.099044,351,29.60,188.09,72.51,1.0000,0.293898,0.151061,211.80,335.14,0.9886,0.330938,0.698206
1786703657.485196,11.143872,352,29.60,187.95,72.46,1.0000,0.293678,0.150954,211.83,334.75,0.9886,0.330984,0.697399
1786703657.501060,11.159737,353,29.60,187.94,72.59,1.0000,0.293660,0.151239,211.77,334.74,0.9887,0.330891,0.697374
1786703657.541314,11.199991,354,29.60,187.96,72.57,1.0000,0.293694,0.151194,211.79,334.67,0.9886,0.330923,0.697228
1786703657.571984,11.230661,355,29.60,188.40,72.58,1.0000,0.294379,0.151202,211.76,334.82,0.9887,0.330876,0.697547
1786703657.609051,11.267728,356,29.60,188.33,72.59,1.0000,0.294267,0.151235,211.80,334.52,0.9887,0.330931,0.696921
1786703657.641347,11.300024,357,29.60,188.33,72.67,1.0000,0.294261,0.151393,211.80,334.81,0.9888,0.330942,0.697520
1786703657.676739,11.335416,358,29.60,188.25,72.93,1.0000,0.294143,0.151938,211.82,334.68,0.9889,0.330966,0.697255
1786703657.710567,11.369244,359,29.60,188.35,72.93,1.0000,0.294299,0.151937,211.77,334.84,0.9890,0.330883,0.697574
1786703657.740134,11.398811,360,29.60,188.35,72.95,1.0000,0.294297,0.151982,211.76,334.91,0.9891,0.330872,0.697737
1786703657.771723,11.430399,361,29.60,188.36,72.98,1.0000,0.294309,0.152046,211.76,334.77,0.9892,0.330881,0.697428
1786703657.818857,11.477534,362,29.52,188.44,72.98,1.0000,0.294432,0.152031,211.73,334.71,0.9894,0.330834,0.697317
1786703657.834959,11.493635,363,29.52,188.44,72.87,1.0000,0.294434,0.151821,211.77,334.83,0.9893,0.330898,0.697556
1786703657.869277,11.527953,364,29.52,188.43,72.87,1.0000,0.294420,0.151819,211.77,334.94,0.9893,0.330891,0.697800
1786703657.904035,11.562711,365,29.52,188.40,72.88,1.0000,0.294377,0.151834,211.75,334.86,0.9894,0.330867,0.697631
1786703657.941220,11.599896,366,29.52,188.44,72.90,1.0000,0.294436,0.151867,211.74,335.01,0.9894,0.330845,0.697939
1786703657.974551,11.633227,367,29.52,188.40,72.95,1.0000,0.294379,0.151989,211.74,335.02,0.9893,0.330847,0.697967
1786703658.017411,11.676087,368,29.52,188.43,72.96,1.0000,0.294429,0.152008,211.72,335.01,0.9892,0.330810,0.697933
1786703658.046366,11.705042,369,29.52,188.45,72.92,1.0000,0.294458,0.151923,211.70,335.06,0.9891,0.330786,0.698037
1786703658.078350,11.737026,370,29.52,188.44,72.92,1.0000,0.294442,0.151917,211.67,335.05,0.9892,0.330739,0.698018
1786703658.115674,11.774351,371,29.52,188.44,72.88,1.0000,0.294445,0.151838,211.69,335.02,0.9891,0.330761,0.697952
1786703658.139228,11.797905,372,29.52,188.39,72.94,1.0000,0.294364,0.151967,211.69,335.11,0.9890,0.330767,0.698156
1786703658.159169,11.817846,373,29.52,188.37,72.89,1.0000,0.294331,0.151853,211.69,335.12,0.9889,0.330769,0.698161
1786703658.218957,11.877633,374,29.52,188.38,72.78,1.0000,0.294345,0.151617,211.75,335.05,0.9889,0.330854,0.698027
1786703658.235507,11.894183,375,29.52,188.26,72.67,1.0000,0.294161,0.151386,211.75,335.06,0.9889,0.330863,0.698046
1786703658.283666,11.942343,376,29.52,188.21,72.65,1.0000,0.294071,0.151359,211.75,334.88,0.9887,0.330867,0.697659
1786703658.295696,11.954373,377,29.52,188.20,72.61,1.0000,0.294065,0.151265,211.74,334.87,0.9889,0.330847,0.697648
1786703658.341653,12.000330,378,29.77,188.08,72.53,1.0000,0.293879,0.151105,211.74,334.87,0.9889,0.330848,0.697655
1786703658.375023,12.033700,379,29.77,188.06,72.52,1.0000,0.293851,0.151086,211.70,334.85,0.9890,0.330777,0.697604
1786703658.416363,12.075040,380,29.77,188.01,72.51,1.0000,0.293768,0.151068,211.72,335.00,0.9890,0.330813,0.697924
1786703658.443382,12.102059,381,29.77,187.97,72.52,1.0000,0.293710,0.151077,211.75,334.88,0.9891,0.330862,0.697664
1786703658.471590,12.130266,382,29.77,187.84,72.49,1.0000,0.293498,0.151012,211.75,334.74,0.9892,0.330862,0.697378
1786703658.496383,12.155060,383,29.77,187.78,72.46,1.0000,0.293412,0.150966,211.75,334.80,0.9890,0.330856,0.697509
1786703658.544694,12.203371,384,29.77,187.75,72.46,1.0000,0.293366,0.150961,211.75,334.68,0.9888,0.330860,0.697243
1786703658.559061,12.217738,385,29.77,187.70,72.36,1.0000,0.293279,0.150750,211.74,334.68,0.9889,0.330849,0.697249
1786703658.603697,12.262373,386,29.77,187.70,72.26,1.0000,0.293275,0.150533,211.74,334.69,0.9886,0.330848,0.697272
1786703658.643355,12.302032,387,29.77,187.69,72.13,1.0000,0.293267,0.150271,211.77,334.81,0.9884,0.330893,0.697518
1786703658.680531,12.339208,388,29.77,187.66,72.04,1.0000,0.293224,0.150091,211.79,334.88,0.9886,0.330917,0.697658
1786703658.704728,12.363404,389,29.77,187.66,71.90,1.0000,0.293212,0.149782,211.78,334.73,0.9887,0.330912,0.697361
1786703658.745111,12.403787,390,29.77,187.63,71.87,1.0000,0.293165,0.149734,211.79,334.70,0.9884,0.330928,0.697289
1786703658.780646,12.439322,391,29.77,187.62,71.81,1.0000,0.293159,0.149600,211.81,334.65,0.9886,0.330946,0.697196
1786703658.804088,12.462765,392,29.77,187.58,71.81,1.0000,0.293094,0.149596,211.86,334.41,0.9886,0.331025,0.696696
1786703658.845057,12.503733,393,29.74,187.47,71.80,1.0000,0.292925,0.149590,211.83,334.42,0.9884,0.330978,0.696718
1786703658.860748,12.519424,394,29.74,187.47,71.90,1.0000,0.292920,0.149801,211.82,334.61,0.9884,0.330975,0.697106
1786703658.905782,12.564458,395,29.74,187.43,71.91,1.0000,0.292864,0.149806,211.83,334.86,0.9885,0.330984,0.697617
1786703658.946054,12.604731,396,29.74,187.44,71.91,1.0000,0.292872,0.149811,211.84,334.96,0.9886,0.331005,0.697840
1786703658.988913,12.647589,397,29.74,187.45,71.97,1.0000,0.292890,0.149940,211.85,334.97,0.9884,0.331010,0.697852
1786703659.014885,12.673562,398,29.74,187.42,71.99,1.0000,0.292838,0.149970,211.85,335.03,0.9885,0.331011,0.697970
1786703659.047247,12.705923,399,29.74,187.44,72.01,1.0000,0.292868,0.150015,211.90,335.08,0.9884,0.331095,0.698074
1786703659.097691,12.756367,400,29.74,187.51,71.95,1.0000,0.292978,0.149892,211.83,335.10,0.9883,0.330990,0.698122
1786703659.108414,12.767091,401,29.74,187.50,71.95,1.0000,0.292967,0.149904,211.83,335.13,0.9884,0.330981,0.698179
1786703659.154115,12.812791,402,29.74,187.71,71.95,1.0000,0.293293,0.149901,211.83,335.25,0.9883,0.330990,0.698434
1786703659.166333,12.825010,403,29.74,187.73,71.95,1.0000,0.293331,0.149901,211.76,335.27,0.9884,0.330875,0.698488
1786703659.203824,12.862500,404,29.74,187.76,71.92,1.0000,0.293382,0.149837,211.79,334.99,0.9884,0.330926,0.697900
1786703659.252234,12.910910,405,29.74,187.72,71.93,1.0000,0.293317,0.149861,211.67,334.96,0.9886,0.330735,0.697843
1786703659.261677,12.920354,406,29.74,187.82,71.94,1.0000,0.293474,0.149881,211.69,335.00,0.9887,0.330773,0.697918
1786703659.316190,12.974867,407,29.74,187.82,71.94,1.0000,0.293470,0.149882,211.66,335.15,0.9888,0.330712,0.698221
1786703659.344535,13.003212,408,29.74,187.82,71.97,1.0000,0.293466,0.149933,211.74,335.13,0.9888,0.330848,0.698178
1786703659.374022,13.032699,409,29.87,187.82,72.00,1.0000,0.293464,0.149993,211.74,335.19,0.9887,0.330846,0.698323
1786703659.407704,13.066380,410,29.87,187.77,72.07,1.0000,0.293395,0.150145,211.84,335.12,0.9887,0.331002,0.698165
1786703659.456337,13.115014,411,29.87,187.76,71.99,1.0000,0.293369,0.149984,211.82,335.22,0.9887,0.330973,0.698376
1786703659.470896,13.129573,412,29.87,187.73,72.05,1.0000,0.293328,0.150097,211.84,335.24,0.9887,0.330996,0.698407
1786703659.504204,13.162881,413,29.87,187.60,72.17,1.0000,0.293132,0.150346,211.83,335.34,0.9887,0.330991,0.698635
1786703659.544586,13.203262,414,29.87,187.60,72.27,1.0000,0.293129,0.150561,211.84,335.13,0.9887,0.331007,0.698191
1786703659.588465,13.247142,415,29.87,187.50,72.17,1.0000,0.292965,0.150346,211.73,335.09,0.9888,0.330825,0.698108
1786703659.626109,13.284785,416,29.87,187.30,72.29,1.0000,0.292662,0.150597,211.90,334.73,0.9888,0.331088,0.697347
1786703659.641499,13.300175,417,29.87,187.01,72.29,1.0000,0.292204,0.150600,211.92,335.08,0.9889,0.331119,0.698090
1786703659.673312,13.331989,418,29.87,187.02,72.28,1.0000,0.292225,0.150579,211.92,335.02,0.9890,0.331131,0.697968
1786703659.708101,13.366778,419,29.87,187.01,72.28,1.0000,0.292200,0.150590,211.86,335.05,0.9891,0.331035,0.698023
1786703659.745896,13.404572,420,29.87,186.93,72.43,1.0000,0.292084,0.150887,211.90,335.11,0.9890,0.331088,0.698142
1786703659.774254,13.432931,421,29.87,186.90,72.65,1.0000,0.292035,0.151357,211.78,335.11,0.9890,0.330909,0.698148
1786703659.805770,13.464447,422,29.87,186.93,72.57,1.0000,0.292078,0.151179,211.67,335.23,0.9892,0.330729,0.698393
1786703659.838325,13.497001,423,29.87,186.91,72.54,1.0000,0.292045,0.151132,211.71,335.23,0.9893,0.330793,0.698393
1786703659.894785,13.553462,424,29.77,186.79,72.55,1.0000,0.291864,0.151139,211.70,335.14,0.9893,0.330775,0.698203
1786703659.916317,13.574993,425,29.77,186.72,72.56,1.0000,0.291743,0.151167,211.67,335.13,0.9891,0.330741,0.698186
1786703659.929655,13.588331,426,29.77,186.65,72.56,1.0000,0.291644,0.151161,211.65,335.13,0.9889,0.330709,0.698195
1786703659.985538,13.644214,427,29.77,186.65,72.56,1.0000,0.291641,0.151168,211.63,335.04,0.9890,0.330678,0.698008
1786703660.009111,13.667787,428,29.77,186.65,72.56,1.0000,0.291639,0.151169,211.63,335.00,0.9891,0.330671,0.697922
1786703660.024523,13.683199,429,29.77,186.66,72.50,1.0000,0.291656,0.151045,211.66,334.80,0.9892,0.330726,0.697493
1786703660.078126,13.736802,430,29.77,186.65,72.54,1.0000,0.291642,0.151133,211.79,334.68,0.9893,0.330922,0.697257
1786703660.112038,13.770715,431,29.77,186.66,72.73,1.0000,0.291650,0.151517,211.85,334.65,0.9893,0.331023,0.697188
1786703660.135967,13.794644,432,29.77,186.67,72.73,1.0000,0.291666,0.151523,211.86,334.58,0.9892,0.331028,0.697042
1786703660.192197,13.850873,433,29.77,186.66,72.71,1.0000,0.291654,0.151478,211.84,334.70,0.9891,0.330993,0.697297
1786703660.215219,13.873896,434,29.77,186.69,72.73,1.0000,0.291708,0.151520,211.83,334.75,0.9888,0.330992,0.697406
1786703660.233058,13.891735,435,29.77,186.84,72.80,1.0000,0.291945,0.151667,211.79,335.07,0.9887,0.330919,0.698070
1786703660.270960,13.929637,436,29.77,186.82,72.76,1.0000,0.291909,0.151590,211.76,335.06,0.9887,0.330871,0.698040
1786703660.315739,13.974415,437,29.77,186.80,72.67,1.0000,0.291876,0.151404,211.76,334.96,0.9888,0.330880,0.697841
1786703660.369385,14.028061,438,29.77,187.06,72.77,1.0000,0.292286,0.151603,211.69,335.08,0.9887,0.330759,0.698080
1786703660.388989,14.047666,439,29.73,187.17,72.77,1.0000,0.292452,0.151603,211.69,335.25,0.9888,0.330761,0.698429
1786703660.413817,14.072493,440,29.73,187.24,72.75,1.0000,0.292562,0.151564,211.72,334.89,0.9886,0.330806,0.697688
1786703660.443902,14.102579,441,29.73,187.28,72.74,1.0000,0.292620,0.151533,211.68,334.93,0.9886,0.330757,0.697778
1786703660.470198,14.128874,442,29.73,187.40,72.73,1.0000,0.292806,0.151529,211.70,334.82,0.9887,0.330775,0.697547
1786703660.507169,14.165845,443,29.73,187.39,72.73,1.0000,0.292796,0.151527,211.67,334.79,0.9890,0.330728,0.697481
1786703660.539329,14.198005,444,29.73,187.40,72.48,1.0000,0.292809,0.150990,211.72,334.69,0.9891,0.330816,0.697269
1786703660.570750,14.229426,445,29.73,187.39,72.51,1.0000,0.292795,0.151055,211.70,334.82,0.9891,0.330786,0.697545
1786703660.607892,14.266569,446,29.73,187.40,72.52,1.0000,0.292807,0.151092,211.73,334.81,0.9891,0.330835,0.697519
1786703660.640620,14.299297,447,29.73,187.41,72.83,1.0000,0.292821,0.151735,211.72,334.89,0.9890,0.330820,0.697694
1786703660.688168,14.346845,448,29.73,187.40,72.82,1.0000,0.292816,0.151717,211.91,334.50,0.9889,0.331108,0.696876
1786703660.720054,14.378731,449,29.73,187.40,72.89,1.0000,0.292809,0.151857,211.87,334.87,0.9891,0.331040,0.697655
1786703660.741502,14.400178,450,29.73,187.41,72.89,1.0000,0.292833,0.151857,211.90,334.73,0.9891,0.331086,0.697359
1786703660.773330,14.432006,451,29.73,187.48,72.88,1.0000,0.292942,0.151823,211.90,334.66,0.9891,0.331099,0.697200
1786703660.807821,14.466498,452,29.73,187.49,72.86,1.0000,0.292948,0.151789,211.95,334.57,0.9891,0.331177,0.697031
1786703660.842925,14.501602,453,29.73,187.49,72.93,1.0000,0.292960,0.151936,211.92,334.64,0.9892,0.331125,0.697158
1786703660.877374,14.536051,454,29.73,187.43,72.85,1.0000,0.292852,0.151768,211.97,334.43,0.9892,0.331204,0.696720
1786703660.923143,14.581820,455,29.87,187.42,72.89,1.0000,0.292851,0.151855,211.96,334.83,0.9893,0.331187,0.697562
1786703660.930391,14.589068,456,29.87,187.43,72.91,1.0000,0.292854,0.151900,212.02,334.75,0.9892,0.331286,0.697401
1786703660.973872,14.632549,457,29.87,187.53,72.91,1.0000,0.293017,0.151901,211.99,334.84,0.9893,0.331227,0.697591
1786703661.006187,14.664863,458,29.87,187.57,72.93,1.0000,0.293078,0.151928,211.94,334.84,0.9894,0.331151,0.697574
1786703661.049999,14.708675,459,29.87,187.58,72.87,1.0000,0.293087,0.151814,211.94,335.13,0.9894,0.331154,0.698188
1786703661.073265,14.731941,460,29.87,187.61,72.83,1.0000,0.293145,0.151726,211.95,335.07,0.9894,0.331174,0.698061
1786703661.110510,14.769187,461,29.87,187.60,72.83,1.0000,0.293129,0.151739,211.96,334.85,0.9895,0.331190,0.697596
1786703661.139301,14.797977,462,29.87,187.62,72.84,1.0000,0.293159,0.151745,211.89,334.82,0.9896,0.331075,0.697537
1786703661.175724,14.834401,463,29.87,187.86,72.84,1.0000,0.293536,0.151746,211.89,334.95,0.9894,0.331076,0.697811
1786703661.216273,14.874950,464,29.87,187.89,72.84,1.0000,0.293582,0.151752,211.89,335.11,0.9895,0.331072,0.698140
1786703661.233426,14.892102,465,29.87,187.86,72.86,1.0000,0.293530,0.151796,211.88,335.06,0.9893,0.331060,0.698036
1786703661.275927,14.934603,466,29.87,187.85,72.87,1.0000,0.293509,0.151822,211.89,334.93,0.9894,0.331071,0.697761
1786703661.303135,14.961812,467,29.87,187.83,72.88,1.0000,0.293490,0.151837,211.88,334.93,0.9894,0.331055,0.697766
1786703661.345808,15.004484,468,29.87,187.83,72.88,1.0000,0.293492,0.151842,211.85,334.87,0.9894,0.331009,0.697643
1786703661.374576,15.033252,469,29.87,187.98,72.88,1.0000,0.293723,0.151831,211.83,334.87,0.9892,0.330979,0.697639
1786703661.405691,15.064368,470,29.87,187.90,72.89,1.0000,0.293587,0.151844,211.81,334.99,0.9892,0.330950,0.697889
1786703661.446131,15.104807,471,29.95,187.91,72.95,1.0000,0.293613,0.151989,211.85,334.78,0.9894,0.331018,0.697466
1786703661.474627,15.133303,472,29.95,187.97,73.09,1.0000,0.293702,0.152274,211.79,335.20,0.9893,0.330915,0.698334
1786703661.508211,15.166888,473,29.95,187.98,73.09,1.0000,0.293726,0.152276,211.81,334.55,0.9892,0.330952,0.696987
1786703661.537904,15.196581,474,29.95,187.99,73.09,1.0000,0.293729,0.152279,211.82,334.53,0.9892,0.330975,0.696944
1786703661.569185,15.227862,475,29.95,188.05,73.11,1.0000,0.293825,0.152321,211.78,334.74,0.9892,0.330910,0.697375
1786703661.628769,15.287446,476,29.95,188.05,73.17,1.0000,0.293821,0.152440,211.72,334.66,0.9892,0.330808,0.697210
1786703661.671777,15.330454,477,29.95,188.13,73.29,1.0000,0.293955,0.152678,211.71,334.63,0.9891,0.330793,0.697143
1786703661.686520,15.345196,478,29.95,188.13,73.30,1.0000,0.293956,0.152719,211.70,334.65,0.9889,0.330778,0.697182
1786703661.706239,15.364915,479,29.95,188.23,73.33,1.0000,0.294104,0.152774,211.69,334.64,0.9888,0.330773,0.697165
1786703661.741113,15.399790,480,29.95,188.28,73.40,1.0000,0.294189,0.152913,211.67,334.88,0.9888,0.330735,0.697675
1786703661.771925,15.430602,481,29.95,188.26,73.40,1.0000,0.294150,0.152919,211.84,334.68,0.9889,0.330992,0.697259
1786703661.811811,15.470487,482,29.95,188.21,73.44,1.0000,0.294073,0.153006,211.74,335.09,0.9888,0.330846,0.698113
1786703661.839838,15.498515,483,29.95,188.18,73.45,1.0000,0.294027,0.153022,211.75,335.01,0.9888,0.330864,0.697928
1786703661.869089,15.527766,484,29.95,188.19,73.45,1.0000,0.294050,0.153027,211.71,335.13,0.9888,0.330790,0.698179
1786703661.922631,15.581308,485,29.95,188.23,73.45,1.0000,0.294110,0.153016,211.79,334.69,0.9889,0.330930,0.697268
1786703661.945549,15.604226,486,29.95,188.23,73.50,1.0000,0.294114,0.153131,211.77,334.69,0.9890,0.330892,0.697265
1786703661.982606,15.641283,487,29.98,188.24,73.51,1.0000,0.294118,0.153150,211.77,334.73,0.9889,0.330884,0.697362
1786703661.990585,15.649261,488,29.98,188.24,73.51,1.0000,0.294127,0.153141,211.76,334.74,0.9892,0.330880,0.697373
1786703662.038554,15.697230,489,29.98,188.23,73.51,1.0000,0.294114,0.153148,211.75,334.81,0.9892,0.330858,0.697517
1786703662.084243,15.742920,490,29.98,188.23,73.61,1.0000,0.294115,0.153349,211.76,334.79,0.9893,0.330870,0.697479
1786703662.108591,15.767267,491,29.98,188.26,73.25,1.0000,0.294163,0.152610,211.65,334.82,0.9894,0.330707,0.697543
1786703662.150163,15.808840,492,29.98,188.35,73.09,1.0000,0.294302,0.152271,211.61,334.87,0.9895,0.330644,0.697648
1786703662.168155,15.826832,493,29.98,188.41,73.06,1.0000,0.294390,0.152204,211.61,334.93,0.9896,0.330643,0.697768
1786703662.211030,15.869707,494,29.98,188.41,73.06,1.0000,0.294396,0.152210,211.69,334.98,0.9896,0.330773,0.697865
1786703662.241259,15.899935,495,29.98,188.45,73.11,1.0000,0.294452,0.152315,211.65,335.12,0.9897,0.330700,0.698162
1786703662.284546,15.943223,496,29.98,188.41,72.95,1.0000,0.294393,0.151972,211.66,335.12,0.9896,0.330718,0.698177
1786703662.314871,15.973547,497,29.98,188.42,73.02,1.0000,0.294398,0.152129,211.65,335.13,0.9897,0.330703,0.698182
1786703662.343352,16.002028,498,29.98,188.40,73.02,1.0000,0.294372,0.152132,211.58,335.12,0.9898,0.330598,0.698172
1786703662.376832,16.035509,499,29.98,188.40,73.00,1.0000,0.294375,0.152090,211.52,335.13,0.9899,0.330502,0.698192
1786703662.419730,16.078406,500,29.98,188.41,72.95,1.0000,0.294392,0.151987,211.53,334.98,0.9897,0.330510,0.697873
1786703662.441754,16.100430,501,29.98,188.42,72.98,1.0000,0.294401,0.152038,211.55,334.98,0.9897,0.330541,0.697882
1786703662.467561,16.126238,502,29.98,188.42,72.94,1.0000,0.294401,0.151952,211.55,335.18,0.9898,0.330551,0.698292
1786703662.536482,16.195158,503,29.69,188.42,72.95,1.0000,0.294403,0.151977,211.65,334.63,0.9896,0.330706,0.697150
1786703662.539039,16.197715,504,29.69,188.40,72.99,1.0000,0.294371,0.152063,211.65,334.68,0.9895,0.330706,0.697250
1786703662.562700,16.221376,505,29.69,188.40,72.99,1.0000,0.294368,0.152063,211.68,334.68,0.9895,0.330756,0.697250
1786703662.610583,16.269259,506,29.69,188.36,73.17,1.0000,0.294315,0.152446,211.67,334.63,0.9893,0.330734,0.697144
1786703662.668563,16.327240,507,29.69,188.36,73.18,1.0000,0.294305,0.152450,211.75,334.66,0.9893,0.330865,0.697214
1786703662.674233,16.332909,508,29.69,188.19,73.20,1.0000,0.294045,0.152500,211.79,334.63,0.9893,0.330920,0.697156
1786703662.706336,16.365013,509,29.69,188.15,73.02,1.0000,0.293986,0.152121,211.79,334.63,0.9893,0.330925,0.697154
1786703662.740459,16.399136,510,29.69,188.14,73.03,1.0000,0.293965,0.152155,211.80,334.64,0.9893,0.330941,0.697165
1786703662.783124,16.441801,511,29.69,187.93,73.04,1.0000,0.293639,0.152161,211.87,334.42,0.9893,0.331047,0.696698
1786703662.812585,16.471261,512,29.69,187.81,73.24,1.0000,0.293445,0.152576,211.84,334.93,0.9891,0.330995,0.697763
1786703662.843693,16.502370,513,29.69,187.89,73.27,1.0000,0.293585,0.152638,211.83,334.67,0.9892,0.330986,0.697219
1786703662.882726,16.541403,514,29.69,187.84,73.27,1.0000,0.293504,0.152652,211.81,334.73,0.9892,0.330948,0.697355
1786703662.946557,16.605234,515,29.69,187.85,73.25,1.0000,0.293509,0.152600,211.74,334.59,0.9892,0.330851,0.697065
1786703662.965012,16.623689,516,29.69,187.84,73.07,1.0000,0.293508,0.152230,211.69,334.63,0.9893,0.330772,0.697144
1786703662.979882,16.638559,517,29.69,187.85,73.07,1.0000,0.293508,0.152234,211.70,334.61,0.9892,0.330787,0.697111
1786703663.014318,16.672995,518,29.69,187.84,73.07,1.0000,0.293507,0.152226,211.70,334.82,0.9892,0.330788,0.697549
1786703663.044278,16.702954,519,30.08,187.84,73.09,1.0000,0.293505,0.152280,211.72,334.69,0.9892,0.330810,0.697270
1786703663.078927,16.737603,520,30.08,187.82,73.21,1.0000,0.293469,0.152511,211.71,334.80,0.9889,0.330789,0.697500
1786703663.116445,16.775122,521,30.08,187.82,73.16,1.0000,0.293469,0.152415,211.69,334.88,0.9889,0.330770,0.697673
1786703663.153533,16.812210,522,30.08,187.82,73.22,1.0000,0.293465,0.152540,211.71,335.05,0.9886,0.330791,0.698025
1786703663.176345,16.835022,523,30.08,187.78,73.22,1.0000,0.293410,0.152546,211.73,334.82,0.9885,0.330832,0.697551
1786703663.225757,16.884434,524,30.08,187.82,73.22,1.0000,0.293462,0.152544,211.73,334.91,0.9885,0.330829,0.697722
1786703663.255319,16.913996,525,30.08,187.82,73.22,1.0000,0.293476,0.152544,211.74,334.62,0.9886,0.330846,0.697118
1786703663.280960,16.939637,526,30.08,187.78,73.22,1.0000,0.293409,0.152538,211.74,334.55,0.9885,0.330850,0.696969
1786703663.312632,16.971308,527,30.08,187.78,73.18,1.0000,0.293410,0.152459,211.69,334.66,0.9885,0.330764,0.697208
1786703663.341725,17.000401,528,30.08,187.80,73.18,1.0000,0.293439,0.152467,211.70,334.61,0.9886,0.330775,0.697106
1786703663.378641,17.037318,529,30.08,187.83,73.13,1.0000,0.293481,0.152355,211.68,334.78,0.9887,0.330752,0.697455
1786703663.413802,17.072479,530,30.08,187.81,73.27,1.0000,0.293448,0.152652,211.68,334.71,0.9887,0.330744,0.697319
1786703663.442783,17.101459,531,30.08,187.81,73.08,1.0000,0.293456,0.152249,211.66,334.46,0.9888,0.330725,0.696795
1786703663.474801,17.133477,532,30.08,187.80,73.22,1.0000,0.293445,0.152551,211.61,334.73,0.9888,0.330639,0.697357
1786703663.501211,17.159888,533,30.08,187.79,73.22,1.0000,0.293422,0.152551,211.63,334.55,0.9889,0.330664,0.696981
1786703663.553425,17.212102,534,29.96,187.65,73.37,1.0000,0.293199,0.152851,211.68,334.44,0.9889,0.330744,0.696747
1786703663.575697,17.234374,535,29.96,187.66,73.36,1.0000,0.293225,0.152830,211.67,334.82,0.9889,0.330729,0.697545
1786703663.605426,17.264103,536,29.96,187.67,73.50,1.0000,0.293242,0.153122,211.71,334.74,0.9890,0.330791,0.697383
1786703663.640148,17.298824,537,29.96,187.69,73.55,1.0000,0.293263,0.153234,211.68,334.75,0.9890,0.330753,0.697400
1786703663.672077,17.330753,538,29.96,187.72,73.47,1.0000,0.293311,0.153059,211.73,334.78,0.9890,0.330833,0.697452
1786703663.708485,17.367162,539,29.96,187.74,73.45,1.0000,0.293344,0.153012,211.77,334.58,0.9891,0.330892,0.697052
1786703663.741563,17.400240,540,29.96,187.74,73.42,1.0000,0.293346,0.152964,211.76,334.55,0.9891,0.330874,0.696984
1786703663.773220,17.431896,541,29.96,187.74,73.39,1.0000,0.293345,0.152901,211.72,334.55,0.9892,0.330806,0.696973
1786703663.815408,17.474085,542,29.96,187.75,73.37,1.0000,0.293360,0.152863,211.71,334.54,0.9893,0.330804,0.696968
1786703663.849794,17.508471,543,29.96,187.79,73.38,1.0000,0.293427,0.152879,211.73,334.75,0.9894,0.330836,0.697392
1786703663.873807,17.532484,544,29.96,187.80,73.40,1.0000,0.293436,0.152910,211.82,334.37,0.9891,0.330963,0.696600
1786703663.904650,17.563327,545,29.96,187.81,73.39,1.0000,0.293460,0.152892,211.81,334.49,0.9889,0.330946,0.696860
1786703663.944494,17.603170,546,29.96,187.82,73.33,1.0000,0.293465,0.152762,211.79,334.54,0.9887,0.330920,0.696951
1786703663.986533,17.645209,547,29.96,187.82,73.32,1.0000,0.293467,0.152758,211.77,334.46,0.9888,0.330887,0.696793
1786703663.999798,17.658474,548,29.96,187.82,73.24,1.0000,0.293469,0.152574,211.77,334.58,0.9888,0.330885,0.697040
1786703664.044523,17.703200,549,29.96,187.82,73.25,1.0000,0.293465,0.152611,211.80,334.57,0.9888,0.330940,0.697014
1786703664.080961,17.739638,550,30.01,187.79,73.18,1.0000,0.293415,0.152452,211.89,334.46,0.9888,0.331075,0.696794
1786703664.105456,17.764132,551,30.01,187.79,73.10,1.0000,0.293423,0.152281,211.80,334.77,0.9888,0.330944,0.697446
1786703664.156422,17.815099,552,30.01,187.70,73.10,1.0000,0.293276,0.152298,211.76,334.87,0.9887,0.330870,0.697644
1786703664.170269,17.828946,553,30.01,187.55,72.92,1.0000,0.293041,0.151923,211.79,334.83,0.9889,0.330928,0.697554
1786703664.213589,17.872266,554,30.01,187.46,72.91,1.0000,0.292913,0.151899,211.75,334.87,0.9889,0.330862,0.697642
1786703664.256845,17.915522,555,30.01,187.47,72.91,1.0000,0.292918,0.151893,211.75,334.82,0.9889,0.330857,0.697551
1786703664.270568,17.929245,556,30.01,187.46,72.91,1.0000,0.292909,0.151893,211.74,335.00,0.9889,0.330851,0.697918
1786703664.315161,17.973838,557,30.01,187.44,73.02,1.0000,0.292873,0.152120,211.85,334.24,0.9890,0.331016,0.696338
1786703664.359376,18.018052,558,30.01,187.43,72.94,1.0000,0.292863,0.151965,211.78,334.69,0.9889,0.330901,0.697272
1786703664.374938,18.033615,559,30.01,187.45,72.96,1.0000,0.292898,0.151992,211.77,334.66,0.9889,0.330883,0.697209
1786703664.404290,18.062967,560,30.01,187.46,72.75,1.0000,0.292906,0.151564,211.67,334.80,0.9890,0.330732,0.697490
1786703664.436237,18.094913,561,30.01,187.46,72.83,1.0000,0.292902,0.151732,211.65,334.84,0.9888,0.330698,0.697591
1786703664.470239,18.128916,562,30.01,187.44,72.87,1.0000,0.292878,0.151819,211.63,334.87,0.9888,0.330667,0.697640
1786703664.513401,18.172078,563,30.01,187.48,72.74,1.0000,0.292936,0.151535,211.59,335.03,0.9888,0.330604,0.697971
1786703664.542059,18.200736,564,30.01,187.40,72.84,1.0000,0.292808,0.151751,211.60,335.00,0.9886,0.330618,0.697913
1786703664.571843,18.230520,565,30.01,187.40,72.84,1.0000,0.292810,0.151750,211.63,334.97,0.9885,0.330674,0.697860
1786703664.611701,18.270378,566,30.04,187.53,73.05,1.0000,0.293017,0.152180,211.71,334.97,0.9883,0.330791,0.697848
1786703664.651868,18.310544,567,30.04,187.50,73.04,1.0000,0.292967,0.152177,211.68,334.98,0.9882,0.330757,0.697868
1786703664.665477,18.324154,568,30.04,187.52,73.06,1.0000,0.293007,0.152214,211.69,334.97,0.9882,0.330759,0.697849
1786703664.713139,18.371816,569,30.04,187.52,73.09,1.0000,0.293005,0.152276,211.73,335.03,0.9881,0.330828,0.697973
1786703664.740922,18.399599,570,30.04,187.58,73.22,1.0000,0.293096,0.152549,211.73,334.89,0.9883,0.330824,0.697693
1786703664.777012,18.435689,571,30.04,187.57,73.18,1.0000,0.293072,0.152455,211.69,335.03,0.9884,0.330758,0.697981
1786703664.809470,18.468147,572,30.04,187.57,73.18,1.0000,0.293084,0.152455,211.72,334.81,0.9884,0.330805,0.697524
1786703664.848963,18.507639,573,30.04,187.62,73.20,1.0000,0.293157,0.152509,211.72,334.81,0.9884,0.330811,0.697526
1786703664.873524,18.532200,574,30.04,187.62,73.19,1.0000,0.293164,0.152483,211.75,334.67,0.9884,0.330853,0.697219
1786703664.902287,18.560963,575,30.04,187.62,73.18,1.0000,0.293151,0.152462,211.73,334.78,0.9884,0.330827,0.697467
1786703664.941832,18.600509,576,30.04,187.65,73.13,1.0000,0.293205,0.152352,211.73,334.54,0.9885,0.330825,0.696962
1786703664.971595,18.630271,577,30.04,187.60,73.15,1.0000,0.293130,0.152393,211.74,334.53,0.9884,0.330838,0.696942
1786703665.019171,18.677848,578,30.04,187.43,73.16,1.0000,0.292856,0.152416,211.84,334.46,0.9884,0.330994,0.696799
1786703665.047557,18.706234,579,30.04,187.56,73.15,1.0000,0.293069,0.152405,211.81,334.43,0.9883,0.330947,0.696735
1786703665.092296,18.750973,580,30.04,187.56,73.15,1.0000,0.293062,0.152391,211.75,334.54,0.9884,0.330867,0.696952
1786703665.118857,18.777533,581,29.95,187.55,73.15,1.0000,0.293052,0.152390,211.78,334.49,0.9884,0.330909,0.696863
1786703665.138231,18.796908,582,29.95,187.55,73.29,1.0000,0.293043,0.152696,211.78,334.72,0.9882,0.330907,0.697343
1786703665.192847,18.851524,583,29.95,187.78,73.27,1.0000,0.293403,0.152654,211.78,334.63,0.9882,0.330903,0.697145
1786703665.214368,18.873044,584,29.95,187.78,73.27,1.0000,0.293405,0.152649,211.77,334.67,0.9880,0.330893,0.697233
1786703665.238404,18.897080,585,29.95,187.73,73.45,1.0000,0.293330,0.153019,211.78,334.94,0.9880,0.330904,0.697794
1786703665.294949,18.953626,586,29.95,187.70,73.26,1.0000,0.293279,0.152634,211.84,334.31,0.9882,0.330996,0.696470
1786703665.326497,18.985174,587,29.95,187.74,73.26,1.0000,0.293339,0.152626,211.79,334.33,0.9880,0.330916,0.696525
1786703665.346723,19.005399,588,29.95,187.57,73.26,1.0000,0.293078,0.152625,211.79,334.68,0.9881,0.330926,0.697245
1786703665.384171,19.042848,589,29.95,187.51,73.38,1.0000,0.292978,0.152876,211.80,334.68,0.9882,0.330935,0.697247
1786703665.421857,19.080534,590,29.95,187.33,73.23,1.0000,0.292709,0.152554,211.73,334.70,0.9885,0.330825,0.697290
1786703665.438713,19.097390,591,29.95,187.34,73.21,1.0000,0.292720,0.152525,211.74,334.69,0.9883,0.330843,0.697276
1786703665.502090,19.160767,592,29.95,187.13,73.23,1.0000,0.292394,0.152561,211.74,334.91,0.9883,0.330839,0.697727
1786703665.518113,19.176790,593,29.95,187.11,73.27,1.0000,0.292367,0.152647,211.75,334.91,0.9883,0.330859,0.697738
1786703665.542773,19.201450,594,29.95,187.16,73.27,1.0000,0.292436,0.152643,211.71,334.91,0.9885,0.330803,0.697740
1786703665.579534,19.238210,595,29.95,187.16,73.33,1.0000,0.292435,0.152779,211.78,334.95,0.9886,0.330904,0.697805
1786703665.614375,19.273051,596,29.95,187.15,73.68,1.0000,0.292420,0.153502,211.80,334.82,0.9886,0.330942,0.697546
1786703665.646024,19.304700,597,30.02,187.23,73.61,1.0000,0.292548,0.153364,211.76,334.96,0.9887,0.330881,0.697825
1786703665.678432,19.337109,598,30.02,187.32,73.62,1.0000,0.292692,0.153366,211.62,335.12,0.9886,0.330652,0.698168
1786703665.709971,19.368648,599,30.02,187.22,73.60,1.0000,0.292534,0.153330,211.64,335.07,0.9886,0.330684,0.698056
1786703665.738966,19.397643,600,30.02,187.23,73.32,1.0000,0.292548,0.152748,211.62,335.07,0.9888,0.330659,0.698062
1786703665.777357,19.436033,601,30.02,187.31,72.94,1.0000,0.292667,0.151954,211.60,335.00,0.9888,0.330619,0.697910
1786703665.810730,19.469406,602,30.02,187.24,72.92,1.0000,0.292561,0.151923,211.58,334.98,0.9889,0.330598,0.697870
1786703665.839588,19.498265,603,30.02,187.24,72.87,1.0000,0.292558,0.151822,211.59,335.01,0.9889,0.330616,0.697939
1786703665.884269,19.542946,604,30.02,187.24,72.89,1.0000,0.292558,0.151845,211.58,335.16,0.9890,0.330601,0.698250
1786703665.900118,19.558795,605,30.02,187.18,72.91,1.0000,0.292470,0.151895,211.58,335.33,0.9890,0.330600,0.698607
1786703665.940032,19.598709,606,30.02,187.15,73.00,1.0000,0.292425,0.152082,211.64,335.18,0.9891,0.330681,0.698283
1786703665.979648,19.638325,607,30.02,187.12,73.04,1.0000,0.292370,0.152171,211.69,335.03,0.9891,0.330763,0.697981
1786703666.012020,19.670696,608,30.02,187.05,73.05,1.0000,0.292258,0.152190,211.64,335.02,0.9891,0.330687,0.697954
1786703666.039070,19.697747,609,30.02,187.00,72.89,1.0000,0.292183,0.151846,211.66,335.06,0.9892,0.330718,0.698037
1786703666.076023,19.734700,610,30.02,187.04,72.92,1.0000,0.292248,0.151917,211.64,335.08,0.9892,0.330695,0.698094
1786703666.107822,19.766499,611,30.02,187.19,72.98,1.0000,0.292488,0.152042,211.59,335.21,0.9890,0.330616,0.698359
1786703666.140077,19.798754,612,30.02,187.17,73.01,1.0000,0.292455,0.152110,211.60,335.23,0.9888,0.330627,0.698388
1786703666.177556,19.836232,613,30.09,187.17,73.28,1.0000,0.292453,0.152664,211.54,335.26,0.9888,0.330525,0.698451
1786703666.220217,19.878894,614,30.09,187.18,73.24,1.0000,0.292465,0.152584,211.57,335.13,0.9888,0.330579,0.698197
1786703666.252286,19.910963,615,30.09,187.16,73.23,1.0000,0.292440,0.152562,211.56,335.34,0.9889,0.330557,0.698617
1786703666.268024,19.926701,616,30.09,187.07,73.56,1.0000,0.292301,0.153250,211.59,335.33,0.9889,0.330608,0.698605
1786703666.316377,19.975053,617,30.09,187.08,73.49,1.0000,0.292310,0.153110,211.58,335.28,0.9891,0.330593,0.698494
1786703666.348791,20.007468,618,30.09,187.08,73.30,1.0000,0.292308,0.152708,211.54,335.15,0.9890,0.330535,0.698231
1786703666.364353,20.023030,619,30.09,187.09,73.30,1.0000,0.292330,0.152708,211.53,335.15,0.9890,0.330513,0.698222
1786703666.418758,20.077435,620,30.09,187.13,73.45,1.0000,0.292385,0.153031,211.50,335.30,0.9888,0.330472,0.698532
1786703666.443151,20.101828,621,30.09,186.94,73.16,1.0000,0.292097,0.152414,211.50,335.27,0.9890,0.330475,0.698474
1786703666.474797,20.133473,622,30.09,186.90,73.16,1.0000,0.292028,0.152416,211.65,334.95,0.9889,0.330704,0.697809
1786703666.511581,20.170257,623,30.09,186.90,73.47,1.0000,0.292028,0.153056,211.66,335.11,0.9888,0.330721,0.698154
1786703666.553838,20.212515,624,30.09,186.83,73.36,1.0000,0.291920,0.152826,211.76,334.58,0.9888,0.330873,0.697035
1786703666.586029,20.244705,625,30.09,186.69,73.09,1.0000,0.291696,0.152272,211.72,334.72,0.9888,0.330808,0.697325
1786703666.617617,20.276294,626,30.09,186.66,73.10,1.0000,0.291660,0.152302,211.72,334.74,0.9885,0.330807,0.697383
1786703666.639893,20.298569,627,30.09,186.65,73.50,1.0000,0.291636,0.153115,211.72,335.31,0.9884,0.330810,0.698559
1786703666.681871,20.340548,628,29.97,186.64,73.36,1.0000,0.291632,0.152842,211.66,335.27,0.9885,0.330717,0.698471
1786703666.729955,20.388632,629,29.97,186.48,73.09,1.0000,0.291382,0.152271,211.66,335.25,0.9885,0.330716,0.698438
1786703666.764146,20.422823,630,29.97,186.55,73.62,1.0000,0.291483,0.153377,211.66,335.33,0.9886,0.330726,0.698614
1786703666.782997,20.441674,631,29.97,186.62,73.80,1.0000,0.291594,0.153740,211.73,334.98,0.9885,0.330824,0.697885
1786703666.805393,20.464070,632,29.97,186.74,73.72,1.0000,0.291777,0.153577,211.72,334.94,0.9884,0.330805,0.697801
1786703666.843277,20.501953,633,29.97,186.73,73.67,1.0000,0.291772,0.153478,211.68,335.14,0.9887,0.330753,0.698201
1786703666.874591,20.533268,634,29.97,186.82,74.21,1.0000,0.291913,0.154610,211.77,334.98,0.9887,0.330886,0.697870
1786703666.906904,20.565581,635,29.97,186.84,73.92,1.0000,0.291945,0.154003,211.72,335.04,0.9889,0.330817,0.698002
1786703666.947073,20.605750,636,29.97,186.84,73.97,1.0000,0.291931,0.154106,211.80,334.97,0.9889,0.330937,0.697863
1786703666.970112,20.628789,637,29.97,186.89,74.11,1.0000,0.292009,0.154395,211.79,335.22,0.9889,0.330926,0.698371
1786703667.014636,20.673312,638,29.97,187.15,74.36,1.0000,0.292428,0.154913,211.80,335.03,0.9888,0.330943,0.697982
1786703667.040545,20.699221,639,29.97,187.16,74.21,1.0000,0.292432,0.154604,211.80,334.98,0.9888,0.330931,0.697882
1786703667.079047,20.737724,640,29.97,187.14,73.76,1.0000,0.292400,0.153671,211.80,335.11,0.9889,0.330943,0.698151
1786703667.110774,20.769451,641,29.97,187.31,73.96,1.0000,0.292680,0.154076,211.81,335.31,0.9889,0.330956,0.698554
1786703667.140599,20.799275,642,29.97,187.39,73.97,1.0000,0.292790,0.154102,211.82,335.22,0.9888,0.330962,0.698380
1786703667.180003,20.838680,643,29.97,187.41,73.90,1.0000,0.292824,0.153954,211.71,335.17,0.9888,0.330803,0.698265
1786703667.214856,20.873533,644,29.97,187.45,73.87,1.0000,0.292889,0.153893,211.66,335.18,0.9888,0.330711,0.698298
1786703667.243542,20.902219,645,29.97,187.45,73.95,1.0000,0.292894,0.154064,211.67,335.01,0.9888,0.330729,0.697947
1786703667.286830,20.945506,646,29.97,187.45,73.86,1.0000,0.292895,0.153868,211.62,335.15,0.9888,0.330659,0.698235
1786703667.334334,20.993011,647,29.97,187.45,73.48,1.0000,0.292896,0.153087,211.57,334.72,0.9887,0.330582,0.697339
1786703667.350520,21.009197,648,29.97,187.69,73.49,1.0000,0.293264,0.153095,211.59,334.66,0.9887,0.330603,0.697213
1786703667.380923,21.039600,649,29.97,187.67,73.65,1.0000,0.293235,0.153430,211.54,335.24,0.9886,0.330528,0.698427
1786703667.423140,21.081816,650,29.97,187.88,73.69,1.0000,0.293559,0.153512,211.53,335.29,0.9885,0.330523,0.698513
1786703667.443335,21.102011,651,29.97,187.91,73.27,1.0000,0.293602,0.152651,211.53,335.11,0.9886,0.330515,0.698154
1786703667.490713,21.149389,652,29.97,188.03,73.37,1.0000,0.293800,0.152859,211.58,334.93,0.9885,0.330602,0.697777
1786703667.506361,21.165038,653,29.97,188.05,74.05,1.0000,0.293832,0.154265,211.63,334.65,0.9884,0.330664,0.697184
1786703667.554229,21.212906,654,29.97,188.12,74.05,1.0000,0.293937,0.154274,211.61,334.83,0.9885,0.330636,0.697563
1786703667.586342,21.245019,655,29.97,188.17,73.77,1.0000,0.294008,0.153697,211.59,334.56,0.9885,0.330607,0.697000
1786703667.617645,21.276321,656,29.97,188.19,73.87,1.0000,0.294039,0.153906,211.59,334.56,0.9884,0.330605,0.697009
1786703667.657539,21.316215,657,29.97,188.19,73.87,1.0000,0.294049,0.153887,211.59,334.57,0.9884,0.330609,0.697012
1786703667.676031,21.334707,658,29.97,188.22,73.85,1.0000,0.294096,0.153848,211.57,334.57,0.9883,0.330577,0.697016
1786703667.713386,21.372062,659,29.97,188.22,73.87,1.0000,0.294097,0.153906,211.59,334.64,0.9883,0.330612,0.697163
1786703667.754740,21.413416,660,30.00,188.24,73.93,1.0000,0.294125,0.154021,211.64,334.60,0.9885,0.330686,0.697075
1786703667.793127,21.451803,661,30.00,188.25,73.55,1.0000,0.294139,0.153222,211.63,334.48,0.9887,0.330673,0.696829
1786703667.835453,21.494130,662,30.00,188.41,73.46,1.0000,0.294387,0.153039,211.62,334.16,0.9886,0.330657,0.696161
1786703667.841425,21.500102,663,30.00,188.41,73.46,1.0000,0.294389,0.153041,211.65,334.29,0.9887,0.330696,0.696446
1786703667.874535,21.533212,664,30.00,188.40,73.53,1.0000,0.294380,0.153179,211.65,334.34,0.9887,0.330699,0.696548
1786703667.919938,21.578614,665,30.00,188.47,73.40,1.0000,0.294486,0.152925,211.62,334.30,0.9890,0.330661,0.696456
1786703667.951586,21.610263,666,30.00,188.51,73.37,1.0000,0.294550,0.152849,211.54,334.29,0.9891,0.330536,0.696443
1786703667.967218,21.625895,667,30.00,188.53,73.37,1.0000,0.294583,0.152852,211.55,334.44,0.9892,0.330554,0.696759
1786703668.031104,21.689781,668,30.00,188.79,73.31,1.0000,0.294978,0.152735,211.61,334.49,0.9892,0.330644,0.696845
1786703668.077010,21.735687,669,30.00,188.79,73.27,1.0000,0.294978,0.152646,211.46,334.48,0.9892,0.330404,0.696829
1786703668.089882,21.748558,670,30.00,188.78,73.22,1.0000,0.294976,0.152543,211.45,334.48,0.9892,0.330388,0.696837
1786703668.111726,21.770403,671,30.00,188.76,73.66,1.0000,0.294944,0.153450,211.51,334.49,0.9892,0.330482,0.696863
1786703668.142980,21.801657,672,30.00,188.84,73.62,1.0000,0.295070,0.153368,211.54,334.37,0.9892,0.330526,0.696605
1786703668.189059,21.847736,673,30.00,188.75,73.52,1.0000,0.294919,0.153169,211.56,333.96,0.9894,0.330558,0.695754
1786703668.212474,21.871151,674,30.00,188.72,73.39,1.0000,0.294882,0.152906,211.47,334.08,0.9890,0.330421,0.695999
1786703668.249529,21.908206,675,30.00,188.69,73.70,1.0000,0.294830,0.153534,211.48,334.52,0.9889,0.330440,0.696911
1786703668.286566,21.945242,676,29.94,188.61,73.80,1.0000,0.294707,0.153755,211.44,334.52,0.9888,0.330381,0.696912
1786703668.315756,21.974432,677,29.94,188.59,73.63,1.0000,0.294673,0.153396,211.43,334.52,0.9890,0.330364,0.696917
1786703668.363290,22.021966,678,29.94,188.57,73.53,1.0000,0.294634,0.153191,211.43,334.55,0.9889,0.330352,0.696984
1786703668.379174,22.037851,679,29.94,188.44,73.55,1.0000,0.294441,0.153229,211.49,334.53,0.9891,0.330457,0.696938
1786703668.429235,22.087911,680,29.94,188.43,73.51,1.0000,0.294418,0.153143,211.58,334.60,0.9892,0.330589,0.697073
1786703668.455185,22.113862,681,29.94,188.43,73.51,1.0000,0.294415,0.153138,211.57,334.74,0.9891,0.330581,0.697366
1786703668.469545,22.128222,682,29.94,188.42,73.51,1.0000,0.294407,0.153152,211.58,334.80,0.9891,0.330601,0.697509
1786703668.518388,22.177064,683,29.94,188.33,73.51,1.0000,0.294260,0.153146,211.57,334.81,0.9889,0.330574,0.697515
1786703668.546475,22.205152,684,29.94,188.31,73.50,1.0000,0.294229,0.153120,211.58,334.73,0.9889,0.330601,0.697357
1786703668.575899,22.234576,685,29.94,188.31,73.50,1.0000,0.294231,0.153121,211.63,334.72,0.9891,0.330671,0.697332
1786703668.612903,22.271580,686,29.94,188.31,73.51,1.0000,0.294239,0.153151,211.65,334.70,0.9892,0.330696,0.697297
1786703668.647612,22.306288,687,29.94,188.34,73.51,1.0000,0.294285,0.153146,211.66,334.70,0.9893,0.330720,0.697290
1786703668.678535,22.337212,688,29.94,188.41,73.49,1.0000,0.294384,0.153109,211.68,334.77,0.9895,0.330750,0.697433
1786703668.710498,22.369174,689,29.94,188.43,73.49,1.0000,0.294424,0.153110,211.64,334.69,0.9895,0.330685,0.697276
1786703668.747833,22.406509,690,29.94,188.47,73.45,1.0000,0.294488,0.153023,211.65,334.81,0.9896,0.330709,0.697512
1786703668.776747,22.435423,691,29.94,188.47,73.52,1.0000,0.294490,0.153174,211.67,334.84,0.9895,0.330738,0.697574
1786703668.816308,22.474985,692,29.99,188.48,73.56,1.0000,0.294499,0.153249,211.60,334.89,0.9895,0.330630,0.697678
1786703668.847749,22.506426,693,29.99,188.49,73.56,1.0000,0.294508,0.153248,211.60,334.88,0.9895,0.330626,0.697675
1786703668.879684,22.538360,694,29.99,188.49,73.53,1.0000,0.294509,0.153184,211.56,334.88,0.9895,0.330563,0.697670
1786703668.911538,22.570214,695,29.99,188.49,73.47,1.0000,0.294515,0.153070,211.57,334.87,0.9894,0.330585,0.697654
1786703668.945053,22.603729,696,29.99,188.36,73.46,1.0000,0.294316,0.153033,211.58,334.95,0.9892,0.330587,0.697819
1786703668.981917,22.640594,697,29.99,188.36,73.30,1.0000,0.294318,0.152708,211.55,335.03,0.9892,0.330548,0.697977
1786703669.019160,22.677837,698,29.99,188.33,73.30,1.0000,0.294267,0.152715,211.56,335.02,0.9892,0.330564,0.697960
1786703669.048071,22.706747,699,29.99,188.20,73.26,1.0000,0.294063,0.152620,211.62,334.92,0.9893,0.330652,0.697752
1786703669.080608,22.739285,700,29.99,188.12,73.20,1.0000,0.293944,0.152507,211.66,334.92,0.9893,0.330719,0.697752
1786703669.109833,22.768509,701,29.99,188.12,73.21,1.0000,0.293933,0.152515,211.69,334.90,0.9894,0.330771,0.697701
1786703669.150121,22.808798,702,29.99,188.05,73.35,1.0000,0.293832,0.152818,211.69,334.99,0.9894,0.330772,0.697888
1786703669.166857,22.825534,703,29.99,187.97,73.30,1.0000,0.293710,0.152705,211.69,335.03,0.9895,0.330758,0.697986
1786703669.216563,22.875239,704,29.99,187.94,73.16,1.0000,0.293660,0.152409,211.62,335.05,0.9894,0.330654,0.698026
1786703669.258845,22.917521,705,29.99,187.78,73.18,1.0000,0.293412,0.152455,211.67,335.09,0.9893,0.330733,0.698105
1786703669.274917,22.933593,706,29.99,187.65,73.22,1.0000,0.293211,0.152540,211.83,335.08,0.9892,0.330984,0.698075
1786703669.333974,22.992651,707,29.77,187.46,73.21,1.0000,0.292903,0.152515,211.84,335.06,0.9891,0.330998,0.698047
1786703669.348674,23.007350,708,29.77,187.44,73.21,1.0000,0.292870,0.152522,211.83,334.99,0.9891,0.330979,0.697902
1786703669.384623,23.043299,709,29.77,187.18,73.24,1.0000,0.292468,0.152574,211.83,334.63,0.9893,0.330989,0.697139
1786703669.408520,23.067197,710,29.77,187.21,73.41,1.0000,0.292510,0.152942,211.89,334.53,0.9893,0.331082,0.696938
1786703669.459023,23.117700,711,29.77,187.28,73.24,1.0000,0.292617,0.152574,211.81,334.73,0.9895,0.330955,0.697347
1786703669.490917,23.149594,712,29.77,187.27,73.24,1.0000,0.292617,0.152576,211.80,334.75,0.9895,0.330940,0.697396
1786703669.498314,23.156991,713,29.77,187.25,73.28,1.0000,0.292573,0.152669,211.80,334.74,0.9894,0.330931,0.697369
1786703669.540453,23.199129,714,29.77,187.26,73.41,1.0000,0.292599,0.152937,211.78,334.70,0.9895,0.330903,0.697300
1786703669.574520,23.233197,715,29.77,187.27,73.35,1.0000,0.292604,0.152816,211.81,334.75,0.9896,0.330957,0.697390
1786703669.611321,23.269997,716,29.77,187.22,73.29,1.0000,0.292532,0.152683,211.77,334.77,0.9897,0.330894,0.697434
1786703669.646031,23.304708,717,29.77,187.20,73.36,1.0000,0.292506,0.152837,211.75,334.80,0.9897,0.330852,0.697494
1786703669.672691,23.331367,718,29.77,187.19,73.40,1.0000,0.292485,0.152925,211.75,334.84,0.9896,0.330854,0.697590
1786703669.704957,23.363634,719,29.77,187.15,73.37,1.0000,0.292417,0.152848,211.71,334.84,0.9896,0.330791,0.697593
1786703669.752936,23.411612,720,29.77,187.15,73.53,1.0000,0.292420,0.153188,211.69,334.69,0.9896,0.330772,0.697268
1786703669.770502,23.429179,721,29.77,187.11,73.53,1.0000,0.292359,0.153185,211.69,334.64,0.9897,0.330770,0.697171
1786703669.800343,23.459019,722,29.77,187.11,73.44,1.0000,0.292354,0.153010,211.72,334.59,0.9896,0.330809,0.697068
1786703669.847694,23.506371,723,30.06,186.96,73.44,1.0000,0.292129,0.152995,211.70,334.92,0.9896,0.330783,0.697742
1786703669.887387,23.546064,724,30.06,186.96,73.44,1.0000,0.292126,0.153000,211.72,334.98,0.9895,0.330807,0.697879
1786703669.910988,23.569664,725,30.06,186.97,73.49,1.0000,0.292139,0.153102,211.71,335.00,0.9894,0.330797,0.697909
1786703669.945725,23.604402,726,30.06,187.01,73.34,1.0000,0.292196,0.152785,211.71,335.14,0.9893,0.330792,0.698212
1786703669.960701,23.619378,727,30.06,187.01,73.30,1.0000,0.292208,0.152715,211.72,335.11,0.9895,0.330811,0.698151
1786703670.021103,23.679780,728,30.06,186.96,73.46,1.0000,0.292130,0.153043,211.87,334.51,0.9894,0.331042,0.696897
1786703670.039479,23.698156,729,30.06,186.93,73.45,1.0000,0.292078,0.153017,211.87,334.55,0.9890,0.331040,0.696985
1786703670.071206,23.729882,730,30.06,187.20,73.22,1.0000,0.292507,0.152533,211.89,334.51,0.9892,0.331085,0.696895
1786703670.105979,23.764656,731,30.06,187.15,73.03,1.0000,0.292417,0.152137,211.85,334.55,0.9892,0.331012,0.696984
1786703670.141905,23.800582,732,30.06,186.99,73.08,1.0000,0.292174,0.152258,211.89,334.55,0.9893,0.331074,0.696986
1786703670.182071,23.840747,733,30.06,186.99,73.12,1.0000,0.292171,0.152338,211.80,334.58,0.9892,0.330944,0.697041
1786703670.197997,23.856674,734,30.06,187.01,73.04,1.0000,0.292205,0.152176,211.81,334.53,0.9891,0.330957,0.696937
1786703670.241351,23.900028,735,30.06,187.02,72.84,1.0000,0.292213,0.151749,211.77,334.54,0.9891,0.330894,0.696966
1786703670.272403,23.931079,736,30.06,187.15,72.84,1.0000,0.292423,0.151740,211.76,334.48,0.9892,0.330877,0.696826
1786703670.309560,23.968237,737,30.06,187.16,72.97,1.0000,0.292435,0.152017,211.76,334.45,0.9893,0.330868,0.696766
1786703670.347112,24.005789,738,30.06,187.20,72.90,1.0000,0.292493,0.151878,211.64,334.59,0.9891,0.330685,0.697064
1786703670.373312,24.031989,739,30.11,187.21,72.90,1.0000,0.292511,0.151878,211.64,334.76,0.9889,0.330686,0.697408
1786703670.415436,24.074112,740,30.11,187.33,73.07,1.0000,0.292697,0.152223,211.63,334.75,0.9889,0.330679,0.697387
1786703670.436520,24.095196,741,30.11,187.42,73.03,1.0000,0.292850,0.152154,211.65,334.74,0.9888,0.330709,0.697385
1786703670.473447,24.132124,742,30.11,187.43,73.06,1.0000,0.292858,0.152211,211.64,335.03,0.9887,0.330681,0.697976
1786703670.508141,24.166817,743,30.11,187.34,73.08,1.0000,0.292714,0.152241,211.64,334.89,0.9888,0.330680,0.697697
1786703670.544258,24.202935,744,30.11,187.38,73.14,1.0000,0.292778,0.152383,211.57,334.90,0.9887,0.330584,0.697698
1786703670.607530,24.266207,745,30.11,187.40,73.15,1.0000,0.292818,0.152393,211.57,334.96,0.9887,0.330580,0.697832
1786703670.622005,24.280682,746,30.11,187.42,73.13,1.0000,0.292838,0.152363,211.57,334.97,0.9889,0.330582,0.697844
1786703670.648584,24.307261,747,30.11,187.51,73.13,1.0000,0.292979,0.152364,211.56,335.14,0.9889,0.330559,0.698218
1786703670.675088,24.333765,748,30.11,187.54,73.11,1.0000,0.293026,0.152315,211.57,335.10,0.9889,0.330578,0.698117
1786703670.712584,24.371260,749,30.11,187.56,73.11,1.0000,0.293060,0.152313,211.51,335.16,0.9889,0.330489,0.698260
1786703670.749581,24.408258,750,30.11,187.68,73.10,1.0000,0.293248,0.152296,211.49,335.30,0.9889,0.330460,0.698551
1786703670.773248,24.431925,751,30.11,187.75,72.99,1.0000,0.293362,0.152064,211.52,335.17,0.9890,0.330501,0.698270
1786703670.810525,24.469201,752,30.11,187.88,72.98,1.0000,0.293558,0.152037,211.54,335.17,0.9891,0.330526,0.698268
1786703670.844089,24.502765,753,30.11,187.99,72.94,1.0000,0.293728,0.151968,211.55,335.10,0.9887,0.330552,0.698128
1786703670.876486,24.535162,754,30.08,187.99,72.94,1.0000,0.293734,0.151957,211.54,335.04,0.9888,0.330535,0.697992
1786703670.908118,24.566795,755,30.08,187.98,72.96,1.0000,0.293724,0.151998,211.55,334.96,0.9890,0.330544,0.697823
1786703670.956478,24.615155,756,30.08,187.75,72.17,1.0000,0.293357,0.150358,211.50,334.53,0.9889,0.330474,0.696944
1786703670.971078,24.629755,757,30.08,187.75,72.05,0.9999,0.293359,0.150114,211.50,334.41,0.9888,0.330468,0.696685
1786703671.003336,24.662012,758,30.08,187.80,71.95,1.0000,0.293439,0.149899,211.49,334.69,0.9888,0.330448,0.697268
1786703671.048606,24.707282,759,30.08,187.82,71.95,1.0000,0.293464,0.149905,211.52,334.69,0.9888,0.330493,0.697266
1786703671.072500,24.731177,760,30.08,188.03,72.00,1.0000,0.293797,0.149990,211.51,334.81,0.9888,0.330491,0.697518
1786703671.110314,24.768991,761,30.08,188.16,71.97,1.0000,0.294004,0.149937,211.51,334.80,0.9890,0.330492,0.697498
1786703671.150197,24.808874,762,30.08,188.14,71.97,1.0000,0.293968,0.149942,211.56,334.76,0.9888,0.330557,0.697425
1786703671.177096,24.835773,763,30.08,188.13,72.10,0.9999,0.293952,0.150212,211.55,334.86,0.9887,0.330551,0.697631
1786703671.208649,24.867325,764,30.08,188.13,72.12,0.9999,0.293951,0.150259,211.54,334.87,0.9887,0.330526,0.697636
1786703671.238106,24.896783,765,30.08,188.12,72.13,0.9999,0.293940,0.150264,211.55,334.84,0.9888,0.330548,0.697574
1786703671.274563,24.933239,766,30.08,188.11,72.18,0.9999,0.293928,0.150370,211.58,334.65,0.9887,0.330586,0.697183
1786703671.323147,24.981823,767,30.08,188.12,72.23,0.9999,0.293930,0.150472,211.57,334.46,0.9887,0.330580,0.696783
1786703671.337731,24.996407,768,30.08,188.12,72.23,0.9999,0.293940,0.150476,211.58,334.43,0.9888,0.330590,0.696729
1786703671.370363,25.029040,769,30.08,188.11,72.28,0.9999,0.293920,0.150586,211.60,334.36,0.9888,0.330632,0.696593
1786703671.412115,25.070792,770,30.04,188.12,72.60,0.9999,0.293945,0.151244,211.61,334.36,0.9889,0.330634,0.696590
1786703671.462948,25.121624,771,30.04,188.23,73.24,0.9999,0.294109,0.152578,211.64,334.26,0.9890,0.330682,0.696374
1786703671.476854,25.135531,772,30.04,188.25,73.23,0.9999,0.294138,0.152569,211.67,334.04,0.9890,0.330734,0.695920
1786703671.508279,25.166956,773,30.04,188.26,73.18,0.9999,0.294150,0.152458,211.67,334.01,0.9891,0.330739,0.695860
1786703671.546052,25.204728,774,30.04,188.26,73.23,0.9999,0.294154,0.152564,211.67,334.07,0.9892,0.330736,0.695983
1786703671.579691,25.238368,775,30.04,188.28,73.44,0.9999,0.294192,0.152993,211.65,334.11,0.9893,0.330710,0.696053
1786703671.603774,25.262451,776,30.04,188.28,73.44,0.9999,0.294191,0.152993,211.66,334.17,0.9892,0.330714,0.696194
1786703671.641434,25.300111,777,30.04,188.12,73.63,0.9999,0.293943,0.153391,211.65,334.39,0.9891,0.330708,0.696640
1786703671.681314,25.339990,778,30.04,187.83,73.61,0.9999,0.293490,0.153355,211.62,334.50,0.9890,0.330660,0.696880
1786703671.709729,25.368405,779,30.04,187.85,73.50,0.9999,0.293514,0.153122,211.54,334.68,0.9887,0.330530,0.697243
1786703671.746415,25.405092,780,30.04,187.66,73.48,0.9999,0.293217,0.153080,211.56,334.68,0.9887,0.330565,0.697254
1786703671.759240,25.417917,781,30.04,187.39,73.48,0.9999,0.292795,0.153087,211.58,334.65,0.9887,0.330596,0.697190
1786703671.812231,25.470908,782,30.04,187.41,73.43,0.9999,0.292821,0.152976,211.64,334.74,0.9887,0.330687,0.697369
1786703671.841816,25.500493,783,30.04,187.27,73.23,0.9999,0.292608,0.152567,211.64,334.72,0.9889,0.330686,0.697323
1786703671.903051,25.561728,784,30.04,186.76,73.24,0.9999,0.291815,0.152591,211.70,334.41,0.9888,0.330783,0.696686
1786703671.916379,25.575056,785,29.95,186.65,73.22,0.9999,0.291638,0.152549,211.66,334.49,0.9889,0.330714,0.696848
1786703671.932582,25.591259,786,29.95,186.68,73.18,0.9999,0.291682,0.152453,211.71,334.30,0.9889,0.330790,0.696452
1786703671.980567,25.639244,787,29.95,186.37,73.20,0.9999,0.291199,0.152505,211.76,334.38,0.9890,0.330882,0.696617
1786703671.998227,25.656904,788,29.95,185.73,73.21,0.9999,0.290200,0.152528,211.74,334.70,0.9889,0.330837,0.697294
1786703672.049913,25.708590,789,29.95,185.75,73.13,0.9999,0.290230,0.152352,211.79,334.63,0.9890,0.330915,0.697144
1786703672.081734,25.740410,790,29.95,185.83,73.22,0.9999,0.290353,0.152539,211.77,334.93,0.9889,0.330893,0.697762
1786703672.110547,25.769224,791,29.95,185.75,73.13,0.9999,0.290239,0.152361,211.79,334.79,0.9887,0.330921,0.697478
1786703672.142020,25.800697,792,29.95,185.83,73.66,0.9999,0.290361,0.153455,211.83,334.69,0.9889,0.330990,0.697268
1786703672.175796,25.834472,793,29.95,185.83,73.66,0.9999,0.290353,0.153468,211.84,334.70,0.9889,0.331007,0.697297
1786703672.208083,25.866760,794,29.95,185.80,73.66,0.9999,0.290314,0.153464,211.86,334.71,0.9888,0.331024,0.697310
1786703672.245132,25.903808,795,29.95,185.77,73.63,0.9999,0.290261,0.153387,211.85,334.66,0.9887,0.331019,0.697217
1786703672.282229,25.940905,796,29.95,185.77,73.39,0.9999,0.290266,0.152894,211.85,334.73,0.9887,0.331017,0.697355
1786703672.297700,25.956377,797,29.95,185.77,73.31,1.0000,0.290266,0.152737,211.86,334.72,0.9886,0.331027,0.697338
1786703672.340484,25.999161,798,29.95,185.79,73.39,1.0000,0.290295,0.152904,211.87,334.76,0.9886,0.331040,0.697416
1786703672.373491,26.032168,799,29.95,185.82,73.36,1.0000,0.290343,0.152841,211.85,334.82,0.9884,0.331020,0.697533
1786703672.406890,26.065567,800,29.95,186.01,73.36,1.0000,0.290637,0.152843,211.97,334.52,0.9882,0.331210,0.696907
1786703672.430618,26.089294,801,30.32,185.98,73.32,1.0000,0.290593,0.152751,211.95,334.53,0.9881,0.331173,0.696931
1786703672.474760,26.133436,802,30.32,186.10,73.39,1.0000,0.290777,0.152902,211.99,334.60,0.9882,0.331239,0.697084
1786703672.506829,26.165506,803,30.32,186.10,73.38,1.0000,0.290781,0.152885,211.99,334.62,0.9881,0.331235,0.697130
1786703672.562849,26.221526,804,30.32,185.97,73.38,1.0000,0.290573,0.152877,211.98,334.84,0.9880,0.331214,0.697588
1786703672.576853,26.235530,805,30.32,185.90,73.23,1.0000,0.290471,0.152553,211.95,334.80,0.9881,0.331172,0.697509
1786703672.613108,26.271785,806,30.32,185.86,73.08,1.0000,0.290406,0.152247,211.90,334.88,0.9880,0.331097,0.697667
1786703672.639779,26.298456,807,30.32,185.83,73.07,1.0000,0.290361,0.152222,211.89,334.94,0.9881,0.331085,0.697786
1786703672.674709,26.333386,808,30.32,185.95,72.82,1.0000,0.290540,0.151711,211.85,335.01,0.9880,0.331012,0.697945
1786703672.706717,26.365393,809,30.32,185.99,72.80,1.0000,0.290615,0.151659,211.86,334.92,0.9881,0.331034,0.697756
1786703672.740865,26.399542,810,30.32,185.97,72.64,1.0000,0.290575,0.151333,211.81,335.04,0.9880,0.330953,0.697996
1786703672.775076,26.433753,811,30.32,186.07,72.63,1.0000,0.290739,0.151312,211.80,334.94,0.9882,0.330940,0.697789
1786703672.807144,26.465821,812,30.32,185.87,72.50,1.0000,0.290427,0.151039,211.78,335.18,0.9882,0.330907,0.698301
1786703672.852184,26.510860,813,30.32,185.99,72.52,1.0000,0.290614,0.151084,211.84,335.14,0.9882,0.330997,0.698212
1786703672.881427,26.540103,814,30.32,186.03,72.45,1.0000,0.290668,0.150946,211.79,335.25,0.9882,0.330920,0.698437
1786703672.921313,26.579990,815,29.86,186.01,72.65,1.0000,0.290640,0.151347,211.88,335.31,0.9882,0.331055,0.698567
1786703672.945502,26.604178,816,29.86,185.85,72.63,1.0000,0.290395,0.151317,211.83,335.45,0.9883,0.330980,0.698848
1786703672.987045,26.645722,817,29.86,185.87,72.61,1.0000,0.290430,0.151275,211.82,335.44,0.9882,0.330976,0.698843
1786703672.994959,26.653635,818,29.86,185.87,72.61,1.0000,0.290424,0.151264,211.74,335.49,0.9883,0.330848,0.698935
1786703673.040193,26.698870,819,29.86,185.76,72.73,1.0000,0.290245,0.151517,211.75,335.44,0.9886,0.330865,0.698830
1786703673.077195,26.735872,820,29.86,185.64,72.73,1.0000,0.290055,0.151513,211.75,335.55,0.9883,0.330862,0.699054
1786703673.106225,26.764902,821,29.86,185.71,72.98,1.0000,0.290167,0.152045,211.75,335.49,0.9884,0.330864,0.698939
1786703673.131495,26.790172,822,29.86,185.70,72.85,1.0000,0.290155,0.151778,211.70,335.47,0.9886,0.330774,0.698901
1786703673.180932,26.839608,823,29.86,185.78,72.89,1.0000,0.290273,0.151860,211.74,335.34,0.9886,0.330848,0.698623
1786703673.220935,26.879611,824,29.86,185.57,73.02,1.0000,0.289946,0.152115,211.69,335.30,0.9887,0.330772,0.698536
1786703673.233766,26.892443,825,29.86,185.58,73.02,1.0000,0.289963,0.152115,211.71,335.21,0.9886,0.330793,0.698351
1786703673.276791,26.935467,826,29.86,185.59,73.13,1.0000,0.289980,0.152355,211.66,335.17,0.9887,0.330719,0.698266
1786703673.313646,26.972323,827,29.86,185.62,73.13,1.0000,0.290030,0.152345,211.75,335.13,0.9886,0.330852,0.698191
1786703673.352507,27.011184,828,29.86,185.54,73.13,1.0000,0.289899,0.152357,211.75,335.11,0.9887,0.330864,0.698156
1786703673.376495,27.035171,829,29.86,185.53,73.13,1.0000,0.289895,0.152349,211.76,335.16,0.9886,0.330872,0.698257
1786703673.405573,27.064249,830,29.86,185.52,73.13,1.0000,0.289880,0.152347,211.77,335.16,0.9885,0.330891,0.698249
1786703673.446031,27.104707,831,30.03,185.34,73.10,1.0000,0.289587,0.152293,211.84,335.08,0.9885,0.331004,0.698089
1786703673.485163,27.143840,832,30.03,185.34,73.10,1.0000,0.289601,0.152298,211.86,335.00,0.9886,0.331029,0.697924
1786703673.501116,27.159792,833,30.03,185.34,73.14,1.0000,0.289597,0.152370,211.86,335.02,0.9886,0.331027,0.697953
1786703673.538457,27.197133,834,30.03,185.32,73.14,1.0000,0.289570,0.152369,211.88,335.01,0.9887,0.331058,0.697931
1786703673.569741,27.228417,835,30.03,185.25,73.21,1.0000,0.289450,0.152525,211.94,334.95,0.9888,0.331153,0.697812
1786703673.617660,27.276336,836,30.03,184.93,73.22,1.0000,0.288959,0.152534,211.86,335.06,0.9886,0.331027,0.698032
1786703673.649228,27.307905,837,30.03,184.91,73.44,1.0000,0.288925,0.152990,211.86,334.97,0.9886,0.331024,0.697852
1786703673.659928,27.318604,838,30.03,184.88,73.46,1.0000,0.288867,0.153036,211.85,334.99,0.9886,0.331017,0.697890
1786703673.705257,27.363934,839,30.03,185.03,73.47,1.0000,0.289117,0.153072,211.83,334.95,0.9886,0.330991,0.697804
1786703673.753399,27.412076,840,30.03,185.06,73.34,1.0000,0.289160,0.152791,211.82,335.11,0.9886,0.330976,0.698148
1786703673.774147,27.432823,841,30.03,185.11,73.34,1.0000,0.289234,0.152790,211.81,335.16,0.9883,0.330961,0.698247
1786703673.811951,27.470628,842,30.03,185.10,73.48,1.0000,0.289224,0.153084,211.82,335.20,0.9882,0.330969,0.698329
1786703673.841404,27.500081,843,30.03,185.16,73.44,1.0000,0.289315,0.153004,211.84,335.11,0.9880,0.330996,0.698142
1786703673.868105,27.526782,844,30.03,185.17,73.29,1.0000,0.289322,0.152696,211.82,335.09,0.9880,0.330961,0.698101
1786703673.923746,27.582423,845,30.03,185.22,73.32,1.0000,0.289409,0.152756,211.83,334.95,0.9881,0.330980,0.697803
1786703673.931815,27.590491,846,29.99,185.23,73.27,1.0000,0.289429,0.152654,211.79,334.97,0.9881,0.330919,0.697850
1786703673.984558,27.643234,847,29.99,185.24,73.21,1.0000,0.289443,0.152524,211.86,334.80,0.9882,0.331023,0.697498
1786703674.016019,27.674695,848,29.99,185.25,73.14,1.0000,0.289450,0.152368,211.80,335.10,0.9881,0.330944,0.698115
1786703674.052557,27.711233,849,29.99,185.32,73.08,1.0000,0.289555,0.152240,211.86,335.16,0.9881,0.331033,0.698257
1786703674.084376,27.743052,850,29.99,185.30,73.04,1.0000,0.289524,0.152169,211.80,335.22,0.9880,0.330945,0.698383
1786703674.107333,27.766010,851,29.99,185.30,73.15,1.0000,0.289525,0.152401,211.81,335.18,0.9881,0.330959,0.698297
1786703674.143769,27.802446,852,29.99,185.54,73.13,1.0000,0.289900,0.152353,211.80,335.18,0.9880,0.330936,0.698293
1786703674.181227,27.839904,853,29.99,185.63,73.13,1.0000,0.290048,0.152358,211.77,335.15,0.9879,0.330898,0.698230
1786703674.207937,27.866614,854,29.99,185.63,73.11,1.0000,0.290051,0.152321,211.79,335.14,0.9880,0.330928,0.698209
1786703674.242444,27.901121,855,29.99,185.54,73.11,1.0000,0.289910,0.152319,211.79,335.20,0.9879,0.330925,0.698334
1786703674.270928,27.929605,856,29.99,185.50,73.15,1.0000,0.289845,0.152395,211.81,335.19,0.9880,0.330960,0.698308
1786703674.321380,27.980057,857,29.99,185.52,73.31,1.0000,0.289867,0.152726,211.84,335.07,0.9882,0.330997,0.698059
1786703674.345261,28.003937,858,29.99,185.51,73.31,1.0000,0.289862,0.152730,211.83,335.09,0.9883,0.330989,0.698114
1786703674.363943,28.022619,859,29.99,185.65,73.31,1.0000,0.290079,0.152722,211.84,335.10,0.9882,0.331006,0.698126
1786703674.447158,28.105835,861,29.99,185.64,73.19,1.0000,0.290069,0.152483,211.79,335.12,0.9882,0.330923,0.698157
1786703674.468223,28.126899,862,29.74,185.64,73.27,1.0000,0.290068,0.152644,211.84,334.96,0.9882,0.330996,0.697824
1786703674.521739,28.180416,863,29.74,185.69,73.18,1.0000,0.290148,0.152457,211.77,335.38,0.9881,0.330895,0.698713
1786703674.550749,28.209426,864,29.74,185.62,73.19,1.0000,0.290038,0.152471,211.85,335.29,0.9880,0.331017,0.698531
1786703674.578360,28.237036,865,29.74,185.63,73.26,1.0000,0.290044,0.152626,211.85,335.31,0.9880,0.331012,0.698554
1786703674.606441,28.265117,866,29.74,185.65,73.41,1.0000,0.290078,0.152944,211.94,335.28,0.9879,0.331150,0.698494
1786703674.645634,28.304310,867,29.74,185.66,73.43,1.0000,0.290089,0.152984,211.83,335.38,0.9878,0.330989,0.698711
1786703674.677291,28.335968,868,29.74,185.68,73.60,1.0000,0.290129,0.153330,211.85,335.19,0.9879,0.331011,0.698316
1786703674.705854,28.364531,869,29.74,185.65,73.57,1.0000,0.290079,0.153268,211.87,335.15,0.9880,0.331052,0.698236
1786703674.751499,28.410176,870,29.74,185.65,73.66,1.0000,0.290080,0.153463,211.90,335.12,0.9881,0.331100,0.698169
1786703674.780866,28.439543,871,29.74,185.65,73.67,1.0000,0.290084,0.153474,211.91,335.04,0.9880,0.331113,0.697990
1786703674.817224,28.475901,872,29.74,185.66,73.70,1.0000,0.290096,0.153549,211.92,334.94,0.9881,0.331120,0.697785
1786703674.854388,28.513065,873,29.74,185.65,73.53,1.0000,0.290085,0.153189,211.92,334.89,0.9879,0.331120,0.697693
1786703674.864664,28.523340,874,29.74,185.65,73.53,1.0000,0.290081,0.153178,211.99,334.76,0.9880,0.331227,0.697425
1786703674.925771,28.584447,875,29.74,185.65,73.46,1.0000,0.290083,0.153037,211.97,335.02,0.9880,0.331202,0.697967
1786703674.949538,28.608215,876,29.74,185.67,73.46,1.0000,0.290103,0.153038,212.00,335.02,0.9880,0.331242,0.697965
1786703674.962171,28.620847,877,29.74,185.67,73.42,1.0000,0.290103,0.152963,211.96,335.16,0.9880,0.331190,0.698250
1786703675.004966,28.663642,878,29.75,185.66,73.42,1.0000,0.290101,0.152963,212.01,335.05,0.9880,0.331266,0.698023
1786703675.042793,28.701470,879,29.75,185.63,73.49,1.0000,0.290043,0.153101,212.01,334.87,0.9880,0.331262,0.697649
1786703675.077333,28.736009,880,29.75,185.58,73.48,1.0000,0.289968,0.153085,212.03,334.86,0.9879,0.331299,0.697631
1786703675.110897,28.769573,881,29.75,185.57,73.52,1.0000,0.289948,0.153159,212.06,334.81,0.9878,0.331343,0.697511
1786703675.143614,28.802291,882,29.75,185.56,73.62,1.0000,0.289930,0.153366,212.13,334.80,0.9878,0.331451,0.697499
1786703675.199068,28.857745,883,29.75,185.52,73.68,1.0000,0.289877,0.153494,212.11,334.76,0.9879,0.331421,0.697418
1786703675.211182,28.869859,884,29.75,185.52,73.65,1.0000,0.289872,0.153428,212.08,334.90,0.9879,0.331381,0.697706
1786703675.246624,28.905300,885,29.75,185.23,73.67,1.0000,0.289422,0.153480,212.09,334.89,0.9879,0.331396,0.697697
1786703675.262268,28.920945,886,29.75,185.22,73.67,1.0000,0.289403,0.153488,212.10,334.87,0.9881,0.331413,0.697638
1786703675.307475,28.966151,887,29.75,185.13,73.68,1.0000,0.289268,0.153504,212.09,334.92,0.9879,0.331393,0.697760
1786703675.342271,29.000948,888,29.75,185.14,73.68,1.0000,0.289289,0.153499,212.05,335.36,0.9878,0.331334,0.698667
1786703675.387013,29.045690,889,29.75,184.75,73.68,1.0000,0.288670,0.153495,212.06,334.93,0.9878,0.331341,0.697777
1786703675.404649,29.063326,890,29.75,184.74,73.64,1.0000,0.288660,0.153420,212.06,335.01,0.9878,0.331337,0.697931
1786703675.441356,29.100033,891,29.75,184.73,73.64,1.0000,0.288646,0.153421,212.03,334.61,0.9879,0.331291,0.697113
1786703675.478835,29.137512,892,29.75,184.71,73.64,1.0000,0.288611,0.153418,211.98,335.00,0.9876,0.331223,0.697916
1786703675.507888,29.166565,893,29.75,184.73,73.68,1.0000,0.288645,0.153503,212.04,334.95,0.9876,0.331319,0.697818
1786703675.547480,29.206157,894,29.69,184.73,73.69,1.0000,0.288648,0.153513,212.04,335.01,0.9876,0.331307,0.697946
1786703675.563277,29.221954,895,29.69,184.79,73.69,1.0000,0.288732,0.153511,212.05,334.90,0.9876,0.331331,0.697708
1786703675.606256,29.264933,896,29.69,184.85,74.03,1.0000,0.288827,0.154228,212.09,334.90,0.9875,0.331398,0.697700
1786703675.643700,29.302377,897,29.69,184.90,73.81,1.0000,0.288910,0.153768,212.09,334.93,0.9876,0.331393,0.697761
1786703675.670098,29.328774,898,29.69,184.99,73.87,1.0000,0.289044,0.153903,212.09,334.86,0.9876,0.331391,0.697624
1786703675.740628,29.399305,899,29.69,185.03,73.83,1.0000,0.289102,0.153822,212.04,335.44,0.9877,0.331309,0.698837
1786703675.755306,29.413982,900,29.69,184.97,74.02,1.0000,0.289009,0.154204,212.12,335.28,0.9877,0.331431,0.698490
1786703675.770992,29.429669,901,29.69,184.88,74.08,1.0000,0.288872,0.154331,212.12,335.23,0.9876,0.331433,0.698389
1786703675.807662,29.466338,902,29.69,184.91,74.11,1.0000,0.288916,0.154396,212.11,335.21,0.9875,0.331417,0.698355
1786703675.842299,29.500975,903,29.69,184.97,74.23,1.0000,0.289021,0.154648,212.09,335.23,0.9874,0.331395,0.698401
1786703675.868698,29.527375,904,29.69,184.99,74.36,1.0000,0.289047,0.154913,212.08,335.06,0.9874,0.331378,0.698034
1786703675.918344,29.577021,905,29.69,184.96,74.60,1.0000,0.289001,0.155421,212.02,335.11,0.9873,0.331277,0.698142
1786703675.953117,29.611794,906,29.69,184.97,74.60,1.0000,0.289016,0.155407,212.12,334.79,0.9873,0.331438,0.697476
1786703675.960159,29.618835,907,29.69,184.93,74.62,1.0000,0.288948,0.155459,212.11,334.82,0.9874,0.331423,0.697546
1786703676.013699,29.672375,908,29.69,184.89,74.66,1.0000,0.288895,0.155541,212.11,334.78,0.9875,0.331414,0.697455
1786703676.039938,29.698614,909,29.69,184.86,74.65,1.0000,0.288849,0.155529,211.99,334.78,0.9876,0.331239,0.697454
1786703676.090644,29.749320,910,29.65,185.16,74.66,1.0000,0.289314,0.155543,211.99,334.76,0.9877,0.331238,0.697421
1786703676.103431,29.762108,911,29.65,185.15,74.66,1.0000,0.289292,0.155539,211.96,334.82,0.9876,0.331191,0.697535
1786703676.146314,29.804991,912,29.65,185.21,74.54,1.0000,0.289392,0.155301,211.97,334.74,0.9877,0.331202,0.697385
1786703676.172974,29.831651,913,29.65,185.21,74.22,1.0000,0.289395,0.154628,211.94,334.76,0.9878,0.331156,0.697425
1786703676.210333,29.869010,914,29.65,185.21,73.72,1.0000,0.289395,0.153585,211.93,334.76,0.9876,0.331137,0.697418
1786703676.249030,29.907706,915,29.65,185.10,73.58,1.0000,0.289223,0.153291,211.94,334.67,0.9878,0.331149,0.697232
1786703676.262238,29.920915,916,29.65,185.10,73.58,1.0000,0.289221,0.153297,211.95,334.63,0.9878,0.331165,0.697137
1786703676.310229,29.968906,917,29.65,185.19,73.58,1.0000,0.289363,0.153283,211.95,334.44,0.9878,0.331167,0.696755
1786703676.341974,30.000651,918,29.65,185.49,73.73,1.0000,0.289827,0.153613,211.99,334.44,0.9877,0.331228,0.696757
1786703676.384637,30.043314,919,29.65,185.57,73.79,1.0000,0.289959,0.153736,211.94,334.51,0.9878,0.331163,0.696900
1786703676.420085,30.078762,920,29.65,185.70,73.77,1.0000,0.290156,0.153677,211.96,334.49,0.9876,0.331192,0.696848
1786703676.444290,30.102966,921,29.65,185.72,73.83,1.0000,0.290184,0.153807,211.95,334.53,0.9876,0.331175,0.696933
1786703676.484195,30.142872,922,29.65,185.71,73.83,1.0000,0.290177,0.153810,211.97,334.54,0.9876,0.331200,0.696953
1786703676.509940,30.168617,923,29.65,185.77,73.59,1.0000,0.290259,0.153309,211.97,334.75,0.9877,0.331197,0.697387
1786703676.558141,30.216817,924,29.65,185.92,73.81,1.0000,0.290499,0.153772,212.09,334.71,0.9878,0.331390,0.697304
1786703676.579335,30.238012,925,29.65,185.92,73.81,1.0000,0.290504,0.153774,212.07,334.83,0.9879,0.331358,0.697558
1786703676.595089,30.253766,926,29.91,185.98,73.70,1.0000,0.290593,0.153538,212.06,334.75,0.9879,0.331338,0.697390
1786703676.642906,30.301583,927,29.91,186.00,73.56,1.0000,0.290632,0.153250,211.97,335.07,0.9880,0.331210,0.698058
1786703676.674630,30.333306,928,29.91,186.02,73.53,1.0000,0.290652,0.153187,211.98,334.98,0.9881,0.331222,0.697881
1786703676.719191,30.377868,929,29.91,186.13,73.24,1.0000,0.290823,0.152590,211.97,334.98,0.9882,0.331206,0.697870
1786703676.754574,30.413250,930,29.91,186.13,73.35,1.0000,0.290829,0.152821,211.96,334.97,0.9882,0.331184,0.697859
1786703676.770122,30.428799,931,29.91,186.17,73.22,1.0000,0.290892,0.152552,211.91,334.95,0.9885,0.331108,0.697817
1786703676.812527,30.471203,932,29.91,186.19,73.23,1.0000,0.290917,0.152565,211.90,334.95,0.9885,0.331094,0.697819
1786703676.844247,30.502924,933,29.91,186.19,73.19,1.0000,0.290924,0.152487,211.85,334.99,0.9885,0.331022,0.697897
1786703676.895674,30.554350,934,29.91,186.17,73.23,1.0000,0.290887,0.152560,211.88,334.98,0.9885,0.331062,0.697871
1786703676.904594,30.563271,935,29.91,186.17,73.27,1.0000,0.290890,0.152652,211.90,334.95,0.9886,0.331091,0.697818
1786703676.958572,30.617248,936,29.91,186.12,73.22,1.0000,0.290815,0.152549,211.94,334.83,0.9885,0.331161,0.697564
1786703676.964969,30.623646,937,29.91,186.19,73.22,1.0000,0.290919,0.152549,211.95,334.82,0.9885,0.331175,0.697545
1786703677.020052,30.678728,938,29.91,186.19,73.15,1.0000,0.290929,0.152396,211.94,334.87,0.9884,0.331160,0.697641
1786703677.034644,30.693321,939,29.91,186.24,73.27,1.0000,0.291001,0.152648,211.89,334.92,0.9886,0.331076,0.697746
1786703677.074183,30.732860,940,29.91,186.44,73.29,1.0000,0.291306,0.152688,211.89,334.90,0.9887,0.331076,0.697701
1786703677.114458,30.773134,941,29.83,186.53,73.29,1.0000,0.291454,0.152683,211.88,335.06,0.9885,0.331060,0.698031
1786703677.142320,30.800997,942,29.83,186.57,73.28,1.0000,0.291521,0.152666,211.85,335.08,0.9884,0.331010,0.698089
1786703677.176699,30.835376,943,29.83,186.63,73.28,1.0000,0.291602,0.152670,211.91,335.03,0.9884,0.331115,0.697982
1786703677.208871,30.867548,944,29.83,186.70,73.47,1.0000,0.291719,0.153062,211.98,334.78,0.9882,0.331213,0.697468
1786703677.251140,30.909816,945,29.83,186.70,73.36,1.0000,0.291723,0.152834,212.00,334.91,0.9882,0.331252,0.697739
1786703677.264215,30.922891,946,29.83,186.75,73.33,1.0000,0.291794,0.152781,211.97,334.88,0.9883,0.331196,0.697659
1786703677.317317,30.975994,947,29.83,186.75,73.33,1.0000,0.291798,0.152776,211.96,334.87,0.9882,0.331193,0.697649
1786703677.346117,31.004793,948,29.83,186.74,73.33,1.0000,0.291783,0.152774,211.97,334.94,0.9880,0.331198,0.697790
1786703677.380444,31.039120,949,29.83,186.74,73.25,1.0000,0.291786,0.152597,211.94,335.06,0.9880,0.331154,0.698048
1786703677.406762,31.065439,950,29.83,186.73,73.23,1.0000,0.291760,0.152568,211.95,335.00,0.9881,0.331172,0.697919
1786703677.452259,31.110936,951,29.83,186.72,73.12,1.0000,0.291756,0.152330,211.98,335.00,0.9881,0.331212,0.697923
1786703677.476126,31.134803,952,29.83,186.76,73.12,1.0000,0.291819,0.152334,211.98,335.00,0.9880,0.331211,0.697916
1786703677.508300,31.166977,953,29.83,186.77,73.18,1.0000,0.291824,0.152449,211.99,334.91,0.9878,0.331234,0.697736
1786703677.534901,31.193578,954,29.83,186.77,73.20,1.0000,0.291821,0.152499,212.00,334.93,0.9876,0.331255,0.697777
1786703677.580309,31.238985,955,29.83,186.99,73.34,1.0000,0.292173,0.152782,212.03,334.95,0.9877,0.331304,0.697815
1786703677.610141,31.268817,956,29.83,186.99,73.35,1.0000,0.292174,0.152806,212.02,334.90,0.9877,0.331279,0.697713
1786703677.646610,31.305287,957,30.01,186.99,73.45,1.0000,0.292171,0.153030,212.00,335.10,0.9876,0.331253,0.698127
1786703677.689729,31.348405,958,30.01,186.99,73.90,1.0000,0.292168,0.153953,212.03,334.84,0.9876,0.331289,0.697593
1786703677.703502,31.362179,959,30.01,186.99,73.86,1.0000,0.292177,0.153879,212.00,334.82,0.9876,0.331246,0.697550
1786703677.741266,31.399943,960,30.01,187.05,73.86,1.0000,0.292268,0.153878,211.88,334.97,0.9876,0.331058,0.697862
1786703677.773715,31.432392,961,30.01,186.98,73.78,1.0000,0.292157,0.153717,211.90,335.01,0.9876,0.331091,0.697944
1786703677.805388,31.464064,962,30.01,187.02,73.75,1.0000,0.292215,0.153656,211.92,334.98,0.9876,0.331124,0.697880
1786703677.850524,31.509201,963,30.01,187.04,73.45,1.0000,0.292250,0.153017,211.86,335.39,0.9874,0.331029,0.698722
1786703677.871935,31.530611,964,30.01,187.04,73.34,1.0000,0.292251,0.152794,211.86,335.35,0.9874,0.331032,0.698644
1786703677.906266,31.564943,965,30.01,187.03,73.34,1.0000,0.292235,0.152790,211.86,335.40,0.9873,0.331031,0.698752
1786703677.935149,31.593826,966,30.01,187.03,73.26,1.0000,0.292240,0.152629,211.87,335.32,0.9872,0.331051,0.698580
1786703677.995319,31.653996,967,30.01,187.17,73.39,1.0000,0.292451,0.152897,211.77,335.30,0.9871,0.330890,0.698535
1786703678.012987,31.671664,968,30.01,187.17,73.21,1.0000,0.292450,0.152531,211.77,335.29,0.9871,0.330885,0.698520
1786703678.048335,31.707012,969,30.01,187.17,73.16,1.0000,0.292460,0.152425,211.79,335.30,0.9871,0.330919,0.698538
1786703678.074976,31.733653,970,30.01,187.17,73.19,1.0000,0.292456,0.152488,211.79,335.26,0.9870,0.330922,0.698465
1786703678.106483,31.765159,971,30.01,187.16,73.11,1.0000,0.292434,0.152316,211.81,335.27,0.9871,0.330951,0.698473
1786703678.138704,31.797381,972,30.01,187.13,73.11,1.0000,0.292384,0.152320,211.85,335.23,0.9870,0.331009,0.698393
1786703678.183392,31.842069,973,29.85,187.00,73.14,1.0000,0.292181,0.152374,211.85,335.12,0.9871,0.331013,0.698177
1786703678.222946,31.881622,974,29.85,187.01,73.14,1.0000,0.292206,0.152381,211.85,334.57,0.9872,0.331018,0.697027
1786703678.233795,31.892472,975,29.85,187.01,73.14,1.0000,0.292202,0.152373,211.86,334.60,0.9871,0.331037,0.697078
1786703678.315184,31.973861,976,29.85,187.01,73.16,1.0000,0.292198,0.152407,211.87,334.64,0.9873,0.331042,0.697162
1786703678.337819,31.996496,978,29.85,187.00,73.37,1.0000,0.292185,0.152864,211.87,334.66,0.9873,0.331047,0.697200
1786703678.374712,32.033388,979,29.85,187.01,73.64,1.0000,0.292204,0.153416,211.87,334.60,0.9875,0.331042,0.697091
1786703678.424119,32.082796,980,29.85,186.95,73.64,1.0000,0.292113,0.153420,211.75,334.84,0.9877,0.330854,0.697574
1786703678.442423,32.101099,981,29.85,186.92,73.69,1.0000,0.292066,0.153511,211.77,334.78,0.9877,0.330891,0.697459
1786703678.479587,32.138264,982,29.85,186.92,72.88,1.0000,0.292059,0.151826,211.79,334.78,0.9878,0.330924,0.697465
1786703678.506063,32.164740,983,29.85,186.92,72.96,1.0000,0.292055,0.152002,211.82,334.78,0.9878,0.330974,0.697459
1786703678.543214,32.201891,984,29.85,186.82,72.77,1.0000,0.291902,0.151599,211.85,334.78,0.9876,0.331012,0.697457
1786703678.575208,32.233885,985,29.85,186.82,72.85,1.0000,0.291913,0.151777,212.01,334.77,0.9878,0.331259,0.697439
1786703678.601757,32.260433,986,29.85,186.79,72.66,1.0000,0.291856,0.151376,212.04,334.73,0.9878,0.331318,0.697348
1786703678.640718,32.299395,987,29.85,186.79,72.96,1.0000,0.291855,0.151996,212.04,334.70,0.9877,0.331313,0.697293
1786703678.678022,32.336698,988,29.85,186.81,73.01,1.0000,0.291891,0.152103,211.91,334.79,0.9878,0.331117,0.697472
1786703678.712052,32.370728,989,29.55,186.70,73.16,1.0000,0.291712,0.152408,211.95,334.72,0.9876,0.331167,0.697332
1786703678.746295,32.404971,990,29.55,186.66,73.24,1.0000,0.291663,0.152584,211.93,334.70,0.9876,0.331146,0.697301
1786703678.766814,32.425491,991,29.55,186.66,73.27,1.0000,0.291656,0.152644,211.94,334.68,0.9876,0.331158,0.697258
1786703678.808019,32.466696,992,29.55,186.64,73.33,1.0000,0.291628,0.152768,211.96,334.75,0.9875,0.331185,0.697390
1786703678.844580,32.503257,993,29.55,186.59,73.30,1.0000,0.291553,0.152699,211.93,335.19,0.9871,0.331133,0.698313
1786703678.871051,32.529727,994,29.55,186.42,73.39,1.0000,0.291277,0.152889,211.94,335.10,0.9873,0.331154,0.698127
1786703678.914352,32.573029,995,29.55,186.41,73.41,1.0000,0.291262,0.152935,211.86,335.13,0.9873,0.331036,0.698189
1786703678.942256,32.600933,996,29.55,186.26,73.67,1.0000,0.291027,0.153481,211.90,335.07,0.9875,0.331092,0.698060
1786703678.977783,32.636460,997,29.55,186.23,73.86,1.0000,0.290981,0.153868,211.91,335.07,0.9875,0.331103,0.698059
1786703679.004776,32.663452,998,29.55,186.13,74.05,1.0000,0.290829,0.154268,211.85,335.09,0.9875,0.331014,0.698105
1786703679.046926,32.705602,999,29.55,186.00,74.21,1.0000,0.290625,0.154596,212.01,335.03,0.9875,0.331267,0.697981
1786703679.074492,32.733169,1000,29.55,185.82,74.21,1.0000,0.290339,0.154597,211.83,335.04,0.9878,0.330982,0.698009
1786703679.109800,32.768476,1001,29.55,185.35,74.22,1.0000,0.289607,0.154620,211.87,334.99,0.9877,0.331048,0.697890
1786703679.146437,32.805114,1002,29.55,184.78,74.22,1.0000,0.288721,0.154615,211.80,334.91,0.9878,0.330942,0.697735
1786703679.178604,32.837281,1003,29.55,184.66,74.22,1.0000,0.288533,0.154615,211.83,334.83,0.9880,0.330982,0.697566
1786703679.212497,32.871173,1004,29.55,184.07,74.17,1.0000,0.287602,0.154531,211.63,335.08,0.9881,0.330667,0.698088
1786703679.247483,32.906159,1005,29.60,184.06,74.18,1.0000,0.287591,0.154540,211.69,335.07,0.9882,0.330760,0.698069
1786703679.278829,32.937505,1006,29.60,183.89,74.20,1.0000,0.287334,0.154582,211.63,335.12,0.9884,0.330672,0.698166
1786703679.310481,32.969157,1007,29.60,183.90,74.37,1.0000,0.287345,0.154932,211.76,334.86,0.9884,0.330871,0.697622
1786703679.361092,33.019769,1008,29.60,183.70,74.41,1.0000,0.287031,0.155017,211.65,334.91,0.9885,0.330698,0.697729
1786703679.390756,33.049433,1009,29.60,183.73,74.45,1.0000,0.287077,0.155095,211.67,334.73,0.9886,0.330737,0.697347
1786703679.395554,33.054231,1010,29.60,183.73,74.44,1.0000,0.287073,0.155075,211.59,334.78,0.9885,0.330611,0.697449
1786703679.450994,33.109671,1011,29.60,183.85,74.64,1.0000,0.287267,0.155510,211.64,334.63,0.9885,0.330692,0.697139
1786703679.499366,33.158042,1012,29.60,183.86,74.72,1.0000,0.287287,0.155674,211.66,334.77,0.9884,0.330718,0.697435
1786703679.502049,33.160726,1013,29.60,183.87,74.81,1.0000,0.287292,0.155854,211.67,334.73,0.9882,0.330736,0.697347
1786703679.565991,33.224667,1014,29.60,183.74,74.80,1.0000,0.287088,0.155840,211.69,334.72,0.9881,0.330773,0.697325
1786703679.580611,33.239288,1015,29.60,183.75,74.81,1.0000,0.287105,0.155849,211.74,334.41,0.9882,0.330843,0.696694
1786703679.610367,33.269044,1016,29.60,183.71,74.78,1.0000,0.287048,0.155800,211.70,334.48,0.9883,0.330788,0.696844
1786703679.645996,33.304672,1017,29.60,183.60,74.78,1.0000,0.286873,0.155782,211.73,334.37,0.9882,0.330834,0.696612
1786703679.674232,33.332908,1018,29.60,183.59,74.61,1.0000,0.286865,0.155434,211.71,334.76,0.9883,0.330796,0.697409
1786703679.720451,33.379128,1019,29.60,183.59,74.61,1.0000,0.286865,0.155434,211.76,334.86,0.9882,0.330873,0.697619
1786703679.746185,33.404861,1020,29.60,183.58,74.64,1.0000,0.286844,0.155506,211.76,334.84,0.9882,0.330875,0.697577
1786703679.788323,33.447000,1021,29.63,183.64,74.67,1.0000,0.286945,0.155565,211.74,334.74,0.9883,0.330849,0.697368
1786703679.822870,33.481547,1022,29.63,183.70,74.60,1.0000,0.287037,0.155422,211.66,334.88,0.9885,0.330726,0.697671
1786703679.841184,33.499860,1023,29.63,183.72,74.62,1.0000,0.287067,0.155453,211.67,334.81,0.9884,0.330739,0.697512
1786703679.885969,33.544646,1024,29.63,183.71,74.66,1.0000,0.287044,0.155549,211.64,334.92,0.9886,0.330683,0.697757
1786703679.913045,33.571722,1025,29.63,183.75,74.66,1.0000,0.287112,0.155540,211.59,334.91,0.9886,0.330612,0.697724
1786703679.941266,33.599943,1026,29.63,183.78,74.66,1.0000,0.287158,0.155546,211.70,334.63,0.9884,0.330775,0.697148
1786703679.975493,33.634170,1027,29.63,183.85,74.66,1.0000,0.287258,0.155546,211.60,334.62,0.9886,0.330631,0.697121
1786703680.004572,33.663249,1028,29.63,183.85,74.66,1.0000,0.287260,0.155536,211.66,334.51,0.9885,0.330717,0.696899
1786703680.052548,33.711225,1029,29.63,183.75,74.80,1.0000,0.287110,0.155827,211.61,334.55,0.9887,0.330637,0.696978
1786703680.072061,33.730737,1030,29.63,183.86,74.80,1.0000,0.287280,0.155827,211.61,334.58,0.9886,0.330634,0.697032
1786703680.111195,33.769871,1031,29.63,183.91,74.80,1.0000,0.287366,0.155840,211.63,334.47,0.9886,0.330666,0.696819
1786703680.126908,33.785585,1032,29.63,184.00,74.84,1.0000,0.287506,0.155917,211.60,334.78,0.9888,0.330618,0.697466
1786703680.185856,33.844533,1033,29.63,184.01,74.96,1.0000,0.287509,0.156167,211.56,334.84,0.9888,0.330564,0.697592
1786703680.209419,33.868095,1034,29.63,184.02,74.96,1.0000,0.287525,0.156169,211.56,334.86,0.9887,0.330567,0.697618
1786703680.246275,33.904952,1035,29.63,184.08,75.03,1.0000,0.287624,0.156320,211.56,334.56,0.9886,0.330569,0.696994
1786703680.281031,33.939708,1036,29.63,184.08,74.73,1.0000,0.287624,0.155691,211.52,334.95,0.9887,0.330506,0.697807
1786703680.318569,33.977246,1037,29.87,184.07,75.02,1.0000,0.287614,0.156302,211.54,334.76,0.9887,0.330534,0.697418
1786703680.334121,33.992798,1038,29.87,184.12,75.17,1.0000,0.287691,0.156606,211.56,334.80,0.9886,0.330555,0.697500
1786703680.371749,34.030426,1039,29.87,184.17,74.72,1.0000,0.287765,0.155658,211.55,334.80,0.9885,0.330549,0.697503
1786703680.410470,34.069146,1040,29.87,184.17,74.26,1.0000,0.287769,0.154714,211.43,334.97,0.9886,0.330363,0.697854
1786703680.444883,34.103560,1041,29.87,184.22,74.27,1.0000,0.287849,0.154729,211.51,334.91,0.9886,0.330483,0.697732
1786703680.479538,34.138215,1042,29.87,184.23,74.25,1.0000,0.287855,0.154690,211.50,335.03,0.9887,0.330468,0.697987
1786703680.522676,34.181353,1043,29.87,184.25,74.24,1.0000,0.287889,0.154677,211.52,335.08,0.9888,0.330497,0.698081
1786703680.554219,34.212896,1044,29.87,184.26,74.35,1.0000,0.287902,0.154888,211.53,335.05,0.9887,0.330513,0.698029
1786703680.575003,34.233680,1045,29.87,184.26,74.38,1.0000,0.287906,0.154965,211.56,335.14,0.9888,0.330569,0.698217
1786703680.615926,34.274603,1046,29.87,184.23,74.35,1.0000,0.287854,0.154889,211.68,335.15,0.9887,0.330746,0.698229
1786703680.642373,34.301049,1047,29.87,184.18,74.41,1.0000,0.287776,0.155027,211.69,335.07,0.9887,0.330772,0.698057
1786703680.689442,34.348118,1048,29.87,184.18,74.89,1.0000,0.287778,0.156015,211.71,335.02,0.9886,0.330794,0.697959
1786703680.702927,34.361604,1049,29.87,184.21,74.96,1.0000,0.287826,0.156176,211.71,334.99,0.9886,0.330796,0.697899
1786703680.751057,34.409734,1050,29.87,184.30,74.96,1.0000,0.287970,0.156172,211.59,335.06,0.9887,0.330608,0.698043
1786703680.777872,34.436548,1051,29.87,184.39,74.92,1.0000,0.288105,0.156076,211.67,335.01,0.9886,0.330732,0.697934
1786703680.847798,34.506475,1052,29.42,184.39,74.86,1.0000,0.288110,0.155955,211.58,335.26,0.9887,0.330592,0.698462
1786703680.863056,34.521732,1053,29.42,184.45,74.86,1.0000,0.288198,0.155965,211.67,335.17,0.9886,0.330731,0.698280
1786703680.881688,34.540365,1054,29.42,184.45,74.78,1.0000,0.288203,0.155791,211.61,335.18,0.9886,0.330637,0.698287
1786703680.912064,34.570741,1055,29.42,184.49,74.69,1.0000,0.288261,0.155601,211.61,335.22,0.9884,0.330643,0.698384
1786703680.968569,34.627245,1056,29.42,184.50,74.65,1.0000,0.288277,0.155512,211.49,335.17,0.9885,0.330449,0.698268
1786703680.984586,34.643262,1057,29.42,184.51,74.59,1.0000,0.288298,0.155401,211.73,335.25,0.9882,0.330827,0.698431
1786703681.011892,34.670568,1058,29.42,184.51,74.63,1.0000,0.288302,0.155476,211.75,335.18,0.9881,0.330865,0.698299
1786703681.043142,34.701819,1059,29.42,184.49,74.63,1.0000,0.288262,0.155473,211.70,335.23,0.9882,0.330784,0.698390
1786703681.072224,34.730901,1060,29.42,184.53,74.67,1.0000,0.288334,0.155562,211.74,335.04,0.9881,0.330842,0.698010
1786703681.104177,34.762854,1061,29.42,184.55,74.68,1.0000,0.288358,0.155587,211.76,335.10,0.9880,0.330867,0.698129
1786703681.139263,34.797940,1062,29.42,184.65,74.78,1.0000,0.288521,0.155795,211.80,335.16,0.9879,0.330931,0.698256
1786703681.181260,34.839936,1063,29.42,184.66,74.85,1.0000,0.288525,0.155931,211.77,335.30,0.9878,0.330892,0.698543
1786703681.212797,34.871474,1064,29.42,184.68,74.83,1.0000,0.288565,0.155890,211.78,335.23,0.9877,0.330908,0.698399
1786703681.258080,34.916756,1065,29.42,184.68,74.83,1.0000,0.288570,0.155886,211.70,335.16,0.9878,0.330777,0.698251
1786703681.272138,34.930815,1066,29.42,184.69,74.82,1.0000,0.288585,0.155885,211.69,335.18,0.9879,0.330763,0.698284
1786703681.308177,34.966854,1067,29.42,184.87,74.93,1.0000,0.288861,0.156104,211.65,335.14,0.9876,0.330696,0.698201
1786703681.342939,35.001616,1068,29.42,184.90,74.88,1.0000,0.288912,0.155993,211.67,335.14,0.9876,0.330737,0.698204
1786703681.376578,35.035255,1069,30.05,184.89,74.82,1.0000,0.288892,0.155880,211.72,335.17,0.9875,0.330816,0.698279
1786703681.417348,35.076024,1070,30.05,184.90,74.82,1.0000,0.288903,0.155884,211.78,335.13,0.9876,0.330907,0.698190
1786703681.430541,35.089217,1071,30.05,184.87,74.81,1.0000,0.288859,0.155858,211.78,335.13,0.9875,0.330911,0.698186
1786703681.478402,35.137079,1072,30.05,184.97,75.02,1.0000,0.289010,0.156298,211.82,335.07,0.9873,0.330967,0.698056
1786703681.515296,35.173973,1073,30.05,184.97,75.21,1.0000,0.289011,0.156690,211.84,335.05,0.9875,0.330999,0.698018
1786703681.537212,35.195889,1074,30.05,184.97,75.20,1.0000,0.289009,0.156669,211.87,334.63,0.9877,0.331044,0.697138
1786703681.575753,35.234430,1075,30.05,184.97,75.20,1.0000,0.289015,0.156666,211.86,334.55,0.9879,0.331033,0.696989
1786703681.588928,35.247605,1076,30.05,184.96,75.20,1.0000,0.288997,0.156675,211.83,334.71,0.9875,0.330981,0.697303
1786703681.639530,35.298207,1077,30.05,184.96,75.27,1.0000,0.289002,0.156808,211.85,334.74,0.9873,0.331022,0.697370
1786703681.668014,35.326690,1078,30.05,184.96,75.23,1.0000,0.288995,0.156723,211.86,334.75,0.9872,0.331026,0.697402
1786703681.705426,35.364103,1079,30.05,184.97,75.23,1.0000,0.289016,0.156727,211.86,334.70,0.9872,0.331028,0.697282
1786703681.740753,35.399430,1080,30.05,184.97,75.25,1.0000,0.289016,0.156779,211.90,334.67,0.9871,0.331092,0.697229
1786703681.775306,35.433983,1081,30.05,184.73,75.20,1.0000,0.288646,0.156658,211.94,334.58,0.9872,0.331152,0.697050
1786703681.806790,35.465467,1082,30.05,184.60,75.22,1.0000,0.288435,0.156699,211.94,334.59,0.9872,0.331157,0.697063
1786703681.848976,35.507653,1083,30.05,184.50,75.13,1.0000,0.288279,0.156515,211.73,334.65,0.9874,0.330827,0.697185
1786703681.859727,35.518404,1084,30.05,184.53,75.13,1.0000,0.288327,0.156511,211.76,334.55,0.9875,0.330871,0.696976
1786703681.904862,35.563538,1085,30.05,184.45,75.12,1.0000,0.288203,0.156507,211.76,334.54,0.9877,0.330876,0.696951
1786703681.945003,35.603679,1086,30.05,184.44,74.85,1.0000,0.288190,0.155938,211.72,334.60,0.9879,0.330816,0.697078
1786703681.973876,35.632553,1087,30.05,184.43,74.73,1.0000,0.288166,0.155687,211.75,334.49,0.9880,0.330862,0.696859
1786703682.008728,35.667404,1088,30.05,184.32,74.72,1.0000,0.287997,0.155672,211.79,334.50,0.9881,0.330922,0.696881
1786703682.043354,35.702031,1089,30.05,184.24,74.66,1.0000,0.287882,0.155542,211.86,334.38,0.9881,0.331027,0.696617
1786703682.075473,35.734150,1090,30.05,184.18,74.66,1.0000,0.287787,0.155552,211.81,334.79,0.9883,0.330949,0.697480
1786703682.136574,35.795250,1091,30.05,183.70,74.83,1.0000,0.287026,0.155899,211.81,334.79,0.9884,0.330957,0.697481
1786703682.138655,35.797332,1092,30.05,183.68,74.55,1.0000,0.287005,0.155304,211.79,334.88,0.9886,0.330927,0.697664
1786703682.173511,35.832187,1093,30.05,183.68,74.55,1.0000,0.286998,0.155305,211.80,334.85,0.9886,0.330934,0.697608
1786703682.219102,35.877778,1094,30.05,183.68,74.70,1.0000,0.286994,0.155619,211.81,334.84,0.9886,0.330958,0.697587
1786703682.241859,35.900536,1095,30.05,183.61,74.72,1.0000,0.286889,0.155660,211.82,334.84,0.9885,0.330970,0.697576
1786703682.257996,35.916672,1096,30.05,183.73,74.57,1.0000,0.287073,0.155362,211.88,334.68,0.9887,0.331062,0.697256
1786703682.306278,35.964955,1097,30.05,183.72,74.47,1.0000,0.287062,0.155143,211.86,334.70,0.9886,0.331028,0.697283
1786703682.348371,36.007047,1098,30.05,183.75,74.34,1.0000,0.287110,0.154882,211.91,334.58,0.9885,0.331112,0.697041
1786703682.382049,36.040726,1099,30.05,183.70,74.34,1.0000,0.287035,0.154865,211.93,334.67,0.9884,0.331138,0.697234
1786703682.396174,36.054850,1100,30.02,183.70,74.32,1.0000,0.287039,0.154827,211.91,334.62,0.9883,0.331104,0.697129
1786703682.439276,36.097952,1101,30.02,183.55,74.31,1.0000,0.286795,0.154803,211.84,334.62,0.9883,0.330997,0.697125
1786703682.484620,36.143297,1102,30.02,183.36,74.22,1.0000,0.286504,0.154623,211.70,334.79,0.9884,0.330778,0.697484
1786703682.513087,36.171764,1103,30.02,183.34,74.27,1.0000,0.286464,0.154726,211.77,334.85,0.9884,0.330885,0.697601
1786703682.555609,36.214286,1104,30.02,183.24,74.58,1.0000,0.286316,0.155380,211.81,334.92,0.9883,0.330953,0.697755
1786703682.571334,36.230011,1105,30.02,183.19,74.66,1.0000,0.286238,0.155542,211.82,334.87,0.9884,0.330962,0.697649
1786703682.605981,36.264657,1106,30.02,183.26,74.77,1.0000,0.286336,0.155763,211.82,334.86,0.9886,0.330975,0.697626
1786703682.648048,36.306725,1107,30.02,183.23,74.85,1.0000,0.286292,0.155944,211.66,334.88,0.9885,0.330718,0.697668
1786703682.676033,36.334710,1108,30.02,183.22,74.86,1.0000,0.286288,0.155968,211.80,334.88,0.9886,0.330943,0.697668
1786703682.723988,36.382664,1109,30.02,183.13,74.87,1.0000,0.286141,0.155982,211.88,334.72,0.9885,0.331056,0.697326
1786703682.735776,36.394453,1110,30.02,183.08,74.95,1.0000,0.286055,0.156153,211.89,334.72,0.9885,0.331083,0.697326
1786703682.767076,36.425753,1111,30.02,183.08,75.17,1.0000,0.286063,0.156603,211.95,334.72,0.9885,0.331166,0.697336
1786703682.810836,36.469513,1112,30.02,183.21,75.40,1.0000,0.286266,0.157091,211.96,334.65,0.9885,0.331194,0.697186
1786703682.844243,36.502919,1113,30.02,183.15,75.42,1.0000,0.286166,0.157123,211.93,334.68,0.9884,0.331140,0.697246
1786703682.881175,36.539851,1114,30.02,183.10,75.40,1.0000,0.286091,0.157088,211.97,334.71,0.9884,0.331211,0.697304
1786703682.909795,36.568471,1115,29.97,183.04,75.40,1.0000,0.285993,0.157089,211.98,334.63,0.9884,0.331223,0.697136
1786703682.941977,36.600653,1116,29.97,183.02,75.42,1.0000,0.285975,0.157119,212.05,334.56,0.9883,0.331325,0.696994
1786703682.976638,36.635314,1117,29.97,182.99,75.34,1.0000,0.285915,0.156966,212.06,334.43,0.9885,0.331348,0.696724
1786703683.022020,36.680697,1118,29.97,182.93,75.35,1.0000,0.285824,0.156978,212.09,334.40,0.9886,0.331390,0.696668
1786703683.036447,36.695124,1119,29.97,182.94,75.35,1.0000,0.285839,0.156981,212.07,334.37,0.9886,0.331362,0.696596
1786703683.080335,36.739012,1120,29.97,182.93,75.35,1.0000,0.285830,0.156981,212.07,334.32,0.9886,0.331365,0.696500
1786703683.117712,36.776388,1121,29.97,182.85,75.35,1.0000,0.285708,0.156978,212.08,334.38,0.9886,0.331371,0.696627
1786703683.132189,36.790866,1122,29.97,182.76,75.33,1.0000,0.285570,0.156948,212.10,334.44,0.9886,0.331408,0.696748
1786703683.181611,36.840287,1123,29.97,182.76,75.01,1.0000,0.285567,0.156265,212.09,334.44,0.9887,0.331398,0.696754
1786703683.216470,36.875147,1124,29.97,182.76,75.01,1.0000,0.285568,0.156270,212.09,334.44,0.9887,0.331398,0.696747
1786703683.247887,36.906564,1125,29.97,182.75,75.02,1.0000,0.285541,0.156302,212.08,334.55,0.9887,0.331373,0.696969
1786703683.281860,36.940536,1126,29.97,182.74,75.03,1.0000,0.285538,0.156322,212.07,334.43,0.9886,0.331366,0.696730
1786703683.314551,36.973228,1127,29.97,182.74,75.05,1.0000,0.285538,0.156349,212.04,334.63,0.9886,0.331318,0.697148
1786703683.346311,37.004987,1128,29.97,182.71,74.99,1.0000,0.285488,0.156230,212.03,334.61,0.9887,0.331302,0.697102
1786703683.410586,37.069263,1129,29.56,182.75,74.99,1.0000,0.285541,0.156224,212.02,334.83,0.9886,0.331278,0.697555
1786703683.424324,37.083000,1130,29.56,182.76,74.99,1.0000,0.285565,0.156232,212.00,334.75,0.9886,0.331247,0.697394
1786703683.442240,37.100917,1131,29.56,182.78,74.98,1.0000,0.285586,0.156213,212.00,334.74,0.9886,0.331247,0.697382
1786703683.484272,37.142949,1132,29.56,182.79,74.94,1.0000,0.285607,0.156132,211.86,334.84,0.9886,0.331031,0.697582
1786703683.512153,37.170830,1133,29.56,183.08,74.88,1.0000,0.286060,0.156000,211.86,334.84,0.9886,0.331038,0.697574
1786703683.541786,37.200463,1134,29.56,183.12,74.86,1.0000,0.286123,0.155969,211.88,334.81,0.9886,0.331055,0.697524
1786703683.581186,37.239863,1135,29.56,183.43,74.86,1.0000,0.286604,0.155967,211.86,335.02,0.9886,0.331029,0.697954
1786703683.605473,37.264149,1136,29.56,183.43,74.83,1.0000,0.286613,0.155903,211.81,334.99,0.9885,0.330949,0.697905
1786703683.642056,37.300733,1137,29.56,183.40,74.92,1.0000,0.286559,0.156080,211.82,334.98,0.9886,0.330970,0.697885
1786703683.671333,37.330009,1138,29.56,183.42,75.06,1.0000,0.286593,0.156380,211.82,334.92,0.9884,0.330966,0.697749
1786703683.722227,37.380904,1139,29.56,183.69,75.02,1.0000,0.287019,0.156289,211.80,334.88,0.9884,0.330944,0.697670
1786703683.749365,37.408041,1140,29.56,183.69,74.78,1.0000,0.287016,0.155800,211.82,334.87,0.9883,0.330976,0.697640
1786703683.780646,37.439322,1141,29.56,183.69,74.60,1.0000,0.287016,0.155420,211.81,334.89,0.9884,0.330958,0.697678
1786703683.796323,37.455000,1142,29.56,183.71,74.55,1.0000,0.287048,0.155322,211.81,334.83,0.9884,0.330957,0.697568
1786703683.845086,37.503762,1143,29.56,183.70,74.55,1.0000,0.287030,0.155306,211.81,334.83,0.9884,0.330957,0.697556
1786703683.861230,37.519907,1144,29.56,183.68,74.52,1.0000,0.286994,0.155251,211.81,334.82,0.9883,0.330961,0.697545
1786703683.920984,37.579661,1145,29.85,183.69,74.46,1.0000,0.287015,0.155120,211.73,335.13,0.9881,0.330833,0.698196
1786703683.943852,37.602528,1146,29.85,183.80,74.32,1.0000,0.287185,0.154842,211.65,335.29,0.9881,0.330703,0.698530
1786703683.980520,37.639197,1147,29.85,183.81,74.32,1.0000,0.287202,0.154826,211.63,335.35,0.9880,0.330674,0.698636
1786703684.012676,37.671352,1148,29.85,183.82,74.32,1.0000,0.287220,0.154827,211.63,335.26,0.9879,0.330669,0.698467
1786703684.044385,37.703062,1149,29.85,183.88,74.36,1.0000,0.287308,0.154910,211.52,335.26,0.9883,0.330500,0.698454
1786703684.073415,37.732091,1150,29.85,184.15,74.35,1.0000,0.287738,0.154896,211.56,334.98,0.9884,0.330555,0.697882
1786703684.118925,37.777601,1151,29.85,184.14,74.41,1.0000,0.287716,0.155031,211.42,334.95,0.9886,0.330342,0.697814
1786703684.133898,37.792575,1152,29.85,184.14,74.52,1.0000,0.287716,0.155248,211.60,334.99,0.9885,0.330629,0.697888
1786703684.205065,37.863741,1153,29.85,184.49,74.58,1.0000,0.288272,0.155383,211.71,334.91,0.9885,0.330800,0.697729
1786703684.220696,37.879372,1154,29.85,184.58,74.58,1.0000,0.288402,0.155384,211.70,334.97,0.9885,0.330781,0.697855
1786703684.262250,37.920927,1155,29.85,184.68,74.62,1.0000,0.288568,0.155457,211.74,334.67,0.9885,0.330843,0.697230
1786703684.279593,37.938270,1156,29.85,184.74,74.60,1.0000,0.288658,0.155416,211.74,334.70,0.9884,0.330844,0.697283
1786703684.305844,37.964520,1157,29.85,184.82,74.66,1.0000,0.288777,0.155532,211.75,334.67,0.9883,0.330857,0.697223
1786703684.342328,38.001005,1158,29.85,184.96,74.62,1.0000,0.289001,0.155463,211.77,334.73,0.9883,0.330894,0.697348
1786703684.376882,38.035558,1159,29.85,185.03,74.58,1.0000,0.289102,0.155373,211.78,334.69,0.9882,0.330906,0.697277
1786703684.416240,38.074916,1160,29.85,185.26,74.48,1.0000,0.289463,0.155173,211.78,335.02,0.9878,0.330900,0.697952
1786703684.442851,38.101528,1161,30.10,185.67,74.54,1.0000,0.290107,0.155290,211.87,335.00,0.9878,0.331039,0.697926
1786703684.477208,38.135885,1162,30.10,185.69,74.54,1.0000,0.290142,0.155288,211.83,335.31,0.9879,0.330990,0.698572
1786703684.509262,38.167938,1163,30.10,185.70,74.63,1.0000,0.290164,0.155484,211.87,335.31,0.9880,0.331050,0.698570
1786703684.540935,38.199612,1164,30.10,185.72,74.68,1.0000,0.290191,0.155593,211.92,335.28,0.9882,0.331120,0.698495
1786703684.572404,38.231081,1165,30.10,185.82,74.70,1.0000,0.290351,0.155625,212.01,334.92,0.9883,0.331271,0.697749
1786703684.606877,38.265553,1166,30.10,185.85,74.64,1.0000,0.290391,0.155501,212.03,334.96,0.9882,0.331301,0.697839
1786703684.643693,38.302370,1167,30.10,185.90,74.60,1.0000,0.290463,0.155410,212.03,334.96,0.9883,0.331299,0.697829
1786703684.707196,38.365873,1168,30.10,185.89,74.60,1.0000,0.290454,0.155424,212.03,334.91,0.9883,0.331303,0.697736
1786703684.709821,38.368498,1169,30.10,185.90,74.61,1.0000,0.290462,0.155436,212.03,334.90,0.9884,0.331293,0.697718
1786703684.743962,38.402638,1170,30.10,185.88,74.51,1.0000,0.290438,0.155236,211.95,334.91,0.9885,0.331167,0.697737
1786703684.778512,38.437189,1171,30.10,185.99,74.38,1.0000,0.290616,0.154952,211.87,334.92,0.9885,0.331045,0.697744
1786703684.807658,38.466334,1172,30.10,185.97,74.32,1.0000,0.290578,0.154827,211.81,334.92,0.9887,0.330953,0.697747
1786703684.853058,38.511735,1173,30.10,186.06,74.21,1.0000,0.290718,0.154598,211.79,335.23,0.9886,0.330922,0.698398
1786703684.874820,38.533496,1174,30.10,186.03,74.13,1.0000,0.290676,0.154435,211.77,335.34,0.9883,0.330893,0.698619
1786703684.914791,38.573467,1175,30.10,186.03,74.14,1.0000,0.290676,0.154462,211.75,335.34,0.9882,0.330867,0.698617
1786703684.943785,38.602461,1176,30.10,186.03,74.14,1.0000,0.290667,0.154459,211.79,335.28,0.9882,0.330920,0.698496
1786703684.972970,38.631646,1177,30.10,185.99,74.18,1.0000,0.290605,0.154537,211.77,335.19,0.9883,0.330896,0.698306
1786703685.045075,38.703752,1179,30.10,186.08,74.14,1.0000,0.290752,0.154452,211.77,335.03,0.9884,0.330890,0.697982
1786703685.076438,38.735115,1180,30.10,186.06,74.15,1.0000,0.290713,0.154481,211.71,334.98,0.9885,0.330790,0.697872
1786703685.111349,38.770026,1181,30.10,186.04,74.17,1.0000,0.290693,0.154529,211.69,335.00,0.9885,0.330761,0.697924
1786703685.140688,38.799365,1182,30.10,186.08,74.17,1.0000,0.290754,0.154517,211.63,335.02,0.9884,0.330670,0.697964
1786703685.181199,38.839875,1183,30.10,186.13,74.17,1.0000,0.290832,0.154531,211.60,335.07,0.9881,0.330632,0.698060
1786703685.207701,38.866378,1184,30.10,186.14,74.16,1.0000,0.290838,0.154502,211.60,334.92,0.9881,0.330633,0.697756
1786703685.260366,38.919042,1185,30.10,185.95,74.08,1.0000,0.290542,0.154340,211.61,334.82,0.9882,0.330638,0.697550
1786703685.274598,38.933275,1186,30.10,185.95,74.11,1.0000,0.290544,0.154387,211.65,334.57,0.9881,0.330710,0.697021
1786703685.311029,38.969706,1187,30.10,185.95,73.96,1.0000,0.290546,0.154084,211.62,334.58,0.9880,0.330650,0.697043
1786703685.353017,39.011693,1188,30.10,185.86,73.97,1.0000,0.290410,0.154104,211.62,334.57,0.9882,0.330660,0.697016
1786703685.368000,39.026677,1189,30.10,185.85,73.89,1.0000,0.290397,0.153948,211.61,334.59,0.9880,0.330645,0.697066
1786703685.408650,39.067326,1190,30.10,185.85,73.89,1.0000,0.290395,0.153934,211.63,334.58,0.9881,0.330667,0.697049
1786703685.448388,39.107065,1191,30.10,185.94,74.01,1.0000,0.290537,0.154184,211.62,334.70,0.9880,0.330649,0.697295
1786703685.493968,39.152644,1192,29.44,185.96,73.94,1.0000,0.290556,0.154051,211.60,334.76,0.9881,0.330627,0.697412
1786703685.509195,39.167871,1193,29.44,185.96,73.95,1.0000,0.290561,0.154062,211.53,334.84,0.9879,0.330513,0.697584
1786703685.540917,39.199594,1194,29.44,185.97,73.99,1.0000,0.290579,0.154145,211.50,334.89,0.9879,0.330467,0.697682
1786703685.575610,39.234287,1195,29.44,185.97,74.03,1.0000,0.290580,0.154227,211.67,334.43,0.9877,0.330729,0.696731
1786703685.615416,39.274093,1196,29.44,186.10,74.01,1.0000,0.290777,0.154179,211.63,334.76,0.9876,0.330675,0.697408
1786703685.638714,39.297390,1197,29.44,186.15,74.01,1.0000,0.290863,0.154180,211.64,334.76,0.9876,0.330680,0.697419
1786703685.685420,39.344096,1198,29.44,186.24,73.98,1.0000,0.290994,0.154126,211.61,335.11,0.9877,0.330646,0.698155
1786703685.698351,39.357028,1199,29.44,186.25,73.97,1.0000,0.291019,0.154109,211.61,335.11,0.9880,0.330647,0.698153
1786703685.746186,39.404863,1200,29.44,186.26,73.93,1.0000,0.291034,0.154017,211.69,334.93,0.9881,0.330766,0.697767
1786703685.761943,39.420619,1201,29.44,186.26,73.90,1.0000,0.291033,0.153959,211.71,334.95,0.9882,0.330796,0.697804
1786703685.841272,39.499949,1202,29.44,186.31,73.88,1.0000,0.291113,0.153925,211.68,335.04,0.9880,0.330754,0.698010
1786703685.855912,39.514588,1203,29.44,186.38,73.91,1.0000,0.291212,0.153970,211.70,335.03,0.9881,0.330786,0.697969
1786703685.873077,39.531753,1204,29.44,186.40,73.90,1.0000,0.291255,0.153967,211.70,335.02,0.9881,0.330776,0.697952
1786703685.918121,39.576798,1205,29.44,186.45,73.91,1.0000,0.291330,0.153986,211.68,335.34,0.9879,0.330755,0.698615
1786703685.989414,39.648090,1206,29.44,186.44,73.89,1.0000,0.291306,0.153931,211.72,335.47,0.9875,0.330808,0.698892
1786703685.991418,39.650095,1207,29.48,186.44,73.84,1.0000,0.291306,0.153831,211.71,335.48,0.9873,0.330802,0.698912
1786703686.014983,39.673660,1208,29.48,186.43,73.83,1.0000,0.291300,0.153820,211.71,335.47,0.9871,0.330791,0.698891
1786703686.035298,39.693975,1209,29.48,186.44,73.80,1.0000,0.291319,0.153746,211.71,335.49,0.9870,0.330792,0.698933
1786703686.111022,39.769699,1210,29.48,186.45,73.70,1.0000,0.291331,0.153546,211.70,335.48,0.9870,0.330783,0.698921
1786703686.126755,39.785432,1211,29.48,186.64,73.70,1.0000,0.291626,0.153543,211.67,335.54,0.9871,0.330736,0.699042
1786703686.142727,39.801404,1212,29.48,186.64,73.70,1.0000,0.291625,0.153533,211.68,335.55,0.9872,0.330742,0.699068
1786703686.179508,39.838185,1213,29.48,186.61,73.67,1.0000,0.291575,0.153476,211.68,335.53,0.9872,0.330744,0.699023
1786703686.225232,39.883909,1214,29.48,186.58,73.68,1.0000,0.291527,0.153505,211.72,335.23,0.9869,0.330818,0.698401
1786703686.245023,39.903699,1215,29.48,186.58,73.80,1.0000,0.291527,0.153742,211.80,335.12,0.9868,0.330932,0.698175
1786703686.273552,39.932229,1216,29.48,186.60,73.73,1.0000,0.291556,0.153613,211.77,335.20,0.9866,0.330886,0.698323
1786703686.315379,39.974056,1217,29.48,186.60,73.73,1.0000,0.291559,0.153611,211.77,335.32,0.9866,0.330892,0.698579
1786703686.341872,40.000549,1218,29.48,186.62,73.75,1.0000,0.291590,0.153653,211.76,335.37,0.9868,0.330878,0.698688
1786703686.375293,40.033969,1219,29.48,186.66,73.74,1.0000,0.291659,0.153633,211.76,335.39,0.9869,0.330873,0.698737
1786703686.411874,40.070551,1220,29.48,186.66,73.52,1.0000,0.291660,0.153173,211.72,335.55,0.9867,0.330818,0.699065
1786703686.449345,40.108021,1221,29.48,186.75,73.62,1.0000,0.291796,0.153383,211.71,335.56,0.9868,0.330795,0.699091
1786703686.473767,40.132443,1222,29.48,186.74,73.61,1.0000,0.291789,0.153360,211.71,335.60,0.9867,0.330793,0.699171
1786703686.513455,40.172131,1223,29.83,186.73,73.72,1.0000,0.291769,0.153580,211.73,335.65,0.9869,0.330821,0.699277
1786703686.553162,40.211838,1224,29.83,186.73,73.78,1.0000,0.291773,0.153700,211.73,335.69,0.9870,0.330830,0.699345
1786703686.585066,40.243742,1225,29.83,186.73,73.79,1.0000,0.291764,0.153729,211.74,335.68,0.9871,0.330850,0.699330
1786703686.601019,40.259696,1226,29.83,186.73,73.90,1.0000,0.291764,0.153959,211.71,335.77,0.9871,0.330801,0.699517
1786703686.648946,40.307623,1227,29.83,186.73,73.96,1.0000,0.291765,0.154087,211.69,335.74,0.9870,0.330760,0.699463
1786703686.664091,40.322767,1228,29.83,186.73,74.00,1.0000,0.291765,0.154162,211.72,335.67,0.9868,0.330819,0.699321
1786703686.716657,40.375334,1229,29.83,186.70,73.91,1.0000,0.291714,0.153981,211.65,335.68,0.9868,0.330705,0.699328
1786703686.743004,40.401681,1230,29.83,186.69,73.88,1.0000,0.291710,0.153907,211.65,335.75,0.9871,0.330706,0.699488
1786703686.782190,40.440867,1231,29.83,186.87,74.12,1.0000,0.291989,0.154408,211.80,335.52,0.9871,0.330937,0.699005
1786703686.808789,40.467466,1232,29.83,187.06,74.16,1.0000,0.292285,0.154491,211.77,335.53,0.9871,0.330889,0.699027
1786703686.848337,40.507014,1233,29.83,187.11,74.08,1.0000,0.292362,0.154329,211.77,335.53,0.9873,0.330888,0.699015
1786703686.880259,40.538935,1234,29.83,187.01,73.96,1.0000,0.292204,0.154084,211.76,335.45,0.9872,0.330868,0.698858
1786703686.915408,40.574084,1235,29.83,187.03,73.98,1.0000,0.292233,0.154117,211.75,335.62,0.9872,0.330864,0.699202
1786703686.945027,40.603703,1236,29.83,187.01,74.00,1.0000,0.292203,0.154162,211.77,335.50,0.9871,0.330887,0.698958
1786703686.970930,40.629607,1237,29.83,187.01,73.99,1.0000,0.292204,0.154150,211.84,335.00,0.9873,0.330999,0.697922
1786703687.019002,40.677679,1238,29.76,186.98,73.99,1.0000,0.292158,0.154150,211.88,335.33,0.9872,0.331057,0.698609
1786703687.036388,40.695065,1239,29.76,186.98,74.22,1.0000,0.292152,0.154623,211.86,335.29,0.9871,0.331029,0.698519
1786703687.074733,40.733409,1240,29.76,186.97,74.22,1.0000,0.292144,0.154625,211.86,335.13,0.9872,0.331037,0.698192
1786703687.107099,40.765775,1241,29.76,186.87,74.25,1.0000,0.291989,0.154691,211.87,335.19,0.9871,0.331049,0.698306
1786703687.144807,40.803483,1242,29.76,186.81,74.30,1.0000,0.291896,0.154785,211.81,335.13,0.9871,0.330950,0.698178
1786703687.182211,40.840888,1243,29.76,186.79,74.36,1.0000,0.291855,0.154918,211.80,335.21,0.9870,0.330930,0.698347
1786703687.192023,40.850699,1244,29.76,186.74,74.35,1.0000,0.291779,0.154893,211.80,335.19,0.9871,0.330931,0.698316
1786703687.252259,40.910936,1245,29.76,186.54,74.34,1.0000,0.291468,0.154885,211.74,335.29,0.9872,0.330847,0.698530
1786703687.287104,40.945781,1246,29.76,186.50,74.31,1.0000,0.291402,0.154815,211.77,335.18,0.9872,0.330890,0.698298
1786703687.303022,40.961699,1247,29.76,186.45,74.31,1.0000,0.291329,0.154821,211.71,335.21,0.9874,0.330800,0.698344
1786703687.337220,40.995897,1248,29.76,186.47,74.24,1.0000,0.291362,0.154666,211.76,335.20,0.9874,0.330873,0.698339
1786703687.380274,41.038950,1249,29.76,186.49,74.22,1.0000,0.291384,0.154630,211.82,334.74,0.9875,0.330976,0.697368
1786703687.414629,41.073306,1250,29.76,186.52,74.23,1.0000,0.291441,0.154646,211.81,334.66,0.9875,0.330956,0.697202
1786703687.449278,41.107955,1251,29.76,186.41,74.20,1.0000,0.291269,0.154584,211.78,334.82,0.9875,0.330911,0.697546
1786703687.477981,41.136657,1252,29.76,186.41,74.18,1.0000,0.291260,0.154550,211.78,334.85,0.9876,0.330910,0.697602
1786703687.518053,41.176730,1253,29.76,186.16,74.19,1.0000,0.290872,0.154552,211.73,334.86,0.9877,0.330828,0.697617
1786703687.541932,41.200609,1254,30.00,186.02,74.32,1.0000,0.290660,0.154828,211.73,334.73,0.9877,0.330835,0.697361
1786703687.579394,41.238070,1255,30.00,185.97,74.42,1.0000,0.290575,0.155038,211.70,334.84,0.9876,0.330786,0.697579
1786703687.614200,41.272877,1256,30.00,185.90,74.43,1.0000,0.290463,0.155068,211.72,334.70,0.9871,0.330812,0.697293
1786703687.637749,41.296426,1257,30.00,185.88,74.51,1.0000,0.290434,0.155224,211.72,334.83,0.9871,0.330805,0.697553
1786703687.669646,41.328322,1258,30.00,185.52,74.50,1.0000,0.289879,0.155218,211.83,334.66,0.9870,0.330977,0.697210
1786703687.709164,41.367841,1259,30.00,185.28,74.52,1.0000,0.289503,0.155242,211.95,334.44,0.9871,0.331179,0.696746
1786703687.740769,41.399446,1260,30.00,185.17,74.52,1.0000,0.289323,0.155259,211.86,334.78,0.9870,0.331038,0.697464
1786703687.770312,41.428989,1261,30.00,185.11,74.49,1.0000,0.289242,0.155180,211.86,334.78,0.9871,0.331029,0.697469
1786703687.804651,41.463328,1262,30.00,185.09,74.47,1.0000,0.289201,0.155153,211.87,334.80,0.9871,0.331045,0.697499
1786703687.844903,41.503579,1263,30.00,185.01,74.48,1.0000,0.289081,0.155174,211.89,334.82,0.9872,0.331085,0.697533
1786703687.860385,41.519062,1264,30.00,184.98,74.49,1.0000,0.289029,0.155177,211.90,334.39,0.9873,0.331092,0.696648
1786703687.903368,41.562045,1265,30.00,184.94,74.42,1.0000,0.288971,0.155048,211.92,334.39,0.9874,0.331118,0.696642
1786703687.942994,41.601671,1266,30.00,184.69,74.40,1.0000,0.288584,0.154990,211.80,334.59,0.9877,0.330931,0.697071
1786703687.971485,41.630162,1267,30.00,184.69,74.28,1.0000,0.288581,0.154758,211.71,334.64,0.9878,0.330804,0.697167
1786703688.011903,41.670579,1268,30.00,184.63,74.29,1.0000,0.288490,0.154770,211.57,334.74,0.9880,0.330579,0.697365
1786703688.043229,41.701905,1269,29.95,184.66,74.47,1.0000,0.288527,0.155145,211.63,334.85,0.9879,0.330667,0.697611
1786703688.072732,41.731409,1270,29.95,184.65,74.47,1.0000,0.288515,0.155148,211.56,334.86,0.9881,0.330569,0.697635
1786703688.118232,41.776909,1271,29.95,184.65,74.47,1.0000,0.288513,0.155150,211.55,335.05,0.9880,0.330540,0.698013
1786703688.131504,41.790180,1272,29.95,184.63,74.48,1.0000,0.288482,0.155170,211.54,335.04,0.9881,0.330528,0.697998
1786703688.177385,41.836062,1273,29.95,184.59,74.48,1.0000,0.288417,0.155166,211.53,335.03,0.9883,0.330518,0.697984
1786703688.209649,41.868325,1274,29.95,184.59,74.50,1.0000,0.288415,0.155209,211.51,335.02,0.9883,0.330492,0.697966
1786703688.242259,41.900936,1275,29.95,184.42,74.48,1.0000,0.288161,0.155162,211.53,335.06,0.9883,0.330520,0.698034
1786703688.282438,41.941114,1276,29.95,184.31,74.64,1.0000,0.287979,0.155501,211.49,335.05,0.9885,0.330448,0.698023
1786703688.314244,41.972920,1277,29.95,184.37,74.80,1.0000,0.288083,0.155832,211.49,335.32,0.9883,0.330446,0.698575
1786703688.340598,41.999275,1278,29.95,184.25,74.74,1.0000,0.287896,0.155711,211.47,335.20,0.9883,0.330423,0.698339
1786703688.379224,42.037900,1279,29.95,184.29,74.75,1.0000,0.287953,0.155727,211.47,335.16,0.9883,0.330415,0.698251
1786703688.408882,42.067559,1280,29.95,184.29,74.76,1.0000,0.287952,0.155745,211.47,335.26,0.9881,0.330428,0.698458
1786703688.437912,42.096588,1281,29.95,184.30,74.79,1.0000,0.287964,0.155813,211.48,335.12,0.9882,0.330436,0.698170
1786703688.475118,42.133795,1282,29.95,184.30,74.44,1.0000,0.287964,0.155084,211.47,335.04,0.9883,0.330416,0.698007
1786703688.558247,42.216923,1283,29.36,184.37,74.33,1.0000,0.288072,0.154853,211.52,335.07,0.9882,0.330495,0.698052
1786703688.575425,42.234102,1285,29.36,184.53,74.33,1.0000,0.288333,0.154854,211.51,335.02,0.9883,0.330487,0.697958
1786703688.606097,42.264774,1286,29.36,184.67,74.30,1.0000,0.288549,0.154798,211.50,335.01,0.9884,0.330472,0.697940
1786703688.643126,42.301803,1287,29.36,184.86,74.21,1.0000,0.288842,0.154597,211.51,334.94,0.9885,0.330478,0.697800
1786703688.677450,42.336127,1288,29.36,185.06,74.12,1.0000,0.289149,0.154423,211.51,334.94,0.9886,0.330480,0.697781
1786703688.712016,42.370693,1289,29.36,185.14,74.11,1.0000,0.289281,0.154403,211.51,335.27,0.9886,0.330486,0.698485
1786703688.749146,42.407822,1290,29.36,185.38,74.13,1.0000,0.289653,0.154447,211.72,334.99,0.9885,0.330817,0.697892
1786703688.763862,42.422539,1291,29.36,185.60,74.04,1.0000,0.289996,0.154253,211.73,335.15,0.9885,0.330828,0.698223
1786703688.820356,42.479033,1292,29.36,185.72,74.10,1.0000,0.290182,0.154376,211.77,335.18,0.9884,0.330885,0.698288
1786703688.846621,42.505298,1293,29.36,185.86,74.08,1.0000,0.290409,0.154338,211.77,335.27,0.9882,0.330897,0.698487
1786703688.875651,42.534328,1294,29.36,185.88,74.07,1.0000,0.290444,0.154320,211.77,335.30,0.9883,0.330889,0.698548
1786703688.918517,42.577193,1295,29.36,185.95,74.07,1.0000,0.290554,0.154319,211.75,335.27,0.9884,0.330856,0.698481
1786703688.942216,42.600893,1296,29.36,186.13,74.07,1.0000,0.290829,0.154317,211.77,335.27,0.9884,0.330889,0.698475
1786703688.971894,42.630570,1297,29.36,186.06,74.14,1.0000,0.290719,0.154456,211.77,335.35,0.9882,0.330886,0.698643
1786703689.017183,42.675860,1298,29.36,186.06,74.14,1.0000,0.290721,0.154454,211.75,335.30,0.9881,0.330864,0.698541
1786703689.056722,42.715399,1299,29.36,186.12,74.06,1.0000,0.290811,0.154286,211.73,335.42,0.9880,0.330836,0.698782
1786703689.080023,42.738699,1300,29.66,186.16,74.03,1.0000,0.290871,0.154236,211.74,335.56,0.9880,0.330844,0.699086
1786703689.117015,42.775692,1301,29.66,186.28,74.02,1.0000,0.291067,0.154200,211.72,335.50,0.9879,0.330818,0.698961
1786703689.131381,42.790057,1302,29.66,186.29,74.02,1.0000,0.291077,0.154200,211.71,335.52,0.9878,0.330795,0.699003
1786703689.175424,42.834101,1303,29.66,186.29,73.98,1.0000,0.291071,0.154119,211.72,335.55,0.9877,0.330816,0.699062
1786703689.210149,42.868826,1304,29.66,186.31,73.96,1.0000,0.291105,0.154081,211.71,335.65,0.9875,0.330801,0.699261
1786703689.239667,42.898344,1305,29.66,186.40,73.95,1.0000,0.291247,0.154068,211.74,335.68,0.9873,0.330851,0.699331
1786703689.273180,42.931857,1306,29.66,186.47,73.83,1.0000,0.291365,0.153819,211.86,335.69,0.9870,0.331025,0.699362
1786703689.310771,42.969448,1307,29.66,186.63,73.75,1.0000,0.291602,0.153646,211.83,335.57,0.9871,0.330989,0.699110
1786703689.344962,43.003638,1308,29.66,186.66,73.75,1.0000,0.291653,0.153655,211.82,335.62,0.9871,0.330967,0.699208
1786703689.387041,43.045718,1309,29.66,186.72,74.13,1.0000,0.291755,0.154429,211.80,335.68,0.9872,0.330935,0.699332
1786703689.397720,43.056396,1310,29.66,186.82,74.16,1.0000,0.291913,0.154509,211.85,335.57,0.9871,0.331015,0.699103
1786703689.459451,43.118128,1311,29.66,186.83,74.20,1.0000,0.291915,0.154578,211.83,335.55,0.9874,0.330987,0.699058
1786703689.477806,43.136483,1312,29.66,186.82,74.14,1.0000,0.291903,0.154460,211.87,335.58,0.9873,0.331040,0.699122
1786703689.511913,43.170590,1313,29.66,186.81,74.04,1.0000,0.291892,0.154253,211.87,335.57,0.9872,0.331044,0.699101
1786703689.553712,43.212389,1314,29.66,186.83,73.99,1.0000,0.291924,0.154153,211.82,335.55,0.9867,0.330970,0.699065
1786703689.574587,43.233263,1315,29.66,186.94,74.09,1.0000,0.292098,0.154345,211.85,335.23,0.9866,0.331020,0.698389
1786703689.613636,43.272312,1316,29.72,186.98,74.12,1.0000,0.292161,0.154414,211.85,335.23,0.9867,0.331016,0.698396
1786703689.651770,43.310447,1317,29.72,186.99,74.12,1.0000,0.292168,0.154412,211.85,335.24,0.9868,0.331011,0.698417
1786703689.686575,43.345252,1318,29.72,187.04,74.17,1.0000,0.292243,0.154519,211.85,335.14,0.9869,0.331022,0.698218
1786703689.702035,43.360711,1319,29.72,187.04,74.17,1.0000,0.292249,0.154519,211.82,335.32,0.9871,0.330970,0.698586
1786703689.751643,43.410320,1320,29.72,187.04,74.17,1.0000,0.292250,0.154530,211.79,335.32,0.9871,0.330925,0.698583
1786703689.768004,43.426681,1321,29.72,187.04,74.31,1.0000,0.292251,0.154803,211.76,335.34,0.9872,0.330881,0.698632
1786703689.822721,43.481398,1322,29.72,187.02,74.18,1.0000,0.292220,0.154537,211.78,335.33,0.9872,0.330904,0.698613
1786703689.843648,43.502325,1323,29.72,187.03,74.17,1.0000,0.292231,0.154531,211.78,335.19,0.9871,0.330902,0.698312
1786703689.877669,43.536345,1324,29.72,187.12,74.20,1.0000,0.292370,0.154590,211.78,335.31,0.9869,0.330909,0.698557
1786703689.909580,43.568256,1325,29.72,187.12,74.20,1.0000,0.292379,0.154591,211.70,335.39,0.9868,0.330777,0.698732
1786703689.944005,43.602681,1326,29.72,187.13,74.19,1.0000,0.292394,0.154568,211.70,335.46,0.9866,0.330786,0.698870
1786703689.973133,43.631810,1327,29.72,187.15,74.18,1.0000,0.292415,0.154537,211.71,335.43,0.9863,0.330801,0.698820
1786703690.034876,43.693552,1328,29.72,187.20,74.21,1.0000,0.292505,0.154611,211.70,335.26,0.9864,0.330780,0.698460
1786703690.050668,43.709345,1329,29.72,187.20,74.38,1.0000,0.292504,0.154953,211.76,335.33,0.9865,0.330877,0.698603
1786703690.066542,43.725219,1330,29.72,187.20,74.43,1.0000,0.292501,0.155068,211.74,335.34,0.9864,0.330846,0.698629
1786703690.119573,43.778250,1331,29.75,187.20,74.46,1.0000,0.292497,0.155127,211.79,335.27,0.9864,0.330924,0.698482
1786703690.146234,43.804910,1332,29.75,187.22,74.67,1.0000,0.292523,0.155567,211.80,335.41,0.9866,0.330944,0.698768
1786703690.199063,43.857740,1333,29.75,187.22,74.73,1.0000,0.292524,0.155693,211.80,335.09,0.9867,0.330942,0.698102
1786703690.211578,43.870254,1334,29.75,187.11,74.71,1.0000,0.292356,0.155648,211.82,334.88,0.9867,0.330971,0.697672
1786703690.243733,43.902410,1335,29.75,187.07,74.73,1.0000,0.292301,0.155685,211.87,334.83,0.9870,0.331046,0.697559
1786703690.287107,43.945784,1336,29.75,187.05,74.93,1.0000,0.292271,0.156101,211.92,334.63,0.9872,0.331130,0.697150
1786703690.310518,43.969194,1337,29.75,187.04,74.93,1.0000,0.292245,0.156102,211.93,334.64,0.9873,0.331136,0.697161
1786703690.341966,44.000643,1338,29.75,187.03,74.96,1.0000,0.292229,0.156162,211.98,334.56,0.9874,0.331226,0.696997
1786703690.371371,44.030047,1339,29.75,187.04,74.91,1.0000,0.292243,0.156062,211.98,334.50,0.9874,0.331219,0.696876
1786703690.409784,44.068461,1340,29.75,187.09,74.99,1.0000,0.292322,0.156227,211.95,334.76,0.9874,0.331176,0.697410
1786703690.443359,44.102036,1341,29.75,187.07,74.99,1.0000,0.292298,0.156235,211.92,334.80,0.9872,0.331123,0.697503
1786703690.477369,44.136046,1342,29.75,187.03,74.99,1.0000,0.292233,0.156235,211.89,334.71,0.9872,0.331081,0.697321
1786703690.507069,44.165745,1343,29.75,186.97,74.68,1.0000,0.292137,0.155588,211.75,334.80,0.9872,0.330853,0.697504
1786703690.543721,44.202398,1344,29.75,186.93,74.69,1.0000,0.292074,0.155608,211.74,334.86,0.9874,0.330842,0.697635
1786703690.581321,44.239997,1345,29.75,186.94,74.63,1.0000,0.292098,0.155480,211.72,334.74,0.9875,0.330813,0.697372
1786703690.607335,44.266012,1346,29.75,186.69,74.71,1.0000,0.291701,0.155649,211.69,335.06,0.9877,0.330762,0.698037
1786703690.642065,44.300741,1347,29.96,186.42,74.65,1.0000,0.291284,0.155518,211.75,334.93,0.9876,0.330867,0.697773
1786703690.671300,44.329977,1348,29.96,186.12,74.98,1.0000,0.290812,0.156199,211.64,335.19,0.9876,0.330690,0.698315
1786703690.710111,44.368787,1349,29.96,185.79,74.91,1.0000,0.290290,0.156062,211.64,335.26,0.9877,0.330690,0.698451
1786703690.742624,44.401301,1350,29.96,185.15,74.86,1.0000,0.289299,0.155956,211.62,335.32,0.9878,0.330651,0.698585
1786703690.788267,44.446944,1351,29.96,185.10,74.85,1.0000,0.289222,0.155938,211.66,334.88,0.9878,0.330721,0.697673
1786703690.809480,44.468157,1352,29.96,184.75,74.85,1.0000,0.288666,0.155928,211.62,335.09,0.9880,0.330662,0.698113
1786703690.844308,44.502985,1353,29.96,184.69,74.80,1.0000,0.288574,0.155835,211.63,334.94,0.9879,0.330674,0.697799
1786703690.873599,44.532276,1354,29.96,184.66,74.69,1.0000,0.288529,0.155605,211.55,334.97,0.9878,0.330546,0.697864
1786703690.908036,44.566713,1355,29.96,184.62,74.40,1.0000,0.288473,0.154994,211.55,334.78,0.9878,0.330540,0.697466
1786703690.944865,44.603541,1356,29.96,184.66,74.29,1.0000,0.288537,0.154775,211.60,334.56,0.9879,0.330626,0.697005
1786703690.987652,44.646329,1357,29.96,184.70,74.29,1.0000,0.288594,0.154765,211.47,334.57,0.9880,0.330419,0.697012
1786703691.002927,44.661603,1358,29.96,184.70,74.03,1.0000,0.288599,0.154236,211.48,334.47,0.9880,0.330444,0.696813
1786703691.054273,44.712950,1359,29.96,184.72,74.01,1.0000,0.288619,0.154185,211.50,334.19,0.9881,0.330476,0.696231
1786703691.097242,44.755918,1360,29.96,184.66,73.79,1.0000,0.288539,0.153736,211.56,334.12,0.9881,0.330563,0.696089
1786703691.112527,44.771204,1361,29.96,184.73,73.72,1.0000,0.288645,0.153591,211.60,334.09,0.9882,0.330624,0.696012
1786703691.144263,44.802940,1362,29.71,184.52,73.61,1.0000,0.288319,0.153349,211.60,334.30,0.9883,0.330627,0.696452
1786703691.184036,44.842713,1363,29.71,184.34,73.61,1.0000,0.288037,0.153353,211.61,334.39,0.9885,0.330640,0.696640
1786703691.207538,44.866215,1364,29.71,184.34,73.61,1.0000,0.288026,0.153359,211.61,334.47,0.9885,0.330639,0.696821
1786703691.241329,44.900006,1365,29.71,184.31,74.02,1.0000,0.287978,0.154201,211.52,334.68,0.9887,0.330502,0.697240
1786703691.272860,44.931536,1366,29.71,184.07,73.95,1.0000,0.287603,0.154052,211.51,334.94,0.9887,0.330477,0.697793
1786703691.309742,44.968419,1367,29.71,183.95,73.93,1.0000,0.287418,0.154019,211.52,334.91,0.9888,0.330497,0.697733
1786703691.341995,45.000672,1368,29.71,183.59,73.93,1.0000,0.286860,0.154026,211.52,334.91,0.9888,0.330506,0.697724
1786703691.390115,45.048792,1369,29.71,183.49,74.03,1.0000,0.286702,0.154227,211.56,334.66,0.9887,0.330556,0.697203
1786703691.405563,45.064239,1370,29.71,183.40,74.03,1.0000,0.286570,0.154237,211.51,334.82,0.9888,0.330486,0.697532
1786703691.447194,45.105871,1371,29.71,183.36,74.03,1.0000,0.286496,0.154237,211.54,334.71,0.9888,0.330535,0.697316
1786703691.477464,45.136141,1372,29.71,183.30,74.01,1.0000,0.286409,0.154188,211.51,335.00,0.9886,0.330492,0.697925
1786703691.493189,45.151865,1373,29.71,183.28,74.01,1.0000,0.286368,0.154184,211.47,335.15,0.9884,0.330429,0.698223
1786703691.541746,45.200422,1374,29.71,183.25,74.01,1.0000,0.286331,0.154190,211.48,335.09,0.9885,0.330437,0.698108
1786703691.576439,45.235116,1375,29.71,183.14,74.01,1.0000,0.286163,0.154196,211.46,335.02,0.9885,0.330400,0.697949
1786703691.615989,45.274666,1376,29.71,183.01,73.98,1.0000,0.285947,0.154115,211.48,335.00,0.9885,0.330437,0.697913
1786703691.650294,45.308970,1377,29.71,182.97,74.00,1.0000,0.285897,0.154162,211.53,334.86,0.9886,0.330510,0.697618
1786703691.673932,45.332608,1378,29.99,182.92,73.99,1.0000,0.285819,0.154139,211.54,334.75,0.9886,0.330525,0.697400
1786703691.710804,45.369481,1379,29.99,182.88,73.96,1.0000,0.285743,0.154091,211.53,334.88,0.9886,0.330517,0.697657
1786703691.750737,45.409414,1380,29.99,182.83,73.96,1.0000,0.285667,0.154083,211.50,335.12,0.9888,0.330476,0.698164
1786703691.772418,45.431095,1381,29.99,182.78,73.92,1.0000,0.285595,0.154007,211.62,334.81,0.9889,0.330652,0.697512
1786703691.814731,45.473407,1382,29.99,182.67,74.14,1.0000,0.285416,0.154462,211.60,335.09,0.9888,0.330622,0.698094
1786703691.846921,45.505598,1383,29.99,182.39,74.14,1.0000,0.284992,0.154462,211.66,335.06,0.9888,0.330719,0.698051
1786703691.876288,45.534965,1384,29.99,182.38,74.22,1.0000,0.284966,0.154629,211.65,335.05,0.9888,0.330704,0.698012
1786703691.893607,45.552283,1385,29.99,182.37,74.32,1.0000,0.284960,0.154834,211.66,334.97,0.9888,0.330718,0.697859
1786703691.958025,45.616702,1386,29.99,182.38,74.44,1.0000,0.284973,0.155080,211.66,334.98,0.9885,0.330722,0.697880
1786703691.971128,45.629804,1387,29.99,182.37,74.45,1.0000,0.284956,0.155107,211.61,334.99,0.9886,0.330641,0.697898
1786703692.013314,45.671991,1388,29.99,182.51,74.47,1.0000,0.285165,0.155139,211.56,335.18,0.9886,0.330556,0.698289
1786703692.059184,45.717860,1389,29.99,182.53,74.51,1.0000,0.285199,0.155224,211.48,335.24,0.9885,0.330444,0.698419
1786703692.067042,45.725719,1390,29.99,182.60,74.53,1.0000,0.285306,0.155273,211.48,335.25,0.9885,0.330432,0.698445
1786703692.106689,45.765366,1391,29.99,182.65,74.54,1.0000,0.285391,0.155283,211.47,335.21,0.9885,0.330427,0.698349
1786703692.146989,45.805666,1392,29.99,182.80,74.70,1.0000,0.285632,0.155626,211.48,335.26,0.9886,0.330439,0.698456
1786703692.164837,45.823514,1393,29.98,182.80,74.71,1.0000,0.285631,0.155655,211.46,335.33,0.9885,0.330404,0.698611
1786703692.207769,45.866446,1394,29.98,182.96,74.72,1.0000,0.285881,0.155657,211.45,335.32,0.9886,0.330385,0.698577
1786703692.242768,45.901445,1395,29.98,182.97,74.72,1.0000,0.285883,0.155660,211.38,335.31,0.9885,0.330288,0.698564
1786703692.266453,45.925129,1396,29.98,182.91,74.70,1.0000,0.285801,0.155633,211.41,335.25,0.9883,0.330329,0.698435
1786703692.328285,45.986961,1397,29.98,182.94,74.70,1.0000,0.285841,0.155617,211.41,335.27,0.9883,0.330325,0.698481
1786703692.378818,46.037494,1399,29.98,182.94,74.68,1.0000,0.285839,0.155585,211.41,335.27,0.9882,0.330323,0.698478
1786703692.418908,46.077585,1400,29.98,182.94,74.71,1.0000,0.285844,0.155645,211.41,335.31,0.9884,0.330323,0.698567
1786703692.433279,46.091955,1401,29.98,183.00,74.76,1.0000,0.285937,0.155740,211.41,335.32,0.9883,0.330321,0.698579
1786703692.472778,46.131454,1402,29.98,183.04,74.72,1.0000,0.285993,0.155672,211.41,335.22,0.9883,0.330328,0.698367
1786703692.507598,46.166275,1403,29.98,183.13,74.72,1.0000,0.286136,0.155675,211.42,335.17,0.9882,0.330347,0.698262
1786703692.541034,46.199711,1404,29.98,183.16,74.66,1.0000,0.286191,0.155547,211.43,334.95,0.9883,0.330353,0.697805
1786703692.576152,46.234829,1405,29.98,183.19,74.66,1.0000,0.286230,0.155545,211.42,334.96,0.9882,0.330347,0.697840
1786703692.623454,46.282130,1406,29.98,183.23,74.86,1.0000,0.286301,0.155952,211.56,334.81,0.9882,0.330569,0.697523
1786703692.639143,46.297820,1407,29.98,183.41,74.86,1.0000,0.286585,0.155955,211.52,334.79,0.9884,0.330505,0.697477
1786703692.675749,46.334425,1408,29.55,183.47,74.83,1.0000,0.286672,0.155892,211.66,334.82,0.9884,0.330726,0.697535
1786703692.713089,46.371765,1409,29.55,183.47,74.82,1.0000,0.286675,0.155877,211.66,334.88,0.9885,0.330715,0.697666
1786703692.741581,46.400258,1410,29.55,183.64,74.83,1.0000,0.286938,0.155901,211.70,334.79,0.9884,0.330783,0.697475
1786703692.776173,46.434850,1411,29.55,183.68,74.71,1.0000,0.286998,0.155646,211.52,335.02,0.9886,0.330505,0.697958
1786703692.807766,46.466442,1412,29.55,183.94,74.55,1.0000,0.287399,0.155311,211.55,334.93,0.9886,0.330543,0.697770
1786703692.844634,46.503311,1413,29.55,184.11,74.54,1.0000,0.287664,0.155301,211.50,334.94,0.9887,0.330467,0.697797
1786703692.879028,46.537704,1414,29.55,184.27,74.69,1.0000,0.287924,0.155606,211.59,334.83,0.9887,0.330609,0.697569
1786703692.915439,46.574116,1415,29.55,184.26,74.87,1.0000,0.287913,0.155989,211.51,335.01,0.9888,0.330489,0.697945
1786703692.942478,46.601155,1416,29.55,184.41,74.88,1.0000,0.288137,0.155992,211.55,334.85,0.9886,0.330549,0.697600
1786703692.979277,46.637954,1417,29.55,184.40,74.88,1.0000,0.288124,0.155997,211.49,334.97,0.9886,0.330454,0.697849
1786703693.006083,46.664760,1418,29.55,184.40,74.88,1.0000,0.288130,0.156002,211.46,334.95,0.9885,0.330411,0.697806
1786703693.046319,46.704996,1419,29.55,184.48,74.71,1.0000,0.288255,0.155644,211.46,334.84,0.9882,0.330406,0.697589
1786703693.077405,46.736082,1420,29.55,184.49,74.73,1.0000,0.288271,0.155685,211.41,335.11,0.9882,0.330328,0.698144
1786703693.115040,46.773716,1421,29.55,184.69,74.71,1.0000,0.288572,0.155646,211.44,335.10,0.9881,0.330380,0.698120
1786703693.159987,46.818664,1422,29.55,184.76,74.94,1.0000,0.288686,0.156125,211.57,335.05,0.9880,0.330581,0.698031
1786703693.162560,46.821237,1423,29.55,184.87,74.93,1.0000,0.288860,0.156109,211.55,335.14,0.9878,0.330545,0.698214
1786703693.226279,46.884956,1424,29.50,185.00,74.83,1.0000,0.289061,0.155902,211.54,335.17,0.9878,0.330523,0.698263
1786703693.242132,46.900809,1425,29.50,185.03,74.80,1.0000,0.289112,0.155824,211.59,335.14,0.9878,0.330605,0.698210
1786703693.269208,46.927885,1426,29.50,185.26,74.79,1.0000,0.289474,0.155816,211.57,335.15,0.9879,0.330583,0.698222
1786703693.305931,46.964607,1427,29.50,185.73,74.83,1.0000,0.290203,0.155888,211.60,335.15,0.9880,0.330627,0.698223
1786703693.340975,46.999652,1428,29.50,185.74,75.11,1.0000,0.290224,0.156477,211.57,335.22,0.9879,0.330585,0.698369
1786703693.399385,47.058061,1429,29.50,185.72,75.15,1.0000,0.290185,0.156561,211.57,335.24,0.9877,0.330582,0.698416
1786703693.412559,47.071236,1430,29.50,185.73,75.19,1.0000,0.290200,0.156646,211.57,335.23,0.9879,0.330581,0.698389
1786703693.441762,47.100439,1431,29.50,185.71,75.07,1.0000,0.290178,0.156392,211.66,335.00,0.9880,0.330723,0.697925
1786703693.481612,47.140288,1432,29.50,185.70,75.47,1.0000,0.290163,0.157230,211.80,334.74,0.9882,0.330937,0.697384
1786703693.513905,47.172582,1433,29.50,185.72,75.46,1.0000,0.290187,0.157209,211.80,334.91,0.9884,0.330934,0.697737
1786703693.534321,47.192998,1434,29.50,185.81,75.47,1.0000,0.290326,0.157234,211.85,334.61,0.9883,0.331021,0.697111
1786703693.572536,47.231212,1435,29.50,185.85,75.57,1.0000,0.290387,0.157434,211.89,334.79,0.9882,0.331086,0.697484
1786703693.612658,47.271335,1436,29.50,185.86,75.58,1.0000,0.290406,0.157466,211.91,334.86,0.9881,0.331108,0.697626
1786703693.660568,47.319245,1437,29.50,185.88,75.62,1.0000,0.290431,0.157533,211.91,334.57,0.9881,0.331115,0.697016
1786703693.676001,47.334677,1438,29.50,185.95,75.61,1.0000,0.290548,0.157529,211.89,334.67,0.9879,0.331082,0.697228
1786703693.707046,47.365722,1439,29.50,185.95,75.57,1.0000,0.290548,0.157443,211.90,334.69,0.9880,0.331089,0.697268
1786703693.744160,47.402836,1440,29.74,185.96,75.58,1.0000,0.290570,0.157456,211.91,334.70,0.9881,0.331105,0.697296
1786703693.775054,47.433731,1441,29.74,185.97,75.53,1.0000,0.290577,0.157359,211.90,334.74,0.9880,0.331101,0.697368
1786703693.808844,47.467520,1442,29.74,186.09,75.49,1.0000,0.290773,0.157265,211.88,334.78,0.9880,0.331069,0.697455
1786703693.855311,47.513988,1443,29.74,186.07,75.21,1.0000,0.290734,0.156688,211.88,334.79,0.9880,0.331065,0.697481
1786703693.880415,47.539092,1444,29.74,186.07,75.22,1.0000,0.290738,0.156713,211.88,334.98,0.9880,0.331064,0.697873
1786703693.923550,47.582226,1445,29.74,186.06,75.00,1.0000,0.290713,0.156249,211.89,334.73,0.9879,0.331083,0.697362
1786703693.952592,47.611268,1446,29.74,186.06,74.94,1.0000,0.290723,0.156130,211.89,334.93,0.9880,0.331071,0.697777
1786703693.965661,47.624337,1447,29.74,186.08,74.90,1.0000,0.290750,0.156051,211.89,334.85,0.9880,0.331076,0.697597
1786703694.005764,47.664441,1448,29.74,186.09,74.92,1.0000,0.290772,0.156075,211.84,335.28,0.9881,0.331003,0.698503
1786703694.066835,47.725512,1449,29.74,186.16,75.07,1.0000,0.290871,0.156391,211.89,334.77,0.9880,0.331075,0.697446
1786703694.072212,47.730888,1450,29.74,186.16,75.10,1.0000,0.290872,0.156452,211.89,334.91,0.9881,0.331072,0.697730
1786703694.107155,47.765831,1451,29.74,186.17,75.12,1.0000,0.290885,0.156497,211.89,334.81,0.9880,0.331080,0.697518
1786703694.151380,47.810056,1452,29.74,186.16,74.96,1.0000,0.290868,0.156167,211.88,335.11,0.9881,0.331067,0.698155
1786703694.167169,47.825845,1453,29.74,186.15,74.91,1.0000,0.290865,0.156069,211.85,335.11,0.9882,0.331017,0.698136
1786703694.209828,47.868504,1454,29.74,186.14,74.94,1.0000,0.290842,0.156133,211.84,335.29,0.9883,0.330997,0.698531
1786703694.243643,47.902320,1455,29.74,186.11,74.86,1.0000,0.290791,0.155963,211.84,335.29,0.9883,0.331007,0.698512
1786703694.281159,47.939836,1456,29.75,186.13,74.96,1.0000,0.290827,0.156171,211.84,335.33,0.9883,0.330995,0.698604
1786703694.319118,47.977794,1457,29.75,186.12,74.97,1.0000,0.290806,0.156188,211.83,335.33,0.9883,0.330982,0.698611
1786703694.342937,48.001613,1458,29.75,186.11,74.95,1.0000,0.290799,0.156137,211.82,335.41,0.9880,0.330969,0.698769
1786703694.377682,48.036359,1459,29.75,185.99,75.00,1.0000,0.290610,0.156257,211.81,335.46,0.9878,0.330958,0.698879
1786703694.416708,48.075385,1460,29.75,185.97,74.91,1.0000,0.290577,0.156065,211.81,335.50,0.9879,0.330946,0.698951
1786703694.434612,48.093288,1461,29.75,185.98,74.92,1.0000,0.290591,0.156078,211.84,335.32,0.9879,0.330996,0.698587
1786703694.495419,48.154096,1462,29.75,185.98,74.87,1.0000,0.290590,0.155975,211.69,335.35,0.9881,0.330761,0.698656
1786703694.503664,48.162341,1463,29.75,185.98,74.86,1.0000,0.290591,0.155955,211.70,335.36,0.9881,0.330776,0.698666
1786703694.541153,48.199830,1464,29.75,185.95,74.86,1.0000,0.290548,0.155955,211.71,335.47,0.9883,0.330796,0.698888
1786703694.584942,48.243618,1465,29.75,185.86,74.78,1.0000,0.290403,0.155797,211.77,335.31,0.9884,0.330886,0.698570
1786703694.620495,48.279171,1466,29.75,185.63,74.53,1.0000,0.290042,0.155264,211.74,335.39,0.9885,0.330845,0.698726
1786703694.643586,48.302262,1467,29.75,185.51,74.57,1.0000,0.289858,0.155358,211.73,335.41,0.9884,0.330835,0.698774
1786703694.677436,48.336113,1468,29.75,185.31,74.65,1.0000,0.289541,0.155529,211.73,335.40,0.9884,0.330826,0.698747
1786703694.707077,48.365753,1469,29.75,185.22,74.65,1.0000,0.289400,0.155530,211.70,335.39,0.9884,0.330788,0.698725
1786703694.743413,48.402090,1470,29.75,185.14,74.64,1.0000,0.289278,0.155501,211.69,335.42,0.9881,0.330772,0.698786
1786703694.778691,48.437368,1471,29.75,185.14,74.64,1.0000,0.289275,0.155497,211.69,335.45,0.9880,0.330762,0.698858
1786703694.810323,48.469000,1472,29.85,185.06,74.60,1.0000,0.289161,0.155425,211.69,335.49,0.9881,0.330762,0.698943
1786703694.849755,48.508431,1473,29.85,184.90,74.64,1.0000,0.288903,0.155495,211.69,335.53,0.9880,0.330769,0.699015
1786703694.878473,48.537149,1474,29.85,184.90,74.64,1.0000,0.288911,0.155495,211.70,335.56,0.9880,0.330774,0.699081
1786703694.940172,48.598849,1475,29.85,184.80,74.69,1.0000,0.288746,0.155598,211.67,335.44,0.9879,0.330741,0.698835
1786703694.958264,48.616940,1476,29.85,184.80,74.35,1.0000,0.288749,0.154890,211.66,335.44,0.9879,0.330720,0.698835
1786703694.976129,48.634806,1477,29.85,184.71,73.93,1.0000,0.288615,0.154028,211.64,335.41,0.9880,0.330692,0.698765
1786703695.008992,48.667669,1478,29.85,184.61,73.75,1.0000,0.288455,0.153651,211.65,335.39,0.9881,0.330702,0.698724
1786703695.042588,48.701265,1479,29.85,184.31,73.69,1.0000,0.287991,0.153517,211.64,335.37,0.9883,0.330695,0.698682
1786703695.089305,48.747981,1480,29.85,184.31,73.64,1.0000,0.287990,0.153412,211.63,335.28,0.9883,0.330668,0.698503
1786703695.122075,48.780752,1481,29.85,184.31,73.63,1.0000,0.287985,0.153392,211.64,335.05,0.9884,0.330694,0.698021
1786703695.151242,48.809919,1482,29.85,184.27,73.62,1.0000,0.287915,0.153381,211.61,335.04,0.9884,0.330633,0.698006
1786703695.164541,48.823218,1483,29.85,184.26,73.62,1.0000,0.287913,0.153383,211.60,335.04,0.9885,0.330621,0.698005
1786703695.206630,48.865307,1484,29.85,184.18,73.53,1.0000,0.287786,0.153195,211.60,335.14,0.9887,0.330620,0.698214
1786703695.260498,48.919175,1485,29.85,184.10,73.58,1.0000,0.287659,0.153293,211.59,335.12,0.9888,0.330602,0.698168
1786703695.282691,48.941368,1486,29.85,184.06,73.58,1.0000,0.287591,0.153288,211.56,335.13,0.9889,0.330569,0.698189
1786703695.311108,48.969785,1487,29.87,183.94,73.59,1.0000,0.287407,0.153308,211.55,335.14,0.9888,0.330542,0.698201
1786703695.349770,49.008447,1488,29.87,183.94,73.39,1.0000,0.287407,0.152896,211.52,335.13,0.9889,0.330501,0.698190
1786703695.380183,49.038860,1489,29.87,183.94,73.43,1.0000,0.287399,0.152971,211.52,335.22,0.9889,0.330501,0.698378
1786703695.427494,49.086171,1490,29.87,183.93,73.70,1.0000,0.287390,0.153546,211.51,335.13,0.9890,0.330486,0.698186
1786703695.435508,49.094185,1491,29.87,183.65,73.88,1.0000,0.286959,0.153913,211.51,335.23,0.9890,0.330486,0.698400
1786703695.483628,49.142304,1492,29.87,183.44,74.14,1.0000,0.286625,0.154448,211.47,335.20,0.9890,0.330415,0.698342
1786703695.500893,49.159569,1493,29.87,183.41,74.14,1.0000,0.286576,0.154450,211.40,335.37,0.9890,0.330317,0.698690
1786703695.541283,49.199960,1494,29.87,183.34,74.16,1.0000,0.286474,0.154490,211.39,335.24,0.9892,0.330297,0.698417
1786703695.579905,49.238581,1495,29.87,183.29,74.19,1.0000,0.286388,0.154559,211.38,335.24,0.9891,0.330274,0.698420
1786703695.613985,49.272661,1496,29.87,183.02,74.26,1.0000,0.285963,0.154707,211.38,335.22,0.9890,0.330274,0.698382
1786703695.643148,49.301824,1497,29.87,182.81,74.23,1.0000,0.285636,0.154652,211.45,335.04,0.9890,0.330388,0.697997
1786703695.682748,49.341424,1498,29.87,182.74,74.23,1.0000,0.285527,0.154635,211.42,334.85,0.9890,0.330347,0.697604
1786703695.722794,49.381470,1499,29.87,182.64,74.21,1.0000,0.285379,0.154600,211.37,334.89,0.9889,0.330269,0.697690
1786703695.742568,49.401245,1500,29.87,182.64,74.05,1.0000,0.285379,0.154274,211.37,334.89,0.9889,0.330267,0.697691
1786703695.780646,49.439322,1501,29.87,182.53,74.05,1.0000,0.285200,0.154277,211.37,334.93,0.9889,0.330260,0.697761
1786703695.809727,49.468404,1502,29.89,182.52,74.05,1.0000,0.285180,0.154275,211.36,334.92,0.9889,0.330258,0.697759
1786703695.840586,49.499263,1503,29.89,182.44,74.05,1.0000,0.285063,0.154275,211.36,334.80,0.9890,0.330257,0.697499
1786703695.872521,49.531198,1504,29.89,182.38,73.81,1.0000,0.284970,0.153765,211.41,334.84,0.9890,0.330335,0.697586
1786703695.912301,49.570978,1505,29.89,182.39,73.74,1.0000,0.284987,0.153628,211.41,334.92,0.9891,0.330335,0.697747
1786703695.946472,49.605149,1506,29.89,182.33,73.76,1.0000,0.284893,0.153657,211.42,334.81,0.9892,0.330349,0.697518
1786703695.979339,49.638016,1507,29.89,182.22,73.76,1.0000,0.284715,0.153671,211.42,334.81,0.9892,0.330349,0.697524
1786703696.010178,49.668855,1508,29.89,182.02,73.79,1.0000,0.284413,0.153737,211.38,334.83,0.9892,0.330280,0.697556
1786703696.041902,49.700578,1509,29.89,181.77,73.80,1.0000,0.284015,0.153749,211.37,334.82,0.9893,0.330273,0.697545
1786703696.082254,49.740931,1510,29.89,181.56,73.72,1.0000,0.283680,0.153577,211.37,334.77,0.9895,0.330259,0.697446
1786703696.111371,49.770047,1511,29.89,181.54,73.75,1.0000,0.283655,0.153636,211.35,334.80,0.9895,0.330228,0.697496
1786703696.140116,49.798793,1512,29.89,181.49,73.76,1.0000,0.283576,0.153666,211.36,334.81,0.9894,0.330245,0.697515
1786703696.213376,49.872053,1513,29.89,181.38,73.70,1.0000,0.283404,0.153552,211.40,334.87,0.9892,0.330313,0.697650
1786703696.216076,49.874753,1514,29.89,181.39,73.69,1.0000,0.283423,0.153524,211.42,334.93,0.9893,0.330338,0.697762
1786703696.253123,49.911800,1515,29.89,181.39,73.70,1.0000,0.283423,0.153535,211.41,334.92,0.9893,0.330335,0.697745
1786703696.273346,49.932023,1516,29.89,181.38,73.68,1.0000,0.283413,0.153507,211.41,334.95,0.9894,0.330323,0.697817
1786703696.303553,49.962230,1517,29.89,181.36,73.74,1.0000,0.283373,0.153618,211.40,334.95,0.9895,0.330317,0.697815
1786703696.346064,50.004741,1518,29.90,181.36,74.12,1.0000,0.283370,0.154423,211.38,334.99,0.9894,0.330283,0.697905
1786703696.375202,50.033879,1519,29.90,181.35,74.25,1.0000,0.283355,0.154687,211.39,335.01,0.9893,0.330298,0.697933
1786703696.424996,50.083673,1520,29.90,181.38,74.30,1.0000,0.283413,0.154785,211.39,335.04,0.9892,0.330294,0.697995
1786703696.439775,50.098451,1521,29.90,181.38,74.37,1.0000,0.283411,0.154935,211.39,334.95,0.9890,0.330296,0.697822
1786703696.471034,50.129711,1522,29.90,181.38,74.37,1.0000,0.283413,0.154935,211.38,334.95,0.9891,0.330287,0.697820
1786703696.515190,50.173867,1523,29.90,181.38,74.55,1.0000,0.283410,0.155304,211.38,334.97,0.9889,0.330285,0.697844
1786703696.528987,50.187664,1524,29.90,181.32,74.56,1.0000,0.283309,0.155333,211.39,334.93,0.9889,0.330293,0.697778
1786703696.573978,50.232654,1525,29.90,181.18,74.55,1.0000,0.283090,0.155322,211.38,335.00,0.9890,0.330288,0.697924
1786703696.611633,50.270310,1526,29.90,181.17,74.56,1.0000,0.283083,0.155326,211.37,334.98,0.9891,0.330263,0.697880
1786703696.643454,50.302130,1527,29.90,181.04,74.51,1.0000,0.282882,0.155226,211.42,334.84,0.9892,0.330347,0.697590
1786703696.672807,50.331484,1528,29.90,181.02,74.51,1.0000,0.282838,0.155238,211.43,334.92,0.9891,0.330361,0.697746
1786703696.721083,50.379759,1529,29.90,180.94,74.45,1.0000,0.282714,0.155101,211.40,334.92,0.9891,0.330310,0.697752
1786703696.756303,50.414980,1530,29.90,180.94,74.45,1.0000,0.282712,0.155113,211.37,334.90,0.9892,0.330265,0.697706
1786703696.771096,50.429773,1531,29.90,180.94,74.52,1.0000,0.282713,0.155250,211.37,334.89,0.9892,0.330269,0.697688
1786703696.814481,50.473157,1532,29.90,180.90,74.52,1.0000,0.282658,0.155243,211.37,334.84,0.9893,0.330271,0.697580
1786703696.835490,50.494166,1533,29.90,180.93,74.57,1.0000,0.282709,0.155346,211.37,334.85,0.9893,0.330272,0.697611
1786703696.873363,50.532039,1534,30.03,180.79,74.33,1.0000,0.282478,0.154850,211.38,334.86,0.9891,0.330280,0.697633
1786703696.904696,50.563373,1535,30.03,180.78,74.15,1.0000,0.282463,0.154488,211.38,334.88,0.9891,0.330288,0.697669
1786703696.942223,50.600899,1536,30.03,180.77,74.17,1.0000,0.282459,0.154523,211.39,334.87,0.9892,0.330294,0.697646
1786703696.977846,50.636523,1537,30.03,180.77,74.13,1.0000,0.282455,0.154442,211.37,334.90,0.9891,0.330262,0.697698
1786703697.011512,50.670189,1538,30.03,180.77,74.13,1.0000,0.282452,0.154442,211.31,334.89,0.9891,0.330177,0.697696
1786703697.044901,50.703578,1539,30.03,180.77,74.23,1.0000,0.282452,0.154652,211.32,334.90,0.9893,0.330191,0.697706
1786703697.076942,50.735618,1540,30.03,180.84,74.34,1.0000,0.282556,0.154880,211.31,334.89,0.9894,0.330177,0.697694
1786703697.114179,50.772856,1541,30.03,181.23,74.93,1.0000,0.283178,0.156104,211.43,334.76,0.9895,0.330355,0.697427
1786703697.149063,50.807740,1542,30.03,181.32,74.92,1.0000,0.283309,0.156087,211.39,334.82,0.9895,0.330304,0.697542
1786703697.175009,50.833686,1543,30.03,181.49,74.93,1.0000,0.283571,0.156110,211.44,334.76,0.9896,0.330377,0.697412
1786703697.215483,50.874159,1544,30.03,181.49,74.90,1.0000,0.283578,0.156047,211.59,334.51,0.9895,0.330617,0.696903
1786703697.239407,50.898084,1545,30.03,181.57,74.91,1.0000,0.283696,0.156054,211.56,334.68,0.9893,0.330566,0.697256
1786703697.275425,50.934102,1546,30.03,181.45,74.91,1.0000,0.283510,0.156062,211.56,334.82,0.9892,0.330557,0.697540
1786703697.316110,50.974786,1547,30.03,181.46,74.73,1.0000,0.283534,0.155684,211.55,334.87,0.9890,0.330543,0.697650
1786703697.352954,51.011631,1548,30.03,181.34,74.70,1.0000,0.283349,0.155630,211.54,335.17,0.9889,0.330526,0.698272
1786703697.377175,51.035851,1549,29.94,181.35,74.71,1.0000,0.283367,0.155649,211.56,334.90,0.9890,0.330565,0.697716
1786703697.413190,51.071867,1550,29.94,181.44,74.71,1.0000,0.283499,0.155640,211.54,334.92,0.9891,0.330527,0.697747
1786703697.447645,51.106322,1551,29.94,181.42,74.70,1.0000,0.283463,0.155633,211.58,334.85,0.9889,0.330599,0.697608
1786703697.493957,51.152633,1552,29.94,181.49,74.62,1.0000,0.283579,0.155461,211.61,334.34,0.9889,0.330636,0.696544
1786703697.513221,51.171898,1553,29.94,181.40,74.60,1.0000,0.283440,0.155426,211.60,334.34,0.9890,0.330630,0.696549
1786703697.554959,51.213635,1554,29.94,181.39,74.58,1.0000,0.283423,0.155380,211.75,334.10,0.9892,0.330857,0.696033
1786703697.569326,51.228003,1555,29.94,181.45,74.50,1.0000,0.283509,0.155208,211.80,334.09,0.9891,0.330943,0.696027
1786703697.609875,51.268552,1556,29.94,181.38,74.47,1.0000,0.283408,0.155155,211.65,334.45,0.9891,0.330697,0.696780
1786703697.649433,51.308110,1557,29.94,181.38,74.40,1.0000,0.283410,0.154990,211.67,334.45,0.9890,0.330742,0.696778
1786703697.663796,51.322473,1558,29.94,181.38,74.36,1.0000,0.283409,0.154909,211.70,334.39,0.9890,0.330781,0.696655
1786703697.710280,51.368956,1559,29.94,181.37,74.23,1.0000,0.283398,0.154638,211.69,334.41,0.9890,0.330767,0.696687
1786703697.745350,51.404026,1560,29.94,181.36,74.15,1.0000,0.283381,0.154481,211.68,334.60,0.9889,0.330744,0.697081
1786703697.789358,51.448035,1561,29.94,181.36,74.12,1.0000,0.283374,0.154415,211.63,334.65,0.9888,0.330666,0.697186
1786703697.824155,51.482832,1562,29.94,181.36,74.09,1.0000,0.283376,0.154363,211.62,334.68,0.9889,0.330657,0.697249
1786703697.842201,51.500877,1563,29.94,181.35,74.10,1.0000,0.283366,0.154371,211.60,334.76,0.9889,0.330627,0.697409
1786703697.888592,51.547268,1564,29.85,181.35,74.01,1.0000,0.283362,0.154194,211.58,334.77,0.9888,0.330597,0.697427
1786703697.916883,51.575560,1565,29.85,181.56,74.09,1.0000,0.283681,0.154345,211.65,334.78,0.9887,0.330697,0.697456
1786703697.942600,51.601277,1566,29.85,181.81,74.03,1.0000,0.284078,0.154236,211.63,334.85,0.9888,0.330679,0.697598
1786703697.980970,51.639647,1567,29.85,181.81,74.03,1.0000,0.284075,0.154236,211.58,334.86,0.9888,0.330590,0.697625
1786703698.018126,51.676802,1568,29.85,181.85,74.36,1.0000,0.284136,0.154913,211.58,334.99,0.9889,0.330594,0.697903
1786703698.050187,51.708863,1569,29.85,181.85,74.40,1.0000,0.284135,0.154991,211.55,335.03,0.9890,0.330541,0.697978
1786703698.089997,51.748674,1570,29.85,182.52,74.15,1.0000,0.285193,0.154488,211.56,334.80,0.9890,0.330562,0.697499
1786703698.122074,51.780750,1571,29.85,182.62,74.15,1.0000,0.285337,0.154484,211.43,334.94,0.9890,0.330361,0.697794
1786703698.152900,51.811576,1572,29.85,182.90,73.99,1.0000,0.285775,0.154144,211.49,334.79,0.9890,0.330452,0.697484
1786703698.188843,51.847520,1573,29.85,183.01,74.22,1.0000,0.285953,0.154628,211.47,334.81,0.9891,0.330417,0.697520
1786703698.223044,51.881720,1574,29.85,183.06,73.74,1.0000,0.286027,0.153619,211.52,334.52,0.9891,0.330499,0.696907
1786703698.248960,51.907637,1575,29.85,183.05,73.83,1.0000,0.286023,0.153814,211.50,334.52,0.9891,0.330473,0.696924
1786703698.272737,51.931413,1576,29.85,183.05,73.75,1.0000,0.286020,0.153637,211.58,334.49,0.9891,0.330590,0.696855
1786703698.315462,51.974138,1577,29.85,183.02,73.75,1.0000,0.285972,0.153648,211.44,334.52,0.9891,0.330373,0.696909
1786703698.352895,52.011572,1578,29.85,183.01,73.69,1.0000,0.285948,0.153525,211.40,334.57,0.9892,0.330312,0.697026
1786703698.379471,52.038148,1579,29.85,183.00,73.71,1.0000,0.285934,0.153552,211.38,334.57,0.9889,0.330278,0.697031
1786703698.427453,52.086129,1580,29.77,182.99,73.84,1.0000,0.285928,0.153841,211.36,334.65,0.9889,0.330248,0.697184
1786703698.441723,52.100399,1581,29.77,182.99,73.73,1.0000,0.285925,0.153605,211.36,334.56,0.9888,0.330245,0.696996
1786703698.480293,52.138969,1582,29.77,182.99,73.86,1.0000,0.285922,0.153880,211.38,334.55,0.9890,0.330281,0.696978
1786703698.511806,52.170483,1583,29.77,183.01,73.83,1.0000,0.285949,0.153822,211.39,334.60,0.9888,0.330290,0.697090
1786703698.554776,52.213453,1584,29.77,183.00,73.84,1.0000,0.285942,0.153827,211.47,334.61,0.9888,0.330423,0.697100
1786703698.562286,52.220963,1585,29.77,183.00,73.73,1.0000,0.285936,0.153610,211.48,334.60,0.9887,0.330440,0.697093
1786703698.612331,52.271008,1586,29.77,183.00,73.75,1.0000,0.285942,0.153654,211.50,334.59,0.9887,0.330475,0.697068
1786703698.643027,52.301703,1587,29.77,183.01,73.76,1.0000,0.285954,0.153660,211.59,334.71,0.9888,0.330608,0.697315
1786703698.683765,52.342442,1588,29.77,183.01,74.07,1.0000,0.285956,0.154319,211.52,334.88,0.9888,0.330502,0.697675
1786703698.715058,52.373735,1589,29.77,182.99,74.08,1.0000,0.285921,0.154336,211.52,334.89,0.9889,0.330494,0.697681
1786703698.768781,52.427457,1590,29.77,182.93,74.10,1.0000,0.285826,0.154384,211.47,334.82,0.9890,0.330415,0.697545
1786703698.784585,52.443262,1591,29.77,183.04,74.10,1.0000,0.286005,0.154383,211.48,334.87,0.9889,0.330443,0.697647
1786703698.822008,52.480685,1592,29.77,183.06,74.31,1.0000,0.286036,0.154808,211.49,334.94,0.9890,0.330447,0.697794
1786703698.850923,52.509600,1593,29.77,183.06,74.35,1.0000,0.286036,0.154895,211.49,334.95,0.9890,0.330449,0.697820
1786703698.875240,52.533917,1594,29.77,183.04,74.37,1.0000,0.285995,0.154935,211.46,334.98,0.9888,0.330403,0.697865
1786703698.914249,52.572926,1595,29.77,183.08,74.43,1.0000,0.286060,0.155067,211.49,334.88,0.9887,0.330460,0.697662
1786703698.945694,52.604370,1596,30.01,183.07,74.45,1.0000,0.286054,0.155109,211.54,334.76,0.9888,0.330532,0.697423
1786703698.993122,52.651798,1597,30.01,183.07,74.49,1.0000,0.286050,0.155179,211.52,334.79,0.9887,0.330496,0.697481
1786703699.006144,52.664821,1598,30.01,183.07,74.52,1.0000,0.286049,0.155248,211.51,334.74,0.9888,0.330491,0.697383
1786703699.048724,52.707401,1599,30.01,183.07,74.52,1.0000,0.286052,0.155244,211.58,334.68,0.9889,0.330597,0.697240
1786703699.089711,52.748388,1600,30.01,183.17,74.71,1.0000,0.286203,0.155649,211.58,334.68,0.9889,0.330591,0.697241
1786703699.121495,52.780171,1601,30.01,183.18,74.79,1.0000,0.286220,0.155814,211.58,334.74,0.9888,0.330593,0.697385
1786703699.150611,52.809288,1602,30.01,183.20,74.88,1.0000,0.286250,0.155991,211.58,334.73,0.9888,0.330595,0.697349
1786703699.163982,52.822659,1603,30.01,183.20,74.92,1.0000,0.286255,0.156074,211.58,334.72,0.9889,0.330586,0.697334
1786703699.209954,52.868630,1604,30.01,183.11,74.97,1.0000,0.286109,0.156179,211.57,334.71,0.9890,0.330575,0.697320
1786703699.243859,52.902536,1605,30.01,183.11,74.85,1.0000,0.286107,0.155929,211.56,334.70,0.9889,0.330556,0.697302
1786703699.280708,52.939384,1606,30.01,183.12,74.97,1.0000,0.286122,0.156197,211.55,334.70,0.9890,0.330553,0.697286
1786703699.310111,52.968788,1607,30.01,183.06,75.05,1.0000,0.286039,0.156364,211.56,334.69,0.9891,0.330563,0.697279
1786703699.344620,53.003296,1608,30.01,183.12,75.10,1.0000,0.286126,0.156468,211.51,334.78,0.9890,0.330482,0.697458
1786703699.384077,53.042754,1609,30.01,182.92,75.10,1.0000,0.285819,0.156464,211.47,334.85,0.9892,0.330429,0.697598
1786703699.407934,53.066611,1610,30.01,182.88,74.94,1.0000,0.285749,0.156117,211.51,334.60,0.9891,0.330480,0.697080
1786703699.439630,53.098306,1611,30.01,182.87,75.00,1.0000,0.285730,0.156259,211.51,334.42,0.9890,0.330481,0.696707
1786703699.482379,53.141056,1612,30.08,182.87,75.00,1.0000,0.285735,0.156257,211.51,334.42,0.9890,0.330483,0.696713
1786703699.519574,53.178250,1613,30.08,182.89,75.10,1.0000,0.285766,0.156455,211.51,334.41,0.9890,0.330489,0.696688
1786703699.533952,53.192628,1614,30.08,182.91,75.13,1.0000,0.285794,0.156523,211.51,334.28,0.9892,0.330485,0.696416
1786703699.580859,53.239535,1615,30.08,182.88,75.15,1.0000,0.285757,0.156561,211.49,334.25,0.9891,0.330458,0.696361
1786703699.612505,53.271181,1616,30.08,182.89,75.18,1.0000,0.285758,0.156619,211.48,334.29,0.9893,0.330440,0.696443
1786703699.644276,53.302952,1617,30.08,182.89,75.08,1.0000,0.285767,0.156419,211.50,334.22,0.9893,0.330466,0.696296
1786703699.673487,53.332164,1618,30.08,182.90,75.02,1.0000,0.285781,0.156299,211.50,334.22,0.9893,0.330465,0.696285
1786703699.707757,53.366434,1619,30.08,183.01,74.73,1.0000,0.285950,0.155689,211.48,334.25,0.9892,0.330430,0.696354
1786703699.739663,53.398340,1620,30.08,183.01,74.73,1.0000,0.285961,0.155694,211.49,334.31,0.9893,0.330453,0.696478
1786703699.776653,53.435329,1621,30.08,183.22,74.74,1.0000,0.286287,0.155699,211.52,334.32,0.9893,0.330497,0.696492
1786703699.808292,53.466969,1622,30.08,183.32,74.78,1.0000,0.286444,0.155796,211.49,334.56,0.9892,0.330448,0.697002
1786703699.838495,53.497171,1623,30.08,183.59,74.81,1.0000,0.286866,0.155848,211.53,334.46,0.9893,0.330518,0.696799
1786703699.878179,53.536855,1624,30.08,183.80,74.82,1.0000,0.287194,0.155876,211.52,334.47,0.9892,0.330498,0.696806
1786703699.904869,53.563545,1625,30.08,183.84,74.78,1.0000,0.287243,0.155794,211.51,334.48,0.9893,0.330489,0.696837
1786703699.943739,53.602416,1626,30.08,183.85,74.69,1.0000,0.287270,0.155601,211.52,334.52,0.9893,0.330500,0.696921
1786703699.975007,53.633684,1627,30.08,184.04,74.47,1.0000,0.287556,0.155154,211.52,334.60,0.9893,0.330499,0.697094
1786703700.012056,53.670733,1628,29.98,184.12,74.48,1.0000,0.287684,0.155158,211.49,334.64,0.9893,0.330458,0.697161
1786703700.052897,53.711574,1629,29.98,184.13,74.47,1.0000,0.287697,0.155142,211.48,334.67,0.9893,0.330440,0.697227
1786703700.071256,53.729933,1630,29.98,184.13,74.48,1.0000,0.287696,0.155170,211.49,334.68,0.9892,0.330447,0.697257
1786703700.113373,53.772050,1631,29.98,184.13,74.65,1.0000,0.287700,0.155516,211.48,334.85,0.9892,0.330440,0.697613
1786703700.148323,53.807000,1632,29.98,184.14,74.63,1.0000,0.287720,0.155482,211.48,334.89,0.9892,0.330441,0.697686
1786703700.189158,53.847835,1633,29.98,184.12,74.54,1.0000,0.287681,0.155296,211.51,334.89,0.9892,0.330485,0.697692
1786703700.206550,53.865227,1634,29.98,184.14,74.53,1.0000,0.287712,0.155264,211.53,334.87,0.9892,0.330514,0.697640
1786703700.245121,53.903798,1635,29.98,184.15,74.44,1.0000,0.287736,0.155085,211.54,334.86,0.9892,0.330538,0.697618
1786703700.273812,53.932488,1636,29.98,184.14,74.40,1.0000,0.287724,0.155010,211.53,334.83,0.9892,0.330514,0.697565
1786703700.308517,53.967194,1637,29.98,184.22,74.39,1.0000,0.287839,0.154985,211.58,334.72,0.9891,0.330593,0.697332
1786703700.338031,53.996707,1638,29.98,184.30,74.36,1.0000,0.287967,0.154909,211.59,334.71,0.9889,0.330616,0.697306
1786703700.380913,54.039589,1639,29.98,184.24,74.36,1.0000,0.287878,0.154917,211.56,334.83,0.9889,0.330570,0.697555
1786703700.413044,54.071721,1640,29.98,184.24,74.06,1.0000,0.287881,0.154298,211.53,334.86,0.9891,0.330516,0.697627
1786703700.446448,54.105124,1641,29.98,184.28,73.59,1.0000,0.287942,0.153318,211.51,334.77,0.9891,0.330490,0.697431
1786703700.491284,54.149960,1642,29.98,184.28,73.68,1.0000,0.287944,0.153491,211.52,334.98,0.9891,0.330499,0.697867
1786703700.525970,54.184646,1643,29.82,184.34,73.67,1.0000,0.288025,0.153486,211.52,335.12,0.9890,0.330502,0.698160
1786703700.557281,54.215958,1644,29.82,184.32,73.59,1.0000,0.287995,0.153321,211.51,335.21,0.9891,0.330490,0.698353
1786703700.587846,54.246522,1645,29.82,184.43,73.54,1.0000,0.288168,0.153218,211.51,335.24,0.9891,0.330488,0.698423
1786703700.633403,54.292079,1646,29.82,184.41,73.53,1.0000,0.288144,0.153180,211.50,335.28,0.9891,0.330466,0.698493
1786703700.648552,54.307228,1647,29.82,184.40,73.58,1.0000,0.288124,0.153296,211.56,335.03,0.9889,0.330566,0.697980
1786703700.677651,54.336328,1648,29.82,184.49,73.59,1.0000,0.288259,0.153316,211.57,335.00,0.9890,0.330583,0.697918
1786703700.706795,54.365472,1649,29.82,184.49,73.49,1.0000,0.288264,0.153105,211.59,335.04,0.9891,0.330605,0.697992
1786703700.755471,54.414148,1650,29.82,184.51,73.48,1.0000,0.288298,0.153090,211.59,335.07,0.9892,0.330606,0.698063
1786703700.773982,54.432658,1651,29.82,184.51,73.48,1.0000,0.288298,0.153087,211.59,335.13,0.9891,0.330611,0.698187
1786703700.807348,54.466024,1652,29.82,184.42,73.47,1.0000,0.288154,0.153055,211.59,335.12,0.9889,0.330610,0.698163
1786703700.855828,54.514505,1653,29.82,183.74,73.47,1.0000,0.287094,0.153061,211.62,334.81,0.9889,0.330652,0.697513
1786703700.881727,54.540403,1654,29.82,183.75,73.43,1.0000,0.287112,0.152975,211.62,334.65,0.9889,0.330661,0.697191
1786703700.932514,54.591191,1655,29.82,183.76,73.30,1.0000,0.287122,0.152705,211.61,334.69,0.9890,0.330640,0.697277
1786703700.947864,54.606541,1656,29.82,183.76,73.30,1.0000,0.287127,0.152705,211.59,334.73,0.9890,0.330614,0.697353
1786703700.974863,54.633540,1657,29.82,183.76,73.30,1.0000,0.287130,0.152703,211.58,334.86,0.9890,0.330599,0.697624
1786703701.014535,54.673212,1658,29.82,183.69,73.34,1.0000,0.287009,0.152792,211.58,335.02,0.9891,0.330594,0.697955
1786703701.058173,54.716850,1659,29.89,183.51,73.36,1.0000,0.286727,0.152840,211.52,335.06,0.9891,0.330507,0.698038
1786703701.071315,54.729992,1660,29.89,183.48,73.42,1.0000,0.286681,0.152953,211.52,335.04,0.9892,0.330497,0.697994
1786703701.122123,54.780800,1661,29.89,183.47,73.43,1.0000,0.286671,0.152988,211.49,335.09,0.9893,0.330460,0.698106
1786703701.154047,54.812724,1662,29.89,183.45,73.48,1.0000,0.286642,0.153089,211.49,335.13,0.9893,0.330460,0.698194
1786703701.171611,54.830287,1663,29.89,183.43,73.56,1.0000,0.286614,0.153252,211.49,335.00,0.9892,0.330458,0.697922
1786703701.213615,54.872292,1664,29.89,183.13,73.67,1.0000,0.286135,0.153476,211.45,334.98,0.9891,0.330389,0.697867
1786703701.241655,54.900332,1665,29.89,183.06,73.73,1.0000,0.286031,0.153603,211.44,334.94,0.9890,0.330373,0.697792
1786703701.276625,54.935301,1666,29.89,182.92,73.84,1.0000,0.285807,0.153843,211.43,334.88,0.9890,0.330356,0.697665
1786703701.356970,55.015646,1668,29.89,182.87,73.95,1.0000,0.285731,0.154066,211.37,334.85,0.9890,0.330263,0.697600
1786703701.359597,55.018274,1669,29.89,182.74,73.95,1.0000,0.285535,0.154068,211.40,334.59,0.9891,0.330314,0.697064
1786703701.416531,55.075208,1670,29.89,182.29,73.96,1.0000,0.284823,0.154086,211.41,334.50,0.9892,0.330329,0.696868
1786703701.439352,55.098028,1671,29.89,181.96,73.96,1.0000,0.284307,0.154090,211.41,334.54,0.9890,0.330331,0.696956
1786703701.478534,55.137211,1672,29.89,181.86,73.87,1.0000,0.284163,0.153899,211.39,334.55,0.9889,0.330303,0.696970
1786703701.515455,55.174132,1673,29.89,181.86,73.56,1.0000,0.284161,0.153254,211.42,334.69,0.9889,0.330344,0.697269
1786703701.546923,55.205600,1674,29.89,181.77,73.32,1.0000,0.284014,0.152753,211.43,334.80,0.9887,0.330354,0.697507
1786703701.578144,55.236821,1675,29.75,181.72,73.34,1.0000,0.283944,0.152798,211.45,334.87,0.9885,0.330388,0.697656
1786703701.610847,55.269524,1676,29.75,181.60,73.14,1.0000,0.283755,0.152372,211.44,334.86,0.9885,0.330374,0.697618
1786703701.647492,55.306168,1677,29.75,181.45,73.45,1.0000,0.283519,0.153016,211.45,334.87,0.9886,0.330386,0.697648
1786703701.679563,55.338240,1678,29.75,181.46,73.34,1.0000,0.283526,0.152801,211.43,334.85,0.9886,0.330361,0.697606
1786703701.720330,55.379006,1679,29.75,181.46,73.38,1.0000,0.283525,0.152882,211.44,334.86,0.9887,0.330369,0.697619
1786703701.747664,55.406341,1680,29.75,181.34,73.35,1.0000,0.283348,0.152803,211.42,335.00,0.9886,0.330348,0.697907
1786703701.772879,55.431556,1681,29.75,181.40,73.36,1.0000,0.283433,0.152823,211.42,334.91,0.9887,0.330350,0.697720
1786703701.810341,55.469018,1682,29.75,181.33,73.39,1.0000,0.283327,0.152889,211.42,334.88,0.9888,0.330338,0.697660
1786703701.844453,55.503130,1683,29.75,181.38,73.31,1.0000,0.283409,0.152720,211.41,335.03,0.9889,0.330324,0.697985
1786703701.881152,55.539828,1684,29.75,181.37,73.15,1.0000,0.283394,0.152388,211.38,335.14,0.9889,0.330285,0.698207
1786703701.905114,55.563791,1685,29.75,181.38,73.21,1.0000,0.283405,0.152529,211.32,335.24,0.9892,0.330184,0.698421
1786703701.941413,55.600089,1686,29.75,181.39,73.20,1.0000,0.283422,0.152492,211.31,335.25,0.9891,0.330173,0.698438
1786703701.981971,55.640648,1687,29.75,181.26,73.17,1.0000,0.283226,0.152438,211.33,335.16,0.9891,0.330206,0.698245
1786703702.020226,55.678902,1688,29.75,181.18,73.19,1.0000,0.283099,0.152486,211.35,335.12,0.9892,0.330228,0.698158
1786703702.041283,55.699959,1689,29.75,181.18,73.19,1.0000,0.283096,0.152473,211.36,335.10,0.9894,0.330255,0.698134
1786703702.075159,55.733835,1690,29.79,181.18,73.19,1.0000,0.283096,0.152472,211.36,335.11,0.9896,0.330255,0.698150
1786703702.121446,55.780123,1691,29.79,181.18,73.19,1.0000,0.283093,0.152480,211.36,335.13,0.9896,0.330244,0.698178
1786703702.135383,55.794060,1692,29.79,181.23,73.26,1.0000,0.283167,0.152631,211.36,335.16,0.9895,0.330249,0.698256
1786703702.181262,55.839939,1693,29.79,181.26,73.29,1.0000,0.283219,0.152683,211.41,335.15,0.9895,0.330324,0.698237
1786703702.203730,55.862407,1694,29.79,181.26,73.28,1.0000,0.283219,0.152675,211.42,335.11,0.9896,0.330339,0.698143
1786703702.232019,55.890696,1695,29.79,181.26,73.40,1.0000,0.283219,0.152917,211.47,335.14,0.9896,0.330422,0.698201
1786703702.287697,55.946374,1696,29.79,181.30,73.43,1.0000,0.283279,0.152970,211.50,335.15,0.9898,0.330471,0.698229
1786703702.310899,55.969576,1697,29.79,181.32,73.49,1.0000,0.283320,0.153107,211.52,335.08,0.9897,0.330494,0.698091
1786703702.340791,55.999468,1698,29.79,181.32,73.49,1.0000,0.283315,0.153108,211.51,335.09,0.9897,0.330486,0.698107
1786703702.379853,56.038529,1699,29.79,181.32,73.48,1.0000,0.283316,0.153074,211.50,335.12,0.9898,0.330474,0.698159
1786703702.408254,56.066930,1700,29.79,181.33,73.46,1.0000,0.283332,0.153048,211.51,335.17,0.9898,0.330484,0.698270
1786703702.439582,56.098258,1701,29.79,181.28,73.48,1.0000,0.283244,0.153075,211.50,335.15,0.9899,0.330475,0.698227
1786703702.473263,56.131940,1702,29.79,181.28,73.48,1.0000,0.283244,0.153084,211.48,335.11,0.9899,0.330445,0.698153
1786703702.507321,56.165997,1703,29.79,181.36,73.48,1.0000,0.283371,0.153086,211.46,335.01,0.9899,0.330406,0.697930
1786703702.544398,56.203075,1704,29.79,181.36,73.48,1.0000,0.283372,0.153084,211.44,334.91,0.9899,0.330376,0.697730
1786703702.615965,56.274641,1705,29.39,181.26,73.48,1.0000,0.283211,0.153086,211.36,335.07,0.9899,0.330252,0.698058
1786703702.618490,56.277167,1706,29.39,181.22,73.62,1.0000,0.283164,0.153380,211.36,335.07,0.9900,0.330245,0.698068
1786703702.651860,56.310537,1707,29.39,181.23,73.66,1.0000,0.283166,0.153456,211.36,335.07,0.9900,0.330243,0.698072
1786703702.674340,56.333017,1708,29.39,181.33,73.56,1.0000,0.283334,0.153254,211.38,335.07,0.9898,0.330283,0.698072
1786703702.708558,56.367235,1709,29.39,181.49,73.56,1.0000,0.283573,0.153245,211.36,335.09,0.9899,0.330248,0.698114
1786703702.737273,56.395950,1710,29.39,181.55,73.61,1.0000,0.283677,0.153361,211.34,335.11,0.9897,0.330225,0.698142
1786703702.785912,56.444589,1711,29.39,181.55,73.64,1.0000,0.283669,0.153407,211.41,335.10,0.9897,0.330331,0.698125
1786703702.814236,56.472913,1712,29.39,181.57,73.65,1.0000,0.283701,0.153430,211.45,335.16,0.9897,0.330397,0.698245
1786703702.857028,56.515704,1713,29.39,181.49,73.64,1.0000,0.283574,0.153424,211.51,335.20,0.9896,0.330482,0.698342
1786703702.871280,56.529957,1714,29.39,181.48,73.63,1.0000,0.283566,0.153403,211.59,335.18,0.9894,0.330607,0.698298
1786703702.909631,56.568308,1715,29.39,181.48,73.63,1.0000,0.283560,0.153401,211.61,335.17,0.9895,0.330638,0.698273
1786703702.952223,56.610900,1716,29.39,181.55,73.67,1.0000,0.283668,0.153476,211.63,335.17,0.9896,0.330669,0.698263
1786703702.973284,56.631960,1717,29.39,181.52,73.71,1.0000,0.283619,0.153571,211.63,335.16,0.9895,0.330667,0.698260
1786703703.010776,56.669452,1718,29.39,181.45,73.71,1.0000,0.283511,0.153565,211.62,335.28,0.9895,0.330659,0.698496
1786703703.047319,56.705996,1719,29.39,181.69,73.78,1.0000,0.283896,0.153707,211.61,335.25,0.9892,0.330635,0.698445
1786703703.077042,56.735718,1720,29.39,181.72,73.91,1.0000,0.283939,0.153974,211.62,335.24,0.9891,0.330658,0.698426
1786703703.108096,56.766772,1721,29.39,182.01,74.05,1.0000,0.284387,0.154272,211.65,335.17,0.9891,0.330699,0.698276
1786703703.145994,56.804671,1722,29.87,182.37,74.25,1.0000,0.284953,0.154696,211.73,334.89,0.9890,0.330825,0.697687
1786703703.172808,56.831485,1723,29.87,182.69,74.58,1.0000,0.285451,0.155383,211.68,334.91,0.9890,0.330750,0.697729
1786703703.212154,56.870831,1724,29.87,182.78,74.37,1.0000,0.285598,0.154941,211.75,334.94,0.9888,0.330853,0.697786
1786703703.246698,56.905375,1725,29.87,182.79,74.53,1.0000,0.285603,0.155262,211.74,334.91,0.9888,0.330851,0.697733
1786703703.289519,56.948196,1726,29.87,182.78,74.44,1.0000,0.285599,0.155090,211.72,334.85,0.9887,0.330816,0.697605
1786703703.321085,56.979762,1727,29.87,182.80,74.46,1.0000,0.285624,0.155119,211.72,334.87,0.9888,0.330806,0.697647
1786703703.353098,57.011775,1728,29.87,182.75,74.32,1.0000,0.285543,0.154833,211.71,334.78,0.9887,0.330792,0.697461
1786703703.384424,57.043100,1729,29.87,182.75,74.19,1.0000,0.285553,0.154557,211.68,334.74,0.9888,0.330751,0.697366
1786703703.419199,57.077875,1730,29.87,182.76,74.19,1.0000,0.285566,0.154555,211.69,334.71,0.9888,0.330769,0.697311
1786703703.435237,57.093914,1731,29.87,183.01,74.21,1.0000,0.285961,0.154613,211.70,334.62,0.9889,0.330789,0.697129
1786703703.477806,57.136482,1732,29.87,183.11,74.13,1.0000,0.286106,0.154440,211.71,334.67,0.9889,0.330790,0.697226
1786703703.512775,57.171451,1733,29.87,183.28,74.19,1.0000,0.286383,0.154567,211.73,334.73,0.9888,0.330822,0.697358
1786703703.541125,57.199802,1734,29.87,183.29,74.24,1.0000,0.286390,0.154657,211.72,334.84,0.9887,0.330816,0.697593
1786703703.582515,57.241192,1735,29.87,183.25,74.24,1.0000,0.286325,0.154659,211.72,334.78,0.9888,0.330808,0.697458
1786703703.615674,57.274350,1736,29.87,183.23,74.16,1.0000,0.286301,0.154505,211.71,334.77,0.9889,0.330790,0.697430
1786703703.647744,57.306421,1737,29.87,183.23,74.22,1.0000,0.286300,0.154617,211.75,334.76,0.9888,0.330858,0.697414
1786703703.674269,57.332946,1738,29.87,183.23,73.83,1.0000,0.286299,0.153822,211.76,334.77,0.9888,0.330881,0.697439
1786703703.717654,57.376330,1739,29.87,183.30,73.85,1.0000,0.286410,0.153864,211.81,334.78,0.9886,0.330960,0.697450
1786703703.740573,57.399249,1740,29.87,183.32,73.84,1.0000,0.286441,0.153830,211.83,334.80,0.9886,0.330979,0.697494
1786703703.780240,57.438916,1741,29.87,183.31,73.87,1.0000,0.286429,0.153889,211.75,334.91,0.9886,0.330861,0.697724
1786703703.827491,57.486168,1742,29.87,183.30,73.87,1.0000,0.286401,0.153896,211.79,334.90,0.9887,0.330923,0.697703
1786703703.838239,57.496916,1743,29.87,183.33,73.93,1.0000,0.286460,0.154015,211.76,334.92,0.9887,0.330870,0.697750
1786703703.919130,57.577807,1745,29.87,183.39,73.95,1.0000,0.286547,0.154053,211.76,335.07,0.9887,0.330870,0.698059
1786703703.955068,57.613745,1746,29.87,183.46,73.98,1.0000,0.286655,0.154131,211.79,335.05,0.9887,0.330921,0.698018
1786703703.981468,57.640145,1747,29.87,183.46,73.97,1.0000,0.286664,0.154098,211.77,335.12,0.9886,0.330896,0.698169
1786703704.022146,57.680823,1748,29.87,183.48,73.82,1.0000,0.286685,0.153796,211.84,334.85,0.9885,0.330994,0.697595
1786703704.046634,57.705310,1749,29.87,183.56,73.84,1.0000,0.286819,0.153840,211.80,335.07,0.9886,0.330937,0.698060
1786703704.075995,57.734672,1750,29.87,183.57,73.85,1.0000,0.286828,0.153846,211.82,335.00,0.9886,0.330973,0.697910
1786703704.109878,57.768555,1751,29.87,183.57,73.82,1.0000,0.286825,0.153792,211.78,335.13,0.9887,0.330906,0.698188
1786703704.146365,57.805042,1752,29.87,183.68,73.87,1.0000,0.287002,0.153897,211.77,335.10,0.9887,0.330897,0.698125
1786703704.178575,57.837251,1753,29.57,183.29,73.81,1.0000,0.286393,0.153773,211.79,334.94,0.9887,0.330916,0.697801
1786703704.210283,57.868959,1754,29.57,183.46,73.81,1.0000,0.286658,0.153775,211.79,334.93,0.9889,0.330919,0.697766
1786703704.230803,57.889480,1755,29.57,183.27,73.70,1.0000,0.286365,0.153551,211.86,334.76,0.9890,0.331032,0.697419
1786703704.284326,57.943003,1756,29.57,183.53,73.75,1.0000,0.286772,0.153655,211.84,334.74,0.9889,0.330995,0.697373
1786703704.319169,57.977845,1757,29.57,183.52,73.73,1.0000,0.286745,0.153609,211.83,334.80,0.9888,0.330978,0.697507
1786703704.347845,58.006522,1758,29.57,183.48,73.62,1.0000,0.286684,0.153374,211.87,334.70,0.9889,0.331043,0.697294
1786703704.376876,58.035553,1759,29.57,183.48,73.62,1.0000,0.286686,0.153384,211.86,334.62,0.9889,0.331024,0.697122
1786703704.409763,58.068440,1760,29.57,183.57,73.64,1.0000,0.286821,0.153414,211.73,335.06,0.9888,0.330833,0.698038
1786703704.444234,58.102911,1761,29.57,183.58,73.68,1.0000,0.286847,0.153500,211.73,334.78,0.9888,0.330827,0.697449
1786703704.482882,58.141559,1762,29.57,183.66,73.87,1.0000,0.286972,0.153906,211.74,334.51,0.9888,0.330839,0.696902
1786703704.517856,58.176533,1763,29.57,184.22,74.04,1.0000,0.287849,0.154240,211.77,334.48,0.9888,0.330885,0.696841
1786703704.540880,58.199556,1764,29.57,184.49,74.10,1.0000,0.288269,0.154367,211.69,334.60,0.9887,0.330766,0.697075
1786703704.581797,58.240473,1765,29.57,184.51,74.10,1.0000,0.288304,0.154372,211.66,334.84,0.9885,0.330718,0.697580
1786703704.613070,58.271747,1766,29.57,184.47,74.06,1.0000,0.288227,0.154298,211.68,334.86,0.9884,0.330750,0.697616
1786703704.655693,58.314369,1767,29.57,184.46,73.85,1.0000,0.288212,0.153856,211.71,334.87,0.9882,0.330793,0.697654
1786703704.675407,58.334084,1768,29.56,184.46,73.97,1.0000,0.288212,0.154110,211.73,334.66,0.9882,0.330835,0.697216
1786703704.719833,58.378510,1769,29.56,184.45,73.96,1.0000,0.288209,0.154075,211.73,334.68,0.9881,0.330826,0.697253
1786703704.739990,58.398666,1770,29.56,184.49,73.95,1.0000,0.288265,0.154068,211.73,334.68,0.9879,0.330833,0.697258
1786703704.772050,58.430727,1771,29.56,184.61,74.12,1.0000,0.288453,0.154415,211.69,334.66,0.9877,0.330767,0.697217
1786703704.809326,58.468003,1772,29.56,184.61,74.11,1.0000,0.288456,0.154406,211.68,334.61,0.9877,0.330757,0.697096
1786703704.844116,58.502793,1773,29.56,184.61,74.12,1.0000,0.288455,0.154415,211.65,334.58,0.9877,0.330705,0.697037
1786703704.881796,58.540473,1774,29.56,184.75,74.11,1.0000,0.288670,0.154391,211.63,334.59,0.9877,0.330676,0.697062
1786703704.910702,58.569379,1775,29.56,184.82,73.94,1.0000,0.288789,0.154034,211.52,334.70,0.9880,0.330493,0.697300
1786703704.942144,58.600821,1776,29.56,184.84,73.94,1.0000,0.288809,0.154033,211.52,334.60,0.9881,0.330495,0.697088
1786703704.984739,58.643415,1777,29.56,185.50,73.81,1.0000,0.289849,0.153775,211.54,334.65,0.9880,0.330527,0.697179
1786703705.024528,58.683204,1778,29.56,185.50,73.88,1.0000,0.289842,0.153924,211.55,335.06,0.9882,0.330545,0.698045
1786703705.041771,58.700448,1779,29.56,185.58,73.71,1.0000,0.289975,0.153553,211.54,335.08,0.9882,0.330530,0.698083
1786703705.087651,58.746328,1780,29.56,185.86,73.65,1.0000,0.290407,0.153428,211.51,335.31,0.9882,0.330485,0.698572
1786703705.101196,58.759873,1781,29.56,186.12,73.64,1.0000,0.290817,0.153408,211.49,335.17,0.9883,0.330459,0.698262
1786703705.166140,58.824816,1782,29.56,186.30,73.48,1.0000,0.291099,0.153084,211.50,335.08,0.9883,0.330474,0.698084
1786703705.181786,58.840462,1783,29.60,186.40,73.43,1.0000,0.291245,0.152989,211.51,335.03,0.9881,0.330492,0.697985
1786703705.213984,58.872661,1784,29.60,186.43,73.23,1.0000,0.291300,0.152557,211.62,334.85,0.9878,0.330651,0.697600
1786703705.250357,58.909034,1785,29.60,186.63,73.22,1.0000,0.291610,0.152544,211.67,334.66,0.9878,0.330742,0.697217
1786703705.277727,58.936404,1786,29.60,186.72,73.21,1.0000,0.291756,0.152528,211.68,334.63,0.9878,0.330742,0.697144
1786703705.314139,58.972816,1787,29.60,187.04,73.23,1.0000,0.292251,0.152559,211.70,334.65,0.9878,0.330777,0.697194
1786703705.345891,59.004568,1788,29.60,187.05,73.23,1.0000,0.292259,0.152564,211.70,334.89,0.9878,0.330784,0.697684
1786703705.375468,59.034144,1789,29.60,187.18,73.17,1.0000,0.292473,0.152435,211.75,334.89,0.9880,0.330861,0.697679
1786703705.422088,59.080765,1790,29.60,187.57,73.38,1.0000,0.293076,0.152873,211.79,334.94,0.9879,0.330920,0.697783
1786703705.438009,59.096685,1791,29.60,187.65,73.38,1.0000,0.293201,0.152874,211.79,334.89,0.9880,0.330926,0.697677
1786703705.475023,59.133700,1792,29.60,187.78,73.41,1.0000,0.293402,0.152928,211.79,334.74,0.9880,0.330929,0.697368
1786703705.512071,59.170748,1793,29.60,187.92,73.42,1.0000,0.293629,0.152961,211.73,334.84,0.9880,0.330825,0.697590
1786703705.544197,59.202873,1794,29.60,188.05,73.41,1.0000,0.293828,0.152941,211.71,334.82,0.9880,0.330790,0.697533
1786703705.576623,59.235300,1795,29.60,188.23,73.42,1.0000,0.294105,0.152953,211.73,334.84,0.9878,0.330821,0.697588
1786703705.608750,59.267426,1796,29.60,188.25,73.42,1.0000,0.294134,0.152959,211.63,334.91,0.9879,0.330674,0.697731
1786703705.645983,59.304660,1797,29.60,188.22,73.45,1.0000,0.294101,0.153023,211.73,334.88,0.9878,0.330829,0.697677
1786703705.660501,59.319178,1798,29.60,188.21,73.44,1.0000,0.294074,0.152995,211.74,334.90,0.9879,0.330849,0.697707
1786703705.717334,59.376010,1799,29.75,188.23,73.45,1.0000,0.294110,0.153030,211.78,334.89,0.9879,0.330910,0.697690
1786703705.746903,59.405580,1800,29.75,188.41,73.80,1.0000,0.294392,0.153741,211.82,334.81,0.9879,0.330967,0.697524
1786703705.770380,59.429056,1801,29.75,188.41,73.80,1.0000,0.294398,0.153748,211.82,334.82,0.9878,0.330974,0.697540
1786703705.810581,59.469258,1802,29.75,188.47,73.84,1.0000,0.294485,0.153835,211.79,335.18,0.9877,0.330915,0.698296
1786703705.842262,59.500938,1803,29.75,188.47,73.87,1.0000,0.294484,0.153894,211.80,335.13,0.9877,0.330941,0.698177
1786703705.887236,59.545913,1804,29.75,188.47,73.87,1.0000,0.294488,0.153894,211.80,335.07,0.9878,0.330940,0.698057
1786703705.900119,59.558795,1805,29.75,188.48,73.88,1.0000,0.294495,0.153909,211.75,335.03,0.9880,0.330864,0.697979
1786703705.945851,59.604527,1806,29.75,188.54,73.88,1.0000,0.294597,0.153910,211.76,335.04,0.9878,0.330869,0.698009
1786703705.994481,59.653158,1807,29.75,188.54,73.72,1.0000,0.294591,0.153575,211.79,334.94,0.9879,0.330914,0.697799
1786703706.009609,59.668285,1808,29.75,188.52,73.68,1.0000,0.294557,0.153505,211.80,334.94,0.9880,0.330944,0.697800
1786703706.052738,59.711415,1809,29.75,188.52,73.76,1.0000,0.294558,0.153669,211.83,334.94,0.9880,0.330980,0.697789
1786703706.083909,59.742586,1810,29.75,188.49,73.76,1.0000,0.294512,0.153660,211.72,335.01,0.9881,0.330809,0.697939
1786703706.112811,59.771487,1811,29.75,188.49,73.68,1.0000,0.294512,0.153491,211.70,334.89,0.9882,0.330787,0.697689
1786703706.156131,59.814807,1812,29.75,188.39,73.61,1.0000,0.294363,0.153359,211.63,334.90,0.9884,0.330677,0.697713
1786703706.169462,59.828139,1813,29.75,188.39,73.49,1.0000,0.294363,0.153098,211.57,334.94,0.9884,0.330576,0.697789
1786703706.222579,59.881255,1814,29.73,188.39,73.28,1.0000,0.294357,0.152671,211.57,334.94,0.9884,0.330584,0.697791
1786703706.236907,59.895584,1815,29.73,188.43,73.15,1.0000,0.294429,0.152399,211.53,334.94,0.9885,0.330523,0.697794
1786703706.276245,59.934922,1816,29.73,188.40,73.16,1.0000,0.294374,0.152415,211.51,335.12,0.9885,0.330482,0.698171
1786703706.307833,59.966510,1817,29.73,188.39,73.08,1.0000,0.294355,0.152243,211.50,335.04,0.9886,0.330470,0.698008
1786703706.363021,60.021698,1818,29.73,188.38,73.07,1.0000,0.294350,0.152231,211.49,335.12,0.9886,0.330447,0.698164
1786703706.375443,60.034120,1819,29.73,188.35,73.03,1.0000,0.294297,0.152143,211.54,335.14,0.9885,0.330525,0.698207
1786703706.410787,60.069463,1820,29.73,188.31,73.02,1.0000,0.294236,0.152130,211.54,335.08,0.9886,0.330527,0.698090
1786703706.458156,60.116833,1821,29.73,188.29,73.02,1.0000,0.294200,0.152128,211.53,335.04,0.9888,0.330515,0.698006
1786703706.472420,60.131096,1822,29.73,188.31,73.08,1.0000,0.294237,0.152258,211.52,335.07,0.9886,0.330506,0.698065
1786703706.504585,60.163262,1823,29.73,188.31,73.10,1.0000,0.294236,0.152288,211.53,335.07,0.9882,0.330515,0.698059
1786703706.557750,60.216426,1824,29.73,188.31,73.16,1.0000,0.294234,0.152410,211.53,334.97,0.9881,0.330517,0.697845
1786703706.560364,60.219041,1825,29.73,188.32,73.14,1.0000,0.294248,0.152381,211.54,334.96,0.9880,0.330535,0.697839
1786703706.608084,60.266761,1826,29.73,188.33,73.14,1.0000,0.294262,0.152384,211.60,334.96,0.9879,0.330620,0.697833
1786703706.650867,60.309544,1827,29.73,188.33,73.12,1.0000,0.294260,0.152341,211.62,334.98,0.9878,0.330654,0.697885
1786703706.676577,60.335254,1828,29.73,188.30,73.06,1.0000,0.294223,0.152199,211.61,334.99,0.9877,0.330643,0.697896
1786703706.718769,60.377446,1829,29.73,188.21,73.04,1.0000,0.294073,0.152167,211.58,335.17,0.9878,0.330596,0.698263
1786703706.753182,60.411859,1830,29.82,188.21,73.03,1.0000,0.294073,0.152143,211.62,335.15,0.9878,0.330651,0.698220
1786703706.766753,60.425430,1831,29.82,188.21,73.03,1.0000,0.294072,0.152138,211.65,334.94,0.9880,0.330705,0.697796
1786703706.811808,60.470485,1832,29.82,188.25,73.04,1.0000,0.294146,0.152160,211.66,334.93,0.9879,0.330726,0.697768
1786703706.841203,60.499880,1833,29.82,188.26,73.02,1.0000,0.294149,0.152133,211.66,334.94,0.9879,0.330721,0.697790
1786703706.894870,60.553546,1834,29.82,188.31,73.05,1.0000,0.294240,0.152188,211.69,334.88,0.9879,0.330762,0.697665
1786703706.910612,60.569288,1835,29.82,188.34,73.06,1.0000,0.294279,0.152201,211.73,334.75,0.9881,0.330822,0.697404
1786703706.942269,60.600946,1836,29.82,188.34,73.05,1.0000,0.294286,0.152194,211.67,334.76,0.9883,0.330738,0.697415
1786703706.985502,60.644178,1837,29.82,188.36,73.02,1.0000,0.294313,0.152132,211.68,334.80,0.9879,0.330747,0.697504
1786703707.011089,60.669766,1838,29.82,188.40,73.07,1.0000,0.294376,0.152233,211.68,334.80,0.9878,0.330752,0.697510
1786703707.042988,60.701665,1839,29.82,188.40,73.06,1.0000,0.294369,0.152219,211.68,334.80,0.9878,0.330752,0.697507
1786703707.091122,60.749799,1840,29.82,188.39,73.20,1.0000,0.294366,0.152500,211.68,334.78,0.9880,0.330752,0.697465
1786703707.113819,60.772496,1841,29.82,188.39,73.20,1.0000,0.294363,0.152508,211.68,334.73,0.9879,0.330755,0.697352
1786703707.138977,60.797653,1842,29.82,188.36,73.19,1.0000,0.294305,0.152470,211.67,334.81,0.9881,0.330741,0.697520
1786703707.194800,60.853477,1843,29.82,188.35,73.16,1.0000,0.294295,0.152410,211.67,334.83,0.9882,0.330728,0.697567
1786703707.211401,60.870078,1844,29.82,188.36,73.10,1.0000,0.294310,0.152292,211.66,334.83,0.9881,0.330723,0.697568
1786703707.250134,60.908810,1845,29.82,188.37,73.02,1.0000,0.294322,0.152121,211.65,334.89,0.9879,0.330711,0.697677
1786703707.272937,60.931614,1846,30.09,188.37,73.02,1.0000,0.294326,0.152128,211.66,334.89,0.9878,0.330720,0.697690
1786703707.306424,60.965101,1847,30.09,188.36,72.97,1.0000,0.294314,0.152027,211.67,334.94,0.9878,0.330727,0.697783
1786703707.357590,61.016267,1848,30.09,188.34,73.26,1.0000,0.294274,0.152621,211.65,335.33,0.9880,0.330695,0.698606
1786703707.380463,61.039139,1849,30.09,188.31,73.22,1.0000,0.294235,0.152541,211.65,335.14,0.9878,0.330703,0.698217
1786703707.408237,61.066913,1850,30.09,188.25,73.23,1.0000,0.294142,0.152571,211.67,334.61,0.9880,0.330732,0.697100
1786703707.449795,61.108472,1851,30.09,188.24,73.10,1.0000,0.294121,0.152299,211.62,334.68,0.9878,0.330656,0.697251
1786703707.481419,61.140095,1852,30.09,188.23,73.11,1.0000,0.294103,0.152309,211.59,334.74,0.9880,0.330608,0.697366
1786703707.521739,61.180415,1853,30.09,188.22,73.12,1.0000,0.294101,0.152326,211.57,334.74,0.9880,0.330578,0.697367
1786703707.536045,61.194722,1854,30.09,188.16,73.04,1.0000,0.293997,0.152161,211.58,334.70,0.9880,0.330600,0.697289
1786703707.584998,61.243675,1855,30.09,188.12,72.96,1.0000,0.293938,0.151997,211.62,334.67,0.9880,0.330660,0.697229
1786703707.606775,61.265451,1856,30.09,188.14,72.92,1.0000,0.293966,0.151916,211.65,334.58,0.9879,0.330696,0.697039
1786703707.645721,61.304398,1857,30.09,188.15,72.89,1.0000,0.293989,0.151864,211.62,334.55,0.9882,0.330658,0.696972
1786703707.683192,61.341869,1858,30.09,188.16,72.89,1.0000,0.293995,0.151862,211.59,334.97,0.9882,0.330613,0.697864
1786703707.747742,61.406419,1860,30.09,188.12,72.86,1.0000,0.293936,0.151801,211.60,334.96,0.9882,0.330630,0.697830
1786703707.779743,61.438420,1861,29.53,188.07,73.04,1.0000,0.293860,0.152171,211.62,334.71,0.9882,0.330655,0.697319
1786703707.814468,61.473144,1862,29.53,188.05,73.27,1.0000,0.293833,0.152639,211.66,334.65,0.9882,0.330716,0.697190
1786703707.840014,61.498690,1863,29.53,188.05,73.27,1.0000,0.293831,0.152654,211.73,334.63,0.9882,0.330828,0.697142
1786703707.893043,61.551719,1864,29.53,187.99,73.28,1.0000,0.293728,0.152672,211.76,334.64,0.9882,0.330876,0.697162
1786703707.910388,61.569064,1865,29.53,187.97,73.35,1.0000,0.293705,0.152815,211.67,334.70,0.9883,0.330731,0.697287
1786703707.943187,61.601864,1866,29.53,187.91,73.39,1.0000,0.293609,0.152906,211.66,334.73,0.9884,0.330724,0.697347
1786703707.982336,61.641013,1867,29.53,187.91,73.60,1.0000,0.293604,0.153328,211.65,334.79,0.9885,0.330699,0.697486
1786703708.013702,61.672379,1868,29.53,187.63,73.60,1.0000,0.293174,0.153327,211.65,334.71,0.9885,0.330706,0.697308
1786703708.050120,61.708797,1869,29.53,187.60,73.70,1.0000,0.293130,0.153541,211.62,334.75,0.9886,0.330658,0.697388
1786703708.085138,61.743814,1870,29.53,187.59,73.73,1.0000,0.293111,0.153607,211.56,335.05,0.9887,0.330569,0.698018
1786703708.114360,61.773036,1871,29.53,187.61,73.77,1.0000,0.293143,0.153689,211.56,334.98,0.9887,0.330567,0.697881
1786703708.146215,61.804892,1872,29.53,187.61,73.83,1.0000,0.293139,0.153809,211.56,335.12,0.9887,0.330560,0.698177
1786703708.175301,61.833978,1873,29.53,187.61,73.91,1.0000,0.293139,0.153979,211.64,335.05,0.9886,0.330683,0.698020
1786703708.209128,61.867804,1874,29.53,187.61,73.89,1.0000,0.293137,0.153946,211.64,334.88,0.9888,0.330681,0.697670
1786703708.238048,61.896724,1875,29.53,187.61,73.93,1.0000,0.293143,0.154021,211.61,334.94,0.9888,0.330647,0.697794
1786703708.281471,61.940148,1876,29.61,187.62,73.96,1.0000,0.293149,0.154085,211.58,335.07,0.9888,0.330601,0.698071
1786703708.313006,61.971683,1877,29.61,187.61,73.95,1.0000,0.293146,0.154068,211.63,334.79,0.9887,0.330666,0.697482
1786703708.350170,62.008847,1878,29.61,187.60,73.96,1.0000,0.293119,0.154085,211.62,334.76,0.9885,0.330663,0.697421
1786703708.378985,62.037662,1879,29.61,187.53,73.93,1.0000,0.293017,0.154030,211.69,334.81,0.9885,0.330758,0.697519
1786703708.408584,62.067260,1880,29.61,187.53,73.97,1.0000,0.293018,0.154098,211.67,335.06,0.9883,0.330739,0.698050
1786703708.446225,62.104902,1881,29.61,187.42,73.97,1.0000,0.292849,0.154107,211.69,334.96,0.9883,0.330768,0.697828
1786703708.472460,62.131137,1882,29.61,187.48,73.97,1.0000,0.292944,0.154111,211.65,335.02,0.9884,0.330697,0.697968
1786703708.525350,62.184027,1883,29.61,187.48,73.99,1.0000,0.292942,0.154140,211.54,335.07,0.9883,0.330528,0.698072
1786703708.549386,62.208063,1884,29.61,187.52,73.89,1.0000,0.293001,0.153932,211.55,334.97,0.9882,0.330547,0.697852
1786703708.578603,62.237279,1885,29.61,187.57,73.89,1.0000,0.293071,0.153936,211.56,334.95,0.9880,0.330570,0.697802
1786703708.618058,62.276735,1886,29.61,187.62,73.84,1.0000,0.293164,0.153827,211.56,334.96,0.9880,0.330558,0.697831
1786703708.648261,62.306937,1887,29.61,187.63,73.84,1.0000,0.293178,0.153844,211.59,334.96,0.9878,0.330610,0.697837
1786703708.677539,62.336215,1888,29.61,187.65,73.90,1.0000,0.293200,0.153955,211.69,334.78,0.9879,0.330770,0.697457
1786703708.720136,62.378813,1889,29.61,187.72,73.87,1.0000,0.293312,0.153905,211.72,334.79,0.9878,0.330817,0.697474
1786703708.736001,62.394677,1890,29.61,187.79,73.87,1.0000,0.293419,0.153899,211.65,335.03,0.9875,0.330706,0.697985
1786703708.781672,62.440349,1891,29.61,187.82,73.93,1.0000,0.293475,0.154026,211.66,335.07,0.9874,0.330720,0.698065
1786703708.815761,62.474437,1892,29.72,187.84,73.93,1.0000,0.293504,0.154011,211.65,335.07,0.9875,0.330697,0.698062
1786703708.831420,62.490097,1893,29.72,187.86,73.87,1.0000,0.293530,0.153902,211.67,335.06,0.9876,0.330732,0.698049
1786703708.870961,62.529637,1894,29.72,187.87,73.74,1.0000,0.293546,0.153629,211.71,335.09,0.9874,0.330792,0.698111
1786703708.919094,62.577770,1895,29.72,187.87,73.86,1.0000,0.293543,0.153883,211.64,335.20,0.9875,0.330684,0.698340
1786703708.943297,62.601974,1896,29.72,187.87,73.82,1.0000,0.293545,0.153794,211.63,335.24,0.9876,0.330669,0.698408
1786703708.979077,62.637753,1897,29.72,187.94,73.74,1.0000,0.293661,0.153635,211.64,335.22,0.9876,0.330695,0.698376
1786703709.019443,62.678120,1898,29.72,188.10,73.74,1.0000,0.293899,0.153626,211.71,335.20,0.9876,0.330797,0.698339
1786703709.051946,62.710623,1899,29.72,187.98,73.74,1.0000,0.293725,0.153621,211.73,335.23,0.9876,0.330832,0.698386
1786703709.075945,62.734622,1900,29.72,187.98,73.74,1.0000,0.293721,0.153635,211.78,335.11,0.9876,0.330900,0.698144
1786703709.110497,62.769173,1901,29.72,188.08,73.73,1.0000,0.293868,0.153596,211.76,335.16,0.9877,0.330868,0.698250
1786703709.139898,62.798574,1902,29.72,188.17,73.73,1.0000,0.294013,0.153614,211.77,335.15,0.9877,0.330883,0.698228
1786703709.174487,62.833164,1903,29.72,188.05,73.74,1.0000,0.293825,0.153622,211.79,334.94,0.9878,0.330923,0.697793
1786703709.227396,62.886072,1904,29.72,188.05,73.74,1.0000,0.293827,0.153618,211.77,334.99,0.9879,0.330896,0.697891
1786703709.229988,62.888665,1905,29.72,187.97,73.75,1.0000,0.293701,0.153646,211.79,334.97,0.9878,0.330918,0.697847
1786703709.290736,62.949413,1906,29.72,187.91,73.80,1.0000,0.293615,0.153754,211.82,334.92,0.9877,0.330961,0.697740
1786703709.316755,62.975432,1907,29.77,187.90,73.81,1.0000,0.293597,0.153766,211.87,334.64,0.9880,0.331051,0.697160
1786703709.356763,63.015440,1908,29.77,187.87,73.81,1.0000,0.293550,0.153780,211.92,334.36,0.9881,0.331130,0.696587
1786703709.372653,63.031329,1909,29.77,187.97,73.82,1.0000,0.293697,0.153782,211.74,334.62,0.9882,0.330851,0.697120
1786703709.420211,63.078887,1910,29.77,187.94,73.82,1.0000,0.293658,0.153784,211.68,334.76,0.9882,0.330752,0.697422
1786703709.454496,63.113173,1911,29.77,187.82,73.81,1.0000,0.293470,0.153777,211.74,334.91,0.9880,0.330843,0.697720
1786703709.467692,63.126369,1912,29.77,187.71,73.71,1.0000,0.293302,0.153569,211.71,334.96,0.9881,0.330801,0.697834
1786703709.507201,63.165877,1913,29.77,187.65,73.65,1.0000,0.293204,0.153429,211.75,334.95,0.9880,0.330858,0.697811
1786703709.547421,63.206098,1914,29.77,187.64,73.53,1.0000,0.293194,0.153195,211.79,334.95,0.9878,0.330927,0.697816
1786703709.584108,63.242785,1915,29.77,187.34,73.54,1.0000,0.292725,0.153204,211.92,334.93,0.9876,0.331129,0.697761
1786703709.594857,63.253534,1916,29.77,187.29,73.75,1.0000,0.292633,0.153640,211.95,334.90,0.9874,0.331167,0.697702
1786703709.651987,63.310664,1917,29.77,187.17,73.61,1.0000,0.292458,0.153362,212.01,334.93,0.9870,0.331271,0.697777
1786703709.673437,63.332113,1918,29.77,187.17,73.61,1.0000,0.292457,0.153361,212.01,334.96,0.9871,0.331260,0.697836
1786703709.719503,63.378180,1919,29.77,186.97,73.91,1.0000,0.292141,0.153972,212.01,334.78,0.9871,0.331266,0.697467
1786703709.761167,63.419844,1920,29.77,186.97,73.79,1.0000,0.292139,0.153735,212.00,334.65,0.9872,0.331250,0.697184
1786703709.769125,63.427801,1921,29.77,186.94,73.84,1.0000,0.292099,0.153840,211.98,334.65,0.9872,0.331213,0.697182
1786703709.834899,63.493576,1922,29.54,186.75,73.86,1.0000,0.291793,0.153867,211.97,334.52,0.9873,0.331199,0.696918
1786703709.849609,63.508286,1923,29.54,186.67,73.86,1.0000,0.291665,0.153869,211.97,334.51,0.9873,0.331199,0.696905
1786703709.886791,63.545467,1924,29.54,186.58,73.67,1.0000,0.291529,0.153478,211.93,334.50,0.9874,0.331144,0.696882
1786703709.897253,63.555930,1925,29.54,186.53,73.51,1.0000,0.291445,0.153141,211.90,334.54,0.9873,0.331099,0.696961
1786703709.953277,63.611953,1926,29.54,186.52,73.57,1.0000,0.291439,0.153272,211.89,334.63,0.9873,0.331083,0.697152
1786703709.982087,63.640764,1927,29.54,186.51,73.55,1.0000,0.291417,0.153220,211.92,334.64,0.9874,0.331117,0.697158
1786703710.016764,63.675440,1928,29.54,186.26,73.49,1.0000,0.291024,0.153097,211.84,334.95,0.9873,0.331003,0.697804
1786703710.050971,63.709647,1929,29.54,186.21,73.41,1.0000,0.290957,0.152927,211.86,334.91,0.9872,0.331029,0.697734
1786703710.083148,63.741824,1930,29.54,186.17,73.40,1.0000,0.290893,0.152926,211.86,334.87,0.9871,0.331033,0.697655
1786703710.117704,63.776381,1931,29.54,186.16,73.35,1.0000,0.290873,0.152813,211.86,334.94,0.9870,0.331028,0.697802
1786703710.149361,63.808038,1932,29.54,186.22,73.27,1.0000,0.290964,0.152639,211.86,334.97,0.9869,0.331036,0.697845
1786703710.173387,63.832064,1933,29.54,186.06,73.14,1.0000,0.290719,0.152371,211.88,335.00,0.9868,0.331067,0.697916
1786703710.216271,63.874947,1934,29.54,186.29,73.11,1.0000,0.291085,0.152318,211.84,335.05,0.9868,0.330995,0.698014
1786703710.253368,63.912044,1935,29.54,186.29,73.13,1.0000,0.291083,0.152359,211.85,335.01,0.9866,0.331021,0.697942
1786703710.293972,63.952648,1936,29.54,186.30,73.09,1.0000,0.291093,0.152261,211.88,334.88,0.9865,0.331065,0.697661
1786703710.314707,63.973384,1937,29.54,186.44,73.08,1.0000,0.291305,0.152260,211.89,334.96,0.9865,0.331079,0.697830
1786703710.327741,63.986418,1938,29.95,186.46,73.09,1.0000,0.291337,0.152263,211.86,334.87,0.9866,0.331030,0.697652
1786703710.384469,64.043146,1939,29.95,186.45,72.72,1.0000,0.291325,0.151491,211.91,334.87,0.9867,0.331104,0.697656
1786703710.411765,64.070441,1940,29.95,186.45,72.89,1.0000,0.291329,0.151850,211.91,334.87,0.9868,0.331105,0.697653
1786703710.450088,64.108765,1941,29.95,186.42,72.89,1.0000,0.291278,0.151850,211.89,334.87,0.9866,0.331074,0.697644
1786703710.487694,64.146370,1942,29.95,186.43,72.89,1.0000,0.291289,0.151844,211.86,334.76,0.9867,0.331031,0.697407
1786703710.506549,64.165226,1943,29.95,186.53,73.07,1.0000,0.291456,0.152234,211.86,334.66,0.9867,0.331039,0.697217
1786703710.548626,64.207303,1944,29.95,186.64,73.07,1.0000,0.291625,0.152235,211.86,334.73,0.9867,0.331031,0.697354
1786703710.592316,64.250993,1945,29.95,186.91,73.01,1.0000,0.292046,0.152105,211.85,334.85,0.9868,0.331012,0.697598
1786703710.618326,64.277003,1946,29.95,186.87,73.02,1.0000,0.291982,0.152119,211.88,334.90,0.9866,0.331067,0.697704
1786703710.630680,64.289357,1947,29.95,186.76,72.99,1.0000,0.291813,0.152066,211.85,334.95,0.9866,0.331014,0.697822
1786703710.670617,64.329294,1948,29.95,186.64,73.15,1.0000,0.291632,0.152392,211.85,334.94,0.9866,0.331014,0.697791
1786703710.707548,64.366225,1949,29.95,186.85,73.24,1.0000,0.291949,0.152576,211.77,334.93,0.9867,0.330894,0.697771
1786703710.764170,64.422846,1950,29.95,187.25,73.38,1.0000,0.292571,0.152874,211.79,334.88,0.9869,0.330915,0.697673
1786703710.787922,64.446599,1951,29.95,187.22,73.34,1.0000,0.292537,0.152794,211.75,335.11,0.9872,0.330863,0.698145
1786703710.806860,64.465536,1952,29.95,187.36,73.32,1.0000,0.292746,0.152751,211.77,335.03,0.9871,0.330896,0.697989
1786703710.844486,64.503163,1953,29.95,187.39,73.43,1.0000,0.292789,0.152973,211.75,335.04,0.9871,0.330855,0.698004
1786703710.878413,64.537090,1954,29.95,187.75,73.46,1.0000,0.293367,0.153049,211.73,335.10,0.9872,0.330824,0.698116
1786703710.909996,64.568672,1955,29.95,187.69,73.47,1.0000,0.293269,0.153067,211.80,335.00,0.9873,0.330940,0.697926
1786703710.944535,64.603212,1956,29.95,187.34,73.48,1.0000,0.292726,0.153082,211.83,335.01,0.9875,0.330985,0.697938
1786703710.980490,64.639166,1957,29.95,187.22,73.59,1.0000,0.292527,0.153305,211.83,334.78,0.9876,0.330991,0.697468
1786703711.003238,64.661915,1958,29.95,187.19,73.58,1.0000,0.292485,0.153284,211.81,334.88,0.9878,0.330946,0.697663
1786703711.054932,64.713609,1959,29.95,187.19,73.85,1.0000,0.292488,0.153846,211.80,334.68,0.9877,0.330933,0.697253
1786703711.086076,64.744753,1960,29.95,187.17,73.90,1.0000,0.292456,0.153950,211.80,334.68,0.9879,0.330935,0.697255
1786703711.118028,64.776705,1961,29.95,187.16,73.97,1.0000,0.292445,0.154106,211.79,334.49,0.9880,0.330928,0.696855
1786703711.152191,64.810868,1962,29.95,187.13,73.96,1.0000,0.292384,0.154073,211.76,334.49,0.9882,0.330876,0.696864
1786703711.178637,64.837314,1963,29.95,187.18,73.96,1.0000,0.292469,0.154076,211.75,334.45,0.9880,0.330862,0.696779
1786703711.210459,64.869135,1964,29.95,187.15,73.97,1.0000,0.292425,0.154098,211.75,334.69,0.9881,0.330860,0.697261
1786703711.245261,64.903937,1965,29.95,187.00,73.96,1.0000,0.292190,0.154094,211.73,334.55,0.9882,0.330832,0.696980
1786703711.274557,64.933234,1966,29.95,187.02,73.98,1.0000,0.292226,0.154125,211.72,334.69,0.9883,0.330812,0.697275
1786703711.313582,64.972259,1967,29.95,187.02,73.96,1.0000,0.292220,0.154082,211.69,334.60,0.9884,0.330769,0.697078
1786703711.345234,65.003911,1968,29.93,187.10,73.96,1.0000,0.292349,0.154087,211.71,334.50,0.9885,0.330798,0.696885
1786703711.395600,65.054277,1969,29.93,187.10,74.00,1.0000,0.292340,0.154174,211.71,334.34,0.9885,0.330804,0.696552
1786703711.408952,65.067629,1970,29.93,187.08,74.06,1.0000,0.292314,0.154294,211.71,334.34,0.9885,0.330802,0.696537
1786703711.454248,65.112924,1971,29.93,187.00,74.08,1.0000,0.292194,0.154339,211.73,334.36,0.9885,0.330832,0.696585
1786703711.489194,65.147871,1972,29.93,187.00,74.25,1.0000,0.292188,0.154678,211.76,334.09,0.9885,0.330874,0.696021
1786703711.505239,65.163916,1973,29.93,187.00,74.37,1.0000,0.292187,0.154946,211.75,334.07,0.9885,0.330865,0.695971
1786703711.566861,65.225538,1974,29.93,186.90,74.30,1.0000,0.292031,0.154785,211.65,334.03,0.9886,0.330709,0.695904
1786703711.579393,65.238069,1975,29.93,186.87,74.30,1.0000,0.291990,0.154785,211.65,334.04,0.9886,0.330705,0.695910
1786703711.614484,65.273160,1976,29.93,186.87,74.29,1.0000,0.291987,0.154773,211.63,334.11,0.9884,0.330668,0.696054
1786703711.660070,65.318747,1977,29.93,186.89,74.29,1.0000,0.292010,0.154778,211.62,334.59,0.9880,0.330659,0.697064
1786703711.681870,65.340547,1978,29.93,186.90,74.23,1.0000,0.292025,0.154647,211.57,334.62,0.9881,0.330580,0.697118
1786703711.697401,65.356077,1979,29.93,186.89,74.18,1.0000,0.292022,0.154549,211.56,334.61,0.9878,0.330563,0.697104
1786703711.745682,65.404358,1980,29.93,186.89,74.08,1.0000,0.292017,0.154324,211.49,334.70,0.9877,0.330445,0.697283
1786703711.780151,65.438828,1981,29.93,186.97,73.90,1.0000,0.292147,0.153961,211.48,334.69,0.9875,0.330445,0.697278
1786703711.793399,65.452076,1982,29.93,186.98,73.73,1.0000,0.292155,0.153611,211.63,334.43,0.9876,0.330666,0.696737
1786703711.849570,65.508247,1983,29.93,187.03,73.26,1.0000,0.292232,0.152635,211.69,334.47,0.9877,0.330773,0.696821
1786703711.875705,65.534381,1984,29.97,187.03,73.25,1.0000,0.292233,0.152603,211.70,334.49,0.9875,0.330778,0.696861
1786703711.907443,65.566120,1985,29.97,187.08,73.27,1.0000,0.292313,0.152654,211.70,334.74,0.9875,0.330776,0.697376
1786703711.946609,65.605286,1986,29.97,187.05,73.07,1.0000,0.292268,0.152229,211.67,334.87,0.9873,0.330736,0.697642
1786703711.975736,65.634413,1987,29.97,187.06,73.06,1.0000,0.292283,0.152215,211.69,334.90,0.9872,0.330761,0.697706
1786703712.016709,65.675385,1988,29.97,187.04,73.05,1.0000,0.292247,0.152194,211.72,334.89,0.9872,0.330816,0.697695
1786703712.043562,65.702239,1989,29.97,186.99,72.98,1.0000,0.292170,0.152042,211.75,334.91,0.9870,0.330857,0.697739
1786703712.081935,65.740612,1990,29.97,186.97,72.76,1.0000,0.292140,0.151587,211.75,334.93,0.9868,0.330866,0.697763
1786703712.095242,65.753919,1991,29.97,186.97,72.73,1.0000,0.292136,0.151527,211.67,335.13,0.9867,0.330734,0.698188
1786703712.142667,65.801343,1992,29.97,186.96,72.73,1.0000,0.292118,0.151530,211.67,335.21,0.9866,0.330734,0.698360
1786703712.182818,65.841495,1993,29.97,187.02,72.74,1.0000,0.292218,0.151533,211.64,335.19,0.9867,0.330687,0.698305
1786703712.214568,65.873244,1994,29.97,186.89,72.74,1.0000,0.292020,0.151550,211.61,335.29,0.9868,0.330645,0.698530
1786703712.241316,65.899993,1995,29.97,186.92,72.92,1.0000,0.292064,0.151918,211.59,335.42,0.9866,0.330613,0.698799
1786703712.280602,65.939278,1996,29.97,186.94,72.94,1.0000,0.292093,0.151967,211.58,335.29,0.9868,0.330593,0.698516
1786703712.314949,65.973626,1997,29.97,187.04,72.84,1.0000,0.292243,0.151750,211.54,335.21,0.9872,0.330528,0.698360
1786703712.341435,66.000111,1998,29.97,187.15,72.84,1.0000,0.292419,0.151748,211.57,335.21,0.9873,0.330584,0.698353
1786703712.402641,66.061317,1999,29.67,187.35,72.86,1.0000,0.292740,0.151799,211.63,335.21,0.9874,0.330673,0.698346
1786703712.417699,66.076376,2000,29.67,187.38,73.03,1.0000,0.292775,0.152149,211.53,335.38,0.9874,0.330522,0.698700
1786703712.440348,66.099024,2001,29.67,187.44,73.06,1.0000,0.292870,0.152216,211.55,335.27,0.9871,0.330542,0.698479
1786703712.485670,66.144347,2002,29.67,187.51,73.24,1.0000,0.292978,0.152577,211.45,335.28,0.9871,0.330387,0.698502
1786703712.519712,66.178388,2003,29.67,187.43,73.06,1.0000,0.292854,0.152218,211.51,334.86,0.9871,0.330482,0.697626
1786703712.551156,66.209833,2004,29.67,187.43,73.07,1.0000,0.292852,0.152219,211.48,335.08,0.9872,0.330442,0.698089
1786703712.585812,66.244489,2005,29.67,187.42,72.99,1.0000,0.292845,0.152059,211.64,334.77,0.9872,0.330693,0.697438
1786703712.614985,66.273662,2006,29.67,187.41,73.00,1.0000,0.292824,0.152084,211.64,335.07,0.9872,0.330687,0.698069
1786703712.632362,66.291039,2007,29.67,187.45,73.00,1.0000,0.292897,0.152078,211.59,334.91,0.9872,0.330604,0.697724
1786703712.691668,66.350344,2008,29.67,187.50,72.92,1.0000,0.292961,0.151911,211.67,334.23,0.9875,0.330730,0.696316
1786703712.723840,66.382516,2009,29.67,187.53,72.82,1.0000,0.293023,0.151713,211.59,334.48,0.9875,0.330611,0.696829
1786703712.750370,66.409047,2010,29.67,187.57,72.89,1.0000,0.293077,0.151849,211.60,334.42,0.9874,0.330618,0.696700
1786703712.785571,66.444248,2011,29.67,187.60,72.89,1.0000,0.293118,0.151864,211.77,334.54,0.9871,0.330890,0.696958
1786703712.811399,66.470076,2012,29.67,187.64,72.90,1.0000,0.293182,0.151871,211.78,334.64,0.9870,0.330911,0.697175
1786703712.851768,66.510445,2013,29.67,187.87,72.85,1.0000,0.293540,0.151781,211.78,334.41,0.9870,0.330909,0.696693
1786703712.891588,66.550265,2014,29.67,187.89,72.83,1.0000,0.293572,0.151719,211.88,334.28,0.9870,0.331069,0.696418
1786703712.906070,66.564747,2015,30.04,187.98,72.71,1.0000,0.293716,0.151481,211.89,334.42,0.9869,0.331073,0.696699
1786703712.952743,66.611420,2016,30.04,187.97,72.43,1.0000,0.293708,0.150903,211.78,334.45,0.9871,0.330899,0.696776
1786703712.967890,66.626567,2017,30.04,187.93,72.32,1.0000,0.293633,0.150668,211.79,334.32,0.9872,0.330917,0.696490
1786703713.017230,66.675907,2018,30.04,188.24,72.32,1.0000,0.294128,0.150667,211.78,334.31,0.9871,0.330908,0.696473
1786703713.032844,66.691521,2019,30.04,188.28,72.32,1.0000,0.294195,0.150668,211.78,334.30,0.9873,0.330914,0.696468
1786703713.083191,66.741868,2020,30.04,188.21,72.27,1.0000,0.294078,0.150556,211.70,334.47,0.9874,0.330785,0.696822
1786703713.115345,66.774021,2021,30.04,188.22,72.29,1.0000,0.294097,0.150613,211.75,334.45,0.9875,0.330857,0.696766
1786703713.144307,66.802984,2022,30.04,188.23,72.37,1.0000,0.294103,0.150768,211.73,334.50,0.9874,0.330823,0.696875
1786703713.192273,66.850950,2023,30.04,188.22,72.35,1.0000,0.294096,0.150733,211.69,334.65,0.9875,0.330763,0.697193
1786703713.205730,66.864406,2024,30.04,188.21,72.40,0.9999,0.294076,0.150831,211.72,334.43,0.9875,0.330812,0.696740
1786703713.253734,66.912410,2025,30.04,188.13,72.42,0.9999,0.293958,0.150879,211.70,334.53,0.9875,0.330776,0.696940
1786703713.273774,66.932451,2026,30.04,188.12,72.46,0.9999,0.293934,0.150967,211.67,334.68,0.9874,0.330735,0.697241
1786703713.319333,66.978010,2027,30.04,188.13,72.48,0.9999,0.293950,0.150996,211.65,334.64,0.9875,0.330704,0.697162
1786703713.333282,66.991959,2028,30.04,188.13,72.58,0.9999,0.293951,0.151205,211.66,334.88,0.9876,0.330711,0.697673
1786703713.391431,67.050108,2029,30.04,188.19,72.54,0.9999,0.294039,0.151126,211.55,334.89,0.9875,0.330547,0.697687
1786703713.417734,67.076411,2030,29.94,188.34,72.54,0.9999,0.294278,0.151127,211.59,334.58,0.9877,0.330615,0.697035
1786703713.461151,67.119827,2031,29.94,188.46,72.81,1.0000,0.294468,0.151681,211.50,335.30,0.9879,0.330469,0.698549
1786703713.476873,67.135549,2032,29.94,188.52,72.80,1.0000,0.294559,0.151659,211.50,335.30,0.9878,0.330467,0.698538
1786703713.508564,67.167241,2033,29.94,188.60,72.90,1.0000,0.294682,0.151872,211.46,335.50,0.9880,0.330401,0.698962
1786703713.543223,67.201900,2034,29.94,188.68,72.91,1.0000,0.294816,0.151903,211.46,335.48,0.9880,0.330413,0.698916
1786703713.580677,67.239354,2035,29.94,188.83,72.97,1.0000,0.295054,0.152020,211.46,335.42,0.9878,0.330401,0.698800
1786703713.615427,67.274103,2036,29.94,189.02,72.92,1.0000,0.295351,0.151918,211.46,335.39,0.9877,0.330399,0.698732
1786703713.646641,67.305317,2037,29.94,189.06,73.00,1.0000,0.295406,0.152093,211.45,335.39,0.9878,0.330395,0.698730
1786703713.678810,67.337487,2038,29.94,189.15,73.00,1.0000,0.295544,0.152088,211.43,335.33,0.9878,0.330366,0.698607
1786703713.709709,67.368386,2039,29.94,189.18,73.00,1.0000,0.295594,0.152091,211.43,335.03,0.9877,0.330356,0.697984
1786703713.755185,67.413862,2040,29.94,189.17,73.31,1.0000,0.295572,0.152731,211.39,335.20,0.9878,0.330301,0.698339
1786703713.779086,67.437763,2041,29.94,189.13,73.31,1.0000,0.295519,0.152731,211.40,335.00,0.9879,0.330312,0.697924
1786703713.815784,67.474460,2042,29.94,189.21,73.66,1.0000,0.295640,0.153461,211.41,334.96,0.9880,0.330321,0.697835
1786703713.844785,67.503462,2043,29.94,189.23,73.65,1.0000,0.295672,0.153443,211.41,334.94,0.9881,0.330322,0.697794
1786703713.879467,67.538144,2044,29.94,189.23,73.65,1.0000,0.295674,0.153444,211.51,334.98,0.9881,0.330480,0.697868
1786703713.914989,67.573665,2045,29.94,189.25,73.74,1.0000,0.295705,0.153619,211.51,335.03,0.9881,0.330485,0.697982
1786703713.946638,67.605314,2046,30.02,189.36,73.58,1.0000,0.295870,0.153296,211.51,335.03,0.9881,0.330488,0.697984
1786703713.975713,67.634390,2047,30.02,189.34,73.58,1.0000,0.295846,0.153293,211.50,335.09,0.9879,0.330468,0.698097
1786703714.021471,67.680148,2048,30.02,189.62,73.53,1.0000,0.296283,0.153191,211.58,334.70,0.9880,0.330586,0.697286
1786703714.037021,67.695698,2049,30.02,189.62,73.58,1.0000,0.296278,0.153300,211.56,334.79,0.9879,0.330564,0.697474
1786703714.091265,67.749942,2050,30.02,189.53,73.59,1.0000,0.296141,0.153303,211.64,334.59,0.9878,0.330693,0.697072
1786703714.146487,67.805163,2051,30.02,189.62,73.53,1.0000,0.296274,0.153185,211.54,334.61,0.9877,0.330526,0.697099
1786703714.173261,67.831938,2053,30.02,189.54,73.50,1.0000,0.296155,0.153129,211.58,334.44,0.9879,0.330594,0.696749
1786703714.220230,67.878906,2054,30.02,189.44,73.42,1.0000,0.296005,0.152964,211.54,334.47,0.9881,0.330539,0.696822
1786703714.243409,67.902086,2055,30.02,189.38,73.39,1.0000,0.295906,0.152899,211.62,334.40,0.9882,0.330650,0.696673
1786703714.280532,67.939209,2056,30.02,189.39,73.43,1.0000,0.295915,0.152976,211.58,334.90,0.9882,0.330598,0.697701
1786703714.315305,67.973981,2057,30.02,189.38,73.10,1.0000,0.295910,0.152293,211.59,334.85,0.9884,0.330611,0.697597
1786703714.342405,68.001082,2058,30.02,189.38,73.09,1.0000,0.295914,0.152269,211.73,334.73,0.9883,0.330826,0.697348
1786703714.381444,68.040121,2059,30.02,189.38,73.47,1.0000,0.295908,0.153054,211.71,335.07,0.9883,0.330798,0.698066
1786703714.413024,68.071701,2060,30.02,189.38,73.38,1.0000,0.295909,0.152871,211.71,334.74,0.9885,0.330796,0.697370
1786703714.449639,68.108315,2061,30.02,189.38,73.35,1.0000,0.295913,0.152822,211.69,334.85,0.9885,0.330766,0.697604
1786703714.475278,68.133955,2062,29.67,189.38,73.34,1.0000,0.295909,0.152786,211.68,335.01,0.9885,0.330742,0.697943
1786703714.517736,68.176413,2063,29.67,189.35,73.31,1.0000,0.295857,0.152734,211.68,335.01,0.9884,0.330742,0.697930
1786703714.543876,68.202552,2064,29.67,189.35,73.30,1.0000,0.295856,0.152701,211.67,335.10,0.9884,0.330737,0.698117
1786703714.581379,68.240055,2065,29.67,189.35,73.37,1.0000,0.295852,0.152858,211.60,335.00,0.9884,0.330628,0.697907
1786703714.610664,68.269341,2066,29.67,189.27,73.41,1.0000,0.295734,0.152928,211.59,334.95,0.9885,0.330617,0.697814
1786703714.638771,68.297448,2067,29.67,189.12,73.80,1.0000,0.295498,0.153744,211.59,334.91,0.9885,0.330605,0.697722
1786703714.665021,68.323698,2068,29.67,189.11,73.79,1.0000,0.295491,0.153739,211.58,335.02,0.9885,0.330586,0.697958
1786703714.708131,68.366807,2069,29.67,189.13,73.74,1.0000,0.295520,0.153635,211.56,335.12,0.9885,0.330562,0.698159
1786703714.740198,68.398875,2070,29.67,189.09,73.68,1.0000,0.295447,0.153502,211.56,335.12,0.9885,0.330557,0.698166
1786703714.761331,68.420008,2071,29.67,189.09,73.79,1.0000,0.295446,0.153724,211.56,335.12,0.9883,0.330561,0.698167
1786703714.801439,68.460116,2072,29.67,189.08,73.74,1.0000,0.295440,0.153628,211.48,335.13,0.9883,0.330438,0.698194
1786703714.830455,68.489131,2073,29.67,189.09,73.74,1.0000,0.295446,0.153620,211.48,335.40,0.9883,0.330443,0.698746
1786703714.867349,68.526026,2074,29.67,189.13,73.66,1.0000,0.295514,0.153458,211.49,335.27,0.9882,0.330447,0.698480
1786703714.909686,68.568362,2075,29.67,189.09,73.67,1.0000,0.295446,0.153473,211.48,335.17,0.9883,0.330433,0.698281
1786703714.951257,68.609934,2076,29.67,189.14,73.69,1.0000,0.295535,0.153529,211.46,335.19,0.9883,0.330404,0.698318
1786703714.975785,68.634462,2077,29.71,189.14,73.69,1.0000,0.295534,0.153527,211.48,335.04,0.9883,0.330432,0.697995
1786703715.010289,68.668965,2078,29.71,189.12,73.54,1.0000,0.295508,0.153215,211.48,334.96,0.9884,0.330444,0.697832
1786703715.062517,68.721193,2079,29.71,189.13,73.58,1.0000,0.295509,0.153297,211.46,335.04,0.9883,0.330412,0.698002
1786703715.077163,68.735839,2080,29.71,189.14,73.89,1.0000,0.295533,0.153937,211.44,335.28,0.9883,0.330381,0.698502
1786703715.136238,68.794915,2081,29.71,189.22,73.96,1.0000,0.295650,0.154078,211.44,335.33,0.9882,0.330378,0.698599
1786703715.157171,68.815848,2082,29.71,189.30,73.91,1.0000,0.295779,0.153986,211.47,334.63,0.9882,0.330426,0.697138
1786703715.188612,68.847289,2083,29.71,189.51,74.14,1.0000,0.296102,0.154468,211.48,334.65,0.9880,0.330441,0.697186
1786703715.217179,68.875855,2084,29.71,189.66,74.44,1.0000,0.296340,0.155083,211.54,334.68,0.9877,0.330527,0.697240
1786703715.249022,68.907699,2085,29.71,189.66,74.45,1.0000,0.296350,0.155106,211.46,335.03,0.9876,0.330408,0.697976
1786703715.266659,68.925336,2086,29.71,189.73,74.45,1.0000,0.296455,0.155104,211.47,335.02,0.9877,0.330428,0.697956
1786703715.328079,68.986756,2087,29.71,190.02,74.45,1.0000,0.296912,0.155102,211.54,334.98,0.9876,0.330533,0.697874
1786703715.344033,69.002710,2088,29.71,190.15,74.15,1.0000,0.297112,0.154485,211.58,334.99,0.9874,0.330595,0.697901
1786703715.404764,69.063440,2089,29.71,190.18,74.16,1.0000,0.297160,0.154502,211.61,334.99,0.9873,0.330643,0.697894
1786703715.416264,69.074940,2090,29.71,190.19,74.10,1.0000,0.297171,0.154385,211.58,335.07,0.9875,0.330596,0.698057
1786703715.452166,69.110842,2091,29.71,190.18,74.00,1.0000,0.297149,0.154168,211.59,335.09,0.9875,0.330607,0.698100
1786703715.499837,69.158514,2092,29.52,190.23,74.00,1.0000,0.297229,0.154164,211.56,335.06,0.9874,0.330570,0.698046
1786703715.514237,69.172913,2093,29.52,190.23,74.25,1.0000,0.297227,0.154689,211.57,335.03,0.9874,0.330571,0.697988
1786703715.530527,69.189203,2094,29.52,190.22,74.49,1.0000,0.297217,0.155181,211.55,335.03,0.9873,0.330552,0.697985
1786703715.568310,69.226987,2095,29.52,190.17,74.09,1.0000,0.297148,0.154360,211.54,334.92,0.9876,0.330536,0.697745
1786703715.615340,69.274017,2096,29.52,190.18,73.95,1.0000,0.297149,0.154068,211.53,334.93,0.9877,0.330515,0.697778
1786703715.643971,69.302648,2097,29.52,190.19,74.27,1.0000,0.297165,0.154724,211.51,334.96,0.9876,0.330486,0.697836
1786703715.675397,69.334074,2098,29.52,190.18,74.08,1.0000,0.297160,0.154334,211.51,334.99,0.9877,0.330488,0.697899
1786703715.715052,69.373729,2099,29.52,190.22,73.68,1.0000,0.297216,0.153510,211.57,334.81,0.9876,0.330579,0.697523
1786703715.738291,69.396968,2100,29.52,190.27,73.89,1.0000,0.297290,0.153928,211.55,334.81,0.9877,0.330545,0.697520
1786703715.775460,69.434137,2101,29.52,190.16,74.28,1.0000,0.297132,0.154741,211.56,334.85,0.9879,0.330566,0.697603
1786703715.810001,69.468677,2102,29.52,190.07,74.14,1.0000,0.296992,0.154448,211.55,334.61,0.9879,0.330546,0.697108
1786703715.844680,69.503357,2103,29.52,190.20,74.14,1.0000,0.297192,0.154453,211.51,334.61,0.9879,0.330485,0.697108
1786703715.882463,69.541139,2104,29.52,190.19,74.30,1.0000,0.297171,0.154784,211.48,334.94,0.9880,0.330437,0.697789
1786703715.908410,69.567086,2105,29.52,190.08,74.34,1.0000,0.297001,0.154873,211.44,334.94,0.9878,0.330381,0.697801
1786703715.941011,69.599688,2106,29.52,190.08,74.53,1.0000,0.297001,0.155273,211.47,334.77,0.9877,0.330416,0.697447
1786703715.992203,69.650880,2107,29.52,190.09,74.49,1.0000,0.297013,0.155188,211.57,334.75,0.9881,0.330572,0.697399
1786703716.013598,69.672275,2108,29.85,190.08,74.43,1.0000,0.297002,0.155054,211.56,334.73,0.9879,0.330560,0.697364
1786703716.055828,69.714504,2109,29.85,190.10,74.36,1.0000,0.297036,0.154913,211.59,334.72,0.9882,0.330606,0.697338
1786703716.085051,69.743728,2110,29.85,190.11,74.35,1.0000,0.297053,0.154902,211.59,334.54,0.9882,0.330616,0.696951
1786703716.115460,69.774137,2111,29.85,190.12,74.42,1.0000,0.297064,0.155033,211.60,334.54,0.9883,0.330619,0.696961
1786703716.150329,69.809006,2112,29.85,190.12,74.33,1.0000,0.297064,0.154849,211.61,334.55,0.9884,0.330639,0.696986
1786703716.187948,69.846625,2113,29.85,190.12,74.33,1.0000,0.297059,0.154861,211.58,334.49,0.9885,0.330596,0.696865
1786703716.205206,69.863882,2114,29.85,190.12,74.39,1.0000,0.297067,0.154973,211.49,334.85,0.9885,0.330455,0.697594
1786703716.265085,69.923762,2115,29.85,190.12,74.61,1.0000,0.297067,0.155430,211.49,334.82,0.9882,0.330460,0.697534
1786703716.267709,69.926386,2116,29.85,190.14,74.42,1.0000,0.297087,0.155043,211.57,334.64,0.9883,0.330571,0.697158
1786703716.313569,69.972245,2117,29.85,190.14,74.53,1.0000,0.297090,0.155274,211.56,334.75,0.9885,0.330567,0.697400
1786703716.347116,70.005792,2118,29.85,190.14,74.27,1.0000,0.297090,0.154731,211.56,334.69,0.9886,0.330558,0.697275
1786703716.394636,70.053313,2119,29.85,190.11,74.29,1.0000,0.297050,0.154764,211.56,334.68,0.9887,0.330556,0.697259
1786703716.433322,70.091999,2120,29.85,190.27,74.45,1.0000,0.297300,0.155094,211.52,334.68,0.9887,0.330505,0.697260
1786703716.449018,70.107694,2121,29.85,190.31,74.55,1.0000,0.297365,0.155306,211.55,334.73,0.9887,0.330547,0.697363
1786703716.475419,70.134095,2122,29.85,190.42,74.55,1.0000,0.297525,0.155310,211.56,334.64,0.9887,0.330565,0.697171
1786703716.509733,70.168410,2123,29.85,190.36,74.35,1.0000,0.297434,0.154890,211.56,334.66,0.9888,0.330559,0.697198
1786703716.546891,70.205568,2124,29.89,190.50,74.35,1.0000,0.297657,0.154906,211.56,334.67,0.9887,0.330557,0.697233
1786703716.564141,70.222818,2125,29.89,190.52,74.48,1.0000,0.297682,0.155168,211.55,334.76,0.9887,0.330540,0.697409
1786703716.618017,70.276694,2126,29.89,190.62,74.75,1.0000,0.297851,0.155723,211.63,334.55,0.9887,0.330678,0.696977
1786703716.647119,70.305796,2127,29.89,190.63,74.75,1.0000,0.297867,0.155724,211.63,334.58,0.9887,0.330679,0.697043
1786703716.704997,70.363674,2128,29.89,190.70,74.81,1.0000,0.297969,0.155851,211.61,334.69,0.9885,0.330634,0.697280
1786703716.717913,70.376590,2129,29.89,190.88,74.81,1.0000,0.298246,0.155848,211.62,334.43,0.9885,0.330658,0.696726
1786703716.746431,70.405108,2130,29.89,190.88,74.86,1.0000,0.298251,0.155963,211.61,334.70,0.9884,0.330634,0.697296
1786703716.790696,70.449373,2131,29.89,191.06,74.87,1.0000,0.298539,0.155972,211.60,334.97,0.9884,0.330626,0.697849
1786703716.817468,70.476145,2132,29.89,190.99,75.02,1.0000,0.298418,0.156284,211.56,334.98,0.9885,0.330568,0.697883
1786703716.843787,70.502464,2133,29.89,190.94,75.16,1.0000,0.298350,0.156580,211.57,334.78,0.9884,0.330576,0.697468
1786703716.891566,70.550242,2134,29.89,190.95,75.20,1.0000,0.298361,0.156667,211.56,334.89,0.9884,0.330561,0.697686
1786703716.907206,70.565882,2135,29.89,190.81,75.02,1.0000,0.298141,0.156295,211.57,334.92,0.9885,0.330577,0.697756
1786703716.951686,70.610363,2136,29.89,190.82,75.04,1.0000,0.298162,0.156339,211.58,334.86,0.9885,0.330588,0.697621
1786703716.978312,70.636989,2137,29.89,190.82,75.13,1.0000,0.298158,0.156520,211.54,334.87,0.9884,0.330531,0.697653
1786703717.009909,70.668586,2138,29.89,190.82,75.13,1.0000,0.298150,0.156515,211.56,334.86,0.9884,0.330566,0.697626
1786703717.046896,70.705573,2139,29.89,190.80,75.00,1.0000,0.298130,0.156253,211.58,334.93,0.9885,0.330593,0.697766
1786703717.084001,70.742677,2140,29.87,190.80,75.00,1.0000,0.298122,0.156253,211.54,335.14,0.9885,0.330535,0.698200
1786703717.105843,70.764519,2141,29.87,190.84,75.01,1.0000,0.298187,0.156279,211.55,335.14,0.9885,0.330541,0.698205
1786703717.143303,70.801980,2142,29.87,190.83,74.99,1.0000,0.298173,0.156230,211.57,335.02,0.9884,0.330571,0.697955
1786703717.179283,70.837959,2143,29.87,190.87,75.04,1.0000,0.298233,0.156327,211.59,335.01,0.9886,0.330605,0.697938
1786703717.216559,70.875236,2144,29.87,190.78,75.04,1.0000,0.298090,0.156334,211.60,334.95,0.9885,0.330618,0.697818
1786703717.250762,70.909439,2145,29.87,190.85,75.04,1.0000,0.298205,0.156334,211.62,334.92,0.9885,0.330651,0.697744
1786703717.279387,70.938064,2146,29.87,190.84,75.04,1.0000,0.298185,0.156336,211.62,334.92,0.9886,0.330651,0.697758
1786703717.309293,70.967969,2147,29.87,190.81,75.05,1.0000,0.298147,0.156345,211.52,334.98,0.9884,0.330499,0.697878
1786703717.350480,71.009157,2148,29.87,190.76,75.04,1.0000,0.298059,0.156343,211.53,335.00,0.9884,0.330512,0.697922
1786703717.378280,71.036956,2149,29.87,190.74,75.05,1.0000,0.298038,0.156345,211.51,335.02,0.9883,0.330481,0.697956
1786703717.419339,71.078016,2150,29.87,190.74,75.05,1.0000,0.298034,0.156357,211.52,334.91,0.9883,0.330492,0.697731
1786703717.448515,71.107192,2151,29.87,190.75,75.05,1.0000,0.298041,0.156358,211.53,334.83,0.9884,0.330510,0.697571
1786703717.487849,71.146526,2152,29.87,190.76,75.03,1.0000,0.298058,0.156312,211.52,334.84,0.9884,0.330501,0.697589
1786703717.522033,71.180710,2153,29.87,190.77,75.04,1.0000,0.298074,0.156332,211.53,334.87,0.9884,0.330520,0.697653
1786703717.545686,71.204362,2154,29.87,190.75,75.00,1.0000,0.298051,0.156257,211.53,334.88,0.9884,0.330522,0.697674
1786703717.586651,71.245328,2155,29.87,190.92,75.00,1.0000,0.298305,0.156257,211.57,334.90,0.9883,0.330580,0.697704
1786703717.631633,71.290309,2156,29.72,190.92,74.98,1.0000,0.298314,0.156202,211.53,335.02,0.9883,0.330518,0.697952
1786703717.646349,71.305026,2157,29.72,190.95,74.97,1.0000,0.298356,0.156197,211.53,334.99,0.9883,0.330518,0.697892
1786703717.677727,71.336403,2158,29.72,190.95,75.00,1.0000,0.298358,0.156251,211.52,335.00,0.9881,0.330500,0.697912
1786703717.710073,71.368749,2159,29.72,191.20,75.02,1.0000,0.298743,0.156290,211.55,334.93,0.9879,0.330546,0.697769
1786703717.752378,71.411055,2160,29.72,191.42,75.13,1.0000,0.299089,0.156519,211.59,334.96,0.9880,0.330607,0.697829
1786703717.778001,71.436678,2161,29.72,191.46,75.13,1.0000,0.299154,0.156520,211.57,335.04,0.9880,0.330574,0.698002
1786703717.797274,71.455951,2162,29.72,191.37,75.17,1.0000,0.299009,0.156612,211.59,335.02,0.9880,0.330607,0.697963
1786703717.861724,71.520401,2163,29.72,191.47,75.17,1.0000,0.299165,0.156604,211.59,335.03,0.9878,0.330617,0.697982
1786703717.878768,71.537445,2164,29.72,191.48,75.05,1.0000,0.299190,0.156344,211.61,334.50,0.9876,0.330634,0.696883
1786703717.915382,71.574059,2165,29.72,191.59,75.05,1.0000,0.299360,0.156345,211.62,334.54,0.9876,0.330653,0.696958
1786703717.977793,71.636469,2166,29.72,191.48,74.99,1.0000,0.299181,0.156222,211.71,334.28,0.9876,0.330796,0.696421
1786703717.980401,71.639078,2167,29.72,191.48,74.98,1.0000,0.299192,0.156218,211.70,334.25,0.9876,0.330788,0.696354
1786703717.999047,71.657723,2168,29.72,191.59,74.96,1.0000,0.299360,0.156169,211.71,334.18,0.9876,0.330790,0.696207
1786703718.046506,71.705183,2169,29.72,191.59,74.97,1.0000,0.299360,0.156177,211.68,334.25,0.9876,0.330750,0.696364
1786703718.095261,71.753938,2170,29.72,191.70,74.97,1.0000,0.299535,0.156180,211.70,334.05,0.9874,0.330785,0.695936
1786703718.131975,71.790652,2171,29.72,191.70,74.97,1.0000,0.299535,0.156183,211.66,334.19,0.9875,0.330720,0.696222
1786703718.145169,71.803845,2172,29.93,191.78,75.13,1.0000,0.299664,0.156516,211.68,334.23,0.9875,0.330752,0.696316
1786703718.179801,71.838477,2173,29.93,191.72,75.02,1.0000,0.299569,0.156302,211.70,334.28,0.9877,0.330784,0.696425
1786703718.227220,71.885897,2174,29.93,191.79,75.16,1.0000,0.299665,0.156577,211.82,334.24,0.9876,0.330971,0.696335
1786703718.253288,71.911964,2175,29.93,191.78,75.10,1.0000,0.299656,0.156456,211.81,334.49,0.9876,0.330951,0.696854
1786703718.287630,71.946307,2176,29.93,191.78,75.10,1.0000,0.299657,0.156463,211.77,334.70,0.9877,0.330884,0.697296
1786703718.301227,71.959904,2177,29.93,191.79,74.98,1.0000,0.299673,0.156199,211.76,334.74,0.9877,0.330877,0.697372
1786703718.359206,72.017883,2178,29.93,191.77,74.98,1.0000,0.299637,0.156217,211.74,334.69,0.9878,0.330851,0.697268
1786703718.382710,72.041387,2179,29.93,191.82,74.98,1.0000,0.299722,0.156217,211.73,334.74,0.9879,0.330824,0.697367
1786703718.424348,72.083025,2180,29.93,191.83,74.92,1.0000,0.299730,0.156074,211.70,334.79,0.9876,0.330774,0.697486
1786703718.445827,72.104503,2181,29.93,191.89,74.89,1.0000,0.299828,0.156026,211.68,334.78,0.9876,0.330756,0.697448
1786703718.474281,72.132958,2182,29.93,191.92,74.86,1.0000,0.299876,0.155963,211.70,334.82,0.9874,0.330782,0.697544
1786703718.509535,72.168212,2183,29.93,192.08,74.86,1.0000,0.300121,0.155969,211.69,334.86,0.9877,0.330768,0.697624
1786703718.549094,72.207771,2184,29.93,192.15,74.86,1.0000,0.300234,0.155969,211.69,334.75,0.9877,0.330773,0.697398
1786703718.586681,72.245358,2185,29.93,192.29,74.87,1.0000,0.300455,0.155974,211.67,334.88,0.9873,0.330728,0.697661
1786703718.601342,72.260019,2186,29.93,192.32,74.81,1.0000,0.300502,0.155847,211.68,334.55,0.9875,0.330746,0.696972
1786703718.644944,72.303621,2187,29.93,192.32,74.98,1.0000,0.300505,0.156216,211.64,334.77,0.9876,0.330691,0.697434
1786703718.682424,72.341101,2188,29.98,192.33,75.00,1.0000,0.300508,0.156254,211.66,334.85,0.9876,0.330719,0.697599
1786703718.718909,72.377585,2189,29.98,192.33,75.11,1.0000,0.300510,0.156475,211.65,334.84,0.9878,0.330708,0.697585
1786703718.756023,72.414700,2190,29.98,192.33,75.05,1.0000,0.300512,0.156362,211.66,334.84,0.9877,0.330720,0.697579
1786703718.774621,72.433298,2191,29.98,192.39,75.05,1.0000,0.300608,0.156364,211.65,334.79,0.9877,0.330706,0.697486
1786703718.811457,72.470134,2192,29.98,192.52,75.08,1.0000,0.300819,0.156422,211.69,334.71,0.9877,0.330769,0.697321
1786703718.843049,72.501726,2193,29.98,192.69,75.02,1.0000,0.301083,0.156300,211.68,334.70,0.9880,0.330745,0.697300
1786703718.875144,72.533821,2194,29.98,192.80,75.02,1.0000,0.301252,0.156300,211.64,334.74,0.9880,0.330692,0.697385
1786703718.919793,72.578470,2195,29.98,192.94,75.03,1.0000,0.301461,0.156322,211.70,334.57,0.9880,0.330781,0.697028
1786703718.940657,72.599334,2196,29.98,192.94,75.03,1.0000,0.301464,0.156308,211.62,334.72,0.9880,0.330656,0.697324
1786703718.975474,72.634150,2197,29.98,193.15,75.07,1.0000,0.301799,0.156386,211.62,334.64,0.9881,0.330664,0.697157
1786703719.012244,72.670920,2198,29.98,193.01,74.86,1.0000,0.301575,0.155966,211.65,334.68,0.9881,0.330703,0.697247
1786703719.059566,72.718243,2199,29.98,193.11,74.86,1.0000,0.301735,0.155963,211.64,334.54,0.9882,0.330685,0.696949
1786703719.075673,72.734349,2200,29.98,193.32,74.88,1.0000,0.302056,0.156009,211.65,334.38,0.9884,0.330704,0.696626
1786703719.110136,72.768813,2201,29.98,193.32,74.86,1.0000,0.302058,0.155951,211.65,334.36,0.9884,0.330697,0.696579
1786703719.157991,72.816668,2202,29.98,193.35,74.84,1.0000,0.302114,0.155920,211.61,334.61,0.9883,0.330639,0.697098
1786703719.173281,72.831958,2203,29.98,193.36,74.84,1.0000,0.302118,0.155920,211.62,334.60,0.9883,0.330650,0.697087
1786703719.205516,72.864193,2204,30.11,193.52,74.95,1.0000,0.302380,0.156145,211.67,334.58,0.9881,0.330733,0.697037
1786703719.256529,72.915206,2205,30.11,193.58,75.06,1.0000,0.302468,0.156382,211.66,334.60,0.9880,0.330716,0.697085
1786703719.276029,72.934706,2206,30.11,193.60,75.02,1.0000,0.302500,0.156282,211.65,334.60,0.9880,0.330710,0.697081
1786703719.309275,72.967952,2207,30.11,193.75,75.11,1.0000,0.302731,0.156474,211.68,334.59,0.9881,0.330752,0.697068
1786703719.357518,73.016195,2208,30.11,193.75,74.93,1.0000,0.302734,0.156108,211.75,334.39,0.9881,0.330858,0.696642
1786703719.383246,73.041923,2209,30.11,193.77,74.96,1.0000,0.302772,0.156162,211.75,334.42,0.9880,0.330853,0.696712
1786703719.404456,73.063133,2210,30.11,193.78,74.95,1.0000,0.302787,0.156144,211.74,334.43,0.9880,0.330849,0.696721
1786703719.448744,73.107420,2211,30.11,194.01,74.97,1.0000,0.303145,0.156192,211.75,334.43,0.9881,0.330860,0.696721
1786703719.485744,73.144420,2212,30.11,194.02,74.91,1.0000,0.303159,0.156063,211.73,334.67,0.9879,0.330822,0.697234
1786703719.524707,73.183383,2213,30.11,194.19,75.08,1.0000,0.303426,0.156426,211.71,334.65,0.9880,0.330799,0.697193
1786703719.555757,73.214433,2214,30.11,194.23,74.87,1.0000,0.303479,0.155982,211.77,334.62,0.9880,0.330886,0.697123
1786703719.568741,73.227417,2215,30.11,194.43,74.81,1.0000,0.303795,0.155859,211.78,334.55,0.9882,0.330905,0.696988
1786703719.624733,73.283410,2216,30.11,194.48,74.51,1.0000,0.303870,0.155238,211.69,335.22,0.9880,0.330768,0.698376
1786703719.648872,73.307549,2217,30.11,194.61,74.51,1.0000,0.304081,0.155238,211.72,335.22,0.9880,0.330816,0.698372
1786703719.688509,73.347186,2218,30.11,194.70,74.52,1.0000,0.304212,0.155241,211.70,335.20,0.9879,0.330785,0.698335
1786703719.702336,73.361013,2219,30.05,194.72,74.09,1.0000,0.304243,0.154363,211.73,335.17,0.9880,0.330823,0.698270
1786703719.743259,73.401936,2220,30.05,194.76,74.15,1.0000,0.304316,0.154484,211.75,335.07,0.9879,0.330857,0.698066
1786703719.777813,73.436489,2221,30.05,194.81,74.16,1.0000,0.304396,0.154491,211.75,334.98,0.9879,0.330862,0.697885
1786703719.811941,73.470617,2222,30.05,194.87,73.94,1.0000,0.304481,0.154038,211.76,334.96,0.9880,0.330878,0.697840
1786703719.848078,73.506754,2223,30.05,194.75,73.95,1.0000,0.304302,0.154072,211.86,334.64,0.9881,0.331026,0.697172
1786703719.879912,73.538589,2224,30.05,194.80,73.90,1.0000,0.304373,0.153968,211.88,334.77,0.9881,0.331065,0.697444
1786703719.914972,73.573648,2225,30.05,194.71,73.92,1.0000,0.304227,0.154010,211.88,334.70,0.9879,0.331067,0.697289
1786703719.948167,73.606843,2226,30.05,194.71,73.91,1.0000,0.304229,0.153981,211.89,334.65,0.9879,0.331082,0.697195
1786703719.987695,73.646371,2227,30.05,194.68,73.91,1.0000,0.304193,0.153985,211.89,334.73,0.9881,0.331081,0.697360
1786703720.016407,73.675083,2228,30.05,194.62,73.94,1.0000,0.304097,0.154050,211.87,334.77,0.9881,0.331051,0.697438
1786703720.043099,73.701775,2229,30.05,194.59,74.01,1.0000,0.304053,0.154191,211.90,334.54,0.9882,0.331089,0.696961
1786703720.077968,73.736645,2230,30.05,194.60,74.01,1.0000,0.304067,0.154193,211.88,334.22,0.9880,0.331069,0.696297
1786703720.109975,73.768652,2231,30.05,194.60,74.00,1.0000,0.304065,0.154170,211.89,334.19,0.9881,0.331084,0.696221
1786703720.147019,73.805695,2232,30.05,194.54,74.11,1.0000,0.303967,0.154387,211.90,334.26,0.9882,0.331087,0.696373
1786703720.175398,73.834075,2233,30.05,194.38,74.11,1.0000,0.303716,0.154393,211.90,334.26,0.9883,0.331087,0.696367
1786703720.213269,73.871945,2234,29.99,194.34,74.11,1.0000,0.303663,0.154396,211.89,334.29,0.9883,0.331084,0.696428
1786703720.248445,73.907122,2235,29.99,194.35,74.13,1.0000,0.303672,0.154436,211.85,334.29,0.9885,0.331018,0.696438
1786703720.283762,73.942438,2236,29.99,194.10,74.14,1.0000,0.303287,0.154454,211.78,334.44,0.9884,0.330900,0.696760
1786703720.301861,73.960537,2237,29.99,194.08,74.27,1.0000,0.303252,0.154723,211.76,334.40,0.9883,0.330882,0.696657
1786703720.345081,74.003757,2238,29.99,194.08,74.49,1.0000,0.303256,0.155187,211.73,334.42,0.9882,0.330826,0.696713
1786703720.378789,74.037466,2239,29.99,194.10,74.50,1.0000,0.303285,0.155208,211.74,334.40,0.9882,0.330842,0.696668
1786703720.414044,74.072721,2240,29.99,194.14,74.54,1.0000,0.303347,0.155298,211.75,334.35,0.9881,0.330854,0.696570
1786703720.444514,74.103190,2241,29.99,194.14,74.53,1.0000,0.303349,0.155266,211.75,334.34,0.9878,0.330853,0.696541
1786703720.477871,74.136548,2242,29.99,193.93,73.89,1.0000,0.303009,0.153932,211.77,334.46,0.9878,0.330886,0.696796
1786703720.538644,74.197321,2244,29.99,193.50,73.62,1.0000,0.302338,0.153377,211.75,334.46,0.9879,0.330867,0.696796
1786703720.578748,74.237425,2245,29.99,193.39,73.49,1.0000,0.302175,0.153100,211.78,334.54,0.9878,0.330906,0.696956
1786703720.611156,74.269832,2246,29.99,193.37,73.84,1.0000,0.302144,0.153832,211.79,334.53,0.9877,0.330922,0.696946
1786703720.643040,74.301717,2247,29.99,193.37,73.76,1.0000,0.302138,0.153658,211.78,334.49,0.9876,0.330907,0.696864
1786703720.679654,74.338331,2248,29.99,193.37,73.92,1.0000,0.302140,0.153992,211.77,334.54,0.9876,0.330893,0.696953
1786703720.711443,74.370119,2249,29.99,193.37,73.85,1.0000,0.302142,0.153852,211.71,334.62,0.9874,0.330799,0.697131
1786703720.742927,74.401603,2250,29.66,193.41,73.92,1.0000,0.302202,0.153996,211.71,334.62,0.9874,0.330790,0.697132
1786703720.775191,74.433868,2251,29.66,193.41,73.85,1.0000,0.302210,0.153859,211.70,334.63,0.9873,0.330784,0.697135
1786703720.812246,74.470923,2252,29.66,193.46,73.90,1.0000,0.302286,0.153961,211.75,334.55,0.9872,0.330866,0.696973
1786703720.843508,74.502185,2253,29.66,193.45,73.94,1.0000,0.302270,0.154033,211.74,334.53,0.9872,0.330846,0.696941
1786703720.881431,74.540107,2254,29.66,193.57,74.17,1.0000,0.302454,0.154527,211.77,334.42,0.9874,0.330890,0.696711
1786703720.903656,74.562333,2255,29.66,193.55,74.17,1.0000,0.302427,0.154517,211.74,334.48,0.9874,0.330851,0.696841
1786703720.947433,74.606110,2256,29.66,193.48,74.15,1.0000,0.302307,0.154480,211.78,334.33,0.9876,0.330907,0.696514
1786703720.987601,74.646277,2257,29.66,193.49,73.92,1.0000,0.302335,0.153992,211.78,334.38,0.9877,0.330908,0.696633
1786703721.013918,74.672595,2258,29.66,193.53,74.03,1.0000,0.302393,0.154238,211.87,334.33,0.9878,0.331040,0.696518
1786703721.042482,74.701158,2259,29.66,193.55,74.00,1.0000,0.302417,0.154163,211.96,334.31,0.9879,0.331190,0.696482
1786703721.093550,74.752227,2260,29.66,193.55,74.01,1.0000,0.302420,0.154190,211.91,334.30,0.9879,0.331116,0.696467
1786703721.118058,74.776735,2261,29.66,193.52,73.79,1.0000,0.302370,0.153738,211.91,334.32,0.9879,0.331111,0.696496
1786703721.143888,74.802564,2262,29.66,193.52,73.73,1.0000,0.302370,0.153595,211.91,334.50,0.9880,0.331110,0.696884
1786703721.186102,74.844778,2263,29.66,193.66,73.74,1.0000,0.302593,0.153622,211.89,334.54,0.9880,0.331079,0.696955
1786703721.212405,74.871081,2264,29.66,193.67,73.75,1.0000,0.302602,0.153638,211.89,334.57,0.9880,0.331073,0.697025
1786703721.247449,74.906125,2265,29.66,193.69,73.75,1.0000,0.302636,0.153638,211.83,334.62,0.9880,0.330985,0.697118
1786703721.285427,74.944104,2266,29.62,193.91,73.85,1.0000,0.302977,0.153853,211.82,334.72,0.9879,0.330967,0.697337
1786703721.314542,74.973219,2267,29.62,193.95,73.75,1.0000,0.303041,0.153651,211.88,334.72,0.9881,0.331057,0.697325
1786703721.330563,74.989239,2268,29.62,193.96,74.00,1.0000,0.303068,0.154156,211.87,334.77,0.9883,0.331040,0.697445
1786703721.381068,75.039745,2269,29.62,194.41,74.31,1.0000,0.303758,0.154810,211.84,334.99,0.9879,0.331006,0.697903
1786703721.412905,75.071582,2270,29.62,194.40,74.37,1.0000,0.303756,0.154942,211.85,334.95,0.9878,0.331023,0.697812
1786703721.453071,75.111748,2271,29.62,194.60,74.48,1.0000,0.304067,0.155156,211.88,334.91,0.9876,0.331070,0.697725
1786703721.484500,75.143177,2272,29.62,194.71,74.55,1.0000,0.304242,0.155319,211.87,335.04,0.9875,0.331040,0.698005
1786703721.513236,75.171913,2273,29.62,194.78,74.55,1.0000,0.304343,0.155318,211.86,335.08,0.9875,0.331027,0.698087
1786703721.539527,75.198204,2274,29.62,195.25,74.55,1.0000,0.305082,0.155317,211.92,335.03,0.9873,0.331119,0.697983
1786703721.579607,75.238284,2275,29.62,195.29,74.26,1.0000,0.305142,0.154712,211.91,335.01,0.9872,0.331117,0.697936
1786703721.608243,75.266920,2276,29.62,195.29,74.26,1.0000,0.305139,0.154717,211.89,335.01,0.9874,0.331074,0.697944
1786703721.636678,75.295355,2277,29.62,195.39,74.29,1.0000,0.305298,0.154774,211.92,334.96,0.9875,0.331118,0.697824
1786703721.688924,75.347600,2278,29.62,195.61,74.49,1.0000,0.305642,0.155193,211.83,334.96,0.9874,0.330988,0.697830
1786703721.712734,75.371411,2279,29.62,195.61,74.28,1.0000,0.305645,0.154755,211.81,335.09,0.9874,0.330957,0.698112
1786703721.743676,75.402352,2280,29.62,195.66,74.25,1.0000,0.305717,0.154697,211.83,335.10,0.9873,0.330989,0.698131
1786703721.807373,75.466050,2281,29.43,195.66,74.35,1.0000,0.305725,0.154891,211.75,335.17,0.9873,0.330863,0.698274
1786703721.822414,75.481091,2282,29.43,195.69,74.35,1.0000,0.305761,0.154898,211.74,335.18,0.9875,0.330849,0.698286
1786703721.848147,75.506824,2283,29.43,195.70,74.31,1.0000,0.305774,0.154822,211.74,335.16,0.9877,0.330848,0.698249
1786703721.872464,75.531140,2284,29.43,195.76,74.20,1.0000,0.305874,0.154580,211.75,335.10,0.9879,0.330853,0.698135
1786703721.912506,75.571183,2285,29.43,195.76,74.20,1.0000,0.305875,0.154583,211.69,335.23,0.9876,0.330765,0.698389
1786703721.955540,75.614217,2286,29.43,195.73,74.12,1.0000,0.305828,0.154408,211.63,335.26,0.9877,0.330670,0.698454
1786703721.971827,75.630504,2287,29.43,195.89,74.09,1.0000,0.306078,0.154349,211.62,335.27,0.9877,0.330654,0.698473
1786703722.006149,75.664825,2288,29.43,196.01,74.12,1.0000,0.306263,0.154421,211.62,335.14,0.9879,0.330652,0.698210
1786703722.053559,75.712235,2289,29.43,196.08,74.19,1.0000,0.306369,0.154572,211.52,335.39,0.9878,0.330503,0.698731
1786703722.080310,75.738987,2290,29.43,196.07,74.22,1.0000,0.306362,0.154631,211.52,335.31,0.9875,0.330500,0.698558
1786703722.110142,75.768819,2291,29.43,196.09,74.27,1.0000,0.306394,0.154720,211.52,335.22,0.9872,0.330493,0.698384
1786703722.149565,75.808242,2292,29.43,196.13,74.24,1.0000,0.306454,0.154676,211.46,335.28,0.9868,0.330407,0.698499
1786703722.173422,75.832099,2293,29.43,196.13,74.21,1.0000,0.306455,0.154595,211.51,335.13,0.9870,0.330481,0.698190
1786703722.208918,75.867594,2294,29.43,196.24,74.17,1.0000,0.306623,0.154521,211.53,335.11,0.9870,0.330517,0.698146
1786703722.259498,75.918175,2295,29.43,196.17,74.29,1.0000,0.306513,0.154774,211.48,335.13,0.9867,0.330430,0.698188
1786703722.288520,75.947197,2296,29.43,196.27,74.31,1.0000,0.306674,0.154806,211.51,334.87,0.9865,0.330492,0.697648
1786703722.312595,75.971272,2297,29.43,196.27,74.48,1.0000,0.306667,0.155172,211.52,334.82,0.9867,0.330499,0.697543
1786703722.346936,76.005613,2298,29.84,196.27,74.90,1.0000,0.306669,0.156038,211.48,334.83,0.9866,0.330445,0.697553
1786703722.386472,76.045149,2299,29.84,196.07,74.90,1.0000,0.306363,0.156048,211.51,334.78,0.9863,0.330486,0.697462
1786703722.464173,76.122849,2300,29.84,195.86,75.12,1.0000,0.306032,0.156505,211.56,334.52,0.9863,0.330562,0.696917
1786703722.464173,76.122849,2301,29.84,195.86,75.18,1.0000,0.306034,0.156624,211.51,334.61,0.9864,0.330485,0.697107
1786703722.479879,76.138556,2302,29.84,195.87,75.25,1.0000,0.306045,0.156778,211.47,334.75,0.9863,0.330427,0.697399
1786703722.516827,76.175504,2303,29.84,195.87,75.35,1.0000,0.306043,0.156978,211.44,334.90,0.9863,0.330374,0.697701
1786703722.543853,76.202529,2304,29.84,195.88,75.47,1.0000,0.306064,0.157221,211.45,334.94,0.9866,0.330386,0.697782
1786703722.569686,76.228363,2305,29.84,195.80,75.36,1.0000,0.305939,0.156991,211.44,334.94,0.9867,0.330370,0.697782
1786703722.622443,76.281119,2306,29.84,195.81,75.39,1.0000,0.305947,0.157070,211.43,334.98,0.9868,0.330364,0.697866
1786703722.645204,76.303881,2307,29.84,195.80,75.39,1.0000,0.305942,0.157070,211.44,334.93,0.9866,0.330367,0.697777
1786703722.676665,76.335341,2308,29.84,195.79,75.47,1.0000,0.305921,0.157222,211.43,334.91,0.9868,0.330354,0.697728
1786703722.710663,76.369339,2309,29.84,195.75,75.47,1.0000,0.305861,0.157222,211.44,334.80,0.9866,0.330373,0.697508
1786703722.752470,76.411146,2310,29.84,195.69,75.37,1.0000,0.305764,0.157029,211.44,334.97,0.9868,0.330375,0.697847
1786703722.786136,76.444813,2311,29.84,195.66,75.38,1.0000,0.305725,0.157045,211.38,335.09,0.9867,0.330284,0.698110
1786703722.799059,76.457736,2312,29.84,195.66,75.37,1.0000,0.305725,0.157011,211.39,335.09,0.9868,0.330292,0.698096
1786703722.851463,76.510140,2313,29.85,195.64,75.41,1.0000,0.305685,0.157104,211.38,335.02,0.9869,0.330278,0.697963
1786703722.880858,76.539534,2314,29.85,195.54,75.45,1.0000,0.305527,0.157178,211.40,335.03,0.9872,0.330312,0.697979
1786703722.926216,76.584893,2315,29.85,195.21,75.12,1.0000,0.305016,0.156497,211.40,335.07,0.9869,0.330312,0.698070
1786703722.944092,76.602769,2316,29.85,195.01,75.08,1.0000,0.304698,0.156408,211.48,334.98,0.9871,0.330439,0.697866
1786703722.974170,76.632847,2317,29.85,195.00,75.06,1.0000,0.304695,0.156372,211.48,334.93,0.9872,0.330439,0.697768
1786703723.011096,76.669772,2318,29.85,194.93,74.93,1.0000,0.304571,0.156114,211.47,334.95,0.9875,0.330428,0.697806
1786703723.040088,76.698765,2319,29.85,194.83,74.94,1.0000,0.304428,0.156132,211.50,334.84,0.9877,0.330470,0.697585
1786703723.128023,76.786699,2320,29.85,194.80,74.84,1.0000,0.304375,0.155924,211.52,334.86,0.9874,0.330499,0.697623
1786703723.142066,76.800742,2321,29.85,194.80,74.90,1.0000,0.304374,0.156037,211.51,334.84,0.9874,0.330481,0.697578
1786703723.162520,76.821196,2322,29.85,194.71,74.83,1.0000,0.304229,0.155905,211.50,334.89,0.9875,0.330467,0.697681
1786703723.185471,76.844147,2323,29.85,194.61,74.86,1.0000,0.304082,0.155967,211.50,334.84,0.9877,0.330468,0.697587
1786703723.216218,76.874894,2324,29.85,194.61,74.95,1.0000,0.304080,0.156143,211.49,334.90,0.9876,0.330450,0.697713
1786703723.242518,76.901195,2325,29.85,194.68,74.96,1.0000,0.304187,0.156157,211.49,334.89,0.9875,0.330457,0.697682
1786703723.277100,76.935776,2326,29.85,194.68,74.90,1.0000,0.304186,0.156041,211.49,334.98,0.9876,0.330454,0.697876
1786703723.308994,76.967670,2327,29.85,194.88,74.96,1.0000,0.304507,0.156159,211.52,334.87,0.9877,0.330494,0.697641
1786703723.353605,77.012282,2328,29.87,194.84,75.00,1.0000,0.304440,0.156245,211.53,334.63,0.9876,0.330518,0.697155
1786703723.374884,77.033560,2329,29.87,195.08,74.99,1.0000,0.304806,0.156231,211.53,334.71,0.9875,0.330521,0.697314
1786703723.411952,77.070629,2330,29.87,195.10,74.86,1.0000,0.304849,0.155948,211.59,334.85,0.9874,0.330609,0.697614
1786703723.456542,77.115218,2331,29.87,194.98,74.86,1.0000,0.304663,0.155964,211.59,334.85,0.9875,0.330614,0.697596
1786703723.480481,77.139158,2332,29.87,194.98,74.84,1.0000,0.304658,0.155909,211.60,334.83,0.9874,0.330625,0.697562
1786703723.504580,77.163257,2333,29.87,195.06,74.94,1.0000,0.304776,0.156126,211.60,334.95,0.9875,0.330623,0.697806
1786703723.543924,77.202600,2334,29.87,195.06,74.96,1.0000,0.304774,0.156157,211.59,334.94,0.9876,0.330606,0.697801
1786703723.577942,77.236619,2335,29.87,195.13,74.99,1.0000,0.304890,0.156231,211.60,334.88,0.9877,0.330618,0.697664
1786703723.612746,77.271423,2336,29.87,195.15,75.11,1.0000,0.304927,0.156477,211.56,334.90,0.9875,0.330556,0.697715
1786703723.644511,77.303187,2337,29.87,195.18,75.04,1.0000,0.304961,0.156331,211.63,334.97,0.9877,0.330677,0.697853
1786703723.668355,77.327032,2338,29.87,195.17,74.79,1.0000,0.304953,0.155807,211.62,334.98,0.9878,0.330663,0.697875
1786703723.708339,77.367016,2339,29.87,195.14,74.79,1.0000,0.304902,0.155817,211.64,334.86,0.9879,0.330680,0.697618
1786703723.748243,77.406919,2340,29.87,195.13,74.72,1.0000,0.304889,0.155662,211.61,334.84,0.9877,0.330635,0.697576
1786703723.780173,77.438850,2341,29.87,195.20,74.57,1.0000,0.304998,0.155354,211.60,334.92,0.9877,0.330618,0.697754
1786703723.809625,77.468302,2342,29.87,195.15,74.32,1.0000,0.304920,0.154842,211.60,334.92,0.9879,0.330619,0.697743
1786703723.854008,77.512685,2343,29.87,195.17,74.27,1.0000,0.304952,0.154721,211.60,334.95,0.9877,0.330625,0.697817
1786703723.880702,77.539378,2344,29.87,195.15,74.32,1.0000,0.304920,0.154835,211.59,334.98,0.9876,0.330608,0.697883
1786703723.912343,77.571020,2345,29.87,195.11,74.34,1.0000,0.304867,0.154877,211.59,334.87,0.9876,0.330604,0.697638
1786703723.943421,77.602097,2346,29.87,195.11,74.35,1.0000,0.304856,0.154900,211.59,334.81,0.9876,0.330602,0.697525
1786703723.972557,77.631234,2347,29.87,195.10,74.37,1.0000,0.304851,0.154930,211.59,334.78,0.9875,0.330616,0.697466
1786703724.008878,77.667555,2348,29.87,195.10,74.36,1.0000,0.304851,0.154921,211.61,334.78,0.9877,0.330646,0.697456
1786703724.055304,77.713980,2349,29.87,195.04,74.31,1.0000,0.304748,0.154823,211.62,334.93,0.9878,0.330651,0.697776
1786703724.071485,77.730162,2350,29.87,195.08,74.41,1.0000,0.304805,0.155012,211.55,334.98,0.9877,0.330539,0.697882
1786703724.107313,77.765990,2351,29.87,195.17,74.36,1.0000,0.304955,0.154915,211.57,334.98,0.9876,0.330580,0.697877
1786703724.165216,77.823893,2352,29.87,195.11,74.25,1.0000,0.304858,0.154679,211.66,334.54,0.9876,0.330719,0.696952
1786703724.178127,77.836804,2353,29.87,195.11,74.26,1.0000,0.304856,0.154714,211.65,334.52,0.9874,0.330696,0.696911
1786703724.223417,77.882094,2354,29.87,195.11,74.26,1.0000,0.304859,0.154711,211.65,334.52,0.9875,0.330697,0.696922
1786703724.249954,77.908631,2355,29.87,195.03,74.44,1.0000,0.304734,0.155073,211.63,334.53,0.9875,0.330671,0.696945
1786703724.278668,77.937345,2356,29.87,194.92,74.39,1.0000,0.304565,0.154979,211.64,334.56,0.9875,0.330690,0.696995
1786703724.310441,77.969118,2357,29.87,194.85,74.39,1.0000,0.304451,0.154978,211.67,334.51,0.9875,0.330740,0.696897
1786703724.374609,78.033285,2358,29.66,194.91,74.37,1.0000,0.304543,0.154947,211.66,334.65,0.9873,0.330716,0.697188
1786703724.384992,78.043669,2359,29.66,194.91,74.36,1.0000,0.304543,0.154927,211.66,334.66,0.9873,0.330712,0.697213
1786703724.414116,78.072793,2360,29.66,194.91,74.46,1.0000,0.304545,0.155122,211.64,334.76,0.9871,0.330694,0.697409
1786703724.459689,78.118366,2361,29.66,195.02,74.36,1.0000,0.304716,0.154922,211.66,334.54,0.9873,0.330714,0.696962
1786703724.481181,78.139858,2362,29.66,195.01,74.47,1.0000,0.304701,0.155139,211.66,334.54,0.9876,0.330720,0.696960
1786703724.521199,78.179876,2363,29.66,194.75,74.39,1.0000,0.304296,0.154984,211.65,334.55,0.9878,0.330700,0.696985
1786703724.548060,78.206737,2364,29.66,194.71,74.50,1.0000,0.304234,0.155207,211.66,334.66,0.9876,0.330712,0.697202
1786703724.592417,78.251094,2365,29.66,195.07,74.68,1.0000,0.304791,0.155579,211.62,334.55,0.9877,0.330661,0.696986
1786703724.630387,78.289063,2366,29.66,194.96,74.69,1.0000,0.304621,0.155609,211.57,334.60,0.9879,0.330583,0.697094
1786703724.637815,78.296491,2367,29.66,194.86,74.75,1.0000,0.304471,0.155728,211.58,334.50,0.9881,0.330594,0.696883
1786703724.686864,78.345541,2368,29.66,194.58,74.75,1.0000,0.304033,0.155730,211.58,334.43,0.9882,0.330595,0.696735
1786703724.718400,78.377077,2369,29.66,194.51,74.73,1.0000,0.303929,0.155697,211.61,334.42,0.9883,0.330641,0.696702
1786703724.733925,78.392601,2370,29.66,194.42,74.69,1.0000,0.303782,0.155600,211.61,334.39,0.9883,0.330639,0.696644
1786703724.790392,78.449069,2371,29.66,194.20,74.70,1.0000,0.303434,0.155622,211.64,334.19,0.9885,0.330681,0.696227
1786703724.797810,78.456486,2372,29.66,194.20,74.67,1.0000,0.303436,0.155554,211.65,334.19,0.9883,0.330698,0.696238
1786703724.843053,78.501730,2373,29.66,194.14,74.74,1.0000,0.303350,0.155710,211.57,334.40,0.9883,0.330572,0.696664
1786703724.888868,78.547544,2374,30.05,194.04,74.58,1.0000,0.303188,0.155367,211.46,334.45,0.9883,0.330398,0.696768
1786703724.911801,78.570478,2375,30.05,193.95,74.51,1.0000,0.303052,0.155222,211.46,334.46,0.9885,0.330402,0.696789
1786703724.954702,78.613379,2376,30.05,193.89,74.43,1.0000,0.302961,0.155057,211.45,334.52,0.9883,0.330385,0.696920
1786703724.981150,78.639826,2377,30.05,193.89,74.43,1.0000,0.302959,0.155062,211.46,334.55,0.9884,0.330400,0.696969
1786703725.012428,78.671105,2378,30.05,193.89,74.24,1.0000,0.302958,0.154670,211.55,334.36,0.9882,0.330554,0.696592
1786703725.056150,78.714827,2379,30.05,193.82,74.56,1.0000,0.302838,0.155325,211.53,334.50,0.9882,0.330520,0.696874
1786703725.085613,78.744289,2380,30.05,193.60,74.45,1.0000,0.302499,0.155105,211.52,334.46,0.9881,0.330504,0.696796
1786703725.112465,78.771142,2381,30.05,193.56,74.42,1.0000,0.302430,0.155046,211.52,334.40,0.9882,0.330499,0.696673
1786703725.143739,78.802416,2382,30.05,193.55,74.32,1.0000,0.302423,0.154838,211.54,334.34,0.9881,0.330526,0.696552
1786703725.178511,78.837187,2383,30.05,193.54,74.45,1.0000,0.302410,0.155099,211.54,334.47,0.9880,0.330531,0.696818
1786703725.216603,78.875279,2384,30.05,193.54,74.45,1.0000,0.302400,0.155106,211.51,334.54,0.9879,0.330491,0.696948
1786703725.249746,78.908423,2385,30.05,193.50,74.45,1.0000,0.302348,0.155111,211.50,334.49,0.9878,0.330476,0.696862
1786703725.276035,78.934712,2386,30.05,193.47,74.38,1.0000,0.302296,0.154955,211.45,334.58,0.9877,0.330393,0.697042
1786703725.307909,78.966586,2387,30.05,193.42,74.28,1.0000,0.302212,0.154757,211.43,334.73,0.9877,0.330356,0.697354
1786703725.348136,79.006813,2388,30.05,193.41,74.28,1.0000,0.302207,0.154754,211.43,334.74,0.9877,0.330352,0.697382
1786703725.384738,79.043415,2389,30.05,193.40,74.31,1.0000,0.302181,0.154805,211.39,334.89,0.9875,0.330295,0.697693
1786703725.408901,79.067578,2390,30.13,193.38,74.30,1.0000,0.302155,0.154788,211.39,334.78,0.9875,0.330291,0.697450
1786703725.450756,79.109432,2391,30.13,193.36,74.31,1.0000,0.302119,0.154820,211.38,334.77,0.9875,0.330288,0.697445
1786703725.472946,79.131623,2392,30.13,193.32,74.31,1.0000,0.302066,0.154807,211.38,334.59,0.9874,0.330283,0.697072
1786703725.527531,79.186207,2393,30.13,193.32,74.33,1.0000,0.302061,0.154849,211.37,334.75,0.9872,0.330269,0.697405
1786703725.546419,79.205095,2394,30.13,193.28,74.27,1.0000,0.302004,0.154731,211.38,334.66,0.9872,0.330284,0.697214
1786703725.574986,79.233662,2395,30.13,193.20,74.26,1.0000,0.301867,0.154717,211.39,334.73,0.9874,0.330293,0.697364
1786703725.617138,79.275815,2396,30.13,193.16,74.24,1.0000,0.301808,0.154675,211.37,334.65,0.9872,0.330272,0.697179
1786703725.654437,79.313114,2397,30.13,192.99,74.24,1.0000,0.301547,0.154672,211.37,334.67,0.9875,0.330267,0.697220
1786703725.668999,79.327675,2398,30.13,192.99,74.06,1.0000,0.301545,0.154286,211.36,334.57,0.9875,0.330253,0.697011
1786703725.717898,79.376575,2399,30.13,192.95,74.01,1.0000,0.301482,0.154181,211.42,334.38,0.9875,0.330350,0.696615
1786703725.746992,79.405669,2400,30.13,192.88,74.01,1.0000,0.301369,0.154181,211.45,334.16,0.9875,0.330392,0.696157
1786703725.780895,79.439571,2401,30.13,192.79,74.02,1.0000,0.301234,0.154211,211.48,334.24,0.9877,0.330434,0.696342
1786703725.809660,79.468337,2402,30.13,192.77,74.00,1.0000,0.301208,0.154167,211.54,333.97,0.9876,0.330524,0.695767
1786703725.849492,79.508168,2403,30.13,192.76,73.93,1.0000,0.301185,0.154027,211.56,334.20,0.9876,0.330558,0.696257
1786703725.884089,79.542766,2404,30.13,192.71,73.78,1.0000,0.301111,0.153707,211.55,334.18,0.9875,0.330552,0.696203
1786703725.910801,79.569478,2405,30.13,192.66,73.80,1.0000,0.301034,0.153758,211.60,334.16,0.9877,0.330626,0.696173
1786703725.926631,79.585308,2406,30.14,192.62,73.86,1.0000,0.300969,0.153866,211.59,334.16,0.9876,0.330602,0.696177
1786703725.978557,79.637233,2407,30.14,192.58,74.10,1.0000,0.300908,0.154370,211.63,334.10,0.9878,0.330676,0.696047
1786703726.008090,79.666767,2408,30.14,192.58,74.13,1.0000,0.300900,0.154428,211.68,334.08,0.9877,0.330750,0.696010
1786703726.045114,79.703791,2409,30.14,192.54,74.16,1.0000,0.300843,0.154501,211.67,334.33,0.9877,0.330734,0.696522
1786703726.078870,79.737547,2410,30.14,192.53,74.25,1.0000,0.300834,0.154679,211.71,334.33,0.9876,0.330797,0.696515
1786703726.107284,79.765960,2411,30.14,192.47,74.23,1.0000,0.300735,0.154642,211.71,334.31,0.9877,0.330790,0.696475
1786703726.168232,79.826909,2412,30.14,192.29,74.22,1.0000,0.300451,0.154620,211.74,334.71,0.9876,0.330843,0.697316
1786703726.179007,79.837684,2413,30.14,192.22,74.22,1.0000,0.300342,0.154629,211.74,334.70,0.9877,0.330841,0.697293
1786703726.221146,79.879823,2414,30.14,192.22,74.22,1.0000,0.300338,0.154633,211.68,334.79,0.9877,0.330754,0.697478
1786703726.246729,79.905406,2415,30.14,192.18,74.30,1.0000,0.300288,0.154797,211.65,334.74,0.9879,0.330705,0.697382
1786703726.273557,79.932234,2416,30.14,192.19,74.45,1.0000,0.300291,0.155109,211.66,334.72,0.9880,0.330716,0.697338
1786703726.319163,79.977839,2417,30.14,192.18,74.57,1.0000,0.300289,0.155349,211.62,334.35,0.9880,0.330650,0.696560
1786703726.364074,80.022750,2418,30.14,192.14,74.52,1.0000,0.300225,0.155252,211.59,334.34,0.9879,0.330602,0.696547
1786703726.387810,80.046486,2419,30.14,192.14,74.52,1.0000,0.300211,0.155251,211.66,334.15,0.9880,0.330715,0.696148
1786703726.410365,80.069042,2420,30.14,192.13,74.52,1.0000,0.300207,0.155248,211.66,334.23,0.9881,0.330714,0.696308
1786703726.452039,80.110716,2421,29.93,192.13,74.51,1.0000,0.300201,0.155228,211.66,334.19,0.9882,0.330725,0.696238
1786703726.478898,80.137575,2422,29.93,192.13,74.38,1.0000,0.300198,0.154954,211.64,334.24,0.9883,0.330681,0.696323
1786703726.510754,80.169431,2423,29.93,192.01,74.47,1.0000,0.300020,0.155138,211.65,334.17,0.9884,0.330711,0.696197
1786703726.545133,80.203810,2424,29.93,191.98,74.35,1.0000,0.299970,0.154888,211.70,333.95,0.9885,0.330786,0.695731
1786703726.579770,80.238446,2425,29.93,192.04,74.34,1.0000,0.300064,0.154885,211.68,334.03,0.9884,0.330748,0.695895
1786703726.619105,80.277782,2426,29.93,192.05,74.40,1.0000,0.300073,0.154992,211.66,334.01,0.9884,0.330715,0.695860
1786703726.653615,80.312291,2427,29.93,192.05,74.43,1.0000,0.300071,0.155067,211.62,334.25,0.9883,0.330656,0.696364
1786703726.673051,80.331728,2428,29.93,192.07,74.49,1.0000,0.300111,0.155192,211.58,334.69,0.9884,0.330597,0.697276
1786703726.714516,80.373192,2429,29.93,192.07,74.43,1.0000,0.300108,0.155054,211.63,334.45,0.9885,0.330671,0.696774
1786703726.746073,80.404749,2430,29.93,192.06,74.47,1.0000,0.300094,0.155142,211.59,334.61,0.9885,0.330612,0.697111
1786703726.772645,80.431321,2431,29.93,192.06,74.42,1.0000,0.300092,0.155042,211.55,334.63,0.9886,0.330548,0.697140
1786703726.823201,80.481878,2432,29.93,192.06,74.47,1.0000,0.300091,0.155138,211.55,334.68,0.9886,0.330543,0.697248
1786703726.847049,80.505725,2433,29.93,192.06,74.46,1.0000,0.300088,0.155135,211.50,334.63,0.9885,0.330474,0.697152
1786703726.879189,80.537866,2434,29.93,191.99,74.51,1.0000,0.299983,0.155233,211.45,334.96,0.9884,0.330386,0.697833
1786703726.944820,80.603497,2435,29.93,192.00,74.51,1.0000,0.299994,0.155236,211.49,334.70,0.9884,0.330459,0.697284
1786703726.955373,80.614049,2436,29.73,191.98,74.46,1.0000,0.299967,0.155124,211.45,335.07,0.9884,0.330384,0.698061
1786703726.983500,80.642177,2437,29.73,191.99,74.45,1.0000,0.299982,0.155107,211.45,334.96,0.9882,0.330389,0.697840
1786703727.008371,80.667048,2438,29.73,192.00,74.47,1.0000,0.299995,0.155150,211.45,335.02,0.9880,0.330384,0.697953
1786703727.048340,80.707017,2439,29.73,192.02,74.47,1.0000,0.300029,0.155140,211.41,335.07,0.9879,0.330325,0.698053
1786703727.080620,80.739297,2440,29.73,191.99,74.49,1.0000,0.299983,0.155180,211.41,335.04,0.9881,0.330326,0.698008
1786703727.117304,80.775980,2441,29.73,191.99,74.49,1.0000,0.299982,0.155191,211.38,334.98,0.9881,0.330277,0.697883
1786703727.153377,80.812053,2442,29.73,192.00,74.49,1.0000,0.299993,0.155193,211.40,334.99,0.9883,0.330307,0.697901
1786703727.190686,80.849363,2443,29.73,191.99,74.49,1.0000,0.299990,0.155195,211.38,334.87,0.9883,0.330276,0.697648
1786703727.212039,80.870716,2444,29.73,191.99,74.51,1.0000,0.299980,0.155233,211.38,335.07,0.9884,0.330279,0.698070
1786703727.249075,80.907752,2445,29.73,191.97,74.61,1.0000,0.299958,0.155446,211.40,334.96,0.9884,0.330314,0.697824
1786703727.283394,80.942070,2446,29.73,191.92,74.75,1.0000,0.299878,0.155722,211.46,334.97,0.9884,0.330409,0.697864
1786703727.315144,80.973820,2447,29.73,192.02,74.69,1.0000,0.300035,0.155608,211.47,334.56,0.9884,0.330426,0.697002
1786703727.364545,81.023221,2448,29.73,192.02,74.66,1.0000,0.300030,0.155538,211.51,334.57,0.9886,0.330478,0.697031
1786703727.380547,81.039224,2449,29.73,192.02,74.51,1.0000,0.300031,0.155235,211.50,334.71,0.9886,0.330473,0.697305
1786703727.410691,81.069367,2450,29.73,192.01,74.50,1.0000,0.300020,0.155213,211.51,334.69,0.9888,0.330487,0.697268
1786703727.457973,81.116650,2451,29.73,192.06,74.52,1.0000,0.300094,0.155241,211.52,334.44,0.9888,0.330497,0.696745
1786703727.482003,81.140680,2452,30.04,192.03,74.70,1.0000,0.300048,0.155630,211.53,334.46,0.9888,0.330519,0.696783
1786703727.495330,81.154007,2453,30.04,192.04,74.60,1.0000,0.300058,0.155420,211.65,334.50,0.9888,0.330701,0.696873
1786703727.562083,81.220760,2454,30.04,191.98,74.51,1.0000,0.299964,0.155233,211.65,334.51,0.9889,0.330699,0.696886
1786703727.584405,81.243081,2455,30.04,191.96,74.53,1.0000,0.299932,0.155273,211.64,334.63,0.9886,0.330688,0.697151
1786703727.617234,81.275911,2456,30.04,191.96,74.62,1.0000,0.299931,0.155463,211.62,334.63,0.9885,0.330660,0.697142
1786703727.661876,81.320552,2457,30.04,191.92,74.69,1.0000,0.299873,0.155606,211.63,334.92,0.9886,0.330667,0.697747
1786703727.672036,81.330712,2458,30.04,191.87,74.71,1.0000,0.299798,0.155647,211.64,335.05,0.9885,0.330687,0.698026
1786703727.711852,81.370529,2459,30.04,191.83,74.77,1.0000,0.299734,0.155761,211.64,335.07,0.9887,0.330693,0.698061
1786703727.740947,81.399623,2460,30.04,191.83,74.80,1.0000,0.299734,0.155837,211.64,335.07,0.9887,0.330686,0.698060
1786703727.780030,81.438706,2461,30.04,191.84,74.88,1.0000,0.299743,0.156001,211.64,335.11,0.9888,0.330689,0.698142
1786703727.811673,81.470349,2462,30.04,191.84,74.88,1.0000,0.299751,0.156001,211.65,335.14,0.9885,0.330697,0.698210
1786703727.861617,81.520293,2463,30.04,191.66,74.85,1.0000,0.299474,0.155931,211.62,335.10,0.9885,0.330659,0.698117
1786703727.892815,81.551491,2464,30.04,191.72,74.91,1.0000,0.299560,0.156067,211.63,335.05,0.9884,0.330671,0.698022
1786703727.905796,81.564472,2465,30.04,191.73,74.97,1.0000,0.299574,0.156192,211.67,334.67,0.9883,0.330730,0.697239
1786703727.948749,81.607425,2466,30.04,191.68,74.98,1.0000,0.299493,0.156214,211.67,334.90,0.9881,0.330737,0.697701
1786703727.984740,81.643417,2467,30.00,191.64,74.98,1.0000,0.299439,0.156200,211.67,335.07,0.9881,0.330735,0.698054
1786703728.000670,81.659347,2468,30.00,191.66,74.91,1.0000,0.299476,0.156066,211.67,334.72,0.9880,0.330735,0.697330
1786703728.045204,81.703881,2469,30.00,191.67,74.91,1.0000,0.299480,0.156066,211.65,334.68,0.9881,0.330704,0.697247
1786703728.092985,81.751661,2470,30.00,191.67,74.28,1.0000,0.299481,0.154756,211.69,334.04,0.9882,0.330762,0.695923
1786703728.116776,81.775452,2471,30.00,191.48,74.23,1.0000,0.299192,0.154651,211.68,334.17,0.9883,0.330756,0.696193
1786703728.153192,81.811869,2472,30.00,191.48,74.08,1.0000,0.299192,0.154325,211.68,334.35,0.9884,0.330757,0.696565
1786703728.211185,81.869862,2473,30.00,191.49,73.87,1.0000,0.299197,0.153895,211.67,334.48,0.9884,0.330738,0.696824
1786703728.225537,81.884214,2474,30.00,191.49,73.86,1.0000,0.299197,0.153868,211.68,334.47,0.9886,0.330753,0.696804
1786703728.243267,81.901944,2475,30.00,191.49,73.87,1.0000,0.299200,0.153904,211.68,334.45,0.9887,0.330753,0.696775
1786703728.284726,81.943402,2476,30.00,191.49,73.89,1.0000,0.299208,0.153933,211.68,334.80,0.9885,0.330745,0.697502
1786703728.300706,81.959383,2477,30.00,191.49,73.82,1.0000,0.299201,0.153789,211.69,334.86,0.9886,0.330765,0.697630
1786703728.348048,82.006724,2478,30.00,191.49,73.74,1.0000,0.299197,0.153624,211.65,334.86,0.9885,0.330696,0.697625
1786703728.379639,82.038316,2479,30.00,191.46,73.61,1.0000,0.299160,0.153363,211.69,334.87,0.9886,0.330764,0.697638
1786703728.413279,82.071955,2480,30.00,191.46,73.61,1.0000,0.299155,0.153363,211.69,334.81,0.9886,0.330771,0.697526
1786703728.441922,82.100599,2481,30.00,191.46,73.61,1.0000,0.299161,0.153357,211.69,334.68,0.9886,0.330771,0.697246
1786703728.484544,82.143220,2482,30.00,191.47,73.61,1.0000,0.299164,0.153349,211.66,335.11,0.9886,0.330724,0.698140
1786703728.508545,82.167222,2483,30.11,191.46,73.62,1.0000,0.299164,0.153367,211.66,335.10,0.9887,0.330721,0.698133
1786703728.553945,82.212622,2484,30.11,191.47,73.64,1.0000,0.299164,0.153407,211.71,334.67,0.9887,0.330791,0.697238
1786703728.585775,82.244452,2485,30.11,191.48,73.52,1.0000,0.299186,0.153169,211.76,334.18,0.9888,0.330872,0.696214
1786703728.600862,82.259539,2486,30.11,191.55,73.62,1.0000,0.299300,0.153381,211.75,334.40,0.9887,0.330854,0.696662
1786703728.643829,82.302506,2487,30.11,191.57,73.62,1.0000,0.299331,0.153379,211.72,334.55,0.9888,0.330820,0.696979
1786703728.686687,82.345364,2488,30.11,191.63,73.55,1.0000,0.299416,0.153221,211.70,334.56,0.9888,0.330780,0.696991
1786703728.713116,82.371792,2489,30.11,191.67,73.53,1.0000,0.299492,0.153190,211.72,334.48,0.9888,0.330812,0.696824
1786703728.738706,82.397382,2490,30.11,191.67,73.52,1.0000,0.299483,0.153161,211.72,334.66,0.9888,0.330819,0.697206
1786703728.776499,82.435175,2491,30.11,191.77,73.53,1.0000,0.299648,0.153178,211.69,334.72,0.9885,0.330764,0.697331
1786703728.810817,82.469494,2492,30.11,191.81,73.61,1.0000,0.299709,0.153351,211.68,334.87,0.9885,0.330745,0.697637
1786703728.845542,82.504219,2493,30.11,192.03,73.86,1.0000,0.300050,0.153879,211.67,334.80,0.9886,0.330731,0.697508
1786703728.885885,82.544562,2494,30.11,192.23,74.14,1.0000,0.300362,0.154450,211.69,334.85,0.9887,0.330766,0.697599
1786703728.906797,82.565473,2495,30.11,192.24,74.12,1.0000,0.300370,0.154415,211.68,334.86,0.9887,0.330758,0.697615
1786703728.949551,82.608228,2496,30.11,192.38,74.09,1.0000,0.300600,0.154355,211.70,334.86,0.9886,0.330777,0.697620
1786703728.980972,82.639649,2497,30.11,192.47,74.09,1.0000,0.300742,0.154354,211.68,334.86,0.9887,0.330753,0.697617
1786703729.010064,82.668741,2498,30.06,192.50,74.05,1.0000,0.300777,0.154262,211.71,334.03,0.9888,0.330794,0.695904
1786703729.044676,82.703353,2499,30.06,192.66,74.10,1.0000,0.301038,0.154378,211.70,334.19,0.9889,0.330782,0.696227
1786703729.081618,82.740295,2500,30.06,192.94,74.11,1.0000,0.301474,0.154394,211.71,334.22,0.9890,0.330793,0.696288
1786703729.110865,82.769542,2501,30.06,192.95,74.16,1.0000,0.301483,0.154498,211.68,334.27,0.9891,0.330754,0.696392
1786703729.142202,82.800879,2502,30.06,192.96,74.15,1.0000,0.301496,0.154483,211.59,334.28,0.9892,0.330611,0.696414
1786703729.181253,82.839930,2503,30.06,192.98,74.11,1.0000,0.301530,0.154388,211.57,334.33,0.9891,0.330571,0.696522
1786703729.208042,82.866719,2504,30.06,192.98,74.11,1.0000,0.301530,0.154404,211.52,334.74,0.9888,0.330502,0.697382
1786703729.244722,82.903399,2505,30.06,192.98,74.06,1.0000,0.301532,0.154294,211.53,334.37,0.9889,0.330510,0.696595
1786703729.271813,82.930489,2506,30.06,192.97,74.07,1.0000,0.301515,0.154315,211.51,334.36,0.9889,0.330492,0.696592
1786703729.313454,82.972131,2507,30.06,192.79,73.93,1.0000,0.301237,0.154022,211.54,334.20,0.9889,0.330531,0.696257
1786703729.344002,83.002678,2508,30.06,192.79,73.94,1.0000,0.301235,0.154046,211.55,334.19,0.9889,0.330548,0.696228
1786703729.372910,83.031587,2509,30.06,192.97,73.98,1.0000,0.301516,0.154134,211.56,334.15,0.9887,0.330556,0.696139
1786703729.414505,83.073181,2510,30.06,192.97,74.05,1.0000,0.301517,0.154265,211.61,334.02,0.9885,0.330647,0.695878
1786703729.457054,83.115731,2511,30.06,192.60,74.08,1.0000,0.300932,0.154332,211.68,334.01,0.9883,0.330756,0.695848
1786703729.506593,83.165269,2512,30.06,192.22,74.10,1.0000,0.300345,0.154369,211.69,334.00,0.9884,0.330762,0.695842
1786703729.515262,83.173938,2513,29.77,192.22,74.33,1.0000,0.300347,0.154859,211.69,333.96,0.9883,0.330765,0.695754
1786703729.544355,83.203032,2514,29.77,192.21,74.34,1.0000,0.300321,0.154875,211.64,334.01,0.9885,0.330691,0.695850
1786703729.575925,83.234602,2515,29.77,192.13,74.41,1.0000,0.300206,0.155020,211.63,333.94,0.9885,0.330678,0.695716
1786703729.605040,83.263716,2516,29.77,192.13,74.47,1.0000,0.300207,0.155154,211.50,334.86,0.9884,0.330476,0.697626
1786703729.644969,83.303645,2517,29.77,192.04,74.49,1.0000,0.300067,0.155190,211.54,334.84,0.9884,0.330536,0.697591
1786703729.677117,83.335794,2518,29.77,191.85,74.45,1.0000,0.299768,0.155109,211.53,334.82,0.9881,0.330519,0.697549
1786703729.711964,83.370640,2519,29.77,191.79,74.45,1.0000,0.299667,0.155106,211.53,334.91,0.9881,0.330523,0.697723
1786703729.743639,83.402315,2520,29.77,191.53,74.48,1.0000,0.299269,0.155162,211.51,334.96,0.9881,0.330483,0.697834
1786703729.777770,83.436446,2521,29.77,191.37,74.50,1.0000,0.299021,0.155215,211.58,334.76,0.9882,0.330588,0.697412
1786703729.809602,83.468279,2522,29.77,191.36,74.52,1.0000,0.299006,0.155247,211.57,334.76,0.9882,0.330577,0.697409
1786703729.849170,83.507846,2523,29.77,191.28,74.55,1.0000,0.298880,0.155312,211.58,334.71,0.9878,0.330590,0.697307
1786703729.872710,83.531387,2524,29.77,191.22,74.53,1.0000,0.298774,0.155277,211.58,334.67,0.9878,0.330590,0.697237
1786703729.913150,83.571826,2525,29.77,191.00,74.53,1.0000,0.298439,0.155272,211.62,334.65,0.9877,0.330660,0.697190
1786703729.949802,83.608479,2526,29.77,190.88,74.53,1.0000,0.298247,0.155277,211.62,334.55,0.9879,0.330651,0.696974
1786703729.976251,83.634928,2527,29.77,190.83,74.47,1.0000,0.298175,0.155153,211.61,334.61,0.9878,0.330642,0.697094
1786703730.011817,83.670494,2528,29.77,190.76,74.43,0.9999,0.298056,0.155066,211.61,334.64,0.9877,0.330641,0.697161
1786703730.043804,83.702481,2529,30.19,190.75,74.27,1.0000,0.298040,0.154723,211.60,334.73,0.9876,0.330620,0.697354
1786703730.077182,83.735859,2530,30.19,190.67,74.27,1.0000,0.297917,0.154720,211.60,334.72,0.9874,0.330620,0.697339
1786703730.126076,83.784752,2531,30.19,190.79,74.28,1.0000,0.298105,0.154743,211.52,334.73,0.9873,0.330498,0.697346
1786703730.152663,83.811339,2532,30.19,190.75,74.13,1.0000,0.298053,0.154431,211.50,334.82,0.9872,0.330473,0.697538
1786703730.183733,83.842410,2533,30.19,190.77,74.14,1.0000,0.298071,0.154451,211.51,334.62,0.9871,0.330490,0.697119
1786703730.215580,83.874257,2534,30.19,190.78,74.14,1.0000,0.298089,0.154464,211.50,334.68,0.9872,0.330461,0.697245
1786703730.255263,83.913939,2535,30.19,190.70,74.04,1.0000,0.297967,0.154256,211.56,334.76,0.9874,0.330568,0.697416
1786703730.279002,83.937679,2536,30.19,190.69,74.04,1.0000,0.297952,0.154245,211.56,334.76,0.9872,0.330569,0.697423
1786703730.320886,83.979563,2537,30.19,190.61,74.07,1.0000,0.297829,0.154320,211.55,334.80,0.9873,0.330552,0.697494
1786703730.345441,84.004118,2538,30.19,190.73,74.13,1.0000,0.298017,0.154428,211.55,334.77,0.9873,0.330551,0.697429
1786703730.379862,84.038538,2539,30.19,190.74,74.04,1.0000,0.298038,0.154255,211.55,334.89,0.9876,0.330545,0.697682
1786703730.419317,84.077993,2540,30.19,190.55,74.01,1.0000,0.297730,0.154197,211.56,334.76,0.9878,0.330562,0.697423
1786703730.453556,84.112233,2541,30.19,190.55,73.98,1.0000,0.297735,0.154133,211.54,334.60,0.9878,0.330536,0.697073
1786703730.488324,84.147001,2542,30.19,190.55,73.98,1.0000,0.297740,0.154128,211.48,334.62,0.9878,0.330437,0.697120
1786703730.523254,84.181931,2543,30.19,190.54,74.10,1.0000,0.297720,0.154365,211.51,334.60,0.9881,0.330481,0.697084
1786703730.557582,84.216259,2544,29.93,190.66,74.01,1.0000,0.297907,0.154177,211.50,334.37,0.9883,0.330470,0.696608
1786703730.583483,84.242160,2545,29.93,190.67,74.09,1.0000,0.297925,0.154347,211.52,334.37,0.9885,0.330500,0.696597
1786703730.628520,84.287197,2546,29.93,190.65,74.02,1.0000,0.297895,0.154208,211.45,334.37,0.9885,0.330392,0.696603
1786703730.642728,84.301404,2547,29.93,190.66,74.00,1.0000,0.297899,0.154163,211.42,334.39,0.9886,0.330346,0.696641
1786703730.679162,84.337838,2548,29.93,190.62,73.79,1.0000,0.297848,0.153732,211.44,334.37,0.9888,0.330380,0.696595
1786703730.720335,84.379011,2549,29.93,190.62,73.76,1.0000,0.297847,0.153672,211.40,334.33,0.9889,0.330318,0.696530
1786703730.775758,84.434434,2550,29.93,190.48,73.76,1.0000,0.297630,0.153672,211.42,334.36,0.9890,0.330346,0.696578
1786703730.787799,84.446475,2551,29.93,190.48,73.75,1.0000,0.297624,0.153653,211.44,334.35,0.9892,0.330371,0.696566
1786703730.820825,84.479502,2552,29.93,190.45,73.64,1.0000,0.297578,0.153410,211.48,334.47,0.9891,0.330433,0.696805
1786703730.852675,84.511352,2553,29.93,190.43,73.46,1.0000,0.297542,0.153039,211.56,334.45,0.9889,0.330556,0.696775
1786703730.884510,84.543187,2554,29.93,190.21,73.26,1.0000,0.297197,0.152634,211.55,334.46,0.9889,0.330543,0.696783
1786703730.910695,84.569371,2555,29.93,190.24,73.26,1.0000,0.297256,0.152634,211.54,334.39,0.9891,0.330539,0.696647
1786703730.947426,84.606102,2556,29.93,190.24,73.10,1.0000,0.297247,0.152298,211.55,334.46,0.9890,0.330539,0.696791
1786703730.979005,84.637682,2557,29.93,190.21,72.89,1.0000,0.297200,0.151862,211.53,334.45,0.9889,0.330517,0.696776
1786703731.012338,84.671015,2558,29.93,190.21,72.71,1.0000,0.297202,0.151476,211.53,334.34,0.9889,0.330509,0.696532
1786703731.054693,84.713369,2559,29.93,190.20,72.71,1.0000,0.297184,0.151470,211.58,334.45,0.9887,0.330588,0.696773
1786703731.067904,84.726580,2560,30.03,190.19,72.81,1.0000,0.297167,0.151692,211.55,334.54,0.9886,0.330547,0.696953
1786703731.106917,84.765594,2561,30.03,190.13,72.82,1.0000,0.297080,0.151708,211.56,334.62,0.9886,0.330561,0.697121
1786703731.154207,84.812884,2562,30.03,190.04,72.87,1.0000,0.296945,0.151809,211.56,334.62,0.9886,0.330559,0.697127
1786703731.182465,84.841142,2563,30.03,190.04,73.11,1.0000,0.296942,0.152312,211.53,334.60,0.9887,0.330520,0.697084
1786703731.212512,84.871189,2564,30.03,190.06,73.49,1.0000,0.296973,0.153107,211.46,334.84,0.9885,0.330409,0.697588
1786703731.247020,84.905696,2565,30.03,190.12,73.64,1.0000,0.297066,0.153416,211.46,334.83,0.9885,0.330413,0.697557
1786703731.287451,84.946127,2566,30.03,190.24,73.78,1.0000,0.297245,0.153717,211.44,334.81,0.9884,0.330373,0.697513
1786703731.314159,84.972835,2567,30.03,190.30,73.92,1.0000,0.297345,0.154010,211.44,334.72,0.9883,0.330369,0.697331
1786703731.353920,85.012597,2568,30.03,190.70,74.03,1.0000,0.297961,0.154228,211.43,334.68,0.9884,0.330365,0.697245
1786703731.386169,85.044846,2569,30.03,190.73,74.18,1.0000,0.298019,0.154542,211.44,334.45,0.9886,0.330375,0.696773
1786703731.407253,85.065930,2570,30.03,190.77,74.25,1.0000,0.298081,0.154685,211.44,334.47,0.9886,0.330383,0.696808
1786703731.453055,85.111731,2571,30.03,190.76,74.25,1.0000,0.298059,0.154689,211.41,334.45,0.9886,0.330326,0.696776
1786703731.487000,85.145676,2572,30.03,190.99,74.65,1.0000,0.298424,0.155525,211.43,334.95,0.9886,0.330352,0.697811
1786703731.500628,85.159304,2573,30.03,190.99,74.65,1.0000,0.298428,0.155524,211.49,334.98,0.9886,0.330457,0.697879
1786703731.562554,85.221231,2574,30.03,190.99,74.62,1.0000,0.298425,0.155455,211.61,334.89,0.9886,0.330647,0.697695
1786703731.572100,85.230777,2575,30.03,190.97,74.61,1.0000,0.298387,0.155446,211.62,334.62,0.9887,0.330659,0.697128
1786703731.610171,85.268847,2576,30.09,190.95,74.62,1.0000,0.298357,0.155461,211.62,334.50,0.9886,0.330649,0.696869
1786703731.647578,85.306255,2577,30.09,190.95,74.59,1.0000,0.298356,0.155398,211.53,334.64,0.9885,0.330508,0.697162
1786703731.679050,85.337727,2578,30.09,190.95,74.52,1.0000,0.298357,0.155250,211.52,334.63,0.9885,0.330498,0.697155
1786703731.708383,85.367059,2579,30.09,190.96,74.51,1.0000,0.298372,0.155224,211.52,334.60,0.9885,0.330492,0.697088
1786703731.748783,85.407460,2580,30.09,190.92,74.50,1.0000,0.298306,0.155214,211.50,334.42,0.9884,0.330476,0.696713
1786703731.771992,85.430669,2581,30.09,190.91,74.56,1.0000,0.298297,0.155338,211.51,334.55,0.9883,0.330484,0.696969
1786703731.803642,85.462318,2582,30.09,190.91,74.46,1.0000,0.298296,0.155118,211.59,334.30,0.9885,0.330615,0.696451
1786703731.854348,85.513025,2583,30.09,190.93,74.46,1.0000,0.298323,0.155122,211.59,334.38,0.9883,0.330606,0.696616
1786703731.869278,85.527955,2584,30.09,190.83,74.60,1.0000,0.298172,0.155424,211.56,334.45,0.9884,0.330563,0.696781
1786703731.918210,85.576886,2585,30.09,190.80,74.60,1.0000,0.298126,0.155422,211.56,334.46,0.9886,0.330567,0.696796
1786703731.931607,85.590284,2586,30.09,190.78,74.60,1.0000,0.298096,0.155421,211.65,334.20,0.9887,0.330695,0.696242
1786703731.977116,85.635792,2587,30.09,190.90,74.69,1.0000,0.298282,0.155613,211.62,334.66,0.9887,0.330661,0.697209
1786703732.011053,85.669730,2588,30.09,190.85,74.68,1.0000,0.298196,0.155580,211.60,334.54,0.9889,0.330617,0.696961
1786703732.084234,85.742911,2590,30.09,190.92,74.76,1.0000,0.298314,0.155740,211.44,334.58,0.9888,0.330382,0.697047
1786703732.108135,85.766812,2591,30.09,190.91,74.74,1.0000,0.298292,0.155706,211.41,334.86,0.9885,0.330336,0.697627
1786703732.144793,85.803470,2592,29.69,191.09,74.76,1.0000,0.298583,0.155755,211.38,334.86,0.9886,0.330277,0.697628
1786703732.187143,85.845819,2593,29.69,190.86,74.58,1.0000,0.298213,0.155376,211.47,334.83,0.9886,0.330421,0.697564
1786703732.216734,85.875411,2594,29.69,190.87,74.58,1.0000,0.298239,0.155379,211.47,334.92,0.9885,0.330417,0.697756
1786703732.245470,85.904146,2595,29.69,190.86,74.54,1.0000,0.298224,0.155300,211.49,334.65,0.9888,0.330455,0.697195
1786703732.276897,85.935574,2596,29.69,191.07,74.58,1.0000,0.298549,0.155384,211.48,334.61,0.9889,0.330433,0.697109
1786703732.310578,85.969255,2597,29.69,191.05,74.53,1.0000,0.298513,0.155277,211.51,334.31,0.9890,0.330477,0.696471
1786703732.342967,86.001644,2598,29.69,191.04,74.52,1.0000,0.298495,0.155244,211.52,334.20,0.9889,0.330497,0.696243
1786703732.385692,86.044369,2599,29.69,191.19,74.52,1.0000,0.298741,0.155244,211.52,334.33,0.9888,0.330502,0.696523
1786703732.403565,86.062241,2600,29.69,191.19,74.47,1.0000,0.298737,0.155151,211.52,334.31,0.9889,0.330492,0.696484
1786703732.453602,86.112279,2601,29.69,191.19,74.47,1.0000,0.298740,0.155150,211.52,334.33,0.9888,0.330505,0.696514
1786703732.477383,86.136060,2602,29.69,191.10,74.38,1.0000,0.298593,0.154953,211.48,334.20,0.9889,0.330441,0.696247
1786703732.522479,86.181156,2603,29.69,191.14,74.37,1.0000,0.298655,0.154936,211.42,334.20,0.9891,0.330336,0.696260
1786703732.559129,86.217806,2604,29.69,191.03,74.35,1.0000,0.298486,0.154892,211.48,334.13,0.9891,0.330440,0.696108
1786703732.568983,86.227659,2605,29.69,190.94,74.30,1.0000,0.298337,0.154795,211.49,334.26,0.9892,0.330460,0.696366
1786703732.609902,86.268578,2606,29.69,190.87,74.28,1.0000,0.298239,0.154749,211.54,334.10,0.9891,0.330533,0.696041
1786703732.651675,86.310352,2607,29.66,190.72,74.26,1.0000,0.297994,0.154712,211.56,334.05,0.9887,0.330555,0.695931
1786703732.686706,86.345383,2608,29.66,190.75,74.26,1.0000,0.298054,0.154710,211.64,334.14,0.9890,0.330680,0.696124
1786703732.715254,86.373931,2609,29.66,190.76,74.25,1.0000,0.298063,0.154693,211.65,333.83,0.9889,0.330699,0.695472
1786703732.742192,86.400868,2610,29.66,190.76,74.21,1.0000,0.298063,0.154607,211.65,334.03,0.9887,0.330707,0.695893
1786703732.779535,86.438211,2611,29.66,190.65,74.20,1.0000,0.297884,0.154574,211.64,334.24,0.9886,0.330689,0.696334
1786703732.808552,86.467228,2612,29.66,190.65,74.05,1.0000,0.297884,0.154261,211.63,334.24,0.9884,0.330677,0.696323
1786703732.843301,86.501977,2613,29.66,190.73,73.97,1.0000,0.298019,0.154098,211.53,334.68,0.9884,0.330520,0.697243
1786703732.892694,86.551371,2614,29.66,190.74,73.99,1.0000,0.298034,0.154147,211.53,334.11,0.9886,0.330522,0.696067
1786703732.927214,86.585891,2615,29.66,190.79,74.00,1.0000,0.298109,0.154158,211.52,334.63,0.9887,0.330507,0.697155
1786703732.948751,86.607428,2616,29.66,190.81,73.99,1.0000,0.298142,0.154148,211.58,334.60,0.9886,0.330590,0.697087
1786703732.965009,86.623686,2617,29.66,190.78,73.98,1.0000,0.298099,0.154125,211.58,334.60,0.9886,0.330594,0.697079
1786703733.015208,86.673885,2618,29.66,190.76,74.03,1.0000,0.298057,0.154223,211.63,334.49,0.9888,0.330664,0.696854
1786703733.046775,86.705452,2619,29.66,190.74,74.01,1.0000,0.298029,0.154192,211.60,334.57,0.9887,0.330632,0.697012
1786703733.078950,86.737627,2620,29.66,190.75,74.05,1.0000,0.298042,0.154268,211.62,334.44,0.9888,0.330659,0.696746
1786703733.118283,86.776960,2621,29.66,190.85,73.98,1.0000,0.298208,0.154125,211.73,334.06,0.9886,0.330829,0.695958
1786703733.141196,86.799873,2622,29.72,190.82,73.98,1.0000,0.298155,0.154117,211.74,334.07,0.9886,0.330843,0.695987
1786703733.190023,86.848700,2623,29.72,190.82,73.99,1.0000,0.298161,0.154147,211.75,334.08,0.9885,0.330856,0.695994
1786703733.203429,86.862105,2624,29.72,190.86,74.02,1.0000,0.298214,0.154213,211.72,334.10,0.9887,0.330819,0.696040
1786703733.256704,86.915380,2625,29.72,190.88,74.04,1.0000,0.298247,0.154244,211.66,334.36,0.9885,0.330724,0.696591
1786703733.296662,86.955338,2626,29.72,190.88,74.06,1.0000,0.298249,0.154293,211.60,334.41,0.9885,0.330631,0.696683
1786703733.339833,86.998510,2627,29.72,190.88,74.01,1.0000,0.298255,0.154187,211.58,334.29,0.9885,0.330594,0.696434
1786703733.347429,87.006106,2628,29.72,190.91,74.15,1.0000,0.298293,0.154489,211.57,334.27,0.9884,0.330586,0.696401
1786703733.365893,87.024569,2629,29.72,190.91,73.91,1.0000,0.298301,0.153977,211.57,334.27,0.9884,0.330585,0.696392
1786703733.412471,87.071148,2630,29.72,191.03,73.70,1.0000,0.298487,0.153552,211.60,334.05,0.9883,0.330627,0.695942
1786703733.457315,87.115992,2631,29.72,191.29,73.69,1.0000,0.298886,0.153512,211.60,334.04,0.9882,0.330620,0.695927
1786703733.480441,87.139117,2632,29.72,191.38,73.69,1.0000,0.299026,0.153513,211.59,333.97,0.9882,0.330611,0.695765
1786703733.512320,87.170996,2633,29.72,191.53,73.69,1.0000,0.299268,0.153514,211.59,333.83,0.9879,0.330613,0.695479
1786703733.558060,87.216736,2634,29.72,191.53,73.59,1.0000,0.299270,0.153318,211.61,333.89,0.9879,0.330642,0.695603
1786703733.571158,87.229835,2635,29.72,191.52,73.62,1.0000,0.299248,0.153380,211.60,333.86,0.9877,0.330625,0.695549
1786703733.627901,87.286578,2636,29.72,191.61,73.62,1.0000,0.299384,0.153378,211.59,334.10,0.9877,0.330611,0.696047
1786703733.641552,87.300229,2637,29.72,191.82,73.70,1.0000,0.299715,0.153544,211.62,334.14,0.9876,0.330659,0.696119
1786703733.692618,87.351294,2638,29.67,192.07,73.78,1.0000,0.300112,0.153701,211.63,334.14,0.9878,0.330673,0.696115
1786703733.708570,87.367247,2639,29.67,192.10,73.77,1.0000,0.300151,0.153698,211.61,334.43,0.9877,0.330640,0.696730
1786703733.747077,87.405753,2640,29.67,192.15,73.85,1.0000,0.300240,0.153850,211.66,334.47,0.9877,0.330718,0.696809
1786703733.790173,87.448850,2641,29.67,192.23,74.23,1.0000,0.300352,0.154643,211.65,334.45,0.9877,0.330697,0.696766
1786703733.797589,87.456266,2642,29.67,192.30,74.17,1.0000,0.300466,0.154528,211.65,334.41,0.9879,0.330706,0.696690
1786703733.854027,87.512703,2643,29.67,192.32,74.23,1.0000,0.300495,0.154642,211.64,335.12,0.9880,0.330695,0.698165
1786703733.885114,87.543791,2644,29.67,192.50,74.16,1.0000,0.300783,0.154494,211.68,334.89,0.9880,0.330754,0.697683
1786703733.909624,87.568300,2645,29.67,192.50,74.16,1.0000,0.300787,0.154493,211.62,334.89,0.9881,0.330651,0.697680
1786703733.941224,87.599901,2646,29.67,192.52,73.93,1.0000,0.300817,0.154029,211.54,334.87,0.9882,0.330538,0.697654
1786703733.989859,87.648535,2647,29.67,192.66,74.00,1.0000,0.301035,0.154174,211.55,334.84,0.9882,0.330548,0.697583
1786703734.024213,87.682889,2648,29.67,192.77,73.86,1.0000,0.301200,0.153872,211.53,334.83,0.9882,0.330513,0.697571
1786703734.050391,87.709067,2649,29.67,192.76,73.66,1.0000,0.301192,0.153455,211.46,334.97,0.9882,0.330412,0.697855
1786703734.082005,87.740681,2650,29.67,192.87,73.46,1.0000,0.301353,0.153050,211.50,334.95,0.9884,0.330476,0.697819
1786703734.097685,87.756362,2651,29.67,192.86,73.46,1.0000,0.301344,0.153037,211.51,334.96,0.9883,0.330483,0.697827
1786703734.150389,87.809066,2652,29.67,192.90,73.46,1.0000,0.301401,0.153048,211.50,334.74,0.9883,0.330462,0.697377
1786703734.179403,87.838080,2653,29.67,192.90,73.55,1.0000,0.301401,0.153228,211.49,334.83,0.9884,0.330458,0.697565
1786703734.216009,87.874686,2654,29.90,193.08,73.70,1.0000,0.301686,0.153544,211.58,334.35,0.9885,0.330600,0.696558
1786703734.247229,87.905906,2655,29.90,193.14,73.78,1.0000,0.301785,0.153711,211.59,334.78,0.9885,0.330612,0.697452
1786703734.274291,87.932968,2656,29.90,193.20,73.77,1.0000,0.301868,0.153694,211.59,335.00,0.9884,0.330608,0.697914
1786703734.317804,87.976481,2657,29.90,193.20,73.73,1.0000,0.301871,0.153596,211.60,334.98,0.9884,0.330626,0.697874
1786703734.349379,88.008055,2658,29.90,193.24,73.74,1.0000,0.301942,0.153629,211.67,334.36,0.9885,0.330728,0.696583
1786703734.387178,88.045855,2659,29.90,193.41,73.76,1.0000,0.302203,0.153670,211.66,334.54,0.9885,0.330719,0.696961
1786703734.411195,88.069872,2660,29.90,193.48,73.81,1.0000,0.302315,0.153761,211.68,334.52,0.9885,0.330755,0.696909
1786703734.451553,88.110229,2661,29.90,193.48,73.84,1.0000,0.302313,0.153840,211.63,334.69,0.9887,0.330664,0.697271
1786703734.480654,88.139331,2662,29.90,193.51,73.85,1.0000,0.302357,0.153845,211.62,334.66,0.9886,0.330659,0.697204
1786703734.548753,88.207430,2664,29.90,193.49,73.85,1.0000,0.302326,0.153850,211.62,334.61,0.9885,0.330657,0.697094
1786703734.608032,88.266709,2665,29.90,193.60,73.98,1.0000,0.302499,0.154126,211.61,334.64,0.9883,0.330639,0.697173
1786703734.620627,88.279304,2666,29.90,193.60,73.99,1.0000,0.302500,0.154142,211.58,334.76,0.9883,0.330593,0.697426
1786703734.648567,88.307244,2667,29.90,193.61,74.02,1.0000,0.302510,0.154201,211.58,334.68,0.9882,0.330594,0.697251
1786703734.678443,88.337120,2668,29.90,193.57,74.00,1.0000,0.302456,0.154161,211.57,334.90,0.9882,0.330575,0.697715
1786703734.723113,88.381789,2669,29.40,193.58,74.00,1.0000,0.302467,0.154158,211.56,334.74,0.9884,0.330563,0.697370
1786703734.738108,88.396785,2670,29.40,193.58,74.01,1.0000,0.302468,0.154179,211.56,334.86,0.9884,0.330560,0.697635
1786703734.784214,88.442891,2671,29.40,193.58,74.00,1.0000,0.302474,0.154173,211.54,334.48,0.9885,0.330534,0.696842
1786703734.810595,88.469271,2672,29.40,193.56,73.99,1.0000,0.302438,0.154141,211.50,334.53,0.9884,0.330462,0.696932
1786703734.847106,88.505783,2673,29.40,193.36,73.76,1.0000,0.302131,0.153675,211.53,334.59,0.9883,0.330518,0.697057
1786703734.873733,88.532410,2674,29.40,193.22,73.74,1.0000,0.301903,0.153618,211.54,334.72,0.9883,0.330527,0.697332
1786703734.924598,88.583275,2675,29.40,192.60,73.63,1.0000,0.300944,0.153394,211.61,334.63,0.9884,0.330645,0.697141
1786703734.953445,88.612122,2676,29.40,192.60,73.63,1.0000,0.300937,0.153406,211.67,334.64,0.9885,0.330741,0.697157
1786703734.973569,88.632246,2677,29.40,192.60,73.63,1.0000,0.300940,0.153402,211.66,334.71,0.9883,0.330715,0.697306
1786703735.019111,88.677788,2678,29.40,192.55,73.62,1.0000,0.300860,0.153381,211.61,334.73,0.9882,0.330646,0.697361
1786703735.032279,88.690956,2679,29.40,192.52,73.62,1.0000,0.300814,0.153381,211.59,334.83,0.9880,0.330615,0.697563
1786703735.077611,88.736288,2680,29.40,192.49,73.62,1.0000,0.300763,0.153381,211.56,334.94,0.9879,0.330565,0.697801
1786703735.119996,88.778673,2681,29.40,192.50,73.62,1.0000,0.300776,0.153381,211.56,334.27,0.9880,0.330564,0.696398
1786703735.136965,88.795642,2682,29.40,192.46,73.67,1.0000,0.300724,0.153487,211.57,334.44,0.9880,0.330571,0.696742
1786703735.175339,88.834015,2683,29.40,192.42,73.66,1.0000,0.300656,0.153461,211.64,334.46,0.9881,0.330683,0.696802
1786703735.212130,88.870807,2684,29.40,192.24,73.71,1.0000,0.300369,0.153556,211.62,334.77,0.9881,0.330660,0.697435
1786703735.247033,88.905710,2685,29.71,192.18,74.00,1.0000,0.300289,0.154167,211.62,334.98,0.9881,0.330652,0.697878
1786703735.278697,88.937374,2686,29.71,192.27,74.06,1.0000,0.300427,0.154298,211.67,334.86,0.9881,0.330727,0.697635
1786703735.313326,88.972003,2687,29.71,192.19,74.43,1.0000,0.300299,0.155053,211.64,334.78,0.9881,0.330685,0.697467
1786703735.342379,89.001055,2688,29.71,192.20,74.59,1.0000,0.300310,0.155405,211.57,334.80,0.9881,0.330577,0.697504
1786703735.379963,89.038640,2689,29.71,192.06,74.42,1.0000,0.300096,0.155041,211.58,334.40,0.9883,0.330589,0.696672
1786703735.409267,89.067944,2690,29.71,191.83,74.54,1.0000,0.299732,0.155293,211.50,334.56,0.9884,0.330476,0.696999
1786703735.440029,89.098705,2691,29.71,191.83,74.58,1.0000,0.299732,0.155367,211.44,334.68,0.9882,0.330367,0.697256
1786703735.475714,89.134390,2692,29.71,191.86,74.71,1.0000,0.299784,0.155643,211.52,334.68,0.9879,0.330496,0.697260
1786703735.519526,89.178202,2693,29.71,191.72,74.71,1.0000,0.299564,0.155645,211.52,334.70,0.9879,0.330503,0.697285
1786703735.543276,89.201953,2694,29.71,191.72,74.77,1.0000,0.299566,0.155765,211.58,334.53,0.9879,0.330592,0.696929
1786703735.577324,89.236001,2695,29.71,191.67,74.85,1.0000,0.299481,0.155939,211.57,334.86,0.9876,0.330574,0.697617
1786703735.619205,89.277881,2696,29.71,191.58,74.64,1.0000,0.299348,0.155490,211.63,334.59,0.9875,0.330669,0.697070
1786703735.643315,89.301991,2697,29.71,191.45,74.61,1.0000,0.299137,0.155429,211.61,334.58,0.9877,0.330640,0.697048
1786703735.686251,89.344928,2698,29.71,191.35,74.55,1.0000,0.298990,0.155304,211.65,334.58,0.9878,0.330696,0.697043
1786703735.699600,89.358277,2699,29.71,191.30,74.68,1.0000,0.298909,0.155585,211.59,334.97,0.9877,0.330616,0.697845
1786703735.747411,89.406088,2700,29.71,191.30,74.69,1.0000,0.298900,0.155595,211.58,334.95,0.9878,0.330593,0.697808
1786703735.788936,89.447613,2701,29.62,191.24,74.68,1.0000,0.298816,0.155593,211.60,334.92,0.9878,0.330622,0.697752
1786703735.813699,89.472376,2702,29.62,191.18,74.54,1.0000,0.298712,0.155290,211.58,334.95,0.9876,0.330591,0.697809
1786703735.853121,89.511798,2703,29.62,191.17,74.67,1.0000,0.298710,0.155557,211.57,334.95,0.9876,0.330579,0.697805
1786703735.893020,89.551697,2704,29.62,190.92,74.56,1.0000,0.298306,0.155333,211.57,335.21,0.9877,0.330571,0.698364
1786703735.907992,89.566669,2705,29.62,190.82,74.61,1.0000,0.298157,0.155446,211.56,335.27,0.9876,0.330570,0.698489
1786703735.946215,89.604892,2706,29.62,190.81,74.98,1.0000,0.298134,0.156214,211.62,335.55,0.9876,0.330658,0.699067
1786703735.980713,89.639390,2707,29.62,190.81,75.47,1.0000,0.298143,0.157236,211.65,335.41,0.9878,0.330703,0.698777
1786703736.016925,89.675601,2708,29.62,190.74,75.29,1.0000,0.298032,0.156864,211.63,335.33,0.9879,0.330668,0.698607
1786703736.059608,89.718285,2709,29.62,190.70,75.47,1.0000,0.297974,0.157234,211.77,334.98,0.9879,0.330884,0.697870
1786703736.070783,89.729460,2710,29.62,190.66,75.47,1.0000,0.297911,0.157220,211.77,335.02,0.9880,0.330889,0.697948
1786703736.106175,89.764852,2711,29.62,190.70,75.47,1.0000,0.297966,0.157236,211.85,334.59,0.9881,0.331014,0.697072
1786703736.155320,89.813997,2712,29.62,190.76,75.37,1.0000,0.298066,0.157012,211.84,334.51,0.9882,0.330995,0.696898
1786703736.189874,89.848551,2713,29.62,190.77,75.50,1.0000,0.298070,0.157286,211.88,334.48,0.9882,0.331070,0.696826
1786703736.205885,89.864562,2714,29.62,190.71,75.48,1.0000,0.297982,0.157249,211.87,334.47,0.9883,0.331041,0.696811
1786703736.266846,89.925523,2715,29.62,190.73,75.55,1.0000,0.298017,0.157401,211.84,334.86,0.9884,0.330992,0.697631
1786703736.285708,89.944385,2716,29.62,190.71,75.51,1.0000,0.297979,0.157318,211.83,334.85,0.9884,0.330990,0.697608
1786703736.325203,89.983880,2717,29.68,190.82,75.59,1.0000,0.298149,0.157474,211.86,334.84,0.9884,0.331029,0.697586
1786703736.336771,89.995448,2718,29.68,190.71,75.54,1.0000,0.297978,0.157373,211.85,334.57,0.9884,0.331022,0.697011
1786703736.382997,90.041674,2719,29.68,190.72,75.62,1.0000,0.298006,0.157548,211.85,334.60,0.9885,0.331009,0.697076
1786703736.416311,90.074987,2720,29.68,190.63,75.44,1.0000,0.297867,0.157176,211.82,335.00,0.9883,0.330963,0.697913
1786703736.445183,90.103860,2721,29.68,190.62,75.46,1.0000,0.297842,0.157198,211.90,334.73,0.9883,0.331095,0.697353
1786703736.486810,90.145487,2722,29.68,190.62,75.46,1.0000,0.297843,0.157206,211.88,334.80,0.9883,0.331057,0.697498
1786703736.502502,90.161179,2723,29.68,190.69,75.46,1.0000,0.297956,0.157208,211.88,334.72,0.9883,0.331064,0.697325
1786703736.550397,90.209074,2724,29.68,190.68,75.36,1.0000,0.297943,0.157010,211.88,334.77,0.9883,0.331062,0.697444
1786703736.589867,90.248543,2725,29.68,190.76,75.39,1.0000,0.298068,0.157073,211.86,334.78,0.9883,0.331024,0.697462
1786703736.614054,90.272731,2726,29.68,190.73,74.81,1.0000,0.298023,0.155854,211.81,334.91,0.9883,0.330957,0.697726
1786703736.630170,90.288847,2727,29.68,190.73,74.98,1.0000,0.298022,0.156201,211.83,334.77,0.9882,0.330979,0.697438
1786703736.680820,90.339496,2728,29.68,190.58,74.84,1.0000,0.297789,0.155916,211.80,334.71,0.9882,0.330939,0.697307
1786703736.712329,90.371006,2729,29.68,190.62,74.98,1.0000,0.297851,0.156213,211.80,334.67,0.9882,0.330934,0.697233
1786703736.756977,90.415653,2730,29.68,190.61,74.56,1.0000,0.297822,0.155336,211.79,334.40,0.9882,0.330915,0.696667
1786703736.778340,90.437017,2731,29.68,190.61,74.58,1.0000,0.297821,0.155376,211.79,334.42,0.9883,0.330927,0.696701
1786703736.813013,90.471690,2732,29.68,190.86,74.57,1.0000,0.298212,0.155361,211.70,334.68,0.9883,0.330779,0.697256
1786703736.847575,90.506252,2733,29.84,190.80,74.72,1.0000,0.298120,0.155663,211.67,334.76,0.9885,0.330742,0.697419
1786703736.876044,90.534720,2734,29.84,190.82,74.66,1.0000,0.298152,0.155552,211.65,334.61,0.9883,0.330706,0.697105
1786703736.933812,90.592489,2735,29.84,190.74,74.80,1.0000,0.298031,0.155841,211.62,334.65,0.9884,0.330656,0.697197
1786703736.953002,90.611679,2736,29.84,190.75,74.79,1.0000,0.298045,0.155807,211.61,334.63,0.9885,0.330641,0.697147
1786703736.972088,90.630765,2737,29.84,190.73,74.79,1.0000,0.298022,0.155807,211.59,334.65,0.9886,0.330614,0.697194
1786703737.021950,90.680627,2738,29.84,190.81,74.98,1.0000,0.298147,0.156216,211.61,334.74,0.9885,0.330633,0.697382
1786703737.048771,90.707447,2739,29.84,190.83,74.89,1.0000,0.298167,0.156030,211.64,334.72,0.9885,0.330693,0.697336
1786703737.080568,90.739244,2740,29.84,190.88,75.02,1.0000,0.298257,0.156301,211.66,334.70,0.9886,0.330716,0.697298
1786703737.121170,90.779847,2741,29.84,190.92,75.06,1.0000,0.298318,0.156367,211.71,334.48,0.9885,0.330796,0.696839
1786703737.194810,90.853486,2742,29.84,191.33,75.03,1.0000,0.298953,0.156307,211.66,334.71,0.9884,0.330717,0.697313
1786703737.210429,90.869105,2744,29.84,191.32,74.92,1.0000,0.298931,0.156083,211.61,335.04,0.9880,0.330638,0.698000
1786703737.260105,90.918782,2745,29.84,191.43,74.83,1.0000,0.299107,0.155896,211.58,335.07,0.9880,0.330591,0.698060
1786703737.289431,90.948108,2746,29.84,191.31,74.90,1.0000,0.298921,0.156043,211.56,335.05,0.9881,0.330558,0.698025
1786703737.315199,90.973875,2747,29.84,191.37,74.89,1.0000,0.299018,0.156026,211.54,334.92,0.9883,0.330528,0.697757
1786703737.349608,91.008284,2748,29.46,191.14,74.86,1.0000,0.298656,0.155957,211.52,334.96,0.9883,0.330492,0.697826
1786703737.389506,91.048183,2749,29.46,191.30,74.84,1.0000,0.298909,0.155926,211.52,334.30,0.9884,0.330503,0.696449
1786703737.415312,91.073988,2750,29.46,191.28,74.84,1.0000,0.298878,0.155923,211.55,334.29,0.9885,0.330547,0.696437
1786703737.447008,91.105685,2751,29.46,191.14,74.56,1.0000,0.298659,0.155341,211.59,334.29,0.9886,0.330612,0.696439
1786703737.483856,91.142533,2752,29.46,191.24,74.57,1.0000,0.298820,0.155350,211.77,333.84,0.9888,0.330896,0.695503
1786703737.515293,91.173970,2753,29.46,191.18,74.54,1.0000,0.298711,0.155296,211.69,334.28,0.9888,0.330770,0.696407
1786703737.544633,91.203309,2754,29.46,191.07,74.52,1.0000,0.298543,0.155257,211.70,334.55,0.9886,0.330775,0.696981
1786703737.589862,91.248538,2755,29.46,191.20,74.43,1.0000,0.298744,0.155067,211.68,334.56,0.9886,0.330756,0.696997
1786703737.602149,91.260826,2756,29.46,191.12,74.38,1.0000,0.298617,0.154954,211.64,334.59,0.9887,0.330687,0.697063
1786703737.652665,91.311342,2757,29.46,191.08,74.38,1.0000,0.298556,0.154952,211.61,334.46,0.9888,0.330639,0.696787
1786703737.679124,91.337801,2758,29.46,191.07,74.39,1.0000,0.298543,0.154976,211.59,334.46,0.9887,0.330615,0.696788
1786703737.713290,91.371967,2759,29.46,190.96,74.30,1.0000,0.298371,0.154795,211.59,334.48,0.9887,0.330606,0.696824
1786703737.728662,91.387339,2760,29.46,190.94,74.18,1.0000,0.298351,0.154537,211.61,334.58,0.9884,0.330641,0.697034
1786703737.777455,91.436132,2761,29.46,190.91,74.13,1.0000,0.298301,0.154428,211.59,334.59,0.9884,0.330614,0.697056
1786703737.810287,91.468963,2762,29.46,190.65,74.03,1.0000,0.297886,0.154238,211.61,335.05,0.9883,0.330637,0.698024
1786703737.862823,91.521500,2763,29.42,190.64,73.86,1.0000,0.297873,0.153884,211.61,334.75,0.9882,0.330646,0.697386
1786703737.885570,91.544246,2764,29.42,190.60,73.83,1.0000,0.297805,0.153804,211.61,334.98,0.9883,0.330646,0.697877
1786703737.915475,91.574151,2765,29.42,190.57,73.79,1.0000,0.297765,0.153721,211.63,334.55,0.9882,0.330673,0.696979
1786703737.951660,91.610336,2766,29.42,190.76,73.79,1.0000,0.298070,0.153721,211.60,334.63,0.9883,0.330630,0.697149
1786703737.980532,91.639209,2767,29.42,190.73,73.82,1.0000,0.298015,0.153790,211.61,334.63,0.9883,0.330645,0.697137
1786703738.015287,91.673964,2768,29.42,190.73,73.80,1.0000,0.298012,0.153749,211.59,334.64,0.9883,0.330603,0.697171
1786703738.047305,91.705981,2769,29.42,190.69,73.89,1.0000,0.297954,0.153941,211.56,334.62,0.9880,0.330556,0.697131
1786703738.082203,91.740880,2770,29.42,190.76,73.89,1.0000,0.298064,0.153937,211.56,334.89,0.9880,0.330564,0.697696
1786703738.105652,91.764329,2771,29.42,190.72,73.89,1.0000,0.297998,0.153944,211.56,334.89,0.9880,0.330564,0.697696
1786703738.147920,91.806596,2772,29.42,190.81,73.85,1.0000,0.298135,0.153853,211.54,334.92,0.9881,0.330539,0.697740
1786703738.177434,91.836111,2773,29.42,190.68,73.84,1.0000,0.297936,0.153843,211.56,334.89,0.9880,0.330556,0.697690
1786703738.209791,91.868468,2774,29.42,190.84,73.81,1.0000,0.298194,0.153772,211.55,334.92,0.9878,0.330544,0.697751
1786703738.254060,91.912737,2775,29.42,190.82,73.77,1.0000,0.298152,0.153687,211.56,334.85,0.9875,0.330569,0.697595
1786703738.270848,91.929524,2776,29.42,190.73,73.78,1.0000,0.298023,0.153711,211.56,334.86,0.9873,0.330556,0.697616
1786703738.335557,91.994233,2777,29.42,190.62,73.26,1.0000,0.297838,0.152632,211.53,335.17,0.9873,0.330514,0.698263
1786703738.348896,92.007572,2778,29.42,190.38,73.36,1.0000,0.297468,0.152831,211.43,335.20,0.9873,0.330356,0.698335
1786703738.386005,92.044682,2779,29.66,190.08,73.24,1.0000,0.296998,0.152588,211.43,335.25,0.9874,0.330357,0.698444
1786703738.410494,92.069171,2780,29.66,189.88,73.24,1.0000,0.296694,0.152593,211.40,335.24,0.9875,0.330312,0.698411
1786703738.468594,92.127271,2781,29.66,189.89,73.27,1.0000,0.296698,0.152637,211.53,335.39,0.9875,0.330520,0.698736
1786703738.481632,92.140309,2782,29.66,189.90,73.23,1.0000,0.296715,0.152558,211.55,335.36,0.9876,0.330552,0.698659
1786703738.518455,92.177131,2783,29.66,189.88,73.29,1.0000,0.296681,0.152687,211.56,335.38,0.9877,0.330568,0.698713
1786703738.550538,92.209215,2784,29.66,189.90,73.54,1.0000,0.296723,0.153208,211.56,335.50,0.9877,0.330569,0.698954
1786703738.579327,92.238003,2785,29.66,189.99,73.94,1.0000,0.296862,0.154050,211.62,335.43,0.9875,0.330650,0.698812
1786703738.614148,92.272825,2786,29.66,189.99,73.98,1.0000,0.296864,0.154126,211.59,335.44,0.9877,0.330603,0.698827
1786703738.646715,92.305391,2787,29.66,190.01,74.00,1.0000,0.296890,0.154175,211.65,335.31,0.9878,0.330700,0.698566
1786703738.675117,92.333794,2788,29.66,190.34,74.00,1.0000,0.297403,0.154175,211.58,335.31,0.9879,0.330597,0.698554
1786703738.715089,92.373766,2789,29.66,190.16,74.03,1.0000,0.297118,0.154239,211.57,335.32,0.9879,0.330576,0.698593
1786703738.756827,92.415504,2790,29.66,190.17,73.83,1.0000,0.297134,0.153807,211.60,334.88,0.9878,0.330628,0.697677
1786703738.783579,92.442255,2791,29.66,190.31,73.81,1.0000,0.297353,0.153761,211.61,334.72,0.9880,0.330633,0.697342
1786703738.829312,92.487989,2792,29.66,190.39,73.89,1.0000,0.297484,0.153931,211.63,334.75,0.9878,0.330669,0.697406
1786703738.849956,92.508633,2793,29.66,190.40,73.88,1.0000,0.297494,0.153925,211.64,334.67,0.9877,0.330691,0.697234
1786703738.898256,92.556933,2794,29.55,190.52,74.29,1.0000,0.297686,0.154777,211.65,334.67,0.9877,0.330704,0.697222
1786703738.913562,92.572239,2795,29.55,190.61,74.41,1.0000,0.297834,0.155022,211.70,334.61,0.9878,0.330780,0.697110
1786703738.953980,92.612656,2796,29.55,190.57,74.46,1.0000,0.297760,0.155125,211.62,334.66,0.9876,0.330657,0.697205
1786703738.985970,92.644647,2797,29.55,190.54,74.63,1.0000,0.297716,0.155473,211.63,334.67,0.9878,0.330671,0.697235
1786703739.023612,92.682288,2798,29.55,190.57,74.55,1.0000,0.297765,0.155317,211.58,334.72,0.9877,0.330600,0.697338
1786703739.039302,92.697978,2799,29.55,190.65,74.41,1.0000,0.297896,0.155016,211.63,334.97,0.9878,0.330666,0.697851
1786703739.092448,92.751125,2800,29.55,190.69,74.14,1.0000,0.297960,0.154453,211.64,334.89,0.9878,0.330686,0.697683
1786703739.124225,92.782902,2801,29.55,190.55,74.05,1.0000,0.297727,0.154274,211.59,334.90,0.9878,0.330608,0.697714
1786703739.135086,92.793762,2802,29.55,190.44,73.88,1.0000,0.297569,0.153922,211.59,334.69,0.9878,0.330615,0.697271
1786703739.186265,92.844941,2803,29.55,190.42,73.81,1.0000,0.297525,0.153781,211.69,334.44,0.9879,0.330761,0.696743
1786703739.205641,92.864318,2804,29.55,190.25,73.79,1.0000,0.297261,0.153729,211.66,334.57,0.9878,0.330725,0.697029
1786703739.256483,92.915159,2805,29.55,190.29,74.19,1.0000,0.297335,0.154556,211.66,334.82,0.9879,0.330711,0.697549
1786703739.293122,92.951799,2806,29.55,190.29,74.12,1.0000,0.297335,0.154410,211.67,334.78,0.9880,0.330742,0.697452
1786703739.333573,92.992250,2807,29.55,190.44,73.95,1.0000,0.297569,0.154065,211.71,334.59,0.9879,0.330793,0.697064
1786703739.350791,93.009468,2808,29.55,190.31,73.90,1.0000,0.297359,0.153959,211.71,334.66,0.9878,0.330790,0.697200
1786703739.375678,93.034355,2809,29.55,190.33,74.02,1.0000,0.297393,0.154205,211.70,334.61,0.9878,0.330775,0.697108
1786703739.423729,93.082406,2810,29.72,190.48,74.72,1.0000,0.297620,0.155661,211.72,334.28,0.9879,0.330818,0.696418
1786703739.439434,93.098111,2811,29.72,190.55,74.58,1.0000,0.297734,0.155372,211.77,334.09,0.9880,0.330895,0.696028
1786703739.479051,93.137728,2812,29.72,190.43,74.58,1.0000,0.297548,0.155365,211.76,334.10,0.9882,0.330879,0.696034
1786703739.524579,93.183256,2813,29.72,190.34,74.45,1.0000,0.297410,0.155098,211.75,334.36,0.9884,0.330858,0.696586
1786703739.534477,93.193154,2814,29.72,190.34,74.41,1.0000,0.297410,0.155030,211.69,334.41,0.9885,0.330770,0.696680
1786703739.578532,93.237208,2815,29.72,190.39,74.27,1.0000,0.297490,0.154730,211.73,334.27,0.9886,0.330834,0.696404
1786703739.618762,93.277438,2816,29.72,190.51,74.10,1.0000,0.297676,0.154368,211.69,334.50,0.9885,0.330760,0.696868
1786703739.661300,93.319977,2817,29.72,190.65,74.39,1.0000,0.297892,0.154986,211.54,334.66,0.9886,0.330525,0.697202
1786703739.678867,93.337543,2818,29.72,190.70,74.24,1.0000,0.297974,0.154657,211.54,334.65,0.9887,0.330524,0.697197
1786703739.730828,93.389504,2819,29.72,190.72,74.45,1.0000,0.297993,0.155102,211.56,334.64,0.9887,0.330556,0.697176
1786703739.741100,93.399777,2820,29.72,190.73,74.46,1.0000,0.298017,0.155125,211.56,334.66,0.9889,0.330565,0.697216
1786703739.779163,93.437839,2821,29.72,190.75,74.59,1.0000,0.298048,0.155405,211.62,334.60,0.9888,0.330654,0.697076
1786703739.812400,93.471077,2822,29.72,190.94,74.47,1.0000,0.298348,0.155136,211.69,334.26,0.9887,0.330766,0.696371
1786703739.858050,93.516727,2823,29.72,191.01,74.49,1.0000,0.298450,0.155188,211.69,334.32,0.9888,0.330766,0.696496
1786703739.879314,93.537991,2824,29.72,191.02,74.49,1.0000,0.298466,0.155191,211.69,334.46,0.9890,0.330767,0.696792
1786703739.905690,93.564367,2825,29.72,191.12,74.52,1.0000,0.298623,0.155241,211.70,334.43,0.9891,0.330789,0.696726
1786703739.953161,93.611838,2826,29.83,191.22,74.68,1.0000,0.298788,0.155589,211.71,334.46,0.9889,0.330795,0.696800
1786703739.979274,93.637951,2827,29.83,191.40,74.62,1.0000,0.299058,0.155466,211.71,334.52,0.9888,0.330798,0.696915
1786703740.012545,93.671222,2828,29.83,191.34,74.55,1.0000,0.298976,0.155304,211.67,334.50,0.9889,0.330739,0.696879
1786703740.047345,93.706022,2829,29.83,191.39,74.32,1.0000,0.299044,0.154841,211.65,334.72,0.9887,0.330709,0.697338
1786703740.082158,93.740835,2830,29.83,191.39,74.44,1.0000,0.299054,0.155094,211.64,334.77,0.9887,0.330692,0.697446
1786703740.115914,93.774590,2831,29.83,191.43,74.49,1.0000,0.299103,0.155183,211.60,334.87,0.9888,0.330632,0.697655
1786703740.148851,93.807528,2832,29.83,191.43,74.30,1.0000,0.299107,0.154788,211.58,334.78,0.9889,0.330597,0.697460
1786703740.187873,93.846550,2833,29.83,191.62,74.44,1.0000,0.299400,0.155075,211.58,334.80,0.9887,0.330599,0.697493
1786703740.203969,93.862645,2834,29.83,191.62,74.53,1.0000,0.299414,0.155264,211.59,334.88,0.9886,0.330606,0.697661
1786703740.255137,93.913814,2835,29.83,191.88,74.76,1.0000,0.299805,0.155742,211.58,334.85,0.9885,0.330592,0.697596
1786703740.284305,93.942982,2836,29.83,191.88,74.79,1.0000,0.299810,0.155817,211.71,334.29,0.9884,0.330804,0.696427
1786703740.312589,93.971266,2837,29.83,192.05,74.80,1.0000,0.300071,0.155840,211.74,334.29,0.9884,0.330841,0.696435
1786703740.349973,94.008650,2838,29.83,192.06,74.80,1.0000,0.300093,0.155828,211.75,334.57,0.9883,0.330855,0.697030
1786703740.381429,94.040105,2839,29.83,192.24,75.01,1.0000,0.300373,0.156276,211.76,334.68,0.9884,0.330872,0.697253
1786703740.417663,94.076339,2840,29.83,192.21,74.81,1.0000,0.300323,0.155864,211.82,334.68,0.9885,0.330971,0.697254
1786703740.447701,94.106377,2841,29.83,192.13,74.91,1.0000,0.300208,0.156067,211.82,334.64,0.9886,0.330969,0.697170
1786703740.482291,94.140968,2842,30.03,192.01,74.75,1.0000,0.300011,0.155731,211.82,334.70,0.9885,0.330973,0.697297
1786703740.514246,94.172923,2843,30.03,192.02,74.90,1.0000,0.300037,0.156037,211.80,334.76,0.9883,0.330935,0.697413
1786703740.551381,94.210057,2844,30.03,192.02,74.80,1.0000,0.300038,0.155833,211.77,334.74,0.9885,0.330893,0.697377
1786703740.572982,94.231658,2845,30.03,192.01,74.83,1.0000,0.300018,0.155886,211.77,334.76,0.9885,0.330891,0.697416
1786703740.614347,94.273024,2846,30.03,191.99,74.83,1.0000,0.299991,0.155903,211.74,334.72,0.9887,0.330844,0.697336
1786703740.651432,94.310109,2847,30.03,191.94,74.86,1.0000,0.299903,0.155952,211.74,334.72,0.9887,0.330842,0.697334
1786703740.694227,94.352904,2848,30.03,191.92,74.95,1.0000,0.299874,0.156149,211.73,334.80,0.9888,0.330827,0.697498
1786703740.719392,94.378069,2849,30.03,192.03,74.98,1.0000,0.300048,0.156212,211.74,334.75,0.9887,0.330837,0.697391
1786703740.765322,94.423999,2850,30.03,192.04,74.92,1.0000,0.300065,0.156086,211.74,334.72,0.9886,0.330838,0.697327
1786703740.781217,94.439894,2851,30.03,191.99,74.90,1.0000,0.299982,0.156040,211.73,334.73,0.9887,0.330834,0.697352
1786703740.823775,94.482452,2852,30.03,191.87,74.88,1.0000,0.299800,0.156006,211.73,334.68,0.9887,0.330824,0.697246
1786703740.837281,94.495958,2853,30.03,191.84,74.99,1.0000,0.299751,0.156219,211.76,334.68,0.9885,0.330872,0.697246
1786703740.879378,94.538054,2854,30.03,191.81,74.82,1.0000,0.299706,0.155870,211.76,334.65,0.9886,0.330881,0.697195
1786703740.905730,94.564407,2855,30.03,191.81,74.99,1.0000,0.299709,0.156236,211.74,334.66,0.9885,0.330846,0.697211
1786703740.949181,94.607857,2856,30.03,191.76,74.71,1.0000,0.299626,0.155645,211.72,334.14,0.9883,0.330819,0.696134
1786703740.965260,94.623937,2857,30.03,191.44,74.64,1.0000,0.299119,0.155493,211.73,334.18,0.9883,0.330834,0.696199
1786703741.015562,94.674239,2858,29.93,191.44,74.66,1.0000,0.299121,0.155551,211.71,334.15,0.9883,0.330792,0.696146
1786703741.061153,94.719829,2859,29.93,191.42,74.66,1.0000,0.299090,0.155533,211.70,334.25,0.9883,0.330786,0.696359
1786703741.076881,94.735558,2860,29.93,191.43,74.81,1.0000,0.299104,0.155849,211.70,334.21,0.9883,0.330777,0.696280
1786703741.113850,94.772527,2861,29.93,191.57,74.82,1.0000,0.299324,0.155870,211.67,334.35,0.9884,0.330742,0.696558
1786703741.161731,94.820407,2862,29.93,191.55,74.82,1.0000,0.299304,0.155873,211.71,334.35,0.9884,0.330799,0.696562
1786703741.182199,94.840876,2863,29.93,191.52,74.82,1.0000,0.299252,0.155873,211.71,334.34,0.9884,0.330798,0.696544
1786703741.211456,94.870133,2864,29.93,191.43,74.82,1.0000,0.299103,0.155883,211.66,334.50,0.9885,0.330722,0.696871
1786703741.247016,94.905693,2865,29.93,191.27,74.82,1.0000,0.298857,0.155884,211.63,334.45,0.9886,0.330675,0.696773
1786703741.275902,94.934578,2866,29.93,191.24,74.66,1.0000,0.298808,0.155551,211.64,334.48,0.9886,0.330692,0.696828
1786703741.310892,94.969569,2867,29.93,191.22,74.69,1.0000,0.298776,0.155594,211.65,334.54,0.9888,0.330699,0.696951
1786703741.349319,95.007995,2868,29.93,191.22,74.62,1.0000,0.298783,0.155460,211.69,334.44,0.9889,0.330761,0.696740
1786703741.385935,95.044611,2869,29.93,191.22,74.65,1.0000,0.298789,0.155529,211.70,334.10,0.9888,0.330781,0.696052
1786703741.410062,95.068738,2870,29.93,191.18,74.58,1.0000,0.298718,0.155369,211.69,334.15,0.9890,0.330765,0.696142
1786703741.447382,95.106059,2871,29.93,191.18,74.60,1.0000,0.298716,0.155420,211.67,334.52,0.9889,0.330732,0.696925
1786703741.484684,95.143360,2872,29.93,191.10,74.67,1.0000,0.298589,0.155557,211.63,334.71,0.9889,0.330675,0.697302
1786703741.515415,95.174092,2873,29.93,190.94,74.60,1.0000,0.298346,0.155422,211.66,334.74,0.9890,0.330720,0.697372
1786703741.547732,95.206408,2874,30.05,190.83,74.62,1.0000,0.298168,0.155449,211.66,334.76,0.9892,0.330718,0.697421
1786703741.589620,95.248296,2875,30.05,190.79,74.61,1.0000,0.298104,0.155443,211.69,334.64,0.9892,0.330768,0.697171
1786703741.606838,95.265515,2876,30.05,190.76,74.61,1.0000,0.298061,0.155439,211.70,334.78,0.9892,0.330784,0.697448
1786703741.648135,95.306812,2877,30.05,190.75,74.65,1.0000,0.298050,0.155514,211.66,334.80,0.9894,0.330712,0.697501
1786703741.680184,95.338861,2878,30.05,190.65,74.67,1.0000,0.297888,0.155561,211.66,334.78,0.9893,0.330720,0.697463
1786703741.695293,95.353969,2879,30.05,190.65,74.59,1.0000,0.297884,0.155406,211.65,334.78,0.9895,0.330710,0.697453
1786703741.756716,95.415393,2880,30.05,190.77,74.73,1.0000,0.298071,0.155692,211.67,334.85,0.9894,0.330728,0.697596
1786703741.784089,95.442765,2881,30.05,190.76,74.73,1.0000,0.298069,0.155694,211.67,334.92,0.9895,0.330736,0.697751
1786703741.807006,95.465683,2882,30.05,190.81,74.85,1.0000,0.298145,0.155943,211.68,334.85,0.9894,0.330751,0.697600
1786703741.847234,95.505910,2883,30.05,190.81,74.85,1.0000,0.298145,0.155945,211.69,334.89,0.9895,0.330759,0.697682
1786703741.897641,95.556318,2884,30.05,190.84,75.11,1.0000,0.298192,0.156487,211.70,334.80,0.9895,0.330782,0.697508
1786703741.902972,95.561648,2885,30.05,190.85,75.12,1.0000,0.298197,0.156499,211.70,334.82,0.9896,0.330783,0.697550
1786703741.940326,95.599003,2886,30.05,190.84,75.16,1.0000,0.298192,0.156575,211.64,334.80,0.9897,0.330691,0.697503
1786703741.980337,95.639014,2887,30.05,190.83,75.17,1.0000,0.298167,0.156599,211.64,334.77,0.9898,0.330686,0.697440
1786703742.020681,95.679358,2888,30.05,190.83,75.16,1.0000,0.298166,0.156593,211.62,334.82,0.9899,0.330655,0.697549
1786703742.046988,95.705664,2889,30.02,190.83,75.20,1.0000,0.298166,0.156660,211.63,334.82,0.9899,0.330671,0.697540
1786703742.096905,95.755582,2890,30.02,190.83,75.27,1.0000,0.298178,0.156822,211.65,334.82,0.9898,0.330701,0.697537
1786703742.110429,95.769105,2891,30.02,190.83,75.28,1.0000,0.298179,0.156826,211.59,334.84,0.9898,0.330615,0.697577
1786703742.144614,95.803290,2892,30.02,190.83,75.29,1.0000,0.298180,0.156849,211.59,334.86,0.9898,0.330606,0.697626
1786703742.180005,95.838682,2893,30.02,190.84,75.30,1.0000,0.298180,0.156885,211.56,334.87,0.9896,0.330557,0.697638
1786703742.219632,95.878309,2894,30.02,190.83,75.19,1.0000,0.298169,0.156655,211.65,334.67,0.9895,0.330699,0.697236
1786703742.247700,95.906377,2895,30.02,190.84,75.22,1.0000,0.298188,0.156715,211.68,334.69,0.9892,0.330754,0.697263
1786703742.301568,95.960244,2896,30.02,190.95,75.37,1.0000,0.298364,0.157025,211.70,334.78,0.9892,0.330788,0.697462
1786703742.316855,95.975531,2897,30.02,190.99,75.44,1.0000,0.298429,0.157167,211.69,334.91,0.9891,0.330773,0.697739
1786703742.357057,96.015734,2898,30.02,191.18,75.49,1.0000,0.298719,0.157263,211.74,334.82,0.9890,0.330841,0.697540
1786703742.379940,96.038616,2899,30.02,191.18,75.61,1.0000,0.298725,0.157518,211.74,334.81,0.9889,0.330842,0.697513
1786703742.432453,96.091130,2900,30.02,191.19,75.62,1.0000,0.298727,0.157533,211.67,334.87,0.9887,0.330734,0.697641
1786703742.440376,96.099052,2901,30.02,191.19,75.75,1.0000,0.298728,0.157814,211.70,334.85,0.9888,0.330788,0.697610
1786703742.488384,96.147061,2902,30.02,191.23,75.79,1.0000,0.298790,0.157900,211.69,334.85,0.9888,0.330764,0.697600
1786703742.522526,96.181203,2903,30.02,191.23,75.91,1.0000,0.298798,0.158153,211.69,334.35,0.9889,0.330769,0.696569
1786703742.554367,96.213044,2904,29.87,191.25,75.91,1.0000,0.298834,0.158156,211.67,334.40,0.9890,0.330740,0.696656
1786703742.582705,96.241381,2905,29.87,191.35,76.00,1.0000,0.298990,0.158333,211.68,334.20,0.9891,0.330757,0.696255
1786703742.616424,96.275100,2906,29.87,191.47,76.00,1.0000,0.299169,0.158331,211.67,334.24,0.9891,0.330735,0.696329
1786703742.646049,96.304726,2907,29.87,191.46,76.01,1.0000,0.299154,0.158355,211.62,334.34,0.9889,0.330656,0.696547
1786703742.683507,96.342184,2908,29.87,191.47,76.00,1.0000,0.299177,0.158341,211.62,334.41,0.9888,0.330659,0.696689
1786703742.712054,96.370731,2909,29.87,191.37,75.97,1.0000,0.299021,0.158274,211.61,334.45,0.9888,0.330644,0.696768
1786703742.746940,96.405617,2910,29.87,191.53,75.93,1.0000,0.299266,0.158178,211.55,334.44,0.9886,0.330545,0.696759
1786703742.775751,96.434428,2911,29.87,191.52,75.96,1.0000,0.299252,0.158240,211.55,334.57,0.9885,0.330541,0.697021
1786703742.820691,96.479367,2912,29.87,191.54,75.84,1.0000,0.299278,0.157998,211.53,334.58,0.9885,0.330515,0.697045
1786703742.860211,96.518887,2913,29.87,191.37,75.67,1.0000,0.299015,0.157651,211.54,334.51,0.9881,0.330536,0.696900
1786703742.886808,96.545485,2914,29.87,191.39,75.67,1.0000,0.299052,0.157645,211.55,334.40,0.9881,0.330548,0.696664
1786703742.899750,96.558427,2915,29.87,191.36,75.67,1.0000,0.298995,0.157644,211.54,334.43,0.9877,0.330537,0.696726
1786703742.957751,96.616428,2916,29.87,191.40,75.56,1.0000,0.299063,0.157421,211.65,334.39,0.9877,0.330696,0.696648
1786703742.985507,96.644183,2917,29.87,191.41,75.56,1.0000,0.299085,0.157418,211.64,334.37,0.9878,0.330693,0.696613
1786703743.013297,96.671973,2918,29.87,191.39,75.36,1.0000,0.299051,0.157004,211.63,334.62,0.9879,0.330676,0.697117
1786703743.047878,96.706554,2919,29.87,191.37,75.36,1.0000,0.299011,0.157008,211.61,334.65,0.9878,0.330640,0.697183
1786703743.084159,96.742836,2920,29.96,191.36,75.33,1.0000,0.299005,0.156945,211.61,334.52,0.9880,0.330643,0.696916
1786703743.118745,96.777422,2921,29.96,191.36,75.04,1.0000,0.298999,0.156338,211.61,334.54,0.9881,0.330645,0.696957
1786703743.145126,96.803803,2922,29.96,191.20,74.98,1.0000,0.298747,0.156208,211.62,334.65,0.9878,0.330659,0.697187
1786703743.182559,96.841235,2923,29.96,191.17,74.99,1.0000,0.298703,0.156234,211.60,334.53,0.9878,0.330622,0.696927
1786703743.235598,96.894274,2924,29.96,191.04,74.98,1.0000,0.298499,0.156213,211.56,334.76,0.9879,0.330569,0.697427
1786703743.252436,96.911112,2925,29.96,191.02,74.98,1.0000,0.298468,0.156208,211.64,334.40,0.9879,0.330683,0.696661
1786703743.287610,96.946287,2926,29.96,190.81,74.94,1.0000,0.298134,0.156132,211.52,334.62,0.9880,0.330505,0.697116
1786703743.319802,96.978479,2927,29.96,190.78,74.48,1.0000,0.298091,0.155170,211.51,334.51,0.9880,0.330482,0.696891
1786703743.348652,97.007329,2928,29.96,190.79,74.48,1.0000,0.298104,0.155160,211.51,334.52,0.9878,0.330481,0.696923
1786703743.392836,97.051513,2929,29.96,190.75,74.56,1.0000,0.298047,0.155327,211.52,334.68,0.9879,0.330503,0.697241
1786703743.415064,97.073741,2930,29.96,190.75,74.39,1.0000,0.298048,0.154979,211.50,334.83,0.9878,0.330476,0.697567
1786703743.464795,97.123471,2931,29.96,190.72,74.22,1.0000,0.297995,0.154628,211.51,334.84,0.9877,0.330486,0.697587
1786703743.480850,97.139526,2932,29.96,190.73,74.22,1.0000,0.298010,0.154628,211.51,334.60,0.9876,0.330482,0.697086
1786703743.522069,97.180745,2933,29.96,190.76,74.19,1.0000,0.298066,0.154560,211.50,334.76,0.9876,0.330475,0.697425
1786703743.582641,97.241318,2934,29.56,190.78,74.17,1.0000,0.298089,0.154523,211.51,334.56,0.9875,0.330489,0.696997
1786703743.585317,97.243994,2935,29.56,190.79,74.17,1.0000,0.298115,0.154522,211.51,334.56,0.9876,0.330487,0.697004
1786703743.615680,97.274356,2936,29.56,190.85,74.24,1.0000,0.298210,0.154676,211.52,334.55,0.9877,0.330496,0.696979
1786703743.648638,97.307315,2937,29.56,190.87,74.23,1.0000,0.298236,0.154652,211.55,334.46,0.9877,0.330552,0.696786
1786703743.679956,97.338632,2938,29.56,190.87,74.16,1.0000,0.298230,0.154506,211.55,334.42,0.9876,0.330550,0.696719
1786703743.722932,97.381609,2939,29.56,190.88,74.17,1.0000,0.298245,0.154519,211.57,334.46,0.9877,0.330571,0.696794
1786703743.738715,97.397391,2940,29.56,190.94,74.18,1.0000,0.298339,0.154546,211.56,334.49,0.9878,0.330565,0.696852
1786703743.787147,97.445824,2941,29.56,190.94,74.14,1.0000,0.298344,0.154468,211.59,334.72,0.9879,0.330607,0.697344
1786703743.808988,97.467665,2942,29.56,190.99,74.11,1.0000,0.298416,0.154406,211.61,334.57,0.9880,0.330635,0.697015
1786703743.845313,97.503989,2943,29.56,190.87,74.09,1.0000,0.298228,0.154361,211.61,334.57,0.9880,0.330640,0.697031
1786703743.874073,97.532750,2944,29.56,190.80,73.83,1.0000,0.298119,0.153813,211.61,334.57,0.9882,0.330644,0.697027
1786703743.916542,97.575218,2945,29.56,190.95,73.78,1.0000,0.298366,0.153707,211.61,334.74,0.9879,0.330643,0.697365
1786703743.945157,97.603833,2946,29.56,191.02,73.58,1.0000,0.298471,0.153286,211.59,334.45,0.9880,0.330615,0.696766
1786703743.982473,97.641149,2947,29.56,191.03,73.48,1.0000,0.298477,0.153078,211.60,334.49,0.9879,0.330620,0.696848
1786703744.016683,97.675359,2948,29.56,190.99,73.24,1.0000,0.298416,0.152587,211.61,334.46,0.9881,0.330640,0.696791
1786703744.046290,97.704966,2949,29.56,191.02,73.22,1.0000,0.298468,0.152545,211.62,334.18,0.9879,0.330663,0.696214
1786703744.080929,97.739606,2950,29.56,191.02,73.09,1.0000,0.298468,0.152275,211.64,334.29,0.9879,0.330687,0.696440
1786703744.116027,97.774704,2951,30.00,191.02,73.05,1.0000,0.298474,0.152187,211.67,334.31,0.9878,0.330739,0.696476
1786703744.155976,97.814652,2952,30.00,190.93,73.05,1.0000,0.298326,0.152185,211.68,334.32,0.9878,0.330748,0.696503
1786703744.170880,97.829556,2953,30.00,190.98,72.95,1.0000,0.298414,0.151981,211.69,334.39,0.9878,0.330760,0.696649
1786703744.216825,97.875502,2954,30.00,190.99,73.02,1.0000,0.298417,0.152135,211.63,334.41,0.9878,0.330669,0.696695
1786703744.238268,97.896945,2955,30.00,191.01,73.02,1.0000,0.298446,0.152135,211.71,334.39,0.9877,0.330799,0.696650
1786703744.283528,97.942204,2956,30.00,191.03,73.02,1.0000,0.298477,0.152130,211.75,334.07,0.9878,0.330854,0.695989
1786703744.319993,97.978670,2957,30.00,191.03,73.02,1.0000,0.298477,0.152134,211.74,334.22,0.9876,0.330838,0.696282
1786703744.351201,98.009878,2958,30.00,191.34,73.04,1.0000,0.298973,0.152167,211.72,334.19,0.9876,0.330813,0.696220
1786703744.378153,98.036830,2959,30.00,191.62,73.04,1.0000,0.299400,0.152167,211.70,334.18,0.9877,0.330779,0.696204
1786703744.412017,98.070694,2960,30.00,191.69,73.08,1.0000,0.299522,0.152244,211.68,334.16,0.9876,0.330754,0.696162
1786703744.449912,98.108588,2961,30.00,191.69,73.08,1.0000,0.299522,0.152244,211.63,334.08,0.9875,0.330676,0.695992
1786703744.479111,98.137787,2962,30.00,191.71,73.14,1.0000,0.299550,0.152383,211.61,334.13,0.9876,0.330636,0.696112
1786703744.510498,98.169175,2963,30.00,191.72,73.14,1.0000,0.299562,0.152381,211.59,334.13,0.9876,0.330611,0.696104
1786703744.549875,98.208552,2964,30.00,191.75,73.14,1.0000,0.299615,0.152381,211.59,334.17,0.9875,0.330609,0.696187
1786703744.587020,98.245696,2965,30.00,191.77,73.14,1.0000,0.299635,0.152377,211.60,334.12,0.9875,0.330621,0.696074
1786703744.607947,98.266624,2966,30.00,191.84,73.16,1.0000,0.299749,0.152422,211.62,334.07,0.9874,0.330663,0.695978
1786703744.642529,98.301206,2967,30.12,192.14,73.16,1.0000,0.300215,0.152424,211.62,334.28,0.9873,0.330657,0.696411
1786703744.690327,98.349003,2968,30.12,192.33,73.33,1.0000,0.300510,0.152769,211.74,334.30,0.9874,0.330849,0.696451
1786703744.722245,98.380922,2969,30.12,192.38,73.79,1.0000,0.300600,0.153737,211.75,334.31,0.9874,0.330861,0.696487
1786703744.756235,98.414912,2970,30.12,192.61,74.16,1.0000,0.300959,0.154497,211.77,334.18,0.9875,0.330887,0.696203
1786703744.784027,98.442703,2971,30.12,192.63,74.09,1.0000,0.300979,0.154353,211.74,334.35,0.9875,0.330848,0.696552
1786703744.848354,98.507031,2972,30.12,192.86,74.16,1.0000,0.301347,0.154498,211.85,334.13,0.9875,0.331011,0.696113
1786703744.864852,98.523529,2973,30.12,192.93,74.16,1.0000,0.301459,0.154491,211.88,334.34,0.9875,0.331069,0.696537
1786703744.886928,98.545604,2974,30.12,192.93,74.12,1.0000,0.301450,0.154408,211.88,334.18,0.9875,0.331065,0.696209
1786703744.911312,98.569989,2975,30.12,192.95,74.15,1.0000,0.301488,0.154486,211.87,334.18,0.9875,0.331042,0.696218
1786703744.953988,98.612664,2976,30.12,192.99,74.26,1.0000,0.301545,0.154709,211.87,334.18,0.9874,0.331050,0.696208
1786703744.973607,98.632283,2977,30.12,193.05,74.37,1.0000,0.301638,0.154945,211.87,334.26,0.9875,0.331045,0.696375
1786703745.009043,98.667719,2978,30.12,193.06,74.40,1.0000,0.301660,0.154999,211.79,334.41,0.9874,0.330929,0.696689
1786703745.062517,98.721194,2979,30.12,193.08,74.39,1.0000,0.301683,0.154976,211.75,334.29,0.9873,0.330861,0.696442
1786703745.085378,98.744055,2980,30.12,193.22,74.39,1.0000,0.301909,0.154978,211.75,334.29,0.9873,0.330856,0.696437
1786703745.112579,98.771256,2981,30.12,193.23,74.39,1.0000,0.301921,0.154982,211.71,334.32,0.9872,0.330803,0.696505
1786703745.149585,98.808262,2982,29.97,193.37,74.38,1.0000,0.302133,0.154961,211.70,334.38,0.9872,0.330789,0.696617
1786703745.176150,98.834826,2983,29.97,193.35,74.36,1.0000,0.302116,0.154918,211.69,334.39,0.9873,0.330761,0.696647
1786703745.224355,98.883031,2984,29.97,193.47,74.30,1.0000,0.302297,0.154799,211.68,334.68,0.9873,0.330744,0.697252
1786703745.240361,98.899038,2985,29.97,193.46,74.32,1.0000,0.302282,0.154829,211.68,334.60,0.9875,0.330758,0.697077
1786703745.285696,98.944372,2986,29.97,193.41,74.32,1.0000,0.302210,0.154833,211.70,334.82,0.9873,0.330785,0.697535
1786703745.328375,98.987052,2987,29.97,193.41,74.29,1.0000,0.302196,0.154776,211.68,334.79,0.9875,0.330753,0.697479
1786703745.345216,99.003893,2988,29.97,193.43,74.29,1.0000,0.302228,0.154769,211.68,334.36,0.9875,0.330743,0.696582
1786703745.381362,99.040038,2989,29.97,193.37,74.29,1.0000,0.302139,0.154763,211.67,334.35,0.9874,0.330742,0.696566
1786703745.423648,99.082325,2990,29.97,193.37,74.25,1.0000,0.302139,0.154689,211.64,334.16,0.9875,0.330693,0.696176
1786703745.447536,99.106212,2991,29.97,193.37,74.25,1.0000,0.302138,0.154679,211.72,334.11,0.9875,0.330819,0.696062
1786703745.489381,99.148057,2992,29.97,193.32,74.26,1.0000,0.302069,0.154707,211.71,334.15,0.9876,0.330793,0.696153
1786703745.553410,99.212087,2994,29.97,193.20,74.21,1.0000,0.301881,0.154599,211.69,333.91,0.9876,0.330761,0.695656
1786703745.587528,99.246204,2995,29.97,193.22,74.21,1.0000,0.301899,0.154609,211.66,333.94,0.9877,0.330723,0.695702
1786703745.616973,99.275650,2996,29.97,193.21,74.30,1.0000,0.301895,0.154788,211.66,334.18,0.9876,0.330713,0.696207
1786703745.648760,99.307436,2997,29.97,193.23,74.32,1.0000,0.301915,0.154823,211.70,334.23,0.9879,0.330784,0.696304
1786703745.679723,99.338399,2998,29.67,193.22,74.31,1.0000,0.301906,0.154821,211.70,334.23,0.9880,0.330783,0.696304
1786703745.722789,99.381465,2999,29.67,193.21,74.25,1.0000,0.301888,0.154693,211.77,334.15,0.9881,0.330889,0.696142
1786703745.748383,99.407059,3000,29.67,193.02,74.25,1.0000,0.301600,0.154688,211.70,334.44,0.9883,0.330787,0.696754
1786703745.766058,99.424735,3001,29.67,192.86,74.33,1.0000,0.301346,0.154852,211.78,334.35,0.9884,0.330912,0.696552
1786703745.826147,99.484824,3002,29.67,192.81,74.55,1.0000,0.301265,0.155314,211.80,334.13,0.9884,0.330941,0.696104
1786703745.848372,99.507049,3003,29.67,192.80,74.53,1.0000,0.301252,0.155273,211.77,334.27,0.9886,0.330888,0.696393
1786703745.891984,99.550661,3004,29.67,192.68,74.58,1.0000,0.301065,0.155382,211.75,334.24,0.9884,0.330856,0.696340
1786703745.922653,99.581329,3005,29.67,192.55,74.50,1.0000,0.300866,0.155216,211.69,334.24,0.9884,0.330773,0.696332
1786703745.952013,99.610690,3006,29.67,192.46,74.50,1.0000,0.300719,0.155218,211.69,334.25,0.9884,0.330766,0.696350
1786703745.975623,99.634300,3007,29.67,192.40,74.49,1.0000,0.300620,0.155181,211.70,334.20,0.9882,0.330774,0.696260
1786703746.008015,99.666692,3008,29.67,192.17,74.67,1.0000,0.300273,0.155553,211.69,334.31,0.9882,0.330759,0.696488
1786703746.046730,99.705406,3009,29.67,192.09,74.82,1.0000,0.300137,0.155869,211.63,334.27,0.9882,0.330667,0.696387
1786703746.082623,99.741300,3010,29.67,192.02,74.96,1.0000,0.300026,0.156166,211.61,333.98,0.9881,0.330648,0.695795
1786703746.164601,99.823277,3011,29.67,192.01,74.88,1.0000,0.300020,0.156002,211.45,334.20,0.9881,0.330384,0.696247
1786703746.177801,99.836478,3013,29.21,191.81,74.88,1.0000,0.299700,0.155998,211.46,334.35,0.9879,0.330399,0.696563
1786703746.219933,99.878609,3014,29.21,191.54,74.88,1.0000,0.299288,0.156002,211.45,334.29,0.9879,0.330385,0.696448
1786703746.253713,99.912390,3015,29.21,191.52,74.94,1.0000,0.299243,0.156122,211.45,334.49,0.9879,0.330394,0.696857
1786703746.296592,99.955269,3016,29.21,191.20,74.88,1.0000,0.298753,0.156007,211.41,334.63,0.9878,0.330327,0.697141
1786703746.310753,99.969430,3017,29.21,191.20,74.95,1.0000,0.298754,0.156147,211.41,335.00,0.9876,0.330331,0.697924
1786703746.371218,100.029895,3018,29.21,191.14,74.96,1.0000,0.298655,0.156171,211.41,334.98,0.9873,0.330331,0.697884
1786703746.392574,100.051251,3019,29.21,191.24,74.96,1.0000,0.298809,0.156172,211.40,335.04,0.9872,0.330315,0.698001
1786703746.409729,100.068406,3020,29.21,191.22,74.91,1.0000,0.298782,0.156061,211.38,335.13,0.9873,0.330275,0.698194
1786703746.437783,100.096460,3021,29.21,191.08,74.90,1.0000,0.298557,0.156045,211.40,335.11,0.9873,0.330310,0.698149
1786703746.482773,100.141449,3022,29.21,191.04,74.90,1.0000,0.298503,0.156048,211.40,335.10,0.9873,0.330315,0.698123
1786703746.516880,100.175557,3023,29.21,190.89,74.95,1.0000,0.298259,0.156151,211.44,335.07,0.9874,0.330379,0.698054
1786703746.556646,100.215322,3024,29.21,190.83,74.62,1.0000,0.298172,0.155449,211.72,334.77,0.9876,0.330812,0.697431
1786703746.566919,100.225595,3025,29.21,190.62,74.61,1.0000,0.297843,0.155439,211.72,334.93,0.9877,0.330809,0.697777
1786703746.617217,100.275894,3026,29.21,190.45,74.61,1.0000,0.297584,0.155441,211.70,334.85,0.9876,0.330777,0.697613
1786703746.646738,100.305414,3027,29.21,190.45,74.60,1.0000,0.297581,0.155426,211.71,334.72,0.9879,0.330791,0.697329
1786703746.681746,100.340423,3028,29.21,190.42,74.59,1.0000,0.297536,0.155397,211.71,334.75,0.9878,0.330791,0.697405
1786703746.716087,100.374763,3029,29.42,190.42,74.64,1.0000,0.297536,0.155496,211.64,334.91,0.9877,0.330694,0.697719
1786703746.745019,100.403696,3030,29.42,190.42,74.54,1.0000,0.297536,0.155283,211.66,334.65,0.9877,0.330718,0.697185
1786703746.787811,100.446487,3031,29.42,190.32,74.53,1.0000,0.297378,0.155269,211.65,334.79,0.9877,0.330700,0.697475
1786703746.813670,100.472346,3032,29.42,190.31,74.48,1.0000,0.297365,0.155171,211.70,334.51,0.9877,0.330779,0.696903
1786703746.845132,100.503808,3033,29.42,190.29,74.37,1.0000,0.297332,0.154939,211.71,334.51,0.9877,0.330797,0.696903
1786703746.882130,100.540807,3034,29.42,190.28,74.39,1.0000,0.297318,0.154978,211.68,334.58,0.9878,0.330755,0.697048
1786703746.916308,100.574984,3035,29.42,190.27,74.24,1.0000,0.297303,0.154671,211.73,334.30,0.9879,0.330827,0.696467
1786703746.947277,100.605954,3036,29.42,190.26,74.34,1.0000,0.297281,0.154869,211.72,334.35,0.9880,0.330812,0.696567
1786703746.996560,100.655236,3037,29.42,190.11,74.20,1.0000,0.297049,0.154585,211.72,334.36,0.9880,0.330816,0.696575
1786703747.010863,100.669540,3038,29.42,190.09,74.20,1.0000,0.297019,0.154592,211.65,334.36,0.9882,0.330707,0.696582
1786703747.050400,100.709077,3039,29.42,190.09,74.10,1.0000,0.297015,0.154377,211.70,334.26,0.9883,0.330787,0.696373
1786703747.090293,100.748970,3040,29.42,190.20,74.26,1.0000,0.297180,0.154715,211.65,334.38,0.9883,0.330704,0.696630
1786703747.107400,100.766076,3041,29.42,190.17,74.21,1.0000,0.297145,0.154614,211.70,334.25,0.9886,0.330780,0.696360
1786703747.142866,100.801543,3042,29.42,189.99,74.32,1.0000,0.296857,0.154823,211.64,334.50,0.9887,0.330684,0.696871
1786703747.195430,100.854106,3043,29.42,189.99,74.32,1.0000,0.296855,0.154832,211.60,334.52,0.9885,0.330626,0.696908
1786703747.214079,100.872755,3044,29.44,189.97,74.34,1.0000,0.296832,0.154867,211.60,334.62,0.9886,0.330625,0.697119
1786703747.248417,100.907094,3045,29.44,189.97,74.35,1.0000,0.296826,0.154891,211.57,334.61,0.9884,0.330579,0.697096
1786703747.288862,100.947539,3046,29.44,189.92,74.35,1.0000,0.296756,0.154892,211.60,334.86,0.9887,0.330624,0.697615
1786703747.309380,100.968056,3047,29.44,190.02,74.34,1.0000,0.296907,0.154877,211.65,334.83,0.9889,0.330696,0.697561
1786703747.346627,101.005303,3048,29.44,189.99,74.41,1.0000,0.296861,0.155017,211.62,334.86,0.9889,0.330660,0.697634
1786703747.425153,101.083829,3049,29.44,189.99,74.35,1.0000,0.296855,0.154890,211.62,334.60,0.9889,0.330659,0.697086
1786703747.441748,101.100425,3051,29.44,189.92,74.33,1.0000,0.296743,0.154863,211.61,334.76,0.9889,0.330633,0.697412
1786703747.483109,101.141786,3052,29.44,189.88,74.35,1.0000,0.296688,0.154892,211.59,334.88,0.9883,0.330602,0.697671
1786703747.512320,101.170996,3053,29.44,189.86,74.34,1.0000,0.296658,0.154884,211.59,334.95,0.9885,0.330604,0.697808
1786703747.543597,101.202273,3054,29.44,189.86,74.34,1.0000,0.296659,0.154878,211.55,334.95,0.9886,0.330549,0.697811
1786703747.573895,101.232571,3055,29.44,189.71,74.19,1.0000,0.296420,0.154571,211.56,334.67,0.9887,0.330560,0.697219
1786703747.605742,101.264418,3056,29.44,189.80,74.18,1.0000,0.296561,0.154548,211.56,334.67,0.9888,0.330568,0.697223
1786703747.642222,101.300899,3057,29.44,189.77,74.37,1.0000,0.296512,0.154946,211.54,334.70,0.9889,0.330531,0.697300
1786703747.680001,101.338677,3058,29.44,189.73,74.46,1.0000,0.296448,0.155115,211.54,334.70,0.9890,0.330526,0.697298
1786703747.724881,101.383557,3059,29.44,189.76,74.45,1.0000,0.296498,0.155100,211.49,334.72,0.9890,0.330456,0.697328
1786703747.747148,101.405824,3060,29.26,189.70,74.44,1.0000,0.296401,0.155079,211.49,334.87,0.9891,0.330450,0.697645
1786703747.780294,101.438971,3061,29.26,189.42,74.44,1.0000,0.295966,0.155080,211.51,334.87,0.9891,0.330481,0.697637
1786703747.819635,101.478312,3062,29.26,189.41,74.43,1.0000,0.295946,0.155056,211.46,334.77,0.9892,0.330399,0.697428
1786703747.851490,101.510166,3063,29.26,189.35,74.43,1.0000,0.295855,0.155056,211.45,334.76,0.9892,0.330398,0.697421
1786703747.876929,101.535605,3064,29.26,189.34,74.22,1.0000,0.295843,0.154624,211.50,334.89,0.9891,0.330465,0.697693
1786703747.920917,101.579594,3065,29.26,189.33,74.51,1.0000,0.295822,0.155228,211.54,334.87,0.9889,0.330539,0.697643
1786703747.952778,101.611455,3066,29.26,189.23,74.44,1.0000,0.295667,0.155088,211.52,334.63,0.9890,0.330501,0.697141
1786703747.978571,101.637248,3067,29.26,189.19,74.37,1.0000,0.295610,0.154946,211.63,334.55,0.9890,0.330675,0.696977
1786703748.025350,101.684027,3068,29.26,189.37,74.36,1.0000,0.295896,0.154914,211.63,334.38,0.9889,0.330674,0.696619
1786703748.063505,101.722182,3069,29.26,189.37,74.40,1.0000,0.295888,0.155000,211.61,334.42,0.9888,0.330648,0.696703
1786703748.077865,101.736542,3070,29.26,189.37,74.46,1.0000,0.295886,0.155123,211.59,334.67,0.9888,0.330614,0.697234
1786703748.116575,101.775252,3071,29.26,189.34,74.61,1.0000,0.295841,0.155443,211.57,334.68,0.9887,0.330579,0.697259
1786703748.161595,101.820271,3072,29.26,189.17,74.54,1.0000,0.295577,0.155283,211.58,334.58,0.9888,0.330594,0.697033
1786703748.174434,101.833111,3073,29.26,189.36,74.36,1.0000,0.295881,0.154908,211.61,334.44,0.9886,0.330642,0.696753
1786703748.212721,101.871397,3074,29.26,189.42,74.37,1.0000,0.295976,0.154944,211.61,334.44,0.9888,0.330634,0.696754
1786703748.250069,101.908745,3075,29.26,189.32,74.56,1.0000,0.295819,0.155338,211.60,334.46,0.9888,0.330631,0.696785
1786703748.286763,101.945440,3076,29.44,189.18,74.57,1.0000,0.295589,0.155361,211.61,334.61,0.9887,0.330642,0.697098
1786703748.321562,101.980239,3077,29.44,189.18,74.53,1.0000,0.295594,0.155268,211.55,334.72,0.9887,0.330555,0.697326
1786703748.353602,102.012279,3078,29.44,189.19,74.43,1.0000,0.295608,0.155064,211.57,334.60,0.9889,0.330582,0.697078
1786703748.388386,102.047063,3079,29.44,189.19,74.67,1.0000,0.295610,0.155562,211.55,335.22,0.9888,0.330550,0.698375
1786703748.419553,102.078230,3080,29.44,189.17,74.56,1.0000,0.295574,0.155331,211.48,335.18,0.9890,0.330443,0.698283
1786703748.454033,102.112710,3081,29.44,189.32,74.28,1.0000,0.295809,0.154743,211.50,335.12,0.9888,0.330466,0.698170
1786703748.477681,102.136357,3082,29.44,189.39,74.38,1.0000,0.295918,0.154965,211.54,335.15,0.9890,0.330531,0.698236
1786703748.532444,102.191121,3083,29.44,189.50,74.38,1.0000,0.296098,0.154951,211.57,334.76,0.9889,0.330578,0.697412
1786703748.543998,102.202675,3084,29.44,189.60,74.43,1.0000,0.296242,0.155061,211.56,334.92,0.9888,0.330558,0.697755
1786703748.587543,102.246220,3085,29.44,189.59,74.45,1.0000,0.296228,0.155108,211.54,335.04,0.9887,0.330535,0.697994
1786703748.605312,102.263989,3086,29.44,189.59,74.32,1.0000,0.296234,0.154838,211.52,335.00,0.9886,0.330498,0.697920
1786703748.653081,102.311758,3087,29.44,189.68,74.33,1.0000,0.296369,0.154848,211.47,334.95,0.9887,0.330429,0.697807
1786703748.715396,102.374073,3088,29.44,189.98,74.52,1.0000,0.296843,0.155249,211.35,335.26,0.9884,0.330231,0.698454
1786703748.722558,102.381235,3089,29.44,189.85,74.52,1.0000,0.296637,0.155246,211.36,335.19,0.9884,0.330251,0.698320
1786703748.749762,102.408439,3090,29.44,189.89,74.26,1.0000,0.296705,0.154705,211.48,334.80,0.9885,0.330438,0.697505
1786703748.782424,102.441101,3091,29.55,189.91,74.19,1.0000,0.296729,0.154562,211.49,334.81,0.9885,0.330446,0.697514
1786703748.818773,102.477450,3092,29.55,189.91,74.31,1.0000,0.296729,0.154804,211.64,334.58,0.9885,0.330691,0.697051
1786703748.865940,102.524616,3093,29.55,189.91,74.43,1.0000,0.296738,0.155065,211.60,334.71,0.9885,0.330624,0.697314
1786703748.882221,102.540898,3094,29.55,189.95,74.43,1.0000,0.296794,0.155067,211.59,334.70,0.9881,0.330617,0.697285
1786703748.920636,102.579313,3095,29.55,190.20,74.43,1.0000,0.297182,0.155066,211.71,334.72,0.9882,0.330791,0.697343
1786703748.952176,102.610852,3096,29.55,190.09,73.99,1.0000,0.297021,0.154149,211.72,334.46,0.9884,0.330811,0.696788
1786703748.992487,102.651164,3097,29.55,190.10,74.09,1.0000,0.297026,0.154350,211.67,334.44,0.9886,0.330739,0.696742
1786703749.013209,102.671885,3098,29.55,190.11,74.24,1.0000,0.297042,0.154663,211.62,334.70,0.9885,0.330663,0.697297
1786703749.046643,102.705320,3099,29.55,190.11,74.40,1.0000,0.297041,0.155002,211.58,334.79,0.9882,0.330599,0.697470
1786703749.097913,102.756589,3100,29.55,190.13,74.20,1.0000,0.297072,0.154585,211.56,334.88,0.9881,0.330570,0.697662
1786703749.110480,102.769157,3101,29.55,190.13,74.20,1.0000,0.297074,0.154588,211.56,334.88,0.9879,0.330556,0.697672
1786703749.156280,102.814957,3102,29.55,190.09,74.29,1.0000,0.297020,0.154769,211.63,334.48,0.9879,0.330666,0.696836
1786703749.184311,102.842987,3103,29.55,189.99,74.40,1.0000,0.296860,0.154996,211.63,334.48,0.9879,0.330665,0.696835
1786703749.215378,102.874055,3104,29.55,189.93,74.34,1.0000,0.296771,0.154871,211.50,334.44,0.9882,0.330470,0.696740
1786703749.249516,102.908193,3105,29.55,189.96,74.29,1.0000,0.296811,0.154767,211.53,334.31,0.9883,0.330514,0.696483
1786703749.281628,102.940305,3106,29.55,189.91,74.46,1.0000,0.296737,0.155126,211.51,335.03,0.9884,0.330490,0.697969
1786703749.319991,102.978667,3107,29.61,189.77,74.38,1.0000,0.296523,0.154960,211.46,335.00,0.9883,0.330405,0.697921
1786703749.354353,103.013030,3108,29.61,189.70,74.07,1.0000,0.296409,0.154314,211.48,334.75,0.9884,0.330443,0.697404
1786703749.395343,103.054019,3109,29.61,189.66,74.05,1.0000,0.296344,0.154274,211.72,334.82,0.9883,0.330813,0.697552
1786703749.410707,103.069384,3110,29.61,189.57,74.48,1.0000,0.296203,0.155159,211.72,334.88,0.9882,0.330814,0.697675
1786703749.453159,103.111836,3111,29.61,189.57,74.47,1.0000,0.296207,0.155154,211.74,334.71,0.9883,0.330847,0.697303
1786703749.486801,103.145478,3112,29.61,189.58,74.61,1.0000,0.296218,0.155443,211.80,334.21,0.9885,0.330941,0.696262
1786703749.518136,103.176812,3113,29.61,189.59,74.69,1.0000,0.296235,0.155612,211.87,334.40,0.9883,0.331048,0.696668
1786703749.544616,103.203293,3114,29.61,189.64,74.90,1.0000,0.296318,0.156049,211.90,334.44,0.9883,0.331094,0.696750
1786703749.578583,103.237260,3115,29.61,189.61,74.90,1.0000,0.296264,0.156045,211.91,334.42,0.9882,0.331113,0.696705
1786703749.619754,103.278431,3116,29.61,189.61,75.31,1.0000,0.296264,0.156887,211.95,334.45,0.9883,0.331179,0.696776
1786703749.645911,103.304588,3117,29.61,189.67,75.87,1.0000,0.296358,0.158062,211.99,334.53,0.9880,0.331241,0.696945
1786703749.681396,103.340073,3118,29.61,189.74,76.40,1.0000,0.296468,0.159175,212.06,334.52,0.9881,0.331339,0.696916
1786703749.718016,103.376692,3119,29.61,189.83,77.37,1.0000,0.296615,0.161192,212.05,334.59,0.9880,0.331325,0.697058
1786703749.751508,103.410184,3120,29.61,189.55,78.78,1.0000,0.296179,0.164132,212.06,334.32,0.9879,0.331340,0.696508
1786703749.776175,103.434852,3121,29.61,189.56,79.21,1.0000,0.296182,0.165017,212.10,334.27,0.9880,0.331402,0.696388
1786703749.816922,103.475599,3122,29.61,189.45,79.96,1.0000,0.296010,0.166591,212.10,334.39,0.9883,0.331406,0.696641
1786703749.844659,103.503335,3123,29.84,189.41,80.38,1.0000,0.295957,0.167457,212.09,334.38,0.9885,0.331383,0.696634
1786703749.881491,103.540168,3124,29.84,189.44,80.53,1.0000,0.295992,0.167772,212.07,334.62,0.9887,0.331364,0.697131
1786703749.918917,103.577593,3125,29.84,189.51,80.68,1.0000,0.296115,0.168077,211.92,334.42,0.9889,0.331121,0.696701
1786703749.987904,103.646581,3127,29.84,189.42,80.86,1.0000,0.295970,0.168460,211.97,334.31,0.9891,0.331203,0.696479
1786703750.013950,103.672627,3128,29.84,189.81,80.96,1.0000,0.296573,0.168656,211.98,334.06,0.9894,0.331218,0.695953
1786703750.041044,103.699721,3129,29.84,190.02,81.23,1.0000,0.296905,0.169227,211.97,334.08,0.9897,0.331198,0.696009
1786703750.084414,103.743091,3130,29.84,190.61,82.07,1.0000,0.297828,0.170976,211.96,334.02,0.9897,0.331193,0.695877
1786703750.148708,103.807384,3132,29.84,192.17,82.57,1.0000,0.300269,0.172019,212.12,333.72,0.9901,0.331431,0.695254
1786703750.184133,103.842810,3133,29.84,192.30,83.23,1.0000,0.300469,0.173393,212.15,333.72,0.9902,0.331491,0.695253
1786703750.215341,103.874017,3134,29.84,192.89,84.21,1.0000,0.301396,0.175432,212.12,333.72,0.9901,0.331441,0.695256
1786703750.240533,103.899209,3135,29.84,192.82,85.09,1.0000,0.301282,0.177262,211.94,334.31,0.9898,0.331159,0.696472
1786703750.292648,103.951324,3136,29.84,192.78,85.80,1.0000,0.301217,0.178749,211.89,333.73,0.9897,0.331084,0.695278
1786703750.323322,103.981999,3137,28.56,192.67,86.19,1.0000,0.301043,0.179562,211.63,333.77,0.9896,0.330674,0.695363
1786703750.364875,104.023551,3138,28.56,193.06,87.10,1.0000,0.301660,0.181460,211.62,333.83,0.9894,0.330654,0.695471
1786703750.416090,104.074767,3140,28.56,193.29,87.33,0.9999,0.302019,0.181940,211.76,333.86,0.9891,0.330874,0.695540
1786703750.453128,104.111804,3141,28.56,193.41,87.50,0.9999,0.302201,0.182300,211.77,333.82,0.9887,0.330893,0.695463
1786703750.504840,104.163516,3143,28.56,194.97,87.81,0.9999,0.304635,0.182934,211.75,333.69,0.9886,0.330866,0.695193
1786703750.563673,104.222349,3144,28.56,196.25,88.08,0.9999,0.306634,0.183502,211.49,333.93,0.9885,0.330458,0.695689
1786703750.577222,104.235898,3145,28.56,196.14,88.14,0.9999,0.306475,0.183629,211.45,333.90,0.9876,0.330391,0.695616
1786703750.618004,104.276681,3146,28.56,196.03,88.13,0.9999,0.306292,0.183610,210.91,333.91,0.9874,0.329547,0.695646
1786703750.689233,104.347910,3148,28.56,196.14,88.48,0.9999,0.306474,0.184335,209.61,332.81,0.9874,0.327520,0.693356
1786703750.720360,104.379037,3149,28.56,196.67,88.80,0.9999,0.307297,0.185004,208.58,332.72,0.9874,0.325906,0.693174
1786703750.782252,104.440928,3151,28.56,197.35,89.77,0.9999,0.308357,0.187027,207.79,332.47,0.9877,0.324679,0.692651
1786703750.812924,104.471601,3152,27.17,197.41,90.02,0.9999,0.308453,0.187541,206.21,332.17,0.9880,0.322208,0.692011
1786703750.873953,104.532629,3154,27.17,197.37,90.00,0.9999,0.308387,0.187491,204.69,331.28,0.9888,0.319832,0.690164
1786703750.915409,104.574086,3155,27.17,196.82,90.22,0.9999,0.307526,0.187969,203.20,330.80,0.9894,0.317496,0.689167
1786703750.941396,104.600073,3156,27.17,195.86,90.83,0.9999,0.306025,0.189226,202.88,330.78,0.9901,0.316999,0.689126
1786703751.017953,104.676630,3158,27.17,193.20,90.73,0.9999,0.301882,0.189022,200.66,330.43,0.9907,0.313525,0.688395
1786703751.033860,104.692537,3159,27.17,191.74,90.72,0.9999,0.299589,0.188997,199.38,330.25,0.9913,0.311535,0.688027
1786703751.112458,104.771135,3161,27.17,188.20,90.84,0.9999,0.294063,0.189260,197.04,330.14,0.9919,0.307868,0.687795
1786703751.144630,104.803306,3162,27.17,185.98,90.85,0.9999,0.290591,0.189278,196.32,330.30,0.9924,0.306754,0.688131
1786703751.208291,104.866967,3164,27.17,181.30,90.95,0.9999,0.283276,0.189472,196.10,330.48,0.9928,0.306400,0.688492
1786703751.255816,104.914493,3165,27.17,177.71,91.06,0.9999,0.277671,0.189712,196.29,330.83,0.9933,0.306702,0.689225
