host_epoch,t_rel,frame_number,fps,head_x,head_y,head_confidence,head_x_norm,head_y_norm,feet_x,feet_y,feet_confidence,feet_x_norm,feet_y_norm
1786703488.330455,-0.058396,18,0.00,232.53,70.16,1.0000,0.363335,0.146157,249.18,334.90,0.9686,0.389351,0.697702
1786703488.446534,0.057683,21,0.00,232.55,70.16,1.0000,0.363356,0.146171,249.17,335.06,0.9678,0.389325,0.698046
1786703488.544417,0.155566,22,0.00,232.51,70.17,1.0000,0.363292,0.146189,249.16,335.14,0.9678,0.389310,0.698207
1786703488.546436,0.157585,24,0.00,232.51,69.87,1.0000,0.363292,0.145552,249.19,335.13,0.9679,0.389362,0.698177
1786703488.647646,0.258795,25,0.00,232.33,69.82,1.0000,0.363015,0.145457,249.23,335.06,0.9679,0.389416,0.698043
1786703488.647971,0.259120,27,0.00,232.33,69.46,1.0000,0.363016,0.144700,249.22,335.01,0.9682,0.389404,0.697939
1786703488.748725,0.359874,28,0.00,232.24,68.99,1.0000,0.362877,0.143729,249.26,334.98,0.9680,0.389470,0.697885
1786703488.752019,0.363168,30,0.00,232.05,68.88,1.0000,0.362579,0.143502,249.25,334.92,0.9683,0.389449,0.697747
1786703488.853930,0.465079,31,0.00,232.41,68.89,1.0000,0.363136,0.143512,249.25,334.84,0.9680,0.389455,0.697591
1786703488.863214,0.474363,33,0.00,232.31,68.89,1.0000,0.362987,0.143522,249.26,334.81,0.9675,0.389472,0.697513
1786703488.879150,0.490299,34,21.38,232.32,68.89,1.0000,0.363007,0.143515,249.29,334.80,0.9672,0.389511,0.697499
1786703488.912378,0.523526,35,21.38,232.34,68.86,1.0000,0.363024,0.143453,249.28,334.83,0.9670,0.389498,0.697573
1786703488.949686,0.560835,36,21.38,232.35,68.85,1.0000,0.363052,0.143439,249.33,334.78,0.9671,0.389585,0.697463
1786703489.028771,0.639920,38,21.38,232.35,68.80,1.0000,0.363049,0.143332,249.48,334.74,0.9671,0.389811,0.697370
1786703489.031453,0.642602,39,21.38,232.36,68.78,1.0000,0.363059,0.143302,249.50,334.70,0.9672,0.389843,0.697289
1786703489.074234,0.685383,40,21.38,232.48,68.78,1.0000,0.363247,0.143301,249.57,334.22,0.9673,0.389959,0.696292
1786703489.106590,0.717739,41,21.38,232.59,69.00,1.0000,0.363422,0.143748,249.56,334.27,0.9675,0.389942,0.696404
1786703489.143955,0.755104,42,21.38,232.60,69.09,1.0000,0.363431,0.143941,249.50,334.55,0.9668,0.389840,0.696977
1786703489.184208,0.795357,43,21.38,232.64,69.09,1.0000,0.363504,0.143945,249.44,334.66,0.9661,0.389749,0.697216
1786703489.203498,0.814646,44,21.38,232.70,68.98,1.0000,0.363598,0.143708,249.45,334.55,0.9663,0.389769,0.696982
1786703489.246867,0.858016,45,21.38,232.79,69.05,1.0000,0.363728,0.143857,249.48,334.48,0.9667,0.389807,0.696830
1786703489.268495,0.879644,46,21.38,232.80,69.02,1.0000,0.363745,0.143787,249.50,334.50,0.9664,0.389840,0.696867
1786703489.303620,0.914769,47,21.38,232.80,68.91,1.0000,0.363750,0.143561,249.49,334.49,0.9663,0.389835,0.696846
1786703489.330817,0.941966,48,21.38,232.80,69.00,1.0000,0.363755,0.143746,249.50,334.48,0.9666,0.389839,0.696824
1786703489.385336,0.996485,49,21.38,232.80,69.00,1.0000,0.363749,0.143745,249.52,334.41,0.9666,0.389871,0.696694
1786703489.404805,1.015954,50,23.08,232.83,69.10,1.0000,0.363802,0.143964,249.47,334.46,0.9662,0.389793,0.696799
1786703489.430639,1.041788,51,23.08,232.83,69.11,1.0000,0.363804,0.143971,249.43,334.58,0.9663,0.389728,0.697044
1786703489.482306,1.093455,52,23.08,232.80,69.18,1.0000,0.363756,0.144119,249.51,334.42,0.9663,0.389866,0.696707
1786703489.508008,1.119156,53,23.08,232.78,69.16,1.0000,0.363723,0.144080,249.51,334.41,0.9662,0.389864,0.696697
1786703489.532030,1.143179,54,23.08,232.76,69.18,1.0000,0.363693,0.144123,249.47,334.44,0.9658,0.389789,0.696753
1786703489.578666,1.189815,55,23.08,232.62,69.23,1.0000,0.363467,0.144232,249.46,334.56,0.9658,0.389785,0.696997
1786703489.611993,1.223142,56,23.08,232.56,69.23,1.0000,0.363378,0.144233,249.54,334.54,0.9657,0.389905,0.696963
1786703489.634348,1.245497,57,23.08,232.42,69.20,1.0000,0.363162,0.144166,249.55,334.54,0.9660,0.389919,0.696951
1786703489.669393,1.280542,58,23.08,232.39,69.21,1.0000,0.363108,0.144178,249.54,334.71,0.9655,0.389902,0.697310
1786703489.700544,1.311693,59,23.08,231.96,69.20,1.0000,0.362430,0.144167,249.58,334.69,0.9657,0.389967,0.697267
1786703489.737386,1.348535,60,23.08,231.95,69.20,1.0000,0.362417,0.144176,249.60,334.69,0.9653,0.390008,0.697279
1786703489.785192,1.396341,61,23.08,231.83,69.20,1.0000,0.362242,0.144157,249.61,334.68,0.9658,0.390010,0.697253
1786703489.809332,1.420481,62,23.08,231.66,69.23,1.0000,0.361967,0.144223,249.59,334.69,0.9664,0.389990,0.697274
1786703489.848850,1.459999,63,23.08,231.49,69.24,1.0000,0.361705,0.144240,249.64,334.64,0.9672,0.390069,0.697160
1786703489.879908,1.491056,64,23.08,231.45,69.23,1.0000,0.361641,0.144237,249.64,334.67,0.9669,0.390058,0.697232
1786703489.915447,1.526596,65,24.31,231.29,69.31,1.0000,0.361391,0.144387,249.61,334.65,0.9666,0.390010,0.697198
1786703489.955858,1.567007,66,24.31,231.01,69.30,1.0000,0.360955,0.144383,249.57,334.60,0.9665,0.389950,0.697092
1786703489.968935,1.580084,67,24.31,230.81,69.37,1.0000,0.360640,0.144513,249.60,334.60,0.9666,0.390007,0.697077
1786703490.003659,1.614808,68,24.31,230.79,69.36,1.0000,0.360608,0.144509,249.61,334.60,0.9665,0.390018,0.697078
1786703490.051253,1.662402,69,24.31,230.68,69.36,1.0000,0.360437,0.144497,249.63,334.60,0.9667,0.390043,0.697088
1786703490.065603,1.676752,70,24.31,230.70,69.36,1.0000,0.360461,0.144491,249.61,334.62,0.9666,0.390015,0.697130
1786703490.138230,1.749378,71,24.31,230.52,69.36,1.0000,0.360188,0.144493,249.60,334.39,0.9673,0.389993,0.696645
1786703490.157494,1.768642,72,24.31,230.56,69.35,1.0000,0.360245,0.144486,249.67,334.34,0.9681,0.390111,0.696551
1786703490.172750,1.783898,73,24.31,230.52,69.35,1.0000,0.360187,0.144482,249.64,334.44,0.9683,0.390063,0.696747
1786703490.222046,1.833195,74,24.31,230.54,69.36,1.0000,0.360212,0.144508,249.64,334.38,0.9684,0.390062,0.696628
1786703490.247932,1.859081,75,24.31,230.55,69.39,1.0000,0.360234,0.144571,249.62,334.32,0.9687,0.390037,0.696509
1786703490.300921,1.912070,76,24.31,230.54,69.42,1.0000,0.360226,0.144620,249.35,334.33,0.9684,0.389605,0.696529
1786703490.319298,1.930447,77,24.31,230.54,69.42,1.0000,0.360224,0.144627,249.37,334.28,0.9689,0.389639,0.696407
1786703490.336435,1.947584,78,24.31,230.54,69.45,1.0000,0.360218,0.144682,249.45,334.27,0.9694,0.389760,0.696393
1786703490.380204,1.991353,79,24.31,230.50,69.40,1.0000,0.360152,0.144586,249.44,334.25,0.9696,0.389757,0.696360
1786703490.415299,2.026448,80,25.41,230.35,69.33,1.0000,0.359920,0.144447,249.44,334.28,0.9697,0.389750,0.696408
1786703490.440308,2.051457,81,25.41,230.30,69.33,1.0000,0.359842,0.144446,249.47,334.26,0.9696,0.389800,0.696373
1786703490.487967,2.099116,82,25.41,230.31,69.34,1.0000,0.359862,0.144449,249.53,334.59,0.9691,0.389893,0.697062
1786703490.519425,2.130574,83,25.41,230.33,69.40,1.0000,0.359889,0.144588,249.57,334.62,0.9690,0.389946,0.697115
1786703490.551775,2.162924,84,25.41,230.32,69.42,1.0000,0.359882,0.144619,249.54,334.67,0.9686,0.389908,0.697228
1786703490.580829,2.191978,85,25.41,230.26,69.49,1.0000,0.359782,0.144768,249.52,334.75,0.9683,0.389870,0.697387
1786703490.631544,2.242692,86,25.41,230.29,69.59,1.0000,0.359831,0.144982,249.49,334.77,0.9685,0.389821,0.697444
1786703490.662851,2.273999,87,25.41,230.22,69.59,1.0000,0.359722,0.144983,249.45,334.76,0.9691,0.389773,0.697421
1786703490.678500,2.289649,88,25.41,230.06,69.60,1.0000,0.359463,0.144993,249.45,334.59,0.9699,0.389763,0.697067
1786703490.694312,2.305460,89,25.41,230.00,69.58,1.0000,0.359371,0.144951,249.49,334.58,0.9701,0.389821,0.697044
1786703490.734622,2.345771,90,25.41,229.98,69.58,1.0000,0.359348,0.144952,249.52,334.52,0.9704,0.389883,0.696909
1786703490.777604,2.388752,91,25.41,229.91,69.46,1.0000,0.359229,0.144704,249.58,334.34,0.9703,0.389975,0.696539
1786703490.792182,2.403331,92,25.41,229.73,69.41,1.0000,0.358958,0.144602,249.58,334.25,0.9707,0.389975,0.696364
1786703490.839896,2.451045,93,25.41,229.72,69.39,1.0000,0.358943,0.144571,249.59,334.16,0.9714,0.389987,0.696165
1786703490.885247,2.496396,94,25.41,229.60,69.39,1.0000,0.358744,0.144559,249.67,334.11,0.9718,0.390113,0.696065
1786703490.917598,2.528747,95,25.41,229.53,69.39,1.0000,0.358637,0.144561,249.63,334.08,0.9723,0.390043,0.695991
1786703490.934577,2.545726,96,26.46,229.52,69.45,1.0000,0.358619,0.144690,249.65,334.08,0.9720,0.390075,0.695993
1786703490.971922,2.583071,97,26.46,229.41,69.47,1.0000,0.358454,0.144735,249.67,334.08,0.9722,0.390106,0.695997
1786703491.004017,2.615166,98,26.46,229.42,69.50,1.0000,0.358462,0.144785,249.64,334.06,0.9728,0.390068,0.695966
1786703491.033651,2.644800,99,26.46,229.39,69.49,1.0000,0.358415,0.144773,249.64,334.12,0.9730,0.390068,0.696078
1786703491.076684,2.687833,100,26.46,229.39,69.43,1.0000,0.358420,0.144654,249.63,334.13,0.9726,0.390049,0.696114
1786703491.108239,2.719388,101,26.46,229.43,69.44,1.0000,0.358484,0.144670,249.63,334.16,0.9726,0.390041,0.696171
1786703491.123508,2.734657,102,26.46,229.48,69.45,1.0000,0.358555,0.144691,249.62,334.17,0.9727,0.390037,0.696197
1786703491.171433,2.782582,103,26.46,229.48,69.45,1.0000,0.358556,0.144682,249.60,334.12,0.9727,0.390001,0.696089
1786703491.203878,2.815027,104,26.46,229.48,69.45,1.0000,0.358560,0.144684,249.60,334.06,0.9729,0.390004,0.695955
1786703491.235015,2.846164,105,26.46,229.58,69.47,1.0000,0.358725,0.144727,249.62,334.26,0.9729,0.390024,0.696377
1786703491.271782,2.882931,106,26.46,229.52,69.45,1.0000,0.358628,0.144689,249.55,334.37,0.9728,0.389929,0.696610
1786703491.313024,2.924172,107,26.46,229.59,69.45,1.0000,0.358730,0.144693,249.57,334.35,0.9729,0.389951,0.696562
1786703491.329056,2.940205,108,26.46,229.67,69.47,1.0000,0.358860,0.144720,249.55,334.25,0.9728,0.389923,0.696354
1786703491.378277,2.989426,109,26.46,229.83,69.69,1.0000,0.359115,0.145183,249.49,334.09,0.9731,0.389820,0.696018
1786703491.423615,3.034763,110,26.46,229.94,69.68,1.0000,0.359276,0.145175,249.53,334.12,0.9732,0.389890,0.696087
1786703491.436454,3.047603,111,26.98,229.95,69.69,1.0000,0.359292,0.145195,249.54,334.17,0.9725,0.389911,0.696185
1786703491.490959,3.102108,112,26.98,230.14,69.75,1.0000,0.359590,0.145304,249.55,334.18,0.9720,0.389915,0.696211
1786703491.504777,3.115926,113,26.98,230.27,69.86,1.0000,0.359791,0.145536,249.49,334.33,0.9718,0.389830,0.696518
1786703491.538328,3.149477,114,26.98,230.29,69.97,1.0000,0.359825,0.145779,249.46,334.37,0.9714,0.389787,0.696600
1786703491.554074,3.165223,115,26.98,230.31,70.01,1.0000,0.359866,0.145862,249.40,334.37,0.9712,0.389683,0.696610
1786703491.610073,3.221222,116,26.98,230.50,70.13,1.0000,0.360153,0.146105,249.32,334.43,0.9711,0.389556,0.696731
1786703491.619298,3.230447,117,26.98,230.50,70.14,1.0000,0.360157,0.146129,249.30,334.52,0.9711,0.389536,0.696917
1786703491.681633,3.292782,118,26.98,230.60,70.05,1.0000,0.360320,0.145948,249.34,334.48,0.9712,0.389593,0.696843
1786703491.696820,3.307969,119,26.98,230.61,70.07,1.0000,0.360322,0.145986,249.46,334.37,0.9706,0.389786,0.696614
1786703491.737165,3.348314,120,26.98,230.53,70.08,1.0000,0.360205,0.146005,249.45,334.40,0.9707,0.389773,0.696666
1786703491.775781,3.386930,121,26.98,230.53,70.08,1.0000,0.360202,0.146009,249.48,334.45,0.9705,0.389805,0.696773
1786703491.810217,3.421366,122,26.98,230.53,70.06,1.0000,0.360203,0.145949,249.48,334.43,0.9710,0.389819,0.696728
1786703491.830306,3.441455,123,26.98,230.64,70.05,1.0000,0.360380,0.145941,249.52,334.46,0.9706,0.389878,0.696784
1786703491.868743,3.479892,124,26.98,230.68,70.24,1.0000,0.360438,0.146330,249.59,334.38,0.9709,0.389980,0.696620
1786703491.901169,3.512318,125,26.98,230.83,70.24,1.0000,0.360680,0.146338,249.55,334.41,0.9714,0.389918,0.696680
1786703491.935758,3.546907,126,26.98,230.90,70.23,1.0000,0.360774,0.146317,249.47,334.54,0.9702,0.389796,0.696958
1786703491.968046,3.579195,127,27.97,230.92,70.23,1.0000,0.360815,0.146311,249.50,334.68,0.9696,0.389840,0.697249
1786703491.983599,3.594748,128,27.97,230.92,70.25,1.0000,0.360818,0.146347,249.50,334.69,0.9697,0.389845,0.697268
1786703492.032063,3.643212,129,27.97,231.21,70.12,1.0000,0.361265,0.146086,249.34,334.77,0.9690,0.389600,0.697432
1786703492.064144,3.675293,130,27.97,231.25,70.12,1.0000,0.361334,0.146079,249.35,334.70,0.9684,0.389615,0.697294
1786703492.100369,3.711518,131,27.97,231.27,70.14,1.0000,0.361365,0.146116,249.35,334.69,0.9678,0.389617,0.697277
1786703492.142642,3.753791,132,27.97,231.43,70.06,1.0000,0.361607,0.145952,249.34,334.67,0.9677,0.389600,0.697239
1786703492.190330,3.801479,133,27.97,231.47,70.08,1.0000,0.361676,0.145994,249.39,334.88,0.9676,0.389677,0.697661
1786703492.206110,3.817259,134,27.97,231.49,70.06,1.0000,0.361697,0.145951,249.38,334.89,0.9674,0.389650,0.697679
1786703492.248579,3.859728,135,27.97,231.49,70.15,1.0000,0.361710,0.146153,249.42,334.61,0.9683,0.389713,0.697113
1786703492.261850,3.872999,136,27.97,231.50,70.11,1.0000,0.361712,0.146055,249.42,334.61,0.9684,0.389713,0.697102
1786703492.318604,3.929752,137,27.97,231.53,70.13,1.0000,0.361768,0.146095,249.43,334.68,0.9680,0.389740,0.697248
1786703492.334284,3.945432,138,27.97,231.62,70.12,1.0000,0.361904,0.146081,249.33,334.91,0.9674,0.389577,0.697739
1786703492.371772,3.982921,139,27.97,231.62,70.15,1.0000,0.361907,0.146143,249.34,334.87,0.9669,0.389590,0.697645
1786703492.403720,4.014869,140,27.97,231.62,70.13,1.0000,0.361912,0.146097,249.30,334.88,0.9670,0.389529,0.697658
1786703492.438539,4.049687,141,27.97,231.60,70.13,1.0000,0.361868,0.146096,249.30,334.79,0.9668,0.389532,0.697470
1786703492.465098,4.076247,142,28.27,231.63,70.12,1.0000,0.361923,0.146084,249.34,334.80,0.9668,0.389598,0.697491
1786703492.494960,4.106109,143,28.27,231.63,70.12,1.0000,0.361927,0.146092,249.34,334.81,0.9671,0.389601,0.697521
1786703492.544150,4.155299,144,28.27,231.58,70.11,1.0000,0.361842,0.146063,249.33,334.85,0.9670,0.389579,0.697605
1786703492.575743,4.186892,145,28.27,231.73,70.21,1.0000,0.362080,0.146275,249.33,334.83,0.9667,0.389584,0.697559
1786703492.607896,4.219045,146,28.27,231.76,70.38,1.0000,0.362123,0.146615,249.34,334.76,0.9665,0.389592,0.697423
1786703492.639770,4.250919,147,28.27,231.77,70.37,1.0000,0.362136,0.146614,249.32,334.75,0.9664,0.389569,0.697391
1786703492.690587,4.301736,148,28.27,231.77,70.66,1.0000,0.362139,0.147213,249.31,334.69,0.9664,0.389547,0.697273
1786703492.719528,4.330677,149,28.27,231.61,70.74,1.0000,0.361884,0.147381,249.32,334.70,0.9667,0.389557,0.697301
1786703492.735206,4.346355,150,28.27,231.77,70.71,1.0000,0.362133,0.147322,249.34,334.56,0.9676,0.389596,0.696990
1786703492.767402,4.378551,151,28.27,231.78,70.74,1.0000,0.362156,0.147374,249.39,334.48,0.9679,0.389677,0.696839
1786703492.798811,4.409960,152,28.27,231.86,70.89,1.0000,0.362274,0.147685,249.40,334.52,0.9677,0.389687,0.696907
1786703492.821742,4.432890,153,28.27,231.86,70.90,1.0000,0.362277,0.147702,249.41,334.48,0.9680,0.389710,0.696832
1786703492.869388,4.480537,154,28.27,231.90,70.63,1.0000,0.362340,0.147154,249.40,334.48,0.9685,0.389688,0.696832
1786703492.903934,4.515083,155,28.27,231.95,70.48,1.0000,0.362416,0.146830,249.48,334.46,0.9686,0.389815,0.696793
1786703492.941138,4.552287,156,28.27,231.95,70.48,1.0000,0.362416,0.146829,249.49,334.50,0.9682,0.389821,0.696867
1786703492.972884,4.584033,157,28.54,232.06,70.53,1.0000,0.362590,0.146938,249.50,334.48,0.9678,0.389841,0.696824
1786703492.988468,4.599617,158,28.54,232.06,70.34,1.0000,0.362593,0.146538,249.47,334.47,0.9679,0.389803,0.696814
1786703493.052653,4.663802,159,28.54,232.12,70.36,1.0000,0.362683,0.146583,249.49,334.46,0.9682,0.389833,0.696793
1786703493.068304,4.679453,160,28.54,232.12,70.37,1.0000,0.362691,0.146606,249.50,334.47,0.9684,0.389850,0.696808
1786703493.100293,4.711442,161,28.54,232.12,70.37,1.0000,0.362693,0.146608,249.46,334.47,0.9675,0.389778,0.696808
1786703493.148336,4.759485,162,28.54,232.20,70.08,1.0000,0.362819,0.145998,249.35,334.45,0.9679,0.389612,0.696778
1786703493.163384,4.774533,163,28.54,232.20,70.07,1.0000,0.362809,0.145987,249.38,334.47,0.9673,0.389653,0.696813
1786703493.202932,4.814081,164,28.54,232.21,70.08,1.0000,0.362832,0.145990,249.38,334.47,0.9672,0.389663,0.696811
1786703493.243103,4.854251,165,28.54,232.19,70.03,1.0000,0.362791,0.145885,249.37,334.47,0.9673,0.389638,0.696822
1786703493.275973,4.887122,166,28.54,232.24,69.97,1.0000,0.362873,0.145779,249.40,334.48,0.9672,0.389682,0.696827
1786703493.306775,4.917923,167,28.54,232.31,69.97,1.0000,0.362977,0.145774,249.33,334.50,0.9667,0.389579,0.696885
1786703493.354887,4.966036,168,28.54,232.40,70.00,1.0000,0.363129,0.145835,249.43,334.33,0.9670,0.389730,0.696522
1786703493.370269,4.981418,169,28.54,232.40,70.01,1.0000,0.363132,0.145847,249.41,334.39,0.9664,0.389703,0.696647
1786703493.407190,5.018339,170,28.54,232.46,70.00,1.0000,0.363222,0.145830,249.44,334.37,0.9665,0.389751,0.696596
1786703493.434850,5.045999,171,28.54,232.52,69.95,1.0000,0.363309,0.145737,249.46,334.40,0.9663,0.389778,0.696660
1786703493.449841,5.060990,172,28.54,232.60,69.95,1.0000,0.363442,0.145734,249.47,334.39,0.9669,0.389803,0.696636
1786703493.514249,5.125398,173,28.78,232.64,69.96,1.0000,0.363507,0.145751,249.54,334.34,0.9671,0.389911,0.696536
1786703493.529394,5.140543,174,28.78,232.62,69.95,1.0000,0.363476,0.145739,249.54,334.40,0.9669,0.389904,0.696656
1786703493.572423,5.183572,175,28.78,232.72,70.08,1.0000,0.363627,0.145994,249.45,334.39,0.9669,0.389765,0.696646
1786703493.576971,5.188119,176,28.78,232.75,70.08,1.0000,0.363678,0.145995,249.46,334.39,0.9669,0.389774,0.696653
1786703493.632194,5.243343,177,28.78,232.96,70.08,1.0000,0.364004,0.145996,249.45,334.57,0.9668,0.389769,0.697027
1786703493.669613,5.280761,178,28.78,232.99,70.08,1.0000,0.364051,0.145996,249.19,334.97,0.9660,0.389356,0.697853
1786703493.705945,5.317094,179,28.78,233.00,70.07,1.0000,0.364066,0.145980,249.32,334.70,0.9661,0.389561,0.697286
1786703493.723653,5.334802,180,28.78,233.09,70.21,1.0000,0.364206,0.146268,249.35,334.68,0.9664,0.389612,0.697259
1786703493.785509,5.396657,181,28.78,233.10,70.21,1.0000,0.364213,0.146270,249.34,334.72,0.9663,0.389597,0.697341
1786703493.803040,5.414189,182,28.78,233.10,70.05,1.0000,0.364217,0.145934,249.28,334.85,0.9660,0.389501,0.697612
1786703493.832218,5.443367,183,28.78,233.26,70.11,1.0000,0.364462,0.146059,249.27,334.77,0.9660,0.389478,0.697427
1786703493.880832,5.491981,184,28.78,233.23,69.76,1.0000,0.364424,0.145335,249.27,334.79,0.9665,0.389479,0.697483
1786703493.901884,5.513033,185,28.78,233.40,69.76,1.0000,0.364685,0.145336,249.26,334.97,0.9663,0.389470,0.697846
1786703493.968281,5.579429,186,28.78,233.47,69.88,1.0000,0.364795,0.145588,249.21,335.05,0.9655,0.389383,0.698031
1786703493.991346,5.602495,187,28.78,233.69,69.90,1.0000,0.365146,0.145628,249.20,335.06,0.9649,0.389381,0.698047
1786703494.007131,5.618279,188,28.90,233.71,69.90,1.0000,0.365170,0.145631,249.20,335.02,0.9649,0.389382,0.697950
1786703494.035985,5.647134,189,28.90,233.73,69.94,1.0000,0.365207,0.145699,249.15,335.04,0.9644,0.389304,0.697995
1786703494.073302,5.684451,190,28.90,233.79,69.83,1.0000,0.365292,0.145487,249.14,334.94,0.9642,0.389283,0.697792
1786703494.095805,5.706954,191,28.90,233.79,69.86,1.0000,0.365293,0.145534,249.10,334.95,0.9638,0.389220,0.697814
1786703494.149084,5.760233,192,28.90,233.84,69.78,1.0000,0.365377,0.145379,249.12,334.95,0.9639,0.389245,0.697810
1786703494.164788,5.775937,193,28.90,233.85,69.78,1.0000,0.365385,0.145371,249.23,334.29,0.9647,0.389427,0.696429
1786703494.193249,5.804398,194,28.90,233.84,69.78,1.0000,0.365381,0.145379,249.21,334.30,0.9641,0.389398,0.696449
1786703494.230388,5.841537,195,28.90,233.85,69.78,1.0000,0.365390,0.145370,249.24,334.30,0.9643,0.389432,0.696456
1786703494.270516,5.881665,196,28.90,233.82,69.79,1.0000,0.365341,0.145390,249.42,334.27,0.9648,0.389712,0.696388
1786703494.302348,5.913497,197,28.90,233.82,69.80,1.0000,0.365337,0.145413,249.53,334.23,0.9656,0.389886,0.696307
1786703494.328776,5.939925,198,28.90,233.82,69.90,1.0000,0.365345,0.145631,249.48,334.33,0.9651,0.389806,0.696518
1786703494.376848,5.987997,199,28.90,234.04,70.14,1.0000,0.365693,0.146124,249.47,334.33,0.9650,0.389793,0.696523
1786703494.403358,6.014507,200,28.90,233.98,70.14,1.0000,0.365586,0.146128,249.48,334.38,0.9658,0.389808,0.696615
1786703494.434244,6.045393,201,28.90,233.98,70.15,1.0000,0.365595,0.146149,249.52,334.30,0.9659,0.389876,0.696448
1786703494.491560,6.102708,202,28.90,233.99,70.18,1.0000,0.365603,0.146216,249.60,334.17,0.9670,0.390000,0.696190
1786703494.512121,6.123270,203,28.90,233.88,70.15,1.0000,0.365441,0.146139,249.64,334.17,0.9673,0.390058,0.696183
1786703494.545752,6.156901,204,29.21,233.88,69.93,1.0000,0.365433,0.145683,249.70,334.17,0.9680,0.390156,0.696186
1786703494.558857,6.170006,205,29.21,233.67,69.88,1.0000,0.365110,0.145583,249.69,334.15,0.9690,0.390148,0.696137
1786703494.596003,6.207152,206,29.21,233.59,69.88,1.0000,0.364986,0.145578,249.69,334.14,0.9693,0.390144,0.696128
1786703494.638519,6.249668,207,29.21,233.50,69.81,1.0000,0.364846,0.145443,249.70,334.18,0.9700,0.390155,0.696218
1786703494.654470,6.265619,208,29.21,233.41,69.81,1.0000,0.364698,0.145440,249.69,334.25,0.9703,0.390145,0.696354
1786703494.694273,6.305422,209,29.21,233.41,69.80,1.0000,0.364709,0.145421,249.66,334.33,0.9702,0.390098,0.696519
1786703494.735074,6.346223,210,29.21,233.41,69.89,1.0000,0.364711,0.145604,249.62,334.46,0.9705,0.390028,0.696800
1786703494.772133,6.383282,211,29.21,233.42,69.89,1.0000,0.364712,0.145604,249.63,334.49,0.9703,0.390042,0.696856
1786703494.806122,6.417271,212,29.21,233.43,69.89,1.0000,0.364741,0.145603,249.61,334.42,0.9710,0.390022,0.696713
1786703494.840255,6.451404,213,29.21,233.47,70.00,1.0000,0.364801,0.145834,249.67,334.38,0.9710,0.390115,0.696634
1786703494.877413,6.488562,214,29.21,233.48,70.06,1.0000,0.364808,0.145965,249.75,334.12,0.9718,0.390230,0.696090
1786703494.893489,6.504638,215,29.21,233.44,70.06,1.0000,0.364746,0.145966,249.76,334.12,0.9718,0.390248,0.696091
1786703494.938858,6.550007,216,29.21,233.43,70.05,1.0000,0.364736,0.145936,249.72,334.28,0.9713,0.390183,0.696407
1786703494.973641,6.584790,217,29.21,233.43,70.06,1.0000,0.364736,0.145951,249.61,334.41,0.9708,0.390017,0.696683
1786703494.991717,6.602866,218,29.21,233.39,70.05,1.0000,0.364669,0.145928,249.61,334.42,0.9710,0.390017,0.696718
1786703495.037882,6.649031,219,29.21,233.40,70.05,1.0000,0.364685,0.145927,249.54,334.35,0.9710,0.389901,0.696571
1786703495.069206,6.680354,220,29.47,233.39,70.06,1.0000,0.364670,0.145961,249.46,334.35,0.9712,0.389780,0.696560
1786703495.085310,6.696459,221,29.47,233.48,70.10,1.0000,0.364808,0.146046,249.45,334.31,0.9715,0.389759,0.696489
1786703495.136096,6.747245,222,29.47,233.52,70.09,1.0000,0.364882,0.146028,249.40,334.19,0.9718,0.389681,0.696222
1786703495.170745,6.781894,223,29.47,233.60,70.13,1.0000,0.365002,0.146107,249.40,334.14,0.9714,0.389694,0.696115
1786703495.213918,6.825067,224,29.47,233.58,70.13,1.0000,0.364965,0.146097,249.39,334.20,0.9715,0.389668,0.696242
1786703495.274975,6.886124,225,29.47,233.61,70.01,1.0000,0.365013,0.145850,249.13,334.35,0.9712,0.389259,0.696559
1786703495.277612,6.888761,226,29.47,233.61,70.01,1.0000,0.365011,0.145848,249.10,334.36,0.9715,0.389213,0.696591
1786703495.303184,6.914333,227,29.47,233.56,69.98,1.0000,0.364941,0.145797,249.14,334.19,0.9721,0.389283,0.696238
1786703495.328226,6.939375,228,29.47,233.39,69.99,1.0000,0.364672,0.145803,249.20,334.15,0.9719,0.389375,0.696156
1786703495.367254,6.978403,229,29.47,233.22,70.04,1.0000,0.364409,0.145913,249.36,334.07,0.9724,0.389620,0.695972
1786703495.394092,7.005241,230,29.47,233.23,70.03,1.0000,0.364424,0.145896,249.37,334.07,0.9725,0.389635,0.695986
1786703495.431755,7.042903,231,29.47,233.24,70.06,1.0000,0.364438,0.145951,249.37,334.09,0.9726,0.389644,0.696019
1786703495.473774,7.084923,232,29.47,233.24,69.86,1.0000,0.364440,0.145548,249.37,334.14,0.9723,0.389635,0.696127
1786703495.500808,7.111957,233,29.47,233.25,69.91,1.0000,0.364448,0.145639,249.37,334.14,0.9722,0.389641,0.696121
1786703495.537289,7.148438,234,29.47,233.27,69.92,1.0000,0.364485,0.145675,249.37,334.16,0.9725,0.389634,0.696167
1786703495.564422,7.175571,235,29.47,233.28,70.01,1.0000,0.364499,0.145862,249.38,334.13,0.9727,0.389662,0.696114
1786703495.604056,7.215205,236,29.55,233.21,70.05,1.0000,0.364398,0.145944,249.40,334.21,0.9724,0.389687,0.696276
1786703495.659004,7.270153,237,29.55,233.18,70.07,1.0000,0.364338,0.145983,249.38,334.02,0.9724,0.389662,0.695867
1786703495.674860,7.286008,238,29.55,233.16,70.08,1.0000,0.364311,0.145995,249.39,334.02,0.9725,0.389670,0.695869
1786703495.706635,7.317784,239,29.55,233.10,70.09,1.0000,0.364222,0.146013,249.40,334.02,0.9724,0.389694,0.695872
1786703495.738523,7.349672,240,29.55,233.10,70.03,1.0000,0.364216,0.145899,249.40,334.19,0.9728,0.389682,0.696222
1786703495.775199,7.386348,241,29.55,233.03,70.04,1.0000,0.364107,0.145910,249.45,334.16,0.9735,0.389763,0.696170
1786703495.802033,7.413182,242,29.55,232.91,69.99,1.0000,0.363923,0.145813,249.48,334.08,0.9737,0.389805,0.695991
1786703495.838949,7.450098,243,29.55,232.66,69.79,1.0000,0.363531,0.145399,249.53,333.99,0.9739,0.389887,0.695820
1786703495.866157,7.477306,244,29.55,232.63,69.78,1.0000,0.363480,0.145372,249.53,333.84,0.9741,0.389894,0.695492
1786703495.902364,7.513513,245,29.55,232.62,69.78,1.0000,0.363474,0.145371,249.62,333.51,0.9742,0.390034,0.694817
1786703495.936921,7.548070,246,29.55,232.62,69.80,1.0000,0.363471,0.145414,249.67,333.57,0.9741,0.390116,0.694931
1786703495.970775,7.581924,247,29.55,232.79,69.80,1.0000,0.363734,0.145422,249.68,333.57,0.9739,0.390128,0.694939
1786703496.000752,7.611901,248,29.55,232.79,69.82,1.0000,0.363738,0.145464,249.63,333.63,0.9735,0.390048,0.695061
1786703496.040706,7.651855,249,29.55,232.79,69.82,1.0000,0.363731,0.145463,249.63,333.58,0.9735,0.390052,0.694966
1786703496.089175,7.700324,250,29.55,232.72,69.80,1.0000,0.363630,0.145424,249.63,333.62,0.9731,0.390054,0.695052
1786703496.104608,7.715756,251,29.52,232.71,69.82,1.0000,0.363614,0.145458,249.59,333.62,0.9731,0.389989,0.695048
1786703496.129223,7.740372,252,29.52,232.71,69.79,1.0000,0.363603,0.145394,249.56,333.71,0.9735,0.389931,0.695226
1786703496.168464,7.779613,253,29.52,232.70,69.80,1.0000,0.363595,0.145418,249.57,333.73,0.9737,0.389950,0.695264
1786703496.200203,7.811352,254,29.52,232.70,69.81,1.0000,0.363589,0.145441,249.57,333.73,0.9736,0.389947,0.695275
1786703496.248890,7.860039,255,29.52,232.69,69.83,1.0000,0.363581,0.145488,249.53,333.71,0.9737,0.389883,0.695233
1786703496.280256,7.891405,256,29.52,232.55,69.77,1.0000,0.363359,0.145352,249.58,333.77,0.9741,0.389973,0.695351
1786703496.295935,7.907084,257,29.52,232.50,69.87,1.0000,0.363288,0.145564,249.61,333.80,0.9741,0.390018,0.695423
1786703496.343448,7.954597,258,29.52,232.47,69.86,1.0000,0.363239,0.145532,249.62,333.80,0.9742,0.390026,0.695416
1786703496.359682,7.970831,259,29.52,232.44,69.86,1.0000,0.363186,0.145537,249.61,333.80,0.9738,0.390022,0.695406
1786703496.406958,8.018107,260,29.52,232.44,69.86,1.0000,0.363183,0.145544,249.60,333.91,0.9734,0.390002,0.695650
1786703496.440027,8.051176,261,29.52,232.42,69.83,1.0000,0.363149,0.145489,249.62,333.89,0.9733,0.390036,0.695613
1786703496.460369,8.071518,262,29.52,232.30,69.93,1.0000,0.362974,0.145696,249.57,334.10,0.9726,0.389949,0.696042
1786703496.524748,8.135897,263,29.52,232.30,69.99,1.0000,0.362967,0.145818,249.48,334.35,0.9720,0.389806,0.696572
1786703496.537783,8.148932,264,29.52,232.30,70.04,1.0000,0.362963,0.145906,249.49,334.30,0.9720,0.389824,0.696455
1786703496.574371,8.185520,265,29.52,232.29,70.05,1.0000,0.362949,0.145931,249.48,334.27,0.9723,0.389818,0.696392
1786703496.603624,8.214772,266,29.52,232.28,70.10,1.0000,0.362945,0.146043,249.52,334.16,0.9723,0.389869,0.696160
1786703496.629836,8.240985,267,29.80,232.19,70.22,1.0000,0.362791,0.146284,249.46,334.21,0.9717,0.389775,0.696263
1786703496.682934,8.294083,268,29.80,232.13,70.24,1.0000,0.362709,0.146329,249.47,334.02,0.9715,0.389797,0.695870
1786703496.698796,8.309944,269,29.80,232.10,70.25,1.0000,0.362656,0.146345,249.47,334.08,0.9715,0.389804,0.696003
1786703496.732322,8.343471,270,29.80,232.10,70.32,1.0000,0.362652,0.146497,249.45,334.08,0.9716,0.389771,0.696000
1786703496.773027,8.384176,271,29.80,231.99,70.48,1.0000,0.362487,0.146833,249.46,334.03,0.9717,0.389788,0.695888
1786703496.798408,8.409557,272,29.80,231.97,70.54,1.0000,0.362458,0.146964,249.45,334.04,0.9718,0.389765,0.695918
1786703496.830364,8.441513,273,29.80,231.95,70.61,1.0000,0.362425,0.147101,249.43,334.04,0.9717,0.389735,0.695917
1786703496.862233,8.473382,274,29.80,231.84,70.69,1.0000,0.362243,0.147269,249.38,334.08,0.9717,0.389654,0.695993
1786703496.898772,8.509921,275,29.80,231.78,70.69,1.0000,0.362153,0.147276,249.39,334.07,0.9718,0.389673,0.695986
1786703496.935928,8.547076,276,29.80,231.68,70.48,1.0000,0.362003,0.146837,249.37,334.13,0.9712,0.389648,0.696108
1786703496.967829,8.578978,277,29.80,231.54,70.48,1.0000,0.361782,0.146843,249.41,334.11,0.9712,0.389702,0.696069
1786703496.999833,8.610982,278,29.80,231.50,70.58,1.0000,0.361721,0.147035,249.41,334.21,0.9709,0.389705,0.696269
1786703497.041164,8.652313,279,29.80,231.41,70.58,1.0000,0.361578,0.147041,249.41,334.21,0.9706,0.389705,0.696269
1786703497.077588,8.688737,280,29.80,231.40,70.58,1.0000,0.361562,0.147047,249.44,334.05,0.9712,0.389747,0.695939
1786703497.093431,8.704579,281,29.80,231.36,70.55,1.0000,0.361499,0.146980,249.45,334.03,0.9709,0.389768,0.695902
1786703497.130656,8.741804,282,29.80,231.32,70.55,1.0000,0.361432,0.146975,249.47,334.00,0.9711,0.389803,0.695839
1786703497.188742,8.799891,283,29.61,231.11,70.55,1.0000,0.361109,0.146980,249.41,334.24,0.9710,0.389706,0.696341
1786703497.201395,8.812544,284,29.61,231.17,70.55,1.0000,0.361211,0.146979,249.40,334.33,0.9710,0.389680,0.696529
1786703497.232958,8.844107,285,29.61,231.17,70.53,1.0000,0.361208,0.146930,249.41,334.35,0.9709,0.389704,0.696555
1786703497.269017,8.880166,286,29.61,230.95,70.53,1.0000,0.360867,0.146941,249.41,334.37,0.9704,0.389698,0.696595
1786703497.300685,8.911834,287,29.61,230.92,70.53,1.0000,0.360810,0.146941,249.34,334.47,0.9701,0.389594,0.696818
1786703497.340666,8.951814,288,29.61,230.95,70.55,1.0000,0.360852,0.146980,249.34,334.43,0.9701,0.389600,0.696730
1786703497.365000,8.976149,289,29.61,230.93,70.52,1.0000,0.360827,0.146917,249.34,334.42,0.9700,0.389590,0.696704
1786703497.396365,9.007514,290,29.61,230.94,70.49,1.0000,0.360842,0.146849,249.31,334.41,0.9696,0.389550,0.696687
1786703497.446589,9.057738,291,29.61,230.94,70.42,1.0000,0.360839,0.146710,249.37,334.13,0.9698,0.389645,0.696102
1786703497.476514,9.087663,292,29.61,230.82,70.42,1.0000,0.360657,0.146708,249.37,334.12,0.9697,0.389635,0.696092
1786703497.492044,9.103193,293,29.61,230.83,70.41,1.0000,0.360677,0.146692,249.41,334.12,0.9698,0.389696,0.696078
1786703497.539629,9.150778,294,29.61,230.82,70.42,1.0000,0.360655,0.146710,249.40,334.04,0.9701,0.389691,0.695914
1786703497.587085,9.198234,295,29.61,230.76,70.45,1.0000,0.360567,0.146764,249.44,334.05,0.9707,0.389745,0.695937
1786703497.603040,9.214189,296,29.61,230.63,70.45,1.0000,0.360362,0.146767,249.47,334.02,0.9709,0.389797,0.695867
1786703497.632115,9.243263,297,29.61,230.63,70.44,1.0000,0.360363,0.146759,249.47,334.12,0.9710,0.389796,0.696093
1786703497.674896,9.286044,298,29.61,230.64,70.46,1.0000,0.360382,0.146782,249.47,334.07,0.9712,0.389798,0.695989
1786703497.698524,9.309673,299,29.94,230.65,70.49,1.0000,0.360388,0.146859,249.56,333.97,0.9710,0.389934,0.695772
1786703497.730074,9.341223,300,29.94,230.72,70.49,1.0000,0.360496,0.146857,249.57,333.95,0.9708,0.389958,0.695729
1786703497.802098,9.413246,301,29.94,230.78,70.59,1.0000,0.360601,0.147059,249.62,333.94,0.9712,0.390033,0.695706
1786703497.825041,9.436189,302,29.94,230.79,70.62,1.0000,0.360602,0.147125,249.64,333.89,0.9718,0.390070,0.695604
1786703497.836677,9.447826,303,29.94,230.80,70.62,1.0000,0.360631,0.147127,249.64,333.89,0.9720,0.390059,0.695605
1786703497.876458,9.487607,304,29.94,230.84,70.67,1.0000,0.360686,0.147230,249.60,333.89,0.9715,0.389996,0.695609
1786703497.891074,9.502223,305,29.94,230.94,70.67,1.0000,0.360838,0.147232,249.61,333.89,0.9714,0.390017,0.695608
1786703497.931889,9.543038,306,29.94,231.02,70.76,1.0000,0.360969,0.147427,249.62,333.92,0.9706,0.390034,0.695667
1786703497.979324,9.590472,307,29.94,231.13,70.90,1.0000,0.361148,0.147698,249.62,333.90,0.9705,0.390034,0.695632
1786703498.003440,9.614588,308,29.94,231.14,70.90,1.0000,0.361149,0.147712,249.60,333.96,0.9700,0.390004,0.695749
1786703498.048936,9.660085,309,29.94,231.22,70.91,1.0000,0.361285,0.147719,249.57,334.13,0.9700,0.389954,0.696095
1786703498.081470,9.692619,310,29.94,231.22,70.79,1.0000,0.361288,0.147479,249.59,334.06,0.9703,0.389979,0.695966
1786703498.097086,9.708235,311,29.94,231.23,70.75,1.0000,0.361290,0.147389,249.56,334.22,0.9699,0.389938,0.696294
1786703498.128883,9.740031,312,29.94,231.23,70.70,1.0000,0.361292,0.147283,249.54,334.19,0.9692,0.389910,0.696231
1786703498.163759,9.774908,313,29.94,231.23,70.67,1.0000,0.361295,0.147230,249.54,334.17,0.9693,0.389903,0.696182
1786703498.197318,9.808467,314,29.94,231.29,70.67,1.0000,0.361396,0.147238,249.54,334.15,0.9696,0.389907,0.696144
1786703498.232293,9.843442,315,29.95,231.30,70.72,1.0000,0.361403,0.147325,249.55,334.14,0.9695,0.389928,0.696129
1786703498.271903,9.883052,316,29.95,231.25,70.66,1.0000,0.361322,0.147212,249.56,334.16,0.9697,0.389932,0.696172
1786703498.320365,9.931514,317,29.95,231.31,70.66,1.0000,0.361423,0.147211,249.62,334.15,0.9697,0.390033,0.696141
1786703498.330437,9.941586,318,29.95,231.26,70.60,1.0000,0.361337,0.147087,249.64,334.13,0.9703,0.390056,0.696103
1786703498.370066,9.981215,319,29.95,231.26,70.60,1.0000,0.361337,0.147074,249.63,334.11,0.9710,0.390047,0.696063
1786703498.403478,10.014627,320,29.95,231.22,70.50,1.0000,0.361286,0.146873,249.65,334.11,0.9715,0.390083,0.696073
1786703498.434590,10.045739,321,29.95,231.22,70.47,1.0000,0.361278,0.146805,249.67,334.10,0.9720,0.390112,0.696045
1786703498.475512,10.086661,322,29.95,231.19,70.43,1.0000,0.361241,0.146726,249.67,334.11,0.9725,0.390113,0.696067
1786703498.523642,10.134791,323,29.95,231.19,70.47,1.0000,0.361240,0.146807,249.71,333.97,0.9730,0.390165,0.695769
1786703498.531769,10.142917,324,29.95,231.19,70.47,1.0000,0.361232,0.146811,249.59,334.00,0.9725,0.389977,0.695832
1786703498.566872,10.178021,325,29.95,231.22,70.55,1.0000,0.361287,0.146989,249.58,333.98,0.9726,0.389966,0.695787
1786703498.606740,10.217889,326,29.95,231.22,70.53,1.0000,0.361274,0.146932,249.56,333.81,0.9726,0.389934,0.695436
1786703498.622648,10.233797,327,29.95,231.20,70.58,1.0000,0.361251,0.147038,249.53,333.84,0.9725,0.389885,0.695498
1786703498.667544,10.278692,328,29.95,231.16,70.64,1.0000,0.361194,0.147166,249.51,333.84,0.9722,0.389855,0.695497
1786703498.705006,10.316155,329,29.95,231.16,70.64,1.0000,0.361194,0.147167,249.51,333.89,0.9721,0.389859,0.695609
1786703498.721473,10.332622,330,29.95,231.18,70.65,1.0000,0.361226,0.147185,249.50,333.87,0.9718,0.389850,0.695572
1786703498.765123,10.376272,331,29.98,231.18,70.65,1.0000,0.361223,0.147185,249.51,333.83,0.9725,0.389856,0.695479
1786703498.818178,10.429327,332,29.98,231.13,70.61,1.0000,0.361142,0.147112,249.59,333.74,0.9722,0.389985,0.695296
1786703498.836328,10.447477,333,29.98,231.06,70.62,1.0000,0.361036,0.147121,249.57,333.71,0.9720,0.389953,0.695220
1786703498.873391,10.484540,334,29.98,231.02,70.64,1.0000,0.360972,0.147173,249.58,333.70,0.9723,0.389965,0.695201
1786703498.899913,10.511062,335,29.98,230.94,70.66,1.0000,0.360850,0.147208,249.58,333.67,0.9717,0.389965,0.695137
1786703498.928912,10.540061,336,29.98,230.94,70.79,1.0000,0.360848,0.147488,249.62,333.61,0.9720,0.390028,0.695025
1786703498.982058,10.593207,337,29.98,230.94,70.90,1.0000,0.360846,0.147712,249.62,333.47,0.9723,0.390026,0.694727
1786703498.996558,10.607707,338,29.98,230.94,70.89,1.0000,0.360849,0.147696,249.58,333.45,0.9721,0.389970,0.694689
1786703499.031833,10.642982,339,29.98,230.85,70.87,1.0000,0.360696,0.147649,249.55,333.50,0.9718,0.389919,0.694793
1786703499.107579,10.718727,341,29.98,230.69,70.87,1.0000,0.360452,0.147643,249.44,333.59,0.9715,0.389744,0.694975
1786703499.147198,10.758347,342,29.98,230.69,70.81,1.0000,0.360454,0.147519,249.43,333.52,0.9712,0.389737,0.694833
1786703499.162807,10.773956,343,29.98,230.52,70.80,1.0000,0.360186,0.147503,249.43,333.87,0.9711,0.389737,0.695569
1786703499.197071,10.808220,344,29.98,230.34,70.84,1.0000,0.359911,0.147582,249.44,333.88,0.9711,0.389751,0.695586
1786703499.231429,10.842577,345,29.98,229.98,70.84,1.0000,0.359346,0.147589,249.57,333.84,0.9718,0.389953,0.695506
1786703499.273373,10.884521,346,29.98,229.82,70.83,1.0000,0.359090,0.147559,249.57,333.76,0.9719,0.389960,0.695325
1786703499.310358,10.921507,347,29.51,229.72,70.84,1.0000,0.358939,0.147577,249.59,333.42,0.9721,0.389979,0.694625
1786703499.321186,10.932335,348,29.51,229.68,70.84,1.0000,0.358869,0.147573,249.57,333.47,0.9721,0.389955,0.694725
1786703499.361416,10.972565,349,29.51,229.56,70.83,1.0000,0.358692,0.147563,249.57,333.50,0.9721,0.389955,0.694789
1786703499.400620,11.011769,350,29.51,229.52,70.75,1.0000,0.358632,0.147406,249.52,333.55,0.9718,0.389882,0.694903
1786703499.443615,11.054764,351,29.51,229.43,70.75,1.0000,0.358477,0.147406,249.52,333.75,0.9708,0.389882,0.695321
1786703499.479977,11.091125,352,29.51,229.43,70.75,1.0000,0.358482,0.147404,249.50,333.95,0.9703,0.389841,0.695726
1786703499.495165,11.106314,353,29.51,229.40,70.77,1.0000,0.358443,0.147428,249.54,333.92,0.9703,0.389906,0.695670
1786703499.530241,11.141390,354,29.51,229.34,70.79,1.0000,0.358343,0.147477,249.53,333.90,0.9701,0.389886,0.695623
1786703499.561737,11.172886,355,29.51,229.22,70.80,1.0000,0.358157,0.147497,249.53,333.89,0.9702,0.389888,0.695596
1786703499.602259,11.213408,356,29.51,229.00,70.85,1.0000,0.357812,0.147602,249.55,333.95,0.9702,0.389920,0.695724
1786703499.639026,11.250175,357,29.51,228.98,70.80,1.0000,0.357784,0.147491,249.55,333.95,0.9698,0.389925,0.695735
1786703499.670959,11.282108,358,29.51,228.98,70.77,1.0000,0.357776,0.147446,249.55,333.84,0.9701,0.389926,0.695508
1786703499.718718,11.329867,359,29.51,228.98,70.77,1.0000,0.357774,0.147445,249.60,333.75,0.9701,0.390000,0.695306
1786703499.750679,11.361828,360,29.51,228.97,70.77,1.0000,0.357763,0.147444,249.58,333.90,0.9696,0.389975,0.695616
1786703499.766263,11.377412,361,29.51,229.00,70.78,1.0000,0.357810,0.147467,249.51,334.04,0.9693,0.389865,0.695916
1786703499.797854,11.409003,362,29.51,228.97,70.78,1.0000,0.357768,0.147462,249.52,333.99,0.9697,0.389879,0.695805
1786703499.829830,11.440979,363,29.83,228.99,70.77,1.0000,0.357799,0.147443,249.47,334.03,0.9695,0.389789,0.695895
1786703499.867191,11.478340,364,29.83,228.99,70.73,1.0000,0.357795,0.147344,249.48,333.93,0.9697,0.389809,0.695681
1786703499.901563,11.512712,365,29.83,229.06,70.75,1.0000,0.357910,0.147401,249.46,333.93,0.9700,0.389783,0.695681
1786703499.940892,11.552041,366,29.83,229.38,70.83,1.0000,0.358403,0.147553,249.46,333.88,0.9702,0.389777,0.695587
1786703499.968252,11.579401,367,29.83,229.38,70.84,1.0000,0.358407,0.147591,249.44,334.06,0.9695,0.389745,0.695964
1786703500.007226,11.618375,368,29.83,229.42,70.80,1.0000,0.358476,0.147501,249.43,334.03,0.9699,0.389742,0.695897
1786703500.022607,11.633756,369,29.83,229.71,70.83,1.0000,0.358928,0.147552,249.42,334.07,0.9696,0.389717,0.695987
1786703500.071571,11.682719,370,29.83,229.75,70.81,1.0000,0.358986,0.147514,249.41,334.07,0.9697,0.389707,0.695984
1786703500.092379,11.703528,371,29.83,229.83,70.81,1.0000,0.359115,0.147514,249.41,334.06,0.9695,0.389704,0.695965
1786703500.131353,11.742501,372,29.83,229.85,70.81,1.0000,0.359138,0.147514,249.31,334.27,0.9688,0.389552,0.696403
1786703500.163616,11.774765,373,29.83,229.85,70.80,1.0000,0.359143,0.147503,249.35,334.23,0.9694,0.389615,0.696320
1786703500.184055,11.795204,374,29.83,229.85,70.78,1.0000,0.359145,0.147454,249.35,334.32,0.9694,0.389615,0.696496
1786703500.232060,11.843209,375,29.83,229.86,70.66,1.0000,0.359155,0.147218,249.32,334.39,0.9690,0.389569,0.696647
1786703500.260859,11.872008,376,29.83,229.85,70.66,1.0000,0.359146,0.147204,249.33,334.37,0.9687,0.389575,0.696609
1786703500.307149,11.918298,377,29.83,229.87,70.66,1.0000,0.359170,0.147210,249.30,334.47,0.9684,0.389536,0.696815
1786703500.332537,11.943686,378,29.69,229.83,70.70,1.0000,0.359112,0.147296,249.32,334.47,0.9682,0.389558,0.696818
1786703500.373132,11.984281,379,29.69,229.86,70.70,1.0000,0.359150,0.147301,249.38,334.28,0.9689,0.389656,0.696416
1786703500.389756,12.000905,380,29.69,229.83,70.78,1.0000,0.359108,0.147467,249.36,334.33,0.9688,0.389631,0.696515
1786703500.428139,12.039288,381,29.69,229.81,70.83,1.0000,0.359077,0.147571,249.37,334.33,0.9686,0.389633,0.696516
1786703500.478730,12.089879,382,29.69,229.78,70.90,1.0000,0.359035,0.147718,249.48,334.06,0.9691,0.389809,0.695957
1786703500.510860,12.122009,383,29.69,229.78,70.95,1.0000,0.359038,0.147803,249.48,334.00,0.9692,0.389812,0.695825
1786703500.526148,12.137297,384,29.69,229.85,70.95,1.0000,0.359144,0.147813,249.50,333.97,0.9695,0.389842,0.695778
1786703500.560393,12.171542,385,29.69,229.92,70.96,1.0000,0.359250,0.147828,249.50,334.01,0.9694,0.389851,0.695852
1786703500.597067,12.208216,386,29.69,229.93,70.97,1.0000,0.359261,0.147856,249.50,334.23,0.9688,0.389846,0.696303
1786703500.629025,12.240173,387,29.69,229.95,70.98,1.0000,0.359294,0.147882,249.53,334.09,0.9691,0.389888,0.696022
1786703500.665863,12.277012,388,29.69,229.99,70.99,1.0000,0.359362,0.147905,249.51,334.08,0.9682,0.389853,0.695998
1786703500.700213,12.311362,389,29.69,229.99,71.05,1.0000,0.359358,0.148013,249.48,334.08,0.9681,0.389818,0.695997
1786703500.737037,12.348186,390,29.69,230.08,71.04,1.0000,0.359493,0.147997,249.49,333.84,0.9684,0.389828,0.695494
1786703500.780830,12.391979,391,29.69,230.21,71.17,1.0000,0.359698,0.148271,249.48,333.85,0.9684,0.389806,0.695522
1786703500.814106,12.425255,392,29.69,230.21,71.18,1.0000,0.359707,0.148297,249.41,333.93,0.9682,0.389709,0.695680
1786703500.829336,12.440485,393,29.72,230.18,71.15,1.0000,0.359658,0.148227,249.40,333.90,0.9686,0.389681,0.695633
1786703500.869435,12.480584,394,29.72,230.18,71.16,1.0000,0.359662,0.148254,249.38,333.81,0.9688,0.389664,0.695434
1786703500.895073,12.506222,395,29.72,230.20,71.20,1.0000,0.359687,0.148334,249.33,333.80,0.9692,0.389584,0.695417
1786703500.937760,12.548909,396,29.72,230.28,71.15,1.0000,0.359809,0.148235,249.34,333.79,0.9690,0.389591,0.695393
1786703500.962598,12.573746,397,29.72,230.28,71.18,1.0000,0.359805,0.148293,249.35,333.64,0.9698,0.389617,0.695093
1786703500.998718,12.609867,398,29.72,230.29,71.11,1.0000,0.359825,0.148151,249.35,333.82,0.9699,0.389609,0.695460
1786703501.041405,12.652554,399,29.72,230.28,71.10,1.0000,0.359817,0.148135,249.40,333.80,0.9707,0.389684,0.695417
1786703501.065335,12.676484,400,29.72,230.28,71.15,1.0000,0.359817,0.148220,249.40,333.81,0.9711,0.389684,0.695434
1786703501.092228,12.703377,401,29.72,230.28,71.30,1.0000,0.359808,0.148544,249.40,333.80,0.9716,0.389689,0.695416
1786703501.144247,12.755396,402,29.72,230.44,71.26,1.0000,0.360061,0.148455,249.41,333.77,0.9718,0.389705,0.695357
1786703501.159909,12.771057,403,29.72,230.46,71.37,1.0000,0.360099,0.148698,249.38,333.78,0.9715,0.389659,0.695384
1786703501.206967,12.818116,404,29.72,230.51,71.40,1.0000,0.360176,0.148756,249.39,333.80,0.9717,0.389667,0.695419
1786703501.239016,12.850164,405,29.72,230.54,71.40,1.0000,0.360217,0.148753,249.39,333.79,0.9715,0.389666,0.695402
1786703501.272798,12.883946,406,29.72,230.54,71.46,1.0000,0.360219,0.148884,249.40,333.77,0.9717,0.389686,0.695349
1786703501.307508,12.918657,407,29.72,230.54,71.57,1.0000,0.360221,0.149109,249.40,333.77,0.9718,0.389686,0.695345
1786703501.350785,12.961934,408,29.63,230.54,71.59,1.0000,0.360223,0.149148,249.39,333.76,0.9717,0.389672,0.695335
1786703501.357261,12.968410,409,29.63,230.55,71.59,1.0000,0.360231,0.149145,249.41,333.77,0.9717,0.389696,0.695351
1786703501.405142,13.016290,410,29.63,230.58,71.59,1.0000,0.360275,0.149155,249.40,333.76,0.9722,0.389687,0.695324
1786703501.428416,13.039565,411,29.63,230.56,71.59,1.0000,0.360244,0.149151,249.40,333.82,0.9723,0.389684,0.695464
1786703501.452783,13.063931,412,29.63,230.45,71.59,1.0000,0.360081,0.149140,249.35,333.94,0.9720,0.389602,0.695704
1786703501.508428,13.119577,413,29.63,230.40,71.59,1.0000,0.360003,0.149136,249.35,333.88,0.9716,0.389609,0.695582
1786703501.542848,13.153997,414,29.63,230.36,71.53,1.0000,0.359943,0.149024,249.36,333.75,0.9717,0.389626,0.695311
1786703501.557688,13.168837,415,29.63,230.30,71.40,1.0000,0.359837,0.148755,249.40,333.75,0.9715,0.389681,0.695311
1786703501.597289,13.208438,416,29.63,230.24,71.40,1.0000,0.359749,0.148747,249.40,333.72,0.9714,0.389682,0.695258
1786703501.668119,13.279268,417,29.63,230.24,71.33,1.0000,0.359747,0.148612,249.40,333.57,0.9717,0.389688,0.694929
1786703501.698981,13.310129,418,29.63,230.24,71.28,1.0000,0.359746,0.148502,249.41,333.55,0.9720,0.389704,0.694899
1786703501.714243,13.325392,420,29.63,230.27,71.18,1.0000,0.359794,0.148298,249.41,333.50,0.9724,0.389699,0.694798
1786703501.764715,13.375864,421,29.63,230.25,71.18,1.0000,0.359765,0.148295,249.41,333.43,0.9727,0.389699,0.694640
1786703501.802035,13.413184,422,29.63,230.33,71.17,1.0000,0.359890,0.148273,249.35,333.83,0.9723,0.389606,0.695476
1786703501.841939,13.453088,423,29.63,230.32,71.05,1.0000,0.359880,0.148020,249.33,333.72,0.9728,0.389577,0.695244
1786703501.868725,13.479873,424,29.60,230.32,71.00,1.0000,0.359879,0.147910,249.40,333.72,0.9731,0.389692,0.695257
1786703501.897666,13.508815,425,29.60,230.31,70.96,1.0000,0.359864,0.147837,249.38,333.76,0.9731,0.389658,0.695333
1786703501.954586,13.565734,426,29.60,230.31,70.97,1.0000,0.359866,0.147859,249.38,334.11,0.9730,0.389658,0.696059
1786703501.984717,13.595866,427,29.60,230.32,70.97,1.0000,0.359882,0.147858,249.38,334.07,0.9728,0.389658,0.695981
1786703502.016384,13.627533,428,29.60,230.33,70.93,1.0000,0.359892,0.147761,249.20,334.57,0.9718,0.389373,0.697026
1786703502.032231,13.643380,429,29.60,230.33,70.92,1.0000,0.359892,0.147758,249.29,334.47,0.9717,0.389520,0.696806
1786703502.079829,13.690978,430,29.60,230.27,71.03,1.0000,0.359793,0.147979,249.30,334.21,0.9717,0.389526,0.696268
1786703502.098992,13.710141,431,29.60,230.27,71.03,1.0000,0.359793,0.147979,249.30,334.19,0.9714,0.389525,0.696220
1786703502.143626,13.754775,432,29.60,230.20,71.00,1.0000,0.359683,0.147917,249.29,334.00,0.9719,0.389508,0.695841
1786703502.175505,13.786654,433,29.60,230.31,70.99,1.0000,0.359863,0.147886,249.29,333.99,0.9720,0.389509,0.695816
1786703502.191344,13.802493,434,29.60,230.32,70.93,1.0000,0.359868,0.147761,249.29,334.01,0.9716,0.389519,0.695864
1786703502.240358,13.851507,435,29.60,230.31,70.88,1.0000,0.359862,0.147660,249.23,334.01,0.9714,0.389423,0.695862
1786703502.272580,13.883729,436,29.60,230.34,70.90,1.0000,0.359906,0.147704,249.24,333.98,0.9714,0.389436,0.695802
1786703502.309529,13.920678,437,29.60,230.33,70.95,1.0000,0.359893,0.147820,249.15,334.06,0.9707,0.389293,0.695949
1786703502.336609,13.947758,438,29.60,230.33,70.99,1.0000,0.359884,0.147886,249.13,334.07,0.9703,0.389258,0.695984
1786703502.385099,13.996248,439,29.45,230.24,70.98,1.0000,0.359756,0.147884,249.13,334.09,0.9693,0.389258,0.696018
1786703502.400598,14.011747,440,29.45,230.24,71.03,1.0000,0.359752,0.147983,249.13,334.11,0.9693,0.389266,0.696071
1786703502.439039,14.050188,441,29.45,230.21,71.03,1.0000,0.359696,0.147980,249.13,333.93,0.9687,0.389261,0.695677
1786703502.495928,14.107077,442,29.45,230.19,71.01,1.0000,0.359674,0.147929,249.14,333.78,0.9688,0.389289,0.695377
1786703502.510075,14.121224,443,29.45,230.14,70.99,1.0000,0.359591,0.147901,249.19,333.71,0.9693,0.389362,0.695221
1786703502.534583,14.145732,444,29.45,230.13,70.99,1.0000,0.359586,0.147893,249.20,333.76,0.9688,0.389381,0.695329
1786703502.571355,14.182504,445,29.45,230.14,71.03,1.0000,0.359589,0.147987,249.22,333.87,0.9689,0.389401,0.695558
1786703502.603528,14.214677,446,29.45,230.10,71.04,1.0000,0.359538,0.148004,249.24,333.85,0.9697,0.389438,0.695512
1786703502.638441,14.249590,447,29.45,230.08,71.05,1.0000,0.359498,0.148013,249.21,334.13,0.9695,0.389386,0.696100
1786703502.653807,14.264956,448,29.45,230.07,71.07,1.0000,0.359489,0.148071,249.26,334.09,0.9700,0.389462,0.696029
1786703502.701244,14.312393,449,29.45,230.07,71.07,1.0000,0.359485,0.148062,249.25,334.15,0.9706,0.389455,0.696141
1786703502.732945,14.344094,450,29.45,230.04,71.04,1.0000,0.359432,0.147995,249.36,334.05,0.9713,0.389626,0.695942
1786703502.764788,14.375937,451,29.45,230.04,70.87,1.0000,0.359433,0.147648,249.35,334.03,0.9716,0.389616,0.695905
1786703502.809982,14.421131,452,29.45,230.10,70.87,1.0000,0.359529,0.147647,249.35,333.79,0.9723,0.389615,0.695400
1786703502.829024,14.440172,453,29.45,230.10,70.86,1.0000,0.359534,0.147635,249.28,333.97,0.9718,0.389498,0.695775
1786703502.864883,14.476032,454,29.45,230.08,70.82,1.0000,0.359499,0.147538,249.27,333.96,0.9719,0.389486,0.695745
1786703502.907482,14.518631,455,29.61,230.04,70.82,1.0000,0.359433,0.147537,249.28,333.94,0.9723,0.389494,0.695715
1786703502.923480,14.534628,456,29.61,230.03,70.85,1.0000,0.359430,0.147609,249.33,333.86,0.9728,0.389576,0.695540
1786703502.971650,14.582799,457,29.61,229.95,70.77,1.0000,0.359297,0.147430,249.36,333.83,0.9733,0.389632,0.695469
1786703502.987932,14.599081,458,29.61,229.95,70.77,1.0000,0.359293,0.147436,249.31,334.13,0.9730,0.389541,0.696094
1786703503.027215,14.638363,459,29.61,230.05,70.77,1.0000,0.359446,0.147435,249.30,334.12,0.9729,0.389531,0.696073
1786703503.067307,14.678456,460,29.61,230.14,70.77,1.0000,0.359601,0.147433,249.30,334.11,0.9733,0.389531,0.696062
1786703503.086411,14.697560,461,29.61,230.26,70.71,1.0000,0.359779,0.147321,249.34,334.11,0.9731,0.389596,0.696061
1786703503.148039,14.759188,462,29.61,230.36,70.80,1.0000,0.359931,0.147492,249.32,334.23,0.9734,0.389559,0.696319
1786703503.170598,14.781746,463,29.61,230.43,70.79,1.0000,0.360052,0.147469,249.33,334.16,0.9737,0.389578,0.696157
1786703503.196308,14.807457,464,29.61,230.43,70.80,1.0000,0.360050,0.147506,249.32,334.13,0.9738,0.389568,0.696106
1786703503.226902,14.838051,465,29.61,230.44,70.86,1.0000,0.360067,0.147632,249.37,334.00,0.9734,0.389642,0.695836
1786703503.275214,14.886363,466,29.61,230.44,70.88,1.0000,0.360070,0.147669,249.31,334.00,0.9729,0.389554,0.695839
1786703503.307528,14.918677,467,29.61,230.44,70.95,1.0000,0.360055,0.147807,249.34,333.99,0.9725,0.389592,0.695814
1786703503.322764,14.933913,468,29.61,230.46,70.94,1.0000,0.360097,0.147800,249.33,333.97,0.9721,0.389571,0.695773
1786703503.362994,14.974143,469,29.61,230.45,70.88,1.0000,0.360074,0.147669,249.40,333.92,0.9722,0.389688,0.695663
1786703503.394600,15.005749,470,29.61,230.49,70.88,1.0000,0.360144,0.147667,249.39,333.89,0.9721,0.389675,0.695608
1786703503.450682,15.061831,471,29.58,230.49,70.86,1.0000,0.360146,0.147634,249.46,333.88,0.9721,0.389786,0.695591
1786703503.482391,15.093539,472,29.58,230.60,70.77,1.0000,0.360317,0.147439,249.47,333.87,0.9721,0.389799,0.695566
1786703503.497820,15.108969,473,29.58,230.77,70.73,1.0000,0.360575,0.147356,249.45,333.88,0.9716,0.389772,0.695589
1786703503.529573,15.140722,474,29.58,230.81,70.70,1.0000,0.360637,0.147294,249.48,333.91,0.9721,0.389811,0.695639
1786703503.569301,15.180450,475,29.58,230.84,70.70,1.0000,0.360688,0.147288,249.51,333.93,0.9723,0.389860,0.695679
1786703503.600984,15.212133,476,29.58,230.96,70.70,1.0000,0.360881,0.147288,249.53,333.95,0.9717,0.389886,0.695739
1786703503.627872,15.239021,477,29.58,231.09,70.70,1.0000,0.361071,0.147291,249.54,333.76,0.9717,0.389903,0.695340
1786703503.664737,15.275885,478,29.58,231.21,70.70,1.0000,0.361262,0.147288,249.53,333.72,0.9720,0.389895,0.695251
1786703503.701766,15.312915,479,29.58,231.20,70.51,1.0000,0.361247,0.146896,249.45,333.72,0.9716,0.389770,0.695241
1786703503.738025,15.349174,480,29.58,231.26,70.47,1.0000,0.361347,0.146823,249.46,333.72,0.9714,0.389778,0.695260
1786703503.752971,15.364120,481,29.58,231.31,70.47,1.0000,0.361425,0.146820,249.47,333.75,0.9712,0.389802,0.695318
1786703503.814448,15.425597,482,29.58,231.34,70.51,1.0000,0.361462,0.146897,249.55,333.75,0.9711,0.389927,0.695309
1786703503.845417,15.456565,483,29.58,231.35,70.67,1.0000,0.361477,0.147219,249.55,333.84,0.9709,0.389923,0.695503
1786703503.877708,15.488857,484,29.58,231.40,70.65,1.0000,0.361566,0.147189,249.53,333.80,0.9706,0.389892,0.695418
1786703503.898730,15.509879,485,29.58,231.43,70.63,1.0000,0.361605,0.147155,249.51,333.82,0.9714,0.389866,0.695453
1786703503.943950,15.555099,486,29.58,231.38,70.57,1.0000,0.361535,0.147020,249.50,333.77,0.9715,0.389846,0.695360
1786703503.959337,15.570486,487,29.92,231.23,70.57,1.0000,0.361302,0.147014,249.50,333.87,0.9711,0.389847,0.695566
1786703504.006936,15.618085,488,29.92,231.23,70.52,1.0000,0.361299,0.146916,249.50,333.81,0.9714,0.389846,0.695440
1786703504.038962,15.650111,489,29.92,231.20,70.53,1.0000,0.361254,0.146929,249.53,333.76,0.9710,0.389886,0.695325
1786703504.073500,15.684649,490,29.92,231.21,70.51,1.0000,0.361260,0.146902,249.68,333.79,0.9708,0.390120,0.695395
1786703504.097534,15.708683,491,29.92,231.20,70.51,1.0000,0.361257,0.146905,249.67,333.73,0.9710,0.390107,0.695270
1786703504.135170,15.746319,492,29.92,231.20,70.56,1.0000,0.361258,0.147003,249.67,333.65,0.9713,0.390108,0.695096
1786703504.208807,15.819956,493,29.92,231.20,70.57,1.0000,0.361253,0.147019,249.66,333.75,0.9717,0.390096,0.695314
1786703504.224181,15.835330,494,29.92,231.12,70.61,1.0000,0.361132,0.147099,249.67,333.69,0.9718,0.390113,0.695188
1786703504.243742,15.854891,495,29.92,231.13,70.60,1.0000,0.361134,0.147084,249.61,333.69,0.9718,0.390014,0.695192
1786703504.273411,15.884560,496,29.92,231.13,70.61,1.0000,0.361133,0.147114,249.67,333.70,0.9721,0.390115,0.695199
1786703504.302233,15.913382,497,29.92,230.97,70.53,1.0000,0.360898,0.146942,249.68,333.75,0.9719,0.390121,0.695318
1786703504.333470,15.944618,498,29.92,230.96,70.46,1.0000,0.360882,0.146787,249.63,333.67,0.9724,0.390042,0.695146
1786703504.373345,15.984493,499,29.92,231.00,70.49,1.0000,0.360940,0.146860,249.63,333.62,0.9723,0.390053,0.695050
1786703504.417905,16.029054,500,29.92,231.03,70.49,1.0000,0.360984,0.146856,249.59,333.81,0.9716,0.389983,0.695434
1786703504.433476,16.044625,501,29.92,231.03,70.52,1.0000,0.360984,0.146908,249.59,333.91,0.9723,0.389992,0.695638
1786703504.468158,16.079307,502,29.89,231.07,70.62,1.0000,0.361044,0.147118,249.61,333.79,0.9725,0.390016,0.695399
1786703504.500221,16.111370,503,29.89,231.07,70.62,1.0000,0.361042,0.147132,249.59,333.77,0.9724,0.389980,0.695350
1786703504.533931,16.145080,504,29.89,231.09,70.60,1.0000,0.361071,0.147093,249.58,333.76,0.9724,0.389966,0.695342
1786703504.568560,16.179709,505,29.89,231.09,70.46,1.0000,0.361074,0.146788,249.60,333.81,0.9724,0.389996,0.695439
1786703504.614578,16.225727,506,29.89,231.11,70.21,1.0000,0.361115,0.146276,249.62,333.82,0.9729,0.390025,0.695451
1786703504.637744,16.248893,507,29.89,231.07,70.27,1.0000,0.361041,0.146390,249.62,333.85,0.9725,0.390037,0.695524
1786703504.685347,16.296496,508,29.89,231.01,70.33,1.0000,0.360949,0.146520,249.66,333.76,0.9724,0.390090,0.695330
1786703504.701223,16.312371,509,29.89,230.97,70.44,1.0000,0.360888,0.146757,249.65,333.81,0.9721,0.390083,0.695440
1786703504.743420,16.354569,510,29.89,230.92,70.37,1.0000,0.360812,0.146612,249.66,333.84,0.9723,0.390099,0.695506
1786703504.765255,16.376404,511,29.89,230.87,70.39,1.0000,0.360733,0.146643,249.67,333.81,0.9728,0.390116,0.695445
1786703504.812857,16.424006,512,29.89,230.77,70.41,1.0000,0.360571,0.146688,249.66,333.91,0.9728,0.390090,0.695648
1786703504.828575,16.439724,513,29.89,230.77,70.42,1.0000,0.360584,0.146703,249.66,333.95,0.9725,0.390089,0.695736
1786703504.870855,16.482004,514,29.89,230.74,70.45,1.0000,0.360537,0.146774,249.61,334.02,0.9724,0.390015,0.695877
1786703504.894747,16.505896,515,29.89,230.70,70.64,1.0000,0.360462,0.147175,249.55,334.15,0.9720,0.389924,0.696153
1786703504.939630,16.550778,516,29.89,230.64,70.75,1.0000,0.360374,0.147395,249.54,334.18,0.9717,0.389908,0.696209
1786703504.954616,16.565765,517,29.89,230.63,70.92,1.0000,0.360367,0.147749,249.53,334.32,0.9718,0.389894,0.696498
1786703505.001778,16.612927,518,29.96,230.67,70.95,1.0000,0.360415,0.147816,249.45,334.43,0.9712,0.389761,0.696734
1786703505.049843,16.660991,519,29.96,230.67,71.11,1.0000,0.360428,0.148155,249.44,334.43,0.9710,0.389747,0.696721
1786703505.071750,16.682899,520,29.96,230.69,71.13,1.0000,0.360453,0.148197,249.42,334.45,0.9708,0.389715,0.696771
1786703505.099806,16.710955,521,29.96,230.67,71.10,1.0000,0.360422,0.148129,249.41,334.54,0.9702,0.389698,0.696964
1786703505.117608,16.728757,522,29.96,230.66,71.13,1.0000,0.360404,0.148179,249.40,334.50,0.9698,0.389688,0.696879
1786703505.172102,16.783251,523,29.96,230.56,71.09,1.0000,0.360242,0.148109,249.31,334.51,0.9696,0.389542,0.696902
1786703505.195200,16.806349,524,29.96,230.48,71.14,1.0000,0.360122,0.148215,249.32,334.56,0.9694,0.389555,0.697009
1786703505.240662,16.851810,525,29.96,230.49,70.96,1.0000,0.360144,0.147843,249.36,334.43,0.9694,0.389632,0.696729
1786703505.260325,16.871474,526,29.96,230.45,70.99,1.0000,0.360080,0.147887,249.38,334.45,0.9692,0.389654,0.696781
1786703505.325339,16.936487,527,29.96,230.53,70.78,1.0000,0.360206,0.147461,249.38,334.43,0.9695,0.389654,0.696723
1786703505.336851,16.947999,528,29.96,230.50,70.86,1.0000,0.360162,0.147621,249.38,334.43,0.9694,0.389651,0.696720
1786703505.352712,16.963861,529,29.96,230.50,70.82,1.0000,0.360160,0.147550,249.36,334.43,0.9690,0.389624,0.696733
1786703505.392407,17.003556,530,29.96,230.64,70.86,1.0000,0.360373,0.147620,249.32,334.48,0.9691,0.389565,0.696833
1786703505.426922,17.038071,531,29.96,230.70,70.79,1.0000,0.360464,0.147488,249.31,334.46,0.9693,0.389546,0.696789
1786703505.508825,17.119974,533,29.54,231.07,70.92,1.0000,0.361050,0.147752,249.12,334.83,0.9686,0.389248,0.697560
1786703505.531211,17.142359,534,29.54,231.05,70.84,1.0000,0.361010,0.147578,249.11,334.85,0.9683,0.389234,0.697602
1786703505.576466,17.187614,535,29.54,231.11,70.84,1.0000,0.361105,0.147574,249.18,334.67,0.9682,0.389341,0.697227
1786703505.592197,17.203346,536,29.54,231.13,70.71,1.0000,0.361147,0.147303,249.18,334.65,0.9685,0.389342,0.697193
1786703505.629661,17.240810,537,29.54,231.22,70.71,1.0000,0.361286,0.147304,249.20,334.66,0.9685,0.389375,0.697218
1786703505.677414,17.288563,538,29.54,231.23,70.45,1.0000,0.361296,0.146763,249.21,334.67,0.9683,0.389389,0.697232
1786703505.687972,17.299121,539,29.54,231.28,70.46,1.0000,0.361367,0.146795,249.24,334.62,0.9690,0.389444,0.697117
1786703505.722855,17.334004,540,29.54,231.28,70.49,1.0000,0.361368,0.146860,249.24,334.61,0.9687,0.389445,0.697104
1786703505.760157,17.371306,541,29.54,231.28,70.51,1.0000,0.361379,0.146887,249.23,334.82,0.9685,0.389425,0.697539
1786703505.794514,17.405663,542,29.54,231.36,70.62,1.0000,0.361500,0.147122,249.15,334.80,0.9674,0.389297,0.697505
1786703505.847369,17.458518,543,29.54,231.26,70.61,1.0000,0.361349,0.147113,249.16,334.48,0.9678,0.389315,0.696843
1786703505.867497,17.478646,544,29.54,231.26,70.72,1.0000,0.361347,0.147339,249.14,334.44,0.9679,0.389278,0.696747
1786703505.897776,17.508925,545,29.54,231.14,70.72,1.0000,0.361160,0.147340,249.17,334.45,0.9678,0.389328,0.696765
1786703505.941531,17.552680,546,29.54,231.26,70.92,1.0000,0.361345,0.147758,249.17,334.15,0.9679,0.389330,0.696145
1786703505.991980,17.603128,547,29.54,231.32,70.95,1.0000,0.361433,0.147818,249.17,334.30,0.9678,0.389328,0.696464
1786703506.007672,17.618820,548,29.51,231.32,70.99,1.0000,0.361433,0.147906,249.16,334.30,0.9679,0.389314,0.696468
1786703506.023314,17.634463,549,29.51,231.32,71.04,1.0000,0.361440,0.148010,249.14,334.29,0.9673,0.389282,0.696428
1786703506.087120,17.698269,550,29.51,231.32,71.00,1.0000,0.361442,0.147916,249.21,334.25,0.9676,0.389383,0.696354
1786703506.092013,17.703162,551,29.51,231.35,71.04,1.0000,0.361491,0.147990,249.20,334.27,0.9669,0.389383,0.696386
1786703506.135931,17.747080,552,29.51,231.38,71.01,1.0000,0.361524,0.147947,249.22,334.21,0.9670,0.389401,0.696261
1786703506.162931,17.774080,553,29.51,231.28,71.01,1.0000,0.361381,0.147937,249.22,334.25,0.9675,0.389407,0.696364
1786703506.195385,17.806534,554,29.51,231.40,71.01,1.0000,0.361566,0.147933,249.18,334.53,0.9667,0.389348,0.696928
1786703506.231154,17.842303,555,29.51,231.27,71.14,1.0000,0.361361,0.148212,249.15,334.58,0.9663,0.389300,0.697050
1786703506.277728,17.888877,556,29.51,231.26,71.16,1.0000,0.361344,0.148254,249.17,334.44,0.9665,0.389330,0.696742
1786703506.296297,17.907445,557,29.51,231.25,71.17,1.0000,0.361332,0.148274,249.20,334.18,0.9665,0.389376,0.696205
1786703506.341589,17.952738,558,29.51,231.25,71.16,1.0000,0.361321,0.148252,249.20,334.22,0.9665,0.389376,0.696296
1786703506.373404,17.984553,559,29.51,231.19,71.29,1.0000,0.361227,0.148523,249.17,334.25,0.9661,0.389322,0.696353
1786703506.410663,18.021812,560,29.51,231.14,71.28,1.0000,0.361162,0.148510,249.21,334.13,0.9662,0.389395,0.696113
1786703506.428492,18.039641,561,29.51,231.08,71.29,1.0000,0.361062,0.148529,249.21,334.15,0.9665,0.389396,0.696136
1786703506.457507,18.068656,562,29.51,231.11,71.28,1.0000,0.361115,0.148503,249.26,334.14,0.9660,0.389473,0.696131
1786703506.496235,18.107383,563,29.51,231.05,71.27,1.0000,0.361013,0.148480,249.30,334.01,0.9665,0.389532,0.695850
1786703506.545074,18.156223,564,29.57,230.97,71.28,1.0000,0.360886,0.148502,249.30,334.01,0.9661,0.389533,0.695853
1786703506.592318,18.203467,565,29.57,230.98,71.14,1.0000,0.360906,0.148214,249.33,333.83,0.9662,0.389572,0.695474
1786703506.623628,18.234777,566,29.57,230.81,71.03,1.0000,0.360644,0.147970,249.31,333.84,0.9658,0.389545,0.695506
1786703506.639275,18.250424,567,29.57,230.81,71.00,1.0000,0.360644,0.147926,249.31,333.77,0.9658,0.389553,0.695347
1786703506.669333,18.280482,568,29.57,230.76,70.98,1.0000,0.360558,0.147872,249.31,333.73,0.9659,0.389553,0.695280
1786703506.704037,18.315186,569,29.57,230.76,70.98,1.0000,0.360559,0.147867,249.33,333.71,0.9660,0.389583,0.695219
1786703506.725425,18.336573,570,29.57,230.66,70.99,1.0000,0.360407,0.147893,249.32,333.66,0.9667,0.389560,0.695127
1786703506.784950,18.396099,571,29.57,230.62,71.00,1.0000,0.360343,0.147918,249.26,333.93,0.9670,0.389465,0.695696
1786703506.815676,18.426825,572,29.57,230.67,71.00,1.0000,0.360425,0.147911,249.26,333.98,0.9670,0.389470,0.695792
1786703506.828314,18.439463,573,29.57,230.73,71.01,1.0000,0.360521,0.147930,249.31,333.95,0.9669,0.389548,0.695727
1786703506.862928,18.474077,574,29.57,230.78,70.98,1.0000,0.360587,0.147875,249.31,333.94,0.9670,0.389545,0.695713
1786703506.899155,18.510304,575,29.57,230.84,70.98,1.0000,0.360687,0.147881,249.35,333.99,0.9671,0.389602,0.695811
1786703506.931040,18.542189,576,29.57,231.02,70.89,1.0000,0.360975,0.147689,249.47,333.71,0.9680,0.389790,0.695225
1786703506.959756,18.570905,577,29.57,231.04,70.87,1.0000,0.361007,0.147636,249.47,333.72,0.9679,0.389794,0.695252
1786703506.994161,18.605310,578,29.57,231.09,70.84,1.0000,0.361078,0.147574,249.48,333.43,0.9684,0.389805,0.694645
1786703507.050315,18.661463,579,29.61,231.08,70.83,1.0000,0.361066,0.147564,249.54,333.47,0.9684,0.389909,0.694729
1786703507.065304,18.676453,580,29.61,231.08,70.84,1.0000,0.361061,0.147575,249.53,333.48,0.9686,0.389898,0.694752
1786703507.099375,18.710524,581,29.61,231.08,70.83,1.0000,0.361055,0.147554,249.55,333.44,0.9688,0.389917,0.694670
1786703507.130907,18.742056,582,29.61,231.06,70.78,1.0000,0.361035,0.147466,249.54,333.45,0.9685,0.389911,0.694680
1786703507.182600,18.793749,583,29.61,231.06,70.78,1.0000,0.361038,0.147464,249.52,333.44,0.9688,0.389875,0.694672
1786703507.221498,18.832646,584,29.61,231.03,70.81,1.0000,0.360991,0.147512,249.51,333.46,0.9690,0.389862,0.694701
1786703507.236126,18.847275,585,29.61,231.04,70.79,1.0000,0.360997,0.147487,249.50,333.46,0.9685,0.389845,0.694717
1786703507.269600,18.880749,586,29.61,231.02,70.78,1.0000,0.360971,0.147458,249.53,333.67,0.9686,0.389886,0.695139
1786703507.296213,18.907362,587,29.61,231.01,70.78,1.0000,0.360950,0.147451,249.52,333.72,0.9685,0.389880,0.695257
1786703507.339066,18.950214,588,29.61,230.98,70.77,1.0000,0.360899,0.147430,249.60,333.73,0.9687,0.390005,0.695278
1786703507.379153,18.990302,589,29.61,230.92,70.75,1.0000,0.360818,0.147396,249.58,333.57,0.9690,0.389963,0.694941
1786703507.400450,19.011599,590,29.61,230.92,70.75,1.0000,0.360816,0.147396,249.59,333.59,0.9694,0.389991,0.694977
1786703507.423987,19.035136,591,29.61,230.92,70.74,1.0000,0.360812,0.147372,249.60,333.61,0.9694,0.390006,0.695028
1786703507.471977,19.083126,592,29.61,230.88,70.70,1.0000,0.360749,0.147295,249.60,333.60,0.9698,0.389996,0.694994
1786703507.495259,19.106408,593,29.61,230.69,70.70,1.0000,0.360453,0.147292,249.60,333.68,0.9693,0.390005,0.695167
1786703507.543754,19.154903,594,29.61,230.66,70.70,1.0000,0.360412,0.147286,249.59,333.70,0.9695,0.389977,0.695200
1786703507.574801,19.185950,595,29.92,230.65,70.70,1.0000,0.360390,0.147283,249.64,333.68,0.9693,0.390057,0.695161
1786703507.606115,19.217264,596,29.92,230.59,70.69,1.0000,0.360290,0.147280,249.69,333.67,0.9697,0.390133,0.695152
1786703507.638446,19.249595,597,29.92,230.60,70.68,1.0000,0.360319,0.147252,249.71,333.75,0.9701,0.390178,0.695313
1786703507.672404,19.283553,598,29.92,230.60,70.66,1.0000,0.360305,0.147219,249.70,333.98,0.9702,0.390151,0.695783
1786703507.707007,19.318156,599,29.92,230.61,70.62,1.0000,0.360323,0.147132,249.70,334.00,0.9704,0.390152,0.695838
1786703507.744123,19.355271,600,29.92,230.60,70.57,1.0000,0.360316,0.147013,249.72,334.05,0.9708,0.390195,0.695945
1786703507.770247,19.381396,601,29.92,230.60,70.49,1.0000,0.360305,0.146862,249.73,334.05,0.9712,0.390198,0.695945
1786703507.801397,19.412546,602,29.92,230.62,70.44,1.0000,0.360346,0.146759,249.72,334.14,0.9711,0.390194,0.696129
1786703507.830340,19.441489,603,29.92,230.62,70.40,1.0000,0.360344,0.146659,249.68,334.15,0.9714,0.390128,0.696139
1786703507.862467,19.473616,604,29.92,230.61,70.38,1.0000,0.360322,0.146624,249.62,334.14,0.9713,0.390035,0.696129
1786703507.895875,19.507024,605,29.92,230.56,70.37,1.0000,0.360254,0.146594,249.60,334.20,0.9714,0.390008,0.696260
1786703507.949131,19.560280,606,29.92,230.60,70.33,1.0000,0.360306,0.146519,249.65,334.08,0.9715,0.390080,0.695996
1786703507.970368,19.581517,607,29.92,230.59,70.30,1.0000,0.360301,0.146468,249.65,334.07,0.9719,0.390085,0.695971
1786703508.001469,19.612618,608,29.92,230.63,70.29,1.0000,0.360359,0.146429,249.69,334.03,0.9724,0.390137,0.695897
1786703508.062335,19.673484,609,29.54,230.64,70.29,1.0000,0.360371,0.146446,249.69,334.02,0.9726,0.390148,0.695885
1786703508.065022,19.676171,610,29.54,230.64,70.29,1.0000,0.360370,0.146441,249.69,334.03,0.9728,0.390139,0.695900
1786703508.112198,19.723347,611,29.54,230.66,70.28,1.0000,0.360411,0.146416,249.59,334.03,0.9727,0.389989,0.695898
1786703508.128263,19.739412,612,29.54,230.75,70.27,1.0000,0.360547,0.146387,249.60,333.98,0.9727,0.389999,0.695787
1786703508.168171,19.779320,613,29.54,230.76,70.26,1.0000,0.360567,0.146381,249.60,333.96,0.9730,0.389993,0.695740
1786703508.208099,19.819247,614,29.54,230.77,70.11,1.0000,0.360580,0.146060,249.58,333.85,0.9730,0.389974,0.695513
1786703508.233082,19.844231,615,29.54,230.77,70.07,1.0000,0.360584,0.145986,249.60,333.77,0.9733,0.390003,0.695362
1786703508.269389,19.880538,616,29.54,230.77,70.03,1.0000,0.360582,0.145900,249.62,333.75,0.9734,0.390026,0.695317
1786703508.304460,19.915609,617,29.54,230.79,70.03,1.0000,0.360614,0.145892,249.50,333.79,0.9736,0.389846,0.695405
1786703508.331524,19.942673,618,29.54,230.80,70.02,1.0000,0.360629,0.145874,249.52,333.81,0.9739,0.389876,0.695427
1786703508.368288,19.979436,619,29.54,230.82,70.03,1.0000,0.360659,0.145892,249.42,334.09,0.9735,0.389719,0.696013
1786703508.400840,20.011988,620,29.54,230.98,70.02,1.0000,0.360912,0.145885,249.43,334.12,0.9730,0.389732,0.696081
1786703508.434944,20.046093,621,29.54,231.00,70.02,1.0000,0.360934,0.145880,249.41,334.16,0.9727,0.389703,0.696171
1786703508.454255,20.065404,622,29.54,231.04,69.99,1.0000,0.360998,0.145803,249.42,334.13,0.9728,0.389711,0.696102
1786703508.496462,20.107611,623,29.54,231.28,69.98,1.0000,0.361373,0.145800,249.44,334.01,0.9728,0.389749,0.695864
1786703508.550418,20.161567,624,29.54,231.32,69.78,1.0000,0.361445,0.145385,249.37,334.22,0.9727,0.389639,0.696292
1786703508.575425,20.186574,625,29.90,231.44,69.79,1.0000,0.361627,0.145391,249.40,334.19,0.9725,0.389684,0.696226
1786703508.612323,20.223472,626,29.90,231.37,69.77,1.0000,0.361512,0.145363,249.40,334.26,0.9722,0.389681,0.696382
1786703508.629983,20.241132,627,29.90,231.23,69.69,1.0000,0.361295,0.145190,249.39,334.25,0.9720,0.389670,0.696353
1786703508.662269,20.273418,628,29.90,231.28,69.65,1.0000,0.361371,0.145104,249.40,334.23,0.9718,0.389680,0.696311
1786703508.708180,20.319329,629,29.90,231.32,69.63,1.0000,0.361434,0.145055,249.34,334.32,0.9711,0.389591,0.696494
1786703508.729703,20.340852,630,29.90,231.45,69.67,1.0000,0.361644,0.145152,249.39,334.32,0.9708,0.389676,0.696507
1786703508.771659,20.382807,631,29.90,231.50,69.67,1.0000,0.361725,0.145149,249.39,334.23,0.9708,0.389666,0.696310
1786703508.803603,20.414752,632,29.90,231.69,69.60,1.0000,0.362015,0.144992,249.40,334.17,0.9706,0.389688,0.696180
1786703508.819417,20.430566,633,29.90,231.70,69.40,1.0000,0.362030,0.144584,249.41,334.17,0.9708,0.389705,0.696187
1786703508.867453,20.478602,634,29.90,231.74,69.43,1.0000,0.362092,0.144656,249.45,334.09,0.9707,0.389761,0.696031
1786703508.909473,20.520622,635,29.90,231.88,69.43,1.0000,0.362314,0.144649,249.46,333.92,0.9711,0.389780,0.695669
1786703508.939205,20.550354,636,29.90,231.89,69.27,1.0000,0.362332,0.144304,249.52,333.91,0.9717,0.389875,0.695636
1786703508.962927,20.574076,637,29.90,232.12,69.29,1.0000,0.362693,0.144345,249.53,333.89,0.9720,0.389886,0.695609
1786703509.003197,20.614346,638,29.90,232.36,69.30,1.0000,0.363070,0.144366,249.59,333.90,0.9720,0.389977,0.695621
1786703509.037014,20.648163,639,29.90,232.47,69.29,1.0000,0.363242,0.144360,249.60,333.90,0.9725,0.390002,0.695618
1786703509.066424,20.677573,640,29.90,232.48,69.30,1.0000,0.363252,0.144378,249.59,333.92,0.9724,0.389990,0.695664
1786703509.107375,20.718524,641,29.93,232.47,69.35,1.0000,0.363241,0.144473,249.60,333.76,0.9726,0.390006,0.695342
1786703509.155121,20.766269,642,29.93,232.50,69.32,1.0000,0.363286,0.144415,249.79,333.77,0.9725,0.390303,0.695348
1786703509.170336,20.781485,643,29.93,232.53,69.30,1.0000,0.363328,0.144378,249.83,333.81,0.9727,0.390363,0.695444
1786703509.198278,20.809427,644,29.93,232.90,69.31,1.0000,0.363910,0.144392,249.83,333.80,0.9728,0.390366,0.695415
1786703509.231862,20.843011,645,29.93,232.95,69.29,1.0000,0.363985,0.144349,249.83,333.81,0.9729,0.390359,0.695445
1786703509.282433,20.893581,646,29.93,233.39,69.29,1.0000,0.364673,0.144352,249.89,333.75,0.9730,0.390454,0.695319
1786703509.324797,20.935946,647,29.93,233.39,69.29,1.0000,0.364670,0.144357,249.88,333.74,0.9731,0.390437,0.695284
1786703509.337270,20.948418,648,29.93,233.50,69.29,1.0000,0.364851,0.144357,249.88,333.72,0.9737,0.390440,0.695253
1786703509.366782,20.977931,649,29.93,233.50,69.29,1.0000,0.364849,0.144357,249.91,333.70,0.9738,0.390479,0.695219
1786703509.409506,21.020655,650,29.93,233.50,69.28,1.0000,0.364837,0.144325,249.84,333.72,0.9739,0.390379,0.695247
1786703509.427014,21.038163,651,29.93,233.51,69.25,1.0000,0.364856,0.144270,249.83,333.72,0.9741,0.390365,0.695260
1786703509.462341,21.073489,652,29.93,233.44,69.25,1.0000,0.364747,0.144277,249.79,333.72,0.9739,0.390298,0.695259
1786703509.481159,21.092308,653,29.93,233.55,69.27,1.0000,0.364915,0.144321,249.79,333.72,0.9743,0.390292,0.695249
1786703509.541187,21.152335,654,29.93,233.63,69.27,1.0000,0.365042,0.144321,249.79,333.75,0.9740,0.390300,0.695306
1786703509.568043,21.179192,655,29.93,233.64,69.31,1.0000,0.365061,0.144403,249.80,333.73,0.9746,0.390306,0.695273
1786703509.599813,21.210961,656,29.93,233.70,69.34,1.0000,0.365163,0.144451,249.79,333.72,0.9743,0.390300,0.695251
1786703509.631480,21.242629,657,30.02,233.74,69.34,1.0000,0.365218,0.144467,249.75,333.72,0.9742,0.390227,0.695248
1786703509.665866,21.277015,658,30.02,233.74,69.45,1.0000,0.365217,0.144687,249.70,333.76,0.9744,0.390155,0.695330
1786703509.694628,21.305777,659,30.02,233.87,69.47,1.0000,0.365417,0.144729,249.70,333.76,0.9744,0.390153,0.695333
1786703509.742187,21.353336,660,30.02,233.92,69.50,1.0000,0.365507,0.144791,249.91,333.76,0.9747,0.390482,0.695328
1786703509.759261,21.370410,661,30.02,233.97,69.53,1.0000,0.365575,0.144850,249.86,333.76,0.9743,0.390409,0.695332
1786703509.794741,21.405890,662,30.02,233.97,69.53,1.0000,0.365579,0.144846,249.87,333.78,0.9744,0.390423,0.695370
1786703509.829758,21.440907,663,30.02,234.00,69.53,1.0000,0.365619,0.144849,249.87,333.82,0.9749,0.390416,0.695460
1786703509.869819,21.480968,664,30.02,233.99,69.50,1.0000,0.365607,0.144789,249.94,333.83,0.9749,0.390529,0.695487
1786703509.892871,21.504019,665,30.02,234.15,69.53,1.0000,0.365852,0.144851,249.94,333.87,0.9754,0.390525,0.695569
1786703509.924482,21.535630,666,30.02,234.15,69.48,1.0000,0.365853,0.144759,249.96,333.87,0.9751,0.390559,0.695566
1786703509.982197,21.593345,667,30.02,234.14,69.44,1.0000,0.365840,0.144664,249.96,333.78,0.9750,0.390562,0.695384
1786703510.003098,21.614247,668,30.02,234.11,69.44,1.0000,0.365798,0.144665,250.06,333.76,0.9748,0.390715,0.695334
1786703510.042937,21.654085,669,30.02,233.94,69.37,1.0000,0.365535,0.144530,250.12,333.75,0.9748,0.390805,0.695311
1786703510.067444,21.678593,670,30.02,233.82,69.33,1.0000,0.365338,0.144428,250.07,333.75,0.9749,0.390738,0.695306
1786703510.098498,21.709647,671,30.02,233.82,69.33,1.0000,0.365338,0.144446,249.96,333.76,0.9750,0.390570,0.695330
1786703510.127699,21.738848,672,30.02,233.79,69.34,1.0000,0.365302,0.144455,249.90,333.75,0.9755,0.390468,0.695314
1786703510.159299,21.770448,673,30.13,233.81,69.35,1.0000,0.365330,0.144470,249.88,333.73,0.9757,0.390433,0.695280
1786703510.210291,21.821440,674,30.13,233.89,69.41,1.0000,0.365446,0.144605,249.74,333.79,0.9764,0.390225,0.695399
1786703510.235448,21.846597,675,30.13,233.90,69.44,1.0000,0.365466,0.144665,249.69,333.80,0.9760,0.390143,0.695422
1786703510.265389,21.876538,676,30.13,233.98,69.47,1.0000,0.365593,0.144729,249.71,333.75,0.9764,0.390167,0.695311
1786703510.313363,21.924512,677,30.13,233.99,69.48,1.0000,0.365608,0.144752,249.67,333.71,0.9767,0.390109,0.695238
1786703510.328452,21.939601,678,30.13,233.98,69.49,1.0000,0.365592,0.144773,249.65,333.68,0.9765,0.390079,0.695175
1786703510.370750,21.981899,679,30.13,233.97,69.50,1.0000,0.365576,0.144791,249.65,333.65,0.9765,0.390079,0.695108
1786703510.406912,22.018061,680,30.13,233.81,69.50,1.0000,0.365325,0.144782,249.63,333.55,0.9767,0.390044,0.694904
1786703510.427573,22.038722,681,30.13,233.81,69.54,1.0000,0.365326,0.144884,249.63,333.55,0.9768,0.390042,0.694901
1786703510.477640,22.088789,682,30.13,233.52,69.56,1.0000,0.364876,0.144919,249.65,333.61,0.9767,0.390079,0.695023
1786703510.518394,22.129542,683,30.13,233.57,69.66,1.0000,0.364952,0.145124,249.62,333.62,0.9770,0.390034,0.695040
1786703510.533581,22.144730,684,30.13,233.58,69.66,1.0000,0.364968,0.145135,249.61,333.66,0.9771,0.390020,0.695117
1786703510.570960,22.182109,685,30.13,233.57,69.66,1.0000,0.364955,0.145130,249.62,333.65,0.9771,0.390031,0.695114
1786703510.621284,22.232433,686,30.13,233.62,69.60,1.0000,0.365032,0.145007,249.63,333.65,0.9773,0.390045,0.695103
1786703510.629526,22.240675,687,30.13,233.30,69.60,1.0000,0.364526,0.145002,249.66,333.64,0.9776,0.390092,0.695092
1786703510.669974,22.281123,688,30.02,233.29,69.59,1.0000,0.364515,0.144988,249.63,333.66,0.9779,0.390044,0.695116
1786703510.706860,22.318008,689,30.02,233.36,69.63,1.0000,0.364630,0.145052,249.70,333.67,0.9772,0.390149,0.695143
1786703510.727557,22.338706,690,30.02,233.42,69.63,1.0000,0.364719,0.145062,249.70,333.70,0.9773,0.390155,0.695202
1786703510.773193,22.384342,691,30.02,233.42,69.63,1.0000,0.364724,0.145065,249.70,333.70,0.9774,0.390161,0.695215
1786703510.790734,22.401883,692,30.02,233.43,69.66,1.0000,0.364727,0.145124,249.71,333.72,0.9773,0.390170,0.695243
1786703510.825913,22.437062,693,30.02,233.38,69.66,1.0000,0.364649,0.145125,249.71,333.88,0.9767,0.390165,0.695585
1786703510.875647,22.486796,694,30.02,233.38,69.77,1.0000,0.364651,0.145358,249.69,333.88,0.9765,0.390148,0.695577
1786703510.900152,22.511301,695,30.02,232.90,69.77,1.0000,0.363913,0.145363,249.63,333.82,0.9763,0.390051,0.695449
1786703510.936445,22.547594,696,30.02,232.90,69.78,1.0000,0.363913,0.145367,249.65,333.66,0.9763,0.390077,0.695128
1786703510.979273,22.590421,697,30.02,232.73,69.93,1.0000,0.363645,0.145688,249.46,333.67,0.9763,0.389780,0.695154
1786703510.995397,22.606546,698,30.02,232.73,69.96,1.0000,0.363638,0.145740,249.49,333.70,0.9764,0.389822,0.695210
1786703511.035095,22.646244,699,30.02,232.52,69.95,1.0000,0.363320,0.145734,249.45,333.71,0.9761,0.389763,0.695236
1786703511.061576,22.672724,700,30.02,232.45,69.99,1.0000,0.363203,0.145815,249.46,333.70,0.9763,0.389786,0.695207
1786703511.098794,22.709943,701,30.02,232.28,69.97,1.0000,0.362942,0.145774,249.48,333.70,0.9762,0.389805,0.695200
1786703511.138601,22.749750,702,30.02,231.96,69.98,1.0000,0.362430,0.145798,249.47,333.68,0.9765,0.389804,0.695157
1786703511.163994,22.775142,703,30.02,231.86,69.94,1.0000,0.362278,0.145710,249.51,333.68,0.9766,0.389855,0.695166
1786703511.202456,22.813605,704,29.95,231.70,69.92,1.0000,0.362033,0.145666,249.59,333.67,0.9758,0.389989,0.695144
1786703511.234862,22.846011,705,29.95,231.68,69.93,1.0000,0.361997,0.145687,249.61,333.64,0.9758,0.390023,0.695073
1786703511.262112,22.873261,706,29.95,231.68,70.00,1.0000,0.362005,0.145838,249.60,333.62,0.9755,0.389996,0.695043
1786703511.302853,22.914001,707,29.95,231.65,70.04,1.0000,0.361950,0.145920,249.62,333.62,0.9751,0.390024,0.695048
1786703511.329657,22.940806,708,29.95,231.64,70.06,1.0000,0.361944,0.145952,249.60,333.64,0.9753,0.389999,0.695074
1786703511.366510,22.977659,709,29.95,231.39,70.03,1.0000,0.361555,0.145890,249.71,333.71,0.9752,0.390165,0.695233
1786703511.398317,23.009466,710,29.95,231.29,70.03,1.0000,0.361391,0.145891,249.74,333.72,0.9749,0.390218,0.695248
1786703511.446580,23.057729,711,29.95,231.33,70.03,1.0000,0.361456,0.145892,249.76,333.74,0.9748,0.390248,0.695293
1786703511.461654,23.072803,712,29.95,231.29,70.03,1.0000,0.361395,0.145893,249.79,333.80,0.9745,0.390297,0.695416
1786703511.497114,23.108263,713,29.95,231.44,70.03,1.0000,0.361623,0.145896,249.79,333.78,0.9747,0.390298,0.695380
1786703511.541565,23.152714,714,29.95,231.58,70.07,1.0000,0.361846,0.145984,249.81,333.74,0.9745,0.390326,0.695282
1786703511.579385,23.190534,715,29.95,231.60,70.02,1.0000,0.361878,0.145868,249.77,333.72,0.9746,0.390268,0.695247
1786703511.600545,23.211694,716,29.95,231.58,70.03,1.0000,0.361850,0.145895,249.79,333.69,0.9742,0.390304,0.695186
1786703511.634574,23.245723,717,29.95,231.54,70.07,1.0000,0.361782,0.145974,249.81,333.66,0.9739,0.390322,0.695134
1786703511.674012,23.285161,718,29.95,231.51,70.08,1.0000,0.361738,0.146002,249.80,333.72,0.9733,0.390312,0.695255
1786703511.711537,23.322686,719,29.90,231.47,70.06,1.0000,0.361674,0.145953,249.81,333.62,0.9724,0.390335,0.695033
1786703511.727416,23.338564,720,29.90,231.42,70.06,1.0000,0.361598,0.145954,249.78,333.62,0.9729,0.390282,0.695048
1786703511.772583,23.383732,721,29.90,231.39,70.09,1.0000,0.361543,0.146014,249.78,333.63,0.9727,0.390277,0.695069
1786703511.799208,23.410357,722,29.90,231.38,70.12,1.0000,0.361530,0.146078,249.77,333.61,0.9726,0.390271,0.695024
1786703511.835306,23.446455,723,29.90,231.46,70.01,1.0000,0.361651,0.145847,249.74,333.62,0.9723,0.390212,0.695041
1786703511.887842,23.498991,724,29.90,231.26,69.97,1.0000,0.361345,0.145768,249.75,333.63,0.9721,0.390241,0.695071
1786703511.927243,23.538391,726,29.90,231.24,70.04,1.0000,0.361307,0.145909,249.74,333.61,0.9726,0.390214,0.695011
1786703511.971839,23.582988,727,29.90,231.19,70.02,1.0000,0.361234,0.145885,249.82,333.63,0.9727,0.390342,0.695072
1786703511.997911,23.609060,728,29.90,231.20,70.16,1.0000,0.361247,0.146157,249.82,333.61,0.9723,0.390342,0.695018
1786703512.043279,23.654428,729,29.90,231.20,70.27,1.0000,0.361249,0.146402,249.78,333.62,0.9718,0.390274,0.695036
1786703512.060617,23.671766,730,29.90,231.20,70.28,1.0000,0.361249,0.146410,249.75,333.65,0.9722,0.390234,0.695102
1786703512.099535,23.710683,731,29.90,231.20,70.42,1.0000,0.361248,0.146711,249.76,333.65,0.9719,0.390243,0.695098
1786703512.132077,23.743225,732,29.90,231.20,70.47,1.0000,0.361244,0.146819,249.68,333.62,0.9720,0.390123,0.695049
1786703512.161268,23.772417,733,29.90,231.19,70.47,1.0000,0.361240,0.146823,249.68,333.60,0.9720,0.390128,0.694993
1786703512.211226,23.822375,734,29.51,231.25,70.58,1.0000,0.361325,0.147050,249.69,333.75,0.9716,0.390146,0.695317
1786703512.222104,23.833253,735,29.51,231.24,70.59,1.0000,0.361319,0.147071,249.70,333.76,0.9720,0.390159,0.695343
1786703512.269496,23.880645,736,29.51,231.26,70.86,1.0000,0.361352,0.147616,249.80,333.69,0.9719,0.390311,0.695197
1786703512.314765,23.925914,737,29.51,231.25,70.93,1.0000,0.361327,0.147779,249.75,333.72,0.9720,0.390237,0.695249
1786703512.336756,23.947904,738,29.51,231.25,70.92,1.0000,0.361327,0.147749,249.80,333.73,0.9723,0.390312,0.695269
1786703512.362933,23.974082,739,29.51,231.29,70.92,1.0000,0.361391,0.147754,249.82,333.77,0.9712,0.390347,0.695358
1786703512.402119,24.013268,740,29.51,231.36,70.93,1.0000,0.361501,0.147771,249.91,333.76,0.9714,0.390477,0.695334
1786703512.426373,24.037522,741,29.51,231.35,70.92,1.0000,0.361486,0.147751,249.90,333.54,0.9715,0.390464,0.694883
1786703512.477822,24.088971,742,29.51,231.34,70.88,1.0000,0.361471,0.147656,249.87,333.34,0.9716,0.390421,0.694464
1786703512.485809,24.096958,743,29.51,231.35,70.89,1.0000,0.361491,0.147686,249.84,333.39,0.9714,0.390377,0.694554
1786703512.534045,24.145194,744,29.51,231.36,70.78,1.0000,0.361496,0.147455,249.91,333.36,0.9714,0.390489,0.694501
1786703512.578530,24.189679,745,29.51,231.35,70.76,1.0000,0.361490,0.147419,249.78,333.31,0.9715,0.390280,0.694388
1786703512.595853,24.207002,746,29.51,231.36,70.74,1.0000,0.361498,0.147376,249.82,333.30,0.9719,0.390343,0.694365
1786703512.631657,24.242806,747,29.51,231.33,70.71,1.0000,0.361455,0.147308,249.85,333.30,0.9715,0.390384,0.694373
1786703512.663926,24.275075,748,29.51,231.18,70.71,1.0000,0.361214,0.147306,249.84,333.34,0.9714,0.390380,0.694458
1786703512.696384,24.307533,749,29.51,231.17,70.69,1.0000,0.361204,0.147278,250.01,333.33,0.9716,0.390639,0.694445
1786703512.737592,24.348741,750,29.65,231.60,70.45,1.0000,0.361873,0.146772,249.99,333.29,0.9721,0.390610,0.694353
1786703512.762050,24.373199,751,29.65,231.56,70.45,1.0000,0.361809,0.146771,249.99,333.34,0.9716,0.390605,0.694456
1786703512.798565,24.409714,752,29.65,231.65,70.60,1.0000,0.361959,0.147079,249.99,333.35,0.9721,0.390602,0.694473
1786703512.830780,24.441928,753,29.65,231.62,70.73,1.0000,0.361906,0.147353,249.94,333.38,0.9727,0.390537,0.694539
1786703512.872438,24.483587,754,29.65,231.61,70.84,1.0000,0.361898,0.147588,249.94,333.59,0.9724,0.390533,0.694977
1786703512.911388,24.522537,755,29.65,231.62,70.87,1.0000,0.361905,0.147651,249.94,333.59,0.9720,0.390534,0.694972
1786703512.933680,24.544828,756,29.65,231.63,70.88,1.0000,0.361921,0.147673,249.92,333.63,0.9721,0.390502,0.695065
1786703512.966815,24.577964,757,29.65,231.65,70.86,1.0000,0.361946,0.147618,249.92,333.59,0.9717,0.390504,0.694983
1786703512.993629,24.604778,758,29.65,231.67,70.86,1.0000,0.361980,0.147635,249.98,333.59,0.9716,0.390590,0.694978
1786703513.038384,24.649533,759,29.65,231.73,70.86,1.0000,0.362080,0.147619,249.92,333.53,0.9715,0.390507,0.694857
1786703513.066497,24.677646,760,29.65,231.72,70.85,1.0000,0.362069,0.147611,249.85,333.56,0.9716,0.390395,0.694909
1786703513.099884,24.711033,761,29.65,231.74,70.85,1.0000,0.362097,0.147607,249.82,333.61,0.9714,0.390342,0.695028
1786703513.126093,24.737242,762,29.65,231.71,70.83,1.0000,0.362044,0.147552,249.81,333.47,0.9710,0.390326,0.694727
1786703513.177834,24.788983,763,29.65,231.57,70.69,1.0000,0.361822,0.147274,249.82,333.50,0.9704,0.390340,0.694799
1786703513.223171,24.834320,764,29.65,231.46,70.69,1.0000,0.361656,0.147272,249.90,333.37,0.9702,0.390470,0.694518
1786703513.233915,24.845063,765,29.60,231.26,70.64,1.0000,0.361339,0.147169,249.90,333.37,0.9703,0.390476,0.694519
1786703513.268347,24.879496,766,29.60,231.24,70.63,1.0000,0.361312,0.147152,249.91,333.34,0.9702,0.390482,0.694458
1786703513.318874,24.930023,767,29.60,231.24,70.63,1.0000,0.361319,0.147149,249.88,333.35,0.9702,0.390433,0.694473
1786703513.329510,24.940659,768,29.60,231.34,70.63,1.0000,0.361461,0.147151,249.90,333.35,0.9699,0.390468,0.694487
1786703513.372298,24.983447,769,29.60,231.34,70.66,1.0000,0.361463,0.147216,249.90,333.30,0.9705,0.390472,0.694370
1786703513.409738,25.020887,770,29.60,231.34,70.76,1.0000,0.361471,0.147408,249.91,333.37,0.9701,0.390489,0.694510
1786703513.425324,25.036473,771,29.60,231.33,70.70,1.0000,0.361451,0.147294,249.84,333.36,0.9711,0.390368,0.694507
1786703513.462478,25.073627,772,29.60,231.33,70.85,1.0000,0.361453,0.147606,249.83,333.33,0.9716,0.390352,0.694437
1786703513.499353,25.110502,773,29.60,231.55,70.87,1.0000,0.361796,0.147644,249.81,333.35,0.9718,0.390331,0.694471
1786703513.533494,25.144642,774,29.60,231.59,70.88,1.0000,0.361854,0.147676,249.68,333.45,0.9715,0.390130,0.694687
1786703513.565445,25.176594,775,29.60,231.61,70.82,1.0000,0.361896,0.147533,249.73,333.46,0.9715,0.390204,0.694701
1786703513.623349,25.234498,776,29.60,231.58,70.90,1.0000,0.361838,0.147700,249.79,333.47,0.9720,0.390293,0.694721
1786703513.633183,25.244332,777,29.60,231.42,70.90,1.0000,0.361591,0.147712,249.78,333.48,0.9720,0.390283,0.694747
1786703513.675941,25.287090,778,29.60,231.44,70.66,1.0000,0.361623,0.147215,249.77,333.58,0.9719,0.390267,0.694965
1786703513.702394,25.313542,779,29.60,231.44,70.71,1.0000,0.361624,0.147312,249.75,333.58,0.9717,0.390238,0.694961
1786703513.733530,25.344679,780,29.60,231.40,70.66,1.0000,0.361570,0.147205,249.76,333.45,0.9718,0.390248,0.694696
1786703513.771208,25.382357,781,29.80,231.39,70.71,1.0000,0.361543,0.147309,249.73,333.45,0.9721,0.390206,0.694692
1786703513.799186,25.410334,782,29.80,231.38,70.72,1.0000,0.361538,0.147338,249.69,333.45,0.9726,0.390134,0.694691
1786703513.831543,25.442692,783,29.80,231.39,70.83,1.0000,0.361541,0.147567,249.74,333.45,0.9734,0.390213,0.694678
1786703513.863161,25.474310,784,29.80,231.39,70.83,1.0000,0.361541,0.147565,249.74,333.36,0.9736,0.390212,0.694506
1786703513.903597,25.514746,785,29.80,231.42,70.79,1.0000,0.361591,0.147479,249.74,333.36,0.9738,0.390224,0.694499
1786703513.934140,25.545289,786,29.80,231.52,70.90,1.0000,0.361751,0.147713,249.70,333.50,0.9729,0.390161,0.694791
1786703513.974028,25.585177,787,29.80,231.59,70.92,1.0000,0.361867,0.147758,249.71,333.49,0.9734,0.390169,0.694762
1786703514.006029,25.617177,788,29.80,231.61,70.92,1.0000,0.361894,0.147755,249.71,333.70,0.9737,0.390172,0.695201
1786703514.039994,25.651143,789,29.80,231.60,70.92,1.0000,0.361883,0.147745,249.75,333.77,0.9734,0.390229,0.695362
1786703514.077586,25.688735,790,29.80,231.42,70.92,1.0000,0.361592,0.147746,249.74,333.71,0.9738,0.390215,0.695228
1786703514.090144,25.701293,791,29.80,231.35,70.92,1.0000,0.361482,0.147745,249.74,333.72,0.9744,0.390223,0.695250
1786703514.138058,25.749207,792,29.80,231.29,70.90,1.0000,0.361383,0.147703,249.74,333.68,0.9748,0.390225,0.695166
1786703514.166742,25.777891,793,29.80,231.24,71.07,1.0000,0.361310,0.148059,249.76,333.64,0.9751,0.390244,0.695076
1786703514.198964,25.810113,794,29.80,231.18,71.06,1.0000,0.361226,0.148035,249.74,333.67,0.9754,0.390218,0.695143
1786703514.236560,25.847709,795,29.80,231.25,70.99,1.0000,0.361322,0.147895,249.75,333.59,0.9750,0.390242,0.694989
1786703514.278364,25.889513,796,29.79,231.47,70.94,1.0000,0.361667,0.147787,249.77,333.67,0.9749,0.390265,0.695155
1786703514.289264,25.900413,797,29.79,231.68,70.99,1.0000,0.361994,0.147899,249.92,333.60,0.9746,0.390497,0.695008
1786703514.328349,25.939498,798,29.79,231.68,70.98,1.0000,0.361997,0.147875,249.88,333.71,0.9747,0.390442,0.695224
1786703514.373412,25.984560,799,29.79,231.78,71.06,1.0000,0.362154,0.148035,249.87,333.75,0.9752,0.390424,0.695317
1786703514.399491,26.010640,800,29.79,231.77,71.12,1.0000,0.362141,0.148160,249.87,333.75,0.9755,0.390426,0.695322
1786703514.460296,26.071445,801,29.79,231.78,71.39,1.0000,0.362159,0.148720,249.86,333.67,0.9755,0.390407,0.695149
1786703514.478038,26.089187,802,29.79,231.74,71.37,1.0000,0.362089,0.148698,249.86,333.72,0.9750,0.390399,0.695246
1786703514.501773,26.112922,803,29.79,231.72,71.40,1.0000,0.362066,0.148743,249.86,333.77,0.9749,0.390411,0.695362
1786703514.539106,26.150255,804,29.79,231.71,71.40,1.0000,0.362040,0.148743,249.81,333.83,0.9744,0.390332,0.695481
1786703514.571084,26.182233,805,29.79,231.74,71.35,1.0000,0.362094,0.148652,249.78,333.80,0.9742,0.390276,0.695415
1786703514.602378,26.213527,806,29.79,231.63,71.18,1.0000,0.361926,0.148288,249.77,333.78,0.9749,0.390266,0.695377
1786703514.639278,26.250427,807,29.79,231.48,71.00,1.0000,0.361681,0.147920,249.77,333.78,0.9748,0.390263,0.695384
1786703514.671402,26.282551,808,29.79,231.48,71.03,1.0000,0.361690,0.147982,249.74,333.76,0.9747,0.390225,0.695338
1786703514.698260,26.309409,809,29.79,231.71,70.89,1.0000,0.362044,0.147682,249.82,333.74,0.9742,0.390343,0.695286
1786703514.732599,26.343747,810,29.79,231.55,70.92,1.0000,0.361801,0.147750,249.80,333.67,0.9736,0.390307,0.695154
1786703514.764243,26.375391,811,29.79,231.67,70.96,1.0000,0.361982,0.147831,249.82,333.60,0.9729,0.390350,0.695006
1786703514.796300,26.407449,812,30.05,231.68,70.97,1.0000,0.361995,0.147850,249.79,333.67,0.9731,0.390300,0.695145
1786703514.828265,26.439414,813,30.05,231.39,71.03,1.0000,0.361547,0.147982,249.70,333.91,0.9729,0.390151,0.695637
1786703514.863118,26.474267,814,30.05,231.46,71.01,1.0000,0.361664,0.147933,249.63,333.88,0.9725,0.390042,0.695580
1786703514.897245,26.508394,815,30.05,231.49,71.28,1.0000,0.361711,0.148510,249.62,333.85,0.9728,0.390038,0.695529
1786703514.934315,26.545464,816,30.05,231.50,71.29,1.0000,0.361720,0.148517,249.61,333.80,0.9728,0.390022,0.695412
1786703514.965497,26.576646,817,30.05,231.36,71.29,1.0000,0.361493,0.148513,249.63,333.76,0.9731,0.390042,0.695326
1786703514.999177,26.610326,818,30.05,231.38,71.32,1.0000,0.361532,0.148574,249.62,333.61,0.9731,0.390030,0.695021
1786703515.029478,26.640626,819,30.05,231.39,71.31,1.0000,0.361550,0.148556,249.63,333.62,0.9732,0.390048,0.695041
1786703515.064061,26.675210,820,30.05,231.60,71.31,1.0000,0.361882,0.148570,249.61,333.63,0.9733,0.390018,0.695057
1786703515.092626,26.703774,821,30.05,231.60,71.31,1.0000,0.361881,0.148572,249.58,333.55,0.9733,0.389975,0.694893
1786703515.131173,26.742321,822,30.05,231.61,71.31,1.0000,0.361883,0.148572,249.58,333.58,0.9735,0.389969,0.694966
1786703515.165395,26.776543,823,30.05,231.55,71.33,1.0000,0.361803,0.148606,249.60,333.79,0.9739,0.390001,0.695390
1786703515.193654,26.804803,824,30.05,231.55,71.28,1.0000,0.361796,0.148505,249.60,333.89,0.9743,0.389995,0.695605
1786703515.231688,26.842837,825,30.05,231.59,71.32,1.0000,0.361865,0.148593,249.64,333.87,0.9741,0.390061,0.695560
1786703515.266548,26.877697,826,30.05,231.63,71.28,1.0000,0.361916,0.148509,249.70,333.66,0.9734,0.390150,0.695125
1786703515.282331,26.893479,827,30.05,231.64,71.31,1.0000,0.361935,0.148552,249.71,333.65,0.9734,0.390169,0.695097
1786703515.331473,26.942622,828,29.95,231.75,71.31,1.0000,0.362103,0.148553,249.71,333.63,0.9738,0.390176,0.695070
1786703515.352844,26.963993,829,29.95,231.75,71.35,1.0000,0.362105,0.148638,249.74,333.21,0.9739,0.390220,0.694198
1786703515.396340,27.007489,830,29.95,231.81,71.32,1.0000,0.362206,0.148589,249.66,333.38,0.9737,0.390087,0.694535
1786703515.428437,27.039586,831,29.95,231.81,71.36,1.0000,0.362208,0.148672,249.68,333.20,0.9741,0.390129,0.694164
1786703515.468121,27.079270,832,29.95,231.88,71.32,1.0000,0.362309,0.148577,249.68,333.21,0.9739,0.390124,0.694187
1786703515.501876,27.113025,833,29.95,231.88,71.32,1.0000,0.362306,0.148576,249.69,333.21,0.9735,0.390145,0.694198
1786703515.530995,27.142144,834,29.95,231.88,71.23,1.0000,0.362309,0.148402,249.66,333.22,0.9737,0.390090,0.694205
1786703515.560012,27.171160,835,29.95,231.88,71.23,1.0000,0.362316,0.148402,249.67,333.39,0.9741,0.390102,0.694573
1786703515.599036,27.210184,836,29.95,231.78,71.10,1.0000,0.362159,0.148131,249.65,333.68,0.9735,0.390076,0.695164
1786703515.647424,27.258573,837,29.95,231.62,71.40,1.0000,0.361912,0.148760,249.65,333.81,0.9726,0.390072,0.695446
1786703515.669462,27.280611,838,29.95,231.56,71.41,1.0000,0.361810,0.148781,249.63,333.92,0.9725,0.390052,0.695665
1786703515.727116,27.338265,839,29.95,231.56,71.67,1.0000,0.361810,0.149313,249.61,333.90,0.9722,0.390012,0.695617
1786703515.739140,27.350289,840,29.95,231.56,71.55,1.0000,0.361810,0.149073,249.58,333.97,0.9723,0.389967,0.695769
1786703515.769524,27.380673,841,29.95,231.56,71.56,1.0000,0.361813,0.149083,249.58,333.97,0.9724,0.389968,0.695766
1786703515.814461,27.425610,842,29.95,231.56,71.46,1.0000,0.361809,0.148866,249.58,333.98,0.9723,0.389970,0.695787
1786703515.838543,27.449692,843,29.95,231.77,71.45,1.0000,0.362139,0.148847,249.58,334.19,0.9723,0.389964,0.696236
1786703515.879799,27.490948,844,29.84,231.88,71.35,1.0000,0.362316,0.148654,249.62,333.93,0.9725,0.390024,0.695682
1786703515.889749,27.500898,845,29.84,232.00,71.33,1.0000,0.362500,0.148594,249.62,333.83,0.9732,0.390028,0.695482
1786703515.928051,27.539199,846,29.84,232.00,71.32,1.0000,0.362500,0.148584,249.51,333.94,0.9731,0.389852,0.695702
1786703515.975440,27.586588,847,29.84,231.97,71.34,1.0000,0.362454,0.148617,249.41,333.94,0.9732,0.389703,0.695705
1786703516.005304,27.616452,848,29.84,231.98,71.24,1.0000,0.362465,0.148421,249.38,333.92,0.9734,0.389660,0.695676
1786703516.041065,27.652213,849,29.84,232.03,71.16,1.0000,0.362544,0.148255,249.39,334.06,0.9730,0.389667,0.695951
1786703516.065311,27.676460,850,29.84,231.99,71.13,1.0000,0.362489,0.148195,249.43,334.06,0.9725,0.389733,0.695953
1786703516.102119,27.713268,851,29.84,232.09,71.23,1.0000,0.362646,0.148391,249.42,334.05,0.9722,0.389717,0.695943
1786703516.131083,27.742232,852,29.84,232.09,71.25,1.0000,0.362648,0.148432,249.40,334.11,0.9721,0.389693,0.696064
1786703516.174006,27.785154,853,29.84,232.14,71.28,1.0000,0.362720,0.148500,249.41,334.28,0.9718,0.389710,0.696414
1786703516.189141,27.800290,854,29.84,232.13,71.26,1.0000,0.362710,0.148467,249.44,334.26,0.9726,0.389756,0.696366
1786703516.242385,27.853534,855,29.84,232.03,71.28,1.0000,0.362551,0.148500,249.44,334.26,0.9733,0.389750,0.696375
1786703516.266319,27.877468,856,29.84,232.09,71.28,1.0000,0.362643,0.148506,249.45,334.21,0.9735,0.389763,0.696280
1786703516.306900,27.918049,857,29.84,232.08,71.29,1.0000,0.362623,0.148516,249.44,334.20,0.9735,0.389757,0.696253
1786703516.335033,27.946182,858,29.84,232.03,71.41,1.0000,0.362549,0.148762,249.50,334.18,0.9738,0.389840,0.696200
1786703516.379569,27.990718,859,29.81,231.84,71.42,1.0000,0.362251,0.148784,249.45,334.39,0.9737,0.389773,0.696653
1786703516.394991,28.006140,860,29.81,231.74,71.45,1.0000,0.362095,0.148852,249.54,334.37,0.9739,0.389910,0.696597
1786703516.433139,28.044287,861,29.81,231.73,71.45,1.0000,0.362085,0.148855,249.59,334.20,0.9743,0.389981,0.696252
1786703516.474084,28.085233,862,29.81,231.73,71.51,1.0000,0.362083,0.148979,249.59,334.10,0.9747,0.389983,0.696033
1786703516.506046,28.117195,863,29.81,231.68,71.51,1.0000,0.362001,0.148976,249.63,334.06,0.9746,0.390053,0.695965
1786703516.545392,28.156541,864,29.81,231.55,71.51,1.0000,0.361789,0.148986,249.67,333.88,0.9746,0.390104,0.695592
1786703516.579995,28.191144,865,29.81,231.53,71.48,1.0000,0.361760,0.148921,249.64,333.92,0.9738,0.390062,0.695670
1786703516.595811,28.206960,866,29.81,231.50,71.48,1.0000,0.361721,0.148907,249.64,333.92,0.9737,0.390057,0.695672
1786703516.628007,28.239156,867,29.81,231.44,71.43,1.0000,0.361624,0.148804,249.63,333.90,0.9744,0.390049,0.695617
1786703516.672166,28.283315,868,29.81,231.07,71.41,1.0000,0.361043,0.148762,249.63,333.92,0.9742,0.390048,0.695666
1786703516.705363,28.316512,869,29.81,231.02,71.37,1.0000,0.360968,0.148685,249.63,333.83,0.9746,0.390049,0.695484
1786703516.729280,28.340429,870,29.81,231.02,71.36,1.0000,0.360971,0.148663,249.63,333.83,0.9747,0.390048,0.695483
1786703516.775767,28.386916,871,29.81,231.01,71.36,1.0000,0.360953,0.148667,249.56,333.85,0.9746,0.389931,0.695522
1786703516.802676,28.413825,872,29.81,231.02,71.55,1.0000,0.360968,0.149060,249.56,333.84,0.9741,0.389933,0.695504
1786703516.822670,28.433819,873,29.81,230.91,71.54,1.0000,0.360800,0.149049,249.57,333.81,0.9748,0.389948,0.695447
1786703516.871923,28.483072,874,29.81,230.91,71.62,1.0000,0.360797,0.149217,249.49,334.02,0.9739,0.389831,0.695879
1786703516.910442,28.521591,875,30.00,230.79,71.61,1.0000,0.360616,0.149197,249.51,334.00,0.9738,0.389852,0.695832
1786703516.928764,28.539913,876,30.00,230.82,71.66,1.0000,0.360658,0.149291,249.50,333.98,0.9741,0.389839,0.695798
1786703516.962607,28.573756,877,30.00,230.84,71.63,1.0000,0.360685,0.149233,249.56,333.94,0.9740,0.389932,0.695704
1786703517.034687,28.645836,878,30.00,230.73,71.63,1.0000,0.360520,0.149233,249.54,333.92,0.9731,0.389909,0.695675
1786703517.043441,28.654590,879,30.00,230.66,71.62,1.0000,0.360412,0.149204,249.54,333.86,0.9736,0.389910,0.695551
1786703517.074021,28.685169,880,30.00,230.63,71.64,1.0000,0.360363,0.149257,249.37,333.93,0.9733,0.389638,0.695687
1786703517.108469,28.719618,881,30.00,230.55,71.62,1.0000,0.360229,0.149206,249.36,334.08,0.9728,0.389623,0.696006
1786703517.124795,28.735944,882,30.00,230.46,71.73,1.0000,0.360097,0.149443,249.35,334.05,0.9727,0.389611,0.695931
1786703517.163696,28.774845,883,30.00,230.38,71.73,1.0000,0.359967,0.149443,249.32,334.24,0.9720,0.389567,0.696325
1786703517.200060,28.811209,884,30.00,230.22,71.70,1.0000,0.359715,0.149370,249.38,334.18,0.9715,0.389658,0.696204
1786703517.234244,28.845392,885,30.00,230.21,71.75,1.0000,0.359705,0.149469,249.33,334.21,0.9709,0.389583,0.696268
1786703517.263571,28.874719,886,30.00,230.21,71.75,1.0000,0.359698,0.149480,249.36,334.11,0.9707,0.389627,0.696072
1786703517.297726,28.908875,887,30.00,230.23,71.90,1.0000,0.359729,0.149799,249.37,334.10,0.9704,0.389642,0.696048
1786703517.338684,28.949832,888,30.00,230.21,71.80,1.0000,0.359706,0.149593,249.29,334.24,0.9698,0.389520,0.696339
1786703517.385727,28.996876,889,30.00,230.35,71.78,1.0000,0.359921,0.149538,249.31,334.18,0.9695,0.389553,0.696207
1786703517.405253,29.016402,890,29.80,230.10,71.65,1.0000,0.359535,0.149273,249.33,334.14,0.9691,0.389583,0.696116
1786703517.431932,29.043081,891,29.80,230.19,71.68,1.0000,0.359670,0.149331,249.35,334.13,0.9689,0.389603,0.696109
1786703517.466408,29.077557,892,29.80,230.19,71.39,1.0000,0.359667,0.148735,249.34,334.12,0.9697,0.389601,0.696087
1786703517.495827,29.106976,893,29.80,230.21,71.45,1.0000,0.359702,0.148846,249.33,334.13,0.9698,0.389576,0.696110
1786703517.539365,29.150514,894,29.80,230.09,71.05,1.0000,0.359519,0.148025,249.42,334.20,0.9700,0.389714,0.696246
1786703517.566293,29.177442,895,29.80,230.09,71.05,1.0000,0.359518,0.148028,249.45,334.17,0.9700,0.389759,0.696196
1786703517.595223,29.206372,896,29.80,230.39,70.80,1.0000,0.359986,0.147493,249.46,334.08,0.9702,0.389787,0.695994
1786703517.630145,29.241294,897,29.80,230.57,71.14,1.0000,0.360266,0.148214,249.47,334.22,0.9697,0.389797,0.696289
1786703517.677061,29.288210,898,29.80,230.61,71.16,1.0000,0.360325,0.148240,249.48,334.20,0.9695,0.389819,0.696254
1786703517.698238,29.309387,899,29.80,230.79,71.49,1.0000,0.360605,0.148948,249.45,334.15,0.9691,0.389768,0.696145
1786703517.733676,29.344825,900,29.80,230.76,71.36,1.0000,0.360560,0.148676,249.42,334.31,0.9695,0.389716,0.696489
1786703517.759960,29.371109,901,29.80,230.75,71.28,1.0000,0.360553,0.148509,249.44,334.28,0.9701,0.389744,0.696412
1786703517.796939,29.408088,902,29.80,230.73,71.37,1.0000,0.360522,0.148681,249.42,334.37,0.9698,0.389726,0.696603
1786703517.833645,29.444794,903,29.80,230.87,71.37,1.0000,0.360741,0.148677,249.46,334.34,0.9702,0.389786,0.696542
1786703517.868390,29.479539,904,29.80,230.89,71.32,1.0000,0.360764,0.148584,249.49,334.38,0.9703,0.389824,0.696622
1786703517.894866,29.506015,905,29.80,230.95,71.17,1.0000,0.360862,0.148264,249.50,334.28,0.9709,0.389843,0.696421
1786703517.935160,29.546309,906,30.11,231.03,71.17,1.0000,0.360992,0.148265,249.53,334.31,0.9719,0.389898,0.696488
1786703517.963712,29.574860,907,30.11,231.10,70.86,1.0000,0.361096,0.147623,249.65,334.07,0.9724,0.390076,0.695970
1786703517.998563,29.609711,908,30.11,231.25,70.76,1.0000,0.361322,0.147424,249.83,333.85,0.9718,0.390365,0.695525
1786703518.037612,29.648761,909,30.11,231.31,70.70,1.0000,0.361423,0.147296,249.85,333.78,0.9724,0.390397,0.695372
1786703518.078783,29.689932,910,30.11,231.31,70.71,1.0000,0.361425,0.147319,249.85,333.79,0.9731,0.390394,0.695394
1786703518.102702,29.713851,911,30.11,231.34,70.79,1.0000,0.361464,0.147489,249.78,333.79,0.9735,0.390283,0.695400
1786703518.118309,29.729458,912,30.11,231.38,70.94,1.0000,0.361529,0.147796,249.77,333.77,0.9732,0.390268,0.695345
1786703518.174456,29.785605,913,30.11,231.42,70.97,1.0000,0.361595,0.147856,249.74,333.78,0.9728,0.390218,0.695367
1786703518.203718,29.814867,914,30.11,231.71,71.13,1.0000,0.362051,0.148179,249.71,333.78,0.9729,0.390168,0.695369
1786703518.233609,29.844758,915,30.11,231.77,71.10,1.0000,0.362148,0.148116,249.70,333.78,0.9721,0.390152,0.695368
1786703518.299387,29.910536,916,30.11,231.92,71.19,1.0000,0.362369,0.148318,249.67,333.75,0.9724,0.390109,0.695323
1786703518.309389,29.920538,917,30.11,231.95,71.17,1.0000,0.362428,0.148273,249.65,333.80,0.9718,0.390082,0.695423
1786703518.327364,29.938513,918,30.11,231.96,71.23,1.0000,0.362439,0.148387,249.64,333.78,0.9720,0.390067,0.695379
1786703518.373080,29.984229,919,30.11,231.95,71.30,1.0000,0.362420,0.148533,249.65,333.76,0.9721,0.390085,0.695339
1786703518.388871,30.000020,920,30.11,231.95,71.22,1.0000,0.362422,0.148377,249.65,333.79,0.9721,0.390083,0.695387
1786703518.444953,30.056102,921,30.03,232.13,71.25,1.0000,0.362705,0.148429,249.66,333.90,0.9713,0.390089,0.695635
1786703518.468283,30.079432,922,30.03,232.06,71.25,1.0000,0.362587,0.148447,249.65,333.90,0.9712,0.390072,0.695626
1786703518.497508,30.108657,923,30.03,232.03,71.25,1.0000,0.362550,0.148430,249.62,333.94,0.9711,0.390029,0.695714
1786703518.534742,30.145891,924,30.03,232.12,71.24,1.0000,0.362693,0.148418,249.62,333.86,0.9714,0.390027,0.695537
1786703518.573789,30.184937,925,30.03,232.12,71.23,1.0000,0.362688,0.148387,249.64,333.82,0.9717,0.390068,0.695458
1786703518.589659,30.200808,926,30.03,232.31,71.17,1.0000,0.362983,0.148263,249.63,333.86,0.9718,0.390049,0.695532
1786703518.632386,30.243535,927,30.03,232.42,71.12,1.0000,0.363163,0.148172,249.65,333.89,0.9722,0.390074,0.695594
1786703518.674478,30.285626,928,30.03,232.53,71.01,1.0000,0.363321,0.147945,249.64,333.76,0.9725,0.390070,0.695337
1786703518.697186,30.308335,929,30.03,232.54,71.04,1.0000,0.363347,0.147995,249.72,333.60,0.9716,0.390189,0.695008
1786703518.730644,30.341793,930,30.03,232.55,70.94,1.0000,0.363360,0.147787,249.79,333.51,0.9723,0.390294,0.694818
1786703518.753380,30.364529,931,30.03,232.55,70.99,1.0000,0.363361,0.147886,249.77,333.72,0.9726,0.390260,0.695253
1786703518.797268,30.408417,932,30.03,232.54,70.97,1.0000,0.363350,0.147847,249.73,334.02,0.9721,0.390206,0.695876
1786703518.829117,30.440266,933,30.03,232.54,71.03,1.0000,0.363351,0.147987,249.67,333.94,0.9719,0.390105,0.695708
1786703518.869029,30.480178,934,30.03,232.56,70.99,1.0000,0.363379,0.147893,249.68,333.91,0.9717,0.390121,0.695638
1786703518.897610,30.508759,935,30.03,232.52,70.98,1.0000,0.363313,0.147876,249.65,333.90,0.9714,0.390079,0.695633
1786703518.924296,30.535445,936,30.03,232.41,70.97,1.0000,0.363135,0.147862,249.70,333.82,0.9708,0.390154,0.695465
1786703518.963552,30.574701,937,30.07,232.34,70.97,1.0000,0.363026,0.147859,250.14,333.38,0.9707,0.390845,0.694551
1786703518.996198,30.607347,938,30.07,232.36,70.98,1.0000,0.363058,0.147882,250.08,333.41,0.9712,0.390754,0.694596
1786703519.033435,30.644584,939,30.07,232.36,70.98,1.0000,0.363055,0.147865,250.09,333.34,0.9717,0.390765,0.694464
1786703519.062666,30.673815,940,30.07,232.17,70.92,1.0000,0.362765,0.147741,250.09,333.15,0.9711,0.390762,0.694072
1786703519.099805,30.710953,941,30.07,232.17,70.91,1.0000,0.362765,0.147739,250.13,333.00,0.9714,0.390823,0.693757
1786703519.140024,30.751173,942,30.07,232.26,70.92,1.0000,0.362900,0.147750,250.12,333.26,0.9717,0.390807,0.694285
1786703519.169073,30.780221,943,30.07,232.15,70.92,1.0000,0.362742,0.147745,250.11,333.17,0.9722,0.390790,0.694094
1786703519.198518,30.809667,944,30.07,232.15,70.85,1.0000,0.362731,0.147602,250.10,333.35,0.9725,0.390784,0.694475
1786703519.232994,30.844143,945,30.07,232.05,70.84,1.0000,0.362581,0.147582,250.10,333.39,0.9730,0.390777,0.694569
1786703519.267333,30.878482,946,30.07,231.96,70.84,1.0000,0.362437,0.147591,250.10,333.45,0.9726,0.390775,0.694692
1786703519.296109,30.907258,947,30.07,231.96,70.84,1.0000,0.362436,0.147584,250.10,333.45,0.9727,0.390781,0.694684
1786703519.331042,30.942190,948,30.07,231.97,70.78,1.0000,0.362454,0.147464,250.20,333.30,0.9730,0.390938,0.694381
1786703519.368624,30.979773,949,30.07,232.09,70.78,1.0000,0.362638,0.147461,250.23,333.28,0.9724,0.390980,0.694339
1786703519.397826,31.008975,950,30.07,232.10,70.78,1.0000,0.362663,0.147460,250.19,333.33,0.9726,0.390927,0.694446
1786703519.440709,31.051858,951,30.07,232.09,70.75,1.0000,0.362639,0.147400,250.13,333.41,0.9729,0.390823,0.694614
1786703519.475107,31.086256,952,29.92,232.10,70.77,1.0000,0.362662,0.147434,250.06,333.57,0.9728,0.390723,0.694934
1786703519.488214,31.099362,953,29.92,231.82,70.79,1.0000,0.362223,0.147475,249.97,333.58,0.9730,0.390582,0.694961
1786703519.563094,31.174243,954,29.92,231.82,70.96,1.0000,0.362223,0.147841,249.89,333.43,0.9730,0.390453,0.694643
1786703519.579009,31.190158,955,29.92,231.77,70.96,1.0000,0.362137,0.147842,249.91,333.39,0.9734,0.390487,0.694552
1786703519.611082,31.222231,956,29.92,231.81,70.96,1.0000,0.362202,0.147840,249.94,333.39,0.9738,0.390531,0.694556
1786703519.628718,31.239867,957,29.92,231.86,70.90,1.0000,0.362277,0.147709,249.95,333.35,0.9739,0.390549,0.694483
1786703519.666478,31.277627,958,29.92,231.95,70.94,1.0000,0.362428,0.147793,249.95,333.26,0.9730,0.390543,0.694298
1786703519.703834,31.314982,959,29.92,231.95,70.94,1.0000,0.362424,0.147796,249.95,333.15,0.9730,0.390542,0.694073
1786703519.728731,31.339880,960,29.92,231.98,70.84,1.0000,0.362470,0.147584,249.92,333.22,0.9733,0.390494,0.694212
1786703519.773406,31.384555,961,29.92,231.98,70.83,1.0000,0.362467,0.147554,249.85,333.29,0.9736,0.390392,0.694348
1786703519.802506,31.413655,962,29.92,231.98,70.82,1.0000,0.362464,0.147547,249.85,333.27,0.9742,0.390396,0.694321
1786703519.822491,31.433640,963,29.92,232.00,70.82,1.0000,0.362498,0.147544,249.83,333.27,0.9744,0.390353,0.694305
1786703519.874210,31.485358,964,29.92,232.01,70.82,1.0000,0.362521,0.147534,249.82,333.31,0.9746,0.390347,0.694391
1786703519.892581,31.503729,965,29.92,232.10,70.81,1.0000,0.362659,0.147527,249.83,333.30,0.9747,0.390356,0.694365
1786703519.925390,31.536539,966,29.92,232.02,70.96,1.0000,0.362538,0.147842,249.88,333.17,0.9742,0.390442,0.694110
1786703519.964734,31.575882,967,29.92,231.99,70.86,1.0000,0.362478,0.147633,249.86,333.24,0.9745,0.390402,0.694248
1786703520.012345,31.623494,968,29.89,231.78,71.20,1.0000,0.362161,0.148339,249.84,333.21,0.9743,0.390373,0.694180
1786703520.025729,31.636878,969,29.89,231.75,71.19,1.0000,0.362108,0.148322,249.91,333.08,0.9740,0.390489,0.693922
1786703520.068177,31.679326,970,29.89,231.76,71.19,1.0000,0.362133,0.148317,249.90,333.31,0.9745,0.390465,0.694391
1786703520.107996,31.719145,971,29.89,231.59,71.22,1.0000,0.361853,0.148378,249.90,333.34,0.9741,0.390468,0.694464
1786703520.132752,31.743901,972,29.89,231.35,71.36,1.0000,0.361488,0.148669,249.89,333.48,0.9734,0.390459,0.694750
1786703520.169163,31.780311,973,29.89,231.35,71.36,1.0000,0.361480,0.148657,249.83,333.58,0.9738,0.390362,0.694962
1786703520.189122,31.800271,974,29.89,231.33,71.36,1.0000,0.361457,0.148664,249.82,333.63,0.9742,0.390341,0.695059
1786703520.236297,31.847446,975,29.89,231.33,71.36,1.0000,0.361456,0.148670,249.82,333.55,0.9741,0.390351,0.694899
1786703520.260159,31.871308,976,29.89,231.36,71.37,1.0000,0.361495,0.148682,249.86,333.53,0.9739,0.390407,0.694849
1786703520.302592,31.913741,977,29.89,231.32,71.38,1.0000,0.361435,0.148708,249.85,333.51,0.9739,0.390395,0.694815
1786703520.336959,31.948107,978,29.89,231.35,71.37,1.0000,0.361478,0.148698,249.90,333.48,0.9740,0.390461,0.694745
1786703520.357889,31.969038,979,29.89,231.32,71.42,1.0000,0.361434,0.148791,249.91,333.49,0.9741,0.390483,0.694779
1786703520.401536,32.012684,980,29.89,231.10,71.41,1.0000,0.361097,0.148780,249.84,333.49,0.9732,0.390376,0.694770
1786703520.435466,32.046615,981,29.89,231.08,71.42,1.0000,0.361058,0.148789,249.85,333.50,0.9728,0.390388,0.694786
1786703520.469057,32.080205,982,29.89,231.07,71.29,1.0000,0.361040,0.148518,249.81,333.48,0.9728,0.390326,0.694746
1786703520.503583,32.114732,983,29.89,231.04,71.35,1.0000,0.360998,0.148639,249.75,333.53,0.9723,0.390233,0.694851
1786703520.516795,32.127944,984,30.16,231.03,71.35,1.0000,0.360981,0.148638,249.74,333.53,0.9717,0.390216,0.694857
1786703520.562008,32.173157,985,30.16,231.02,71.35,1.0000,0.360965,0.148643,249.74,333.55,0.9712,0.390219,0.694897
1786703520.599257,32.210406,986,30.16,230.82,71.22,1.0000,0.360660,0.148365,249.74,333.51,0.9715,0.390221,0.694804
1786703520.630719,32.241868,987,30.16,230.77,71.20,1.0000,0.360584,0.148334,249.76,333.26,0.9725,0.390250,0.694291
1786703520.662499,32.273648,988,30.16,230.50,71.00,1.0000,0.360160,0.147921,249.75,333.26,0.9727,0.390238,0.694289
1786703520.709280,32.320428,989,30.16,230.47,70.99,1.0000,0.360114,0.147887,249.80,333.13,0.9730,0.390305,0.694016
1786703520.744661,32.355810,990,30.16,230.30,70.86,1.0000,0.359836,0.147618,249.78,333.39,0.9732,0.390286,0.694562
1786703520.755429,32.366577,991,30.16,230.31,70.88,1.0000,0.359853,0.147668,249.80,333.70,0.9721,0.390310,0.695214
1786703520.809409,32.420557,992,30.16,230.04,70.66,1.0000,0.359440,0.147202,249.80,333.74,0.9724,0.390309,0.695283
1786703520.859948,32.471097,993,30.16,230.01,70.57,1.0000,0.359395,0.147021,249.82,333.64,0.9724,0.390349,0.695083
1786703520.873642,32.484791,994,30.16,229.89,70.57,1.0000,0.359207,0.147020,249.84,333.73,0.9724,0.390376,0.695261
1786703520.899209,32.510358,995,30.16,229.88,70.49,1.0000,0.359192,0.146853,249.86,333.65,0.9728,0.390403,0.695099
1786703520.928332,32.539481,996,30.16,229.88,70.52,1.0000,0.359192,0.146913,249.92,333.70,0.9733,0.390493,0.695202
1786703520.957685,32.568834,997,30.16,229.92,70.51,1.0000,0.359248,0.146899,249.93,333.75,0.9733,0.390508,0.695316
1786703521.008784,32.619933,998,30.16,229.77,70.55,1.0000,0.359023,0.146979,249.90,333.85,0.9733,0.390470,0.695520
1786703521.024813,32.635962,999,30.06,229.86,70.56,1.0000,0.359163,0.147000,249.90,333.66,0.9734,0.390470,0.695125
1786703521.064202,32.675351,1000,30.06,229.97,70.71,1.0000,0.359334,0.147305,249.85,333.82,0.9722,0.390398,0.695458
1786703521.093773,32.704921,1001,30.06,229.96,70.71,1.0000,0.359319,0.147306,249.83,333.83,0.9722,0.390367,0.695474
1786703521.133933,32.745081,1002,30.06,229.97,70.66,1.0000,0.359334,0.147198,249.81,333.84,0.9722,0.390333,0.695501
1786703521.160813,32.771962,1003,30.06,230.00,70.66,1.0000,0.359375,0.147209,249.82,333.63,0.9724,0.390338,0.695068
1786703521.197447,32.808595,1004,30.06,230.52,70.80,1.0000,0.360190,0.147499,249.81,333.81,0.9720,0.390320,0.695446
1786703521.229205,32.840354,1005,30.06,230.57,70.86,1.0000,0.360266,0.147625,249.77,333.77,0.9719,0.390267,0.695347
1786703521.263993,32.875142,1006,30.06,230.65,70.89,1.0000,0.360383,0.147687,249.77,333.75,0.9721,0.390265,0.695322
1786703521.303374,32.914522,1007,30.06,230.79,70.93,1.0000,0.360613,0.147780,249.76,333.83,0.9722,0.390250,0.695469
1786703521.326770,32.937918,1008,30.06,230.82,70.99,1.0000,0.360651,0.147905,249.77,333.81,0.9720,0.390258,0.695435
1786703521.363737,32.974886,1009,30.06,231.04,71.00,1.0000,0.360995,0.147927,249.68,333.83,0.9721,0.390123,0.695473
1786703521.401138,33.012287,1010,30.06,231.11,71.00,1.0000,0.361110,0.147926,249.68,333.83,0.9726,0.390129,0.695476
1786703521.437961,33.049110,1011,30.06,231.10,71.08,1.0000,0.361096,0.148081,249.67,333.92,0.9727,0.390108,0.695661
1786703521.474689,33.085837,1012,30.06,231.10,71.12,1.0000,0.361096,0.148166,249.66,333.85,0.9727,0.390096,0.695514
1786703521.489141,33.100290,1013,30.06,231.18,71.21,1.0000,0.361221,0.148361,249.66,333.83,0.9727,0.390092,0.695489
1786703521.528108,33.139257,1014,30.06,231.18,71.21,1.0000,0.361219,0.148364,249.58,333.98,0.9719,0.389977,0.695791
1786703521.565039,33.176188,1015,30.03,231.22,71.21,1.0000,0.361275,0.148358,249.62,333.93,0.9720,0.390035,0.695696
1786703521.596621,33.207770,1016,30.03,231.24,71.32,1.0000,0.361318,0.148589,249.58,334.11,0.9714,0.389974,0.696072
1786703521.612479,33.223628,1017,30.03,231.24,71.34,1.0000,0.361319,0.148622,249.62,334.08,0.9713,0.390029,0.695997
1786703521.662842,33.273990,1018,30.03,231.23,71.34,1.0000,0.361299,0.148621,249.62,333.99,0.9716,0.390034,0.695819
1786703521.704715,33.315864,1019,30.03,231.24,71.34,1.0000,0.361314,0.148633,249.41,334.11,0.9717,0.389707,0.696060
1786703521.728438,33.339587,1020,30.03,231.31,71.35,1.0000,0.361425,0.148653,249.41,334.08,0.9716,0.389707,0.695999
1786703521.763225,33.374374,1021,30.03,231.28,71.36,1.0000,0.361371,0.148666,249.43,334.07,0.9721,0.389740,0.695971
1786703521.798152,33.409301,1022,30.03,231.30,71.36,1.0000,0.361402,0.148676,249.44,334.05,0.9715,0.389751,0.695936
1786703521.835013,33.446162,1023,30.03,231.30,71.34,1.0000,0.361401,0.148617,249.51,333.81,0.9715,0.389852,0.695430
1786703521.863246,33.474395,1024,30.03,231.27,71.34,1.0000,0.361354,0.148619,249.50,333.85,0.9716,0.389848,0.695525
1786703521.901987,33.513135,1025,30.03,231.31,71.31,1.0000,0.361420,0.148565,249.57,333.66,0.9719,0.389948,0.695116
1786703521.946757,33.557905,1026,30.03,231.41,71.32,1.0000,0.361576,0.148591,249.58,333.61,0.9719,0.389962,0.695019
1786703521.962413,33.573562,1027,30.03,231.43,71.18,1.0000,0.361607,0.148295,249.63,333.38,0.9722,0.390047,0.694551
1786703521.996477,33.607626,1028,30.03,231.43,71.20,1.0000,0.361608,0.148328,249.64,333.41,0.9719,0.390056,0.694600
1786703522.039263,33.650412,1029,30.03,231.47,71.18,1.0000,0.361668,0.148293,249.60,333.35,0.9719,0.389997,0.694486
1786703522.081697,33.692845,1030,29.80,231.47,71.20,1.0000,0.361672,0.148340,249.57,333.66,0.9713,0.389952,0.695129
1786703522.126940,33.738089,1031,29.80,231.48,71.20,1.0000,0.361681,0.148331,249.58,333.63,0.9714,0.389966,0.695064
1786703522.136385,33.747534,1032,29.80,231.63,71.28,1.0000,0.361915,0.148493,249.58,333.63,0.9717,0.389965,0.695054
1786703522.162577,33.773726,1033,29.80,231.66,71.27,1.0000,0.361973,0.148477,249.58,333.60,0.9715,0.389975,0.694998
1786703522.200638,33.811787,1034,29.80,231.74,71.32,1.0000,0.362086,0.148580,249.58,333.69,0.9713,0.389970,0.695196
1786703522.218557,33.829706,1035,29.80,231.73,71.32,1.0000,0.362079,0.148574,249.56,333.82,0.9712,0.389935,0.695456
1786703522.266572,33.877720,1036,29.80,231.76,71.32,1.0000,0.362127,0.148590,249.55,334.14,0.9716,0.389914,0.696131
1786703522.311775,33.922924,1037,29.80,231.67,71.48,1.0000,0.361977,0.148926,249.55,334.11,0.9713,0.389921,0.696063
1786703522.341378,33.952527,1038,29.80,231.65,71.48,1.0000,0.361959,0.148925,249.54,334.05,0.9714,0.389901,0.695927
1786703522.373609,33.984758,1039,29.80,231.90,71.48,1.0000,0.362343,0.148927,249.58,334.00,0.9713,0.389968,0.695823
1786703522.402619,34.013768,1040,29.80,231.82,71.48,1.0000,0.362222,0.148907,249.56,334.02,0.9712,0.389943,0.695869
1786703522.432713,34.043862,1041,29.80,231.82,71.48,1.0000,0.362225,0.148919,249.47,334.10,0.9717,0.389793,0.696046
1786703522.453925,34.065074,1042,29.80,231.83,71.44,1.0000,0.362230,0.148842,249.48,333.94,0.9719,0.389806,0.695713
1786703522.496623,34.107772,1043,29.80,231.84,71.38,1.0000,0.362244,0.148716,249.47,334.00,0.9723,0.389798,0.695839
1786703522.527703,34.138852,1044,29.80,231.92,71.39,1.0000,0.362378,0.148719,249.54,333.90,0.9722,0.389899,0.695623
1786703522.565373,34.176522,1045,29.80,231.91,71.26,1.0000,0.362364,0.148463,249.52,333.89,0.9723,0.389877,0.695613
1786703522.593761,34.204910,1046,30.10,231.91,71.26,1.0000,0.362356,0.148466,249.55,333.83,0.9722,0.389914,0.695484
1786703522.636090,34.247238,1047,30.10,231.90,71.25,1.0000,0.362351,0.148443,249.58,333.82,0.9725,0.389967,0.695464
1786703522.671559,34.282707,1048,30.10,231.91,71.27,1.0000,0.362363,0.148478,249.57,333.82,0.9720,0.389946,0.695459
1786703522.711065,34.322214,1049,30.10,231.92,71.28,1.0000,0.362376,0.148510,249.57,333.82,0.9721,0.389946,0.695455
1786703522.748444,34.359593,1050,30.10,231.92,71.28,1.0000,0.362379,0.148508,249.60,333.35,0.9724,0.389995,0.694470
1786703522.779083,34.390232,1051,30.10,231.51,71.26,1.0000,0.361741,0.148455,249.59,333.42,0.9723,0.389979,0.694631
1786703522.793998,34.405147,1052,30.10,231.38,71.22,1.0000,0.361533,0.148365,249.49,333.56,0.9713,0.389829,0.694909
1786703522.849732,34.460881,1053,30.10,231.30,71.18,1.0000,0.361406,0.148297,249.51,333.55,0.9716,0.389859,0.694898
1786703522.873447,34.484596,1054,30.10,231.30,71.17,1.0000,0.361401,0.148274,249.52,333.56,0.9717,0.389874,0.694925
1786703522.899994,34.511143,1055,30.10,231.29,70.80,1.0000,0.361393,0.147504,249.52,333.74,0.9716,0.389870,0.695286
1786703522.937205,34.548354,1056,30.10,230.64,70.39,1.0000,0.360380,0.146636,249.52,333.62,0.9716,0.389874,0.695046
1786703522.963930,34.575079,1057,30.10,230.13,70.37,1.0000,0.359576,0.146614,249.48,333.63,0.9721,0.389806,0.695052
1786703522.995097,34.606246,1058,30.10,230.04,70.38,1.0000,0.359430,0.146630,249.51,333.63,0.9722,0.389859,0.695067
1786703523.040231,34.651380,1059,30.10,229.96,70.37,1.0000,0.359316,0.146595,249.50,333.75,0.9720,0.389850,0.695321
1786703523.070081,34.681230,1060,30.10,229.94,70.35,1.0000,0.359281,0.146558,249.50,333.87,0.9719,0.389847,0.695567
1786703523.100753,34.711902,1061,30.06,229.86,70.34,1.0000,0.359161,0.146535,249.52,333.63,0.9718,0.389882,0.695069
1786703523.148323,34.759472,1062,30.06,229.85,70.80,1.0000,0.359140,0.147500,249.50,333.66,0.9718,0.389841,0.695123
1786703523.182802,34.793951,1063,30.06,229.88,70.60,1.0000,0.359182,0.147094,249.51,333.59,0.9716,0.389860,0.694973
1786703523.209149,34.820298,1064,30.06,229.86,70.53,1.0000,0.359150,0.146931,249.52,333.59,0.9713,0.389879,0.694977
1786703523.236158,34.847307,1065,30.06,229.84,70.62,1.0000,0.359119,0.147124,249.48,333.92,0.9706,0.389819,0.695662
1786703523.267827,34.878976,1066,30.06,229.83,70.63,1.0000,0.359104,0.147137,249.48,333.97,0.9700,0.389811,0.695768
1786703523.296579,34.907727,1067,30.06,229.73,70.70,1.0000,0.358957,0.147287,249.46,334.13,0.9692,0.389787,0.696104
1786703523.328374,34.939523,1068,30.06,229.67,70.70,1.0000,0.358854,0.147298,249.44,334.13,0.9692,0.389746,0.696101
1786703523.365136,34.976285,1069,30.06,229.69,70.72,1.0000,0.358895,0.147323,249.51,334.00,0.9695,0.389854,0.695832
1786703523.418160,35.029309,1070,30.06,229.68,70.69,1.0000,0.358881,0.147280,249.54,334.09,0.9693,0.389903,0.696023
1786703523.433708,35.044857,1071,30.06,229.64,70.72,1.0000,0.358812,0.147323,249.48,334.15,0.9693,0.389815,0.696147
1786703523.454916,35.066065,1072,30.06,229.49,70.72,1.0000,0.358584,0.147335,249.49,334.16,0.9694,0.389821,0.696173
1786703523.494924,35.106073,1073,30.06,229.43,70.72,1.0000,0.358486,0.147336,249.50,334.18,0.9693,0.389841,0.696216
1786703523.529631,35.140779,1074,30.06,229.27,70.74,1.0000,0.358241,0.147368,249.52,334.20,0.9691,0.389881,0.696260
1786703523.569234,35.180383,1075,30.06,229.28,70.82,1.0000,0.358253,0.147532,249.54,334.18,0.9693,0.389909,0.696219
1786703523.600539,35.211688,1076,30.01,229.28,70.89,1.0000,0.358252,0.147683,249.55,334.20,0.9696,0.389916,0.696252
1786703523.632204,35.243353,1077,30.01,229.30,70.88,1.0000,0.358278,0.147675,249.53,334.18,0.9699,0.389888,0.696206
1786703523.669995,35.281144,1078,30.01,229.27,70.95,1.0000,0.358228,0.147819,249.52,334.22,0.9693,0.389868,0.696292
1786703523.693773,35.304922,1079,30.01,229.27,70.99,1.0000,0.358227,0.147890,249.50,334.26,0.9689,0.389848,0.696385
1786703523.732084,35.343232,1080,30.01,229.28,71.02,1.0000,0.358244,0.147951,249.46,334.24,0.9687,0.389776,0.696341
1786703523.763563,35.374712,1081,30.01,229.28,71.01,1.0000,0.358244,0.147939,249.28,334.27,0.9686,0.389501,0.696391
1786703523.792606,35.403755,1082,30.01,229.28,71.00,1.0000,0.358245,0.147923,249.32,334.27,0.9689,0.389561,0.696387
1786703523.824699,35.435848,1083,30.01,229.35,70.99,1.0000,0.358366,0.147904,249.33,334.27,0.9695,0.389582,0.696390
1786703523.859091,35.470240,1084,30.01,229.32,71.00,1.0000,0.358311,0.147927,249.30,334.25,0.9692,0.389531,0.696348
1786703523.897511,35.508660,1085,30.01,229.29,71.00,1.0000,0.358271,0.147918,249.20,334.26,0.9688,0.389382,0.696371
1786703523.939448,35.550597,1086,30.01,229.41,70.93,1.0000,0.358456,0.147774,249.09,334.38,0.9686,0.389199,0.696632
1786703523.973278,35.584427,1087,30.01,229.41,70.93,1.0000,0.358459,0.147774,249.02,334.45,0.9685,0.389098,0.696764
1786703523.982046,35.593194,1088,30.01,229.44,70.96,1.0000,0.358502,0.147824,249.04,334.44,0.9681,0.389124,0.696760
1786703524.032082,35.643231,1089,30.01,229.53,70.96,1.0000,0.358634,0.147832,249.01,334.51,0.9677,0.389075,0.696902
1786703524.060934,35.672083,1090,30.01,229.53,71.09,1.0000,0.358644,0.148110,249.05,334.50,0.9676,0.389140,0.696875
1786703524.093365,35.704514,1091,30.01,229.53,71.10,1.0000,0.358645,0.148130,249.09,334.47,0.9676,0.389202,0.696811
1786703524.135725,35.746874,1092,29.97,229.48,71.10,1.0000,0.358560,0.148131,249.15,334.47,0.9670,0.389291,0.696812
1786703524.182058,35.793206,1093,29.97,229.48,71.12,1.0000,0.358566,0.148157,249.16,334.58,0.9669,0.389309,0.697037
1786703524.189953,35.801102,1094,29.97,229.47,71.10,1.0000,0.358551,0.148116,249.17,334.58,0.9665,0.389327,0.697037
1786703524.230312,35.841460,1095,29.97,229.49,71.02,1.0000,0.358585,0.147961,249.22,334.39,0.9670,0.389401,0.696651
1786703524.274518,35.885667,1096,29.97,229.52,71.07,1.0000,0.358625,0.148056,249.23,334.25,0.9671,0.389424,0.696357
1786703524.303679,35.914827,1097,29.97,229.52,70.71,1.0000,0.358626,0.147315,249.35,333.96,0.9681,0.389604,0.695759
1786703524.320793,35.931942,1098,29.97,229.53,70.68,1.0000,0.358634,0.147260,249.42,333.97,0.9678,0.389722,0.695779
1786703524.364855,35.976004,1099,29.97,229.51,70.53,1.0000,0.358608,0.146931,249.43,333.54,0.9683,0.389731,0.694870
1786703524.398571,36.009720,1100,29.97,229.39,70.15,1.0000,0.358417,0.146138,249.42,333.62,0.9688,0.389723,0.695043
1786703524.427816,36.038965,1101,29.97,229.45,70.04,1.0000,0.358513,0.145920,249.43,333.61,0.9691,0.389736,0.695017
1786703524.466410,36.077559,1102,29.97,229.62,70.04,1.0000,0.358786,0.145926,249.50,333.60,0.9699,0.389844,0.695007
1786703524.500144,36.111293,1103,29.97,229.90,70.04,1.0000,0.359215,0.145920,249.51,333.66,0.9695,0.389858,0.695116
1786703524.534994,36.146142,1104,29.97,230.02,70.07,1.0000,0.359408,0.145977,249.49,333.77,0.9689,0.389834,0.695349
1786703524.575063,36.186212,1105,29.97,230.28,70.11,1.0000,0.359809,0.146064,249.59,333.74,0.9694,0.389983,0.695295
1786703524.604131,36.215280,1106,29.97,230.61,70.14,1.0000,0.360326,0.146115,249.50,333.91,0.9699,0.389848,0.695646
1786703524.636363,36.247512,1107,29.97,230.63,70.15,1.0000,0.360360,0.146155,249.52,333.93,0.9698,0.389874,0.695694
1786703524.699502,36.310651,1109,29.65,230.63,70.21,1.0000,0.360363,0.146273,249.53,334.14,0.9698,0.389885,0.696116
1786703524.715702,36.326851,1110,29.65,230.61,70.19,1.0000,0.360321,0.146219,249.50,334.16,0.9691,0.389851,0.696165
1786703524.772365,36.383513,1111,29.65,230.56,70.11,1.0000,0.360249,0.146071,249.55,334.00,0.9690,0.389924,0.695838
1786703524.795835,36.406983,1112,29.65,230.53,70.08,1.0000,0.360206,0.145995,249.54,334.00,0.9694,0.389902,0.695836
1786703524.829796,36.440945,1113,29.65,230.57,70.10,1.0000,0.360264,0.146033,249.52,333.98,0.9696,0.389880,0.695795
1786703524.864545,36.475693,1114,29.65,230.73,70.10,1.0000,0.360513,0.146034,249.50,333.87,0.9702,0.389836,0.695565
1786703524.914311,36.525460,1115,29.65,231.07,70.07,1.0000,0.361052,0.145981,249.67,333.78,0.9710,0.390114,0.695370
1786703524.922331,36.533480,1116,29.65,231.11,70.06,1.0000,0.361117,0.145957,249.65,333.80,0.9704,0.390079,0.695411
1786703524.964572,36.575721,1117,29.65,231.11,70.08,1.0000,0.361106,0.146004,249.63,333.72,0.9706,0.390051,0.695254
1786703524.999063,36.610212,1118,29.65,231.11,70.08,1.0000,0.361104,0.146005,249.59,333.80,0.9707,0.389985,0.695422
1786703525.034498,36.645647,1119,29.65,231.11,69.87,1.0000,0.361103,0.145556,249.66,333.78,0.9712,0.390088,0.695376
1786703525.068404,36.679553,1120,29.65,230.98,69.92,1.0000,0.360903,0.145676,249.63,333.89,0.9708,0.390045,0.695610
1786703525.097153,36.708302,1121,29.65,230.97,69.74,1.0000,0.360892,0.145299,249.63,333.91,0.9708,0.390044,0.695655
1786703525.131385,36.742533,1122,29.65,230.98,69.71,1.0000,0.360899,0.145239,249.64,333.95,0.9701,0.390064,0.695726
1786703525.184026,36.795174,1123,29.65,230.98,69.61,1.0000,0.360911,0.145029,249.69,333.98,0.9696,0.390146,0.695790
1786703525.197570,36.808719,1124,29.65,230.99,69.61,1.0000,0.360921,0.145016,249.69,333.99,0.9694,0.390147,0.695820
1786703525.231218,36.842367,1125,29.74,231.03,69.60,1.0000,0.360990,0.144994,249.68,334.02,0.9694,0.390126,0.695876
1786703525.274248,36.885397,1126,29.74,230.85,69.62,1.0000,0.360701,0.145042,249.76,333.94,0.9695,0.390253,0.695714
1786703525.302660,36.913809,1127,29.74,230.91,69.61,1.0000,0.360794,0.145025,249.69,334.11,0.9694,0.390148,0.696064
1786703525.342275,36.953424,1128,29.74,230.87,69.63,1.0000,0.360728,0.145070,249.73,334.10,0.9699,0.390202,0.696048
1786703525.350276,36.961425,1129,29.74,230.78,69.77,1.0000,0.360591,0.145346,249.74,334.06,0.9701,0.390219,0.695964
1786703525.401079,37.012228,1130,29.74,230.77,69.85,1.0000,0.360585,0.145516,249.69,334.14,0.9698,0.390146,0.696115
1786703525.414410,37.025559,1131,29.74,230.70,69.92,1.0000,0.360465,0.145662,249.69,334.15,0.9699,0.390144,0.696147
1786703525.478652,37.089801,1132,29.74,230.60,69.92,1.0000,0.360317,0.145675,249.68,334.17,0.9703,0.390119,0.696177
1786703525.494752,37.105901,1133,29.74,230.60,69.92,1.0000,0.360316,0.145675,249.61,334.25,0.9694,0.390020,0.696347
1786703525.537137,37.148286,1134,29.74,230.55,69.94,1.0000,0.360238,0.145700,249.60,334.27,0.9691,0.390001,0.696387
1786703525.568985,37.180134,1135,29.74,230.54,69.95,1.0000,0.360222,0.145719,249.61,334.15,0.9691,0.390008,0.696143
1786703525.595346,37.206495,1136,29.74,230.54,69.96,1.0000,0.360211,0.145750,249.57,334.34,0.9687,0.389951,0.696544
1786703525.637366,37.248515,1137,29.74,230.75,69.96,1.0000,0.360543,0.145756,249.55,334.34,0.9687,0.389928,0.696537
1786703525.658445,37.269594,1138,29.74,230.77,69.96,1.0000,0.360578,0.145759,249.54,334.34,0.9687,0.389906,0.696533
1786703525.706358,37.317507,1139,29.74,230.75,69.91,1.0000,0.360547,0.145641,249.51,334.31,0.9684,0.389862,0.696474
1786703525.732711,37.343860,1140,29.74,230.66,69.82,1.0000,0.360400,0.145462,249.46,334.31,0.9685,0.389776,0.696475
1786703525.778465,37.389614,1141,29.73,230.43,69.80,1.0000,0.360044,0.145406,249.46,334.38,0.9679,0.389778,0.696635
1786703525.797190,37.408339,1142,29.73,230.62,69.59,1.0000,0.360340,0.144982,249.50,334.26,0.9684,0.389839,0.696366
1786703525.828709,37.439858,1143,29.73,230.68,69.49,1.0000,0.360432,0.144773,249.49,334.15,0.9687,0.389831,0.696148
1786703525.868397,37.479546,1144,29.73,230.73,69.57,1.0000,0.360510,0.144937,249.57,334.25,0.9687,0.389947,0.696359
1786703525.897687,37.508836,1145,29.73,230.87,69.62,1.0000,0.360730,0.145040,249.56,334.25,0.9686,0.389936,0.696361
1786703525.930117,37.541265,1146,29.73,230.98,69.62,1.0000,0.360899,0.145048,249.58,334.27,0.9685,0.389972,0.696386
1786703525.980759,37.591908,1147,29.73,230.98,69.64,1.0000,0.360910,0.145093,249.61,334.11,0.9683,0.390022,0.696053
1786703526.004142,37.615291,1148,29.73,231.00,69.65,1.0000,0.360936,0.145095,249.62,334.13,0.9682,0.390035,0.696096
1786703526.019533,37.630682,1149,29.73,231.00,69.59,1.0000,0.360936,0.144969,249.63,334.12,0.9686,0.390049,0.696081
1786703526.065026,37.676175,1150,29.73,231.01,69.59,1.0000,0.360946,0.144971,249.63,334.14,0.9688,0.390047,0.696129
1786703526.102204,37.713353,1151,29.73,230.98,69.36,1.0000,0.360913,0.144502,249.73,334.00,0.9696,0.390207,0.695838
1786703526.136565,37.747714,1152,29.73,230.93,69.37,1.0000,0.360829,0.144518,249.75,333.99,0.9694,0.390237,0.695816
1786703526.168328,37.779477,1153,29.73,230.98,69.11,1.0000,0.360911,0.143982,249.67,333.97,0.9699,0.390111,0.695766
1786703526.205444,37.816592,1154,29.73,231.02,69.07,1.0000,0.360962,0.143889,249.66,333.78,0.9707,0.390098,0.695372
1786703526.250596,37.861745,1155,29.73,231.14,68.90,1.0000,0.361152,0.143536,249.63,334.06,0.9701,0.390053,0.695969
1786703526.258789,37.869938,1156,29.77,231.28,68.96,1.0000,0.361379,0.143663,249.63,334.06,0.9703,0.390045,0.695955
1786703526.303904,37.915053,1157,29.77,231.28,68.97,1.0000,0.361378,0.143683,249.65,334.09,0.9698,0.390082,0.696016
1786703526.335836,37.946985,1158,29.77,231.25,68.99,1.0000,0.361328,0.143725,249.64,334.16,0.9697,0.390068,0.696174
1786703526.362680,37.973829,1159,29.77,231.25,68.99,1.0000,0.361325,0.143737,249.59,334.20,0.9697,0.389985,0.696240
1786703526.393806,38.004955,1160,29.77,231.24,68.99,1.0000,0.361307,0.143738,249.66,334.08,0.9699,0.390088,0.696006
1786703526.432125,38.043274,1161,29.77,231.33,69.11,1.0000,0.361456,0.143972,249.65,334.24,0.9694,0.390086,0.696329
1786703526.459215,38.070364,1162,29.77,231.28,69.11,1.0000,0.361373,0.143986,249.65,334.28,0.9699,0.390085,0.696415
1786703526.497038,38.108187,1163,29.77,231.24,69.09,1.0000,0.361308,0.143945,249.67,334.28,0.9704,0.390117,0.696418
1786703526.533766,38.144915,1164,29.77,231.19,69.09,1.0000,0.361229,0.143928,249.73,334.22,0.9710,0.390197,0.696294
1786703526.566576,38.177725,1165,29.77,231.16,68.99,1.0000,0.361180,0.143727,249.75,334.23,0.9711,0.390232,0.696315
1786703526.594554,38.205703,1166,29.77,231.10,69.01,1.0000,0.361099,0.143768,249.78,334.16,0.9715,0.390277,0.696166
1786703526.636483,38.247632,1167,29.77,231.42,69.02,1.0000,0.361593,0.143789,249.63,334.36,0.9717,0.390048,0.696578
1786703526.669163,38.280312,1168,29.77,231.42,69.02,1.0000,0.361594,0.143789,249.66,334.17,0.9719,0.390087,0.696191
1786703526.691787,38.302936,1169,29.77,231.42,69.01,1.0000,0.361593,0.143770,249.66,334.20,0.9716,0.390087,0.696259
1786703526.737394,38.348543,1170,29.77,231.35,69.01,1.0000,0.361484,0.143761,249.66,334.16,0.9719,0.390100,0.696177
1786703526.763637,38.374786,1171,29.77,231.46,69.01,1.0000,0.361651,0.143763,249.66,334.13,0.9716,0.390089,0.696103
1786703526.795206,38.406355,1172,29.95,231.80,69.02,1.0000,0.362181,0.143797,249.66,334.13,0.9715,0.390088,0.696098
1786703526.829494,38.440643,1173,29.95,231.97,69.04,1.0000,0.362457,0.143830,249.62,334.19,0.9713,0.390026,0.696221
1786703526.866024,38.477172,1174,29.95,231.99,69.08,1.0000,0.362480,0.143912,249.62,334.15,0.9715,0.390024,0.696148
1786703526.905407,38.516556,1175,29.95,232.35,69.07,1.0000,0.363054,0.143906,249.57,334.27,0.9716,0.389959,0.696389
1786703526.921391,38.532539,1176,29.95,232.26,69.19,1.0000,0.362907,0.144137,249.62,333.97,0.9719,0.390027,0.695766
1786703526.969910,38.581059,1177,29.95,232.26,69.19,1.0000,0.362907,0.144138,249.60,334.02,0.9710,0.390005,0.695885
1786703526.994813,38.605962,1178,29.95,232.24,69.28,1.0000,0.362869,0.144334,249.62,334.06,0.9707,0.390027,0.695966
1786703527.024925,38.636073,1179,29.95,232.42,69.27,1.0000,0.363153,0.144318,249.62,333.91,0.9710,0.390037,0.695642
1786703527.070053,38.681201,1180,29.95,232.40,69.24,1.0000,0.363131,0.144260,249.62,333.85,0.9715,0.390032,0.695513
1786703527.098911,38.710060,1181,29.95,232.43,69.24,1.0000,0.363175,0.144252,249.63,333.89,0.9716,0.390047,0.695599
1786703527.131221,38.742370,1182,29.95,232.37,69.24,1.0000,0.363071,0.144252,249.63,333.86,0.9714,0.390053,0.695548
1786703527.165459,38.776608,1183,29.95,232.36,69.18,1.0000,0.363055,0.144116,249.63,333.88,0.9707,0.390046,0.695591
1786703527.194571,38.805720,1184,29.95,232.37,69.20,1.0000,0.363080,0.144171,249.62,333.92,0.9703,0.390030,0.695661
1786703527.274988,38.886137,1186,29.95,232.35,69.22,1.0000,0.363052,0.144208,249.64,333.93,0.9702,0.390055,0.695683
1786703527.304144,38.915293,1187,29.46,232.36,69.24,1.0000,0.363068,0.144249,249.59,334.22,0.9693,0.389990,0.696283
1786703527.323087,38.934236,1188,29.46,232.35,69.22,1.0000,0.363042,0.144208,249.62,334.21,0.9694,0.390032,0.696280
1786703527.365314,38.976463,1189,29.46,232.31,69.36,1.0000,0.362981,0.144497,249.62,334.22,0.9688,0.390037,0.696283
1786703527.392398,39.003547,1190,29.46,232.42,69.36,1.0000,0.363161,0.144507,249.68,334.22,0.9692,0.390118,0.696289
1786703527.433636,39.044785,1191,29.46,232.44,69.52,1.0000,0.363180,0.144837,249.67,334.38,0.9684,0.390106,0.696632
1786703527.469503,39.080652,1192,29.46,232.42,69.52,1.0000,0.363159,0.144839,249.67,334.13,0.9690,0.390109,0.696104
1786703527.490879,39.102028,1193,29.46,232.45,69.57,1.0000,0.363203,0.144947,249.63,334.13,0.9691,0.390047,0.696096
1786703527.531243,39.142392,1194,29.46,232.44,69.54,1.0000,0.363195,0.144883,249.62,334.13,0.9691,0.390027,0.696101
1786703527.562861,39.174010,1195,29.46,232.40,69.44,1.0000,0.363123,0.144660,249.62,334.12,0.9692,0.390030,0.696083
1786703527.597383,39.208532,1196,29.46,232.13,69.37,1.0000,0.362701,0.144520,249.66,334.12,0.9694,0.390094,0.696088
1786703527.647119,39.258268,1197,29.46,231.98,69.37,1.0000,0.362468,0.144513,249.64,334.14,0.9695,0.390059,0.696122
1786703527.663570,39.274719,1198,29.46,231.68,69.34,1.0000,0.362001,0.144467,249.65,333.91,0.9703,0.390083,0.695641
1786703527.698061,39.309210,1199,29.46,231.66,69.36,1.0000,0.361965,0.144507,249.64,334.00,0.9701,0.390061,0.695830
1786703527.727123,39.338272,1200,29.46,231.65,69.40,1.0000,0.361954,0.144590,249.61,334.02,0.9699,0.390016,0.695866
1786703527.768912,39.380060,1201,29.46,231.63,69.35,1.0000,0.361923,0.144485,249.37,334.28,0.9697,0.389647,0.696409
1786703527.797674,39.408823,1202,29.46,231.41,69.34,1.0000,0.361582,0.144454,249.43,334.24,0.9697,0.389735,0.696331
1786703527.834002,39.445151,1203,29.58,231.42,69.45,1.0000,0.361590,0.144691,249.33,334.36,0.9697,0.389581,0.696587
1786703527.866075,39.477224,1204,29.58,231.41,69.47,1.0000,0.361586,0.144734,249.40,334.05,0.9709,0.389681,0.695931
1786703527.908112,39.519260,1205,29.58,231.40,69.57,1.0000,0.361568,0.144937,249.41,334.07,0.9704,0.389696,0.695981
1786703527.925584,39.536733,1206,29.58,231.28,69.63,1.0000,0.361371,0.145073,249.45,334.06,0.9706,0.389761,0.695962
1786703527.966698,39.577847,1207,29.58,231.31,69.65,1.0000,0.361422,0.145113,249.45,334.05,0.9708,0.389764,0.695934
1786703527.995543,39.606692,1208,29.58,231.32,69.68,1.0000,0.361444,0.145163,249.43,334.25,0.9710,0.389740,0.696363
1786703528.034662,39.645810,1209,29.58,231.33,69.81,1.0000,0.361447,0.145428,249.47,334.30,0.9713,0.389800,0.696460
1786703528.068493,39.679642,1210,29.58,231.33,69.82,1.0000,0.361446,0.145449,249.46,334.47,0.9713,0.389776,0.696817
1786703528.100390,39.711539,1211,29.58,231.33,69.86,1.0000,0.361445,0.145532,249.50,334.48,0.9715,0.389839,0.696836
1786703528.128762,39.739911,1212,29.58,231.32,69.88,1.0000,0.361439,0.145588,249.50,334.50,0.9713,0.389844,0.696885
1786703528.176672,39.787820,1213,29.58,231.33,69.93,1.0000,0.361458,0.145697,249.55,334.23,0.9714,0.389925,0.696310
1786703528.198891,39.810040,1214,29.58,231.37,69.93,1.0000,0.361517,0.145696,249.61,334.20,0.9715,0.390020,0.696248
1786703528.227215,39.838364,1215,29.58,231.43,69.94,1.0000,0.361607,0.145699,249.62,334.19,0.9717,0.390033,0.696229
1786703528.271929,39.883078,1216,29.58,231.45,69.94,1.0000,0.361639,0.145704,249.63,334.17,0.9718,0.390041,0.696188
1786703528.290510,39.901659,1217,29.58,231.46,69.92,1.0000,0.361650,0.145669,249.62,334.17,0.9718,0.390038,0.696196
1786703528.332107,39.943255,1218,29.58,231.49,69.93,1.0000,0.361708,0.145695,249.63,334.17,0.9720,0.390054,0.696188
1786703528.371725,39.982874,1219,29.64,231.67,69.94,1.0000,0.361983,0.145698,249.70,333.86,0.9722,0.390159,0.695533
1786703528.405788,40.016937,1220,29.64,231.67,70.00,1.0000,0.361992,0.145829,249.69,333.87,0.9716,0.390142,0.695566
1786703528.437393,40.048542,1221,29.64,231.68,70.03,1.0000,0.361997,0.145896,249.68,333.87,0.9715,0.390123,0.695569
1786703528.470190,40.081339,1222,29.64,231.56,70.17,1.0000,0.361818,0.146192,249.58,333.87,0.9717,0.389971,0.695568
1786703528.542675,40.153823,1223,29.64,231.52,70.31,1.0000,0.361749,0.146488,249.60,333.86,0.9718,0.390007,0.695552
1786703528.558579,40.169728,1224,29.64,231.54,70.35,1.0000,0.361787,0.146562,249.51,334.01,0.9712,0.389857,0.695864
1786703528.576473,40.187622,1225,29.64,231.54,70.37,1.0000,0.361788,0.146603,249.54,334.03,0.9713,0.389908,0.695887
1786703528.594238,40.205387,1226,29.64,231.51,70.40,1.0000,0.361742,0.146657,249.58,334.00,0.9706,0.389974,0.695844
1786703528.643183,40.254332,1227,29.64,231.46,70.40,1.0000,0.361662,0.146666,249.52,334.16,0.9702,0.389882,0.696166
1786703528.674243,40.285392,1228,29.64,231.45,70.09,1.0000,0.361645,0.146026,249.54,334.04,0.9708,0.389911,0.695927
1786703528.703859,40.315007,1229,29.64,231.54,69.96,1.0000,0.361783,0.145750,249.54,334.09,0.9709,0.389905,0.696013
1786703528.733184,40.344333,1230,29.64,231.53,69.90,1.0000,0.361771,0.145622,249.55,333.99,0.9713,0.389918,0.695817
1786703528.772913,40.384062,1231,29.64,231.47,69.83,1.0000,0.361674,0.145479,249.55,333.93,0.9717,0.389916,0.695678
1786703528.807131,40.418280,1232,29.64,231.43,69.81,1.0000,0.361610,0.145442,249.48,333.96,0.9716,0.389813,0.695741
1786703528.818179,40.429328,1233,29.64,231.41,69.64,1.0000,0.361582,0.145090,249.47,333.94,0.9717,0.389797,0.695710
1786703528.866508,40.477657,1234,29.64,231.36,69.81,1.0000,0.361503,0.145433,249.47,334.00,0.9712,0.389789,0.695830
1786703528.900283,40.511432,1235,29.76,231.36,69.85,1.0000,0.361500,0.145512,249.45,334.02,0.9707,0.389764,0.695877
1786703528.940357,40.551506,1236,29.76,231.35,70.05,1.0000,0.361486,0.145929,249.45,334.03,0.9708,0.389773,0.695887
1786703528.963532,40.574681,1237,29.76,231.34,70.08,1.0000,0.361471,0.145994,249.46,334.08,0.9703,0.389777,0.696000
1786703529.005783,40.616932,1238,29.76,231.29,70.08,1.0000,0.361395,0.146006,249.53,333.98,0.9703,0.389886,0.695793
1786703529.034898,40.646047,1239,29.76,231.29,70.33,1.0000,0.361391,0.146517,249.54,333.94,0.9707,0.389903,0.695699
1786703529.071736,40.682885,1240,29.76,231.32,70.54,1.0000,0.361431,0.146949,249.54,333.95,0.9709,0.389914,0.695725
1786703529.095891,40.707040,1241,29.76,231.32,70.67,1.0000,0.361442,0.147236,249.54,334.22,0.9704,0.389908,0.696294
1786703529.134578,40.745727,1242,29.76,231.39,70.78,1.0000,0.361548,0.147460,249.56,334.15,0.9707,0.389940,0.696139
1786703529.169239,40.780388,1243,29.76,231.42,70.82,1.0000,0.361594,0.147549,249.59,334.09,0.9704,0.389991,0.696029
1786703529.192315,40.803464,1244,29.76,231.45,70.64,1.0000,0.361641,0.147173,249.56,334.16,0.9704,0.389938,0.696163
1786703529.230328,40.841477,1245,29.76,231.45,70.64,1.0000,0.361648,0.147160,249.63,333.90,0.9710,0.390051,0.695625
1786703529.263623,40.874772,1246,29.76,231.44,70.32,1.0000,0.361630,0.146502,249.66,334.01,0.9705,0.390092,0.695849
1786703529.303942,40.915091,1247,29.76,231.44,69.95,1.0000,0.361627,0.145722,249.62,334.01,0.9706,0.390031,0.695845
1786703529.332397,40.943546,1248,29.76,231.44,69.95,1.0000,0.361626,0.145728,249.62,333.95,0.9709,0.390034,0.695739
1786703529.373484,40.984633,1249,29.76,231.42,69.96,1.0000,0.361594,0.145749,249.62,333.97,0.9708,0.390034,0.695769
1786703529.399959,41.011108,1250,29.80,231.66,70.12,1.0000,0.361968,0.146091,249.66,333.74,0.9710,0.390092,0.695287
1786703529.428577,41.039726,1251,29.80,231.73,70.32,1.0000,0.362071,0.146493,249.66,333.63,0.9720,0.390100,0.695052
1786703529.466249,41.077398,1252,29.80,231.77,70.55,1.0000,0.362141,0.146972,249.62,333.62,0.9721,0.390031,0.695048
1786703529.497916,41.109065,1253,29.80,231.89,70.75,1.0000,0.362336,0.147404,249.61,333.66,0.9722,0.390016,0.695115
1786703529.532131,41.143280,1254,29.80,231.94,70.83,1.0000,0.362406,0.147560,249.60,333.68,0.9718,0.390001,0.695170
1786703529.559935,41.171084,1255,29.80,231.94,70.83,1.0000,0.362406,0.147560,249.60,333.69,0.9716,0.389994,0.695181
1786703529.611277,41.222426,1256,29.80,231.95,70.90,1.0000,0.362424,0.147702,249.57,333.82,0.9710,0.389947,0.695454
1786703529.649146,41.260294,1257,29.80,231.76,70.95,1.0000,0.362124,0.147813,249.49,334.02,0.9706,0.389833,0.695877
1786703529.664794,41.275943,1258,29.80,231.72,70.94,1.0000,0.362059,0.147784,249.50,333.97,0.9708,0.389840,0.695781
1786703529.701798,41.312947,1259,29.80,231.73,70.98,1.0000,0.362084,0.147865,249.47,334.19,0.9703,0.389797,0.696231
1786703529.727975,41.339124,1260,29.80,231.69,70.91,1.0000,0.362014,0.147719,249.53,334.18,0.9703,0.389894,0.696209
1786703529.763159,41.374307,1261,29.80,231.69,70.90,1.0000,0.362009,0.147703,249.53,334.19,0.9699,0.389897,0.696229
1786703529.816535,41.427683,1262,29.80,231.61,70.89,1.0000,0.361890,0.147686,249.47,334.25,0.9696,0.389799,0.696346
1786703529.834873,41.446022,1263,29.80,231.65,70.90,1.0000,0.361947,0.147711,249.44,334.31,0.9690,0.389747,0.696475
1786703529.874407,41.485556,1264,29.80,231.63,70.86,1.0000,0.361915,0.147622,249.38,334.34,0.9687,0.389649,0.696540
1786703529.898533,41.509681,1265,29.80,231.47,70.74,1.0000,0.361678,0.147371,249.38,334.33,0.9691,0.389654,0.696529
1786703529.932927,41.544075,1266,29.86,231.48,70.74,1.0000,0.361680,0.147371,249.33,334.39,0.9693,0.389577,0.696650
1786703529.966840,41.577989,1267,29.86,231.55,70.78,1.0000,0.361793,0.147454,249.34,334.49,0.9699,0.389587,0.696852
1786703530.009604,41.620753,1268,29.86,231.56,70.80,1.0000,0.361816,0.147493,249.38,334.39,0.9703,0.389655,0.696645
1786703530.025026,41.636174,1269,29.86,231.62,70.81,1.0000,0.361913,0.147530,249.44,334.36,0.9705,0.389755,0.696573
1786703530.069679,41.680828,1270,29.86,231.57,70.63,1.0000,0.361834,0.147154,249.44,334.31,0.9707,0.389749,0.696489
1786703530.094298,41.705446,1271,29.86,231.61,70.63,1.0000,0.361894,0.147142,249.52,334.17,0.9713,0.389870,0.696192
1786703530.132248,41.743397,1272,29.86,231.46,70.65,1.0000,0.361650,0.147179,249.52,334.14,0.9708,0.389872,0.696133
1786703530.175118,41.786267,1273,29.86,231.37,70.43,1.0000,0.361512,0.146734,249.58,334.08,0.9711,0.389968,0.696008
1786703530.201574,41.812723,1274,29.86,231.29,70.52,1.0000,0.361391,0.146908,249.56,334.06,0.9709,0.389938,0.695968
1786703530.243979,41.855128,1275,29.86,231.34,70.20,1.0000,0.361472,0.146258,249.55,334.03,0.9708,0.389916,0.695900
1786703530.275851,41.887000,1276,29.86,231.34,70.31,1.0000,0.361462,0.146475,249.53,334.03,0.9705,0.389897,0.695902
1786703530.315635,41.926784,1277,29.86,231.34,70.32,1.0000,0.361468,0.146498,249.49,334.06,0.9705,0.389823,0.695949
1786703530.338483,41.949632,1278,29.86,231.37,70.22,1.0000,0.361519,0.146286,249.47,334.05,0.9708,0.389794,0.695932
1786703530.362800,41.973949,1279,29.86,231.55,70.02,1.0000,0.361791,0.145884,249.47,333.95,0.9708,0.389790,0.695733
1786703530.408128,42.019276,1280,29.86,231.59,70.03,1.0000,0.361857,0.145890,249.49,333.88,0.9708,0.389827,0.695575
1786703530.437090,42.048239,1281,29.80,231.59,70.03,1.0000,0.361857,0.145897,249.50,334.02,0.9705,0.389844,0.695877
1786703530.470989,42.082137,1282,29.80,231.75,70.02,1.0000,0.362110,0.145865,249.49,334.21,0.9702,0.389829,0.696264
1786703530.512371,42.123519,1283,29.80,231.65,69.98,1.0000,0.361961,0.145797,249.44,334.30,0.9704,0.389754,0.696462
1786703530.538236,42.149385,1284,29.80,231.73,69.89,1.0000,0.362075,0.145613,249.44,334.32,0.9704,0.389758,0.696498
1786703530.553643,42.164791,1285,29.80,231.63,69.95,1.0000,0.361924,0.145727,249.44,334.30,0.9704,0.389757,0.696456
1786703530.597445,42.208594,1286,29.80,231.64,70.00,1.0000,0.361933,0.145840,249.44,334.28,0.9703,0.389746,0.696426
1786703530.634807,42.245956,1287,29.80,231.90,70.05,1.0000,0.362340,0.145932,249.42,334.28,0.9703,0.389718,0.696415
1786703530.674951,42.286100,1288,29.80,232.03,70.24,1.0000,0.362554,0.146324,249.43,334.29,0.9703,0.389727,0.696446
1786703530.700524,42.311673,1289,29.80,232.17,70.23,1.0000,0.362766,0.146309,249.39,334.25,0.9703,0.389675,0.696350
1786703530.737460,42.348609,1290,29.80,232.18,70.25,1.0000,0.362777,0.146355,249.44,334.24,0.9705,0.389755,0.696330
1786703530.774821,42.385970,1291,29.80,232.19,70.27,1.0000,0.362791,0.146386,249.45,334.22,0.9709,0.389773,0.696299
1786703530.794885,42.406034,1292,29.80,232.20,70.32,1.0000,0.362816,0.146503,249.52,334.13,0.9710,0.389873,0.696102
1786703530.835475,42.446624,1293,29.80,232.25,70.32,1.0000,0.362892,0.146502,249.52,334.06,0.9708,0.389874,0.695959
1786703530.867619,42.478768,1294,29.80,232.25,70.31,1.0000,0.362891,0.146473,249.56,334.06,0.9700,0.389934,0.695962
1786703530.896734,42.507883,1295,29.80,232.23,70.29,1.0000,0.362852,0.146432,249.61,333.97,0.9700,0.390019,0.695770
1786703530.930917,42.542066,1296,29.80,232.20,70.36,1.0000,0.362806,0.146579,249.61,333.99,0.9696,0.390017,0.695819
1786703530.981755,42.592904,1297,29.74,232.20,70.24,1.0000,0.362807,0.146326,249.60,334.15,0.9694,0.390002,0.696154
1786703530.997373,42.608521,1298,29.74,232.21,70.19,1.0000,0.362827,0.146235,249.55,334.24,0.9689,0.389920,0.696341
1786703531.039383,42.650532,1299,29.74,232.25,70.21,1.0000,0.362897,0.146261,249.65,334.11,0.9695,0.390078,0.696065
1786703531.098586,42.709734,1301,29.74,232.34,70.21,1.0000,0.363030,0.146274,249.68,334.00,0.9700,0.390128,0.695833
1786703531.148281,42.759430,1302,29.74,232.32,70.23,1.0000,0.363000,0.146315,249.83,334.08,0.9705,0.390366,0.695997
1786703531.177424,42.788573,1303,29.74,232.22,70.23,1.0000,0.362850,0.146311,249.84,333.98,0.9709,0.390379,0.695785
1786703531.203917,42.815066,1304,29.74,232.01,70.18,1.0000,0.362518,0.146202,249.85,333.92,0.9713,0.390388,0.695671
1786703531.240050,42.851198,1305,29.74,232.00,70.18,1.0000,0.362505,0.146217,249.86,333.92,0.9715,0.390410,0.695675
1786703531.267710,42.878859,1306,29.74,231.94,70.19,1.0000,0.362410,0.146223,249.86,333.93,0.9714,0.390411,0.695698
1786703531.306360,42.917509,1307,29.74,231.94,70.17,1.0000,0.362414,0.146193,249.82,334.09,0.9704,0.390350,0.696022
1786703531.332330,42.943478,1308,29.74,231.85,70.01,1.0000,0.362267,0.145862,249.77,334.19,0.9699,0.390267,0.696223
1786703531.369362,42.980511,1309,29.74,231.67,70.17,1.0000,0.361981,0.146177,249.79,334.02,0.9698,0.390292,0.695865
1786703531.404195,43.015344,1310,29.74,231.62,70.12,1.0000,0.361913,0.146092,249.76,334.04,0.9702,0.390250,0.695922
1786703531.429448,43.040597,1311,29.74,231.58,70.23,1.0000,0.361842,0.146314,249.76,334.04,0.9702,0.390243,0.695922
1786703531.466359,43.077508,1312,29.74,231.34,70.23,1.0000,0.361462,0.146304,249.74,334.02,0.9701,0.390213,0.695883
1786703531.503403,43.114552,1313,29.54,231.32,70.23,1.0000,0.361438,0.146312,249.73,333.99,0.9692,0.390201,0.695805
1786703531.532080,43.143229,1314,29.54,231.12,70.31,1.0000,0.361129,0.146474,249.71,334.02,0.9687,0.390177,0.695865
1786703531.572654,43.183803,1315,29.54,231.13,70.54,1.0000,0.361140,0.146962,249.70,334.17,0.9686,0.390155,0.696180
1786703531.604394,43.215543,1316,29.54,231.13,70.51,1.0000,0.361135,0.146894,249.71,334.04,0.9691,0.390170,0.695926
1786703531.634082,43.245231,1317,29.54,231.14,70.58,1.0000,0.361160,0.147044,249.78,333.95,0.9693,0.390288,0.695726
1786703531.663488,43.274637,1318,29.54,231.11,70.58,1.0000,0.361111,0.147034,249.77,334.00,0.9693,0.390270,0.695841
1786703531.703668,43.314816,1319,29.54,231.21,70.58,1.0000,0.361273,0.147043,249.75,334.00,0.9697,0.390241,0.695836
1786703531.730293,43.341442,1320,29.54,231.16,70.56,1.0000,0.361183,0.146993,249.74,334.06,0.9695,0.390221,0.695951
1786703531.775559,43.386708,1321,29.54,231.23,70.30,1.0000,0.361295,0.146466,249.75,334.04,0.9699,0.390233,0.695921
1786703531.802110,43.413259,1322,29.54,231.25,70.31,1.0000,0.361334,0.146469,249.74,334.04,0.9706,0.390226,0.695926
1786703531.841865,43.453014,1323,29.54,231.34,70.34,1.0000,0.361472,0.146540,249.83,333.92,0.9714,0.390361,0.695673
1786703531.873965,43.485114,1324,29.54,231.37,70.34,1.0000,0.361510,0.146545,249.66,334.05,0.9708,0.390088,0.695946
1786703531.911823,43.522972,1325,29.54,231.51,70.36,1.0000,0.361732,0.146581,249.65,334.14,0.9709,0.390074,0.696125
1786703531.932059,43.543208,1326,29.54,231.47,70.38,1.0000,0.361670,0.146626,249.67,334.10,0.9712,0.390103,0.696047
1786703531.966916,43.578065,1327,29.54,231.48,70.46,1.0000,0.361694,0.146795,249.60,334.31,0.9711,0.389995,0.696474
1786703531.992798,43.603947,1328,29.54,231.02,70.50,1.0000,0.360965,0.146872,249.62,334.34,0.9710,0.390025,0.696534
1786703532.033059,43.644207,1329,29.78,230.86,70.61,1.0000,0.360712,0.147108,249.64,334.34,0.9709,0.390062,0.696537
1786703532.049140,43.660289,1330,29.78,230.85,70.76,1.0000,0.360695,0.147412,249.65,334.28,0.9707,0.390078,0.696424
1786703532.107170,43.718319,1331,29.78,230.86,70.82,1.0000,0.360719,0.147543,249.59,334.27,0.9706,0.389989,0.696388
1786703532.134234,43.745383,1332,29.78,230.80,70.83,1.0000,0.360629,0.147558,249.60,334.26,0.9705,0.390007,0.696366
1786703532.179057,43.790205,1333,29.78,230.79,70.83,1.0000,0.360613,0.147561,249.61,334.32,0.9704,0.390013,0.696498
1786703532.199560,43.810709,1334,29.78,230.74,70.93,1.0000,0.360533,0.147771,249.61,334.29,0.9702,0.390016,0.696442
1786703532.240235,43.851383,1335,29.78,230.68,70.93,1.0000,0.360431,0.147775,249.64,334.28,0.9701,0.390057,0.696415
1786703532.264680,43.875829,1336,29.78,230.68,70.97,1.0000,0.360435,0.147850,249.64,334.27,0.9702,0.390056,0.696395
1786703532.312380,43.923528,1337,29.78,230.66,71.02,1.0000,0.360412,0.147962,249.65,334.06,0.9701,0.390075,0.695957
1786703532.375106,43.986255,1338,29.78,230.72,71.33,1.0000,0.360503,0.148611,249.57,334.22,0.9693,0.389960,0.696289
1786703532.377898,43.989047,1339,29.78,230.76,71.35,1.0000,0.360559,0.148637,249.54,334.23,0.9692,0.389903,0.696320
1786703532.413475,44.024624,1340,29.78,230.76,71.35,1.0000,0.360556,0.148639,249.54,334.23,0.9692,0.389914,0.696313
1786703532.436551,44.047700,1341,29.78,230.72,71.36,1.0000,0.360499,0.148657,249.56,334.23,0.9689,0.389933,0.696306
1786703532.461186,44.072335,1342,29.78,230.83,71.14,1.0000,0.360667,0.148202,249.58,334.23,0.9691,0.389962,0.696308
1786703532.502531,44.113680,1343,29.78,230.80,71.16,1.0000,0.360620,0.148241,249.56,334.21,0.9691,0.389933,0.696266
1786703532.534479,44.145627,1344,29.74,230.85,71.12,1.0000,0.360708,0.148167,249.56,334.19,0.9696,0.389940,0.696239
1786703532.569557,44.180706,1345,29.74,230.78,71.01,1.0000,0.360600,0.147932,249.54,334.19,0.9696,0.389912,0.696220
1786703532.596072,44.207221,1346,29.74,230.79,71.03,1.0000,0.360605,0.147977,249.47,334.62,0.9687,0.389790,0.697116
1786703532.627598,44.238747,1347,29.74,230.76,70.97,1.0000,0.360563,0.147849,249.49,334.43,0.9693,0.389830,0.696736
1786703532.682182,44.293331,1348,29.74,230.52,70.86,1.0000,0.360191,0.147615,249.49,334.42,0.9693,0.389823,0.696716
1786703532.699914,44.311063,1349,29.74,230.53,70.93,1.0000,0.360205,0.147779,249.47,334.47,0.9691,0.389793,0.696806
1786703532.719000,44.330149,1350,29.74,230.66,70.94,1.0000,0.360404,0.147797,249.46,334.46,0.9686,0.389783,0.696798
1786703532.768896,44.380045,1351,29.74,230.74,70.96,1.0000,0.360536,0.147841,249.55,334.33,0.9688,0.389929,0.696525
1786703532.800100,44.411248,1352,29.74,230.74,70.98,1.0000,0.360534,0.147873,249.60,334.24,0.9690,0.389998,0.696337
1786703532.832179,44.443328,1353,29.74,230.65,70.98,1.0000,0.360386,0.147875,249.60,334.24,0.9689,0.389995,0.696335
1786703532.863222,44.474371,1354,29.74,230.72,71.00,1.0000,0.360493,0.147909,249.58,334.26,0.9684,0.389974,0.696369
1786703532.903058,44.514207,1355,29.74,230.72,70.99,1.0000,0.360502,0.147894,249.57,334.19,0.9687,0.389957,0.696233
1786703532.935020,44.546169,1356,29.74,230.96,71.00,1.0000,0.360881,0.147917,249.59,334.20,0.9689,0.389982,0.696250
1786703532.969129,44.580278,1357,29.74,230.96,71.02,1.0000,0.360869,0.147961,249.60,334.25,0.9689,0.390004,0.696353
1786703532.998231,44.609380,1358,29.74,231.02,70.87,1.0000,0.360965,0.147646,249.64,334.25,0.9693,0.390062,0.696348
1786703533.029775,44.640924,1359,29.78,230.99,70.79,1.0000,0.360917,0.147487,249.67,334.25,0.9698,0.390103,0.696347
1786703533.066556,44.677705,1360,29.78,231.09,70.87,1.0000,0.361078,0.147636,249.65,334.26,0.9697,0.390075,0.696365
1786703533.098096,44.709245,1361,29.78,231.04,70.93,1.0000,0.361000,0.147774,249.67,334.26,0.9698,0.390113,0.696372
1786703533.137524,44.748673,1362,29.78,230.91,71.04,1.0000,0.360790,0.147990,249.67,334.28,0.9696,0.390110,0.696410
1786703533.171597,44.782745,1363,29.78,230.92,71.06,1.0000,0.360820,0.148039,249.80,334.19,0.9697,0.390308,0.696227
1786703533.203422,44.814570,1364,29.78,231.12,71.06,1.0000,0.361123,0.148044,249.79,334.24,0.9692,0.390290,0.696342
1786703533.240394,44.851543,1365,29.78,231.18,71.03,1.0000,0.361216,0.147978,249.72,334.29,0.9694,0.390180,0.696437
1786703533.261468,44.872617,1366,29.78,231.14,70.98,1.0000,0.361151,0.147885,249.72,334.28,0.9695,0.390186,0.696423
1786703533.296294,44.907443,1367,29.78,231.14,70.85,1.0000,0.361160,0.147604,249.70,334.26,0.9697,0.390151,0.696378
1786703533.335424,44.946573,1368,29.78,231.27,70.34,1.0000,0.361353,0.146535,249.69,334.24,0.9695,0.390136,0.696335
1786703533.356333,44.967482,1369,29.78,231.28,70.29,1.0000,0.361378,0.146442,249.69,334.12,0.9702,0.390137,0.696078
1786703533.398674,45.009823,1370,29.78,231.10,70.26,1.0000,0.361101,0.146375,249.56,334.17,0.9699,0.389931,0.696191
1786703533.430858,45.042007,1371,29.78,231.03,70.26,1.0000,0.360978,0.146383,249.52,334.21,0.9693,0.389877,0.696273
1786703533.465012,45.076160,1372,29.78,231.19,70.33,1.0000,0.361235,0.146518,249.52,334.27,0.9683,0.389871,0.696403
1786703533.496682,45.107831,1373,29.78,231.55,70.28,1.0000,0.361803,0.146423,249.50,334.26,0.9686,0.389841,0.696377
1786703533.536784,45.147933,1374,29.78,231.42,70.28,1.0000,0.361593,0.146425,249.40,334.28,0.9680,0.389682,0.696427
1786703533.567554,45.178703,1375,29.80,231.44,70.34,1.0000,0.361621,0.146536,249.40,334.32,0.9673,0.389681,0.696507
1786703533.613683,45.224832,1376,29.80,231.95,70.43,1.0000,0.362420,0.146733,249.48,334.10,0.9672,0.389820,0.696048
1786703533.653841,45.264990,1377,29.80,231.95,70.46,1.0000,0.362427,0.146794,249.49,334.06,0.9679,0.389834,0.695961
1786703533.668907,45.280056,1378,29.80,232.04,70.46,1.0000,0.362556,0.146786,249.51,334.10,0.9677,0.389863,0.696052
1786703533.696709,45.307858,1379,29.80,232.08,70.49,1.0000,0.362627,0.146855,249.49,334.16,0.9678,0.389827,0.696168
1786703533.735748,45.346897,1380,29.80,232.13,70.66,1.0000,0.362705,0.147212,249.50,334.12,0.9682,0.389849,0.696074
1786703533.764970,45.376118,1381,29.80,232.27,70.66,1.0000,0.362916,0.147216,249.52,334.01,0.9690,0.389872,0.695861
1786703533.800124,45.411273,1382,29.80,232.27,70.69,1.0000,0.362916,0.147264,249.51,334.01,0.9689,0.389862,0.695858
1786703533.831966,45.443115,1383,29.80,232.02,70.69,1.0000,0.362534,0.147266,249.42,334.22,0.9689,0.389713,0.696286
1786703533.860568,45.471716,1384,29.80,232.03,70.56,1.0000,0.362549,0.147000,249.40,334.28,0.9690,0.389692,0.696425
1786703533.898408,45.509557,1385,29.80,232.04,70.47,1.0000,0.362561,0.146802,249.38,334.29,0.9692,0.389661,0.696440
1786703533.932169,45.543318,1386,29.80,232.04,70.46,1.0000,0.362564,0.146798,249.38,334.20,0.9692,0.389657,0.696253
1786703533.975725,45.586874,1387,29.80,232.01,70.47,1.0000,0.362512,0.146802,249.42,334.16,0.9689,0.389722,0.696174
1786703533.999171,45.610320,1388,29.80,231.87,70.42,1.0000,0.362295,0.146706,249.39,334.32,0.9683,0.389668,0.696507
1786703534.035945,45.647094,1389,29.80,231.85,70.42,1.0000,0.362270,0.146707,249.41,334.30,0.9682,0.389698,0.696467
1786703534.067754,45.678903,1390,29.80,231.84,70.42,1.0000,0.362257,0.146713,249.47,334.27,0.9686,0.389790,0.696398
1786703534.108402,45.719551,1391,29.88,231.87,70.56,1.0000,0.362299,0.147000,249.51,334.30,0.9678,0.389857,0.696460
1786703534.135096,45.746245,1392,29.88,231.87,70.44,1.0000,0.362290,0.146754,249.53,334.31,0.9675,0.389886,0.696485
1786703534.163739,45.774888,1393,29.88,231.97,70.36,1.0000,0.362458,0.146580,249.54,334.01,0.9682,0.389905,0.695859
1786703534.201021,45.812170,1394,29.88,231.98,70.35,1.0000,0.362464,0.146553,249.54,334.02,0.9682,0.389908,0.695872
1786703534.230241,45.841390,1395,29.88,232.33,70.20,1.0000,0.363019,0.146252,249.57,334.09,0.9682,0.389957,0.696020
1786703534.264624,45.875773,1396,29.88,232.33,70.19,1.0000,0.363015,0.146223,249.54,334.05,0.9673,0.389913,0.695946
1786703534.301804,45.912953,1397,29.88,232.14,70.08,1.0000,0.362722,0.145992,249.55,333.80,0.9673,0.389927,0.695424
1786703534.338624,45.949773,1398,29.88,232.17,70.07,1.0000,0.362765,0.145989,249.47,333.88,0.9668,0.389803,0.695582
1786703534.370654,45.981802,1399,29.88,232.43,70.08,1.0000,0.363166,0.145992,249.49,333.89,0.9674,0.389820,0.695594
1786703534.402053,46.013202,1400,29.88,232.43,70.08,1.0000,0.363174,0.145993,249.49,333.89,0.9675,0.389825,0.695602
1786703534.434298,46.045447,1401,29.88,232.30,70.04,1.0000,0.362975,0.145916,249.48,333.99,0.9671,0.389810,0.695803
1786703534.469037,46.080186,1402,29.88,232.41,70.04,1.0000,0.363133,0.145921,249.48,333.97,0.9673,0.389818,0.695774
1786703534.490535,46.101683,1403,29.88,232.41,70.05,1.0000,0.363139,0.145940,249.50,333.96,0.9670,0.389838,0.695748
1786703534.534711,46.145860,1404,29.88,232.20,70.01,1.0000,0.362815,0.145863,249.52,333.91,0.9673,0.389873,0.695638
1786703534.560173,46.171322,1405,29.88,232.26,69.93,1.0000,0.362905,0.145697,249.54,333.77,0.9677,0.389913,0.695361
1786703534.598380,46.209529,1406,29.87,232.15,69.94,1.0000,0.362735,0.145709,249.53,333.78,0.9676,0.389888,0.695365
1786703534.644410,46.255559,1407,29.87,231.73,69.88,1.0000,0.362085,0.145581,249.48,333.89,0.9677,0.389820,0.695604
1786703534.670954,46.282102,1408,29.87,231.99,69.89,1.0000,0.362480,0.145601,249.54,333.76,0.9678,0.389903,0.695343
1786703534.704959,46.316108,1409,29.87,231.87,69.87,1.0000,0.362301,0.145572,249.52,333.82,0.9681,0.389879,0.695464
1786703534.731066,46.342215,1410,29.87,231.76,69.70,1.0000,0.362118,0.145212,249.52,333.94,0.9678,0.389878,0.695713
1786703534.768503,46.379652,1411,29.87,231.88,69.71,1.0000,0.362317,0.145220,249.47,334.11,0.9678,0.389791,0.696055
1786703534.808969,46.420117,1412,29.87,231.87,69.90,1.0000,0.362302,0.145629,249.46,334.13,0.9674,0.389777,0.696105
1786703534.829873,46.441022,1413,29.87,231.95,69.95,1.0000,0.362421,0.145731,249.47,334.09,0.9674,0.389802,0.696027
1786703534.869656,46.480805,1414,29.87,231.86,69.96,1.0000,0.362285,0.145759,249.48,334.24,0.9668,0.389817,0.696335
1786703534.885013,46.496161,1415,29.87,231.83,69.88,1.0000,0.362238,0.145579,249.53,334.22,0.9669,0.389886,0.696297
1786703534.933980,46.545129,1416,29.87,231.88,69.79,1.0000,0.362309,0.145398,249.59,334.22,0.9673,0.389987,0.696287
1786703534.980193,46.591342,1417,29.87,232.00,69.77,1.0000,0.362498,0.145359,249.51,334.19,0.9670,0.389852,0.696236
1786703534.995921,46.607070,1418,29.87,232.38,69.77,1.0000,0.363088,0.145348,249.54,334.13,0.9667,0.389899,0.696111
1786703535.047302,46.658451,1419,29.87,232.59,69.76,1.0000,0.363422,0.145334,249.63,334.11,0.9664,0.390054,0.696069
1786703535.060589,46.671738,1420,29.87,232.83,69.77,1.0000,0.363798,0.145357,249.61,334.12,0.9662,0.390014,0.696077
1786703535.115572,46.726721,1421,29.71,233.11,69.85,1.0000,0.364242,0.145524,249.71,333.98,0.9658,0.390169,0.695784
1786703535.142366,46.753515,1422,29.71,233.11,69.84,1.0000,0.364239,0.145495,249.60,334.00,0.9655,0.389993,0.695834
1786703535.179938,46.791087,1423,29.71,233.48,69.85,1.0000,0.364812,0.145525,249.59,333.90,0.9658,0.389991,0.695622
1786703535.206008,46.817157,1424,29.71,233.63,69.86,1.0000,0.365042,0.145536,249.58,334.01,0.9654,0.389973,0.695849
1786703535.250991,46.862139,1425,29.71,233.63,69.85,1.0000,0.365047,0.145529,249.51,334.17,0.9657,0.389857,0.696180
1786703535.266857,46.878006,1426,29.71,233.68,69.84,1.0000,0.365127,0.145493,249.52,334.26,0.9654,0.389878,0.696365
1786703535.301114,46.912263,1427,29.71,233.73,69.96,1.0000,0.365199,0.145756,249.51,334.40,0.9655,0.389852,0.696674
1786703535.333285,46.944434,1428,29.71,233.91,69.95,1.0000,0.365478,0.145722,249.49,334.35,0.9659,0.389827,0.696565
1786703535.364340,46.975489,1429,29.71,234.10,70.04,1.0000,0.365776,0.145916,249.48,334.59,0.9655,0.389805,0.697061
1786703535.401619,47.012768,1430,29.71,234.09,70.05,1.0000,0.365769,0.145932,249.41,334.66,0.9654,0.389706,0.697211
1786703535.440504,47.051653,1431,29.71,234.15,70.16,1.0000,0.365854,0.146171,249.41,334.65,0.9654,0.389705,0.697192
1786703535.474950,47.086098,1432,29.71,234.37,70.29,1.0000,0.366205,0.146438,249.40,334.79,0.9648,0.389692,0.697475
1786703535.490100,47.101249,1433,29.71,234.46,70.29,1.0000,0.366338,0.146437,249.41,334.62,0.9654,0.389702,0.697126
1786703535.540933,47.152082,1434,29.71,234.68,70.33,1.0000,0.366682,0.146518,249.41,334.59,0.9650,0.389707,0.697069
1786703535.569163,47.180312,1435,29.71,234.71,70.45,1.0000,0.366729,0.146775,249.38,334.58,0.9653,0.389655,0.697046
1786703535.582541,47.193690,1436,29.71,234.78,70.57,1.0000,0.366843,0.147011,249.46,334.56,0.9655,0.389787,0.696994
1786703535.627205,47.238354,1437,30.03,234.87,70.78,1.0000,0.366977,0.147457,249.47,334.59,0.9651,0.389802,0.697071
1786703535.667033,47.278182,1438,30.03,235.41,70.53,1.0000,0.367825,0.146943,249.60,334.06,0.9658,0.390008,0.695959
1786703535.698956,47.310104,1439,30.03,235.41,70.59,1.0000,0.367824,0.147062,249.60,334.19,0.9652,0.390004,0.696234
1786703535.738814,47.349963,1440,30.03,235.55,70.54,1.0000,0.368041,0.146965,249.60,334.20,0.9649,0.390002,0.696243
1786703535.776579,47.387727,1441,30.03,235.27,70.27,1.0000,0.367605,0.146399,249.58,334.22,0.9647,0.389975,0.696292
1786703535.789759,47.400908,1442,30.03,235.26,70.22,1.0000,0.367601,0.146287,249.58,334.18,0.9642,0.389969,0.696214
1786703535.828869,47.440017,1443,30.03,235.26,70.21,1.0000,0.367597,0.146276,249.60,334.22,0.9639,0.389992,0.696290
1786703535.869699,47.480848,1444,30.03,235.17,70.18,1.0000,0.367458,0.146208,249.61,334.07,0.9653,0.390008,0.695981
1786703535.914366,47.525515,1445,30.03,234.95,70.26,1.0000,0.367115,0.146382,249.68,334.21,0.9646,0.390119,0.696264
1786703535.933673,47.544822,1446,30.03,234.95,70.23,1.0000,0.367111,0.146315,249.69,334.12,0.9657,0.390137,0.696080
1786703535.964606,47.575755,1447,30.03,234.89,70.22,1.0000,0.367017,0.146298,249.71,334.15,0.9655,0.390165,0.696138
1786703536.014767,47.625916,1448,30.03,234.90,70.52,1.0000,0.367038,0.146918,249.70,334.16,0.9661,0.390161,0.696165
1786703536.030046,47.641195,1449,30.03,235.01,70.49,1.0000,0.367209,0.146855,249.75,333.69,0.9670,0.390232,0.695181
1786703536.065119,47.676267,1450,30.03,235.05,70.50,1.0000,0.367271,0.146866,249.75,333.67,0.9672,0.390231,0.695151
1786703536.094070,47.705219,1451,30.03,235.09,70.50,1.0000,0.367323,0.146867,249.74,333.78,0.9671,0.390212,0.695372
1786703536.131332,47.742481,1452,29.96,235.09,70.49,1.0000,0.367336,0.146848,249.80,333.46,0.9686,0.390305,0.694714
1786703536.160468,47.771617,1453,29.96,235.20,70.49,1.0000,0.367500,0.146847,249.78,333.47,0.9688,0.390284,0.694724
1786703536.210825,47.821974,1454,29.96,235.20,70.49,1.0000,0.367505,0.146862,249.77,333.58,0.9683,0.390273,0.694960
1786703536.235981,47.847130,1455,29.96,235.20,70.47,1.0000,0.367498,0.146808,249.76,333.58,0.9692,0.390247,0.694957
1786703536.281433,47.892581,1456,29.96,235.20,70.62,1.0000,0.367499,0.147135,249.77,333.68,0.9684,0.390268,0.695165
1786703536.303117,47.914266,1457,29.96,235.21,70.42,1.0000,0.367523,0.146710,249.77,333.76,0.9672,0.390269,0.695333
1786703536.331392,47.942541,1458,29.96,235.21,70.30,1.0000,0.367523,0.146464,249.75,333.69,0.9675,0.390240,0.695187
1786703536.363525,47.974674,1459,29.96,235.24,70.25,1.0000,0.367564,0.146350,249.82,333.55,0.9685,0.390350,0.694895
1786703536.403740,48.014889,1460,29.96,235.14,70.69,1.0000,0.367408,0.147273,249.80,333.71,0.9675,0.390309,0.695220
1786703536.427494,48.038643,1461,29.96,235.16,70.61,1.0000,0.367441,0.147106,249.77,333.72,0.9673,0.390260,0.695257
1786703536.482251,48.093400,1462,29.96,235.20,70.54,1.0000,0.367496,0.146960,249.77,333.70,0.9677,0.390270,0.695209
1786703536.496773,48.107922,1463,29.96,235.00,70.53,1.0000,0.367188,0.146928,249.76,333.79,0.9675,0.390257,0.695406
1786703536.527209,48.138357,1464,29.96,235.01,70.37,1.0000,0.367201,0.146595,249.69,333.80,0.9680,0.390138,0.695409
1786703536.564108,48.175257,1465,29.96,234.61,70.43,1.0000,0.366584,0.146720,249.75,333.81,0.9674,0.390229,0.695430
1786703536.598247,48.209395,1466,29.96,234.67,70.36,1.0000,0.366666,0.146581,249.56,333.81,0.9673,0.389945,0.695442
1786703536.638498,48.249647,1467,29.91,234.65,70.36,1.0000,0.366648,0.146576,249.60,333.98,0.9663,0.389994,0.695790
1786703536.666649,48.277798,1468,29.91,234.65,70.21,1.0000,0.366647,0.146279,249.53,333.99,0.9661,0.389894,0.695802
1786703536.696505,48.307654,1469,29.91,234.66,70.08,1.0000,0.366652,0.146010,249.68,333.95,0.9671,0.390125,0.695719
1786703536.744471,48.355620,1470,29.91,234.66,69.99,1.0000,0.366651,0.145813,249.68,333.95,0.9670,0.390125,0.695734
1786703536.773090,48.384239,1471,29.91,234.62,69.93,1.0000,0.366599,0.145696,249.68,334.01,0.9664,0.390132,0.695857
1786703536.788455,48.399604,1472,29.91,234.56,69.93,1.0000,0.366505,0.145679,249.67,334.14,0.9657,0.390111,0.696118
1786703536.840333,48.451482,1473,29.91,234.52,69.94,1.0000,0.366434,0.145705,249.76,334.08,0.9655,0.390246,0.696004
1786703536.864827,48.475976,1474,29.91,234.51,69.91,1.0000,0.366425,0.145649,249.76,333.96,0.9663,0.390253,0.695747
1786703536.899098,48.510247,1475,29.91,234.17,70.03,1.0000,0.365890,0.145899,249.72,334.07,0.9660,0.390187,0.695981
1786703536.931258,48.542407,1476,29.91,234.16,70.01,1.0000,0.365877,0.145849,249.72,334.16,0.9655,0.390188,0.696176
1786703536.968945,48.580094,1477,29.91,233.89,69.99,1.0000,0.365454,0.145821,249.79,334.09,0.9650,0.390294,0.696016
1786703537.008778,48.619926,1478,29.91,233.89,69.99,1.0000,0.365447,0.145812,249.80,334.11,0.9644,0.390313,0.696062
1786703537.042898,48.654047,1479,29.91,233.87,69.99,1.0000,0.365424,0.145808,249.74,334.15,0.9650,0.390220,0.696135
1786703537.076819,48.687968,1480,29.91,233.72,69.99,1.0000,0.365184,0.145803,249.69,334.31,0.9646,0.390141,0.696485
1786703537.090312,48.701461,1481,29.91,233.58,69.89,1.0000,0.364974,0.145601,249.69,334.20,0.9650,0.390144,0.696260
1786703537.143074,48.754223,1482,29.85,233.16,69.86,1.0000,0.364311,0.145536,249.69,333.77,0.9660,0.390146,0.695352
1786703537.162512,48.773661,1483,29.85,232.86,69.88,1.0000,0.363845,0.145588,249.68,333.80,0.9667,0.390119,0.695422
1786703537.212112,48.823261,1484,29.85,232.87,69.88,1.0000,0.363861,0.145582,249.61,333.82,0.9670,0.390016,0.695450
1786703537.240386,48.851535,1485,29.85,232.84,69.89,1.0000,0.363807,0.145598,249.62,333.89,0.9673,0.390039,0.695612
1786703537.282918,48.894067,1486,29.85,232.81,70.05,1.0000,0.363766,0.145935,249.65,333.91,0.9659,0.390073,0.695655
1786703537.295919,48.907068,1487,29.85,232.80,70.12,1.0000,0.363756,0.146079,249.64,333.81,0.9661,0.390066,0.695447
1786703537.338261,48.949409,1488,29.85,232.80,70.13,1.0000,0.363757,0.146110,249.68,333.83,0.9667,0.390122,0.695472
1786703537.381332,48.992481,1489,29.85,233.02,70.13,1.0000,0.364099,0.146114,249.62,334.15,0.9657,0.390024,0.696142
1786703537.395079,49.006228,1490,29.85,233.12,70.13,1.0000,0.364254,0.146096,249.62,334.16,0.9657,0.390027,0.696161
1786703537.434155,49.045304,1491,29.85,233.13,70.12,1.0000,0.364261,0.146089,249.63,334.12,0.9642,0.390051,0.696091
1786703537.511126,49.122275,1492,29.85,233.16,70.30,1.0000,0.364313,0.146454,249.65,334.11,0.9642,0.390072,0.696072
1786703537.521505,49.132654,1493,29.85,233.16,70.33,1.0000,0.364315,0.146518,249.63,334.10,0.9637,0.390047,0.696046
1786703537.548429,49.159577,1494,29.85,233.17,70.32,1.0000,0.364326,0.146490,249.59,334.19,0.9635,0.389989,0.696221
1786703537.563271,49.174420,1495,29.85,233.07,70.37,1.0000,0.364174,0.146608,249.58,334.19,0.9642,0.389976,0.696221
1786703537.602049,49.213198,1496,29.85,233.07,70.38,1.0000,0.364172,0.146615,249.45,334.44,0.9637,0.389762,0.696753
1786703537.633861,49.245010,1497,29.85,233.07,70.38,1.0000,0.364174,0.146623,249.44,334.39,0.9637,0.389745,0.696654
1786703537.667820,49.278969,1498,29.98,232.95,70.21,1.0000,0.363989,0.146262,249.39,334.42,0.9634,0.389676,0.696703
1786703537.699539,49.310688,1499,29.98,232.91,70.33,1.0000,0.363920,0.146523,249.38,334.44,0.9638,0.389655,0.696744
1786703537.744822,49.355971,1500,29.98,232.92,70.47,1.0000,0.363939,0.146805,249.43,334.41,0.9637,0.389740,0.696693
1786703537.775619,49.386768,1501,29.98,232.95,70.47,1.0000,0.363991,0.146815,249.39,334.51,0.9636,0.389669,0.696897
1786703537.788663,49.399812,1502,29.98,232.99,70.45,1.0000,0.364042,0.146760,249.40,334.19,0.9643,0.389680,0.696226
1786703537.842577,49.453726,1503,29.98,233.00,70.44,1.0000,0.364059,0.146759,249.41,334.02,0.9652,0.389707,0.695880
1786703537.873839,49.484988,1504,29.98,233.00,70.48,1.0000,0.364069,0.146830,249.39,334.06,0.9645,0.389666,0.695968
1786703537.917467,49.528616,1505,29.98,232.99,70.83,1.0000,0.364046,0.147556,249.41,334.06,0.9651,0.389696,0.695949
1786703537.932203,49.543352,1506,29.98,232.94,70.83,1.0000,0.363966,0.147559,249.42,333.98,0.9649,0.389715,0.695797
1786703537.974738,49.585887,1507,29.98,232.91,70.72,1.0000,0.363927,0.147332,249.42,334.03,0.9648,0.389713,0.695896
1786703538.012972,49.624121,1508,29.98,233.04,70.57,1.0000,0.364119,0.147013,249.38,334.02,0.9645,0.389660,0.695881
1786703538.028362,49.639511,1509,29.98,232.98,70.55,1.0000,0.364025,0.146977,249.41,334.03,0.9652,0.389699,0.695890
1786703538.072824,49.683973,1510,29.98,232.97,70.56,1.0000,0.364021,0.146990,249.40,334.15,0.9647,0.389684,0.696142
1786703538.107765,49.718914,1511,29.98,232.99,70.45,1.0000,0.364044,0.146775,249.39,334.11,0.9650,0.389667,0.696061
1786703538.123647,49.734796,1512,29.98,233.04,70.24,1.0000,0.364126,0.146335,249.44,334.10,0.9657,0.389757,0.696045
1786703538.172493,49.783642,1513,29.98,233.04,70.21,1.0000,0.364122,0.146280,249.46,334.10,0.9661,0.389787,0.696048
1786703538.197486,49.808635,1514,29.98,233.10,70.26,1.0000,0.364214,0.146368,249.43,334.09,0.9659,0.389734,0.696018
1786703538.241118,49.852267,1515,29.98,232.93,70.32,1.0000,0.363960,0.146499,249.48,334.08,0.9654,0.389810,0.696000
1786703538.272244,49.883393,1516,29.98,233.04,70.29,1.0000,0.364121,0.146448,249.47,334.07,0.9656,0.389797,0.695982
1786703538.283288,49.894437,1517,29.98,233.07,70.36,1.0000,0.364173,0.146580,249.46,334.15,0.9656,0.389789,0.696151
1786703538.335983,49.947131,1518,29.98,233.11,70.31,1.0000,0.364235,0.146483,249.44,334.24,0.9655,0.389752,0.696326
1786703538.370165,49.981314,1519,29.98,232.98,70.29,1.0000,0.364038,0.146439,249.43,334.31,0.9657,0.389738,0.696490
1786703538.415891,50.027040,1520,29.98,233.16,70.19,1.0000,0.364314,0.146238,249.36,334.45,0.9654,0.389629,0.696764
1786703538.434985,50.046134,1521,29.98,233.16,70.12,1.0000,0.364314,0.146076,249.36,334.44,0.9651,0.389622,0.696744
1786703538.471981,50.083130,1522,29.98,233.18,70.10,1.0000,0.364349,0.146038,249.35,334.43,0.9650,0.389614,0.696730
1786703538.502623,50.113771,1523,29.98,233.19,70.06,1.0000,0.364355,0.145958,249.35,334.43,0.9651,0.389612,0.696724
1786703538.539873,50.151022,1524,29.98,233.19,70.03,1.0000,0.364366,0.145893,249.35,334.60,0.9644,0.389606,0.697093
1786703538.582718,50.193867,1525,29.98,233.19,70.02,1.0000,0.364363,0.145869,249.53,334.32,0.9649,0.389886,0.696491
1786703538.600492,50.211641,1526,29.98,233.19,70.04,1.0000,0.364364,0.145925,249.56,334.27,0.9653,0.389932,0.696404
1786703538.640799,50.251947,1527,29.98,233.20,70.05,1.0000,0.364373,0.145935,249.55,334.45,0.9648,0.389926,0.696781
1786703538.667163,50.278312,1528,29.98,233.20,70.04,1.0000,0.364375,0.145924,249.59,334.23,0.9658,0.389989,0.696306
1786703538.701620,50.312769,1529,29.98,232.96,70.05,1.0000,0.364007,0.145942,249.59,334.27,0.9659,0.389977,0.696392
1786703538.730717,50.341866,1530,29.98,233.12,70.16,1.0000,0.364243,0.146161,249.55,334.29,0.9660,0.389929,0.696441
1786703538.768141,50.379290,1531,29.98,232.77,70.11,1.0000,0.363708,0.146061,249.64,334.06,0.9665,0.390068,0.695959
1786703538.811270,50.422419,1532,29.98,232.92,70.11,1.0000,0.363932,0.146063,249.65,334.13,0.9660,0.390081,0.696101
1786703538.857018,50.468167,1533,29.98,233.34,70.18,1.0000,0.364589,0.146214,249.63,334.16,0.9659,0.390053,0.696165
1786703538.887784,50.498933,1534,29.98,233.24,70.19,1.0000,0.364441,0.146229,249.56,334.16,0.9656,0.389945,0.696170
1786703538.890507,50.501656,1535,29.98,233.32,70.14,1.0000,0.364563,0.146134,249.53,334.16,0.9657,0.389888,0.696173
1786703538.951881,50.563030,1536,29.98,233.77,70.18,1.0000,0.365261,0.146203,249.52,334.24,0.9661,0.389879,0.696331
1786703538.967530,50.578679,1537,29.98,233.84,70.18,1.0000,0.365369,0.146205,249.53,334.34,0.9660,0.389885,0.696548
1786703539.010025,50.621174,1538,29.98,234.11,70.17,1.0000,0.365792,0.146198,249.52,334.35,0.9663,0.389878,0.696552
1786703539.040603,50.651752,1539,29.98,234.18,70.24,1.0000,0.365900,0.146332,249.52,334.35,0.9661,0.389879,0.696556
1786703539.062472,50.673621,1540,29.98,234.19,70.27,1.0000,0.365915,0.146398,249.55,334.34,0.9662,0.389917,0.696546
1786703539.104816,50.715965,1541,29.98,234.25,70.27,1.0000,0.366012,0.146393,249.53,334.37,0.9656,0.389893,0.696604
1786703539.143091,50.754240,1542,29.98,234.23,70.43,1.0000,0.365986,0.146721,249.51,334.40,0.9652,0.389866,0.696676
1786703539.174665,50.785814,1543,29.98,234.23,70.49,1.0000,0.365985,0.146848,249.59,334.43,0.9653,0.389985,0.696719
1786703539.206107,50.817256,1544,29.92,234.27,70.49,1.0000,0.366041,0.146852,249.62,334.43,0.9647,0.390035,0.696725
1786703539.237682,50.848831,1545,29.92,234.53,70.57,1.0000,0.366460,0.147025,249.62,334.44,0.9649,0.390035,0.696743
1786703539.269277,50.880426,1546,29.92,234.93,70.57,1.0000,0.367071,0.147029,249.64,334.44,0.9639,0.390064,0.696743
1786703539.284554,50.895703,1547,29.92,234.92,70.61,1.0000,0.367067,0.147114,249.56,334.61,0.9630,0.389939,0.697106
1786703539.339608,50.950757,1548,29.92,234.92,70.45,1.0000,0.367061,0.146768,249.55,334.61,0.9630,0.389923,0.697112
1786703539.379636,50.990785,1549,29.92,235.16,70.53,1.0000,0.367441,0.146935,249.37,334.59,0.9627,0.389639,0.697064
1786703539.412101,51.023250,1550,29.92,235.68,70.60,1.0000,0.368253,0.147089,249.41,334.54,0.9634,0.389697,0.696956
1786703539.434214,51.045362,1551,29.92,235.46,70.59,1.0000,0.367905,0.147065,249.49,334.50,0.9636,0.389832,0.696865
1786703539.479633,51.090782,1552,29.92,235.89,70.59,1.0000,0.368572,0.147072,249.46,334.50,0.9636,0.389781,0.696876
1786703539.513796,51.124945,1553,29.92,235.93,70.65,1.0000,0.368633,0.147188,249.41,334.54,0.9634,0.389699,0.696951
1786703539.531023,51.142172,1554,29.92,235.92,70.78,1.0000,0.368633,0.147461,249.41,334.43,0.9642,0.389701,0.696722
1786703539.571768,51.182917,1555,29.92,236.03,70.96,1.0000,0.368803,0.147829,249.45,334.41,0.9638,0.389773,0.696697
1786703539.606684,51.217833,1556,29.92,236.23,70.96,1.0000,0.369115,0.147826,249.47,334.40,0.9642,0.389792,0.696675
1786703539.628234,51.239383,1557,29.92,236.24,70.79,1.0000,0.369131,0.147471,249.52,334.43,0.9641,0.389871,0.696733
1786703539.660627,51.271776,1558,29.92,236.11,70.81,1.0000,0.368926,0.147529,249.55,334.43,0.9644,0.389929,0.696733
1786703539.710242,51.321391,1559,29.92,236.08,70.77,1.0000,0.368881,0.147444,249.53,334.48,0.9647,0.389894,0.696837
1786703539.733471,51.344620,1560,30.01,236.27,70.78,1.0000,0.369174,0.147459,249.53,334.45,0.9642,0.389891,0.696769
1786703539.776295,51.387444,1561,30.01,236.33,70.75,1.0000,0.369272,0.147392,249.53,334.42,0.9636,0.389892,0.696706
1786703539.803913,51.415061,1562,30.01,236.37,70.79,1.0000,0.369321,0.147474,249.56,334.51,0.9632,0.389940,0.696892
1786703539.839190,51.450338,1563,30.01,236.43,70.83,1.0000,0.369423,0.147564,249.58,334.47,0.9633,0.389974,0.696809
1786703539.865963,51.477111,1564,30.01,236.48,70.85,1.0000,0.369504,0.147595,249.57,334.50,0.9634,0.389948,0.696882
1786703539.898433,51.509582,1565,30.01,236.42,70.80,1.0000,0.369410,0.147503,249.54,334.51,0.9636,0.389908,0.696892
1786703539.932669,51.543818,1566,30.01,236.37,70.94,1.0000,0.369325,0.147802,249.45,334.51,0.9640,0.389764,0.696890
1786703539.967923,51.579072,1567,30.01,236.37,70.93,1.0000,0.369322,0.147764,249.45,334.56,0.9637,0.389759,0.696997
1786703540.014374,51.625523,1568,30.01,236.38,71.07,1.0000,0.369347,0.148059,249.40,334.54,0.9644,0.389685,0.696950
1786703540.061444,51.672592,1569,30.01,236.41,71.08,1.0000,0.369384,0.148075,249.42,334.59,0.9642,0.389720,0.697062
1786703540.077206,51.688355,1570,30.01,236.62,71.08,1.0000,0.369714,0.148084,249.41,334.68,0.9637,0.389704,0.697259
1786703540.112226,51.723375,1571,30.01,236.65,71.16,1.0000,0.369766,0.148259,249.41,334.78,0.9629,0.389703,0.697459
1786703540.141950,51.753098,1572,30.01,236.68,71.26,1.0000,0.369818,0.148455,249.36,334.78,0.9626,0.389632,0.697462
1786703540.163414,51.774563,1573,30.01,236.73,71.26,1.0000,0.369887,0.148459,249.36,334.58,0.9633,0.389626,0.697037
1786703540.199957,51.811105,1574,30.01,236.66,71.37,1.0000,0.369776,0.148680,249.39,334.58,0.9630,0.389678,0.697034
1786703540.236812,51.847960,1575,30.01,236.44,71.40,1.0000,0.369430,0.148757,249.40,334.58,0.9628,0.389680,0.697031
1786703540.273783,51.884932,1576,29.95,236.17,71.38,1.0000,0.369020,0.148705,249.38,334.56,0.9619,0.389654,0.697003
1786703540.313812,51.924961,1577,29.95,236.20,71.40,1.0000,0.369060,0.148759,249.33,334.57,0.9619,0.389584,0.697029
1786703540.332335,51.943484,1578,29.95,236.20,71.38,1.0000,0.369063,0.148716,249.34,334.54,0.9622,0.389594,0.696966
1786703540.366920,51.978069,1579,29.95,236.23,71.38,1.0000,0.369114,0.148701,249.36,334.52,0.9620,0.389631,0.696912
1786703540.404592,52.015740,1580,29.95,236.18,71.26,1.0000,0.369038,0.148469,249.37,334.45,0.9622,0.389638,0.696763
1786703540.442027,52.053176,1581,29.95,236.27,71.13,1.0000,0.369179,0.148182,249.43,334.44,0.9622,0.389738,0.696743
1786703540.465586,52.076735,1582,29.95,236.28,71.05,1.0000,0.369187,0.148023,249.44,334.43,0.9617,0.389743,0.696720
1786703540.498458,52.109607,1583,29.95,236.29,71.03,1.0000,0.369205,0.147984,249.39,334.52,0.9624,0.389668,0.696911
1786703540.534019,52.145168,1584,29.95,236.33,71.01,1.0000,0.369271,0.147928,249.38,334.67,0.9630,0.389650,0.697223
1786703540.573700,52.184849,1585,29.95,236.04,70.88,1.0000,0.368809,0.147659,249.41,334.60,0.9637,0.389699,0.697081
1786703540.617557,52.228705,1586,29.95,236.04,70.80,1.0000,0.368808,0.147496,249.40,334.70,0.9645,0.389691,0.697287
1786703540.632598,52.243747,1587,29.95,235.89,70.78,1.0000,0.368585,0.147466,249.38,334.60,0.9652,0.389659,0.697084
1786703540.675873,52.287022,1588,29.95,236.20,70.78,1.0000,0.369058,0.147462,249.29,334.57,0.9654,0.389513,0.697014
1786703540.713345,52.324494,1589,29.95,236.60,70.81,1.0000,0.369691,0.147529,249.34,334.55,0.9660,0.389589,0.696981
1786703540.727942,52.339091,1590,29.95,236.72,70.84,1.0000,0.369877,0.147588,249.32,334.59,0.9655,0.389564,0.697057
1786703540.779107,52.390256,1591,29.91,236.20,70.84,1.0000,0.369069,0.147584,249.32,334.52,0.9659,0.389567,0.696916
1786703540.824359,52.435508,1592,29.91,236.21,70.81,1.0000,0.369072,0.147516,249.32,334.67,0.9661,0.389556,0.697223
1786703540.841198,52.452347,1593,29.91,235.99,70.87,1.0000,0.368734,0.147639,249.34,334.54,0.9664,0.389591,0.696958
1786703540.886330,52.497479,1594,29.91,235.71,70.93,1.0000,0.368300,0.147771,249.34,334.59,0.9661,0.389592,0.697054
1786703540.902132,52.513281,1595,29.91,235.69,70.96,1.0000,0.368273,0.147838,249.33,334.59,0.9659,0.389581,0.697057
1786703540.920010,52.531159,1596,29.91,235.60,70.96,1.0000,0.368121,0.147837,249.41,334.45,0.9659,0.389710,0.696764
1786703540.984305,52.595454,1597,29.91,235.23,71.03,1.0000,0.367548,0.147984,249.43,334.48,0.9659,0.389741,0.696829
1786703540.999044,52.610193,1598,29.91,235.23,71.04,1.0000,0.367550,0.147994,249.46,334.21,0.9657,0.389788,0.696268
1786703541.050601,52.661750,1599,29.91,234.96,71.04,1.0000,0.367130,0.147990,249.48,334.22,0.9661,0.389818,0.696284
1786703541.077822,52.688971,1600,29.91,234.82,71.03,1.0000,0.366913,0.147987,249.48,334.26,0.9656,0.389818,0.696370
1786703541.096341,52.707490,1601,29.91,234.89,71.08,1.0000,0.367016,0.148086,249.51,334.25,0.9659,0.389856,0.696345
1786703541.132481,52.743630,1602,29.91,234.93,71.12,1.0000,0.367083,0.148158,249.50,334.33,0.9655,0.389839,0.696527
1786703541.167346,52.778495,1603,29.91,234.94,71.12,1.0000,0.367087,0.148158,249.52,334.35,0.9652,0.389869,0.696554
1786703541.210276,52.821424,1604,29.91,234.90,71.07,1.0000,0.367033,0.148069,249.51,334.43,0.9650,0.389861,0.696721
1786703541.237071,52.848220,1605,29.91,234.89,71.09,1.0000,0.367018,0.148114,249.53,334.47,0.9645,0.389886,0.696812
1786703541.252493,52.863642,1606,29.91,234.84,71.09,1.0000,0.366940,0.148114,249.54,334.50,0.9648,0.389904,0.696868
1786703541.331808,52.942957,1607,29.73,234.80,71.10,1.0000,0.366874,0.148122,249.59,334.50,0.9651,0.389982,0.696877
1786703541.347708,52.958856,1608,29.73,234.74,71.10,1.0000,0.366784,0.148118,249.60,334.49,0.9656,0.390001,0.696851
1786703541.367946,52.979095,1609,29.73,234.66,71.09,1.0000,0.366650,0.148106,249.62,334.44,0.9662,0.390032,0.696746
1786703541.400410,53.011559,1610,29.73,234.43,70.98,1.0000,0.366291,0.147882,249.56,334.51,0.9667,0.389941,0.696887
1786703541.426613,53.037762,1611,29.73,234.31,70.96,1.0000,0.366116,0.147826,249.55,334.48,0.9671,0.389925,0.696825
1786703541.469422,53.080571,1612,29.73,234.27,70.86,1.0000,0.366044,0.147631,249.56,334.52,0.9677,0.389939,0.696916
1786703541.505927,53.117076,1613,29.73,234.22,70.79,1.0000,0.365963,0.147488,249.53,334.62,0.9675,0.389885,0.697134
1786703541.526426,53.137575,1614,29.73,234.23,70.75,1.0000,0.365981,0.147388,249.52,334.55,0.9676,0.389872,0.696981
1786703541.567071,53.178220,1615,29.73,233.68,70.70,1.0000,0.365119,0.147291,249.53,334.51,0.9678,0.389898,0.696891
1786703541.599456,53.210605,1616,29.73,233.57,70.44,1.0000,0.364947,0.146741,249.53,334.40,0.9686,0.389898,0.696661
1786703541.629263,53.240412,1617,29.73,233.53,70.03,1.0000,0.364894,0.145899,249.60,334.32,0.9693,0.390000,0.696492
1786703541.665982,53.277131,1618,29.73,233.46,69.98,1.0000,0.364788,0.145799,249.35,334.38,0.9692,0.389605,0.696624
1786703541.698519,53.309668,1619,29.73,233.46,69.98,1.0000,0.364785,0.145799,249.35,334.36,0.9695,0.389611,0.696580
1786703541.729631,53.340780,1620,29.73,233.34,69.86,1.0000,0.364589,0.145550,249.37,334.26,0.9696,0.389634,0.696366
1786703541.777348,53.388496,1621,29.73,233.39,69.90,1.0000,0.364674,0.145625,249.44,334.23,0.9702,0.389748,0.696315
1786703541.792991,53.404140,1622,29.73,233.39,69.91,1.0000,0.364676,0.145640,249.44,334.19,0.9706,0.389750,0.696224
1786703541.841363,53.452512,1623,30.04,233.37,69.94,1.0000,0.364644,0.145719,249.50,334.22,0.9711,0.389850,0.696289
1786703541.878683,53.489832,1624,30.04,233.22,69.97,1.0000,0.364413,0.145769,249.52,334.28,0.9716,0.389875,0.696424
1786703541.891421,53.502569,1625,30.04,233.33,69.97,1.0000,0.364581,0.145771,249.50,334.27,0.9718,0.389843,0.696403
1786703541.940903,53.552052,1626,30.04,233.34,69.97,1.0000,0.364590,0.145775,249.50,334.15,0.9714,0.389840,0.696146
1786703541.969396,53.580545,1627,30.04,233.27,69.98,1.0000,0.364491,0.145789,249.49,334.19,0.9711,0.389823,0.696222
1786703542.053118,53.664267,1628,30.04,233.28,69.99,1.0000,0.364500,0.145821,249.55,334.13,0.9713,0.389917,0.696103
1786703542.065269,53.676418,1629,30.04,233.29,70.08,1.0000,0.364509,0.145999,249.55,334.18,0.9705,0.389919,0.696207
1786703542.083322,53.694470,1630,30.04,233.24,70.09,1.0000,0.364440,0.146027,249.54,334.18,0.9703,0.389907,0.696207
1786703542.096854,53.708003,1631,30.04,233.11,70.11,1.0000,0.364228,0.146071,249.53,334.21,0.9696,0.389894,0.696275
1786703542.133725,53.744874,1632,30.04,232.91,70.35,1.0000,0.363925,0.146558,249.51,334.31,0.9691,0.389863,0.696484
1786703542.167964,53.779113,1633,30.04,232.85,70.37,1.0000,0.363822,0.146597,249.52,334.29,0.9686,0.389870,0.696437
1786703542.199963,53.811112,1634,30.04,232.81,70.24,1.0000,0.363773,0.146338,249.50,334.30,0.9683,0.389842,0.696468
1786703542.238926,53.850075,1635,30.04,232.32,70.25,1.0000,0.362998,0.146349,249.37,334.42,0.9686,0.389642,0.696700
1786703542.275655,53.886804,1636,30.04,232.16,70.18,1.0000,0.362754,0.146202,249.49,334.06,0.9686,0.389835,0.695950
1786703542.302100,53.913249,1637,30.04,232.06,70.17,1.0000,0.362587,0.146194,249.40,334.31,0.9686,0.389694,0.696488
1786703542.336214,53.947363,1638,30.04,231.88,70.33,1.0000,0.362318,0.146522,249.43,334.16,0.9686,0.389733,0.696165
1786703542.381320,53.992469,1639,29.93,231.61,70.33,1.0000,0.361895,0.146513,249.43,334.24,0.9685,0.389739,0.696330
1786703542.397036,54.008185,1640,29.93,231.74,70.30,1.0000,0.362092,0.146462,249.52,334.18,0.9693,0.389882,0.696199
1786703542.431667,54.042816,1641,29.93,231.59,70.31,1.0000,0.361864,0.146483,249.53,334.21,0.9696,0.389890,0.696275
1786703542.477268,54.088417,1642,29.93,231.59,70.37,1.0000,0.361860,0.146601,249.55,333.80,0.9697,0.389926,0.695420
1786703542.511997,54.123145,1643,29.93,231.56,70.37,1.0000,0.361809,0.146608,249.58,333.79,0.9702,0.389963,0.695403
1786703542.522619,54.133768,1644,29.93,231.56,70.35,1.0000,0.361815,0.146566,249.57,333.69,0.9706,0.389947,0.695179
1786703542.573514,54.184662,1645,29.93,231.71,70.23,1.0000,0.362053,0.146317,249.62,333.70,0.9716,0.390027,0.695218
1786703542.657259,54.268408,1647,29.93,231.73,70.48,1.0000,0.362080,0.146836,249.56,333.85,0.9715,0.389938,0.695511
1786703542.673182,54.284330,1648,29.93,231.71,70.41,1.0000,0.362050,0.146684,249.54,333.84,0.9719,0.389904,0.695509
1786703542.712390,54.323539,1649,29.93,231.70,70.44,1.0000,0.362036,0.146745,249.54,333.84,0.9720,0.389903,0.695506
1786703542.731374,54.342523,1650,29.93,231.71,70.32,1.0000,0.362042,0.146502,249.55,333.86,0.9722,0.389918,0.695546
1786703542.777503,54.388652,1651,29.93,231.74,70.32,1.0000,0.362090,0.146504,249.53,334.23,0.9715,0.389888,0.696313
1786703542.803287,54.414435,1652,29.93,231.73,70.19,1.0000,0.362080,0.146231,249.55,334.19,0.9721,0.389914,0.696234
1786703542.848516,54.459665,1653,29.93,231.72,70.20,1.0000,0.362066,0.146256,249.56,334.12,0.9719,0.389939,0.696078
1786703542.859169,54.470318,1654,29.93,231.71,70.11,1.0000,0.362049,0.146069,249.60,334.10,0.9723,0.389994,0.696039
1786703542.907190,54.518338,1655,29.69,231.70,70.08,1.0000,0.362025,0.146002,249.66,333.83,0.9724,0.390089,0.695474
1786703542.934839,54.545987,1656,29.69,231.70,70.05,1.0000,0.362033,0.145935,249.65,333.84,0.9725,0.390083,0.695491
1786703542.970487,54.581636,1657,29.69,231.72,69.94,1.0000,0.362056,0.145711,249.68,333.82,0.9720,0.390119,0.695460
1786703543.002373,54.613522,1658,29.69,231.71,69.69,1.0000,0.362042,0.145185,249.60,334.09,0.9720,0.389997,0.696018
1786703543.042412,54.653561,1659,29.69,231.57,69.69,1.0000,0.361834,0.145186,249.72,334.07,0.9722,0.390185,0.695979
1786703543.079074,54.690223,1660,29.69,231.68,69.66,1.0000,0.361993,0.145132,249.75,334.07,0.9731,0.390239,0.695987
1786703543.113971,54.725120,1661,29.69,231.50,69.67,1.0000,0.361723,0.145137,249.75,334.00,0.9732,0.390239,0.695835
1786703543.145702,54.756851,1662,29.69,231.49,69.57,1.0000,0.361698,0.144929,249.75,333.97,0.9733,0.390233,0.695763
1786703543.177690,54.788838,1663,29.69,231.67,69.61,1.0000,0.361978,0.145029,249.75,333.95,0.9729,0.390230,0.695719
1786703543.225641,54.836790,1664,29.69,231.68,69.82,1.0000,0.362000,0.145462,249.66,334.23,0.9721,0.390088,0.696315
1786703543.257055,54.868204,1665,29.69,231.73,69.82,1.0000,0.362082,0.145449,249.66,334.14,0.9723,0.390090,0.696118
1786703543.259862,54.871011,1666,29.69,231.85,69.81,1.0000,0.362265,0.145443,249.64,334.13,0.9720,0.390064,0.696112
1786703543.307448,54.918597,1667,29.69,231.90,69.83,1.0000,0.362342,0.145487,249.66,334.13,0.9719,0.390094,0.696110
1786703543.353387,54.964535,1668,29.69,232.05,69.84,1.0000,0.362580,0.145503,249.65,334.29,0.9713,0.390072,0.696436
1786703543.385099,54.996248,1669,29.69,232.09,69.84,1.0000,0.362643,0.145504,249.57,334.36,0.9711,0.389956,0.696586
1786703543.405977,55.017126,1670,29.74,232.11,69.84,1.0000,0.362670,0.145506,249.61,334.23,0.9713,0.390008,0.696302
1786703543.432557,55.043705,1671,29.74,232.21,69.84,1.0000,0.362827,0.145507,249.69,333.83,0.9709,0.390138,0.695470
1786703543.466587,55.077736,1672,29.74,232.24,69.84,1.0000,0.362871,0.145509,249.72,333.82,0.9708,0.390195,0.695465
1786703543.498272,55.109421,1673,29.74,232.30,69.85,1.0000,0.362961,0.145515,249.66,334.15,0.9696,0.390088,0.696156
1786703543.530362,55.141510,1674,29.74,232.52,69.85,1.0000,0.363305,0.145516,249.68,334.02,0.9700,0.390132,0.695884
1786703543.575563,55.186712,1675,29.74,232.66,69.79,1.0000,0.363535,0.145397,249.66,334.12,0.9694,0.390095,0.696076
1786703543.607228,55.218377,1676,29.74,232.69,69.75,1.0000,0.363580,0.145319,249.65,334.17,0.9691,0.390084,0.696185
1786703543.654584,55.265733,1677,29.74,232.51,69.76,1.0000,0.363301,0.145339,249.64,334.14,0.9689,0.390062,0.696116
1786703543.686862,55.298011,1678,29.74,232.61,69.68,1.0000,0.363453,0.145175,249.55,334.46,0.9680,0.389916,0.696788
1786703543.704584,55.315732,1679,29.74,232.79,69.73,1.0000,0.363739,0.145280,249.55,334.30,0.9687,0.389921,0.696448
1786703543.741846,55.352995,1680,29.74,232.83,69.74,1.0000,0.363791,0.145299,249.57,334.25,0.9689,0.389946,0.696347
1786703543.766093,55.377242,1681,29.74,233.05,69.79,1.0000,0.364147,0.145405,249.50,334.35,0.9685,0.389843,0.696563
1786703543.813947,55.425096,1682,29.74,233.06,69.78,1.0000,0.364158,0.145382,249.53,334.42,0.9681,0.389884,0.696710
1786703543.829808,55.440957,1683,29.74,233.15,69.92,1.0000,0.364297,0.145667,249.51,334.42,0.9680,0.389858,0.696705
1786703543.888638,55.499787,1684,29.74,233.30,70.04,1.0000,0.364531,0.145921,249.49,334.44,0.9680,0.389825,0.696746
1786703543.906043,55.517192,1685,29.74,233.23,70.02,1.0000,0.364428,0.145876,249.53,334.39,0.9684,0.389885,0.696648
1786703543.935306,55.546455,1686,29.89,233.27,70.02,1.0000,0.364481,0.145872,249.49,334.31,0.9676,0.389824,0.696474
1786703543.970348,55.581497,1687,29.89,233.60,70.04,1.0000,0.364994,0.145926,249.51,334.15,0.9671,0.389856,0.696154
1786703544.011543,55.622692,1688,29.89,234.31,70.08,1.0000,0.366102,0.145993,249.56,333.84,0.9672,0.389941,0.695493
1786703544.047776,55.658925,1689,29.89,234.57,70.06,1.0000,0.366508,0.145965,249.44,333.91,0.9673,0.389745,0.695643
1786703544.068535,55.679684,1690,29.89,234.71,70.12,1.0000,0.366734,0.146077,249.43,333.85,0.9669,0.389734,0.695518
1786703544.111941,55.723090,1691,29.89,234.75,70.12,1.0000,0.366794,0.146082,249.43,334.26,0.9662,0.389729,0.696376
1786703544.134782,55.745931,1692,29.89,234.97,70.12,1.0000,0.367146,0.146081,249.42,334.30,0.9662,0.389725,0.696465
1786703544.166905,55.778054,1693,29.89,234.97,70.12,1.0000,0.367141,0.146089,249.43,334.69,0.9646,0.389742,0.697274
1786703544.201730,55.812879,1694,29.89,234.97,70.08,1.0000,0.367134,0.146009,249.46,334.72,0.9649,0.389774,0.697331
1786703544.243914,55.855063,1695,29.89,235.14,70.07,1.0000,0.367411,0.145979,249.46,334.67,0.9651,0.389783,0.697224
1786703544.276061,55.887210,1696,29.89,235.14,70.12,1.0000,0.367407,0.146083,249.47,334.72,0.9653,0.389791,0.697327
1786703544.307473,55.918622,1697,29.89,235.10,70.07,1.0000,0.367351,0.145984,249.40,334.88,0.9651,0.389692,0.697673
1786703544.344129,55.955278,1698,29.89,235.10,70.04,1.0000,0.367346,0.145915,249.39,334.84,0.9654,0.389665,0.697582
1786703544.370574,55.981723,1699,29.89,234.93,70.04,1.0000,0.367077,0.145912,249.31,334.91,0.9657,0.389554,0.697736
1786703544.419479,56.030628,1700,29.89,234.95,70.09,1.0000,0.367106,0.146018,249.31,334.92,0.9657,0.389545,0.697760
1786703544.445967,56.057116,1701,29.75,234.95,70.12,1.0000,0.367105,0.146088,249.30,334.89,0.9665,0.389536,0.697680
1786703544.475803,56.086952,1702,29.75,235.01,70.10,1.0000,0.367198,0.146047,249.34,334.88,0.9662,0.389598,0.697656
1786703544.510242,56.121390,1703,29.75,234.86,70.13,1.0000,0.366972,0.146099,249.43,334.55,0.9674,0.389737,0.696989
1786703544.527645,56.138794,1704,29.75,234.87,70.20,1.0000,0.366992,0.146246,249.50,334.54,0.9676,0.389840,0.696957
1786703544.571883,56.183032,1705,29.75,234.82,70.20,1.0000,0.366906,0.146259,249.50,334.31,0.9678,0.389851,0.696471
1786703544.603216,56.214365,1706,29.75,234.82,70.22,1.0000,0.366905,0.146288,249.54,334.30,0.9680,0.389904,0.696456
1786703544.640062,56.251211,1707,29.75,234.77,70.22,1.0000,0.366828,0.146294,249.54,334.36,0.9673,0.389911,0.696590
1786703544.666730,56.277879,1708,29.75,234.81,70.24,1.0000,0.366888,0.146333,249.54,334.30,0.9673,0.389912,0.696459
1786703544.714038,56.325186,1709,29.75,234.57,70.15,1.0000,0.366516,0.146141,249.58,334.33,0.9676,0.389966,0.696523
1786703544.738055,56.349203,1710,29.75,234.41,70.13,1.0000,0.366272,0.146095,249.54,334.44,0.9673,0.389911,0.696745
1786703544.769805,56.380954,1711,29.75,234.26,70.00,1.0000,0.366027,0.145827,249.57,334.40,0.9682,0.389947,0.696672
1786703544.810204,56.421353,1712,29.75,233.91,69.97,1.0000,0.365491,0.145773,249.52,334.39,0.9683,0.389872,0.696649
1786703544.842277,56.453426,1713,29.75,233.86,69.95,1.0000,0.365410,0.145735,249.53,334.38,0.9690,0.389885,0.696616
1786703544.873301,56.484450,1714,29.75,233.86,69.91,1.0000,0.365410,0.145646,249.54,334.31,0.9697,0.389908,0.696475
1786703544.889157,56.500306,1715,29.75,233.83,69.86,1.0000,0.365365,0.145551,249.57,334.18,0.9705,0.389955,0.696206
1786703544.945139,56.556288,1716,29.75,233.83,69.87,1.0000,0.365364,0.145565,249.55,334.22,0.9710,0.389925,0.696291
1786703544.968168,56.579317,1717,30.03,233.83,69.87,1.0000,0.365354,0.145564,249.57,334.23,0.9705,0.389955,0.696318
1786703545.002131,56.613280,1718,30.03,233.79,69.84,1.0000,0.365303,0.145492,249.56,334.20,0.9707,0.389945,0.696254
1786703545.033691,56.644840,1719,30.03,233.64,69.77,1.0000,0.365067,0.145352,249.58,333.87,0.9716,0.389971,0.695570
1786703545.080152,56.691301,1720,30.03,232.89,69.62,1.0000,0.363887,0.145040,249.58,333.86,0.9712,0.389970,0.695539
1786703545.100224,56.711373,1721,30.03,232.19,69.64,1.0000,0.362793,0.145086,249.55,334.18,0.9704,0.389927,0.696208
1786703545.181063,56.792212,1722,30.03,231.81,69.65,1.0000,0.362201,0.145108,249.62,334.14,0.9704,0.390037,0.696132
1786703545.204295,56.815444,1724,30.03,231.76,69.73,1.0000,0.362126,0.145266,249.62,334.18,0.9701,0.390038,0.696202
1786703545.230188,56.841337,1725,30.03,231.63,69.72,1.0000,0.361921,0.145257,249.63,333.95,0.9702,0.390041,0.695734
1786703545.269934,56.881083,1726,30.03,231.61,69.70,1.0000,0.361895,0.145213,249.58,333.98,0.9696,0.389966,0.695799
1786703545.302516,56.913665,1727,30.03,231.66,69.71,1.0000,0.361963,0.145239,249.83,333.80,0.9698,0.390364,0.695411
1786703545.334123,56.945272,1728,30.03,231.66,69.72,1.0000,0.361973,0.145240,249.83,333.81,0.9700,0.390364,0.695430
1786703545.366079,56.977228,1729,30.03,231.62,70.08,1.0000,0.361911,0.145993,249.81,333.92,0.9695,0.390328,0.695663
1786703545.397957,57.009106,1730,30.03,231.62,70.08,1.0000,0.361912,0.146003,249.85,333.77,0.9702,0.390396,0.695361
1786703545.423462,57.034611,1731,30.03,231.62,70.16,1.0000,0.361905,0.146168,249.81,333.81,0.9697,0.390325,0.695435
1786703545.477012,57.088161,1732,29.43,231.62,70.38,1.0000,0.361909,0.146622,249.68,333.80,0.9690,0.390123,0.695410
1786703545.493111,57.104260,1733,29.43,231.50,70.46,1.0000,0.361714,0.146782,249.70,333.74,0.9695,0.390163,0.695296
1786703545.532490,57.143639,1734,29.43,231.44,70.46,1.0000,0.361624,0.146782,249.71,333.81,0.9705,0.390171,0.695445
1786703545.588558,57.199707,1735,29.43,231.48,70.48,1.0000,0.361692,0.146827,249.67,333.91,0.9702,0.390103,0.695646
1786703545.621479,57.232628,1736,29.43,231.48,70.56,1.0000,0.361692,0.147008,249.63,334.09,0.9699,0.390040,0.696022
1786703545.639630,57.250779,1737,29.43,231.48,70.56,1.0000,0.361680,0.147006,249.61,334.21,0.9693,0.390019,0.696274
1786703545.679686,57.290835,1738,29.43,231.50,70.37,1.0000,0.361714,0.146600,249.55,334.21,0.9691,0.389928,0.696262
1786703545.711130,57.322279,1739,29.43,231.48,70.37,1.0000,0.361681,0.146600,249.57,334.17,0.9693,0.389948,0.696191
1786703545.747416,57.358565,1740,29.43,231.48,70.40,1.0000,0.361685,0.146663,249.60,334.00,0.9694,0.389996,0.695825
1786703545.764982,57.376130,1741,29.43,230.90,70.39,1.0000,0.360781,0.146652,249.60,333.98,0.9695,0.389995,0.695790
1786703545.816037,57.427186,1742,29.43,230.50,70.26,1.0000,0.360154,0.146384,249.58,333.97,0.9693,0.389966,0.695775
1786703545.842518,57.453666,1743,29.43,230.49,70.28,1.0000,0.360139,0.146406,249.55,334.03,0.9693,0.389929,0.695905
1786703545.868590,57.479739,1744,29.43,230.50,70.26,1.0000,0.360150,0.146378,249.44,334.09,0.9692,0.389754,0.696028
1786703545.901350,57.512499,1745,29.43,230.28,70.33,1.0000,0.359811,0.146529,249.44,334.09,0.9691,0.389753,0.696028
1786703545.939141,57.550290,1746,29.43,230.19,70.37,1.0000,0.359672,0.146614,249.35,334.27,0.9683,0.389603,0.696402
1786703545.969711,57.580860,1747,29.43,230.19,70.37,1.0000,0.359674,0.146611,249.33,334.24,0.9690,0.389577,0.696329
1786703546.016632,57.627781,1748,29.48,230.19,70.41,1.0000,0.359675,0.146679,249.46,333.73,0.9691,0.389783,0.695262
1786703546.032428,57.643577,1749,29.48,230.10,70.48,1.0000,0.359526,0.146828,249.47,333.74,0.9689,0.389803,0.695292
1786703546.074660,57.685809,1750,29.48,230.00,70.56,1.0000,0.359371,0.146990,249.46,334.12,0.9683,0.389779,0.696073
1786703546.100585,57.711734,1751,29.48,230.00,70.54,1.0000,0.359373,0.146962,249.46,333.95,0.9684,0.389783,0.695739
1786703546.137918,57.749067,1752,29.48,229.90,70.60,1.0000,0.359211,0.147074,249.42,333.97,0.9675,0.389725,0.695773
1786703546.188072,57.799221,1753,29.48,229.92,70.59,1.0000,0.359251,0.147063,249.44,333.93,0.9679,0.389754,0.695694
1786703546.206937,57.818086,1754,29.48,229.77,70.56,1.0000,0.359015,0.146998,249.50,334.00,0.9686,0.389846,0.695843
1786703546.233045,57.844194,1755,29.48,229.76,70.56,1.0000,0.358999,0.146995,249.47,334.15,0.9683,0.389794,0.696144
1786703546.270034,57.881183,1756,29.48,229.57,70.56,1.0000,0.358700,0.146992,249.46,334.23,0.9684,0.389786,0.696315
1786703546.306541,57.917690,1757,29.48,229.47,70.54,1.0000,0.358540,0.146949,249.45,334.29,0.9684,0.389761,0.696428
1786703546.326043,57.937191,1758,29.48,229.45,70.54,1.0000,0.358516,0.146960,249.47,334.13,0.9692,0.389798,0.696106
1786703546.376107,57.987256,1759,29.48,229.36,70.51,1.0000,0.358370,0.146897,249.47,334.18,0.9696,0.389803,0.696201
1786703546.401411,58.012560,1760,29.48,229.36,70.52,1.0000,0.358368,0.146911,249.43,334.22,0.9692,0.389742,0.696296
1786703546.456396,58.067545,1761,29.48,229.43,70.53,1.0000,0.358478,0.146940,249.34,334.27,0.9689,0.389589,0.696395
1786703546.481309,58.092458,1762,29.48,229.43,70.54,1.0000,0.358480,0.146950,249.25,334.30,0.9687,0.389456,0.696465
1786703546.509282,58.120431,1763,29.48,229.43,70.46,1.0000,0.358485,0.146802,249.25,334.32,0.9687,0.389458,0.696495
1786703546.540374,58.151522,1764,29.68,229.43,70.48,1.0000,0.358477,0.146825,249.22,334.37,0.9684,0.389400,0.696602
1786703546.574072,58.185221,1765,29.68,229.48,70.49,1.0000,0.358567,0.146848,249.13,334.38,0.9686,0.389273,0.696634
1786703546.600245,58.211394,1766,29.68,229.53,70.52,1.0000,0.358636,0.146910,249.06,334.55,0.9672,0.389158,0.696976
1786703546.640800,58.251948,1767,29.68,229.61,70.56,1.0000,0.358770,0.147003,249.06,334.50,0.9678,0.389158,0.696866
1786703546.672979,58.284127,1768,29.68,229.58,70.66,1.0000,0.358717,0.147202,249.07,334.54,0.9678,0.389174,0.696958
1786703546.704846,58.315995,1769,29.68,229.57,70.64,1.0000,0.358697,0.147157,249.07,334.52,0.9680,0.389174,0.696923
1786703546.736700,58.347849,1770,29.68,229.56,70.51,1.0000,0.358682,0.146897,249.06,334.58,0.9681,0.389154,0.697037
1786703546.776661,58.387810,1771,29.68,229.63,70.43,1.0000,0.358791,0.146728,249.08,334.51,0.9684,0.389183,0.696886
1786703546.800454,58.411603,1772,29.68,229.63,70.43,1.0000,0.358789,0.146725,249.09,334.34,0.9682,0.389198,0.696542
1786703546.831743,58.442891,1773,29.68,229.62,70.41,1.0000,0.358785,0.146693,249.14,334.28,0.9675,0.389275,0.696427
1786703546.879798,58.490947,1774,29.68,229.56,70.40,1.0000,0.358693,0.146659,249.16,334.28,0.9679,0.389309,0.696424
1786703546.926414,58.537563,1775,29.68,229.35,70.17,1.0000,0.358356,0.146188,249.22,334.13,0.9682,0.389411,0.696114
1786703546.937565,58.548714,1776,29.68,229.39,70.17,1.0000,0.358423,0.146181,249.22,334.15,0.9680,0.389411,0.696151
1786703546.970720,58.581869,1777,29.68,229.44,70.20,1.0000,0.358498,0.146250,249.24,334.25,0.9679,0.389432,0.696362
1786703546.997911,58.609060,1778,29.68,229.76,70.36,1.0000,0.358993,0.146579,249.27,334.13,0.9681,0.389492,0.696103
1786703547.033923,58.645072,1779,29.68,230.17,70.55,1.0000,0.359638,0.146989,249.29,334.07,0.9674,0.389513,0.695978
1786703547.069001,58.680150,1780,29.77,230.47,70.53,1.0000,0.360109,0.146929,249.33,333.89,0.9681,0.389583,0.695594
1786703547.119010,58.730159,1781,29.77,231.12,70.64,1.0000,0.361130,0.147166,249.35,334.00,0.9675,0.389616,0.695833
1786703547.134313,58.745462,1782,29.77,231.18,70.51,1.0000,0.361222,0.146901,249.43,334.04,0.9680,0.389738,0.695908
1786703547.166297,58.777446,1783,29.77,231.20,70.52,1.0000,0.361247,0.146913,249.45,334.09,0.9680,0.389763,0.696027
1786703547.196135,58.807284,1784,29.77,231.26,70.43,1.0000,0.361345,0.146734,249.46,334.02,0.9689,0.389785,0.695867
1786703547.243984,58.855133,1785,29.77,231.27,70.38,1.0000,0.361354,0.146623,249.46,334.12,0.9684,0.389780,0.696092
1786703547.275627,58.886775,1786,29.77,231.44,70.35,1.0000,0.361629,0.146573,249.50,333.99,0.9685,0.389849,0.695812
1786703547.307648,58.918797,1787,29.77,231.42,70.02,1.0000,0.361601,0.145866,249.46,334.05,0.9685,0.389778,0.695942
1786703547.339401,58.950550,1788,29.77,231.42,69.97,1.0000,0.361587,0.145781,249.44,334.15,0.9676,0.389754,0.696149
1786703547.361167,58.972316,1789,29.77,231.41,69.98,1.0000,0.361582,0.145788,249.47,334.16,0.9677,0.389793,0.696173
1786703547.403743,59.014892,1790,29.77,231.44,69.82,1.0000,0.361618,0.145455,249.35,334.30,0.9674,0.389615,0.696456
1786703547.440619,59.051768,1791,29.77,231.54,69.79,1.0000,0.361780,0.145404,249.50,334.26,0.9677,0.389848,0.696375
1786703547.483088,59.094237,1792,29.77,231.59,69.79,1.0000,0.361857,0.145403,249.46,334.69,0.9673,0.389788,0.697276
1786703547.498696,59.109845,1793,29.77,231.59,69.79,1.0000,0.361856,0.145402,249.43,334.69,0.9674,0.389731,0.697265
1786703547.544350,59.155499,1794,29.77,231.59,69.95,1.0000,0.361863,0.145731,249.50,334.66,0.9678,0.389845,0.697199
1786703547.579117,59.190266,1795,29.73,231.64,70.15,1.0000,0.361944,0.146153,249.42,334.76,0.9677,0.389726,0.697411
1786703547.594496,59.205644,1796,29.73,231.67,70.29,1.0000,0.361987,0.146444,249.51,334.74,0.9682,0.389863,0.697379
1786703547.631406,59.242555,1797,29.73,231.67,70.36,1.0000,0.361990,0.146593,249.55,334.68,0.9685,0.389921,0.697257
1786703547.668303,59.279451,1798,29.73,231.65,70.60,1.0000,0.361957,0.147091,249.57,334.54,0.9685,0.389953,0.696966
1786703547.737442,59.348591,1800,29.73,231.62,71.28,1.0000,0.361905,0.148499,249.57,334.57,0.9677,0.389947,0.697021
1786703547.777922,59.389071,1801,29.73,231.56,71.28,1.0000,0.361815,0.148503,249.63,334.59,0.9677,0.390048,0.697063
1786703547.789061,59.400209,1802,29.73,231.56,71.27,1.0000,0.361816,0.148485,249.64,333.75,0.9674,0.390056,0.695316
1786703547.830321,59.441470,1803,29.73,231.60,71.33,1.0000,0.361870,0.148601,249.59,333.81,0.9673,0.389980,0.695443
1786703547.862311,59.473459,1804,29.73,231.73,71.36,1.0000,0.362077,0.148676,249.58,333.80,0.9674,0.389977,0.695419
1786703547.910050,59.521199,1805,29.73,231.82,71.36,1.0000,0.362219,0.148665,249.51,333.81,0.9665,0.389866,0.695444
1786703547.944153,59.555301,1806,29.73,231.87,71.34,1.0000,0.362300,0.148631,249.44,333.94,0.9667,0.389749,0.695703
1786703547.978956,59.590105,1807,29.73,231.87,71.19,1.0000,0.362303,0.148316,249.46,333.55,0.9667,0.389786,0.694896
1786703547.991899,59.603048,1808,29.73,231.89,71.19,1.0000,0.362322,0.148314,249.46,333.54,0.9677,0.389785,0.694885
1786703548.027339,59.638488,1809,29.73,231.88,71.18,1.0000,0.362307,0.148293,249.49,333.56,0.9683,0.389830,0.694906
1786703548.069182,59.680331,1810,29.73,231.89,71.50,1.0000,0.362325,0.148953,249.47,333.70,0.9687,0.389793,0.695205
1786703548.101595,59.712744,1811,29.58,231.89,71.50,1.0000,0.362328,0.148958,249.47,333.70,0.9690,0.389793,0.695208
1786703548.142891,59.754040,1812,29.58,231.89,71.53,1.0000,0.362322,0.149022,249.46,333.68,0.9691,0.389782,0.695163
1786703548.166827,59.777976,1813,29.58,231.91,71.50,1.0000,0.362362,0.148969,249.49,333.48,0.9693,0.389824,0.694759
1786703548.200650,59.811799,1814,29.58,231.86,71.51,1.0000,0.362285,0.148969,249.46,333.50,0.9691,0.389784,0.694799
1786703548.245323,59.856472,1815,29.58,231.59,71.24,1.0000,0.361863,0.148417,249.48,333.54,0.9693,0.389805,0.694884
1786703548.277740,59.888889,1816,29.58,231.56,70.98,1.0000,0.361818,0.147875,249.47,333.52,0.9695,0.389804,0.694842
1786703548.309242,59.920390,1817,29.58,231.43,70.97,1.0000,0.361606,0.147859,249.48,333.56,0.9691,0.389813,0.694925
1786703548.327918,59.939067,1818,29.58,231.39,70.97,1.0000,0.361542,0.147865,249.44,333.60,0.9681,0.389757,0.694997
1786703548.364858,59.976007,1819,29.58,231.39,70.96,1.0000,0.361540,0.147826,249.45,333.61,0.9679,0.389762,0.695016
1786703548.406233,60.017382,1820,29.58,231.09,70.81,1.0000,0.361082,0.147521,249.45,333.56,0.9683,0.389765,0.694919
1786703548.430397,60.041546,1821,29.58,231.00,70.78,1.0000,0.360938,0.147459,249.43,333.56,0.9683,0.389738,0.694924
1786703548.468687,60.079835,1822,29.58,230.90,70.77,1.0000,0.360783,0.147448,249.41,333.59,0.9683,0.389708,0.694978
1786703548.511238,60.122387,1823,29.58,230.79,70.68,1.0000,0.360609,0.147243,249.25,333.67,0.9678,0.389460,0.695137
1786703548.555140,60.166289,1824,29.58,230.69,70.60,1.0000,0.360446,0.147090,249.27,333.66,0.9681,0.389480,0.695135
1786703548.570658,60.181807,1825,29.58,230.46,70.42,1.0000,0.360101,0.146715,249.27,333.67,0.9684,0.389491,0.695153
1786703548.601585,60.212734,1826,29.45,230.46,70.42,1.0000,0.360100,0.146715,249.22,333.83,0.9677,0.389413,0.695472
1786703548.647445,60.258594,1827,29.45,230.45,70.37,1.0000,0.360076,0.146606,249.26,333.83,0.9672,0.389462,0.695482
1786703548.671194,60.282343,1828,29.45,230.44,70.39,1.0000,0.360068,0.146644,249.27,333.88,0.9665,0.389483,0.695574
1786703548.716108,60.327257,1829,29.45,230.42,70.32,1.0000,0.360038,0.146510,249.25,334.11,0.9673,0.389454,0.696056
1786703548.739519,60.350667,1830,29.45,230.39,70.29,1.0000,0.359989,0.146446,249.29,334.09,0.9683,0.389523,0.696013
1786703548.778843,60.389992,1831,29.45,230.49,70.29,1.0000,0.360138,0.146443,249.34,334.07,0.9680,0.389599,0.695981
1786703548.796451,60.407600,1832,29.45,230.48,70.29,1.0000,0.360123,0.146443,249.36,334.05,0.9684,0.389624,0.695936
1786703548.835495,60.446644,1833,29.45,230.50,70.43,1.0000,0.360151,0.146720,249.33,334.10,0.9674,0.389573,0.696047
1786703548.865960,60.477109,1834,29.45,230.50,70.51,1.0000,0.360150,0.146891,249.33,334.11,0.9675,0.389576,0.696058
1786703548.905853,60.517002,1835,29.45,230.51,70.54,1.0000,0.360170,0.146952,249.44,334.02,0.9683,0.389752,0.695883
1786703548.949782,60.560930,1836,29.45,230.51,70.54,1.0000,0.360167,0.146952,249.39,334.34,0.9687,0.389676,0.696535
1786703549.010462,60.621611,1837,29.45,230.71,70.54,1.0000,0.360489,0.146960,249.36,334.20,0.9680,0.389628,0.696250
1786703549.023550,60.634699,1838,29.45,230.76,70.57,1.0000,0.360566,0.147028,249.40,334.11,0.9686,0.389691,0.696062
1786703549.030185,60.641334,1839,29.45,230.87,70.63,1.0000,0.360738,0.147150,249.39,334.16,0.9680,0.389676,0.696173
1786703549.074420,60.685569,1840,29.45,230.92,70.64,1.0000,0.360811,0.147172,249.36,334.17,0.9678,0.389627,0.696177
1786703549.109035,60.720184,1841,29.45,230.94,70.82,1.0000,0.360847,0.147541,249.38,334.03,0.9682,0.389664,0.695903
1786703549.130611,60.741760,1842,29.77,230.95,70.87,1.0000,0.360860,0.147646,249.40,333.92,0.9685,0.389689,0.695665
1786703549.177233,60.788382,1843,29.77,231.08,70.94,1.0000,0.361066,0.147802,249.49,333.87,0.9693,0.389827,0.695563
1786703549.220127,60.831276,1844,29.77,230.91,70.96,1.0000,0.360800,0.147836,249.65,333.84,0.9698,0.390077,0.695505
1786703549.230636,60.841785,1845,29.77,230.98,71.00,1.0000,0.360909,0.147907,249.60,333.97,0.9700,0.390007,0.695779
1786703549.270446,60.881595,1846,29.77,231.01,71.01,1.0000,0.360955,0.147939,249.61,333.95,0.9702,0.390014,0.695737
1786703549.289871,60.901020,1847,29.77,231.01,71.01,1.0000,0.360950,0.147935,249.60,334.00,0.9711,0.390004,0.695840
1786703549.356976,60.968124,1848,29.77,231.04,71.01,1.0000,0.360992,0.147931,249.63,333.91,0.9711,0.390042,0.695654
1786703549.378503,60.989651,1849,29.77,231.03,71.01,1.0000,0.360989,0.147935,249.61,333.91,0.9711,0.390016,0.695639
1786703549.396670,61.007818,1850,29.77,231.02,70.98,1.0000,0.360967,0.147883,249.61,333.93,0.9709,0.390019,0.695678
1786703549.435021,61.046170,1851,29.77,231.02,70.96,1.0000,0.360961,0.147842,249.64,333.96,0.9712,0.390057,0.695749
1786703549.467186,61.078335,1852,29.77,231.00,70.96,1.0000,0.360931,0.147840,249.62,333.92,0.9711,0.390039,0.695676
1786703549.506325,61.117473,1853,29.77,231.01,70.93,1.0000,0.360951,0.147768,249.47,334.32,0.9707,0.389799,0.696496
1786703549.531282,61.142431,1854,29.77,231.01,70.96,1.0000,0.360951,0.147842,249.54,334.24,0.9712,0.389902,0.696328
1786703549.586004,61.197152,1855,29.77,231.02,71.02,1.0000,0.360963,0.147968,249.62,334.17,0.9711,0.390032,0.696181
1786703549.601911,61.213060,1856,29.77,231.07,71.04,1.0000,0.361046,0.148000,249.65,334.09,0.9710,0.390084,0.696028
1786703549.633752,61.244901,1857,29.77,231.06,71.04,1.0000,0.361031,0.148000,249.67,334.09,0.9714,0.390102,0.696024
1786703549.683201,61.294349,1858,29.59,231.06,70.98,1.0000,0.361026,0.147872,249.64,334.07,0.9716,0.390069,0.695979
1786703549.699638,61.310787,1859,29.59,231.06,71.02,1.0000,0.361026,0.147961,249.65,334.07,0.9718,0.390083,0.695969
1786703549.734536,61.345685,1860,29.59,230.92,71.01,1.0000,0.360807,0.147946,249.67,334.07,0.9722,0.390104,0.695982
1786703549.777476,61.388625,1861,29.59,230.86,71.07,1.0000,0.360723,0.148067,249.62,334.08,0.9721,0.390030,0.695992
1786703549.800430,61.411579,1862,29.59,230.79,71.08,1.0000,0.360617,0.148082,249.54,334.02,0.9718,0.389905,0.695885
1786703549.833031,61.444180,1863,29.59,230.70,71.06,1.0000,0.360463,0.148050,249.51,334.08,0.9719,0.389865,0.696003
1786703549.877433,61.488582,1864,29.59,230.72,71.06,1.0000,0.360503,0.148049,249.42,334.06,0.9719,0.389717,0.695959
1786703549.906274,61.517423,1865,29.59,230.55,71.08,1.0000,0.360233,0.148080,249.32,333.99,0.9714,0.389564,0.695821
1786703549.940149,61.551298,1866,29.59,230.49,71.26,1.0000,0.360146,0.148454,249.32,334.10,0.9702,0.389560,0.696044
1786703549.972034,61.583183,1867,29.59,230.25,71.25,1.0000,0.359767,0.148433,249.32,334.08,0.9701,0.389557,0.696005
1786703549.998585,61.609734,1868,29.59,230.21,71.25,1.0000,0.359708,0.148446,249.30,334.09,0.9704,0.389524,0.696016
1786703550.031816,61.642965,1869,29.59,230.18,71.25,1.0000,0.359658,0.148446,249.25,334.10,0.9699,0.389448,0.696038
1786703550.073344,61.684492,1870,29.59,230.06,71.36,1.0000,0.359469,0.148672,249.19,334.03,0.9695,0.389358,0.695896
1786703550.105387,61.716536,1871,29.59,230.06,71.37,1.0000,0.359464,0.148692,249.17,334.20,0.9686,0.389328,0.696251
1786703550.131275,61.742424,1872,29.59,230.01,71.46,1.0000,0.359385,0.148874,249.30,334.19,0.9684,0.389534,0.696234
1786703550.171268,61.782416,1873,29.59,230.06,71.37,1.0000,0.359469,0.148687,249.28,334.18,0.9686,0.389501,0.696207
1786703550.208516,61.819664,1874,29.77,230.07,71.35,1.0000,0.359488,0.148650,249.30,334.15,0.9691,0.389536,0.696140
1786703550.222320,61.833469,1875,29.77,230.08,71.35,1.0000,0.359498,0.148653,249.25,334.23,0.9685,0.389459,0.696322
1786703550.312507,61.923656,1876,29.77,230.03,71.41,1.0000,0.359423,0.148766,249.24,334.53,0.9678,0.389436,0.696928
1786703550.320699,61.931848,1877,29.77,230.03,71.46,1.0000,0.359427,0.148883,249.24,334.38,0.9684,0.389442,0.696618
1786703550.334526,61.945675,1878,29.77,230.00,71.46,1.0000,0.359376,0.148883,249.25,334.33,0.9690,0.389450,0.696524
1786703550.371487,61.982636,1879,29.77,229.98,71.36,1.0000,0.359349,0.148663,249.28,334.31,0.9697,0.389503,0.696480
1786703550.388463,61.999612,1880,29.77,229.97,71.29,1.0000,0.359336,0.148526,249.33,334.29,0.9708,0.389580,0.696441
1786703550.445854,62.057003,1881,29.77,229.99,71.30,1.0000,0.359363,0.148547,249.27,334.35,0.9708,0.389480,0.696558
1786703550.483674,62.094823,1882,29.77,229.84,71.31,1.0000,0.359118,0.148572,249.27,334.33,0.9713,0.389484,0.696530
1786703550.502916,62.114065,1883,29.77,229.84,71.36,1.0000,0.359121,0.148671,249.30,334.32,0.9720,0.389534,0.696506
1786703550.533842,62.144990,1884,29.77,229.80,71.37,1.0000,0.359064,0.148687,249.32,334.28,0.9721,0.389557,0.696422
1786703550.576999,62.188148,1885,29.77,229.85,71.37,1.0000,0.359136,0.148691,249.33,333.69,0.9722,0.389578,0.695189
1786703550.598406,62.209555,1886,29.77,229.81,71.38,1.0000,0.359085,0.148700,249.32,333.69,0.9728,0.389565,0.695192
1786703550.640100,62.251248,1887,29.77,229.82,71.38,1.0000,0.359087,0.148703,249.32,333.70,0.9727,0.389560,0.695201
1786703550.656111,62.267260,1888,29.77,229.71,71.49,1.0000,0.358923,0.148935,249.33,333.83,0.9720,0.389577,0.695480
1786703550.703940,62.315089,1889,29.77,229.56,71.50,1.0000,0.358682,0.148952,249.34,333.81,0.9717,0.389591,0.695443
1786703550.735690,62.346839,1890,29.87,229.52,71.52,1.0000,0.358618,0.148993,249.33,333.92,0.9713,0.389576,0.695657
1786703550.768008,62.379157,1891,29.87,229.43,71.51,1.0000,0.358489,0.148979,249.38,333.91,0.9716,0.389655,0.695639
1786703550.798997,62.410146,1892,29.87,229.44,71.38,1.0000,0.358494,0.148705,249.32,334.28,0.9709,0.389556,0.696410
1786703550.847529,62.458678,1893,29.87,229.42,71.30,1.0000,0.358469,0.148543,249.32,334.11,0.9703,0.389564,0.696064
1786703550.863018,62.474167,1894,29.87,229.22,71.17,1.0000,0.358156,0.148262,249.29,334.09,0.9702,0.389514,0.696028
1786703550.910329,62.521478,1895,29.87,229.03,71.16,1.0000,0.357863,0.148259,249.18,334.14,0.9703,0.389348,0.696128
1786703550.942032,62.553181,1896,29.87,228.45,70.85,1.0000,0.356949,0.147608,249.19,334.10,0.9706,0.389357,0.696048
1786703550.974044,62.585193,1897,29.87,228.38,70.87,1.0000,0.356840,0.147648,249.15,334.14,0.9705,0.389298,0.696130
1786703550.996898,62.608047,1898,29.87,228.39,70.88,1.0000,0.356857,0.147675,249.13,334.18,0.9700,0.389263,0.696203
1786703551.038810,62.649959,1899,29.87,228.22,70.89,1.0000,0.356601,0.147690,249.09,334.26,0.9697,0.389210,0.696369
1786703551.085897,62.697046,1900,29.87,228.11,70.88,1.0000,0.356419,0.147674,249.07,334.25,0.9694,0.389173,0.696347
1786703551.101992,62.713141,1901,29.87,227.99,70.92,1.0000,0.356236,0.147758,249.01,334.30,0.9698,0.389084,0.696468
1786703551.129186,62.740335,1902,29.87,227.80,70.88,1.0000,0.355932,0.147659,249.00,334.53,0.9701,0.389055,0.696927
1786703551.170946,62.782095,1903,29.87,227.80,70.96,1.0000,0.355937,0.147832,248.99,334.56,0.9697,0.389050,0.696993
1786703551.199745,62.810894,1904,29.87,227.65,70.97,1.0000,0.355703,0.147845,249.02,334.54,0.9689,0.389089,0.696968
1786703551.261361,62.872510,1905,29.66,227.60,71.04,1.0000,0.355630,0.148004,248.95,334.51,0.9687,0.388979,0.696903
1786703551.276899,62.888048,1906,29.66,227.66,71.08,1.0000,0.355725,0.148077,248.90,334.53,0.9688,0.388904,0.696941
1786703551.308494,62.919642,1907,29.66,227.66,71.14,1.0000,0.355724,0.148201,248.88,334.54,0.9688,0.388882,0.696956
1786703551.332402,62.943550,1908,29.66,227.64,70.98,1.0000,0.355695,0.147885,248.89,334.59,0.9689,0.388885,0.697061
1786703551.366379,62.977528,1909,29.66,227.66,70.88,1.0000,0.355715,0.147662,248.88,334.69,0.9683,0.388878,0.697264
1786703551.402991,63.014140,1910,29.66,227.66,70.80,1.0000,0.355711,0.147490,248.88,334.60,0.9686,0.388879,0.697082
1786703551.437716,63.048865,1911,29.66,227.66,70.77,1.0000,0.355720,0.147430,248.91,334.49,0.9680,0.388922,0.696850
1786703551.467036,63.078185,1912,29.66,227.71,70.79,1.0000,0.355797,0.147473,248.91,334.48,0.9680,0.388915,0.696823
1786703551.508965,63.120114,1913,29.66,227.81,70.76,1.0000,0.355950,0.147409,248.76,334.65,0.9682,0.388683,0.697180
1786703551.564603,63.175752,1914,29.66,227.95,70.70,1.0000,0.356165,0.147297,248.94,334.57,0.9681,0.388974,0.697020
1786703551.577508,63.188657,1915,29.66,227.95,70.70,1.0000,0.356169,0.147291,248.99,334.56,0.9680,0.389046,0.697002
1786703551.593459,63.204608,1916,29.66,227.94,70.72,1.0000,0.356159,0.147343,248.99,334.55,0.9682,0.389051,0.696987
1786703551.632883,63.244031,1917,29.66,227.96,70.72,1.0000,0.356191,0.147332,249.02,334.46,0.9683,0.389095,0.696783
1786703551.688231,63.299379,1918,29.66,227.84,70.79,1.0000,0.355994,0.147473,248.98,334.46,0.9686,0.389027,0.696800
1786703551.703691,63.314839,1919,29.66,227.84,70.77,1.0000,0.355995,0.147428,248.93,334.48,0.9687,0.388960,0.696836
1786703551.733238,63.344387,1920,29.66,227.85,70.80,1.0000,0.356012,0.147490,248.86,334.50,0.9683,0.388847,0.696873
1786703551.772623,63.383772,1921,29.86,227.83,70.79,1.0000,0.355988,0.147485,248.93,334.38,0.9689,0.388960,0.696632
1786703551.812901,63.424050,1922,29.86,227.67,70.77,1.0000,0.355740,0.147437,248.93,334.36,0.9684,0.388961,0.696582
1786703551.831553,63.442702,1923,29.86,227.67,70.77,1.0000,0.355737,0.147439,248.93,334.37,0.9687,0.388951,0.696607
1786703551.871520,63.482669,1924,29.86,227.60,70.77,1.0000,0.355629,0.147446,248.84,334.36,0.9685,0.388819,0.696577
1786703551.900254,63.511403,1925,29.86,227.61,70.77,1.0000,0.355635,0.147445,248.83,334.36,0.9689,0.388799,0.696580
1786703551.934358,63.545507,1926,29.86,227.57,70.83,1.0000,0.355576,0.147564,248.81,334.34,0.9691,0.388761,0.696549
1786703551.971467,63.582615,1927,29.86,227.55,70.83,1.0000,0.355540,0.147567,248.76,334.35,0.9690,0.388685,0.696572
1786703552.011071,63.622220,1928,29.86,227.55,70.91,1.0000,0.355540,0.147732,248.76,334.40,0.9691,0.388683,0.696663
1786703552.037983,63.649132,1929,29.86,227.52,70.91,1.0000,0.355506,0.147730,248.80,334.39,0.9692,0.388756,0.696654
1786703552.085767,63.696916,1930,29.86,227.51,70.95,1.0000,0.355490,0.147805,248.86,334.43,0.9688,0.388838,0.696732
1786703552.101468,63.712617,1931,29.86,227.51,70.97,1.0000,0.355490,0.147851,248.84,334.71,0.9687,0.388811,0.697323
1786703552.148865,63.760013,1932,29.86,227.52,70.90,1.0000,0.355504,0.147715,248.83,334.69,0.9697,0.388802,0.697274
1786703552.182968,63.794117,1933,29.86,227.60,70.90,1.0000,0.355625,0.147715,248.76,334.71,0.9695,0.388680,0.697319
1786703552.196211,63.807360,1934,29.86,227.62,70.91,1.0000,0.355653,0.147721,248.76,334.72,0.9697,0.388687,0.697334
1786703552.230331,63.841480,1935,29.86,227.76,70.91,1.0000,0.355880,0.147728,248.78,334.66,0.9695,0.388721,0.697200
1786703552.276226,63.887375,1936,29.86,227.77,70.90,1.0000,0.355892,0.147711,248.89,334.64,0.9693,0.388888,0.697160
1786703552.308576,63.919724,1937,29.94,227.90,70.97,1.0000,0.356101,0.147846,248.93,334.51,0.9690,0.388950,0.696896
1786703552.341147,63.952296,1938,29.94,227.92,71.20,1.0000,0.356122,0.148328,248.93,334.46,0.9690,0.388952,0.696793
1786703552.387249,63.998398,1939,29.94,228.27,71.16,1.0000,0.356674,0.148250,248.84,334.73,0.9689,0.388813,0.697360
1786703552.403098,64.014247,1940,29.94,228.52,71.16,1.0000,0.357057,0.148253,248.86,334.71,0.9682,0.388846,0.697317
1786703552.429844,64.040993,1941,29.94,228.61,71.11,1.0000,0.357197,0.148150,248.84,334.79,0.9680,0.388813,0.697479
1786703552.474910,64.086059,1942,29.94,228.63,71.10,1.0000,0.357235,0.148128,248.84,334.51,0.9685,0.388811,0.696894
1786703552.501754,64.112903,1943,29.94,228.70,71.09,1.0000,0.357348,0.148096,248.84,334.54,0.9685,0.388810,0.696952
1786703552.538997,64.150146,1944,29.94,228.73,71.06,1.0000,0.357395,0.148042,248.90,334.43,0.9676,0.388903,0.696722
1786703552.571406,64.182555,1945,29.94,228.73,71.09,1.0000,0.357393,0.148110,248.99,334.31,0.9678,0.389042,0.696475
1786703552.597761,64.208910,1946,29.94,228.80,71.08,1.0000,0.357504,0.148075,248.97,334.32,0.9678,0.389017,0.696501
1786703552.638152,64.249301,1947,29.94,228.82,71.07,1.0000,0.357530,0.148065,248.94,334.27,0.9688,0.388976,0.696398
1786703552.670090,64.281239,1948,29.94,228.90,71.08,1.0000,0.357660,0.148087,248.95,334.07,0.9695,0.388981,0.695987
1786703552.704424,64.315573,1949,29.94,228.92,71.11,1.0000,0.357686,0.148155,248.99,334.03,0.9696,0.389045,0.695896
1786703552.732838,64.343987,1950,29.94,228.92,71.11,1.0000,0.357690,0.148140,249.01,334.03,0.9689,0.389077,0.695888
1786703552.781110,64.392258,1951,29.94,228.93,71.11,1.0000,0.357707,0.148140,249.08,333.96,0.9685,0.389182,0.695760
1786703552.801968,64.413117,1952,29.94,229.07,71.10,1.0000,0.357917,0.148134,249.08,333.97,0.9689,0.389186,0.695777
1786703552.849710,64.460859,1953,29.87,229.07,71.11,1.0000,0.357916,0.148143,248.90,334.07,0.9687,0.388903,0.695976
1786703552.862412,64.473561,1954,29.87,229.13,71.13,1.0000,0.358017,0.148183,248.91,334.10,0.9686,0.388922,0.696051
1786703552.929663,64.540812,1955,29.87,229.36,71.13,1.0000,0.358381,0.148183,248.90,334.10,0.9686,0.388907,0.696042
1786703552.943921,64.555070,1956,29.87,229.33,71.16,1.0000,0.358334,0.148247,248.90,334.05,0.9693,0.388910,0.695935
1786703552.975196,64.586344,1957,29.87,229.42,71.14,1.0000,0.358461,0.148212,248.94,334.03,0.9696,0.388967,0.695893
1786703553.004419,64.615568,1958,29.87,229.42,71.14,1.0000,0.358465,0.148207,249.08,333.74,0.9702,0.389192,0.695297
1786703553.049338,64.660487,1959,29.87,229.48,71.16,1.0000,0.358570,0.148247,249.16,333.71,0.9700,0.389308,0.695231
1786703553.068072,64.679220,1960,29.87,229.48,71.16,1.0000,0.358559,0.148249,249.18,333.76,0.9700,0.389337,0.695335
1786703553.105693,64.716841,1961,29.87,229.49,71.13,1.0000,0.358578,0.148193,249.19,333.83,0.9696,0.389355,0.695483
1786703553.137068,64.748217,1962,29.87,229.49,71.11,1.0000,0.358577,0.148152,249.18,333.86,0.9693,0.389348,0.695549
1786703553.169131,64.780280,1963,29.87,229.50,71.08,1.0000,0.358597,0.148083,249.22,333.73,0.9692,0.389401,0.695270
1786703553.206370,64.817519,1964,29.87,229.49,71.08,1.0000,0.358586,0.148074,249.31,333.74,0.9696,0.389552,0.695284
1786703553.246340,64.857489,1965,29.87,229.49,71.16,1.0000,0.358580,0.148257,249.29,333.91,0.9694,0.389513,0.695650
1786703553.259627,64.870776,1966,29.87,229.48,71.16,1.0000,0.358560,0.148257,249.28,333.92,0.9700,0.389505,0.695663
1786703553.299316,64.910465,1967,29.87,229.45,71.27,1.0000,0.358508,0.148475,249.30,333.94,0.9701,0.389535,0.695708
1786703553.335514,64.946662,1968,29.87,229.44,71.33,1.0000,0.358503,0.148599,249.30,333.95,0.9700,0.389531,0.695724
1786703553.386826,64.997974,1969,29.84,229.50,71.33,1.0000,0.358596,0.148605,249.33,333.86,0.9708,0.389582,0.695534
1786703553.402729,65.013878,1970,29.84,229.43,71.33,1.0000,0.358490,0.148605,249.17,334.00,0.9703,0.389324,0.695838
1786703553.435366,65.046515,1971,29.84,229.44,71.33,1.0000,0.358507,0.148613,249.16,334.03,0.9706,0.389319,0.695885
1786703553.465966,65.077115,1972,29.84,229.46,71.50,1.0000,0.358528,0.148950,249.20,334.06,0.9708,0.389374,0.695958
1786703553.498667,65.109816,1973,29.84,229.37,71.43,1.0000,0.358388,0.148808,249.23,334.09,0.9707,0.389429,0.696025
1786703553.532843,65.143992,1974,29.84,229.31,71.43,1.0000,0.358304,0.148804,249.30,333.87,0.9711,0.389538,0.695560
1786703553.567061,65.178210,1975,29.84,229.26,71.43,1.0000,0.358216,0.148804,249.28,333.98,0.9707,0.389500,0.695790
1786703553.601300,65.212449,1976,29.84,229.26,71.42,1.0000,0.358223,0.148802,249.29,333.95,0.9709,0.389519,0.695729
1786703553.635836,65.246985,1977,29.84,229.25,71.41,1.0000,0.358203,0.148773,249.31,333.76,0.9719,0.389555,0.695342
1786703553.686239,65.297388,1978,29.84,229.24,71.36,1.0000,0.358185,0.148673,248.99,334.33,0.9711,0.389051,0.696523
1786703553.721005,65.332154,1979,29.84,229.18,71.36,1.0000,0.358099,0.148672,248.97,334.30,0.9703,0.389022,0.696449
1786703553.736066,65.347214,1980,29.84,229.19,71.38,1.0000,0.358102,0.148700,248.97,334.34,0.9697,0.389022,0.696541
1786703553.763819,65.374968,1981,29.84,229.21,71.39,1.0000,0.358142,0.148724,249.04,334.31,0.9701,0.389123,0.696479
1786703553.805978,65.417127,1982,29.84,229.28,71.43,1.0000,0.358257,0.148817,249.04,334.23,0.9700,0.389124,0.696304
1786703553.832683,65.443832,1983,29.84,229.41,71.42,1.0000,0.358456,0.148799,249.05,334.19,0.9706,0.389135,0.696220
1786703553.863768,65.474917,1984,29.84,229.74,71.54,1.0000,0.358967,0.149042,249.07,334.26,0.9704,0.389168,0.696385
1786703553.898654,65.509803,1985,30.14,229.75,71.42,1.0000,0.358978,0.148796,249.10,334.31,0.9696,0.389224,0.696485
1786703553.936345,65.547494,1986,30.14,230.22,71.86,1.0000,0.359720,0.149718,249.00,334.36,0.9694,0.389065,0.696587
1786703553.976798,65.587947,1987,30.14,230.18,71.66,1.0000,0.359661,0.149286,249.00,334.33,0.9693,0.389070,0.696523
1786703553.991704,65.602853,1988,30.14,230.35,71.64,1.0000,0.359918,0.149250,249.03,334.35,0.9695,0.389111,0.696557
1786703554.031773,65.642922,1989,30.14,230.35,71.61,1.0000,0.359929,0.149188,249.04,334.36,0.9697,0.389129,0.696588
1786703554.060730,65.671879,1990,30.14,230.38,71.61,1.0000,0.359966,0.149193,249.10,334.37,0.9693,0.389211,0.696599
1786703554.130780,65.741929,1991,30.14,230.43,71.61,1.0000,0.360052,0.149186,249.10,334.37,0.9691,0.389214,0.696608
1786703554.136322,65.747471,1992,30.14,230.39,71.61,1.0000,0.359991,0.149196,249.09,334.35,0.9695,0.389196,0.696568
1786703554.163596,65.774745,1993,30.14,230.48,71.56,1.0000,0.360119,0.149075,249.15,334.32,0.9702,0.389298,0.696508
1786703554.227982,65.839131,1994,30.14,230.64,71.50,1.0000,0.360377,0.148967,249.17,334.26,0.9706,0.389334,0.696367
1786703554.230648,65.841797,1995,30.14,230.64,71.51,1.0000,0.360375,0.148985,249.20,334.26,0.9710,0.389372,0.696368
1786703554.266996,65.878145,1996,30.14,230.74,71.53,1.0000,0.360539,0.149023,249.21,334.23,0.9712,0.389398,0.696307
1786703554.312346,65.923494,1997,30.14,230.75,71.40,1.0000,0.360540,0.148754,249.06,334.41,0.9709,0.389160,0.696687
1786703554.336597,65.947746,1998,30.14,231.10,71.40,1.0000,0.361090,0.148752,249.07,334.38,0.9710,0.389178,0.696619
1786703554.369913,65.981062,1999,30.14,231.16,71.42,1.0000,0.361192,0.148784,249.09,334.45,0.9709,0.389204,0.696767
1786703554.401769,66.012918,2000,30.14,231.28,71.39,1.0000,0.361375,0.148733,249.14,334.60,0.9706,0.389274,0.697092
1786703554.430712,66.041860,2001,30.11,230.96,71.39,1.0000,0.360875,0.148728,249.15,334.59,0.9705,0.389304,0.697069
1786703554.470160,66.081308,2002,30.11,230.91,71.48,1.0000,0.360795,0.148917,249.27,334.30,0.9702,0.389477,0.696467
1786703554.518917,66.130066,2003,30.11,230.88,71.45,1.0000,0.360750,0.148844,249.37,334.22,0.9699,0.389639,0.696288
1786703554.536739,66.147888,2004,30.11,231.06,71.44,1.0000,0.361038,0.148840,249.37,334.21,0.9699,0.389639,0.696275
1786703554.569759,66.180908,2005,30.11,231.15,71.44,1.0000,0.361174,0.148826,249.41,334.19,0.9700,0.389702,0.696239
1786703554.592206,66.203355,2006,30.11,231.17,71.41,1.0000,0.361201,0.148773,249.52,334.00,0.9703,0.389877,0.695829
1786703554.667161,66.278310,2007,30.11,231.18,71.02,1.0000,0.361219,0.147956,249.51,334.06,0.9700,0.389861,0.695953
1786703554.680987,66.292136,2008,30.11,231.10,71.02,1.0000,0.361089,0.147957,249.44,334.17,0.9709,0.389745,0.696196
1786703554.708097,66.319246,2009,30.11,231.09,70.94,1.0000,0.361082,0.147794,249.43,334.17,0.9708,0.389731,0.696197
1786703554.754986,66.366135,2010,30.11,231.02,70.82,1.0000,0.360966,0.147542,249.44,334.20,0.9714,0.389754,0.696254
1786703554.776403,66.387552,2011,30.11,230.90,70.77,1.0000,0.360788,0.147435,249.44,334.12,0.9719,0.389755,0.696091
1786703554.813827,66.424975,2012,30.11,230.96,70.78,1.0000,0.360877,0.147451,249.36,334.14,0.9715,0.389619,0.696115
1786703554.836675,66.447824,2013,30.11,230.95,70.71,1.0000,0.360866,0.147315,249.35,334.16,0.9709,0.389602,0.696156
1786703554.877735,66.488884,2014,30.11,230.95,70.71,1.0000,0.360853,0.147316,249.33,334.20,0.9704,0.389583,0.696249
1786703554.915232,66.526381,2015,30.11,230.99,70.74,1.0000,0.360920,0.147366,249.34,334.13,0.9697,0.389600,0.696109
1786703554.931828,66.542977,2016,30.07,230.91,70.67,1.0000,0.360790,0.147227,249.38,334.13,0.9693,0.389654,0.696113
1786703554.970965,66.582114,2017,30.07,230.91,70.69,1.0000,0.360803,0.147272,249.40,334.13,0.9694,0.389694,0.696097
1786703555.017502,66.628651,2018,30.07,230.93,70.69,1.0000,0.360828,0.147270,249.40,334.05,0.9692,0.389688,0.695930
1786703555.038568,66.649716,2019,30.07,230.70,70.60,1.0000,0.360467,0.147093,249.41,333.98,0.9699,0.389702,0.695802
1786703555.069697,66.680846,2020,30.07,230.70,70.75,1.0000,0.360466,0.147389,249.39,333.97,0.9696,0.389669,0.695770
1786703555.112539,66.723688,2021,30.07,230.72,70.85,1.0000,0.360497,0.147598,249.37,334.05,0.9688,0.389640,0.695939
1786703555.144888,66.756037,2022,30.07,230.73,70.92,1.0000,0.360519,0.147741,249.38,334.03,0.9689,0.389652,0.695898
1786703555.160552,66.771701,2023,30.07,230.72,70.92,1.0000,0.360498,0.147741,249.39,333.95,0.9688,0.389671,0.695729
1786703555.225390,66.836539,2024,30.07,230.65,70.92,1.0000,0.360387,0.147749,249.45,333.84,0.9680,0.389767,0.695501
1786703555.240041,66.851189,2025,30.07,230.65,70.93,1.0000,0.360387,0.147769,249.45,334.02,0.9671,0.389772,0.695878
1786703555.260103,66.871252,2026,30.07,230.61,70.96,1.0000,0.360326,0.147841,249.46,334.02,0.9676,0.389789,0.695865
1786703555.309066,66.920215,2027,30.07,230.49,70.97,1.0000,0.360145,0.147856,249.44,334.14,0.9673,0.389745,0.696122
1786703555.335473,66.946622,2028,30.07,230.35,71.03,1.0000,0.359922,0.147971,249.44,334.14,0.9677,0.389754,0.696118
1786703555.383665,66.994814,2029,30.07,230.35,71.03,1.0000,0.359914,0.147975,249.47,334.20,0.9677,0.389800,0.696260
1786703555.415916,67.027065,2030,30.07,230.33,71.06,1.0000,0.359891,0.148039,249.50,334.12,0.9681,0.389842,0.696074
1786703555.431156,67.042305,2031,30.05,230.26,71.05,1.0000,0.359785,0.148013,249.47,334.08,0.9687,0.389795,0.695992
1786703555.479959,67.091107,2032,30.05,230.26,71.06,1.0000,0.359777,0.148050,249.47,333.97,0.9694,0.389799,0.695771
1786703555.512203,67.123352,2033,30.05,230.28,70.98,1.0000,0.359818,0.147880,249.47,333.97,0.9696,0.389799,0.695777
1786703555.527782,67.138931,2034,30.05,230.31,71.02,1.0000,0.359853,0.147955,249.46,333.91,0.9698,0.389787,0.695643
1786703555.573273,67.184422,2035,30.05,230.34,70.88,1.0000,0.359907,0.147665,249.47,333.91,0.9696,0.389800,0.695651
1786703555.599939,67.211087,2036,30.05,230.42,70.91,1.0000,0.360030,0.147732,249.46,333.92,0.9696,0.389782,0.695666
1786703555.639762,67.250911,2037,30.05,230.43,70.92,1.0000,0.360042,0.147742,249.41,333.88,0.9699,0.389697,0.695579
1786703555.687044,67.298193,2038,30.05,230.48,70.93,1.0000,0.360131,0.147780,249.41,334.06,0.9694,0.389700,0.695956
1786703555.701901,67.313050,2039,30.05,230.45,70.94,1.0000,0.360076,0.147783,249.40,333.91,0.9701,0.389692,0.695655
1786703555.740357,67.351506,2040,30.05,230.46,70.95,1.0000,0.360088,0.147813,249.37,333.93,0.9704,0.389638,0.695678
1786703555.782245,67.393394,2041,30.05,230.47,70.95,1.0000,0.360113,0.147803,249.32,334.11,0.9696,0.389558,0.696072
1786703555.797976,67.409125,2042,30.05,230.42,70.95,1.0000,0.360026,0.147802,249.17,334.24,0.9697,0.389333,0.696341
1786703555.837401,67.448550,2043,30.05,230.42,70.96,1.0000,0.360030,0.147832,249.21,334.14,0.9703,0.389391,0.696126
1786703555.874759,67.485908,2044,30.05,230.42,70.95,1.0000,0.360025,0.147806,249.23,334.11,0.9697,0.389429,0.696072
1786703555.898847,67.509996,2045,30.05,230.42,70.94,1.0000,0.360025,0.147800,249.23,334.08,0.9697,0.389427,0.696001
1786703555.930542,67.541691,2046,30.05,230.45,70.97,1.0000,0.360072,0.147849,249.31,333.97,0.9698,0.389548,0.695776
1786703555.973917,67.585066,2047,30.05,230.45,70.99,1.0000,0.360071,0.147892,249.32,333.86,0.9699,0.389559,0.695544
1786703555.996091,67.607240,2048,30.05,230.46,70.98,1.0000,0.360092,0.147882,249.34,333.73,0.9708,0.389593,0.695278
1786703556.053163,67.664311,2049,30.05,230.47,70.98,1.0000,0.360114,0.147884,249.34,333.83,0.9701,0.389592,0.695477
1786703556.068449,67.679598,2050,30.05,230.47,70.91,1.0000,0.360117,0.147719,249.35,333.74,0.9703,0.389615,0.695290
1786703556.100158,67.711307,2051,30.05,230.39,70.91,1.0000,0.359983,0.147721,249.31,333.68,0.9711,0.389554,0.695162
1786703556.134577,67.745726,2052,30.05,230.44,70.91,1.0000,0.360064,0.147719,249.30,333.90,0.9704,0.389537,0.695631
1786703556.168429,67.779578,2053,30.05,230.45,70.94,1.0000,0.360072,0.147785,249.37,333.84,0.9707,0.389638,0.695499
1786703556.202676,67.813825,2054,30.05,230.43,70.89,1.0000,0.360055,0.147691,249.38,333.78,0.9703,0.389650,0.695379
1786703556.244633,67.855782,2055,30.05,230.08,70.92,1.0000,0.359498,0.147749,249.38,333.80,0.9702,0.389659,0.695420
1786703556.261907,67.873056,2056,30.05,230.08,70.85,1.0000,0.359501,0.147612,249.38,333.86,0.9702,0.389662,0.695546
1786703556.305467,67.916615,2057,30.05,230.08,70.84,1.0000,0.359504,0.147590,249.41,333.86,0.9700,0.389704,0.695539
1786703556.337753,67.948901,2058,30.05,230.09,70.83,1.0000,0.359523,0.147557,249.41,334.02,0.9703,0.389697,0.695869
1786703556.364071,67.975220,2059,30.05,230.10,70.83,1.0000,0.359525,0.147556,249.40,334.03,0.9702,0.389695,0.695896
1786703556.398785,68.009934,2060,30.05,230.13,70.83,1.0000,0.359581,0.147558,249.32,334.00,0.9697,0.389562,0.695830
1786703556.427927,68.039075,2061,30.05,230.08,70.83,1.0000,0.359502,0.147558,249.36,333.96,0.9708,0.389622,0.695754
1786703556.475089,68.086238,2062,29.92,230.03,70.82,1.0000,0.359427,0.147550,249.36,333.96,0.9715,0.389627,0.695752
1786703556.522095,68.133244,2063,29.92,229.79,70.82,1.0000,0.359047,0.147541,249.36,333.85,0.9719,0.389633,0.695528
1786703556.541306,68.152455,2064,29.92,229.83,70.82,1.0000,0.359107,0.147541,249.35,333.85,0.9718,0.389616,0.695520
1786703556.572366,68.183514,2065,29.92,229.81,70.86,1.0000,0.359085,0.147623,249.38,333.79,0.9717,0.389654,0.695398
1786703556.616910,68.228059,2066,29.92,229.79,70.97,1.0000,0.359050,0.147846,249.37,333.85,0.9714,0.389648,0.695521
1786703556.641472,68.252621,2067,29.92,229.73,71.06,1.0000,0.358946,0.148042,249.38,333.88,0.9715,0.389649,0.695593
1786703556.687247,68.298395,2068,29.92,229.69,71.14,1.0000,0.358884,0.148199,249.39,333.89,0.9714,0.389667,0.695596
1786703556.705389,68.316537,2069,29.92,229.65,71.15,1.0000,0.358832,0.148235,249.38,333.94,0.9713,0.389656,0.695713
1786703556.731996,68.343144,2070,29.92,229.67,71.15,1.0000,0.358859,0.148225,249.39,333.85,0.9716,0.389675,0.695513
1786703556.769082,68.380231,2071,29.92,229.66,71.13,1.0000,0.358847,0.148185,249.30,333.91,0.9707,0.389537,0.695636
1786703556.797517,68.408666,2072,29.92,229.64,71.16,1.0000,0.358814,0.148246,249.31,333.85,0.9708,0.389540,0.695520
1786703556.856503,68.467652,2073,29.92,229.56,71.11,1.0000,0.358690,0.148145,249.32,333.70,0.9712,0.389555,0.695213
1786703556.871650,68.482799,2074,29.92,229.56,71.14,1.0000,0.358687,0.148204,249.19,333.80,0.9705,0.389364,0.695416
1786703556.903965,68.515114,2075,29.92,229.56,71.15,1.0000,0.358686,0.148232,249.18,333.88,0.9703,0.389351,0.695587
1786703556.951007,68.562155,2076,29.92,229.64,71.15,1.0000,0.358812,0.148220,249.21,333.71,0.9707,0.389386,0.695235
1786703556.968675,68.579824,2077,29.92,229.64,71.15,1.0000,0.358813,0.148238,249.17,333.83,0.9705,0.389326,0.695470
1786703557.009335,68.620483,2078,29.93,229.70,71.21,1.0000,0.358899,0.148348,249.17,333.80,0.9707,0.389325,0.695422
1786703557.033030,68.644179,2079,29.93,229.71,71.38,1.0000,0.358928,0.148701,249.18,333.79,0.9713,0.389337,0.695391
1786703557.076076,68.687224,2080,29.93,229.68,71.27,1.0000,0.358873,0.148473,249.17,333.97,0.9712,0.389336,0.695770
1786703557.111436,68.722585,2081,29.93,229.67,71.17,1.0000,0.358853,0.148263,249.18,333.90,0.9714,0.389343,0.695634
1786703557.126726,68.737875,2082,29.93,229.71,71.29,1.0000,0.358915,0.148518,249.19,333.87,0.9712,0.389360,0.695567
1786703557.192015,68.803164,2083,29.93,229.69,71.09,1.0000,0.358890,0.148114,249.14,333.89,0.9706,0.389287,0.695612
1786703557.206436,68.817585,2084,29.93,229.69,71.09,1.0000,0.358893,0.148114,249.20,333.89,0.9709,0.389370,0.695610
1786703557.222434,68.833583,2085,29.93,229.89,70.97,1.0000,0.359206,0.147862,249.18,333.92,0.9703,0.389340,0.695668
1786703557.263870,68.875018,2086,29.93,229.88,70.97,1.0000,0.359182,0.147862,249.18,334.06,0.9703,0.389340,0.695956
1786703557.319328,68.930477,2087,29.93,229.78,70.88,1.0000,0.359028,0.147671,249.16,334.05,0.9698,0.389310,0.695932
1786703557.351978,68.963127,2088,29.93,229.78,70.88,1.0000,0.359026,0.147669,249.17,334.05,0.9707,0.389336,0.695935
1786703557.366858,68.978007,2089,29.93,229.82,70.84,1.0000,0.359088,0.147593,249.21,334.05,0.9711,0.389386,0.695930
1786703557.414924,69.026073,2090,29.93,229.17,70.85,1.0000,0.358076,0.147594,249.20,334.13,0.9711,0.389369,0.696115
1786703557.446415,69.057564,2091,29.93,229.07,70.87,1.0000,0.357923,0.147651,249.20,334.14,0.9708,0.389375,0.696115
1786703557.478726,69.089875,2092,29.93,229.04,70.88,1.0000,0.357880,0.147659,249.19,334.14,0.9712,0.389352,0.696127
1786703557.509359,69.120508,2093,29.93,229.04,70.85,1.0000,0.357871,0.147606,249.20,334.17,0.9713,0.389381,0.696183
1786703557.544011,69.155160,2094,29.93,229.03,70.85,1.0000,0.357864,0.147603,249.21,334.17,0.9714,0.389396,0.696181
1786703557.557045,69.168193,2095,29.93,229.14,70.82,1.0000,0.358037,0.147544,249.21,334.17,0.9709,0.389392,0.696192
1786703557.621271,69.232420,2096,29.93,229.13,70.75,1.0000,0.358016,0.147387,249.08,334.10,0.9698,0.389180,0.696041
1786703557.643106,69.254255,2097,29.93,229.21,70.73,1.0000,0.358142,0.147358,249.07,334.16,0.9696,0.389172,0.696165
1786703557.668356,69.279505,2098,29.93,229.21,70.73,1.0000,0.358148,0.147345,249.05,334.16,0.9689,0.389137,0.696164
1786703557.699704,69.310853,2099,29.93,229.22,70.72,1.0000,0.358154,0.147325,249.05,334.14,0.9699,0.389134,0.696130
1786703557.755359,69.366508,2100,29.93,229.22,70.70,1.0000,0.358153,0.147294,249.05,334.09,0.9702,0.389138,0.696021
1786703557.763296,69.374445,2101,29.93,229.23,70.70,1.0000,0.358171,0.147290,249.07,334.09,0.9706,0.389167,0.696013
1786703557.806152,69.417300,2102,29.93,229.39,70.62,1.0000,0.358423,0.147126,249.07,334.17,0.9700,0.389166,0.696186
1786703557.844123,69.455272,2103,29.93,229.36,70.62,1.0000,0.358378,0.147123,249.07,334.11,0.9701,0.389173,0.696056
1786703557.875149,69.486298,2104,29.93,229.36,70.64,1.0000,0.358382,0.147165,249.07,334.03,0.9701,0.389174,0.695887
1786703557.921977,69.533126,2105,29.93,229.27,70.58,1.0000,0.358230,0.147049,249.07,334.06,0.9687,0.389175,0.695968
1786703557.937673,69.548822,2106,29.93,229.27,70.57,1.0000,0.358234,0.147016,249.06,334.08,0.9691,0.389160,0.695992
1786703557.980535,69.591684,2107,29.93,229.25,70.48,1.0000,0.358196,0.146843,249.06,334.11,0.9698,0.389162,0.696055
1786703558.007639,69.618788,2108,29.93,229.24,70.55,1.0000,0.358190,0.146976,249.08,334.14,0.9700,0.389192,0.696128
1786703558.049818,69.660967,2109,29.94,229.11,70.52,1.0000,0.357992,0.146915,249.26,334.19,0.9701,0.389475,0.696239
1786703558.085414,69.696563,2110,29.94,229.06,70.54,1.0000,0.357913,0.146950,249.28,334.13,0.9694,0.389500,0.696097
1786703558.100956,69.712105,2111,29.94,229.00,70.55,1.0000,0.357815,0.146979,249.20,334.13,0.9685,0.389372,0.696095
1786703558.143844,69.754992,2112,29.94,228.91,70.50,1.0000,0.357666,0.146873,249.12,334.40,0.9684,0.389254,0.696675
1786703558.177080,69.788229,2113,29.94,228.90,70.55,1.0000,0.357653,0.146983,249.10,334.29,0.9680,0.389222,0.696437
1786703558.208799,69.819948,2114,29.94,228.89,70.58,1.0000,0.357637,0.147047,249.08,334.29,0.9676,0.389192,0.696430
1786703558.243796,69.854945,2115,29.94,228.88,70.83,1.0000,0.357629,0.147557,249.09,334.32,0.9677,0.389196,0.696492
1786703558.280515,69.891664,2116,29.94,228.88,70.85,1.0000,0.357630,0.147609,249.09,334.23,0.9685,0.389196,0.696320
1786703558.307171,69.918320,2117,29.94,228.81,70.85,1.0000,0.357518,0.147605,249.11,334.07,0.9684,0.389227,0.695969
1786703558.333895,69.945044,2118,29.94,228.80,70.85,1.0000,0.357505,0.147613,249.08,334.18,0.9678,0.389187,0.696199
1786703558.382459,69.993608,2119,29.94,228.79,70.87,1.0000,0.357488,0.147654,249.04,334.11,0.9669,0.389118,0.696057
1786703558.400350,70.011498,2120,29.94,228.76,70.83,1.0000,0.357444,0.147554,249.03,334.15,0.9671,0.389114,0.696156
1786703558.437317,70.048465,2121,29.94,228.77,70.81,1.0000,0.357461,0.147527,249.04,334.19,0.9664,0.389125,0.696229
1786703558.478708,70.089857,2122,29.94,228.81,70.80,1.0000,0.357519,0.147509,249.03,334.02,0.9672,0.389115,0.695874
1786703558.522118,70.133266,2123,29.94,228.78,70.80,1.0000,0.357476,0.147505,249.09,334.02,0.9676,0.389202,0.695870
1786703558.537966,70.149114,2124,29.94,228.79,70.79,1.0000,0.357487,0.147472,249.05,334.03,0.9673,0.389148,0.695886
1786703558.571872,70.183021,2125,30.03,228.79,70.77,1.0000,0.357490,0.147438,249.06,334.16,0.9672,0.389160,0.696163
1786703558.606936,70.218085,2126,30.03,228.84,70.69,1.0000,0.357556,0.147272,249.09,334.07,0.9677,0.389199,0.695974
1786703558.633444,70.244592,2127,30.03,228.83,70.65,1.0000,0.357546,0.147186,249.11,333.95,0.9681,0.389231,0.695739
1786703558.697682,70.308831,2128,30.03,228.83,70.62,1.0000,0.357545,0.147118,249.15,333.69,0.9689,0.389297,0.695187
1786703558.700426,70.311574,2129,30.03,228.84,70.59,1.0000,0.357560,0.147062,249.23,333.67,0.9690,0.389415,0.695154
1786703558.741837,70.352985,2130,30.03,228.90,70.57,1.0000,0.357664,0.147017,249.23,333.67,0.9691,0.389415,0.695152
1786703558.774159,70.385308,2131,30.03,229.06,70.57,1.0000,0.357903,0.147011,249.33,333.68,0.9699,0.389586,0.695168
1786703558.801230,70.412379,2132,30.03,229.07,70.56,1.0000,0.357924,0.147010,249.32,333.76,0.9702,0.389555,0.695328
1786703558.835656,70.446805,2133,30.03,229.08,70.58,1.0000,0.357934,0.147042,249.35,333.49,0.9710,0.389602,0.694769
1786703558.881015,70.492164,2134,30.03,228.95,70.66,1.0000,0.357733,0.147211,249.33,333.61,0.9706,0.389584,0.695017
1786703558.907071,70.518219,2135,30.03,228.96,70.66,1.0000,0.357747,0.147201,249.33,333.61,0.9708,0.389573,0.695019
1786703558.925165,70.536314,2136,30.03,228.95,70.71,1.0000,0.357735,0.147313,249.27,333.72,0.9704,0.389485,0.695243
1786703558.979270,70.590419,2137,30.03,228.98,70.70,1.0000,0.357781,0.147286,249.23,333.71,0.9707,0.389426,0.695222
1786703559.006083,70.617231,2138,30.03,228.98,70.70,1.0000,0.357783,0.147289,249.24,333.71,0.9708,0.389435,0.695228
1786703559.047249,70.658398,2139,30.03,228.98,70.70,1.0000,0.357779,0.147288,249.24,333.71,0.9708,0.389439,0.695228
1786703559.100579,70.711728,2141,29.68,228.97,70.95,1.0000,0.357771,0.147815,249.26,333.72,0.9704,0.389475,0.695251
1786703559.132586,70.743734,2142,29.68,228.90,70.95,1.0000,0.357649,0.147814,249.26,333.72,0.9706,0.389467,0.695241
1786703559.167639,70.778788,2143,29.68,228.90,71.01,1.0000,0.357650,0.147942,249.26,333.76,0.9701,0.389464,0.695327
1786703559.213152,70.824301,2144,29.68,228.85,71.26,1.0000,0.357582,0.148465,249.26,333.79,0.9691,0.389464,0.695386
1786703559.260045,70.871193,2145,29.68,228.57,71.30,1.0000,0.357134,0.148538,248.98,334.08,0.9686,0.389025,0.695990
1786703559.274657,70.885806,2146,29.68,228.57,71.30,1.0000,0.357133,0.148546,248.99,333.97,0.9689,0.389039,0.695766
1786703559.299768,70.910917,2147,29.68,228.55,71.32,1.0000,0.357104,0.148584,248.99,333.97,0.9691,0.389039,0.695768
1786703559.329149,70.940298,2148,29.68,228.43,71.29,1.0000,0.356926,0.148514,249.02,333.97,0.9689,0.389095,0.695778
1786703559.369435,70.980584,2149,29.68,228.31,71.29,1.0000,0.356740,0.148515,249.03,334.03,0.9680,0.389114,0.695890
1786703559.401623,71.012772,2150,29.68,228.29,71.25,1.0000,0.356698,0.148440,249.05,334.03,0.9672,0.389141,0.695888
1786703559.446981,71.058130,2151,29.68,228.09,71.18,1.0000,0.356393,0.148282,249.06,334.30,0.9660,0.389151,0.696449
1786703559.468011,71.079160,2152,29.68,227.92,71.13,1.0000,0.356118,0.148185,249.05,334.17,0.9662,0.389147,0.696181
1786703559.499851,71.111000,2153,29.68,227.91,71.23,1.0000,0.356114,0.148390,249.06,334.14,0.9656,0.389157,0.696134
1786703559.534377,71.145526,2154,29.68,227.87,71.24,1.0000,0.356043,0.148410,249.08,334.15,0.9657,0.389182,0.696139
1786703559.590095,71.201244,2155,29.68,227.78,71.69,1.0000,0.355901,0.149356,249.06,334.33,0.9652,0.389156,0.696527
1786703559.605050,71.216199,2156,29.68,227.46,71.52,1.0000,0.355402,0.148995,249.11,334.15,0.9660,0.389227,0.696146
1786703559.621150,71.232299,2157,29.68,227.34,71.51,1.0000,0.355213,0.148988,249.09,334.15,0.9664,0.389199,0.696144
1786703559.658382,71.269531,2158,29.68,227.15,71.42,1.0000,0.354918,0.148799,249.10,334.14,0.9665,0.389212,0.696117
1786703559.703681,71.314830,2159,29.68,226.96,71.50,1.0000,0.354618,0.148965,249.11,334.29,0.9660,0.389230,0.696436
1786703559.735004,71.346153,2160,29.68,226.70,71.51,1.0000,0.354222,0.148980,249.12,334.29,0.9662,0.389244,0.696429
1786703559.763992,71.375141,2161,29.68,226.50,71.54,1.0000,0.353899,0.149044,249.10,334.28,0.9664,0.389217,0.696417
1786703559.812081,71.423230,2162,29.68,226.46,71.54,1.0000,0.353846,0.149042,249.12,334.31,0.9664,0.389245,0.696480
1786703559.842595,71.453744,2163,29.68,226.54,71.48,1.0000,0.353970,0.148907,249.11,334.31,0.9665,0.389237,0.696475
1786703559.865793,71.476942,2164,29.68,226.45,71.51,1.0000,0.353821,0.148982,249.08,334.28,0.9666,0.389185,0.696411
1786703559.903750,71.514899,2165,29.68,226.39,71.51,1.0000,0.353732,0.148974,249.07,334.26,0.9663,0.389178,0.696368
1786703559.933116,71.544265,2166,29.68,226.35,71.54,1.0000,0.353675,0.149034,249.05,334.28,0.9660,0.389142,0.696411
1786703559.969620,71.580768,2167,29.68,226.17,71.54,1.0000,0.353398,0.149035,248.97,334.16,0.9659,0.389018,0.696160
1786703560.011840,71.622989,2168,29.68,226.11,71.37,1.0000,0.353294,0.148683,248.92,334.05,0.9660,0.388930,0.695928
1786703560.038390,71.649539,2169,29.68,226.02,71.35,1.0000,0.353160,0.148638,248.87,334.10,0.9660,0.388861,0.696038
1786703560.064903,71.676052,2170,29.68,226.02,71.34,1.0000,0.353149,0.148628,248.85,334.04,0.9656,0.388827,0.695916
1786703560.099631,71.710780,2171,29.68,225.87,71.34,1.0000,0.352924,0.148631,248.85,333.95,0.9662,0.388835,0.695722
1786703560.139374,71.750523,2172,29.82,225.88,71.28,1.0000,0.352931,0.148510,248.84,333.94,0.9663,0.388807,0.695717
1786703560.167836,71.778985,2173,29.82,225.80,71.32,1.0000,0.352812,0.148578,248.84,333.91,0.9664,0.388813,0.695639
1786703560.202661,71.813810,2174,29.82,225.80,71.34,1.0000,0.352819,0.148620,248.76,333.87,0.9673,0.388693,0.695559
1786703560.241612,71.852761,2175,29.82,225.80,71.35,1.0000,0.352811,0.148638,248.83,333.85,0.9674,0.388798,0.695528
1786703560.265390,71.876539,2176,29.82,225.88,71.33,1.0000,0.352936,0.148610,248.87,333.84,0.9677,0.388852,0.695510
1786703560.304929,71.916078,2177,29.82,225.79,71.38,1.0000,0.352799,0.148701,248.88,333.87,0.9680,0.388871,0.695567
1786703560.334594,71.945743,2178,29.82,225.81,71.37,1.0000,0.352821,0.148679,248.88,333.98,0.9682,0.388875,0.695786
1786703560.371192,71.982341,2179,29.82,225.80,71.41,1.0000,0.352818,0.148773,248.78,333.97,0.9682,0.388715,0.695781
1786703560.405542,72.016691,2180,29.82,225.80,71.41,1.0000,0.352815,0.148773,248.57,334.04,0.9673,0.388387,0.695911
1786703560.434049,72.045198,2181,29.82,225.75,71.44,1.0000,0.352728,0.148829,248.55,334.05,0.9669,0.388360,0.695928
1786703560.479783,72.090932,2182,29.82,225.75,71.40,1.0000,0.352730,0.148747,248.61,333.99,0.9663,0.388459,0.695810
1786703560.527876,72.139025,2183,29.82,225.62,71.37,1.0000,0.352537,0.148687,248.61,333.97,0.9664,0.388454,0.695776
1786703560.538201,72.149349,2184,29.82,225.62,71.39,1.0000,0.352528,0.148739,248.58,333.99,0.9673,0.388399,0.695805
1786703560.566375,72.177523,2185,29.82,225.62,71.43,1.0000,0.352525,0.148806,248.57,333.94,0.9676,0.388395,0.695708
1786703560.602254,72.213403,2186,29.82,225.56,71.43,1.0000,0.352434,0.148807,248.56,334.06,0.9666,0.388379,0.695955
1786703560.634569,72.245718,2187,29.85,225.54,71.43,1.0000,0.352409,0.148808,248.57,333.99,0.9669,0.388384,0.695817
1786703560.685279,72.296428,2188,29.85,225.54,71.44,1.0000,0.352405,0.148836,248.56,334.24,0.9665,0.388370,0.696331
1786703560.721610,72.332759,2189,29.85,225.52,71.45,1.0000,0.352369,0.148845,248.54,334.27,0.9668,0.388343,0.696391
1786703560.750643,72.361792,2190,29.85,225.51,71.47,1.0000,0.352360,0.148896,248.52,334.22,0.9666,0.388320,0.696282
1786703560.763203,72.374352,2191,29.85,225.51,71.48,1.0000,0.352357,0.148921,248.55,334.20,0.9664,0.388356,0.696248
1786703560.814303,72.425452,2192,29.85,225.51,71.45,1.0000,0.352365,0.148852,248.54,334.17,0.9668,0.388337,0.696196
1786703560.824575,72.435724,2193,29.85,225.50,71.44,1.0000,0.352351,0.148837,248.53,334.21,0.9666,0.388335,0.696281
1786703560.885903,72.497052,2194,29.85,225.48,71.44,1.0000,0.352307,0.148830,248.57,334.29,0.9664,0.388386,0.696427
1786703560.909611,72.520760,2195,29.85,225.47,71.44,1.0000,0.352303,0.148827,248.55,334.28,0.9665,0.388352,0.696427
1786703560.935564,72.546712,2196,29.85,225.48,71.33,1.0000,0.352307,0.148606,248.54,334.21,0.9670,0.388344,0.696275
1786703560.970063,72.581212,2197,29.85,225.70,71.23,1.0000,0.352659,0.148403,248.55,334.24,0.9670,0.388367,0.696333
1786703560.999634,72.610783,2198,29.85,225.74,71.24,1.0000,0.352715,0.148407,248.55,334.23,0.9673,0.388366,0.696308
1786703561.036112,72.647261,2199,29.85,225.74,71.31,1.0000,0.352711,0.148552,248.51,334.34,0.9672,0.388294,0.696534
1786703561.071017,72.682165,2200,29.85,225.72,71.29,1.0000,0.352695,0.148530,248.50,334.35,0.9673,0.388288,0.696558
1786703561.102597,72.713745,2201,29.85,225.70,71.07,1.0000,0.352662,0.148069,248.53,334.09,0.9678,0.388331,0.696024
1786703561.153840,72.764988,2202,29.68,225.68,71.12,1.0000,0.352629,0.148160,248.54,334.08,0.9682,0.388351,0.695999
1786703561.165610,72.776759,2203,29.68,225.68,70.84,1.0000,0.352624,0.147578,248.56,334.04,0.9682,0.388372,0.695914
1786703561.211059,72.822207,2204,29.68,225.68,70.92,1.0000,0.352625,0.147749,248.57,333.97,0.9681,0.388396,0.695771
1786703561.242469,72.853617,2205,29.68,225.72,70.92,1.0000,0.352688,0.147752,248.57,333.99,0.9684,0.388398,0.695823
1786703561.271230,72.882379,2206,29.68,225.74,70.92,1.0000,0.352716,0.147755,248.57,334.06,0.9682,0.388384,0.695951
1786703561.308751,72.919900,2207,29.68,225.69,70.80,1.0000,0.352643,0.147510,248.58,334.04,0.9685,0.388400,0.695917
1786703561.338315,72.949464,2208,29.68,225.73,70.81,1.0000,0.352696,0.147513,248.56,334.11,0.9680,0.388379,0.696056
1786703561.376757,72.987906,2209,29.68,225.71,70.71,1.0000,0.352667,0.147320,248.56,334.20,0.9677,0.388382,0.696246
1786703561.410165,73.021313,2210,29.68,225.75,70.71,1.0000,0.352734,0.147322,248.57,334.14,0.9673,0.388387,0.696126
1786703561.439113,73.050262,2211,29.68,225.76,70.70,1.0000,0.352756,0.147286,248.56,334.18,0.9671,0.388377,0.696205
1786703561.483595,73.094744,2212,29.68,225.92,70.88,1.0000,0.353001,0.147674,248.57,334.25,0.9668,0.388385,0.696350
1786703561.507446,73.118594,2213,29.68,225.94,70.88,1.0000,0.353029,0.147673,248.61,334.27,0.9664,0.388456,0.696387
1786703561.533572,73.144721,2214,29.68,226.14,70.98,1.0000,0.353346,0.147876,248.61,334.38,0.9670,0.388459,0.696624
1786703561.568285,73.179434,2215,29.68,226.22,70.97,1.0000,0.353468,0.147859,248.62,334.38,0.9667,0.388465,0.696629
1786703561.602509,73.213658,2216,29.68,226.22,71.32,1.0000,0.353462,0.148594,248.62,334.41,0.9662,0.388470,0.696681
1786703561.663564,73.274713,2217,29.73,226.30,71.35,1.0000,0.353590,0.148642,248.59,334.55,0.9663,0.388419,0.696976
1786703561.666453,73.277602,2218,29.73,226.37,71.35,1.0000,0.353702,0.148656,248.59,334.55,0.9666,0.388427,0.696986
1786703561.698042,73.309191,2219,29.73,226.44,71.29,1.0000,0.353818,0.148524,248.60,334.58,0.9664,0.388444,0.697049
1786703561.738362,73.349510,2220,29.73,226.44,71.34,1.0000,0.353818,0.148623,248.57,334.62,0.9661,0.388387,0.697135
1786703561.778236,73.389385,2221,29.73,226.51,71.34,1.0000,0.353914,0.148630,248.60,334.64,0.9660,0.388435,0.697166
1786703561.827368,73.438517,2222,29.73,226.70,71.37,1.0000,0.354215,0.148696,248.61,334.55,0.9671,0.388448,0.696974
1786703561.842155,73.453303,2223,29.73,226.76,71.38,1.0000,0.354306,0.148718,248.59,334.60,0.9672,0.388429,0.697085
1786703561.873662,73.484811,2224,29.73,226.80,71.47,1.0000,0.354372,0.148893,248.62,334.61,0.9676,0.388468,0.697097
1786703561.908551,73.519700,2225,29.73,226.91,71.48,1.0000,0.354547,0.148914,248.69,334.59,0.9679,0.388579,0.697073
1786703561.937893,73.549042,2226,29.73,226.97,71.75,1.0000,0.354643,0.149473,248.70,334.73,0.9680,0.388592,0.697359
1786703561.974816,73.585965,2227,29.73,227.02,71.75,1.0000,0.354719,0.149485,248.67,334.82,0.9679,0.388552,0.697536
1786703562.001183,73.612332,2228,29.73,227.11,71.80,1.0000,0.354865,0.149574,248.62,334.93,0.9678,0.388467,0.697780
1786703562.049707,73.660856,2229,29.73,227.21,71.75,1.0000,0.355014,0.149485,248.56,334.95,0.9680,0.388373,0.697809
1786703562.073303,73.684452,2230,29.73,227.21,71.82,1.0000,0.355020,0.149619,248.56,334.96,0.9682,0.388378,0.697833
1786703562.099017,73.710166,2231,29.73,227.22,71.83,1.0000,0.355038,0.149654,248.55,334.96,0.9682,0.388364,0.697830
1786703562.143918,73.755066,2232,29.73,227.23,71.84,1.0000,0.355043,0.149669,248.55,335.02,0.9678,0.388365,0.697961
1786703562.169390,73.780539,2233,29.92,227.22,71.94,1.0000,0.355032,0.149867,248.55,335.02,0.9681,0.388367,0.697965
1786703562.202112,73.813261,2234,29.92,227.09,71.98,1.0000,0.354820,0.149967,248.55,335.09,0.9686,0.388360,0.698101
1786703562.236521,73.847670,2235,29.92,227.08,71.99,1.0000,0.354812,0.149989,248.58,335.09,0.9679,0.388408,0.698112
1786703562.271272,73.882421,2236,29.92,227.07,72.02,1.0000,0.354804,0.150048,248.61,334.99,0.9679,0.388454,0.697886
1786703562.287202,73.898350,2237,29.92,227.09,72.07,1.0000,0.354828,0.150154,248.59,334.96,0.9680,0.388417,0.697840
1786703562.331867,73.943016,2238,29.92,227.10,72.08,1.0000,0.354838,0.150159,248.65,334.94,0.9678,0.388522,0.697792
1786703562.366034,73.977183,2239,29.92,227.10,72.27,1.0000,0.354839,0.150568,248.70,334.85,0.9678,0.388589,0.697598
1786703562.413787,74.024935,2240,29.92,227.08,72.37,1.0000,0.354817,0.150770,248.79,334.94,0.9668,0.388737,0.697792
1786703562.433340,74.044489,2241,29.92,227.09,72.35,1.0000,0.354824,0.150733,248.61,334.97,0.9673,0.388455,0.697845
1786703562.467690,74.078839,2242,29.92,227.24,72.41,1.0000,0.355060,0.150863,248.61,334.85,0.9678,0.388451,0.697595
1786703562.505849,74.116997,2243,29.92,227.26,72.41,1.0000,0.355091,0.150861,248.62,334.89,0.9682,0.388475,0.697679
1786703562.521483,74.132632,2244,29.92,227.34,72.35,1.0000,0.355223,0.150721,248.63,334.87,0.9683,0.388488,0.697655
1786703562.567272,74.178421,2245,29.92,227.37,72.35,1.0000,0.355268,0.150723,248.72,334.75,0.9683,0.388622,0.697395
1786703562.601938,74.213087,2246,29.92,227.36,72.30,1.0000,0.355252,0.150615,248.72,334.76,0.9685,0.388631,0.697421
1786703562.630302,74.241451,2247,29.92,227.36,72.35,1.0000,0.355252,0.150735,248.63,334.79,0.9680,0.388485,0.697476
1786703562.679023,74.290171,2248,29.92,227.40,72.35,1.0000,0.355312,0.150737,248.64,334.63,0.9679,0.388503,0.697151
1786703562.705781,74.316930,2249,30.02,227.40,72.39,1.0000,0.355310,0.150811,248.63,334.64,0.9687,0.388489,0.697160
1786703562.746356,74.357505,2250,30.02,227.43,72.39,1.0000,0.355353,0.150810,248.64,334.65,0.9692,0.388493,0.697186
1786703562.778121,74.389270,2251,30.02,227.43,72.43,1.0000,0.355354,0.150895,248.62,334.53,0.9694,0.388464,0.696943
1786703562.813010,74.424159,2252,30.02,227.43,72.39,1.0000,0.355361,0.150818,248.68,334.37,0.9687,0.388560,0.696604
1786703562.832044,74.443193,2253,30.02,227.54,72.38,1.0000,0.355530,0.150802,248.73,334.40,0.9687,0.388634,0.696673
1786703562.874472,74.485620,2254,30.02,227.54,72.23,1.0000,0.355539,0.150471,248.71,334.40,0.9685,0.388614,0.696668
1786703562.906781,74.517930,2255,30.02,227.77,72.21,1.0000,0.355885,0.150445,248.79,334.24,0.9694,0.388733,0.696328
1786703562.932636,74.543784,2256,30.02,227.73,72.14,1.0000,0.355833,0.150294,248.81,334.19,0.9699,0.388771,0.696224
1786703562.983391,74.594540,2257,30.02,228.15,72.21,1.0000,0.356483,0.150434,248.87,334.19,0.9703,0.388864,0.696235
1786703562.998430,74.609579,2258,30.02,228.21,72.20,1.0000,0.356583,0.150423,248.90,334.19,0.9704,0.388905,0.696233
1786703563.034399,74.645548,2259,30.02,228.24,72.18,1.0000,0.356619,0.150369,248.90,334.12,0.9711,0.388913,0.696086
1786703563.094498,74.705647,2260,30.02,228.27,72.16,1.0000,0.356679,0.150326,248.96,334.01,0.9716,0.388996,0.695862
1786703563.109544,74.720692,2261,30.02,228.28,72.17,1.0000,0.356680,0.150346,248.99,333.88,0.9721,0.389048,0.695591
1786703563.129636,74.740784,2262,30.02,228.34,72.05,1.0000,0.356782,0.150094,249.00,333.75,0.9724,0.389059,0.695313
1786703563.182335,74.793484,2263,30.02,228.33,72.06,1.0000,0.356761,0.150120,249.02,333.77,0.9722,0.389095,0.695349
1786703563.198953,74.810102,2264,30.02,228.46,72.03,1.0000,0.356976,0.150058,249.05,333.71,0.9727,0.389133,0.695232
1786703563.237737,74.848886,2265,29.96,228.42,72.07,1.0000,0.356911,0.150149,249.05,333.73,0.9723,0.389137,0.695262
1786703563.272459,74.883608,2266,29.96,228.42,71.82,1.0000,0.356907,0.149629,249.03,334.13,0.9712,0.389116,0.696104
1786703563.297912,74.909061,2267,29.96,228.36,71.78,1.0000,0.356818,0.149543,249.05,333.99,0.9718,0.389139,0.695807
1786703563.341458,74.952607,2268,29.96,228.46,71.69,1.0000,0.356969,0.149364,249.02,334.07,0.9715,0.389101,0.695983
1786703563.368052,74.979201,2269,29.96,228.46,71.79,1.0000,0.356968,0.149558,249.01,334.14,0.9718,0.389079,0.696131
1786703563.407589,75.018738,2270,29.96,228.43,71.95,1.0000,0.356921,0.149893,249.03,334.18,0.9716,0.389105,0.696216
1786703563.431924,75.043072,2271,29.96,228.43,71.92,1.0000,0.356929,0.149832,248.99,334.50,0.9704,0.389041,0.696884
1786703563.480475,75.091624,2272,29.96,228.50,71.83,1.0000,0.357023,0.149636,248.99,334.22,0.9712,0.389053,0.696288
1786703563.511685,75.122834,2273,29.96,228.50,71.83,1.0000,0.357024,0.149637,248.81,334.53,0.9710,0.388766,0.696942
1786703563.531651,75.142800,2274,29.96,228.62,71.93,1.0000,0.357217,0.149853,248.81,334.45,0.9710,0.388770,0.696778
1786703563.583028,75.194177,2275,29.96,228.58,71.86,1.0000,0.357153,0.149709,248.81,334.78,0.9696,0.388758,0.697456
1786703563.614280,75.225429,2276,29.96,228.60,71.89,1.0000,0.357186,0.149765,248.83,334.67,0.9702,0.388796,0.697233
1786703563.625346,75.236495,2277,29.96,228.59,71.89,1.0000,0.357169,0.149765,248.83,334.65,0.9693,0.388801,0.697187
1786703563.662675,75.273824,2278,29.96,228.49,72.02,1.0000,0.357019,0.150036,248.84,334.55,0.9695,0.388808,0.696984
1786703563.707480,75.318629,2279,29.96,228.54,71.95,1.0000,0.357099,0.149886,248.92,334.53,0.9700,0.388940,0.696935
1786703563.741778,75.352926,2280,29.96,228.54,72.08,1.0000,0.357101,0.150164,248.87,334.53,0.9696,0.388857,0.696933
1786703563.763390,75.374539,2281,29.96,228.65,72.07,1.0000,0.357265,0.150147,248.90,334.40,0.9699,0.388900,0.696662
1786703563.803583,75.414732,2282,29.96,228.65,72.03,1.0000,0.357272,0.150067,248.90,334.36,0.9695,0.388901,0.696588
1786703563.835221,75.446370,2283,29.96,228.66,72.04,1.0000,0.357276,0.150092,248.99,334.37,0.9699,0.389042,0.696609
1786703563.864550,75.475698,2284,29.96,228.66,71.97,1.0000,0.357276,0.149938,249.00,334.32,0.9702,0.389063,0.696505
1786703563.904382,75.515531,2285,29.96,228.83,71.89,1.0000,0.357540,0.149772,249.07,333.92,0.9702,0.389173,0.695673
1786703563.941231,75.552380,2286,29.96,228.91,71.87,1.0000,0.357668,0.149723,249.12,333.84,0.9705,0.389245,0.695510
1786703563.981211,75.592360,2287,29.96,229.04,71.86,1.0000,0.357868,0.149709,249.12,333.88,0.9700,0.389248,0.695591
1786703564.018414,75.629563,2288,29.96,229.03,71.81,1.0000,0.357864,0.149611,249.11,333.86,0.9702,0.389240,0.695536
1786703564.039700,75.650849,2289,29.96,229.06,71.72,1.0000,0.357908,0.149421,249.13,333.87,0.9701,0.389273,0.695572
1786703564.077135,75.688283,2290,29.96,229.35,71.72,1.0000,0.358362,0.149414,249.18,333.85,0.9705,0.389350,0.695529
1786703564.103633,75.714782,2291,29.96,229.37,71.72,1.0000,0.358389,0.149410,249.18,333.82,0.9710,0.389347,0.695457
1786703564.133042,75.744191,2292,29.96,229.63,71.71,1.0000,0.358804,0.149406,249.18,333.78,0.9716,0.389346,0.695369
1786703564.167191,75.778339,2293,29.96,229.62,71.72,1.0000,0.358784,0.149416,249.18,333.79,0.9717,0.389345,0.695401
1786703564.212867,75.824016,2294,29.96,229.64,71.71,1.0000,0.358806,0.149390,249.17,333.75,0.9728,0.389332,0.695305
1786703564.234196,75.845345,2295,29.96,229.66,71.75,1.0000,0.358848,0.149471,249.16,333.78,0.9722,0.389310,0.695385
1786703564.277024,75.888173,2296,30.02,229.71,71.74,1.0000,0.358929,0.149455,249.22,333.66,0.9728,0.389400,0.695127
1786703564.308880,75.920028,2297,30.02,229.69,71.84,1.0000,0.358896,0.149661,249.20,333.95,0.9723,0.389375,0.695723
1786703564.366915,75.978064,2299,30.02,229.69,71.81,1.0000,0.358891,0.149602,249.24,333.83,0.9724,0.389438,0.695473
1786703564.411355,76.022504,2300,30.02,229.66,72.00,1.0000,0.358840,0.149993,249.25,333.98,0.9726,0.389449,0.695802
1786703564.436554,76.047703,2301,30.02,229.65,72.07,1.0000,0.358836,0.150144,249.24,334.06,0.9716,0.389442,0.695956
1786703564.476463,76.087611,2302,30.02,229.64,72.10,1.0000,0.358817,0.150213,249.20,334.08,0.9719,0.389381,0.696008
1786703564.504992,76.116141,2303,30.02,229.70,71.99,1.0000,0.358910,0.149972,249.19,334.11,0.9717,0.389367,0.696055
1786703564.531186,76.142335,2304,30.02,229.70,71.95,1.0000,0.358912,0.149905,249.19,334.10,0.9717,0.389356,0.696034
1786703564.567918,76.179066,2305,30.02,229.71,71.82,1.0000,0.358923,0.149628,249.12,334.21,0.9711,0.389248,0.696273
1786703564.607890,76.219039,2306,30.02,229.67,71.74,1.0000,0.358854,0.149456,249.13,334.20,0.9709,0.389264,0.696245
1786703564.650185,76.261333,2307,30.02,229.66,71.74,1.0000,0.358845,0.149451,249.16,334.03,0.9711,0.389305,0.695898
1786703564.666514,76.277663,2308,30.02,229.61,71.74,1.0000,0.358771,0.149449,249.14,334.12,0.9711,0.389274,0.696075
1786703564.700399,76.311548,2309,30.02,229.60,71.77,1.0000,0.358756,0.149523,249.17,334.05,0.9714,0.389331,0.695940
1786703564.739991,76.351140,2310,30.02,229.60,71.78,1.0000,0.358751,0.149546,249.15,334.17,0.9709,0.389302,0.696178
1786703564.776472,76.387621,2311,29.59,229.62,71.72,1.0000,0.358781,0.149423,249.07,334.23,0.9704,0.389165,0.696315
1786703564.803783,76.414932,2312,29.59,229.47,71.71,1.0000,0.358550,0.149396,249.08,334.02,0.9705,0.389187,0.695873
1786703564.835928,76.447077,2313,29.59,229.47,71.56,1.0000,0.358547,0.149093,249.10,334.02,0.9703,0.389215,0.695876
1786703564.868037,76.479186,2314,29.59,229.35,71.57,1.0000,0.358363,0.149108,249.10,334.03,0.9704,0.389215,0.695893
1786703564.902445,76.513594,2315,29.59,229.34,71.55,1.0000,0.358344,0.149054,248.99,334.20,0.9700,0.389044,0.696253
1786703564.933719,76.544868,2316,29.59,229.21,71.53,1.0000,0.358147,0.149017,249.01,334.15,0.9707,0.389076,0.696142
1786703564.968516,76.579665,2317,29.59,229.43,71.52,1.0000,0.358481,0.149005,249.03,334.11,0.9700,0.389106,0.696055
1786703565.002090,76.613239,2318,29.59,229.44,71.54,1.0000,0.358493,0.149032,249.00,334.18,0.9698,0.389057,0.696207
1786703565.036932,76.648081,2319,29.59,229.47,71.44,1.0000,0.358542,0.148832,248.98,334.33,0.9692,0.389032,0.696523
1786703565.084803,76.695952,2320,29.59,229.47,71.57,1.0000,0.358547,0.149105,248.99,333.94,0.9701,0.389041,0.695712
1786703565.103619,76.714768,2321,29.59,229.40,71.56,1.0000,0.358439,0.149091,249.03,333.78,0.9701,0.389108,0.695382
1786703565.148125,76.759274,2322,29.59,229.40,71.65,1.0000,0.358433,0.149281,249.02,333.79,0.9703,0.389095,0.695388
1786703565.164041,76.775190,2323,29.59,229.40,71.70,1.0000,0.358430,0.149372,249.07,333.75,0.9715,0.389171,0.695314
1786703565.200448,76.811597,2324,29.59,229.40,71.70,1.0000,0.358436,0.149372,249.06,333.81,0.9717,0.389156,0.695428
1786703565.237073,76.848222,2325,29.59,229.24,71.69,1.0000,0.358195,0.149358,248.97,334.09,0.9721,0.389017,0.696012
1786703565.278373,76.889522,2326,29.58,229.06,71.69,1.0000,0.357904,0.149361,248.97,333.98,0.9722,0.389017,0.695786
1786703565.291556,76.902704,2327,29.58,229.04,71.68,1.0000,0.357872,0.149339,248.91,334.03,0.9719,0.388928,0.695898
1786703565.350999,76.962148,2328,29.58,229.04,71.66,1.0000,0.357872,0.149288,248.63,334.17,0.9719,0.388482,0.696188
1786703565.371701,76.982850,2329,29.58,229.02,71.74,1.0000,0.357850,0.149456,248.68,334.11,0.9722,0.388555,0.696058
1786703565.403292,77.014441,2330,29.58,228.44,71.72,1.0000,0.356936,0.149413,248.71,334.10,0.9723,0.388603,0.696041
1786703565.424044,77.035193,2331,29.58,228.42,71.84,1.0000,0.356899,0.149667,248.72,334.14,0.9719,0.388628,0.696121
1786703565.472682,77.083830,2332,29.58,228.42,71.94,1.0000,0.356901,0.149871,248.80,334.16,0.9719,0.388747,0.696169
1786703565.501144,77.112293,2333,29.58,228.41,71.94,1.0000,0.356888,0.149882,248.83,334.13,0.9725,0.388794,0.696110
1786703565.532967,77.144116,2334,29.58,228.41,71.95,1.0000,0.356890,0.149904,248.86,334.15,0.9726,0.388848,0.696149
1786703565.578492,77.189641,2335,29.58,228.45,71.93,1.0000,0.356948,0.149853,248.88,334.11,0.9727,0.388879,0.696070
1786703565.605220,77.216368,2336,29.58,228.55,71.89,1.0000,0.357115,0.149781,248.82,334.10,0.9722,0.388776,0.696049
1786703565.673974,77.285123,2337,29.58,228.58,71.91,1.0000,0.357160,0.149805,248.82,334.08,0.9722,0.388780,0.695998
1786703565.689821,77.300969,2338,29.58,228.64,71.76,1.0000,0.357253,0.149494,248.79,334.14,0.9717,0.388732,0.696134
1786703565.705820,77.316969,2339,29.58,228.64,71.76,1.0000,0.357254,0.149494,248.80,334.15,0.9720,0.388744,0.696150
1786703565.733174,77.344322,2340,29.58,228.63,71.76,1.0000,0.357229,0.149500,248.83,334.15,0.9717,0.388804,0.696151
1786703565.766567,77.377716,2341,29.58,228.87,71.64,1.0000,0.357604,0.149249,248.85,334.15,0.9714,0.388821,0.696139
1786703565.798906,77.410054,2342,29.84,228.87,71.67,1.0000,0.357602,0.149317,248.80,334.30,0.9711,0.388751,0.696462
1786703565.833600,77.444749,2343,29.84,228.92,71.67,1.0000,0.357683,0.149312,248.85,334.25,0.9708,0.388827,0.696357
1786703565.857401,77.468549,2344,29.84,228.91,71.69,1.0000,0.357673,0.149347,248.95,334.23,0.9713,0.388987,0.696314
1786703565.897529,77.508677,2345,29.84,228.99,71.69,1.0000,0.357791,0.149353,249.04,334.21,0.9710,0.389126,0.696269
1786703565.929115,77.540264,2346,29.84,229.13,71.85,1.0000,0.358017,0.149682,249.05,334.14,0.9716,0.389138,0.696133
1786703565.963678,77.574826,2347,29.84,229.13,71.90,1.0000,0.358023,0.149802,249.05,334.13,0.9713,0.389147,0.696111
1786703566.000454,77.611603,2348,29.84,229.20,71.93,1.0000,0.358129,0.149849,249.03,334.12,0.9713,0.389113,0.696090
1786703566.029763,77.640911,2349,29.84,229.21,71.93,1.0000,0.358139,0.149851,249.07,334.14,0.9707,0.389177,0.696124
1786703566.064569,77.675718,2350,29.84,229.42,72.00,1.0000,0.358470,0.149995,249.03,334.25,0.9702,0.389108,0.696348
1786703566.107158,77.718307,2351,29.84,229.61,71.83,1.0000,0.358766,0.149642,249.06,334.23,0.9705,0.389163,0.696321
1786703566.132596,77.743745,2352,29.84,229.61,71.82,1.0000,0.358767,0.149632,249.05,334.28,0.9703,0.389148,0.696407
1786703566.175568,77.786717,2353,29.84,229.79,71.76,1.0000,0.359052,0.149499,248.97,334.26,0.9706,0.389019,0.696368
1786703566.217623,77.828772,2354,29.84,229.88,71.78,1.0000,0.359182,0.149537,248.96,334.38,0.9700,0.388993,0.696616
1786703566.246875,77.858024,2355,29.84,229.88,71.78,1.0000,0.359184,0.149548,248.91,334.46,0.9697,0.388922,0.696794
1786703566.266481,77.877630,2356,29.84,229.88,71.79,1.0000,0.359194,0.149567,248.92,334.43,0.9702,0.388945,0.696739
1786703566.312607,77.923756,2357,29.68,229.87,71.80,1.0000,0.359175,0.149575,248.99,334.02,0.9702,0.389039,0.695878
1786703566.334543,77.945691,2358,29.68,230.00,71.62,1.0000,0.359370,0.149216,248.99,333.99,0.9701,0.389044,0.695808
1786703566.371647,77.982796,2359,29.68,229.99,71.59,1.0000,0.359356,0.149152,249.00,333.96,0.9700,0.389057,0.695750
1786703566.409173,78.020322,2360,29.68,230.00,71.48,1.0000,0.359374,0.148912,249.04,333.95,0.9701,0.389130,0.695734
1786703566.422139,78.033288,2361,29.68,230.07,71.42,1.0000,0.359481,0.148787,249.04,333.99,0.9707,0.389126,0.695818
1786703566.475460,78.086608,2362,29.68,230.07,71.39,1.0000,0.359483,0.148737,249.07,333.94,0.9710,0.389166,0.695704
1786703566.514988,78.126137,2363,29.68,230.26,71.49,1.0000,0.359777,0.148946,249.11,333.89,0.9712,0.389235,0.695597
1786703566.534684,78.145833,2364,29.68,230.26,71.41,1.0000,0.359780,0.148762,249.19,333.79,0.9718,0.389357,0.695400
1786703566.567447,78.178596,2365,29.68,230.50,71.36,1.0000,0.360163,0.148668,249.19,333.66,0.9718,0.389366,0.695115
1786703566.599590,78.210739,2366,29.68,230.72,71.36,1.0000,0.360499,0.148669,249.20,333.66,0.9724,0.389368,0.695120
1786703566.633395,78.244544,2367,29.68,230.91,71.52,1.0000,0.360797,0.149007,249.21,333.79,0.9721,0.389388,0.695399
1786703566.681900,78.293049,2368,29.68,231.36,71.53,1.0000,0.361502,0.149022,249.22,333.92,0.9716,0.389409,0.695658
1786703566.708858,78.320007,2369,29.68,231.38,71.58,1.0000,0.361528,0.149124,249.20,334.17,0.9701,0.389371,0.696192
1786703566.735270,78.346418,2370,29.68,231.56,71.61,1.0000,0.361805,0.149188,249.22,334.17,0.9705,0.389400,0.696183
1786703566.772269,78.383417,2371,29.68,231.59,71.56,1.0000,0.361853,0.149078,249.24,333.99,0.9710,0.389445,0.695811
1786703566.814519,78.425668,2372,29.74,232.04,71.53,1.0000,0.362566,0.149031,249.28,334.10,0.9713,0.389495,0.696045
1786703566.845993,78.457142,2373,29.74,232.03,71.60,1.0000,0.362542,0.149158,249.27,334.19,0.9708,0.389478,0.696236
1786703566.862144,78.473292,2374,29.74,232.06,71.66,1.0000,0.362587,0.149286,249.28,334.20,0.9702,0.389499,0.696256
1786703566.937836,78.548985,2375,29.74,232.07,71.67,1.0000,0.362614,0.149303,249.28,334.20,0.9701,0.389503,0.696255
1786703566.954465,78.565614,2376,29.74,232.00,71.70,1.0000,0.362492,0.149366,249.28,334.14,0.9700,0.389506,0.696132
1786703566.976569,78.587718,2377,29.74,232.04,71.69,1.0000,0.362564,0.149353,249.28,334.17,0.9697,0.389504,0.696184
1786703566.990385,78.601534,2378,29.74,231.99,71.66,1.0000,0.362486,0.149286,249.29,334.06,0.9705,0.389510,0.695951
1786703567.038399,78.649548,2379,29.74,231.93,71.73,1.0000,0.362397,0.149429,249.28,334.16,0.9697,0.389494,0.696167
1786703567.082046,78.693195,2380,29.74,231.92,71.73,1.0000,0.362375,0.149434,249.19,334.49,0.9691,0.389353,0.696844
1786703567.098512,78.709661,2381,29.74,231.72,71.73,1.0000,0.362064,0.149432,249.20,334.43,0.9694,0.389371,0.696731
1786703567.135248,78.746397,2382,29.74,231.83,71.73,1.0000,0.362231,0.149444,249.17,334.58,0.9688,0.389323,0.697036
1786703567.173221,78.784369,2383,29.74,231.61,71.75,1.0000,0.361888,0.149470,249.17,334.54,0.9689,0.389329,0.696956
1786703567.207217,78.818365,2384,29.74,231.54,71.76,1.0000,0.361780,0.149510,249.17,334.50,0.9682,0.389328,0.696875
1786703567.238435,78.849584,2385,29.74,231.68,71.94,1.0000,0.362006,0.149883,249.15,334.61,0.9684,0.389291,0.697103
1786703567.272824,78.883973,2386,29.74,231.71,72.01,1.0000,0.362050,0.150030,249.16,334.59,0.9685,0.389308,0.697070
1786703567.309542,78.920691,2387,29.74,231.65,72.02,1.0000,0.361951,0.150050,249.18,334.62,0.9681,0.389349,0.697121
1786703567.338535,78.949684,2388,30.01,231.78,72.03,1.0000,0.362152,0.150053,249.19,334.64,0.9679,0.389356,0.697174
1786703567.375674,78.986823,2389,30.01,231.78,72.12,1.0000,0.362157,0.150242,249.25,334.58,0.9678,0.389448,0.697049
1786703567.406645,79.017794,2390,30.01,231.80,72.12,1.0000,0.362186,0.150243,249.32,334.59,0.9670,0.389562,0.697071
1786703567.438714,79.049863,2391,30.01,231.83,72.09,1.0000,0.362235,0.150188,249.33,334.59,0.9669,0.389572,0.697063
1786703567.465815,79.076964,2392,30.01,231.98,72.01,1.0000,0.362464,0.150021,249.32,334.61,0.9666,0.389568,0.697097
1786703567.497410,79.108559,2393,30.01,231.97,72.24,1.0000,0.362459,0.150502,249.32,334.64,0.9654,0.389567,0.697163
1786703567.531649,79.142798,2394,30.01,232.07,72.13,1.0000,0.362614,0.150266,249.34,334.74,0.9647,0.389600,0.697369
1786703567.577157,79.188306,2395,30.01,232.07,72.23,1.0000,0.362615,0.150470,249.35,334.73,0.9640,0.389604,0.697356
1786703567.592880,79.204029,2396,30.01,232.08,72.23,1.0000,0.362626,0.150473,249.34,334.75,0.9634,0.389598,0.697396
1786703567.630343,79.241492,2397,30.01,232.20,72.23,1.0000,0.362815,0.150477,249.36,334.54,0.9638,0.389620,0.696954
1786703567.673309,79.284458,2398,30.01,232.22,72.11,1.0000,0.362846,0.150235,249.33,334.51,0.9643,0.389584,0.696886
1786703567.696119,79.307268,2399,30.01,232.24,72.14,1.0000,0.362873,0.150291,249.33,334.66,0.9639,0.389575,0.697199
1786703567.738453,79.349602,2400,30.01,232.30,72.14,1.0000,0.362967,0.150287,249.30,334.67,0.9636,0.389538,0.697220
1786703567.771242,79.382391,2401,30.01,232.29,72.10,1.0000,0.362960,0.150218,249.31,334.70,0.9636,0.389553,0.697297
1786703567.784890,79.396039,2402,30.01,232.42,72.14,1.0000,0.363160,0.150299,249.27,334.72,0.9633,0.389486,0.697343
1786703567.840816,79.451965,2403,29.92,232.02,71.96,1.0000,0.362525,0.149919,249.28,334.62,0.9633,0.389494,0.697116
1786703567.869659,79.480808,2404,29.92,232.15,71.97,1.0000,0.362727,0.149933,249.29,334.62,0.9633,0.389513,0.697125
1786703567.904650,79.515799,2405,29.92,232.23,72.04,1.0000,0.362853,0.150078,249.29,334.63,0.9633,0.389513,0.697139
1786703567.938785,79.549933,2406,29.92,232.33,72.07,1.0000,0.363023,0.150146,249.30,334.68,0.9637,0.389538,0.697259
1786703567.978610,79.589759,2407,29.92,232.43,72.20,1.0000,0.363178,0.150417,249.29,334.69,0.9635,0.389518,0.697279
1786703568.010124,79.621273,2408,29.92,232.56,72.19,1.0000,0.363379,0.150400,249.30,334.63,0.9637,0.389528,0.697141
1786703568.023409,79.634558,2409,29.92,232.55,72.20,1.0000,0.363352,0.150412,249.29,334.63,0.9633,0.389520,0.697137
1786703568.067935,79.679084,2410,29.92,232.62,71.97,1.0000,0.363462,0.149932,249.32,334.50,0.9637,0.389555,0.696867
1786703568.102788,79.713937,2411,29.92,232.61,71.97,1.0000,0.363450,0.149935,249.32,334.57,0.9638,0.389556,0.697023
1786703568.137320,79.748469,2412,29.92,232.55,71.96,1.0000,0.363359,0.149926,249.28,334.64,0.9643,0.389506,0.697174
1786703568.173731,79.784880,2413,29.92,232.55,71.96,1.0000,0.363361,0.149921,249.28,334.61,0.9650,0.389504,0.697102
1786703568.236927,79.848076,2414,29.92,232.56,72.23,1.0000,0.363371,0.150488,249.26,334.63,0.9653,0.389465,0.697143
1786703568.243675,79.854823,2415,29.92,232.56,72.27,1.0000,0.363368,0.150553,249.23,334.66,0.9652,0.389415,0.697210
1786703568.272966,79.884115,2416,29.92,232.56,72.28,1.0000,0.363371,0.150584,249.24,334.66,0.9656,0.389437,0.697213
1786703568.297898,79.909046,2417,29.92,232.37,72.19,1.0000,0.363076,0.150390,249.25,334.66,0.9652,0.389452,0.697216
1786703568.332134,79.943282,2418,29.92,232.34,72.17,1.0000,0.363035,0.150363,249.20,334.67,0.9652,0.389379,0.697227
1786703568.366288,79.977437,2419,30.00,231.84,72.11,1.0000,0.362248,0.150226,249.28,334.37,0.9657,0.389495,0.696608
1786703568.405340,80.016489,2420,30.00,231.78,72.03,1.0000,0.362162,0.150059,249.24,334.32,0.9665,0.389445,0.696499
1786703568.421942,80.033091,2421,30.00,231.57,72.01,1.0000,0.361833,0.150031,249.27,334.13,0.9655,0.389485,0.696098
1786703568.482125,80.093273,2422,30.00,231.64,72.03,1.0000,0.361931,0.150057,249.25,334.26,0.9654,0.389450,0.696365
1786703568.490080,80.101229,2423,30.00,231.56,72.02,1.0000,0.361809,0.150032,249.24,334.19,0.9661,0.389437,0.696227
1786703568.543322,80.154471,2424,30.00,231.56,71.82,1.0000,0.361815,0.149634,249.24,334.11,0.9666,0.389444,0.696056
1786703568.569650,80.180799,2425,30.00,231.59,71.82,1.0000,0.361852,0.149624,249.32,334.10,0.9670,0.389560,0.696050
1786703568.601124,80.212273,2426,30.00,231.34,71.67,1.0000,0.361476,0.149312,249.39,334.11,0.9674,0.389680,0.696064
1786703568.640489,80.251637,2427,30.00,231.39,71.67,1.0000,0.361540,0.149308,249.44,334.11,0.9675,0.389754,0.696056
1786703568.666902,80.278050,2428,30.00,231.18,71.67,1.0000,0.361226,0.149308,249.44,333.93,0.9685,0.389753,0.695691
1786703568.701000,80.312149,2429,30.00,231.15,71.54,1.0000,0.361174,0.149036,249.55,333.92,0.9687,0.389925,0.695670
1786703568.746629,80.357778,2430,30.00,231.10,71.60,1.0000,0.361101,0.149166,249.53,333.95,0.9690,0.389896,0.695730
1786703568.769855,80.381004,2431,30.00,231.10,71.58,1.0000,0.361094,0.149118,249.54,333.92,0.9693,0.389902,0.695659
1786703568.806148,80.417296,2432,30.00,231.09,71.58,1.0000,0.361074,0.149121,249.65,333.79,0.9696,0.390082,0.695395
1786703568.830730,80.441879,2433,30.00,230.84,71.42,1.0000,0.360688,0.148784,249.79,333.49,0.9704,0.390297,0.694764
1786703568.869038,80.480187,2434,29.92,231.05,71.42,1.0000,0.361009,0.148797,249.74,333.50,0.9695,0.390216,0.694789
1786703568.885078,80.496227,2435,29.92,231.03,71.42,1.0000,0.360991,0.148798,249.74,333.48,0.9696,0.390215,0.694759
1786703568.932891,80.544040,2436,29.92,231.16,71.47,1.0000,0.361184,0.148896,249.73,333.47,0.9690,0.390209,0.694724
1786703568.969814,80.580962,2437,29.92,231.15,71.41,1.0000,0.361169,0.148781,249.75,333.41,0.9700,0.390238,0.694606
1786703569.006877,80.618026,2438,29.92,231.15,71.46,1.0000,0.361166,0.148878,249.74,333.46,0.9701,0.390218,0.694711
1786703569.035313,80.646462,2439,29.92,231.19,71.46,1.0000,0.361229,0.148878,249.76,333.44,0.9701,0.390248,0.694665
1786703569.068264,80.679413,2440,29.92,231.19,71.45,1.0000,0.361229,0.148845,249.70,333.43,0.9707,0.390158,0.694644
1786703569.103971,80.715120,2441,29.92,231.33,71.50,1.0000,0.361448,0.148951,249.67,333.47,0.9707,0.390106,0.694738
1786703569.136231,80.747380,2442,29.92,231.42,71.50,1.0000,0.361589,0.148956,249.67,333.51,0.9708,0.390104,0.694809
1786703569.171803,80.782952,2443,29.92,231.53,71.51,1.0000,0.361760,0.148978,249.64,333.50,0.9713,0.390058,0.694790
1786703569.195501,80.806650,2444,29.92,231.54,71.51,1.0000,0.361787,0.148979,249.69,333.45,0.9721,0.390137,0.694692
1786703569.234854,80.846003,2445,29.92,231.57,71.44,1.0000,0.361825,0.148834,249.69,333.48,0.9725,0.390148,0.694750
1786703569.267459,80.878608,2446,29.92,231.58,71.42,1.0000,0.361842,0.148798,249.69,333.49,0.9726,0.390141,0.694764
1786703569.314542,80.925691,2447,29.92,231.65,71.40,1.0000,0.361957,0.148756,249.69,333.47,0.9726,0.390136,0.694736
1786703569.346644,80.957793,2448,29.92,231.65,71.40,1.0000,0.361946,0.148742,249.66,333.52,0.9727,0.390096,0.694831
1786703569.367157,80.978306,2449,29.92,231.64,71.20,1.0000,0.361933,0.148328,249.74,333.47,0.9720,0.390225,0.694724
1786703569.396415,81.007564,2450,29.99,231.61,71.21,1.0000,0.361895,0.148362,249.74,333.56,0.9721,0.390217,0.694924
1786703569.441992,81.053141,2451,29.99,231.69,71.20,1.0000,0.362017,0.148330,249.73,333.70,0.9720,0.390204,0.695215
1786703569.506593,81.117742,2452,29.99,231.68,71.20,1.0000,0.361994,0.148336,249.73,333.76,0.9720,0.390203,0.695331
1786703569.522188,81.133337,2453,29.99,231.33,71.20,1.0000,0.361451,0.148325,249.72,333.76,0.9726,0.390180,0.695341
1786703569.547989,81.159138,2454,29.99,231.37,71.31,1.0000,0.361520,0.148557,249.71,333.77,0.9725,0.390177,0.695351
1786703569.553416,81.164565,2455,29.99,231.31,71.31,1.0000,0.361425,0.148558,249.71,333.76,0.9725,0.390165,0.695330
1786703569.619933,81.231081,2456,29.99,231.44,71.34,1.0000,0.361627,0.148629,249.71,333.66,0.9724,0.390168,0.695134
1786703569.633125,81.244273,2457,29.99,231.38,71.39,1.0000,0.361536,0.148731,249.67,333.72,0.9724,0.390111,0.695258
1786703569.669832,81.280981,2458,29.99,231.26,71.37,1.0000,0.361344,0.148678,249.67,333.73,0.9721,0.390110,0.695273
1786703569.707193,81.318342,2459,29.99,231.23,71.36,1.0000,0.361295,0.148674,249.62,333.75,0.9726,0.390026,0.695322
1786703569.733927,81.345076,2460,29.99,231.23,71.42,1.0000,0.361299,0.148790,249.62,333.69,0.9724,0.390029,0.695188
1786703569.769015,81.380164,2461,29.99,231.15,71.41,1.0000,0.361172,0.148770,249.62,333.68,0.9719,0.390028,0.695174
1786703569.797198,81.408347,2462,29.99,231.24,71.35,1.0000,0.361319,0.148651,249.64,333.69,0.9719,0.390058,0.695190
1786703569.836834,81.447983,2463,29.99,231.24,71.23,1.0000,0.361320,0.148389,249.73,333.72,0.9719,0.390200,0.695244
1786703569.874803,81.485952,2464,29.99,231.50,71.35,1.0000,0.361713,0.148644,249.73,333.79,0.9711,0.390201,0.695397
1786703569.911635,81.522784,2465,29.83,231.43,71.38,1.0000,0.361605,0.148711,249.73,333.73,0.9711,0.390200,0.695263
1786703569.946150,81.557299,2466,29.83,231.43,71.44,1.0000,0.361608,0.148824,249.68,333.75,0.9710,0.390130,0.695310
1786703569.972423,81.583571,2467,29.83,231.42,71.46,1.0000,0.361594,0.148867,249.69,333.71,0.9705,0.390134,0.695231
1786703570.010148,81.621296,2468,29.83,231.38,71.45,1.0000,0.361538,0.148861,249.65,333.67,0.9707,0.390072,0.695143
1786703570.044371,81.655519,2469,29.83,231.37,71.46,1.0000,0.361517,0.148874,249.68,333.59,0.9708,0.390132,0.694980
1786703570.083491,81.694639,2470,29.83,231.46,71.47,1.0000,0.361654,0.148901,249.68,333.75,0.9702,0.390125,0.695318
1786703570.093963,81.705112,2471,29.83,231.46,71.67,1.0000,0.361654,0.149321,249.71,333.73,0.9701,0.390178,0.695277
1786703570.155104,81.766253,2472,29.83,231.36,71.59,1.0000,0.361494,0.149138,249.76,333.70,0.9707,0.390258,0.695203
1786703570.179270,81.790419,2473,29.83,231.39,71.65,1.0000,0.361546,0.149280,249.77,333.72,0.9708,0.390269,0.695258
1786703570.211197,81.822346,2474,29.83,231.40,71.64,1.0000,0.361556,0.149258,249.77,333.72,0.9709,0.390270,0.695255
1786703570.225239,81.836387,2475,29.83,231.45,71.68,1.0000,0.361635,0.149324,249.75,333.80,0.9698,0.390238,0.695422
1786703570.268722,81.879870,2476,29.83,231.57,71.63,1.0000,0.361822,0.149228,249.75,333.83,0.9703,0.390228,0.695484
1786703570.311156,81.922304,2477,29.83,232.13,71.50,1.0000,0.362702,0.148963,249.73,333.93,0.9699,0.390200,0.695686
1786703570.336492,81.947640,2478,29.83,232.08,71.76,1.0000,0.362626,0.149501,249.72,333.96,0.9695,0.390191,0.695749
1786703570.376654,81.987803,2479,29.83,232.05,71.76,1.0000,0.362572,0.149497,249.79,333.97,0.9692,0.390296,0.695761
1786703570.406142,82.017290,2480,29.83,231.99,71.88,1.0000,0.362492,0.149752,249.80,333.81,0.9696,0.390315,0.695439
1786703570.432165,82.043314,2481,30.00,231.99,72.00,1.0000,0.362484,0.149992,249.78,333.80,0.9700,0.390280,0.695424
1786703570.472812,82.083961,2482,30.00,231.98,72.10,1.0000,0.362470,0.150200,249.76,333.82,0.9697,0.390245,0.695468
1786703570.513001,82.124150,2483,30.00,231.93,72.22,1.0000,0.362384,0.150469,249.65,333.91,0.9692,0.390081,0.695648
1786703570.540102,82.151251,2484,30.00,231.74,72.21,1.0000,0.362101,0.150427,249.61,333.85,0.9696,0.390023,0.695519
1786703570.569262,82.180411,2485,30.00,231.66,72.18,1.0000,0.361964,0.150374,249.69,333.53,0.9698,0.390143,0.694853
1786703570.600720,82.211869,2486,30.00,231.51,72.36,1.0000,0.361741,0.150758,249.71,333.54,0.9697,0.390176,0.694883
1786703570.635574,82.246723,2487,30.00,231.31,72.34,1.0000,0.361429,0.150704,249.77,333.51,0.9701,0.390261,0.694820
1786703570.674736,82.285884,2488,30.00,231.14,72.34,1.0000,0.361151,0.150702,249.77,333.59,0.9703,0.390259,0.694979
1786703570.706680,82.317829,2489,30.00,231.14,72.44,1.0000,0.361154,0.150927,249.72,333.64,0.9704,0.390190,0.695080
1786703570.767713,82.378862,2490,30.00,231.11,72.44,1.0000,0.361117,0.150925,249.71,333.63,0.9710,0.390178,0.695071
1786703570.775728,82.386877,2491,30.00,231.17,72.41,1.0000,0.361209,0.150858,249.70,333.65,0.9713,0.390160,0.695114
1786703570.807579,82.418728,2492,30.00,231.23,72.41,1.0000,0.361291,0.150857,249.71,333.68,0.9714,0.390173,0.695161
1786703570.841853,82.453001,2493,30.00,231.21,72.40,1.0000,0.361263,0.150832,249.78,333.57,0.9717,0.390280,0.694943
1786703570.871295,82.482444,2494,30.00,231.20,72.40,1.0000,0.361251,0.150837,249.76,333.63,0.9718,0.390247,0.695069
1786703570.893834,82.504982,2495,30.00,231.24,72.37,1.0000,0.361320,0.150776,249.70,333.68,0.9723,0.390163,0.695168
1786703570.939816,82.550965,2496,29.96,231.25,72.38,1.0000,0.361322,0.150798,249.63,333.73,0.9727,0.390039,0.695266
1786703570.974587,82.585736,2497,29.96,231.26,72.25,1.0000,0.361345,0.150522,249.70,333.71,0.9728,0.390154,0.695229
1786703571.009029,82.620178,2498,29.96,231.35,72.17,1.0000,0.361482,0.150358,249.66,333.70,0.9727,0.390098,0.695203
1786703571.038112,82.649261,2499,29.96,231.32,72.12,1.0000,0.361430,0.150258,249.67,333.64,0.9735,0.390110,0.695084
1786703571.066801,82.677949,2500,29.96,231.31,72.13,1.0000,0.361427,0.150268,249.67,333.65,0.9733,0.390111,0.695111
1786703571.109457,82.720606,2501,29.96,231.30,72.11,1.0000,0.361412,0.150231,249.66,333.47,0.9737,0.390092,0.694737
1786703571.159064,82.770213,2502,29.96,231.28,72.10,1.0000,0.361376,0.150217,249.65,333.44,0.9739,0.390071,0.694673
1786703571.175728,82.786877,2503,29.96,231.18,72.10,1.0000,0.361211,0.150204,249.63,333.42,0.9742,0.390045,0.694623
1786703571.208918,82.820067,2504,29.96,231.17,72.12,1.0000,0.361206,0.150246,249.66,333.35,0.9742,0.390087,0.694480
1786703571.232343,82.843492,2505,29.96,231.08,72.08,1.0000,0.361056,0.150168,249.67,333.41,0.9739,0.390108,0.694595
1786703571.275514,82.886663,2506,29.96,230.90,72.06,1.0000,0.360788,0.150120,249.68,333.51,0.9734,0.390124,0.694806
1786703571.298797,82.909946,2507,29.96,230.89,72.03,1.0000,0.360768,0.150056,249.61,333.54,0.9735,0.390017,0.694876
1786703571.333959,82.945108,2508,29.96,230.87,72.01,1.0000,0.360738,0.150019,249.63,333.68,0.9736,0.390050,0.695159
1786703571.367922,82.979071,2509,29.96,230.87,71.99,1.0000,0.360736,0.149980,249.63,333.78,0.9729,0.390041,0.695382
1786703571.399810,83.010958,2510,29.96,230.88,71.99,1.0000,0.360756,0.149981,249.62,333.70,0.9730,0.390028,0.695201
1786703571.436760,83.047909,2511,29.96,230.88,71.91,1.0000,0.360755,0.149820,249.61,333.65,0.9734,0.390009,0.695109
1786703571.468704,83.079853,2512,30.02,230.90,72.16,1.0000,0.360784,0.150336,249.65,333.64,0.9736,0.390081,0.695089
1786703571.514298,83.125447,2513,30.02,230.87,72.00,1.0000,0.360734,0.149992,249.65,333.62,0.9738,0.390076,0.695051
1786703571.543234,83.154383,2514,30.02,230.86,71.99,1.0000,0.360722,0.149980,249.63,333.63,0.9740,0.390046,0.695065
1786703571.577409,83.188557,2515,30.02,230.85,71.77,1.0000,0.360710,0.149524,249.60,333.63,0.9737,0.389998,0.695072
1786703571.600891,83.212039,2516,30.02,230.70,71.77,1.0000,0.360473,0.149529,249.59,333.79,0.9729,0.389988,0.695393
1786703571.616632,83.227781,2517,30.02,230.67,71.77,1.0000,0.360416,0.149528,249.62,333.69,0.9730,0.390029,0.695183
1786703571.679765,83.290914,2518,30.02,230.25,71.77,1.0000,0.359758,0.149525,249.69,333.70,0.9728,0.390142,0.695215
1786703571.727014,83.338163,2519,30.02,230.18,71.82,1.0000,0.359655,0.149616,249.66,333.73,0.9724,0.390088,0.695275
1786703571.742677,83.353826,2520,30.02,230.01,71.81,1.0000,0.359386,0.149597,249.68,333.73,0.9720,0.390119,0.695268
1786703571.771348,83.382497,2521,30.02,230.01,71.76,1.0000,0.359386,0.149510,249.68,333.71,0.9723,0.390123,0.695228
1786703571.811101,83.422250,2522,30.02,230.04,71.51,1.0000,0.359442,0.148969,249.66,333.70,0.9732,0.390096,0.695202
1786703571.823725,83.434873,2523,30.02,230.02,71.51,1.0000,0.359399,0.148975,249.63,333.84,0.9730,0.390053,0.695500
1786703571.869655,83.480804,2524,30.02,229.84,71.38,1.0000,0.359127,0.148717,249.74,333.79,0.9731,0.390214,0.695389
1786703571.901250,83.512399,2525,30.02,229.84,71.43,1.0000,0.359129,0.148817,249.73,333.77,0.9730,0.390211,0.695349
1786703571.935910,83.547059,2526,30.02,229.77,71.45,1.0000,0.359019,0.148853,249.69,333.81,0.9728,0.390142,0.695436
1786703571.967316,83.578465,2527,30.00,229.72,71.47,1.0000,0.358943,0.148893,249.72,333.70,0.9736,0.390187,0.695202
1786703572.004395,83.615543,2528,30.00,229.75,71.48,1.0000,0.358983,0.148926,249.74,333.70,0.9732,0.390215,0.695216
1786703572.056108,83.667257,2529,30.00,229.82,71.52,1.0000,0.359092,0.149009,249.62,333.82,0.9729,0.390038,0.695460
1786703572.071847,83.682996,2530,30.00,229.81,71.47,1.0000,0.359075,0.148888,249.59,333.79,0.9738,0.389990,0.695386
1786703572.107273,83.718422,2531,30.00,229.87,71.46,1.0000,0.359174,0.148867,249.66,333.76,0.9731,0.390092,0.695343
1786703572.123083,83.734232,2532,30.00,229.89,71.42,1.0000,0.359209,0.148791,249.74,333.73,0.9730,0.390220,0.695264
1786703572.168304,83.779453,2533,30.00,229.98,71.32,1.0000,0.359345,0.148589,249.71,333.74,0.9730,0.390178,0.695290
1786703572.213297,83.824446,2534,30.00,230.07,71.33,1.0000,0.359482,0.148609,249.71,333.72,0.9728,0.390171,0.695247
1786703572.238784,83.849933,2535,30.00,230.12,71.34,1.0000,0.359558,0.148625,249.69,333.81,0.9724,0.390145,0.695435
1786703572.268082,83.879231,2536,30.00,230.18,71.33,1.0000,0.359652,0.148603,249.68,333.84,0.9717,0.390129,0.695504
1786703572.305396,83.916545,2537,30.00,230.17,71.21,1.0000,0.359634,0.148360,249.72,333.77,0.9718,0.390185,0.695359
1786703572.337130,83.948279,2538,30.00,230.16,71.21,1.0000,0.359628,0.148360,249.72,333.77,0.9722,0.390189,0.695353
1786703572.377782,83.988931,2539,30.00,230.13,71.11,1.0000,0.359572,0.148154,249.67,333.87,0.9721,0.390111,0.695556
1786703572.393517,84.004666,2540,30.00,230.13,71.11,1.0000,0.359572,0.148156,249.54,333.94,0.9704,0.389910,0.695703
1786703572.441769,84.052918,2541,30.00,230.08,71.06,1.0000,0.359508,0.148032,249.56,333.95,0.9703,0.389931,0.695724
1786703572.489429,84.100578,2542,29.75,230.08,71.06,1.0000,0.359501,0.148052,249.56,333.93,0.9709,0.389934,0.695694
1786703572.502234,84.113383,2543,29.75,230.11,71.07,1.0000,0.359540,0.148065,249.55,333.97,0.9710,0.389926,0.695763
1786703572.548067,84.159216,2544,29.75,230.14,71.07,1.0000,0.359588,0.148062,249.49,334.10,0.9709,0.389834,0.696045
1786703572.577099,84.188248,2545,29.75,230.07,71.00,1.0000,0.359484,0.147914,249.46,334.11,0.9713,0.389777,0.696053
1786703572.609599,84.220748,2546,29.75,230.08,71.03,1.0000,0.359502,0.147976,249.46,334.06,0.9714,0.389787,0.695962
1786703572.641397,84.252546,2547,29.75,230.12,71.11,1.0000,0.359556,0.148142,249.39,334.07,0.9710,0.389664,0.695985
1786703572.662824,84.273973,2548,29.75,230.17,71.18,1.0000,0.359644,0.148301,249.39,334.04,0.9709,0.389678,0.695922
1786703572.704464,84.315613,2549,29.75,230.20,71.21,1.0000,0.359687,0.148356,249.38,334.04,0.9706,0.389662,0.695922
1786703572.741818,84.352967,2550,29.75,230.20,71.23,1.0000,0.359689,0.148396,249.35,334.05,0.9700,0.389604,0.695945
1786703572.774128,84.385277,2551,29.75,230.21,71.23,1.0000,0.359697,0.148397,249.30,334.06,0.9698,0.389537,0.695960
1786703572.787276,84.398425,2552,29.75,230.20,71.27,1.0000,0.359687,0.148477,249.34,334.00,0.9700,0.389587,0.695830
1786703572.837421,84.448570,2553,29.75,230.14,71.36,1.0000,0.359599,0.148674,249.37,333.97,0.9709,0.389636,0.695781
1786703572.869264,84.480413,2554,29.75,230.38,71.32,1.0000,0.359971,0.148593,249.36,333.92,0.9714,0.389633,0.695669
1786703572.900948,84.512096,2555,29.75,230.38,71.34,1.0000,0.359972,0.148624,249.35,333.83,0.9714,0.389616,0.695488
1786703572.946127,84.557276,2556,29.75,230.39,71.34,1.0000,0.359983,0.148617,249.32,333.83,0.9717,0.389559,0.695484
1786703572.980359,84.591507,2557,29.75,230.35,71.36,1.0000,0.359927,0.148665,249.39,333.74,0.9717,0.389671,0.695290
1786703573.012585,84.623734,2558,29.92,230.35,71.35,1.0000,0.359914,0.148645,249.38,333.74,0.9717,0.389663,0.695300
1786703573.046959,84.658108,2559,29.92,230.33,71.35,1.0000,0.359891,0.148647,249.40,333.64,0.9705,0.389686,0.695091
1786703573.073493,84.684642,2560,29.92,230.29,71.35,1.0000,0.359834,0.148653,249.38,333.61,0.9707,0.389661,0.695029
1786703573.109422,84.720571,2561,29.92,230.24,71.36,1.0000,0.359747,0.148674,249.42,333.55,0.9708,0.389720,0.694905
1786703573.138065,84.749214,2562,29.92,230.19,71.38,1.0000,0.359675,0.148707,249.43,333.56,0.9705,0.389733,0.694920
1786703573.167651,84.778800,2563,29.92,230.12,71.33,1.0000,0.359569,0.148607,249.31,333.79,0.9698,0.389551,0.695391
1786703573.218630,84.829779,2564,29.92,230.02,71.47,1.0000,0.359399,0.148904,249.40,333.40,0.9706,0.389686,0.694578
1786703573.252570,84.863719,2565,29.92,230.01,71.46,1.0000,0.359388,0.148878,249.37,333.50,0.9702,0.389634,0.694802
1786703573.267658,84.878807,2566,29.92,229.86,71.47,1.0000,0.359151,0.148893,249.38,333.50,0.9705,0.389659,0.694790
1786703573.329924,84.941073,2567,29.92,229.68,71.61,1.0000,0.358871,0.149177,249.37,333.55,0.9706,0.389642,0.694894
1786703573.345390,84.956539,2568,29.92,229.48,71.71,1.0000,0.358560,0.149404,249.40,333.57,0.9708,0.389687,0.694942
1786703573.370457,84.981606,2569,29.92,229.37,71.76,1.0000,0.358389,0.149493,249.40,333.60,0.9705,0.389684,0.694997
1786703573.405536,85.016685,2570,29.92,229.25,71.78,1.0000,0.358208,0.149540,249.37,333.70,0.9701,0.389636,0.695202
1786703573.433217,85.044366,2571,29.92,229.22,71.79,1.0000,0.358162,0.149553,249.33,333.76,0.9703,0.389575,0.695329
1786703573.476767,85.087916,2572,29.92,229.01,71.67,1.0000,0.357823,0.149315,249.31,333.96,0.9697,0.389548,0.695755
1786703573.500222,85.111371,2573,29.92,229.00,71.67,1.0000,0.357819,0.149316,249.27,333.95,0.9688,0.389487,0.695723
1786703573.544733,85.155881,2574,29.91,228.95,71.70,1.0000,0.357737,0.149370,249.30,333.92,0.9690,0.389539,0.695667
1786703573.574253,85.185402,2575,29.91,228.95,71.63,1.0000,0.357729,0.149223,249.19,334.10,0.9686,0.389367,0.696044
1786703573.599725,85.210874,2576,29.91,228.92,71.60,1.0000,0.357680,0.149170,249.07,334.31,0.9683,0.389170,0.696471
1786703573.631545,85.242694,2577,29.91,228.75,71.57,1.0000,0.357426,0.149110,249.02,334.40,0.9676,0.389094,0.696659
1786703573.660176,85.271325,2578,29.91,228.64,71.60,1.0000,0.357254,0.149168,248.99,334.40,0.9674,0.389043,0.696662
1786703573.710786,85.321935,2579,29.91,228.45,71.64,1.0000,0.356956,0.149245,248.98,334.35,0.9671,0.389037,0.696554
1786703573.737772,85.348921,2580,29.91,228.26,71.65,1.0000,0.356655,0.149270,248.97,334.33,0.9664,0.389014,0.696513
1786703573.753444,85.364593,2581,29.91,228.16,71.70,1.0000,0.356494,0.149365,248.93,334.37,0.9663,0.388961,0.696594
1786703573.808771,85.419920,2582,29.91,227.52,71.70,1.0000,0.355508,0.149369,248.69,334.42,0.9660,0.388585,0.696719
1786703573.846097,85.457246,2583,29.91,227.39,71.60,1.0000,0.355303,0.149158,248.70,334.35,0.9664,0.388596,0.696571
1786703573.880421,85.491570,2584,29.91,227.32,71.61,1.0000,0.355190,0.149190,248.71,334.22,0.9663,0.388607,0.696301
1786703573.900373,85.511522,2585,29.91,227.32,71.64,1.0000,0.355190,0.149256,248.58,334.31,0.9658,0.388404,0.696480
1786703573.943585,85.554734,2586,29.91,227.33,71.75,1.0000,0.355199,0.149478,248.58,334.24,0.9662,0.388401,0.696340
1786703573.965280,85.576429,2587,29.91,227.30,71.74,1.0000,0.355156,0.149465,248.60,334.25,0.9658,0.388437,0.696350
1786703573.998331,85.609480,2588,29.91,226.95,71.70,1.0000,0.354614,0.149367,248.64,334.15,0.9659,0.388507,0.696139
1786703574.035900,85.647049,2589,29.91,226.49,71.73,1.0000,0.353891,0.149440,248.62,334.10,0.9666,0.388468,0.696042
1786703574.074809,85.685957,2590,30.03,226.44,71.77,1.0000,0.353814,0.149527,248.57,334.13,0.9665,0.388392,0.696095
1786703574.111646,85.722795,2591,30.03,226.34,71.75,1.0000,0.353652,0.149475,248.61,334.11,0.9670,0.388451,0.696071
1786703574.151148,85.762296,2592,30.03,225.75,71.75,1.0000,0.352741,0.149469,248.68,334.07,0.9675,0.388555,0.695988
1786703574.174922,85.786071,2593,30.03,225.68,71.75,1.0000,0.352630,0.149486,248.68,334.05,0.9676,0.388564,0.695939
1786703574.206354,85.817503,2594,30.03,225.72,71.84,1.0000,0.352687,0.149671,248.68,334.04,0.9681,0.388556,0.695921
1786703574.238538,85.849687,2595,30.03,225.75,71.92,1.0000,0.352733,0.149829,248.58,334.12,0.9676,0.388401,0.696079
1786703574.272490,85.883639,2596,30.03,225.82,71.96,1.0000,0.352838,0.149915,248.52,334.11,0.9679,0.388313,0.696068
1786703574.301342,85.912491,2597,30.03,225.81,71.97,1.0000,0.352831,0.149948,248.47,334.13,0.9677,0.388232,0.696102
1786703574.339022,85.950171,2598,30.03,225.82,71.97,1.0000,0.352841,0.149937,248.41,334.14,0.9683,0.388142,0.696126
1786703574.389395,86.000544,2599,30.03,225.83,71.97,1.0000,0.352853,0.149937,248.37,334.23,0.9685,0.388079,0.696306
1786703574.404332,86.015481,2600,30.03,225.80,71.97,1.0000,0.352808,0.149930,248.37,334.13,0.9686,0.388072,0.696106
1786703574.433770,86.044919,2601,30.03,225.80,71.96,1.0000,0.352810,0.149911,248.36,334.18,0.9684,0.388070,0.696207
1786703574.468991,86.080139,2602,30.03,225.67,71.88,1.0000,0.352614,0.149741,248.36,334.21,0.9686,0.388059,0.696262
1786703574.500306,86.111455,2603,30.03,225.83,71.55,1.0000,0.352857,0.149063,248.36,334.22,0.9680,0.388062,0.696291
1786703574.534973,86.146122,2604,30.03,225.83,71.57,1.0000,0.352853,0.149095,248.35,334.25,0.9684,0.388041,0.696360
1786703574.574680,86.185829,2605,29.99,225.60,71.57,1.0000,0.352496,0.149098,248.31,334.25,0.9684,0.387986,0.696361
1786703574.614076,86.225225,2606,29.99,225.67,71.50,1.0000,0.352612,0.148954,248.29,334.30,0.9679,0.387955,0.696452
1786703574.645881,86.257030,2607,29.99,225.71,71.49,1.0000,0.352672,0.148939,248.29,334.30,0.9683,0.387954,0.696458
1786703574.677788,86.288936,2608,29.99,225.59,71.60,1.0000,0.352491,0.149172,248.31,334.27,0.9682,0.387987,0.696401
1786703574.699242,86.310391,2609,29.99,225.61,71.55,1.0000,0.352509,0.149070,248.37,334.30,0.9682,0.388084,0.696466
1786703574.734186,86.345335,2610,29.99,225.68,71.46,1.0000,0.352630,0.148865,248.37,334.32,0.9685,0.388080,0.696492
1786703574.766165,86.377313,2611,29.99,225.69,71.40,1.0000,0.352642,0.148755,248.40,334.28,0.9684,0.388125,0.696424
1786703574.808220,86.419369,2612,29.99,225.71,71.41,1.0000,0.352672,0.148773,248.38,334.43,0.9675,0.388098,0.696725
1786703574.845033,86.456182,2613,29.99,226.15,71.41,1.0000,0.353356,0.148772,248.38,334.57,0.9676,0.388094,0.697011
1786703574.882199,86.493347,2614,29.99,226.49,71.41,1.0000,0.353889,0.148774,248.37,334.59,0.9677,0.388074,0.697056
1786703574.903131,86.514279,2615,29.99,226.59,71.28,1.0000,0.354041,0.148497,248.39,334.53,0.9679,0.388112,0.696935
1786703574.951535,86.562684,2616,29.99,226.84,71.28,1.0000,0.354443,0.148508,248.41,334.59,0.9674,0.388138,0.697053
1786703574.966835,86.577983,2617,29.99,226.94,71.20,1.0000,0.354593,0.148333,248.43,334.51,0.9680,0.388170,0.696906
1786703575.014921,86.626070,2618,29.99,227.04,71.08,1.0000,0.354745,0.148089,248.43,334.50,0.9686,0.388172,0.696868
1786703575.046937,86.658085,2619,29.99,227.04,70.83,1.0000,0.354746,0.147562,248.44,334.48,0.9695,0.388180,0.696842
1786703575.073232,86.684381,2620,29.98,227.18,70.82,1.0000,0.354974,0.147537,248.46,334.48,0.9695,0.388226,0.696826
1786703575.126910,86.738059,2621,29.98,227.33,70.53,1.0000,0.355201,0.146939,248.46,334.48,0.9698,0.388224,0.696833
1786703575.142935,86.754084,2622,29.98,227.50,70.55,1.0000,0.355462,0.146975,248.46,334.28,0.9698,0.388227,0.696420
1786703575.190496,86.801645,2623,29.98,227.50,70.55,1.0000,0.355462,0.146971,248.40,334.44,0.9698,0.388129,0.696747
1786703575.206333,86.817482,2624,29.98,227.64,70.56,1.0000,0.355684,0.146990,248.47,334.30,0.9700,0.388236,0.696468
1786703575.234380,86.845529,2625,29.98,227.68,70.56,1.0000,0.355742,0.147004,248.50,334.32,0.9701,0.388289,0.696504
1786703575.278148,86.889297,2626,29.98,228.08,70.48,1.0000,0.356382,0.146843,248.52,334.33,0.9703,0.388312,0.696515
1786703575.307420,86.918569,2627,29.98,228.26,70.51,1.0000,0.356657,0.146896,248.50,334.39,0.9702,0.388277,0.696655
1786703575.339806,86.950955,2628,29.98,228.91,70.56,1.0000,0.357664,0.147002,248.64,334.35,0.9710,0.388499,0.696564
1786703575.366575,86.977724,2629,29.98,229.32,70.62,1.0000,0.358315,0.147130,248.64,334.36,0.9708,0.388504,0.696582
1786703575.406286,87.017435,2630,29.98,229.37,70.65,1.0000,0.358395,0.147196,248.67,334.18,0.9706,0.388540,0.696214
1786703575.433345,87.044494,2631,29.98,229.40,70.65,1.0000,0.358434,0.147190,248.67,334.19,0.9707,0.388550,0.696223
1786703575.470357,87.081506,2632,29.98,229.43,70.65,1.0000,0.358492,0.147187,248.67,334.18,0.9707,0.388554,0.696207
1786703575.515852,87.127001,2633,29.98,229.51,70.67,1.0000,0.358604,0.147224,248.72,334.11,0.9710,0.388617,0.696069
1786703575.537946,87.149095,2634,29.98,229.64,70.67,1.0000,0.358812,0.147226,248.75,334.29,0.9708,0.388665,0.696438
1786703575.569254,87.180403,2635,29.98,229.84,70.69,1.0000,0.359125,0.147278,248.76,334.29,0.9713,0.388695,0.696435
1786703575.603541,87.214690,2636,30.04,230.10,70.70,1.0000,0.359531,0.147297,248.75,334.30,0.9710,0.388676,0.696451
1786703575.632988,87.244137,2637,30.04,230.27,70.66,1.0000,0.359795,0.147211,248.79,334.33,0.9705,0.388733,0.696531
1786703575.686600,87.297749,2638,30.04,230.84,70.65,1.0000,0.360695,0.147189,248.74,334.47,0.9701,0.388657,0.696821
1786703575.701635,87.312783,2639,30.04,230.86,70.71,1.0000,0.360714,0.147310,248.70,334.48,0.9698,0.388596,0.696828
1786703575.736258,87.347407,2640,30.04,230.86,70.75,1.0000,0.360711,0.147398,248.75,334.42,0.9690,0.388679,0.696706
1786703575.782309,87.393458,2641,30.04,230.89,70.88,1.0000,0.360771,0.147659,248.82,334.39,0.9684,0.388775,0.696638
1786703575.809267,87.420416,2642,30.04,230.96,70.90,1.0000,0.360871,0.147713,248.86,334.34,0.9680,0.388841,0.696545
1786703575.834883,87.446032,2643,30.04,231.07,70.93,1.0000,0.361054,0.147777,248.87,334.32,0.9682,0.388858,0.696508
1786703575.904526,87.515675,2644,30.04,231.35,70.97,1.0000,0.361480,0.147849,249.07,333.90,0.9687,0.389180,0.695618
1786703575.909385,87.520534,2645,30.04,231.33,70.96,1.0000,0.361454,0.147830,249.08,333.92,0.9683,0.389193,0.695673
1786703575.937004,87.548152,2646,30.04,231.43,70.95,1.0000,0.361617,0.147819,249.11,333.89,0.9691,0.389238,0.695609
1786703575.980968,87.592117,2647,30.04,231.44,70.93,1.0000,0.361620,0.147780,249.14,333.63,0.9691,0.389276,0.695072
1786703575.995163,87.606312,2648,30.04,231.44,70.93,1.0000,0.361632,0.147781,249.09,333.80,0.9691,0.389210,0.695426
1786703576.042241,87.653389,2649,30.04,231.54,70.93,1.0000,0.361788,0.147781,249.10,333.75,0.9693,0.389214,0.695319
1786703576.068619,87.679767,2650,30.04,231.62,70.92,1.0000,0.361905,0.147749,249.10,333.80,0.9693,0.389219,0.695420
1786703576.095367,87.706516,2651,30.04,231.62,70.92,1.0000,0.361901,0.147745,249.14,333.80,0.9693,0.389279,0.695408
1786703576.143228,87.754377,2652,30.06,231.68,71.04,1.0000,0.362003,0.148002,249.19,333.81,0.9695,0.389363,0.695428
1786703576.167059,87.778208,2653,30.06,231.74,71.01,1.0000,0.362097,0.147931,249.19,333.78,0.9695,0.389356,0.695379
1786703576.202313,87.813462,2654,30.06,231.74,71.58,1.0000,0.362099,0.149131,249.15,333.97,0.9688,0.389299,0.695772
1786703576.236803,87.847952,2655,30.06,231.92,71.58,1.0000,0.362374,0.149115,249.17,334.05,0.9686,0.389334,0.695932
1786703576.278212,87.889361,2656,30.06,232.01,71.58,1.0000,0.362514,0.149133,249.20,333.96,0.9679,0.389377,0.695746
1786703576.319053,87.930202,2657,30.06,232.02,71.69,1.0000,0.362534,0.149364,249.19,333.97,0.9667,0.389356,0.695780
1786703576.324453,87.935601,2658,30.06,232.08,71.69,1.0000,0.362624,0.149357,249.24,333.93,0.9664,0.389443,0.695683
1786703576.369367,87.980515,2659,30.06,232.20,71.53,1.0000,0.362817,0.149030,249.24,333.96,0.9666,0.389443,0.695742
1786703576.411806,88.022955,2660,30.06,232.27,71.54,1.0000,0.362923,0.149049,249.27,333.86,0.9672,0.389483,0.695535
1786703576.435672,88.046821,2661,30.06,232.22,71.45,1.0000,0.362836,0.148847,249.25,333.96,0.9672,0.389455,0.695744
1786703576.489862,88.101011,2662,30.06,232.23,71.35,1.0000,0.362856,0.148651,249.30,333.22,0.9680,0.389539,0.694216
1786703576.497525,88.108674,2663,30.06,232.32,71.35,1.0000,0.363002,0.148648,249.30,333.27,0.9681,0.389528,0.694317
1786703576.542319,88.153468,2664,30.06,232.33,71.35,1.0000,0.363017,0.148640,249.36,333.38,0.9682,0.389625,0.694538
1786703576.568887,88.180036,2665,30.06,232.28,71.34,1.0000,0.362931,0.148635,249.36,333.38,0.9683,0.389625,0.694543
1786703576.602944,88.214093,2666,30.06,232.24,71.48,1.0000,0.362871,0.148907,249.45,333.36,0.9676,0.389773,0.694490
1786703576.631306,88.242455,2667,30.06,232.18,71.48,1.0000,0.362788,0.148912,249.47,333.36,0.9670,0.389793,0.694509
1786703576.681810,88.292959,2668,29.99,232.18,71.55,1.0000,0.362789,0.149057,249.42,333.60,0.9666,0.389720,0.695001
1786703576.708389,88.319538,2669,29.99,232.15,71.51,1.0000,0.362738,0.148981,249.41,333.58,0.9670,0.389702,0.694968
1786703576.731425,88.342574,2670,29.99,232.14,71.51,1.0000,0.362720,0.148988,249.40,333.62,0.9670,0.389693,0.695046
1786703576.769046,88.380195,2671,29.99,231.99,71.53,1.0000,0.362489,0.149027,249.41,333.73,0.9664,0.389707,0.695265
1786703576.809136,88.420285,2672,29.99,231.98,71.72,1.0000,0.362470,0.149411,249.50,333.75,0.9659,0.389839,0.695307
1786703576.835356,88.446505,2673,29.99,231.98,71.72,1.0000,0.362468,0.149410,249.52,333.74,0.9662,0.389875,0.695293
1786703576.869386,88.480535,2674,29.99,232.02,71.72,1.0000,0.362536,0.149420,249.56,333.76,0.9653,0.389938,0.695323
1786703576.903988,88.515137,2675,29.99,232.04,71.71,1.0000,0.362568,0.149403,249.59,333.75,0.9650,0.389989,0.695318
1786703576.935127,88.546276,2676,29.99,232.05,71.72,1.0000,0.362571,0.149413,249.60,333.78,0.9649,0.389998,0.695369
1786703576.967615,88.578763,2677,29.99,232.06,71.74,1.0000,0.362589,0.149466,249.60,333.78,0.9645,0.390004,0.695370
1786703577.001415,88.612564,2678,29.99,232.17,71.85,1.0000,0.362763,0.149686,249.64,333.78,0.9641,0.390065,0.695374
1786703577.030634,88.641783,2679,29.99,232.20,72.07,1.0000,0.362809,0.150153,249.64,333.95,0.9636,0.390066,0.695739
1786703577.080492,88.691641,2680,29.99,232.05,72.10,1.0000,0.362581,0.150209,249.65,333.90,0.9644,0.390082,0.695623
1786703577.104254,88.715403,2681,29.99,231.93,72.10,1.0000,0.362390,0.150214,249.61,333.86,0.9645,0.390016,0.695549
1786703577.165723,88.776872,2682,29.99,231.91,72.09,1.0000,0.362358,0.150190,249.60,333.50,0.9652,0.389998,0.694800
1786703577.181253,88.792402,2683,29.91,231.95,72.08,1.0000,0.362425,0.150168,249.57,333.51,0.9653,0.389956,0.694804
1786703577.194290,88.805439,2684,29.91,231.96,72.08,1.0000,0.362437,0.150171,249.59,333.50,0.9666,0.389987,0.694796
1786703577.233886,88.845035,2685,29.91,231.58,72.08,1.0000,0.361848,0.150160,249.61,333.40,0.9671,0.390021,0.694578
1786703577.270165,88.881314,2686,29.91,231.77,72.03,1.0000,0.362133,0.150070,249.63,333.34,0.9682,0.390051,0.694459
1786703577.296836,88.907985,2687,29.91,231.76,72.03,1.0000,0.362121,0.150068,249.65,333.36,0.9687,0.390081,0.694497
1786703577.336151,88.947299,2688,29.91,231.72,71.98,1.0000,0.362057,0.149959,249.72,333.31,0.9693,0.390186,0.694397
1786703577.375846,88.986995,2689,29.91,231.69,71.82,1.0000,0.362012,0.149622,249.72,333.34,0.9688,0.390188,0.694466
1786703577.399282,89.010431,2690,29.91,231.68,71.82,1.0000,0.361997,0.149621,249.67,333.40,0.9686,0.390109,0.694576
1786703577.439206,89.050355,2691,29.91,231.64,71.82,1.0000,0.361936,0.149630,249.66,333.45,0.9683,0.390093,0.694681
1786703577.465715,89.076864,2692,29.91,231.64,71.85,1.0000,0.361941,0.149688,249.62,333.46,0.9683,0.390027,0.694700
1786703577.512041,89.123190,2693,29.91,231.76,71.84,1.0000,0.362117,0.149660,249.55,333.54,0.9682,0.389926,0.694866
1786703577.527429,89.138577,2694,29.91,231.82,72.08,1.0000,0.362223,0.150170,249.52,333.55,0.9677,0.389882,0.694906
1786703577.573085,89.184234,2695,29.91,231.81,72.13,1.0000,0.362202,0.150266,249.54,333.57,0.9675,0.389903,0.694936
1786703577.599980,89.211128,2696,29.91,231.79,72.13,1.0000,0.362169,0.150263,249.57,333.58,0.9677,0.389949,0.694965
1786703577.636863,89.248012,2697,29.91,231.85,72.22,1.0000,0.362258,0.150454,249.57,333.56,0.9677,0.389959,0.694922
1786703577.670697,89.281846,2698,29.91,231.68,72.18,1.0000,0.362007,0.150365,249.57,333.45,0.9682,0.389960,0.694682
1786703577.686697,89.297846,2699,30.08,231.28,72.06,1.0000,0.361373,0.150135,249.56,333.58,0.9681,0.389945,0.694954
1786703577.734084,89.345232,2700,30.08,231.25,71.99,1.0000,0.361328,0.149981,249.54,333.88,0.9678,0.389914,0.695590
1786703577.763351,89.374500,2701,30.08,231.23,72.06,1.0000,0.361303,0.150121,249.52,333.93,0.9679,0.389872,0.695679
1786703577.800672,89.411821,2702,30.08,231.27,72.06,1.0000,0.361353,0.150120,249.51,334.04,0.9678,0.389859,0.695907
1786703577.838520,89.449669,2703,30.08,231.24,72.06,1.0000,0.361307,0.150123,249.50,334.19,0.9678,0.389843,0.696219
1786703577.867421,89.478570,2704,30.08,231.21,72.06,1.0000,0.361272,0.150124,249.50,334.19,0.9673,0.389839,0.696229
1786703577.907328,89.518476,2705,30.08,231.20,72.04,1.0000,0.361247,0.150083,249.47,334.29,0.9669,0.389791,0.696439
1786703577.942165,89.553314,2706,30.08,231.40,71.99,1.0000,0.361568,0.149971,249.47,334.33,0.9666,0.389792,0.696527
1786703577.957882,89.569031,2707,30.08,231.43,71.98,1.0000,0.361606,0.149967,249.48,334.31,0.9664,0.389816,0.696483
1786703578.010573,89.621722,2708,30.08,231.28,71.98,1.0000,0.361368,0.149965,249.49,334.37,0.9661,0.389830,0.696612
1786703578.050172,89.661321,2709,30.08,231.35,71.87,1.0000,0.361483,0.149720,249.47,334.34,0.9664,0.389802,0.696543
1786703578.066441,89.677590,2710,30.08,231.40,71.81,1.0000,0.361568,0.149603,249.47,334.36,0.9661,0.389802,0.696591
1786703578.100369,89.711518,2711,30.08,231.40,71.81,1.0000,0.361567,0.149613,249.50,334.37,0.9661,0.389845,0.696612
1786703578.132103,89.743252,2712,30.08,231.49,71.79,1.0000,0.361696,0.149565,249.50,334.38,0.9658,0.389841,0.696623
1786703578.169408,89.780557,2713,30.08,231.49,71.73,1.0000,0.361708,0.149436,249.52,334.33,0.9658,0.389876,0.696510
1786703578.212529,89.823678,2714,29.90,231.93,71.59,1.0000,0.362392,0.149150,249.44,334.39,0.9653,0.389750,0.696654
1786703578.227866,89.839015,2715,29.90,231.93,71.58,1.0000,0.362386,0.149127,249.43,334.43,0.9655,0.389742,0.696735
1786703578.272590,89.883739,2716,29.90,232.10,71.40,1.0000,0.362660,0.148760,249.43,334.47,0.9656,0.389729,0.696810
1786703578.303825,89.914974,2717,29.90,232.08,71.24,1.0000,0.362628,0.148418,249.44,334.40,0.9660,0.389745,0.696668
1786703578.333035,89.944184,2718,29.90,232.05,71.18,1.0000,0.362584,0.148289,249.41,334.29,0.9662,0.389706,0.696438
1786703578.367953,89.979102,2719,29.90,232.06,71.20,1.0000,0.362599,0.148329,249.42,334.31,0.9662,0.389715,0.696475
1786703578.399992,90.011140,2720,29.90,232.23,70.95,1.0000,0.362864,0.147810,249.43,334.37,0.9662,0.389739,0.696600
1786703578.451971,90.063120,2721,29.90,232.20,70.96,1.0000,0.362807,0.147826,249.49,334.24,0.9669,0.389823,0.696333
1786703578.476769,90.087918,2722,29.90,232.17,71.01,1.0000,0.362773,0.147943,249.49,334.26,0.9667,0.389821,0.696377
1786703578.502703,90.113852,2723,29.90,232.22,70.87,1.0000,0.362848,0.147651,249.44,334.47,0.9664,0.389742,0.696817
1786703578.544839,90.155988,2724,29.90,232.14,70.89,1.0000,0.362712,0.147684,249.37,334.45,0.9669,0.389638,0.696771
1786703578.576753,90.187902,2725,29.90,232.15,70.91,1.0000,0.362729,0.147734,249.36,334.46,0.9668,0.389630,0.696802
1786703578.592580,90.203729,2726,29.90,232.01,70.89,1.0000,0.362515,0.147698,249.39,334.46,0.9664,0.389669,0.696794
1786703578.643130,90.254278,2727,29.90,232.06,70.89,1.0000,0.362590,0.147693,249.40,334.49,0.9662,0.389688,0.696846
1786703578.671726,90.282874,2728,29.90,231.92,70.89,1.0000,0.362369,0.147686,249.41,334.49,0.9659,0.389699,0.696858
1786703578.711003,90.322152,2729,29.90,231.94,70.89,1.0000,0.362404,0.147693,249.43,334.44,0.9667,0.389728,0.696746
1786703578.742582,90.353730,2730,29.98,231.93,70.89,1.0000,0.362396,0.147680,249.48,334.38,0.9668,0.389810,0.696619
1786703578.782373,90.393522,2731,29.98,232.28,70.86,1.0000,0.362930,0.147627,249.54,333.79,0.9678,0.389901,0.695391
1786703578.814705,90.425854,2732,29.98,232.35,70.91,1.0000,0.363041,0.147732,249.54,333.86,0.9669,0.389903,0.695548
1786703578.846516,90.457665,2733,29.98,232.36,70.63,1.0000,0.363057,0.147137,249.60,333.76,0.9676,0.390003,0.695332
1786703578.878058,90.489207,2734,29.98,232.49,70.66,1.0000,0.363260,0.147218,249.61,333.65,0.9681,0.390012,0.695094
1786703578.931505,90.542654,2736,29.98,232.52,70.42,1.0000,0.363306,0.146709,249.55,333.86,0.9672,0.389920,0.695545
1786703578.978913,90.590061,2737,29.98,232.69,70.46,1.0000,0.363580,0.146791,249.54,334.11,0.9668,0.389907,0.696068
1786703578.989744,90.600893,2738,29.98,232.76,70.31,1.0000,0.363691,0.146481,249.58,333.91,0.9673,0.389962,0.695642
1786703579.044800,90.655949,2739,29.98,232.81,70.20,1.0000,0.363771,0.146242,249.65,333.91,0.9674,0.390079,0.695645
1786703579.068888,90.680037,2740,29.98,232.87,70.15,1.0000,0.363862,0.146147,249.64,333.87,0.9672,0.390069,0.695554
1786703579.100909,90.712058,2741,29.98,232.98,70.14,1.0000,0.364037,0.146131,249.67,333.85,0.9668,0.390104,0.695515
1786703579.134321,90.745470,2742,29.98,232.98,70.07,1.0000,0.364038,0.145970,249.65,333.87,0.9660,0.390083,0.695569
1786703579.176372,90.787521,2743,29.98,233.03,70.16,1.0000,0.364114,0.146170,249.65,333.95,0.9650,0.390081,0.695726
1786703579.208540,90.819689,2744,29.98,233.08,70.15,1.0000,0.364180,0.146149,249.64,333.97,0.9653,0.390065,0.695761
1786703579.248476,90.859624,2745,29.49,233.12,70.16,1.0000,0.364245,0.146164,249.63,333.89,0.9656,0.390049,0.695597
1786703579.266857,90.878006,2746,29.49,233.12,70.19,1.0000,0.364248,0.146220,249.65,333.91,0.9649,0.390075,0.695640
1786703579.298242,90.909391,2747,29.49,233.13,70.16,1.0000,0.364262,0.146160,249.68,333.95,0.9650,0.390122,0.695733
1786703579.349208,90.960357,2748,29.49,233.13,70.22,1.0000,0.364267,0.146287,249.71,333.93,0.9654,0.390166,0.695688
1786703579.378052,90.989200,2749,29.49,233.04,70.22,1.0000,0.364132,0.146296,249.64,334.02,0.9653,0.390069,0.695872
1786703579.403669,91.014818,2750,29.49,232.99,70.13,1.0000,0.364048,0.146104,249.61,333.94,0.9659,0.390018,0.695714
1786703579.435403,91.046552,2751,29.49,233.00,70.12,1.0000,0.364055,0.146083,249.62,333.95,0.9656,0.390039,0.695731
1786703579.469533,91.080682,2752,29.49,232.89,70.20,1.0000,0.363886,0.146255,249.64,334.01,0.9652,0.390064,0.695851
1786703579.503690,91.114839,2753,29.49,232.84,69.89,1.0000,0.363814,0.145595,249.63,333.99,0.9656,0.390048,0.695807
1786703579.541149,91.152297,2754,29.49,232.76,69.93,1.0000,0.363689,0.145687,249.65,334.02,0.9651,0.390081,0.695871
1786703579.576206,91.187355,2755,29.49,232.77,70.09,1.0000,0.363710,0.146028,249.65,334.07,0.9645,0.390081,0.695986
1786703579.599864,91.211013,2756,29.49,232.75,70.12,1.0000,0.363666,0.146091,249.64,334.15,0.9645,0.390065,0.696143
1786703579.637112,91.248261,2757,29.49,232.70,70.18,1.0000,0.363598,0.146208,249.68,334.08,0.9647,0.390129,0.695995
1786703579.687727,91.298876,2758,29.49,232.64,70.27,1.0000,0.363496,0.146403,249.70,334.05,0.9655,0.390160,0.695929
1786703579.729761,91.340910,2759,29.49,232.64,70.27,1.0000,0.363508,0.146394,249.70,333.98,0.9657,0.390156,0.695790
1786703579.734445,91.345594,2760,29.49,232.71,70.25,1.0000,0.363616,0.146362,249.69,334.03,0.9656,0.390145,0.695895
1786703579.768419,91.379567,2761,29.79,232.69,70.26,1.0000,0.363577,0.146381,249.69,334.01,0.9666,0.390137,0.695859
1786703579.799945,91.411093,2762,29.79,232.71,70.31,1.0000,0.363614,0.146480,249.69,334.03,0.9664,0.390148,0.695890
1786703579.831820,91.442969,2763,29.79,232.72,70.22,1.0000,0.363621,0.146293,249.67,334.09,0.9667,0.390110,0.696030
1786703579.868402,91.479551,2764,29.79,232.72,70.16,1.0000,0.363622,0.146167,249.69,333.91,0.9672,0.390142,0.695650
1786703579.900348,91.511497,2765,29.79,232.71,70.20,1.0000,0.363612,0.146250,249.68,333.95,0.9670,0.390128,0.695735
1786703579.937572,91.548721,2766,29.79,232.71,70.20,1.0000,0.363611,0.146252,249.68,334.04,0.9672,0.390124,0.695916
1786703579.969299,91.580448,2767,29.79,232.72,70.20,1.0000,0.363622,0.146254,249.64,334.05,0.9672,0.390060,0.695936
1786703579.998695,91.609844,2768,29.79,232.78,70.36,1.0000,0.363711,0.146581,249.65,334.05,0.9668,0.390072,0.695944
1786703580.032852,91.644001,2769,29.79,232.87,70.45,1.0000,0.363855,0.146777,249.64,334.06,0.9670,0.390055,0.695965
1786703580.074743,91.685892,2770,29.79,232.82,70.77,1.0000,0.363777,0.147427,249.64,334.07,0.9666,0.390062,0.695988
1786703580.101126,91.712275,2771,29.79,232.87,70.77,1.0000,0.363860,0.147446,249.66,334.13,0.9668,0.390089,0.696104
1786703580.146002,91.757150,2772,29.79,232.88,70.78,1.0000,0.363881,0.147454,249.63,334.28,0.9668,0.390041,0.696406
1786703580.161163,91.772311,2773,29.79,232.91,70.78,1.0000,0.363920,0.147467,249.62,334.28,0.9673,0.390036,0.696417
1786703580.198281,91.809430,2774,29.79,232.92,70.80,1.0000,0.363934,0.147496,249.68,334.26,0.9671,0.390128,0.696383
1786703580.237828,91.848977,2775,29.79,232.92,70.84,1.0000,0.363935,0.147588,249.66,334.29,0.9674,0.390093,0.696439
1786703580.267016,91.878165,2776,29.79,232.64,70.86,1.0000,0.363500,0.147633,249.69,334.24,0.9675,0.390136,0.696323
1786703580.301133,91.912282,2777,29.96,232.58,71.02,1.0000,0.363406,0.147953,249.66,334.26,0.9675,0.390090,0.696378
1786703580.330790,91.941939,2778,29.96,232.52,71.01,1.0000,0.363310,0.147945,249.65,334.33,0.9673,0.390071,0.696511
1786703580.372451,91.983600,2779,29.96,232.60,70.98,1.0000,0.363439,0.147871,249.65,334.43,0.9668,0.390075,0.696731
1786703580.401526,92.012675,2780,29.96,232.60,70.98,1.0000,0.363443,0.147872,249.65,334.44,0.9668,0.390072,0.696750
1786703580.432795,92.043943,2781,29.96,232.44,70.99,1.0000,0.363182,0.147904,249.61,334.48,0.9670,0.390021,0.696825
1786703580.466493,92.077642,2782,29.96,232.13,71.00,1.0000,0.362702,0.147911,249.64,334.39,0.9675,0.390060,0.696650
1786703580.502635,92.113784,2783,29.96,232.12,71.00,1.0000,0.362684,0.147911,249.66,334.28,0.9677,0.390101,0.696422
1786703580.532383,92.143532,2784,29.96,231.88,71.00,1.0000,0.362317,0.147912,249.69,334.20,0.9682,0.390141,0.696255
1786703580.566563,92.177712,2785,29.96,231.74,71.00,1.0000,0.362096,0.147917,249.70,334.09,0.9686,0.390149,0.696016
1786703580.608886,92.220034,2786,29.96,231.68,71.01,1.0000,0.361999,0.147945,249.63,334.16,0.9683,0.390053,0.696163
1786703580.645773,92.256922,2787,29.96,231.67,71.02,1.0000,0.361982,0.147963,249.73,334.16,0.9684,0.390209,0.696172
1786703580.666768,92.277916,2788,29.96,231.67,71.03,1.0000,0.361982,0.147973,249.79,334.04,0.9691,0.390303,0.695921
1786703580.711882,92.323031,2789,29.96,231.62,71.08,1.0000,0.361912,0.148082,249.89,334.02,0.9691,0.390451,0.695879
1786703580.727643,92.338791,2790,29.96,231.54,71.08,1.0000,0.361787,0.148078,249.91,333.80,0.9694,0.390488,0.695409
1786703580.769865,92.381014,2791,29.96,231.48,71.11,1.0000,0.361685,0.148154,249.93,333.80,0.9691,0.390521,0.695417
1786703580.807707,92.418856,2792,29.81,231.63,71.11,1.0000,0.361923,0.148150,249.91,333.67,0.9700,0.390491,0.695147
1786703580.833555,92.444704,2793,29.81,231.63,71.02,1.0000,0.361921,0.147951,249.93,333.59,0.9702,0.390520,0.694974
1786703580.870365,92.481514,2794,29.81,231.64,71.05,1.0000,0.361935,0.148012,249.97,333.25,0.9707,0.390571,0.694273
1786703580.915909,92.527058,2795,29.81,231.64,70.93,1.0000,0.361934,0.147764,250.08,333.29,0.9696,0.390751,0.694358
1786703580.952577,92.563726,2796,29.81,231.68,70.85,1.0000,0.361994,0.147609,250.06,333.29,0.9705,0.390718,0.694362
1786703580.967602,92.578751,2797,29.81,231.69,70.75,1.0000,0.362022,0.147405,250.04,333.26,0.9705,0.390685,0.694297
1786703581.015942,92.627091,2798,29.81,231.68,70.87,1.0000,0.362005,0.147652,250.03,333.23,0.9705,0.390669,0.694219
1786703581.030905,92.642053,2799,29.81,231.73,70.84,1.0000,0.362077,0.147583,250.05,333.29,0.9703,0.390703,0.694352
1786703581.071650,92.682799,2800,29.81,231.75,70.89,1.0000,0.362115,0.147694,250.03,333.38,0.9700,0.390667,0.694552
1786703581.100300,92.711449,2801,29.81,231.76,70.76,1.0000,0.362128,0.147418,250.05,333.47,0.9693,0.390701,0.694729
1786703581.134437,92.745586,2802,29.81,231.60,70.83,1.0000,0.361871,0.147566,250.04,333.36,0.9696,0.390689,0.694510
1786703581.187570,92.798719,2803,29.81,231.60,70.93,1.0000,0.361871,0.147764,250.05,333.45,0.9690,0.390705,0.694691
1786703581.190272,92.801421,2804,29.81,231.51,70.94,1.0000,0.361729,0.147794,250.04,333.16,0.9696,0.390685,0.694093
1786703581.231972,92.843120,2805,29.81,231.46,70.94,1.0000,0.361662,0.147785,250.05,333.25,0.9691,0.390698,0.694269
1786703581.266809,92.877957,2806,29.81,231.35,70.93,1.0000,0.361481,0.147779,250.02,333.53,0.9691,0.390653,0.694863
1786703581.314554,92.925703,2807,29.77,231.25,70.93,1.0000,0.361321,0.147770,249.98,333.59,0.9694,0.390596,0.694970
1786703581.330432,92.941581,2808,29.77,231.25,71.01,1.0000,0.361321,0.147943,249.98,333.57,0.9695,0.390592,0.694937
1786703581.364481,92.975630,2809,29.77,231.19,71.00,1.0000,0.361232,0.147918,250.00,333.61,0.9687,0.390631,0.695016
1786703581.396512,93.007661,2810,29.77,231.19,70.99,1.0000,0.361227,0.147900,250.01,333.64,0.9688,0.390648,0.695076
1786703581.428268,93.039417,2811,29.77,231.15,70.82,1.0000,0.361168,0.147551,250.03,333.71,0.9685,0.390669,0.695224
1786703581.468180,93.079329,2812,29.77,231.01,70.93,1.0000,0.360957,0.147766,249.97,333.60,0.9690,0.390574,0.695008
1786703581.502718,93.113867,2813,29.77,230.92,70.86,1.0000,0.360806,0.147623,250.02,333.64,0.9681,0.390652,0.695078
1786703581.540425,93.151574,2814,29.77,230.81,70.77,1.0000,0.360633,0.147437,250.03,333.63,0.9676,0.390675,0.695064
1786703581.579636,93.190785,2815,29.77,230.82,70.79,1.0000,0.360651,0.147474,249.96,333.45,0.9688,0.390565,0.694684
1786703581.599795,93.210944,2816,29.77,230.84,70.79,1.0000,0.360692,0.147479,249.97,333.34,0.9700,0.390571,0.694467
1786703581.630068,93.241217,2817,29.77,230.82,70.86,1.0000,0.360654,0.147634,249.94,333.34,0.9707,0.390527,0.694457
1786703581.670228,93.281376,2818,29.77,230.85,70.89,1.0000,0.360703,0.147686,250.00,333.37,0.9701,0.390625,0.694527
1786703581.699754,93.310903,2819,29.77,230.96,70.89,1.0000,0.360872,0.147695,250.09,333.53,0.9699,0.390772,0.694863
1786703581.739273,93.350421,2820,29.77,230.96,70.97,1.0000,0.360874,0.147848,250.15,333.45,0.9684,0.390852,0.694682
1786703581.773849,93.384998,2821,29.77,230.96,70.93,1.0000,0.360873,0.147767,250.14,333.45,0.9683,0.390842,0.694690
1786703581.799987,93.411136,2822,29.77,230.97,70.93,1.0000,0.360883,0.147778,250.12,333.52,0.9687,0.390819,0.694828
1786703581.829571,93.440720,2823,29.98,230.93,70.98,1.0000,0.360833,0.147867,250.05,333.56,0.9681,0.390697,0.694922
1786703581.874783,93.485932,2824,29.98,230.90,71.11,1.0000,0.360779,0.148140,249.98,333.60,0.9687,0.390601,0.694990
1786703581.889770,93.500919,2825,29.98,230.79,71.12,1.0000,0.360615,0.148165,250.00,333.50,0.9688,0.390620,0.694799
1786703581.944077,93.555226,2826,29.98,230.79,71.12,1.0000,0.360606,0.148165,249.89,333.64,0.9687,0.390448,0.695073
1786703581.983058,93.594207,2827,29.98,230.67,71.07,1.0000,0.360427,0.148056,249.87,333.71,0.9696,0.390423,0.695224
1786703582.005284,93.616433,2828,29.98,230.68,71.08,1.0000,0.360438,0.148089,249.86,333.73,0.9698,0.390400,0.695270
1786703582.038776,93.649925,2829,29.98,230.56,71.09,1.0000,0.360246,0.148097,249.85,333.78,0.9700,0.390387,0.695373
1786703582.072918,93.684067,2830,29.98,230.54,71.12,1.0000,0.360218,0.148171,249.84,333.84,0.9694,0.390376,0.695491
1786703582.115837,93.726985,2831,29.98,230.51,71.12,1.0000,0.360174,0.148175,249.79,333.53,0.9703,0.390303,0.694860
1786703582.152609,93.763758,2832,29.98,230.55,71.22,1.0000,0.360233,0.148382,249.77,333.45,0.9700,0.390272,0.694684
1786703582.175706,93.786855,2833,29.98,230.53,71.22,1.0000,0.360209,0.148379,249.78,333.44,0.9701,0.390276,0.694670
1786703582.207648,93.818796,2834,29.98,230.53,71.23,1.0000,0.360198,0.148386,249.78,333.44,0.9703,0.390276,0.694665
1786703582.237283,93.848432,2835,29.98,230.44,71.23,1.0000,0.360060,0.148387,249.77,333.39,0.9701,0.390263,0.694556
1786703582.298631,93.909780,2836,29.98,230.25,71.23,1.0000,0.359770,0.148391,249.72,333.41,0.9700,0.390189,0.694596
1786703582.300880,93.912029,2837,29.98,230.21,71.23,1.0000,0.359703,0.148391,249.71,333.49,0.9697,0.390178,0.694761
1786703582.342114,93.953263,2838,29.92,230.20,71.25,1.0000,0.359691,0.148440,249.73,333.39,0.9693,0.390196,0.694569
1786703582.382669,93.993818,2839,29.92,230.17,71.16,1.0000,0.359643,0.148242,249.72,333.35,0.9690,0.390195,0.694473
1786703582.395622,94.006771,2840,29.92,230.19,71.18,1.0000,0.359665,0.148299,249.80,333.35,0.9688,0.390318,0.694471
1786703582.433075,94.044224,2841,29.92,230.10,71.20,1.0000,0.359533,0.148333,249.81,333.40,0.9689,0.390321,0.694582
1786703582.469646,94.080795,2842,29.92,230.11,71.26,1.0000,0.359554,0.148457,249.82,333.54,0.9687,0.390343,0.694879
1786703582.503966,94.115114,2843,29.92,230.04,71.25,1.0000,0.359444,0.148434,249.82,333.59,0.9688,0.390349,0.694987
1786703582.540777,94.151926,2844,29.92,230.26,71.25,1.0000,0.359787,0.148443,249.76,333.72,0.9689,0.390245,0.695256
1786703582.569968,94.181117,2845,29.92,230.27,71.26,1.0000,0.359792,0.148454,249.69,333.62,0.9691,0.390140,0.695050
1786703582.604697,94.215845,2846,29.92,230.15,71.26,1.0000,0.359612,0.148468,249.65,333.69,0.9692,0.390071,0.695197
1786703582.663053,94.274201,2847,29.92,230.16,71.27,1.0000,0.359623,0.148470,249.59,333.70,0.9695,0.389977,0.695200
1786703582.679063,94.290211,2848,29.92,230.16,71.38,1.0000,0.359632,0.148717,249.54,333.75,0.9697,0.389914,0.695304
1786703582.707645,94.318794,2849,29.92,230.16,71.35,1.0000,0.359625,0.148652,249.56,333.75,0.9696,0.389937,0.695322
1786703582.735337,94.346485,2850,29.92,230.17,71.37,1.0000,0.359634,0.148689,249.61,333.85,0.9697,0.390011,0.695519
1786703582.769407,94.380556,2851,29.92,230.17,71.37,1.0000,0.359633,0.148680,249.70,333.82,0.9696,0.390152,0.695459
1786703582.811548,94.422697,2852,29.92,230.17,71.41,1.0000,0.359639,0.148776,249.67,333.87,0.9697,0.390115,0.695567
1786703582.843343,94.454491,2853,29.86,230.13,71.39,1.0000,0.359580,0.148729,249.66,333.88,0.9699,0.390090,0.695586
1786703582.877824,94.488973,2854,29.86,229.97,71.40,1.0000,0.359333,0.148740,249.70,333.88,0.9701,0.390151,0.695588
1786703582.917006,94.528154,2855,29.86,229.96,71.10,1.0000,0.359307,0.148118,249.65,333.99,0.9703,0.390077,0.695806
1786703582.934824,94.545972,2856,29.86,229.83,71.10,1.0000,0.359109,0.148129,249.66,333.99,0.9703,0.390093,0.695817
1786703582.975207,94.586355,2857,29.86,229.65,71.10,1.0000,0.358821,0.148132,249.66,334.01,0.9701,0.390088,0.695853
1786703583.001233,94.612382,2858,29.86,229.64,71.12,1.0000,0.358810,0.148166,249.64,334.02,0.9696,0.390062,0.695866
1786703583.055623,94.666772,2859,29.86,229.39,71.04,1.0000,0.358430,0.147994,249.60,333.96,0.9700,0.390007,0.695746
1786703583.060477,94.671626,2860,29.86,229.40,70.96,1.0000,0.358439,0.147825,249.59,333.99,0.9692,0.389977,0.695809
1786703583.108627,94.719775,2861,29.86,229.39,70.95,1.0000,0.358426,0.147820,249.54,334.08,0.9689,0.389899,0.696002
1786703583.139486,94.750635,2862,29.86,229.22,70.93,1.0000,0.358164,0.147762,249.54,334.07,0.9691,0.389907,0.695989
1786703583.163005,94.774154,2863,29.86,229.24,70.91,1.0000,0.358184,0.147738,249.53,334.09,0.9690,0.389897,0.696020
1786703583.211348,94.822497,2864,29.86,229.24,70.91,1.0000,0.358181,0.147731,249.58,334.01,0.9693,0.389968,0.695854
1786703583.254061,94.865209,2865,29.86,229.25,70.89,1.0000,0.358205,0.147685,249.58,334.01,0.9696,0.389961,0.695848
1786703583.267528,94.878676,2866,29.86,229.44,70.91,1.0000,0.358502,0.147721,249.50,334.02,0.9700,0.389841,0.695874
1786703583.299167,94.910316,2867,29.86,229.56,70.90,1.0000,0.358681,0.147712,249.51,334.11,0.9696,0.389860,0.696066
1786703583.333940,94.945089,2868,29.86,229.65,70.97,1.0000,0.358829,0.147854,249.52,334.06,0.9700,0.389877,0.695963
1786703583.368282,94.979431,2869,29.99,229.77,71.00,1.0000,0.359016,0.147923,249.59,334.00,0.9703,0.389990,0.695842
1786703583.424423,95.035572,2870,29.99,230.10,71.08,1.0000,0.359524,0.148077,249.53,334.20,0.9704,0.389883,0.696257
1786703583.439144,95.050293,2871,29.99,230.14,71.10,1.0000,0.359598,0.148122,249.56,334.18,0.9705,0.389935,0.696216
1786703583.469856,95.081005,2872,29.99,230.83,71.36,1.0000,0.360671,0.148665,249.56,334.16,0.9709,0.389941,0.696161
1786703583.495937,95.107086,2873,29.99,231.04,71.39,1.0000,0.360993,0.148720,249.49,334.20,0.9705,0.389834,0.696245
1786703583.564485,95.175634,2874,29.99,231.21,71.38,1.0000,0.361270,0.148714,249.47,334.00,0.9701,0.389804,0.695841
1786703583.586303,95.197451,2875,29.99,231.65,71.38,1.0000,0.361947,0.148717,249.46,334.05,0.9703,0.389787,0.695936
1786703583.601729,95.212878,2876,29.99,231.80,71.38,1.0000,0.362183,0.148710,249.45,334.04,0.9706,0.389765,0.695919
1786703583.638854,95.250003,2877,29.99,231.65,71.39,1.0000,0.361945,0.148721,249.47,334.10,0.9705,0.389791,0.696045
1786703583.653284,95.264433,2878,29.99,231.65,71.37,1.0000,0.361949,0.148692,249.46,333.89,0.9700,0.389787,0.695606
1786703583.698672,95.309821,2879,29.99,231.71,71.36,1.0000,0.362046,0.148675,249.43,334.09,0.9699,0.389727,0.696030
1786703583.732368,95.343517,2880,29.99,231.71,71.35,1.0000,0.362048,0.148646,249.41,334.07,0.9697,0.389709,0.695987
1786703583.775093,95.386242,2881,29.99,231.77,71.37,1.0000,0.362144,0.148685,249.40,334.06,0.9696,0.389687,0.695953
1786703583.790932,95.402081,2882,29.99,231.79,71.37,1.0000,0.362177,0.148677,249.40,334.01,0.9695,0.389688,0.695851
1786703583.833910,95.445059,2883,29.99,231.88,71.43,1.0000,0.362319,0.148816,249.40,334.03,0.9690,0.389682,0.695905
1786703583.865593,95.476742,2884,29.99,232.22,71.45,1.0000,0.362848,0.148851,249.41,334.02,0.9692,0.389709,0.695878
1786703583.900249,95.511398,2885,30.00,231.89,71.42,1.0000,0.362333,0.148800,249.47,334.07,0.9692,0.389801,0.695987
1786703583.934427,95.545576,2886,30.00,231.91,71.64,1.0000,0.362355,0.149254,249.46,334.09,0.9694,0.389776,0.696024
1786703583.966214,95.577363,2887,30.00,232.04,71.87,1.0000,0.362565,0.149725,249.50,333.69,0.9693,0.389851,0.695181
1786703584.014005,95.625154,2888,30.00,231.87,71.69,1.0000,0.362296,0.149349,249.51,333.24,0.9697,0.389858,0.694258
1786703584.039711,95.650860,2889,30.00,231.94,71.69,1.0000,0.362400,0.149352,249.49,333.33,0.9704,0.389829,0.694433
1786703584.072278,95.683427,2890,30.00,232.27,71.58,1.0000,0.362919,0.149118,249.57,333.36,0.9711,0.389946,0.694495
1786703584.109568,95.720717,2891,30.00,232.28,71.57,1.0000,0.362939,0.149114,249.55,333.35,0.9713,0.389927,0.694470
1786703584.141548,95.752697,2892,30.00,232.33,71.45,1.0000,0.363013,0.148863,249.56,333.17,0.9711,0.389939,0.694096
1786703584.172991,95.784140,2893,30.00,232.37,71.54,1.0000,0.363077,0.149045,249.49,333.37,0.9715,0.389830,0.694517
1786703584.204961,95.816110,2894,30.00,232.40,71.56,1.0000,0.363128,0.149082,249.52,333.36,0.9718,0.389867,0.694507
1786703584.224798,95.835947,2895,30.00,232.42,71.61,1.0000,0.363160,0.149188,249.54,333.38,0.9719,0.389910,0.694538
1786703584.268588,95.879737,2896,30.00,232.55,71.67,1.0000,0.363358,0.149320,249.55,333.21,0.9719,0.389923,0.694196
1786703584.316144,95.927293,2897,30.00,232.63,71.89,1.0000,0.363486,0.149774,249.54,333.37,0.9718,0.389910,0.694517
1786703584.348215,95.959364,2898,30.00,232.83,71.84,1.0000,0.363790,0.149665,249.54,333.34,0.9719,0.389908,0.694451
1786703584.363873,95.975021,2899,30.00,232.97,71.87,1.0000,0.364011,0.149730,249.53,333.59,0.9719,0.389889,0.694975
1786703584.408652,96.019801,2900,30.00,232.95,71.87,1.0000,0.363981,0.149720,249.54,333.67,0.9719,0.389912,0.695155
1786703584.434948,96.046097,2901,30.00,233.08,72.03,1.0000,0.364181,0.150071,249.60,333.78,0.9716,0.389999,0.695384
1786703584.483675,96.094823,2902,30.00,232.80,71.96,1.0000,0.363753,0.149917,249.54,333.91,0.9710,0.389904,0.695647
1786703584.502894,96.114043,2903,30.00,232.90,72.04,1.0000,0.363909,0.150091,249.54,333.88,0.9692,0.389907,0.695593
1786703584.534593,96.145742,2904,30.00,232.96,72.04,1.0000,0.363995,0.150087,249.55,334.05,0.9680,0.389921,0.695934
1786703584.566025,96.177173,2905,30.00,232.95,72.02,1.0000,0.363984,0.150043,249.50,334.10,0.9673,0.389840,0.696043
1786703584.613408,96.224557,2906,30.00,233.31,72.02,1.0000,0.364546,0.150041,249.47,334.22,0.9664,0.389794,0.696289
1786703584.639439,96.250588,2907,30.00,233.30,72.03,1.0000,0.364532,0.150064,249.43,334.25,0.9662,0.389734,0.696345
1786703584.690762,96.301911,2908,30.00,233.30,72.07,1.0000,0.364536,0.150146,249.48,334.25,0.9662,0.389813,0.696360
1786703584.711875,96.323024,2909,30.00,233.29,72.07,1.0000,0.364518,0.150146,249.47,334.20,0.9663,0.389801,0.696256
1786703584.725206,96.336355,2910,30.00,233.30,72.15,1.0000,0.364535,0.150321,249.52,334.15,0.9658,0.389873,0.696143
1786703584.741104,96.352252,2911,30.00,233.27,72.13,1.0000,0.364485,0.150265,249.53,334.20,0.9661,0.389885,0.696253
1786703584.844533,96.455682,2912,30.00,233.06,71.90,1.0000,0.364154,0.149794,249.52,334.29,0.9657,0.389876,0.696435
1786703584.863858,96.475006,2913,30.00,233.13,71.96,1.0000,0.364271,0.149923,249.54,334.22,0.9647,0.389906,0.696298
1786703584.875881,96.487030,2914,30.00,233.05,71.94,1.0000,0.364144,0.149876,249.55,334.25,0.9641,0.389921,0.696358
1786703584.899407,96.510556,2915,29.95,233.03,71.90,1.0000,0.364111,0.149794,249.55,334.31,0.9631,0.389926,0.696473
1786703584.931405,96.542554,2916,29.95,233.06,71.95,1.0000,0.364149,0.149891,249.60,334.30,0.9623,0.390000,0.696466
1786703584.968090,96.579239,2917,29.95,233.02,71.93,1.0000,0.364091,0.149850,249.65,334.30,0.9614,0.390073,0.696468
1786703585.010665,96.621814,2918,29.95,233.03,72.01,1.0000,0.364108,0.150029,249.64,334.43,0.9616,0.390069,0.696730
1786703585.043109,96.654258,2919,29.95,233.07,72.00,1.0000,0.364169,0.149992,249.63,334.52,0.9622,0.390042,0.696923
1786703585.069221,96.680369,2920,29.95,233.11,72.00,1.0000,0.364239,0.150003,249.61,334.52,0.9628,0.390010,0.696915
1786703585.111204,96.722353,2921,29.95,233.13,72.00,1.0000,0.364258,0.149997,249.59,334.41,0.9629,0.389982,0.696692
1786703585.121982,96.733131,2922,29.95,233.19,72.00,1.0000,0.364363,0.149997,249.57,334.41,0.9634,0.389953,0.696682
1786703585.186403,96.797552,2923,29.95,233.19,71.99,1.0000,0.364360,0.149969,249.71,334.32,0.9626,0.390174,0.696507
1786703585.202504,96.813653,2924,29.95,233.17,72.02,1.0000,0.364324,0.150033,249.69,334.33,0.9630,0.390135,0.696520
1786703585.239270,96.850419,2925,29.95,233.17,72.02,1.0000,0.364326,0.150032,249.66,334.32,0.9637,0.390101,0.696492
1786703585.273647,96.884796,2926,29.95,233.17,72.02,1.0000,0.364326,0.150032,249.58,334.44,0.9634,0.389969,0.696740
1786703585.313560,96.924709,2927,29.95,233.19,72.01,1.0000,0.364354,0.150026,249.58,334.29,0.9638,0.389969,0.696433
1786703585.333508,96.944657,2928,29.95,233.18,72.02,1.0000,0.364350,0.150034,249.62,334.29,0.9636,0.390030,0.696441
1786703585.366633,96.977782,2929,29.95,233.17,71.99,1.0000,0.364333,0.149971,249.57,334.36,0.9638,0.389960,0.696582
1786703585.425424,97.036573,2930,29.67,233.18,71.94,1.0000,0.364339,0.149866,249.62,334.32,0.9640,0.390030,0.696508
1786703585.441085,97.052234,2931,29.67,233.18,71.90,1.0000,0.364338,0.149794,249.59,334.32,0.9647,0.389980,0.696496
1786703585.472842,97.083991,2932,29.67,233.21,71.99,1.0000,0.364387,0.149978,249.58,334.32,0.9648,0.389968,0.696497
1786703585.489995,97.101144,2933,29.67,233.16,71.95,1.0000,0.364319,0.149892,249.59,334.33,0.9638,0.389983,0.696519
1786703585.534301,97.145450,2934,29.67,233.18,71.94,1.0000,0.364350,0.149885,249.59,334.33,0.9628,0.389978,0.696518
1786703585.568761,97.179909,2935,29.67,233.27,72.02,1.0000,0.364491,0.150033,249.59,334.34,0.9618,0.389980,0.696545
1786703585.616184,97.227333,2936,29.67,233.53,72.14,1.0000,0.364891,0.150296,249.66,334.13,0.9616,0.390093,0.696113
1786703585.631867,97.243016,2937,29.67,233.56,72.17,1.0000,0.364930,0.150363,249.66,334.14,0.9616,0.390089,0.696123
1786703585.695586,97.306735,2938,29.67,233.55,72.21,1.0000,0.364918,0.150436,249.58,334.37,0.9613,0.389976,0.696611
1786703585.713849,97.324998,2939,29.67,233.32,72.19,1.0000,0.364566,0.150394,249.60,334.38,0.9608,0.389998,0.696617
1786703585.736524,97.347673,2940,29.67,233.35,72.12,1.0000,0.364606,0.150253,249.60,334.39,0.9606,0.389994,0.696643
1786703585.775008,97.386157,2941,29.67,233.37,72.10,1.0000,0.364639,0.150205,249.50,334.35,0.9611,0.389848,0.696562
1786703585.801476,97.412624,2942,29.67,233.35,71.99,1.0000,0.364602,0.149988,249.51,334.41,0.9614,0.389865,0.696697
1786703585.827652,97.438801,2943,29.67,233.33,71.88,1.0000,0.364574,0.149746,249.47,334.41,0.9619,0.389799,0.696695
1786703585.883167,97.494316,2944,29.67,233.30,71.88,1.0000,0.364531,0.149748,249.46,334.62,0.9610,0.389777,0.697129
1786703585.904767,97.515916,2945,29.67,233.38,71.91,1.0000,0.364649,0.149818,249.43,334.64,0.9606,0.389736,0.697171
1786703585.941930,97.553079,2946,30.02,233.37,71.92,1.0000,0.364641,0.149824,249.43,334.66,0.9604,0.389737,0.697216
1786703585.976266,97.587415,2947,30.02,233.51,71.83,1.0000,0.364858,0.149646,249.43,334.67,0.9599,0.389733,0.697232
1786703586.002914,97.614063,2948,30.02,233.51,71.83,1.0000,0.364857,0.149645,249.48,334.57,0.9602,0.389811,0.697028
1786703586.034359,97.645508,2949,30.02,233.53,71.86,1.0000,0.364891,0.149702,249.48,334.64,0.9596,0.389805,0.697171
1786703586.066297,97.677446,2950,30.02,233.74,71.87,1.0000,0.365218,0.149730,249.45,334.64,0.9601,0.389766,0.697173
1786703586.142349,97.753498,2951,30.02,233.74,71.87,1.0000,0.365222,0.149732,249.44,334.65,0.9607,0.389746,0.697190
1786703586.166832,97.777981,2953,30.02,233.78,71.74,1.0000,0.365274,0.149454,249.44,334.70,0.9598,0.389743,0.697292
1786703586.202913,97.814061,2954,30.02,233.62,71.70,1.0000,0.365033,0.149378,249.48,334.61,0.9598,0.389817,0.697095
1786703586.238267,97.849416,2955,30.02,233.73,71.72,1.0000,0.365196,0.149413,249.36,334.69,0.9597,0.389620,0.697268
1786703586.269140,97.880289,2956,30.02,233.78,71.71,1.0000,0.365286,0.149397,249.38,334.68,0.9599,0.389662,0.697255
1786703586.303582,97.914731,2957,30.02,233.72,71.62,1.0000,0.365186,0.149217,249.37,334.73,0.9604,0.389646,0.697349
1786703586.334468,97.945617,2958,30.02,233.72,71.61,1.0000,0.365186,0.149196,249.36,334.71,0.9603,0.389632,0.697314
1786703586.365382,97.976531,2959,30.02,233.71,71.55,1.0000,0.365177,0.149069,249.43,334.69,0.9603,0.389742,0.697275
1786703586.394878,98.006027,2960,30.02,233.72,71.47,1.0000,0.365183,0.148893,249.43,334.73,0.9606,0.389738,0.697360
1786703586.442431,98.053580,2961,29.60,233.74,71.47,1.0000,0.365216,0.148900,249.45,334.71,0.9613,0.389772,0.697308
1786703586.474352,98.085500,2962,29.60,233.74,71.48,1.0000,0.365212,0.148917,249.47,334.69,0.9618,0.389799,0.697273
1786703586.519648,98.130797,2963,29.60,233.73,71.48,1.0000,0.365211,0.148925,249.48,334.71,0.9622,0.389806,0.697306
1786703586.540202,98.151351,2964,29.60,233.52,71.48,1.0000,0.364878,0.148925,249.50,334.68,0.9627,0.389840,0.697248
1786703586.574767,98.185916,2965,29.60,233.42,71.56,1.0000,0.364718,0.149075,249.54,334.62,0.9632,0.389899,0.697127
1786703586.598062,98.209211,2966,29.60,233.40,71.49,1.0000,0.364689,0.148939,249.53,334.61,0.9638,0.389884,0.697114
1786703586.645514,98.256662,2967,29.60,233.12,71.61,1.0000,0.364257,0.149189,249.51,334.63,0.9641,0.389854,0.697141
1786703586.677274,98.288423,2968,29.60,232.87,71.62,1.0000,0.363865,0.149203,249.51,334.60,0.9648,0.389853,0.697086
1786703586.724524,98.335672,2969,29.60,232.71,71.46,1.0000,0.363604,0.148877,249.50,334.57,0.9651,0.389841,0.697028
1786703586.740240,98.351389,2970,29.60,232.69,71.43,1.0000,0.363583,0.148803,249.50,334.53,0.9655,0.389844,0.696930
1786703586.787783,98.398932,2971,29.60,232.71,71.22,1.0000,0.363611,0.148378,249.55,334.31,0.9663,0.389917,0.696484
1786703586.807210,98.418359,2972,29.60,232.66,71.15,1.0000,0.363530,0.148219,249.48,334.54,0.9663,0.389817,0.696962
1786703586.835829,98.446978,2973,29.60,232.62,71.13,1.0000,0.363469,0.148197,249.50,334.35,0.9673,0.389845,0.696570
1786703586.867019,98.478168,2974,29.60,232.59,71.14,1.0000,0.363417,0.148202,249.52,334.30,0.9676,0.389882,0.696457
1786703586.898478,98.509627,2975,29.60,232.21,71.13,1.0000,0.362826,0.148185,249.51,334.46,0.9674,0.389860,0.696797
1786703586.935340,98.546489,2976,29.60,232.23,71.13,1.0000,0.362860,0.148181,249.52,334.42,0.9683,0.389874,0.696712
1786703586.976417,98.587565,2977,29.62,232.21,71.12,1.0000,0.362825,0.148176,249.53,334.28,0.9690,0.389888,0.696411
1786703587.007990,98.619139,2978,29.62,232.28,71.12,1.0000,0.362932,0.148176,249.54,334.28,0.9691,0.389912,0.696419
1786703587.026088,98.637237,2979,29.62,232.40,71.24,1.0000,0.363121,0.148424,249.57,334.04,0.9698,0.389959,0.695927
1786703587.071346,98.682495,2980,29.62,232.51,71.35,1.0000,0.363301,0.148644,249.62,333.99,0.9699,0.390035,0.695813
1786703587.097926,98.709075,2981,29.62,232.72,71.43,1.0000,0.363622,0.148803,249.65,333.87,0.9705,0.390080,0.695556
1786703587.129053,98.740202,2982,29.62,232.65,71.43,1.0000,0.363512,0.148806,249.66,333.88,0.9701,0.390088,0.695592
1786703587.184371,98.795519,2983,29.62,232.57,71.30,1.0000,0.363389,0.148549,249.60,333.94,0.9699,0.390008,0.695708
1786703587.197346,98.808495,2984,29.62,232.57,71.30,1.0000,0.363396,0.148541,249.59,333.98,0.9702,0.389984,0.695796
1786703587.240149,98.851298,2985,29.62,232.57,71.23,1.0000,0.363398,0.148397,249.60,333.82,0.9706,0.390000,0.695461
1786703587.276574,98.887723,2986,29.62,232.47,71.20,1.0000,0.363233,0.148325,249.58,333.91,0.9702,0.389966,0.695639
1786703587.308600,98.919749,2987,29.62,232.47,71.19,1.0000,0.363232,0.148311,249.55,333.90,0.9703,0.389928,0.695630
1786703587.350923,98.962072,2988,29.62,232.45,71.17,1.0000,0.363198,0.148278,249.59,333.88,0.9705,0.389977,0.695587
1786703587.372091,98.983240,2989,29.62,232.45,71.18,1.0000,0.363198,0.148298,249.48,333.96,0.9701,0.389813,0.695750
1786703587.411624,99.022773,2990,29.62,232.49,71.18,1.0000,0.363270,0.148295,249.51,333.98,0.9704,0.389865,0.695794
1786703587.428611,99.039759,2991,29.62,232.56,71.18,1.0000,0.363375,0.148297,249.52,333.97,0.9700,0.389880,0.695773
1786703587.467541,99.078689,2992,29.62,232.67,71.18,1.0000,0.363540,0.148288,249.53,333.98,0.9704,0.389895,0.695791
1786703587.509820,99.120969,2993,29.70,232.69,71.16,1.0000,0.363582,0.148259,249.51,334.17,0.9705,0.389864,0.696189
1786703587.536153,99.147301,2994,29.70,232.67,71.13,1.0000,0.363544,0.148186,249.54,334.11,0.9708,0.389908,0.696052
1786703587.568037,99.179185,2995,29.70,232.66,71.24,1.0000,0.363526,0.148411,249.56,334.08,0.9705,0.389937,0.695990
1786703587.605423,99.216572,2996,29.70,232.54,71.35,1.0000,0.363338,0.148641,249.42,334.39,0.9697,0.389724,0.696640
1786703587.637159,99.248308,2997,29.70,232.50,71.36,1.0000,0.363277,0.148672,249.43,334.39,0.9700,0.389734,0.696636
1786703587.687292,99.298441,2998,29.70,232.27,71.33,1.0000,0.362927,0.148594,249.49,334.34,0.9704,0.389821,0.696534
1786703587.711364,99.322513,2999,29.70,232.26,71.35,1.0000,0.362912,0.148645,249.51,334.32,0.9705,0.389858,0.696492
1786703587.733735,99.344884,3000,29.70,232.09,71.28,1.0000,0.362637,0.148509,249.52,334.27,0.9710,0.389875,0.696399
1786703587.775140,99.386288,3001,29.70,232.08,71.37,1.0000,0.362629,0.148697,249.52,334.24,0.9715,0.389879,0.696324
1786703587.806974,99.418123,3002,29.70,231.99,71.31,1.0000,0.362488,0.148559,249.54,334.24,0.9715,0.389899,0.696336
1786703587.843702,99.454851,3003,29.70,232.05,71.22,1.0000,0.362582,0.148378,249.54,334.23,0.9724,0.389901,0.696319
1786703587.872364,99.483513,3004,29.70,232.07,71.26,1.0000,0.362613,0.148455,249.56,334.18,0.9724,0.389932,0.696207
1786703587.928937,99.540086,3005,29.70,232.00,71.34,1.0000,0.362497,0.148630,249.61,334.12,0.9728,0.390023,0.696082
1786703587.943659,99.554807,3006,29.70,232.00,71.34,1.0000,0.362501,0.148620,249.62,334.13,0.9729,0.390025,0.696095
1786703587.978196,99.589345,3007,29.70,232.13,71.34,1.0000,0.362705,0.148624,249.60,334.16,0.9727,0.390002,0.696177
1786703588.009398,99.620547,3008,29.70,232.18,71.35,1.0000,0.362778,0.148650,249.62,333.95,0.9734,0.390028,0.695725
1786703588.046329,99.657478,3009,29.79,232.11,71.22,1.0000,0.362675,0.148367,249.69,333.94,0.9732,0.390142,0.695700
1786703588.075590,99.686739,3010,29.79,232.29,71.20,1.0000,0.362948,0.148329,249.68,334.07,0.9721,0.390120,0.695988
1786703588.109952,99.721101,3011,29.79,232.23,71.15,1.0000,0.362858,0.148229,249.77,333.98,0.9730,0.390269,0.695784
1786703588.136781,99.747930,3012,29.79,232.37,71.12,1.0000,0.363085,0.148160,249.77,333.96,0.9728,0.390269,0.695751
1786703588.197412,99.808561,3013,29.79,231.99,70.96,1.0000,0.362488,0.147841,249.85,334.17,0.9727,0.390397,0.696184
1786703588.215989,99.827138,3014,29.79,232.18,70.96,1.0000,0.362774,0.147828,249.83,334.07,0.9724,0.390356,0.695984
1786703588.230560,99.841708,3015,29.79,232.17,70.97,1.0000,0.362770,0.147846,249.83,334.08,0.9722,0.390353,0.695996
1786703588.270088,99.881237,3016,29.79,232.28,71.00,1.0000,0.362938,0.147917,249.78,334.31,0.9707,0.390283,0.696474
1786703588.307176,99.918325,3017,29.79,232.27,71.13,1.0000,0.362923,0.148190,249.76,334.34,0.9701,0.390246,0.696538
1786703588.353723,99.964872,3018,29.79,232.34,71.31,1.0000,0.363024,0.148553,249.68,334.17,0.9688,0.390122,0.696194
1786703588.373382,99.984531,3019,29.79,232.33,71.43,1.0000,0.363023,0.148806,249.68,334.13,0.9697,0.390129,0.696113
1786703588.417317,100.028466,3020,29.79,232.28,71.33,1.0000,0.362944,0.148611,249.68,334.17,0.9697,0.390121,0.696185
1786703588.443693,100.054842,3021,29.79,232.31,71.49,1.0000,0.362982,0.148932,249.66,334.18,0.9694,0.390095,0.696201
1786703588.473448,100.084597,3022,29.79,232.26,71.54,1.0000,0.362913,0.149041,249.59,334.02,0.9698,0.389991,0.695869
1786703588.502717,100.113866,3023,29.79,232.26,71.52,1.0000,0.362914,0.148998,249.58,333.98,0.9699,0.389968,0.695799
1786703588.544404,100.155553,3024,29.79,232.24,71.51,1.0000,0.362881,0.148980,249.49,334.01,0.9696,0.389834,0.695859
1786703588.576695,100.187844,3025,29.92,232.24,71.50,1.0000,0.362880,0.148959,249.39,334.22,0.9687,0.389667,0.696300
1786703588.595048,100.206197,3026,29.92,232.21,71.50,1.0000,0.362829,0.148956,249.39,334.21,0.9682,0.389667,0.696268
1786703588.634865,100.246014,3027,29.92,232.17,71.49,1.0000,0.362770,0.148940,249.37,334.19,0.9685,0.389645,0.696226
1786703588.706109,100.317258,3028,29.92,232.20,71.45,1.0000,0.362805,0.148855,249.39,334.21,0.9687,0.389666,0.696271
1786703588.706109,100.317258,3029,29.92,232.20,71.53,1.0000,0.362813,0.149015,249.39,334.17,0.9688,0.389673,0.696188
1786703588.737338,100.348486,3030,29.92,232.20,71.42,1.0000,0.362817,0.148784,249.37,334.18,0.9688,0.389639,0.696201
1786703588.795444,100.406593,3031,29.92,232.04,71.40,1.0000,0.362556,0.148755,249.40,334.11,0.9694,0.389683,0.696070
1786703588.800774,100.411923,3032,29.92,232.04,71.41,1.0000,0.362570,0.148770,249.38,334.12,0.9692,0.389651,0.696073
1786703588.840388,100.451536,3033,29.92,232.05,71.40,1.0000,0.362574,0.148743,249.32,334.12,0.9691,0.389555,0.696078
1786703588.869499,100.480648,3034,29.92,232.05,71.40,1.0000,0.362577,0.148754,249.29,334.18,0.9687,0.389519,0.696217
1786703588.904089,100.515238,3035,29.92,232.05,71.52,1.0000,0.362573,0.149010,249.28,334.32,0.9688,0.389503,0.696500
1786703588.941211,100.552359,3036,29.92,231.80,71.56,1.0000,0.362193,0.149093,249.28,334.42,0.9682,0.389500,0.696717
1786703588.970485,100.581634,3037,29.92,231.34,71.43,1.0000,0.361463,0.148820,249.32,334.37,0.9690,0.389555,0.696603
1786703589.024400,100.635549,3038,29.92,231.34,71.68,1.0000,0.361461,0.149325,249.19,334.38,0.9686,0.389364,0.696617
1786703589.039329,100.650478,3039,29.92,231.27,71.68,1.0000,0.361367,0.149330,249.15,334.46,0.9685,0.389300,0.696787
1786703589.079202,100.690351,3040,29.85,231.34,71.69,1.0000,0.361474,0.149358,249.18,334.43,0.9684,0.389344,0.696725
1786703589.121836,100.732985,3041,29.85,231.35,71.72,1.0000,0.361483,0.149412,249.15,334.30,0.9675,0.389304,0.696450
1786703589.135180,100.746328,3042,29.85,231.46,71.91,1.0000,0.361655,0.149809,249.13,334.30,0.9677,0.389262,0.696455
1786703589.185042,100.796191,3043,29.85,231.45,71.91,1.0000,0.361642,0.149816,249.07,334.35,0.9677,0.389178,0.696552
1786703589.216902,100.828051,3044,29.85,231.55,71.91,1.0000,0.361792,0.149812,249.08,334.33,0.9673,0.389181,0.696529
1786703589.230138,100.841286,3045,29.85,231.62,71.93,1.0000,0.361904,0.149850,249.07,334.28,0.9662,0.389175,0.696413
1786703589.246055,100.857204,3046,29.85,231.65,71.91,1.0000,0.361958,0.149810,249.07,334.29,0.9660,0.389173,0.696440
1786703589.293555,100.904704,3047,29.85,231.75,71.88,1.0000,0.362114,0.149760,249.03,334.28,0.9658,0.389106,0.696413
1786703589.325930,100.937079,3048,29.85,231.75,71.79,1.0000,0.362116,0.149556,249.05,334.05,0.9658,0.389135,0.695934
1786703589.356984,100.968133,3049,29.85,231.81,71.79,1.0000,0.362209,0.149558,249.07,334.03,0.9657,0.389167,0.695905
1786703589.389219,101.000368,3050,29.85,231.96,71.83,1.0000,0.362439,0.149644,249.06,334.23,0.9649,0.389157,0.696323
1786703589.420305,101.031454,3051,29.85,232.02,71.84,1.0000,0.362537,0.149661,249.07,334.19,0.9654,0.389172,0.696223
1786703589.461425,101.072574,3052,29.85,231.94,71.84,1.0000,0.362412,0.149665,249.10,334.20,0.9660,0.389212,0.696246
1786703589.500109,101.111258,3053,29.85,231.91,71.87,1.0000,0.362360,0.149728,249.23,334.20,0.9669,0.389425,0.696240
1786703589.532473,101.143621,3054,29.85,231.78,71.99,1.0000,0.362157,0.149973,249.25,334.18,0.9668,0.389447,0.696208
1786703589.563850,101.174999,3055,29.85,231.73,72.02,1.0000,0.362078,0.150036,249.30,334.07,0.9671,0.389537,0.695975
1786703589.579581,101.190730,3056,30.14,231.75,72.02,1.0000,0.362116,0.150044,249.27,334.10,0.9661,0.389491,0.696037
1786703589.627423,101.238572,3057,30.14,231.84,72.11,1.0000,0.362247,0.150238,249.29,334.08,0.9657,0.389508,0.695992
1786703589.675204,101.286352,3058,30.14,231.85,72.11,1.0000,0.362261,0.150235,249.24,334.21,0.9656,0.389440,0.696274
1786703589.681278,101.292427,3059,30.14,231.81,72.10,1.0000,0.362210,0.150201,249.25,334.24,0.9666,0.389457,0.696344
1786703589.715444,101.326592,3060,30.14,231.80,72.04,1.0000,0.362193,0.150087,249.30,334.23,0.9663,0.389525,0.696315
1786703589.759201,101.370349,3061,30.14,231.63,71.95,1.0000,0.361928,0.149896,249.30,334.16,0.9663,0.389531,0.696165
1786703589.801293,101.412442,3062,30.14,231.67,71.74,1.0000,0.361985,0.149458,249.26,334.13,0.9673,0.389462,0.696110
1786703589.833560,101.444709,3063,30.14,231.66,71.69,1.0000,0.361969,0.149357,249.27,334.15,0.9677,0.389487,0.696145
1786703589.864750,101.475899,3064,30.14,231.76,71.50,1.0000,0.362120,0.148965,249.29,334.30,0.9684,0.389518,0.696468
1786703589.896416,101.507565,3065,30.14,231.65,71.37,1.0000,0.361954,0.148680,249.32,334.30,0.9688,0.389557,0.696459
1786703589.919531,101.530680,3066,30.14,231.85,71.27,1.0000,0.362261,0.148477,249.37,334.38,0.9698,0.389648,0.696626
1786703589.991314,101.602463,3067,30.14,231.86,71.23,1.0000,0.362274,0.148396,249.47,333.78,0.9697,0.389793,0.695366
1786703590.023485,101.634634,3068,30.14,231.81,71.21,1.0000,0.362199,0.148358,249.47,333.74,0.9701,0.389802,0.695301
1786703590.028174,101.639323,3069,30.14,231.84,71.41,1.0000,0.362245,0.148779,249.42,333.83,0.9697,0.389723,0.695487
1786703590.055293,101.666442,3070,30.14,232.03,71.38,1.0000,0.362552,0.148717,249.43,333.87,0.9699,0.389742,0.695565
1786703590.089379,101.700527,3071,30.04,232.05,71.40,1.0000,0.362573,0.148749,249.43,333.90,0.9700,0.389730,0.695628
1786703590.144989,101.756138,3072,30.04,232.19,71.29,1.0000,0.362792,0.148520,249.49,333.93,0.9705,0.389827,0.695678
1786703590.171506,101.782655,3073,30.04,232.21,71.41,1.0000,0.362827,0.148761,249.48,334.01,0.9710,0.389818,0.695859
1786703590.201046,101.812194,3074,30.04,232.41,71.42,1.0000,0.363148,0.148783,249.49,333.88,0.9713,0.389829,0.695581
1786703590.230601,101.841750,3075,30.04,232.49,71.60,1.0000,0.363263,0.149172,249.49,333.84,0.9710,0.389827,0.695508
1786703590.267391,101.878540,3076,30.04,232.73,71.72,1.0000,0.363639,0.149406,249.50,333.72,0.9715,0.389840,0.695251
1786703590.300908,101.912057,3077,30.04,232.73,71.74,1.0000,0.363646,0.149465,249.53,333.78,0.9717,0.389884,0.695377
1786703590.348955,101.960104,3078,30.04,232.68,71.41,1.0000,0.363564,0.148780,249.53,333.79,0.9722,0.389891,0.695393
1786703590.388005,101.999153,3079,30.04,232.68,71.41,1.0000,0.363563,0.148773,249.54,333.70,0.9723,0.389900,0.695202
1786703590.403998,102.015147,3080,30.04,232.53,71.41,1.0000,0.363335,0.148771,249.57,333.52,0.9723,0.389951,0.694831
1786703590.436105,102.047253,3081,30.04,232.44,71.34,1.0000,0.363187,0.148632,249.58,333.48,0.9723,0.389964,0.694759
1786703590.479346,102.090495,3082,30.04,232.50,71.44,1.0000,0.363275,0.148834,249.60,333.58,0.9716,0.389996,0.694961
1786703590.512272,102.123421,3083,30.04,232.49,71.44,1.0000,0.363270,0.148837,249.61,333.72,0.9720,0.390015,0.695241
1786703590.546964,102.158113,3084,30.04,232.51,71.48,1.0000,0.363304,0.148922,249.62,333.70,0.9718,0.390027,0.695215
1786703590.575779,102.186928,3085,30.04,232.51,71.40,1.0000,0.363301,0.148744,249.63,333.73,0.9721,0.390047,0.695271
1786703590.610193,102.221341,3086,29.81,232.51,71.40,1.0000,0.363301,0.148757,249.69,333.71,0.9721,0.390134,0.695236
1786703590.642137,102.253286,3087,29.81,232.56,71.44,1.0000,0.363372,0.148832,249.71,333.72,0.9722,0.390172,0.695257
1786703590.655760,102.266909,3088,29.81,232.74,71.45,1.0000,0.363654,0.148853,249.72,334.03,0.9713,0.390181,0.695891
1786703590.698987,102.310135,3089,29.81,232.84,71.48,1.0000,0.363815,0.148908,249.70,334.05,0.9713,0.390156,0.695945
1786703590.736382,102.347531,3090,29.81,233.17,71.53,1.0000,0.364329,0.149025,249.69,334.15,0.9707,0.390137,0.696150
1786703590.782871,102.394020,3091,29.81,233.25,71.75,1.0000,0.364449,0.149482,249.66,334.41,0.9707,0.390093,0.696687
1786703590.815241,102.426389,3092,29.81,233.27,71.75,1.0000,0.364487,0.149479,249.69,334.43,0.9713,0.390133,0.696721
1786703590.847189,102.458338,3093,29.81,233.28,71.94,1.0000,0.364496,0.149885,249.70,334.39,0.9713,0.390155,0.696643
1786703590.864849,102.475998,3094,29.81,233.28,71.95,1.0000,0.364497,0.149891,249.74,334.39,0.9717,0.390223,0.696646
1786703590.894815,102.505964,3095,29.81,233.28,71.95,1.0000,0.364503,0.149903,249.73,334.36,0.9707,0.390203,0.696581
1786703590.926459,102.537608,3096,29.81,233.27,71.95,1.0000,0.364487,0.149905,249.67,334.45,0.9701,0.390109,0.696779
1786703590.965818,102.576967,3097,29.81,232.89,71.78,1.0000,0.363890,0.149540,249.68,334.44,0.9705,0.390129,0.696749
1786703591.022704,102.633853,3098,29.81,232.87,71.64,1.0000,0.363852,0.149252,249.68,334.44,0.9706,0.390132,0.696756
1786703591.054301,102.665450,3099,29.81,232.87,71.72,1.0000,0.363852,0.149427,249.72,334.26,0.9705,0.390189,0.696379
1786703591.070369,102.681518,3100,29.81,233.25,71.61,1.0000,0.364459,0.149193,249.72,334.32,0.9695,0.390191,0.696492
1786703591.102118,102.713267,3101,29.81,233.16,71.61,1.0000,0.364318,0.149177,249.72,334.30,0.9694,0.390193,0.696451
1786703591.148135,102.759284,3102,29.78,233.13,71.62,1.0000,0.364266,0.149212,249.72,334.37,0.9688,0.390186,0.696595
1786703591.180300,102.791449,3103,29.78,233.23,71.63,1.0000,0.364419,0.149224,249.71,334.37,0.9685,0.390177,0.696595
1786703591.211362,102.822511,3104,29.78,233.32,71.65,1.0000,0.364562,0.149263,249.67,334.42,0.9678,0.390108,0.696702
1786703591.263913,102.875062,3105,29.78,233.36,71.65,1.0000,0.364631,0.149267,249.67,334.43,0.9673,0.390107,0.696720
1786703591.274786,102.885935,3106,29.78,233.47,71.54,1.0000,0.364800,0.149051,249.63,334.38,0.9672,0.390053,0.696624
1786703591.312007,102.923156,3107,29.78,233.64,71.55,1.0000,0.365060,0.149059,249.64,334.37,0.9665,0.390056,0.696604
1786703591.349116,102.960264,3108,29.78,233.77,71.42,1.0000,0.365273,0.148793,249.69,334.39,0.9666,0.390139,0.696643
1786703591.402541,103.013690,3109,29.78,233.82,71.42,1.0000,0.365338,0.148794,249.69,334.37,0.9666,0.390144,0.696609
1786703591.405307,103.016456,3110,29.78,233.96,71.33,1.0000,0.365562,0.148611,249.72,334.38,0.9656,0.390193,0.696631
1786703591.434104,103.045253,3111,29.78,234.11,71.33,1.0000,0.365804,0.148611,249.72,334.37,0.9655,0.390194,0.696602
1786703591.476196,103.087345,3112,29.78,234.29,71.33,1.0000,0.366075,0.148610,249.66,334.41,0.9647,0.390096,0.696697
1786703591.510726,103.121875,3113,29.78,234.33,71.26,1.0000,0.366142,0.148468,249.67,334.42,0.9646,0.390107,0.696702
1786703591.537398,103.148547,3114,29.78,234.38,71.15,1.0000,0.366211,0.148238,249.58,334.56,0.9639,0.389969,0.696992
1786703591.570486,103.181634,3115,29.78,234.40,71.15,1.0000,0.366248,0.148237,249.39,334.61,0.9637,0.389670,0.697105
1786703591.612340,103.223489,3116,29.78,234.40,71.32,1.0000,0.366249,0.148592,249.54,334.52,0.9635,0.389911,0.696915
1786703591.633663,103.244812,3117,29.78,234.49,71.45,1.0000,0.366389,0.148864,249.55,334.55,0.9630,0.389925,0.696972
1786703591.675179,103.286328,3118,29.90,234.82,71.53,1.0000,0.366914,0.149024,249.50,334.57,0.9627,0.389841,0.697029
1786703591.698418,103.309566,3119,29.90,234.89,71.54,1.0000,0.367019,0.149040,249.63,334.51,0.9627,0.390050,0.696889
1786703591.716419,103.327567,3120,29.90,235.04,71.66,1.0000,0.367249,0.149300,249.63,334.49,0.9633,0.390055,0.696861
1786703591.769632,103.380781,3121,29.90,235.02,71.75,1.0000,0.367226,0.149480,249.75,334.49,0.9637,0.390236,0.696855
1786703591.793513,103.404662,3122,29.90,235.22,71.75,1.0000,0.367528,0.149481,249.73,334.46,0.9632,0.390209,0.696796
1786703591.828531,103.439680,3123,29.90,235.37,71.81,1.0000,0.367772,0.149600,249.37,334.46,0.9632,0.389646,0.696795
1786703591.856736,103.467885,3124,29.90,235.31,71.76,1.0000,0.367667,0.149506,249.45,334.06,0.9641,0.389760,0.695954
1786703591.890275,103.501424,3125,29.90,235.37,71.98,1.0000,0.367771,0.149957,249.47,333.96,0.9648,0.389799,0.695750
1786703591.915395,103.526543,3126,29.90,235.73,71.99,1.0000,0.368329,0.149970,249.51,333.98,0.9643,0.389862,0.695795
1786703591.959882,103.571031,3127,29.90,235.76,72.08,1.0000,0.368373,0.150160,249.50,333.94,0.9650,0.389846,0.695698
1786703591.988129,103.599278,3128,29.90,235.76,72.04,1.0000,0.368374,0.150094,249.52,333.93,0.9644,0.389883,0.695679
1786703592.029960,103.641109,3129,29.90,235.83,72.39,1.0000,0.368488,0.150804,249.52,333.92,0.9649,0.389871,0.695668
1786703592.050890,103.662039,3130,29.90,235.93,72.38,1.0000,0.368635,0.150797,249.69,333.88,0.9654,0.390146,0.695590
1786703592.084769,103.695918,3131,29.90,235.93,72.30,1.0000,0.368638,0.150615,249.70,333.79,0.9656,0.390153,0.695389
1786703592.117176,103.728325,3132,29.90,235.93,72.32,1.0000,0.368635,0.150675,249.66,333.84,0.9651,0.390092,0.695493
1786703592.154316,103.765465,3133,29.90,235.93,72.29,1.0000,0.368635,0.150598,249.64,333.82,0.9656,0.390059,0.695452
1786703592.186556,103.797705,3134,30.18,236.06,72.29,1.0000,0.368844,0.150608,249.64,333.82,0.9652,0.390057,0.695462
1786703592.224389,103.835537,3135,30.18,236.10,71.96,1.0000,0.368910,0.149912,249.61,333.96,0.9664,0.390015,0.695760
1786703592.265271,103.876420,3136,30.18,236.09,71.98,1.0000,0.368895,0.149949,249.65,334.13,0.9660,0.390081,0.696108
1786703592.296234,103.907382,3137,30.18,236.09,71.97,1.0000,0.368893,0.149945,249.64,334.35,0.9649,0.390070,0.696554
1786703592.342657,103.953806,3138,30.18,236.14,72.13,1.0000,0.368968,0.150266,249.66,334.32,0.9650,0.390086,0.696490
1786703592.363314,103.974463,3139,30.18,236.31,72.14,1.0000,0.369238,0.150292,249.61,334.36,0.9647,0.390011,0.696579
1786703592.401805,104.012954,3140,30.18,236.31,72.16,1.0000,0.369235,0.150327,249.65,334.44,0.9632,0.390080,0.696753
1786703592.441254,104.052403,3141,30.18,236.26,72.44,1.0000,0.369157,0.150926,249.73,334.39,0.9632,0.390204,0.696643
1786703592.483490,104.094639,3142,30.18,236.27,72.91,1.0000,0.369177,0.151893,249.71,334.47,0.9628,0.390177,0.696810
1786703592.532320,104.143469,3143,30.18,236.19,72.89,1.0000,0.369045,0.151848,249.70,334.45,0.9630,0.390164,0.696773
1786703592.549842,104.160991,3144,30.18,236.31,72.99,1.0000,0.369228,0.152069,249.81,334.47,0.9634,0.390331,0.696807
1786703592.572933,104.184082,3145,30.18,236.31,73.02,1.0000,0.369240,0.152129,249.83,334.40,0.9633,0.390365,0.696673
1786703592.618247,104.229395,3146,30.18,236.31,73.04,1.0000,0.369227,0.152168,249.85,334.55,0.9635,0.390389,0.696979
1786703592.648978,104.260127,3147,30.18,236.37,73.06,1.0000,0.369326,0.152211,249.86,334.56,0.9637,0.390404,0.696990
1786703592.671884,104.283033,3148,30.18,236.60,73.08,1.0000,0.369689,0.152260,249.86,334.52,0.9639,0.390413,0.696920
1786703592.717991,104.329140,3149,29.61,237.28,73.09,1.0000,0.370752,0.152261,249.87,334.67,0.9641,0.390416,0.697229
1786703592.752331,104.363480,3150,29.61,237.47,73.19,1.0000,0.371045,0.152477,249.86,334.62,0.9643,0.390407,0.697132
1786703592.779108,104.390256,3151,29.61,237.51,73.20,1.0000,0.371116,0.152498,249.86,334.61,0.9639,0.390399,0.697105
1786703592.801674,104.412822,3152,29.61,237.56,73.20,1.0000,0.371182,0.152500,249.84,334.51,0.9638,0.390368,0.696894
1786703592.849149,104.460298,3153,29.61,237.89,73.20,1.0000,0.371707,0.152509,249.87,334.38,0.9638,0.390415,0.696629
1786703592.901753,104.512902,3155,29.61,238.19,73.34,1.0000,0.372172,0.152784,249.87,334.35,0.9638,0.390416,0.696562
1786703592.962973,104.574122,3157,29.61,238.18,73.48,1.0000,0.372156,0.153081,249.88,334.35,0.9640,0.390435,0.696568
1786703593.015764,104.626913,3158,29.61,238.18,73.52,1.0000,0.372154,0.153169,249.87,334.18,0.9649,0.390424,0.696203
1786703593.034517,104.645666,3159,29.61,238.18,73.53,1.0000,0.372161,0.153187,249.88,334.12,0.9658,0.390435,0.696090
1786703593.075799,104.686948,3160,29.61,238.22,73.57,1.0000,0.372221,0.153261,249.86,334.13,0.9656,0.390406,0.696106
1786703593.105915,104.717063,3161,29.61,238.24,73.63,1.0000,0.372247,0.153396,249.77,334.54,0.9648,0.390262,0.696963
1786703593.126354,104.737503,3162,29.61,238.25,73.65,1.0000,0.372264,0.153433,249.83,334.47,0.9648,0.390354,0.696818
1786703593.202017,104.813166,3164,29.61,238.25,73.66,1.0000,0.372267,0.153454,249.94,334.20,0.9639,0.390534,0.696248
1786703593.254980,104.866128,3165,28.38,238.25,73.74,1.0000,0.372269,0.153617,249.92,334.48,0.9628,0.390505,0.696840
1786703593.272730,104.883879,3166,28.38,238.27,73.88,1.0000,0.372297,0.153910,249.90,334.48,0.9632,0.390476,0.696841
1786703593.375090,104.986239,3169,28.38,238.22,73.88,1.0000,0.372211,0.153927,249.97,334.44,0.9634,0.390571,0.696759
1786703593.415957,105.027106,3170,28.38,238.09,73.93,1.0000,0.372013,0.154016,249.98,334.45,0.9625,0.390591,0.696762
1786703593.446578,105.057727,3171,28.38,238.09,73.93,1.0000,0.372016,0.154031,249.95,334.44,0.9629,0.390540,0.696759
1786703593.487561,105.098710,3172,28.38,238.09,73.93,1.0000,0.372018,0.154018,249.94,334.43,0.9631,0.390538,0.696721
1786703593.538617,105.149766,3174,28.38,237.98,73.95,1.0000,0.371849,0.154053,249.98,334.40,0.9634,0.390590,0.696665
1786703593.579893,105.191041,3175,28.38,237.88,73.87,1.0000,0.371683,0.153894,249.99,334.61,0.9631,0.390608,0.697104
1786703593.610432,105.221581,3176,28.38,237.79,73.85,1.0000,0.371540,0.153854,250.03,334.39,0.9632,0.390678,0.696654
1786703593.635820,105.246969,3177,28.38,237.80,73.87,1.0000,0.371555,0.153903,250.11,334.36,0.9627,0.390800,0.696574
1786703593.705022,105.316171,3179,28.38,237.75,73.82,1.0000,0.371488,0.153785,250.12,334.19,0.9628,0.390816,0.696219
1786703593.737086,105.348234,3180,28.38,237.75,73.77,1.0000,0.371486,0.153690,250.21,334.00,0.9630,0.390954,0.695837
1786703593.808433,105.419582,3182,27.19,237.65,73.77,1.0000,0.371333,0.153685,250.16,334.01,0.9629,0.390873,0.695855
1786703593.838969,105.450118,3183,27.19,237.39,73.77,1.0000,0.370924,0.153681,250.02,334.11,0.9622,0.390650,0.696053
1786703593.886604,105.497752,3184,27.19,237.33,73.72,1.0000,0.370824,0.153586,250.06,333.88,0.9629,0.390719,0.695584
1786703593.903342,105.514490,3185,27.19,237.27,73.73,1.0000,0.370736,0.153596,249.99,333.92,0.9635,0.390604,0.695674
1786703593.982015,105.593164,3187,27.19,237.18,73.61,1.0000,0.370598,0.153362,249.96,334.01,0.9632,0.390557,0.695855
1786703594.003416,105.614565,3188,27.19,237.21,73.63,1.0000,0.370634,0.153405,250.06,334.00,0.9632,0.390714,0.695837
1786703594.061548,105.672696,3190,27.19,237.24,73.54,1.0000,0.370688,0.153214,250.06,333.82,0.9633,0.390718,0.695465
1786703594.109265,105.720414,3191,27.19,237.24,73.56,1.0000,0.370690,0.153258,250.02,334.05,0.9627,0.390659,0.695945
1786703594.156893,105.768042,3192,27.19,237.31,73.61,1.0000,0.370790,0.153345,250.02,334.14,0.9628,0.390652,0.696122
1786703594.203742,105.814891,3194,27.19,237.31,73.64,1.0000,0.370790,0.153410,250.02,334.09,0.9633,0.390654,0.696023
1786703594.250787,105.861935,3195,27.19,237.32,73.97,1.0000,0.370812,0.154101,249.85,334.32,0.9627,0.390388,0.696490
1786703594.327236,105.938385,3198,25.86,237.21,73.96,1.0000,0.370646,0.154093,249.88,334.30,0.9622,0.390432,0.696452
1786703594.373781,105.984930,3199,25.86,237.21,74.01,1.0000,0.370638,0.154179,249.87,334.30,0.9623,0.390428,0.696454
1786703594.437598,106.048747,3201,25.86,237.25,74.01,1.0000,0.370698,0.154198,249.84,334.47,0.9617,0.390383,0.696809
1786703594.477286,106.088435,3202,25.86,237.11,73.87,1.0000,0.370479,0.153893,249.81,334.51,0.9618,0.390329,0.696891
1786703594.511706,106.122855,3203,25.86,237.10,73.87,1.0000,0.370474,0.153888,249.77,334.33,0.9624,0.390272,0.696529
1786703594.543606,106.154755,3204,25.86,236.99,73.80,1.0000,0.370290,0.153745,249.74,334.40,0.9615,0.390214,0.696661
1786703594.622907,106.234056,3206,25.86,236.94,73.72,1.0000,0.370223,0.153591,249.49,334.70,0.9611,0.389835,0.697288
1786703594.670665,106.281813,3208,25.86,236.30,73.28,1.0000,0.369223,0.152659,249.55,334.33,0.9617,0.389929,0.696514
