host_epoch,t_rel,frame_number,fps,head_x,head_y,head_confidence,head_x_norm,head_y_norm,feet_x,feet_y,feet_confidence,feet_x_norm,feet_y_norm
1786703796.561299,-0.200517,16,0.00,146.41,72.12,1.0000,0.228761,0.150257,173.90,337.92,0.9774,0.271720,0.704009
1786703796.884917,0.123101,17,0.00,146.49,72.14,1.0000,0.228890,0.150285,173.70,338.07,0.9779,0.271411,0.704305
1786703796.889981,0.128165,20,0.00,146.42,71.73,1.0000,0.228780,0.149427,173.69,338.05,0.9778,0.271390,0.704277
1786703796.915745,0.153929,22,0.00,146.41,71.74,1.0000,0.228773,0.149454,173.67,338.22,0.9775,0.271352,0.704622
1786703796.924490,0.162675,26,0.00,146.45,71.81,1.0000,0.228828,0.149609,173.62,338.25,0.9770,0.271275,0.704685
1786703796.937576,0.175760,27,0.00,146.45,71.81,1.0000,0.228824,0.149611,173.61,338.18,0.9769,0.271268,0.704544
1786703796.953853,0.192037,28,0.00,146.46,71.82,1.0000,0.228847,0.149615,173.58,338.22,0.9762,0.271222,0.704632
1786703796.985013,0.223197,29,0.00,146.55,71.91,1.0000,0.228979,0.149815,173.57,338.24,0.9760,0.271210,0.704677
1786703797.020155,0.258339,30,0.00,146.60,71.89,1.0000,0.229060,0.149776,173.53,338.25,0.9755,0.271145,0.704692
1786703797.048262,0.286446,31,0.00,146.61,72.24,1.0000,0.229081,0.150504,173.54,338.23,0.9757,0.271164,0.704643
1786703797.085044,0.323228,32,0.00,146.61,72.07,1.0000,0.229084,0.150140,173.56,338.24,0.9757,0.271190,0.704671
1786703797.111269,0.349453,33,0.00,146.67,72.45,1.0000,0.229173,0.150941,173.57,338.19,0.9757,0.271206,0.704556
1786703797.159350,0.397534,34,0.00,146.71,72.88,1.0000,0.229229,0.151829,173.65,338.15,0.9756,0.271321,0.704471
1786703797.200996,0.439180,35,0.00,146.73,72.89,1.0000,0.229268,0.151852,173.65,338.23,0.9758,0.271323,0.704655
1786703797.217077,0.455261,36,0.00,146.73,72.93,1.0000,0.229269,0.151933,173.67,338.20,0.9762,0.271364,0.704581
1786703797.249797,0.487981,37,0.00,146.73,72.88,1.0000,0.229272,0.151844,173.64,338.18,0.9760,0.271314,0.704552
1786703797.284797,0.522981,38,32.27,146.74,73.14,1.0000,0.229277,0.152384,173.64,338.18,0.9761,0.271316,0.704532
1786703797.366581,0.604766,39,32.27,146.73,73.56,1.0000,0.229270,0.153242,173.70,338.15,0.9762,0.271408,0.704482
1786703797.381243,0.619427,41,32.27,146.73,73.34,1.0000,0.229268,0.152788,173.76,338.14,0.9755,0.271497,0.704450
1786703797.422459,0.660644,42,32.27,146.68,73.35,1.0000,0.229190,0.152818,173.78,337.96,0.9759,0.271537,0.704084
1786703797.457504,0.695688,43,32.27,146.68,73.18,1.0000,0.229189,0.152458,173.75,338.04,0.9761,0.271479,0.704250
1786703797.480945,0.719129,44,32.27,146.67,73.26,1.0000,0.229165,0.152631,173.77,338.00,0.9756,0.271518,0.704159
1786703797.528476,0.766661,45,32.27,146.66,73.26,1.0000,0.229154,0.152621,173.75,338.00,0.9760,0.271480,0.704164
1786703797.554493,0.792677,46,32.27,146.51,73.35,1.0000,0.228916,0.152818,173.75,337.98,0.9764,0.271478,0.704127
1786703797.582275,0.820459,47,32.27,146.49,73.45,1.0000,0.228884,0.153022,173.91,337.89,0.9766,0.271732,0.703931
1786703797.618926,0.857110,48,32.27,146.35,73.74,1.0000,0.228667,0.153617,173.84,337.84,0.9769,0.271630,0.703826
1786703797.653770,0.891955,49,32.27,146.34,73.74,1.0000,0.228656,0.153635,173.82,337.80,0.9771,0.271595,0.703755
1786703797.696866,0.935050,50,32.27,146.41,73.78,1.0000,0.228764,0.153703,173.81,337.79,0.9772,0.271575,0.703733
1786703797.715605,0.953790,51,32.27,146.26,74.03,1.0000,0.228529,0.154227,173.83,337.73,0.9766,0.271617,0.703607
1786703797.756463,0.994647,52,32.27,146.26,74.10,1.0000,0.228524,0.154375,173.85,337.71,0.9767,0.271635,0.703558
1786703797.805030,1.043215,53,31.19,146.19,74.36,1.0000,0.228417,0.154909,173.83,337.90,0.9762,0.271608,0.703964
1786703797.820445,1.058630,54,31.19,146.20,74.52,1.0000,0.228436,0.155247,173.85,337.83,0.9763,0.271642,0.703803
1786703797.857197,1.095381,55,31.19,146.20,75.00,1.0000,0.228435,0.156248,173.81,337.86,0.9762,0.271579,0.703881
1786703797.887319,1.125504,56,31.19,146.18,75.05,1.0000,0.228402,0.156361,173.67,337.85,0.9758,0.271363,0.703850
1786703797.915635,1.153819,57,31.19,146.21,75.05,1.0000,0.228452,0.156350,173.67,337.85,0.9759,0.271364,0.703853
1786703797.958482,1.196666,58,31.19,145.94,75.06,1.0000,0.228026,0.156371,173.67,337.70,0.9761,0.271364,0.703539
1786703797.988606,1.226791,59,31.19,145.96,75.06,1.0000,0.228065,0.156383,173.74,337.62,0.9760,0.271464,0.703368
1786703798.019795,1.257979,60,31.19,145.87,75.06,1.0000,0.227923,0.156371,173.83,337.61,0.9757,0.271605,0.703345
1786703798.051308,1.289492,61,31.19,145.78,74.46,1.0000,0.227783,0.155133,173.87,337.53,0.9757,0.271674,0.703184
1786703798.086747,1.324931,62,31.19,145.78,73.92,1.0000,0.227782,0.154004,173.88,337.57,0.9753,0.271685,0.703265
1786703798.124789,1.362973,63,31.19,145.78,73.94,1.0000,0.227777,0.154037,173.91,337.46,0.9747,0.271739,0.703045
1786703798.159370,1.397554,64,31.19,145.88,73.95,1.0000,0.227940,0.154063,173.91,337.53,0.9748,0.271728,0.703194
1786703798.194473,1.432657,65,31.19,145.88,73.96,1.0000,0.227939,0.154082,173.91,337.58,0.9754,0.271731,0.703286
1786703798.219018,1.457203,66,31.19,145.86,74.28,1.0000,0.227907,0.154752,173.94,337.62,0.9753,0.271779,0.703372
1786703798.255854,1.494038,67,31.19,145.88,74.48,1.0000,0.227937,0.155175,173.96,337.58,0.9758,0.271813,0.703290
1786703798.294509,1.532694,68,30.93,145.83,74.56,1.0000,0.227862,0.155336,173.91,337.73,0.9763,0.271729,0.703604
1786703798.321927,1.560112,69,30.93,145.83,74.90,1.0000,0.227852,0.156034,173.73,337.64,0.9761,0.271453,0.703410
1786703798.349494,1.587678,70,30.93,145.83,74.82,1.0000,0.227852,0.155880,173.73,337.64,0.9767,0.271458,0.703423
1786703798.373107,1.611291,71,30.93,145.84,74.85,1.0000,0.227872,0.155947,173.73,337.70,0.9769,0.271461,0.703535
1786703798.415145,1.653329,72,30.93,145.84,74.96,1.0000,0.227873,0.156168,173.67,337.77,0.9770,0.271365,0.703682
1786703798.456542,1.694726,73,30.93,145.81,74.82,1.0000,0.227832,0.155877,173.67,337.70,0.9768,0.271357,0.703549
1786703798.488690,1.726875,74,30.93,145.78,74.57,1.0000,0.227778,0.155345,173.68,337.66,0.9765,0.271380,0.703450
1786703798.541131,1.779315,75,30.93,145.77,74.57,1.0000,0.227773,0.155350,173.97,337.67,0.9764,0.271823,0.703483
1786703798.559416,1.797600,76,30.93,145.79,75.07,1.0000,0.227792,0.156391,173.97,337.60,0.9760,0.271827,0.703343
1786703798.608954,1.847138,77,30.93,145.83,74.93,1.0000,0.227852,0.156107,173.96,337.62,0.9764,0.271806,0.703378
1786703798.623985,1.862170,78,30.93,145.89,74.73,1.0000,0.227946,0.155684,173.92,337.63,0.9762,0.271749,0.703395
1786703798.654241,1.892425,79,30.93,145.79,74.80,1.0000,0.227796,0.155844,173.94,337.60,0.9762,0.271779,0.703341
1786703798.695859,1.934043,80,30.93,145.72,75.27,1.0000,0.227690,0.156807,173.94,337.75,0.9765,0.271789,0.703650
1786703798.747441,1.985625,82,30.93,145.72,73.34,1.0000,0.227688,0.152785,173.92,337.82,0.9765,0.271752,0.703790
1786703798.791605,2.029790,83,30.93,145.80,73.66,1.0000,0.227808,0.153458,173.98,337.82,0.9767,0.271844,0.703789
1786703798.832695,2.070879,84,30.43,145.74,75.27,1.0000,0.227724,0.156818,173.98,337.80,0.9770,0.271837,0.703749
1786703798.874313,2.112497,85,30.43,145.67,75.24,1.0000,0.227614,0.156757,173.97,337.81,0.9768,0.271827,0.703773
1786703798.894297,2.132481,86,30.43,145.90,75.23,1.0000,0.227966,0.156734,173.93,337.82,0.9771,0.271770,0.703785
1786703798.941862,2.180047,87,30.43,145.98,75.23,1.0000,0.228090,0.156731,173.93,337.86,0.9769,0.271765,0.703871
1786703798.972680,2.210864,89,30.43,146.07,75.80,1.0000,0.228228,0.157914,173.92,337.87,0.9770,0.271743,0.703894
1786703799.031522,2.269706,90,30.43,146.06,75.16,1.0000,0.228211,0.156579,173.91,337.86,0.9767,0.271730,0.703879
1786703799.052389,2.290574,91,30.43,146.06,75.21,1.0000,0.228224,0.156687,173.90,337.94,0.9766,0.271711,0.704038
1786703799.100174,2.338358,92,30.43,146.15,75.36,1.0000,0.228352,0.157008,173.85,338.01,0.9770,0.271639,0.704185
1786703799.115957,2.354141,93,30.43,146.17,75.39,1.0000,0.228396,0.157071,173.84,338.07,0.9773,0.271623,0.704307
1786703799.159606,2.397790,94,30.43,146.17,75.56,1.0000,0.228394,0.157416,173.87,338.03,0.9769,0.271667,0.704221
1786703799.191882,2.430066,95,30.43,146.12,75.42,1.0000,0.228316,0.157134,173.88,337.98,0.9767,0.271683,0.704129
1786703799.223877,2.462062,96,30.43,146.12,75.06,1.0000,0.228312,0.156370,173.86,338.01,0.9769,0.271660,0.704197
1786703799.255728,2.493913,97,30.43,146.12,75.09,1.0000,0.228311,0.156434,173.86,337.99,0.9771,0.271651,0.704145
1786703799.292021,2.530205,98,30.43,146.03,75.18,1.0000,0.228174,0.156632,173.81,337.91,0.9773,0.271573,0.703970
1786703799.336466,2.574650,99,29.75,145.91,75.16,1.0000,0.227991,0.156576,173.83,337.95,0.9777,0.271616,0.704066
1786703799.367522,2.605707,100,29.75,145.79,73.82,1.0000,0.227798,0.153788,173.82,337.96,0.9781,0.271598,0.704087
1786703799.399437,2.637621,101,29.75,145.80,74.22,1.0000,0.227817,0.154621,173.78,337.99,0.9782,0.271534,0.704155
1786703799.431861,2.670045,102,29.75,145.59,74.61,1.0000,0.227480,0.155430,173.71,338.25,0.9780,0.271414,0.704689
1786703799.447384,2.685568,103,29.75,145.60,74.75,1.0000,0.227495,0.155726,173.71,338.25,0.9782,0.271419,0.704697
1786703799.479295,2.717479,104,29.75,145.70,74.80,1.0000,0.227649,0.155829,173.69,338.26,0.9780,0.271394,0.704699
1786703799.526747,2.764932,105,29.75,145.65,75.00,1.0000,0.227578,0.156245,173.68,338.27,0.9783,0.271370,0.704732
1786703799.558441,2.796625,106,29.75,145.68,75.13,1.0000,0.227630,0.156514,173.65,338.29,0.9783,0.271325,0.704779
1786703799.606913,2.845097,107,29.75,145.67,75.18,1.0000,0.227605,0.156625,173.61,338.38,0.9781,0.271262,0.704961
1786703799.608928,2.847112,108,29.75,145.82,75.43,1.0000,0.227838,0.157143,173.65,338.28,0.9780,0.271326,0.704743
1786703799.653058,2.891242,109,29.75,145.84,75.43,1.0000,0.227873,0.157153,173.67,338.30,0.9780,0.271358,0.704791
1786703799.694690,2.932874,110,29.75,146.06,75.47,1.0000,0.228221,0.157237,173.69,338.27,0.9779,0.271383,0.704734
1786703799.742527,2.980711,112,29.75,146.06,75.48,1.0000,0.228218,0.157241,173.79,338.10,0.9778,0.271546,0.704369
1786703799.784017,3.022201,113,29.75,146.09,75.03,1.0000,0.228273,0.156316,173.79,338.05,0.9776,0.271550,0.704266
1786703799.810394,3.048578,114,29.75,146.30,75.12,1.0000,0.228588,0.156508,173.77,338.17,0.9777,0.271514,0.704520
1786703799.853844,3.092028,115,29.75,146.44,75.24,1.0000,0.228817,0.156749,173.77,338.20,0.9781,0.271511,0.704586
1786703799.902540,3.140724,116,29.61,146.17,75.13,1.0000,0.228384,0.156522,173.67,338.13,0.9782,0.271362,0.704440
1786703799.934522,3.172706,117,29.61,146.24,74.64,1.0000,0.228498,0.155506,173.63,338.13,0.9784,0.271294,0.704440
1786703799.949736,3.187920,118,29.61,146.42,74.81,1.0000,0.228778,0.155844,173.68,338.25,0.9787,0.271372,0.704687
1786703799.997900,3.236084,119,29.61,146.42,74.92,1.0000,0.228784,0.156085,173.67,338.24,0.9790,0.271364,0.704674
1786703800.029726,3.267910,120,29.61,146.43,74.33,1.0000,0.228791,0.154846,173.62,338.16,0.9791,0.271284,0.704500
1786703800.062360,3.300545,121,29.61,146.43,74.20,1.0000,0.228792,0.154578,173.62,338.14,0.9786,0.271279,0.704453
1786703800.094737,3.332921,122,29.61,146.43,74.31,1.0000,0.228794,0.154821,173.62,338.14,0.9787,0.271287,0.704458
1786703800.128223,3.366407,123,29.61,146.43,74.40,1.0000,0.228796,0.154998,173.56,338.28,0.9790,0.271190,0.704748
1786703800.157194,3.395378,124,29.61,146.43,73.71,1.0000,0.228800,0.153553,173.49,338.31,0.9789,0.271073,0.704822
1786703800.189245,3.427429,125,29.61,147.09,73.79,1.0000,0.229823,0.153733,173.41,338.30,0.9788,0.270949,0.704791
1786703800.229673,3.467858,126,29.61,146.97,74.27,1.0000,0.229640,0.154730,173.45,338.29,0.9789,0.271021,0.704763
1786703800.292592,3.530776,128,29.61,147.00,74.24,1.0000,0.229680,0.154673,173.35,338.34,0.9790,0.270855,0.704877
1786703800.324881,3.563066,129,29.61,146.98,74.29,1.0000,0.229653,0.154764,173.44,338.28,0.9790,0.271004,0.704742
1786703800.374554,3.612738,131,29.61,147.09,74.87,1.0000,0.229826,0.155987,173.43,338.22,0.9788,0.270984,0.704631
1786703800.426220,3.664404,132,29.08,147.04,74.89,1.0000,0.229745,0.156026,173.41,338.16,0.9785,0.270959,0.704497
1786703800.437055,3.675240,133,29.08,147.01,74.90,1.0000,0.229709,0.156038,173.43,338.17,0.9782,0.270989,0.704529
1786703800.485368,3.723553,134,29.08,147.01,74.90,1.0000,0.229703,0.156040,173.47,338.17,0.9781,0.271046,0.704531
1786703800.524721,3.762905,135,29.08,146.91,74.77,1.0000,0.229545,0.155765,173.46,338.13,0.9785,0.271038,0.704436
1786703800.549169,3.787353,136,29.08,146.79,74.95,1.0000,0.229354,0.156154,173.43,338.13,0.9786,0.270978,0.704442
1786703800.597680,3.835865,137,29.08,146.86,74.96,1.0000,0.229471,0.156166,173.42,338.19,0.9785,0.270973,0.704561
1786703800.628881,3.867066,138,29.08,146.86,75.02,1.0000,0.229472,0.156289,173.46,338.17,0.9783,0.271025,0.704529
1786703800.660705,3.898889,139,29.08,146.83,73.29,1.0000,0.229421,0.152685,173.45,338.17,0.9784,0.271017,0.704522
1786703800.693069,3.931253,140,29.08,146.82,73.60,1.0000,0.229412,0.153330,173.49,338.16,0.9786,0.271079,0.704493
1786703800.724531,3.962715,141,29.08,147.00,74.47,1.0000,0.229695,0.155138,173.50,338.28,0.9786,0.271094,0.704751
1786703800.748928,3.987112,142,29.08,147.21,75.15,1.0000,0.230017,0.156556,173.52,338.23,0.9788,0.271119,0.704655
1786703800.796572,4.034757,143,29.08,147.22,75.20,1.0000,0.230039,0.156675,173.53,338.14,0.9784,0.271133,0.704452
1786703800.817470,4.055655,144,29.08,147.07,75.31,1.0000,0.229803,0.156906,173.65,338.07,0.9787,0.271326,0.704307
1786703800.875539,4.113723,146,28.46,147.07,75.31,1.0000,0.229804,0.156905,173.67,337.98,0.9788,0.271362,0.704131
1786703800.937417,4.175601,148,28.46,147.11,75.34,1.0000,0.229854,0.156964,173.67,337.91,0.9788,0.271364,0.703975
1786703800.985519,4.223703,149,28.46,147.24,75.34,1.0000,0.230066,0.156961,173.70,337.95,0.9786,0.271414,0.704066
1786703801.033617,4.271801,150,28.46,147.27,75.34,1.0000,0.230105,0.156961,173.68,337.93,0.9782,0.271379,0.704020
1786703801.049633,4.287817,151,28.46,147.36,75.35,1.0000,0.230244,0.156981,173.68,337.92,0.9780,0.271374,0.703999
1786703801.098777,4.336961,152,28.46,147.65,75.34,1.0000,0.230707,0.156960,173.65,338.01,0.9776,0.271331,0.704195
1786703801.112529,4.350713,153,28.46,147.67,75.35,1.0000,0.230729,0.156987,173.68,338.07,0.9771,0.271374,0.704313
1786703801.190003,4.428187,155,28.46,147.89,75.67,1.0000,0.231071,0.157646,173.66,338.05,0.9766,0.271344,0.704271
1786703801.207720,4.445904,156,28.46,147.89,75.85,1.0000,0.231083,0.158028,173.66,338.00,0.9764,0.271346,0.704171
1786703801.255600,4.493784,157,28.46,147.86,75.84,1.0000,0.231039,0.157990,173.69,338.09,0.9762,0.271394,0.704356
1786703801.284652,4.522836,158,28.46,147.86,75.73,1.0000,0.231032,0.157769,173.70,338.13,0.9760,0.271404,0.704443
1786703801.316962,4.555146,159,28.46,147.78,75.72,1.0000,0.230899,0.157754,173.69,338.13,0.9762,0.271389,0.704443
1786703801.348063,4.586247,160,28.46,147.64,75.60,1.0000,0.230691,0.157509,173.74,338.12,0.9761,0.271473,0.704425
1786703801.388112,4.626296,161,28.46,147.61,75.57,1.0000,0.230644,0.157437,173.65,338.13,0.9757,0.271330,0.704428
1786703801.428297,4.666481,162,28.46,147.60,75.55,1.0000,0.230618,0.157402,173.65,338.15,0.9762,0.271330,0.704484
1786703801.443690,4.681874,163,28.33,147.57,75.52,1.0000,0.230573,0.157332,173.65,338.15,0.9766,0.271325,0.704484
1786703801.477129,4.715313,164,28.33,147.56,75.52,1.0000,0.230569,0.157328,173.68,338.21,0.9766,0.271382,0.704596
1786703801.509770,4.747954,165,28.33,147.56,75.52,1.0000,0.230566,0.157337,173.64,338.21,0.9765,0.271320,0.704607
1786703801.539657,4.777841,166,28.33,147.51,75.54,1.0000,0.230481,0.157367,173.65,338.41,0.9768,0.271322,0.705012
1786703801.584165,4.822349,167,28.33,147.51,75.56,1.0000,0.230481,0.157407,173.68,338.37,0.9767,0.271376,0.704946
1786703801.618940,4.857124,168,28.33,147.45,75.51,1.0000,0.230391,0.157312,173.69,338.37,0.9768,0.271389,0.704943
1786703801.650853,4.889038,169,28.33,147.54,75.54,1.0000,0.230535,0.157368,173.67,338.34,0.9767,0.271361,0.704872
1786703801.690839,4.929024,170,28.33,147.62,75.56,1.0000,0.230662,0.157409,173.66,338.19,0.9771,0.271336,0.704557
1786703801.714290,4.952474,171,28.33,147.62,75.58,1.0000,0.230662,0.157465,173.57,338.11,0.9772,0.271197,0.704391
1786703801.745915,4.984099,172,28.33,147.69,75.62,1.0000,0.230759,0.157535,173.61,338.11,0.9774,0.271261,0.704400
1786703801.800531,5.038715,173,28.33,147.69,75.42,1.0000,0.230771,0.157115,173.57,338.14,0.9777,0.271202,0.704451
1786703801.851150,5.089334,175,28.33,147.70,75.47,1.0000,0.230781,0.157237,173.55,338.11,0.9777,0.271169,0.704391
1786703801.902336,5.140520,176,28.33,147.77,75.47,1.0000,0.230888,0.157238,173.52,338.09,0.9774,0.271123,0.704347
1786703801.915207,5.153392,177,27.82,147.75,75.45,1.0000,0.230866,0.157191,173.53,338.08,0.9768,0.271144,0.704324
1786703801.980803,5.218987,179,27.82,147.75,75.43,1.0000,0.230867,0.157152,173.58,338.04,0.9761,0.271211,0.704250
1786703802.027606,5.265791,180,27.82,147.40,75.36,1.0000,0.230305,0.156995,173.68,338.03,0.9765,0.271369,0.704238
1786703802.057795,5.295979,181,27.82,147.36,75.30,1.0000,0.230249,0.156872,173.68,337.96,0.9762,0.271381,0.704080
1786703802.089715,5.327899,182,27.82,147.38,75.33,1.0000,0.230288,0.156942,173.60,337.96,0.9761,0.271250,0.704079
1786703802.121268,5.359452,183,27.82,147.43,75.33,1.0000,0.230354,0.156928,173.61,337.98,0.9757,0.271266,0.704129
1786703802.137223,5.375407,184,27.82,147.48,75.32,1.0000,0.230431,0.156909,173.59,338.07,0.9753,0.271230,0.704321
1786703802.185458,5.423642,185,27.82,147.48,75.32,1.0000,0.230432,0.156909,173.59,338.10,0.9749,0.271240,0.704374
1786703802.265915,5.504100,187,27.82,147.07,74.77,1.0000,0.229796,0.155776,173.60,338.10,0.9754,0.271255,0.704382
1786703802.282066,5.520251,188,27.82,147.07,74.78,1.0000,0.229799,0.155785,173.64,337.96,0.9755,0.271316,0.704088
1786703802.332161,5.570345,189,27.82,147.15,74.89,1.0000,0.229923,0.156023,173.65,337.87,0.9750,0.271328,0.703888
1786703802.353842,5.592026,190,27.82,147.14,74.90,1.0000,0.229905,0.156044,173.71,337.69,0.9748,0.271417,0.703527
1786703802.401830,5.640014,191,27.82,147.13,74.43,1.0000,0.229894,0.155060,173.70,337.66,0.9747,0.271410,0.703456
1786703802.465245,5.703430,193,27.14,147.17,74.46,1.0000,0.229949,0.155132,173.70,337.66,0.9748,0.271403,0.703449
1786703802.513601,5.751785,195,27.14,147.12,73.79,1.0000,0.229879,0.153722,173.73,337.75,0.9743,0.271450,0.703648
1786703802.578859,5.817043,196,27.14,147.07,73.73,1.0000,0.229803,0.153612,173.71,337.70,0.9745,0.271421,0.703547
1786703802.580446,5.818630,197,27.14,146.95,73.53,1.0000,0.229603,0.153181,173.75,337.64,0.9740,0.271478,0.703421
1786703802.656787,5.894971,199,27.14,146.92,73.51,1.0000,0.229570,0.153137,173.71,337.61,0.9743,0.271417,0.703356
1786703802.720132,5.958317,201,27.14,146.89,73.50,1.0000,0.229513,0.153121,173.71,337.52,0.9741,0.271428,0.703167
1786703802.736288,5.974472,202,27.14,146.87,73.26,1.0000,0.229486,0.152624,173.71,337.56,0.9736,0.271415,0.703247
1786703802.778902,6.017086,203,27.14,146.91,73.26,1.0000,0.229541,0.152626,173.71,337.67,0.9740,0.271421,0.703479
1786703802.811673,6.049857,204,27.14,147.37,73.30,1.0000,0.230267,0.152710,173.71,337.85,0.9745,0.271425,0.703847
1786703802.859926,6.098111,205,27.14,147.32,73.27,1.0000,0.230194,0.152639,173.63,337.88,0.9747,0.271296,0.703912
1786703802.912514,6.150698,207,27.14,147.29,73.36,1.0000,0.230142,0.152824,173.86,337.88,0.9743,0.271654,0.703909
1786703802.960346,6.198530,208,27.14,147.28,73.38,1.0000,0.230122,0.152865,173.93,337.91,0.9744,0.271762,0.703977
1786703802.992238,6.230422,209,26.27,147.27,73.38,1.0000,0.230116,0.152869,173.93,337.92,0.9748,0.271761,0.704001
1786703803.008283,6.246467,210,26.27,147.24,73.28,1.0000,0.230068,0.152667,173.98,337.98,0.9751,0.271838,0.704133
1786703803.087397,6.325581,212,26.27,147.07,73.20,1.0000,0.229794,0.152503,173.98,337.77,0.9749,0.271838,0.703690
1786703803.135300,6.373484,214,26.27,147.04,73.22,1.0000,0.229753,0.152531,173.98,337.73,0.9746,0.271848,0.703606
1786703803.198566,6.436751,215,26.27,147.05,73.22,1.0000,0.229758,0.152533,173.98,337.71,0.9750,0.271843,0.703563
1786703803.214489,6.452673,216,26.27,147.03,73.24,1.0000,0.229741,0.152580,173.95,337.71,0.9750,0.271790,0.703568
1786703803.254578,6.492762,217,26.27,146.85,73.24,1.0000,0.229453,0.152586,173.98,337.70,0.9747,0.271851,0.703538
1786703803.293866,6.532050,218,26.27,146.86,73.41,1.0000,0.229462,0.152928,173.96,337.77,0.9753,0.271805,0.703696
1786703803.309969,6.548153,219,26.27,146.83,73.46,1.0000,0.229424,0.153032,173.92,337.79,0.9755,0.271742,0.703720
1786703803.389803,6.627987,221,26.27,146.83,73.48,1.0000,0.229416,0.153075,173.90,337.65,0.9755,0.271720,0.703434
1786703803.432787,6.670971,223,26.27,146.83,73.84,1.0000,0.229429,0.153826,173.88,337.94,0.9757,0.271690,0.704034
1786703803.497296,6.735480,224,26.27,146.74,73.72,1.0000,0.229278,0.153581,173.87,337.94,0.9760,0.271668,0.704045
1786703803.512485,6.750669,225,25.49,146.74,73.60,1.0000,0.229276,0.153336,173.86,337.93,0.9765,0.271649,0.704024
1786703803.544689,6.782873,226,25.49,146.74,74.25,1.0000,0.229287,0.154688,173.82,337.96,0.9768,0.271598,0.704084
1786703803.624869,6.863053,228,25.49,146.67,74.25,1.0000,0.229177,0.154678,173.75,338.17,0.9767,0.271482,0.704516
1786703803.640835,6.879019,229,25.49,146.66,74.62,1.0000,0.229154,0.155456,173.77,338.22,0.9764,0.271516,0.704615
1786703803.688415,6.926599,230,25.49,146.61,74.75,1.0000,0.229080,0.155736,173.75,338.18,0.9761,0.271490,0.704537
1786703803.768325,7.006509,232,25.49,146.59,74.65,1.0000,0.229042,0.155524,173.79,338.09,0.9761,0.271550,0.704344
1786703803.815801,7.053985,234,25.49,146.49,74.83,1.0000,0.228885,0.155889,173.79,338.15,0.9766,0.271544,0.704479
1786703803.879630,7.117814,236,25.49,146.45,74.74,1.0000,0.228826,0.155710,173.80,337.67,0.9768,0.271560,0.703479
1786703803.918594,7.156778,237,25.49,146.23,74.72,1.0000,0.228484,0.155671,173.83,337.79,0.9769,0.271611,0.703730
1786703803.937520,7.175704,238,25.49,146.16,74.76,1.0000,0.228380,0.155755,173.89,337.86,0.9771,0.271697,0.703872
1786703803.985415,7.223599,239,25.49,146.19,74.82,1.0000,0.228427,0.155883,173.89,337.89,0.9770,0.271710,0.703930
1786703804.033029,7.271213,240,24.76,146.06,74.86,1.0000,0.228216,0.155962,173.91,337.80,0.9772,0.271734,0.703758
1786703804.080763,7.318948,242,24.76,146.05,75.31,1.0000,0.228203,0.156887,173.84,337.89,0.9774,0.271623,0.703927
1786703804.112405,7.350589,243,24.76,146.03,75.52,1.0000,0.228168,0.157341,173.78,337.88,0.9774,0.271533,0.703925
1786703804.144532,7.382716,244,24.76,146.00,75.53,1.0000,0.228132,0.157355,173.82,337.80,0.9778,0.271601,0.703742
1786703804.207583,7.445767,245,24.76,145.97,75.56,1.0000,0.228077,0.157425,173.82,337.67,0.9775,0.271590,0.703475
1786703804.223516,7.461700,246,24.76,145.93,75.56,1.0000,0.228018,0.157424,173.82,337.67,0.9779,0.271595,0.703476
1786703804.255541,7.493725,247,24.76,145.82,75.59,1.0000,0.227847,0.157481,173.82,337.68,0.9781,0.271595,0.703496
1786703804.319388,7.557572,249,24.76,145.56,75.51,1.0000,0.227440,0.157317,173.79,337.82,0.9782,0.271551,0.703785
1786703804.351072,7.589257,250,24.76,145.69,75.51,1.0000,0.227638,0.157315,173.79,338.02,0.9782,0.271546,0.704199
1786703804.398676,7.636860,251,24.76,145.72,75.37,1.0000,0.227682,0.157016,173.79,338.12,0.9782,0.271550,0.704414
1786703804.487902,7.726086,254,24.76,145.72,75.37,1.0000,0.227684,0.157022,173.73,338.05,0.9781,0.271448,0.704266
1786703804.535612,7.773797,256,24.18,145.56,75.14,1.0000,0.227437,0.156532,173.71,338.01,0.9781,0.271414,0.704177
1786703804.614663,7.852847,257,24.18,145.85,74.40,1.0000,0.227898,0.155000,173.74,338.00,0.9779,0.271463,0.704159
1786703804.630416,7.868600,258,24.18,146.08,74.72,1.0000,0.228244,0.155666,173.74,337.94,0.9781,0.271463,0.704045
1786703804.680449,7.918633,260,24.18,146.08,74.86,1.0000,0.228244,0.155949,173.82,338.07,0.9779,0.271592,0.704305
1786703804.742981,7.981166,262,24.18,146.18,74.90,1.0000,0.228405,0.156050,173.84,338.06,0.9774,0.271619,0.704290
1786703804.774606,8.012790,263,24.18,146.22,74.97,1.0000,0.228469,0.156191,173.95,337.92,0.9769,0.271792,0.703993
1786703804.817560,8.055744,264,24.18,146.26,75.06,1.0000,0.228532,0.156372,173.99,337.91,0.9760,0.271856,0.703982
1786703804.850162,8.088346,265,24.18,146.40,75.20,1.0000,0.228745,0.156675,174.19,337.72,0.9755,0.272167,0.703579
1786703804.881532,8.119717,266,24.18,146.65,75.22,1.0000,0.229134,0.156711,174.10,337.74,0.9748,0.272026,0.703615
1786703804.929430,8.167614,267,24.18,147.00,75.24,1.0000,0.229685,0.156752,174.10,337.67,0.9753,0.272032,0.703471
1786703805.009053,8.247237,269,24.18,147.05,75.23,1.0000,0.229767,0.156733,174.05,337.72,0.9755,0.271952,0.703582
1786703805.027173,8.265357,270,24.18,147.07,75.28,1.0000,0.229801,0.156834,173.97,337.72,0.9753,0.271827,0.703576
1786703805.080825,8.319010,272,24.00,147.07,75.51,1.0000,0.229798,0.157306,173.93,337.74,0.9755,0.271770,0.703616
1786703805.120093,8.358277,273,24.00,147.12,75.75,1.0000,0.229881,0.157805,173.98,337.66,0.9756,0.271849,0.703463
1786703805.165852,8.404036,274,24.00,147.17,75.75,1.0000,0.229956,0.157808,173.96,337.60,0.9757,0.271808,0.703339
1786703805.200003,8.438187,276,24.00,147.17,75.75,1.0000,0.229959,0.157802,173.96,337.40,0.9757,0.271820,0.702924
1786703805.255133,8.493317,277,24.00,147.16,75.74,1.0000,0.229931,0.157793,173.97,337.42,0.9757,0.271823,0.702955
1786703805.281176,8.519360,278,24.00,147.15,75.89,1.0000,0.229915,0.158095,174.08,337.20,0.9759,0.271997,0.702507
1786703805.310910,8.549095,279,24.00,147.16,75.89,1.0000,0.229935,0.158095,174.06,337.38,0.9755,0.271963,0.702881
1786703805.375178,8.613362,280,24.00,147.12,75.94,1.0000,0.229874,0.158204,174.08,337.31,0.9758,0.271998,0.702719
1786703805.422597,8.660781,282,24.00,147.22,75.99,1.0000,0.230035,0.158306,174.01,337.49,0.9754,0.271890,0.703103
1786703805.454299,8.692483,283,24.00,147.26,76.04,1.0000,0.230095,0.158421,174.00,337.68,0.9753,0.271874,0.703510
1786703805.527936,8.766120,285,24.00,147.06,75.93,1.0000,0.229774,0.158177,174.02,337.89,0.9753,0.271902,0.703945
1786703805.559736,8.797921,286,23.47,146.96,75.83,1.0000,0.229618,0.157975,174.02,337.96,0.9755,0.271912,0.704082
1786703805.623909,8.862093,288,23.47,146.89,75.74,1.0000,0.229508,0.157785,174.02,337.96,0.9751,0.271902,0.704088
1786703805.687582,8.925766,290,23.47,146.86,75.83,1.0000,0.229469,0.157972,174.05,337.90,0.9748,0.271951,0.703965
1786703805.719088,8.957272,291,23.47,146.94,75.81,1.0000,0.229600,0.157939,174.04,337.60,0.9751,0.271936,0.703342
1786703805.750767,8.988951,292,23.47,146.94,75.99,1.0000,0.229599,0.158322,174.04,337.56,0.9751,0.271933,0.703260
1786703805.782174,9.020358,293,23.47,146.95,75.57,1.0000,0.229603,0.157429,173.93,337.65,0.9756,0.271762,0.703428
1786703805.814318,9.052502,294,23.47,146.74,75.56,1.0000,0.229285,0.157417,173.96,337.62,0.9756,0.271809,0.703378
1786703805.882520,9.120704,296,23.47,146.74,75.55,1.0000,0.229284,0.157405,173.94,337.65,0.9751,0.271786,0.703436
1786703805.910302,9.148486,297,23.47,146.72,75.79,1.0000,0.229255,0.157898,173.95,337.69,0.9751,0.271801,0.703524
1786703805.958031,9.196215,298,23.47,146.74,75.79,1.0000,0.229276,0.157901,173.95,337.67,0.9751,0.271793,0.703480
1786703806.006251,9.244435,300,23.47,146.61,75.98,1.0000,0.229078,0.158286,173.94,337.70,0.9752,0.271779,0.703551
1786703806.047363,9.285547,301,23.16,146.61,75.15,1.0000,0.229073,0.156569,173.96,337.72,0.9753,0.271818,0.703580
1786703806.116389,9.354573,303,23.16,146.68,75.58,1.0000,0.229191,0.157463,173.97,337.65,0.9753,0.271835,0.703434
1786703806.147977,9.386161,304,23.16,146.76,75.50,1.0000,0.229310,0.157300,174.08,337.58,0.9757,0.272000,0.703288
1786703806.182563,9.420748,305,23.16,146.78,75.54,1.0000,0.229340,0.157371,174.07,337.74,0.9752,0.271978,0.703621
1786703806.211978,9.450162,306,23.16,146.78,75.57,1.0000,0.229345,0.157448,174.13,337.69,0.9754,0.272079,0.703516
1786703806.291665,9.529849,307,23.16,146.69,75.43,1.0000,0.229201,0.157146,174.13,337.54,0.9751,0.272072,0.703198
1786703806.307552,9.545736,309,23.16,146.70,75.46,1.0000,0.229212,0.157202,174.11,337.53,0.9755,0.272050,0.703186
1786703806.398014,9.636199,311,23.16,147.04,75.45,1.0000,0.229756,0.157184,174.11,337.61,0.9756,0.272053,0.703354
1786703806.434027,9.672212,313,23.16,147.20,75.43,1.0000,0.230003,0.157149,174.13,337.56,0.9760,0.272083,0.703257
1786703806.483239,9.721424,314,23.16,147.53,75.41,1.0000,0.230518,0.157103,174.10,337.57,0.9761,0.272035,0.703278
1786703806.513424,9.751608,315,23.16,147.75,75.45,1.0000,0.230856,0.157191,174.28,337.59,0.9761,0.272305,0.703307
1786703806.561386,9.799570,316,23.16,147.83,75.54,1.0000,0.230988,0.157366,174.24,337.57,0.9760,0.272255,0.703266
1786703806.606395,9.844579,318,22.76,147.82,75.51,1.0000,0.230967,0.157312,174.32,337.47,0.9763,0.272371,0.703069
1786703806.670435,9.908619,320,22.76,147.69,75.38,1.0000,0.230762,0.157037,174.33,337.61,0.9765,0.272395,0.703362
1786703806.734284,9.972469,321,22.76,148.13,75.34,1.0000,0.231454,0.156956,174.35,337.58,0.9765,0.272417,0.703282
1786703806.766106,10.004290,322,22.76,148.14,75.39,1.0000,0.231473,0.157055,174.28,337.58,0.9759,0.272309,0.703285
1786703806.781527,10.019711,323,22.76,148.17,75.34,1.0000,0.231519,0.156954,174.31,337.58,0.9761,0.272353,0.703283
1786703806.816303,10.054487,324,22.76,148.07,75.34,1.0000,0.231363,0.156950,174.16,337.61,0.9761,0.272127,0.703363
1786703806.873166,10.111350,326,22.76,148.24,75.45,1.0000,0.231619,0.157191,174.27,337.61,0.9763,0.272289,0.703347
1786703806.920700,10.158884,327,22.76,148.31,75.46,1.0000,0.231732,0.157205,174.28,337.60,0.9765,0.272306,0.703340
1786703806.952595,10.190779,328,22.76,148.30,75.35,1.0000,0.231716,0.156986,174.26,337.58,0.9766,0.272284,0.703284
1786703807.031857,10.270041,330,22.76,148.31,75.38,1.0000,0.231733,0.157050,174.26,337.70,0.9768,0.272282,0.703542
1786703807.084157,10.322341,332,22.76,148.30,75.38,1.0000,0.231719,0.157034,174.25,337.72,0.9766,0.272273,0.703577
1786703807.131888,10.370072,333,22.60,148.34,75.38,1.0000,0.231783,0.157032,174.30,337.74,0.9764,0.272344,0.703624
1786703807.148086,10.386271,334,22.60,148.35,75.37,1.0000,0.231797,0.157027,174.25,337.71,0.9764,0.272273,0.703559
1786703807.227446,10.465630,336,22.60,148.36,75.47,1.0000,0.231808,0.157230,174.21,337.99,0.9764,0.272207,0.704148
1786703807.243294,10.481478,337,22.60,148.36,75.48,1.0000,0.231809,0.157242,174.22,337.97,0.9765,0.272221,0.704096
1786703807.291547,10.529731,338,22.60,148.22,75.49,1.0000,0.231595,0.157268,174.21,337.88,0.9764,0.272202,0.703913
1786703807.338693,10.576877,339,22.60,148.08,75.50,1.0000,0.231382,0.157296,174.22,337.96,0.9764,0.272212,0.704084
1786703807.354612,10.592796,340,22.60,148.06,75.51,1.0000,0.231340,0.157321,174.25,337.95,0.9766,0.272260,0.704065
1786703807.418022,10.656206,342,22.60,148.03,75.66,1.0000,0.231292,0.157619,174.31,337.71,0.9766,0.272367,0.703555
1786703807.456150,10.694334,343,22.60,148.02,75.63,1.0000,0.231279,0.157563,174.31,337.75,0.9766,0.272362,0.703652
1786703807.484374,10.722558,344,22.60,148.02,75.63,1.0000,0.231278,0.157570,174.30,337.75,0.9765,0.272345,0.703649
1786703807.529941,10.768125,345,22.60,147.94,75.42,1.0000,0.231157,0.157125,174.35,337.72,0.9765,0.272417,0.703586
1786703807.597417,10.835602,346,22.60,147.94,75.42,1.0000,0.231157,0.157127,174.43,337.79,0.9764,0.272552,0.703723
1786703807.625326,10.863510,348,22.60,147.67,74.38,1.0000,0.230731,0.154969,174.43,337.64,0.9766,0.272554,0.703414
1786703807.693385,10.931570,350,23.07,147.85,74.49,1.0000,0.231022,0.155197,174.56,337.62,0.9765,0.272753,0.703368
1786703807.731811,10.969995,351,23.07,147.51,73.78,1.0000,0.230488,0.153713,174.45,337.80,0.9758,0.272570,0.703745
1786703807.747973,10.986157,352,23.07,147.42,73.81,1.0000,0.230343,0.153778,174.45,337.86,0.9755,0.272578,0.703872
1786703807.792305,11.030490,353,23.07,147.33,73.31,1.0000,0.230202,0.152728,174.44,337.94,0.9747,0.272558,0.704047
1786703807.827909,11.066094,354,23.07,147.34,73.56,1.0000,0.230220,0.153242,174.44,337.93,0.9747,0.272568,0.704013
1786703807.891722,11.129907,356,23.07,147.34,74.17,1.0000,0.230215,0.154518,174.30,337.89,0.9746,0.272349,0.703929
1786703807.939849,11.178033,357,23.07,147.22,73.91,1.0000,0.230034,0.153987,174.27,337.88,0.9751,0.272294,0.703926
1786703807.971448,11.209633,359,23.07,147.33,74.48,1.0000,0.230198,0.155177,174.20,337.94,0.9753,0.272183,0.704041
1786703808.035535,11.273719,360,23.07,147.31,74.39,1.0000,0.230170,0.154983,174.20,338.07,0.9753,0.272181,0.704309
1786703808.068090,11.306275,361,23.07,147.17,74.06,1.0000,0.229949,0.154295,174.25,338.07,0.9751,0.272265,0.704314
1786703808.084489,11.322673,362,23.07,147.11,74.16,1.0000,0.229862,0.154498,174.09,338.01,0.9754,0.272011,0.704179
1786703808.115433,11.353617,363,23.07,146.94,73.87,1.0000,0.229590,0.153892,174.14,338.01,0.9745,0.272096,0.704190
1786703808.164094,11.402278,364,22.98,146.79,74.02,1.0000,0.229360,0.154213,174.15,337.73,0.9746,0.272114,0.703614
1786703808.203250,11.441434,366,22.98,146.83,74.04,1.0000,0.229422,0.154246,174.13,337.87,0.9747,0.272086,0.703899
1786703808.255393,11.493577,367,22.98,146.80,73.99,1.0000,0.229369,0.154136,174.15,337.88,0.9743,0.272105,0.703918
1786703808.284654,11.522838,368,22.98,146.78,74.02,1.0000,0.229351,0.154211,174.22,337.78,0.9743,0.272217,0.703712
1786703808.361707,11.599892,370,22.98,146.76,74.02,1.0000,0.229310,0.154218,174.21,337.70,0.9743,0.272195,0.703545
1786703808.393556,11.631740,371,22.98,146.74,74.01,1.0000,0.229274,0.154181,174.19,337.78,0.9739,0.272168,0.703706
1786703808.457528,11.695713,373,22.98,146.73,73.92,1.0000,0.229271,0.154008,174.20,337.76,0.9734,0.272186,0.703657
1786703808.497343,11.735527,374,22.98,146.88,74.24,1.0000,0.229497,0.154672,174.16,337.70,0.9738,0.272133,0.703547
1786703808.520621,11.758806,375,22.98,146.44,73.88,1.0000,0.228806,0.153911,174.05,337.80,0.9740,0.271959,0.703742
1786703808.585108,11.823292,377,22.98,146.69,74.15,1.0000,0.229203,0.154475,174.09,337.78,0.9737,0.272015,0.703703
1786703808.631765,11.869950,378,22.98,146.83,74.25,1.0000,0.229426,0.154694,173.93,337.91,0.9741,0.271761,0.703979
1786703808.668754,11.906938,379,22.98,146.88,74.25,1.0000,0.229495,0.154697,173.95,337.95,0.9741,0.271795,0.704063
1786703808.693333,11.931517,380,23.14,146.88,74.41,1.0000,0.229499,0.155021,173.95,337.94,0.9740,0.271791,0.704042
1786703808.724365,11.962549,381,23.14,146.89,74.44,1.0000,0.229513,0.155093,173.90,337.99,0.9744,0.271722,0.704153
1786703808.772143,12.010328,382,23.14,146.89,74.54,1.0000,0.229520,0.155290,174.02,337.98,0.9740,0.271903,0.704120
1786703808.848033,12.086217,384,23.14,146.90,74.70,1.0000,0.229528,0.155616,174.06,337.80,0.9743,0.271970,0.703743
1786703808.928137,12.166321,387,23.14,147.21,74.99,1.0000,0.230017,0.156219,174.02,337.84,0.9740,0.271904,0.703832
1786703808.960087,12.198271,388,23.14,147.31,75.01,1.0000,0.230173,0.156269,173.98,337.81,0.9739,0.271846,0.703777
1786703809.024046,12.262230,390,23.14,146.97,75.01,1.0000,0.229646,0.156275,173.97,337.80,0.9739,0.271833,0.703754
1786703809.055754,12.293938,391,23.14,146.42,74.72,1.0000,0.228783,0.155673,173.95,337.99,0.9744,0.271791,0.704152
1786703809.087623,12.325807,392,23.14,146.41,74.87,1.0000,0.228772,0.155978,173.96,338.02,0.9740,0.271813,0.704214
1786703809.135309,12.373493,393,23.14,146.23,74.84,1.0000,0.228478,0.155925,173.93,338.03,0.9744,0.271773,0.704234
1786703809.151107,12.389291,394,23.14,146.22,75.10,1.0000,0.228475,0.156452,173.92,338.03,0.9744,0.271748,0.704229
1786703809.228006,12.466190,396,22.75,146.22,75.08,1.0000,0.228471,0.156420,173.92,338.09,0.9740,0.271753,0.704359
1786703809.259448,12.497632,397,22.75,146.17,75.30,1.0000,0.228393,0.156868,173.92,338.07,0.9737,0.271757,0.704318
1786703809.322610,12.560794,399,22.75,146.49,75.30,1.0000,0.228888,0.156873,173.84,338.07,0.9739,0.271620,0.704316
1786703809.354345,12.592530,400,22.75,146.49,75.30,1.0000,0.228890,0.156882,173.97,337.99,0.9741,0.271832,0.704147
1786703809.417852,12.656036,402,22.75,146.46,74.23,1.0000,0.228844,0.154636,173.83,337.91,0.9743,0.271604,0.703973
1786703809.465317,12.703501,403,22.75,146.40,73.92,1.0000,0.228753,0.154008,173.79,337.92,0.9747,0.271551,0.704006
1786703809.486554,12.724739,404,22.75,146.41,73.89,1.0000,0.228758,0.153945,173.79,337.86,0.9752,0.271540,0.703879
1786703809.560338,12.798522,406,22.75,146.46,74.11,1.0000,0.228839,0.154389,173.72,337.83,0.9750,0.271435,0.703810
1786703809.586697,12.824881,407,22.75,146.23,74.11,1.0000,0.228487,0.154394,173.93,337.75,0.9754,0.271761,0.703647
1786703809.655145,12.893330,409,22.75,146.15,72.77,1.0000,0.228358,0.151604,173.87,337.67,0.9749,0.271679,0.703484
1786703809.686866,12.925050,410,22.75,146.06,72.45,1.0000,0.228214,0.150945,173.74,337.66,0.9753,0.271466,0.703468
1786703809.718624,12.956809,411,22.75,146.04,72.49,1.0000,0.228194,0.151019,173.75,337.69,0.9754,0.271478,0.703525
1786703809.762918,13.001103,412,22.82,146.09,72.44,1.0000,0.228261,0.150914,173.76,337.71,0.9754,0.271504,0.703568
1786703809.787294,13.025478,413,22.82,146.08,72.46,1.0000,0.228255,0.150959,173.72,337.74,0.9751,0.271432,0.703616
1786703809.827157,13.065341,414,22.82,146.08,72.66,1.0000,0.228246,0.151365,173.70,337.81,0.9750,0.271410,0.703781
1786703809.844088,13.082272,415,22.82,146.06,72.67,1.0000,0.228221,0.151393,173.71,337.84,0.9753,0.271425,0.703831
1786703809.889730,13.127915,416,22.82,146.07,72.91,1.0000,0.228228,0.151892,173.74,337.88,0.9756,0.271462,0.703912
1786703809.921310,13.159494,417,22.82,145.94,72.92,1.0000,0.228026,0.151917,173.82,337.90,0.9753,0.271601,0.703955
1786703809.987744,13.225928,419,22.82,145.91,72.94,1.0000,0.227980,0.151954,173.83,337.90,0.9759,0.271603,0.703958
1786703810.016613,13.254797,420,22.82,145.75,72.48,1.0000,0.227732,0.150997,173.71,338.06,0.9755,0.271416,0.704293
1786703810.080091,13.318275,422,22.82,145.64,72.53,1.0000,0.227565,0.151105,173.69,337.97,0.9756,0.271394,0.704106
1786703810.144848,13.383032,423,22.82,145.50,72.67,1.0000,0.227351,0.151395,173.72,337.96,0.9753,0.271444,0.704088
1786703810.152097,13.390281,424,22.82,145.32,72.65,1.0000,0.227070,0.151360,173.73,337.97,0.9756,0.271447,0.704110
1786703810.191512,13.429697,425,22.82,145.25,72.64,1.0000,0.226947,0.151342,173.82,337.95,0.9755,0.271600,0.704055
1786703810.228326,13.466510,426,22.82,145.21,72.65,1.0000,0.226890,0.151353,173.81,338.00,0.9756,0.271573,0.704172
1786703810.254604,13.492788,427,23.25,144.76,72.52,1.0000,0.226180,0.151093,173.82,337.96,0.9756,0.271587,0.704089
1786703810.298952,13.537136,428,23.25,144.76,72.89,1.0000,0.226180,0.151855,173.77,337.94,0.9757,0.271519,0.704032
1786703810.314999,13.553183,429,23.25,144.77,72.91,1.0000,0.226198,0.151895,173.76,337.89,0.9761,0.271495,0.703944
1786703810.346546,13.584730,430,23.25,144.78,73.45,1.0000,0.226213,0.153028,173.74,338.04,0.9759,0.271473,0.704242
1786703810.426085,13.664270,432,23.25,144.10,72.03,1.0000,0.225149,0.150073,173.74,337.84,0.9759,0.271468,0.703833
1786703810.488966,13.727151,434,23.25,144.38,72.62,1.0000,0.225590,0.151291,173.73,337.98,0.9761,0.271447,0.704132
1786703810.536940,13.775124,435,23.25,144.36,71.99,1.0000,0.225565,0.149969,173.55,337.93,0.9760,0.271175,0.704025
1786703810.568868,13.807052,436,23.25,144.35,72.01,1.0000,0.225541,0.150013,173.55,337.88,0.9758,0.271179,0.703915
1786703810.632148,13.870332,438,23.25,144.60,73.16,1.0000,0.225945,0.152421,173.50,337.90,0.9762,0.271092,0.703957
1786703810.664328,13.902513,439,23.25,144.27,72.93,1.0000,0.225417,0.151945,173.49,338.00,0.9765,0.271073,0.704160
1786703810.715800,13.953984,441,23.25,144.55,74.06,1.0000,0.225865,0.154289,173.49,338.22,0.9767,0.271072,0.704624
1786703810.743584,13.981768,442,22.93,144.58,74.31,1.0000,0.225914,0.154805,173.47,338.16,0.9765,0.271048,0.704503
1786703810.798706,14.036891,443,22.93,144.67,74.29,1.0000,0.226046,0.154780,173.45,338.13,0.9767,0.271021,0.704447
1786703810.829940,14.068124,444,22.93,144.61,74.61,1.0000,0.225952,0.155428,173.63,338.15,0.9770,0.271295,0.704473
1786703810.866748,14.104932,445,22.93,144.61,74.82,1.0000,0.225955,0.155865,173.70,338.22,0.9772,0.271409,0.704628
1786703810.894587,14.132771,446,22.93,144.49,74.80,1.0000,0.225766,0.155826,173.55,338.23,0.9766,0.271172,0.704639
1786703810.964459,14.202644,448,22.93,144.58,75.20,1.0000,0.225912,0.156661,173.58,338.24,0.9772,0.271225,0.704658
1786703810.992096,14.230280,449,22.93,144.53,75.20,1.0000,0.225834,0.156665,173.56,338.19,0.9772,0.271194,0.704564
1786703811.013148,14.251332,450,22.93,144.47,75.19,1.0000,0.225736,0.156642,173.55,337.78,0.9767,0.271167,0.703715
1786703811.061252,14.299436,451,22.93,144.51,75.26,1.0000,0.225795,0.156798,173.54,337.86,0.9767,0.271156,0.703868
1786703811.090052,14.328236,452,22.93,144.56,75.40,1.0000,0.225869,0.157078,173.55,337.96,0.9767,0.271170,0.704080
1786703811.160081,14.398265,454,22.93,144.49,75.31,1.0000,0.225773,0.156894,173.53,337.86,0.9762,0.271134,0.703885
1786703811.194059,14.432243,455,22.93,144.51,75.34,1.0000,0.225793,0.156960,173.57,337.89,0.9765,0.271202,0.703929
1786703811.228652,14.466836,456,22.93,144.64,75.35,1.0000,0.225995,0.156985,173.59,337.87,0.9768,0.271231,0.703892
1786703811.256485,14.494669,457,22.93,144.40,75.15,1.0000,0.225627,0.156552,173.56,337.81,0.9761,0.271190,0.703762
1786703811.290356,14.528540,458,23.59,144.41,75.09,1.0000,0.225637,0.156442,173.51,337.72,0.9764,0.271108,0.703589
1786703811.318785,14.556969,459,23.59,144.54,75.12,1.0000,0.225851,0.156496,173.52,337.89,0.9764,0.271123,0.703946
1786703811.359859,14.598043,460,23.59,144.63,75.11,1.0000,0.225978,0.156488,173.56,337.82,0.9762,0.271180,0.703783
1786703811.436217,14.674401,462,23.59,144.85,75.08,1.0000,0.226327,0.156417,173.58,337.83,0.9761,0.271218,0.703821
1786703811.450399,14.688583,463,23.59,145.02,75.14,1.0000,0.226598,0.156544,173.50,337.93,0.9757,0.271101,0.704018
1786703811.526574,14.764758,465,23.59,145.02,75.09,1.0000,0.226589,0.156445,173.51,337.69,0.9758,0.271105,0.703517
1786703811.561356,14.799540,466,23.59,145.28,75.24,1.0000,0.226999,0.156752,173.65,337.71,0.9755,0.271328,0.703572
1786703811.622885,14.861069,468,23.59,145.29,75.28,1.0000,0.227013,0.156828,173.58,337.75,0.9755,0.271222,0.703638
1786703811.658774,14.896958,469,23.59,145.26,75.24,1.0000,0.226971,0.156751,173.55,337.78,0.9759,0.271166,0.703700
1786703811.717015,14.955199,471,23.59,145.44,75.46,1.0000,0.227250,0.157206,173.62,337.76,0.9757,0.271274,0.703664
1786703811.754303,14.992487,472,23.59,145.39,75.47,1.0000,0.227164,0.157227,173.56,337.76,0.9753,0.271180,0.703675
1786703811.815526,15.053710,474,23.09,145.51,75.46,1.0000,0.227358,0.157201,173.66,337.97,0.9756,0.271351,0.704114
1786703811.853210,15.091394,475,23.09,145.50,75.45,1.0000,0.227350,0.157195,173.61,338.08,0.9757,0.271264,0.704339
1786703811.882608,15.120792,476,23.09,145.28,75.42,1.0000,0.227003,0.157120,173.59,338.12,0.9758,0.271238,0.704426
1786703811.915398,15.153583,477,23.09,145.36,75.39,1.0000,0.227120,0.157054,173.57,338.10,0.9760,0.271210,0.704369
1786703811.958091,15.196275,478,23.09,145.37,75.44,1.0000,0.227144,0.157165,173.56,338.13,0.9762,0.271192,0.704440
1786703811.993833,15.232017,479,23.09,145.38,75.44,1.0000,0.227158,0.157171,173.56,338.07,0.9762,0.271191,0.704315
1786703812.021044,15.259229,480,23.09,145.26,75.56,1.0000,0.226972,0.157414,173.55,338.07,0.9761,0.271171,0.704322
1786703812.099332,15.337516,482,23.09,145.36,76.03,1.0000,0.227132,0.158399,173.59,337.99,0.9760,0.271235,0.704154
1786703812.126049,15.364233,483,23.09,145.09,76.00,1.0000,0.226709,0.158326,173.61,337.99,0.9764,0.271272,0.704146
1786703812.184981,15.423166,485,23.09,145.11,76.12,1.0000,0.226731,0.158583,173.70,338.03,0.9766,0.271401,0.704221
1786703812.223537,15.461721,486,23.09,144.99,76.04,1.0000,0.226540,0.158407,173.70,337.98,0.9769,0.271399,0.704126
1786703812.285349,15.523534,488,23.09,144.88,75.86,1.0000,0.226374,0.158043,173.71,338.02,0.9773,0.271416,0.704211
1786703812.337041,15.575226,489,23.14,144.88,75.68,1.0000,0.226374,0.157660,173.67,337.94,0.9776,0.271365,0.704050
1786703812.357676,15.595860,490,23.14,144.70,75.64,1.0000,0.226089,0.157577,173.67,338.08,0.9777,0.271359,0.704335
1786703812.415416,15.653600,492,23.14,144.67,75.58,1.0000,0.226048,0.157459,173.73,338.15,0.9779,0.271455,0.704470
1786703812.457092,15.695276,493,23.14,144.67,75.56,1.0000,0.226055,0.157425,173.74,338.07,0.9780,0.271466,0.704322
1786703812.492237,15.730421,494,23.14,144.67,75.57,1.0000,0.226044,0.157436,173.71,338.13,0.9778,0.271425,0.704436
1786703812.564250,15.802434,496,23.14,144.61,75.44,1.0000,0.225947,0.157158,173.68,338.13,0.9778,0.271378,0.704441
1786703812.596280,15.834464,497,23.14,144.26,75.02,1.0000,0.225406,0.156295,173.63,338.08,0.9777,0.271294,0.704332
1786703812.643965,15.882149,499,23.14,143.98,74.95,1.0000,0.224976,0.156139,173.70,338.08,0.9775,0.271399,0.704330
1786703812.692370,15.930554,500,23.14,143.98,74.95,1.0000,0.224975,0.156136,173.70,338.07,0.9775,0.271406,0.704312
1786703812.756181,15.994365,502,23.14,143.95,74.81,1.0000,0.224927,0.155848,173.65,338.09,0.9777,0.271321,0.704353
1786703812.805191,16.043375,503,23.14,143.94,74.82,1.0000,0.224908,0.155885,173.62,338.05,0.9779,0.271277,0.704278
1786703812.823190,16.061374,504,22.88,143.94,74.83,1.0000,0.224900,0.155887,173.62,337.86,0.9779,0.271276,0.703868
1786703812.887557,16.125741,506,22.88,143.84,74.41,1.0000,0.224746,0.155021,173.63,337.93,0.9777,0.271293,0.704029
1786703812.922977,16.161161,507,22.88,143.85,74.56,1.0000,0.224762,0.155332,173.63,337.93,0.9771,0.271298,0.704024
1786703812.961024,16.199208,508,22.88,143.85,74.60,1.0000,0.224764,0.155423,173.63,337.95,0.9775,0.271294,0.704052
1786703812.984945,16.223129,509,22.88,143.73,74.69,1.0000,0.224573,0.155602,173.60,337.96,0.9778,0.271253,0.704088
1786703813.033861,16.272045,510,22.88,143.75,74.76,1.0000,0.224602,0.155743,173.55,337.95,0.9776,0.271176,0.704067
1786703813.048166,16.286350,511,22.88,143.75,74.83,1.0000,0.224616,0.155890,173.46,337.90,0.9774,0.271032,0.703957
1786703813.127672,16.365856,513,22.88,143.77,74.99,1.0000,0.224638,0.156228,173.47,337.88,0.9775,0.271048,0.703910
1786703813.159435,16.397619,514,22.88,143.77,74.99,1.0000,0.224638,0.156233,173.41,337.78,0.9773,0.270956,0.703701
1786703813.191179,16.429363,515,22.88,143.74,74.99,1.0000,0.224589,0.156239,173.41,337.81,0.9772,0.270946,0.703780
1786703813.236552,16.474736,516,22.88,143.74,75.03,1.0000,0.224589,0.156317,173.34,337.91,0.9773,0.270847,0.703977
1786703813.283534,16.521718,518,22.88,143.85,75.06,1.0000,0.224767,0.156369,173.39,337.91,0.9774,0.270918,0.703974
1786703813.319194,16.557378,519,22.88,143.85,75.06,1.0000,0.224768,0.156376,173.38,337.85,0.9774,0.270910,0.703853
1786703813.352972,16.591156,520,23.35,143.86,75.19,1.0000,0.224786,0.156645,173.38,337.85,0.9778,0.270913,0.703851
1786703813.387708,16.625892,521,23.35,143.94,75.26,1.0000,0.224902,0.156800,173.39,337.89,0.9776,0.270917,0.703947
1786703813.422353,16.660537,522,23.35,143.94,75.27,1.0000,0.224900,0.156804,173.41,337.88,0.9777,0.270953,0.703914
1786703813.457065,16.695249,523,23.35,143.96,75.27,1.0000,0.224934,0.156811,173.44,337.91,0.9778,0.271001,0.703974
1786703813.509793,16.747977,525,23.35,143.95,75.35,1.0000,0.224925,0.156975,173.45,338.06,0.9776,0.271010,0.704291
1786703813.573161,16.811346,527,23.35,143.95,75.30,1.0000,0.224923,0.156865,173.43,338.10,0.9777,0.270983,0.704385
1786703813.619769,16.857953,528,23.35,143.92,75.28,1.0000,0.224882,0.156843,173.44,338.08,0.9776,0.270995,0.704343
1786703813.651137,16.889321,529,23.35,143.93,75.29,1.0000,0.224893,0.156845,173.46,337.96,0.9777,0.271025,0.704073
1786703813.713182,16.951366,531,23.35,143.95,75.31,1.0000,0.224915,0.156906,173.51,337.92,0.9782,0.271103,0.704004
1786703813.770049,17.008233,532,23.35,143.87,75.29,1.0000,0.224800,0.156845,173.56,337.90,0.9786,0.271184,0.703963
1786703813.790364,17.028548,533,23.35,143.87,75.31,1.0000,0.224802,0.156901,173.57,337.92,0.9787,0.271208,0.703992
1786703813.860058,17.098242,535,23.35,143.96,75.62,1.0000,0.224940,0.157544,173.62,338.05,0.9783,0.271275,0.704262
1786703813.902111,17.140295,536,23.17,144.01,75.67,1.0000,0.225022,0.157637,173.54,338.05,0.9781,0.271150,0.704274
1786703813.909614,17.147798,537,23.17,144.14,75.69,1.0000,0.225213,0.157681,173.61,338.10,0.9778,0.271263,0.704375
1786703813.978594,17.216778,538,23.17,144.20,75.71,1.0000,0.225306,0.157730,173.57,338.09,0.9778,0.271198,0.704361
1786703813.992814,17.230998,539,23.17,144.19,75.71,1.0000,0.225303,0.157734,173.56,338.11,0.9779,0.271183,0.704405
1786703814.020205,17.258389,540,23.17,144.09,75.68,1.0000,0.225146,0.157667,173.49,338.21,0.9776,0.271077,0.704597
1786703814.089996,17.328180,542,23.17,144.09,75.70,1.0000,0.225145,0.157703,173.52,338.19,0.9775,0.271119,0.704567
1786703814.131624,17.369808,543,23.17,143.99,75.65,1.0000,0.224987,0.157611,173.47,338.20,0.9777,0.271047,0.704574
1786703814.159455,17.397639,544,23.17,144.03,75.67,1.0000,0.225044,0.157646,173.48,338.15,0.9778,0.271063,0.704488
1786703814.227999,17.466184,546,23.17,144.16,75.82,1.0000,0.225255,0.157953,173.53,338.18,0.9776,0.271134,0.704548
1786703814.256340,17.494524,547,23.17,144.21,75.83,1.0000,0.225331,0.157973,173.49,338.16,0.9776,0.271079,0.704509
1786703814.325601,17.563786,549,23.17,144.21,75.94,1.0000,0.225334,0.158199,173.40,338.20,0.9780,0.270941,0.704593
1786703814.348821,17.587005,550,23.17,144.28,75.94,1.0000,0.225432,0.158207,173.39,338.21,0.9780,0.270918,0.704601
1786703814.395761,17.633946,551,23.17,144.41,76.01,1.0000,0.225644,0.158355,173.34,338.22,0.9780,0.270841,0.704620
1786703814.430786,17.668971,552,23.53,144.46,76.02,1.0000,0.225723,0.158383,173.39,338.20,0.9779,0.270923,0.704588
1786703814.451174,17.689358,553,23.53,144.49,76.09,1.0000,0.225769,0.158520,173.41,338.21,0.9778,0.270959,0.704610
1786703814.485347,17.723531,554,23.53,144.50,76.14,1.0000,0.225781,0.158625,173.41,338.20,0.9779,0.270948,0.704590
1786703814.526429,17.764613,555,23.53,144.50,76.11,1.0000,0.225784,0.158563,173.33,338.19,0.9783,0.270821,0.704558
1786703814.561317,17.799502,556,23.53,144.62,76.10,1.0000,0.225964,0.158546,173.28,338.16,0.9779,0.270754,0.704503
1786703814.631396,17.869580,558,23.53,144.63,76.09,1.0000,0.225981,0.158531,173.24,338.13,0.9776,0.270694,0.704445
1786703814.658429,17.896613,559,23.53,144.68,76.12,1.0000,0.226060,0.158590,173.25,338.16,0.9775,0.270706,0.704499
1786703814.713585,17.951770,561,23.53,144.68,76.12,1.0000,0.226064,0.158585,173.28,338.18,0.9774,0.270745,0.704532
1786703814.744313,17.982497,562,23.53,144.68,76.12,1.0000,0.226069,0.158586,173.28,338.20,0.9775,0.270750,0.704588
1786703814.775098,18.013283,563,23.53,144.77,76.22,1.0000,0.226209,0.158783,173.36,338.15,0.9776,0.270878,0.704476
1786703814.818078,18.056262,564,23.53,144.91,76.39,1.0000,0.226415,0.159149,173.35,338.13,0.9776,0.270860,0.704443
1786703814.853492,18.091676,565,23.53,144.97,76.43,1.0000,0.226513,0.159230,173.33,338.13,0.9776,0.270831,0.704432
1786703814.881986,18.120171,566,23.53,144.98,76.50,1.0000,0.226535,0.159373,173.30,338.14,0.9772,0.270775,0.704460
1786703814.917850,18.156034,567,23.97,144.97,76.50,1.0000,0.226509,0.159379,173.36,338.07,0.9770,0.270867,0.704302
1786703814.956140,18.194324,568,23.97,144.98,76.53,1.0000,0.226531,0.159434,173.38,337.95,0.9772,0.270906,0.704055
1786703814.997138,18.235322,569,23.97,144.98,76.57,1.0000,0.226535,0.159522,173.39,337.97,0.9772,0.270915,0.704104
1786703815.017479,18.255663,570,23.97,144.98,76.58,1.0000,0.226539,0.159534,173.37,337.99,0.9776,0.270883,0.704149
1786703815.091985,18.330170,572,23.97,144.78,76.57,1.0000,0.226214,0.159518,173.38,337.94,0.9776,0.270910,0.704050
1786703815.143396,18.381580,573,23.97,144.78,76.57,1.0000,0.226220,0.159519,173.40,337.83,0.9777,0.270937,0.703804
1786703815.184392,18.422576,575,23.97,144.86,76.63,1.0000,0.226343,0.159650,173.41,337.82,0.9779,0.270947,0.703791
1786703815.226503,18.464687,576,23.97,144.76,76.63,1.0000,0.226192,0.159640,173.40,337.87,0.9782,0.270939,0.703895
1786703815.256499,18.494683,577,23.97,144.78,76.63,1.0000,0.226213,0.159644,173.36,337.80,0.9781,0.270868,0.703744
1786703815.324060,18.562244,579,23.97,144.33,76.48,1.0000,0.225513,0.159336,173.37,337.94,0.9780,0.270891,0.704049
1786703815.353129,18.591314,580,23.97,144.33,76.49,1.0000,0.225523,0.159360,173.36,337.97,0.9784,0.270872,0.704109
1786703815.381506,18.619690,581,23.97,144.34,76.47,1.0000,0.225524,0.159304,173.38,337.96,0.9782,0.270901,0.704078
1786703815.423066,18.661250,582,23.96,144.36,76.46,1.0000,0.225556,0.159292,173.41,337.87,0.9780,0.270957,0.703900
1786703815.450920,18.689105,583,23.96,144.26,76.49,1.0000,0.225400,0.159364,173.43,337.93,0.9781,0.270984,0.704023
1786703815.485490,18.723674,584,23.96,144.24,76.47,1.0000,0.225383,0.159319,173.43,337.98,0.9782,0.270989,0.704116
1786703815.516420,18.754604,585,23.96,144.27,76.49,1.0000,0.225429,0.159351,173.44,338.05,0.9786,0.271004,0.704264
1786703815.590260,18.828444,587,23.96,144.27,76.50,1.0000,0.225421,0.159373,173.49,338.11,0.9782,0.271080,0.704405
1786703815.638333,18.876517,588,23.96,144.23,76.45,1.0000,0.225355,0.159264,173.50,338.12,0.9783,0.271098,0.704409
1786703815.659280,18.897464,589,23.96,144.23,76.35,1.0000,0.225356,0.159052,173.50,338.20,0.9781,0.271092,0.704577
1786703815.686666,18.924850,590,23.96,144.04,76.20,1.0000,0.225060,0.158743,173.50,338.20,0.9783,0.271087,0.704576
1786703815.721393,18.959578,591,23.96,144.03,76.03,1.0000,0.225047,0.158392,173.49,338.20,0.9785,0.271071,0.704575
1786703815.748688,18.986872,592,23.96,144.07,76.03,1.0000,0.225111,0.158393,173.43,338.22,0.9786,0.270979,0.704628
1786703815.783734,19.021918,593,23.96,144.07,75.90,1.0000,0.225106,0.158125,173.42,338.18,0.9784,0.270968,0.704542
1786703815.825169,19.063353,594,23.96,144.03,75.85,1.0000,0.225051,0.158029,173.42,338.15,0.9783,0.270966,0.704471
1786703815.888009,19.126193,596,23.96,143.80,75.81,1.0000,0.224682,0.157935,173.51,338.07,0.9779,0.271116,0.704304
1786703815.915632,19.153816,597,24.30,143.83,75.84,1.0000,0.224740,0.157996,173.50,338.05,0.9779,0.271087,0.704275
1786703815.950507,19.188691,598,24.30,143.96,75.99,1.0000,0.224941,0.158309,173.48,338.08,0.9779,0.271062,0.704324
1786703816.013171,19.251355,599,24.30,143.96,75.99,1.0000,0.224942,0.158308,173.41,338.00,0.9774,0.270960,0.704172
1786703816.026392,19.264576,600,24.30,143.97,75.99,1.0000,0.224959,0.158319,173.40,337.97,0.9774,0.270944,0.704109
1786703816.054240,19.292424,601,24.30,144.04,76.02,1.0000,0.225064,0.158374,173.54,338.08,0.9767,0.271155,0.704337
1786703816.088900,19.327084,602,24.30,144.30,76.06,1.0000,0.225472,0.158455,173.51,338.09,0.9768,0.271117,0.704357
1786703816.158372,19.396556,604,24.30,144.94,76.22,1.0000,0.226463,0.158795,173.48,338.05,0.9772,0.271062,0.704267
1786703816.187789,19.425973,605,24.30,145.24,76.39,1.0000,0.226944,0.159148,173.45,338.05,0.9773,0.271011,0.704268
1786703816.227941,19.466125,606,24.30,145.43,76.45,1.0000,0.227235,0.159272,173.42,338.03,0.9770,0.270973,0.704235
1786703816.263447,19.501631,607,24.30,145.45,76.53,1.0000,0.227265,0.159439,173.44,338.19,0.9771,0.271006,0.704573
1786703816.319308,19.557492,609,24.30,145.52,76.56,1.0000,0.227375,0.159510,173.45,338.18,0.9771,0.271009,0.704546
1786703816.374899,19.613083,610,24.30,145.52,76.67,1.0000,0.227370,0.159730,173.50,338.34,0.9772,0.271091,0.704879
1786703816.393567,19.631751,611,24.30,145.31,76.61,1.0000,0.227045,0.159596,173.54,338.22,0.9768,0.271155,0.704615
1786703816.451180,19.689364,613,24.49,145.44,76.64,1.0000,0.227257,0.159668,173.46,338.18,0.9769,0.271031,0.704538
1786703816.492987,19.731172,614,24.49,145.30,76.57,1.0000,0.227025,0.159526,173.48,338.11,0.9765,0.271069,0.704405
1786703816.533381,19.771566,615,24.49,145.29,76.57,1.0000,0.227022,0.159517,173.50,338.12,0.9759,0.271088,0.704419
1786703816.554128,19.792313,616,24.49,145.56,76.57,1.0000,0.227433,0.159527,173.52,338.09,0.9758,0.271117,0.704354
1786703816.591495,19.829679,617,24.49,145.63,76.58,1.0000,0.227544,0.159536,173.64,337.92,0.9758,0.271319,0.704010
1786703816.652446,19.890630,619,24.49,145.72,76.66,1.0000,0.227687,0.159706,173.66,337.74,0.9756,0.271351,0.703628
1786703816.690698,19.928883,620,24.49,145.63,76.67,1.0000,0.227546,0.159734,173.70,337.71,0.9754,0.271412,0.703568
1786703816.731745,19.969929,621,24.49,145.75,76.73,1.0000,0.227737,0.159858,173.68,337.82,0.9756,0.271376,0.703801
1786703816.755935,19.994119,622,24.49,145.92,76.73,1.0000,0.228004,0.159861,173.68,337.78,0.9758,0.271372,0.703718
1786703816.796411,20.034595,623,24.49,145.65,76.74,1.0000,0.227585,0.159867,173.65,337.79,0.9756,0.271334,0.703722
1786703816.826623,20.064808,624,24.49,145.59,76.77,1.0000,0.227482,0.159935,173.65,337.70,0.9761,0.271336,0.703532
1786703816.852903,20.091088,625,24.49,145.57,76.81,1.0000,0.227453,0.160020,173.61,337.70,0.9764,0.271267,0.703533
1786703816.888084,20.126269,626,24.49,145.95,76.81,1.0000,0.228044,0.160030,173.58,337.81,0.9764,0.271221,0.703774
1786703816.946306,20.184490,628,24.34,145.94,76.82,1.0000,0.228036,0.160036,173.54,337.80,0.9764,0.271152,0.703753
1786703817.006694,20.244878,630,24.34,145.94,76.82,1.0000,0.228030,0.160036,173.50,337.74,0.9766,0.271092,0.703635
1786703817.058340,20.296524,631,24.34,145.86,76.82,1.0000,0.227912,0.160050,173.51,337.69,0.9769,0.271106,0.703528
1786703817.098883,20.337068,632,24.34,146.07,76.82,1.0000,0.228242,0.160033,173.52,337.70,0.9768,0.271121,0.703552
1786703817.119417,20.357602,633,24.34,146.07,76.79,1.0000,0.228237,0.159977,173.49,337.76,0.9770,0.271073,0.703668
1786703817.192340,20.430524,635,24.34,146.06,76.80,1.0000,0.228226,0.160006,173.46,337.67,0.9767,0.271038,0.703485
1786703817.223348,20.461532,636,24.34,146.06,76.85,1.0000,0.228226,0.160103,173.50,337.78,0.9766,0.271100,0.703703
1786703817.254935,20.493119,637,24.34,146.06,76.88,1.0000,0.228224,0.160165,173.51,337.77,0.9769,0.271102,0.703697
1786703817.325138,20.563322,639,24.34,146.10,76.88,1.0000,0.228286,0.160170,173.51,337.86,0.9771,0.271106,0.703877
1786703817.360735,20.598920,640,24.34,146.12,76.92,1.0000,0.228309,0.160254,173.48,337.89,0.9773,0.271068,0.703941
1786703817.392912,20.631096,641,24.34,146.13,76.92,1.0000,0.228322,0.160254,173.49,337.83,0.9771,0.271076,0.703813
1786703817.437514,20.675698,642,24.34,146.13,76.92,1.0000,0.228322,0.160257,173.49,337.80,0.9774,0.271076,0.703742
1786703817.463968,20.702152,643,24.34,146.09,76.90,1.0000,0.228262,0.160199,173.50,337.89,0.9769,0.271101,0.703936
1786703817.519569,20.757753,645,24.40,146.08,76.88,1.0000,0.228254,0.160171,173.53,337.89,0.9766,0.271146,0.703940
1786703817.554752,20.792936,646,24.40,145.80,76.87,1.0000,0.227817,0.160148,173.48,337.90,0.9767,0.271056,0.703948
1786703817.582610,20.820794,647,24.40,145.80,76.91,1.0000,0.227813,0.160223,173.49,337.90,0.9764,0.271076,0.703952
1786703817.623821,20.862005,648,24.40,145.79,76.96,1.0000,0.227796,0.160341,173.49,337.88,0.9766,0.271073,0.703927
1786703817.644904,20.883088,649,24.40,145.71,76.97,1.0000,0.227677,0.160352,173.48,337.94,0.9764,0.271070,0.704048
1786703817.686261,20.924446,650,24.40,145.71,76.92,1.0000,0.227669,0.160243,173.43,337.90,0.9765,0.270978,0.703957
1786703817.716877,20.955061,651,24.40,145.66,76.92,1.0000,0.227598,0.160243,173.46,337.76,0.9762,0.271026,0.703664
1786703817.765685,21.003870,652,24.40,145.65,76.91,1.0000,0.227575,0.160233,173.59,337.76,0.9759,0.271233,0.703669
1786703817.809182,21.047366,653,24.40,145.86,77.08,1.0000,0.227907,0.160589,173.57,337.63,0.9757,0.271199,0.703403
1786703817.845995,21.084180,655,24.40,145.80,77.08,1.0000,0.227816,0.160593,173.56,337.75,0.9755,0.271191,0.703636
1786703817.882281,21.120465,656,24.40,145.80,76.92,1.0000,0.227813,0.160253,173.54,337.70,0.9755,0.271162,0.703547
1786703817.916935,21.155119,657,24.40,145.62,76.74,1.0000,0.227534,0.159870,173.61,337.72,0.9752,0.271270,0.703591
1786703817.950172,21.188356,658,24.40,145.58,76.58,1.0000,0.227465,0.159547,173.68,337.80,0.9753,0.271370,0.703760
1786703817.977899,21.216083,659,24.40,145.67,76.59,1.0000,0.227603,0.159561,173.62,337.81,0.9755,0.271276,0.703773
1786703818.012567,21.250751,660,24.88,145.65,76.61,1.0000,0.227582,0.159613,173.63,337.63,0.9756,0.271295,0.703400
1786703818.081988,21.320172,662,24.88,145.64,76.52,1.0000,0.227559,0.159409,173.60,337.73,0.9752,0.271244,0.703611
1786703818.110584,21.348769,663,24.88,145.66,76.34,1.0000,0.227586,0.159034,173.59,337.79,0.9757,0.271242,0.703738
1786703818.151388,21.389572,664,24.88,145.56,76.43,1.0000,0.227441,0.159228,173.59,337.54,0.9758,0.271241,0.703217
1786703818.179185,21.417369,665,24.88,145.59,76.46,1.0000,0.227489,0.159284,173.57,337.58,0.9754,0.271201,0.703297
1786703818.251832,21.490016,667,24.88,145.63,76.46,1.0000,0.227547,0.159286,173.60,337.57,0.9760,0.271249,0.703271
1786703818.285498,21.523682,668,24.88,145.56,76.62,1.0000,0.227435,0.159629,173.55,337.46,0.9759,0.271179,0.703038
1786703818.318113,21.556297,669,24.88,145.56,76.67,1.0000,0.227431,0.159727,173.56,337.67,0.9764,0.271181,0.703478
1786703818.351032,21.589216,670,24.88,145.56,76.72,1.0000,0.227441,0.159838,173.57,337.76,0.9764,0.271198,0.703674
1786703818.397497,21.635682,671,24.88,145.59,76.68,1.0000,0.227481,0.159754,173.56,337.87,0.9764,0.271182,0.703901
1786703818.428113,21.666297,672,24.88,145.63,76.78,1.0000,0.227541,0.159958,173.59,337.97,0.9762,0.271235,0.704100
1786703818.469074,21.707258,673,24.88,145.84,76.89,1.0000,0.227872,0.160186,173.66,337.93,0.9757,0.271351,0.704030
1786703818.509866,21.748050,674,24.88,145.79,76.90,1.0000,0.227795,0.160201,173.71,338.05,0.9760,0.271415,0.704267
1786703818.559559,21.797743,676,24.51,145.78,76.90,1.0000,0.227775,0.160209,173.68,337.91,0.9762,0.271373,0.703987
1786703818.621032,21.859216,678,24.51,145.75,77.00,1.0000,0.227731,0.160421,173.66,337.85,0.9760,0.271349,0.703858
1786703818.692948,21.931133,680,24.51,145.87,76.80,1.0000,0.227919,0.159991,173.67,338.10,0.9761,0.271356,0.704378
1786703818.724142,21.962326,681,24.51,145.92,76.91,1.0000,0.228002,0.160224,173.73,338.22,0.9759,0.271449,0.704631
1786703818.783797,22.021981,683,24.51,145.98,76.94,1.0000,0.228100,0.160292,173.73,338.29,0.9757,0.271448,0.704781
1786703818.819105,22.057289,684,24.51,146.02,76.93,1.0000,0.228150,0.160281,173.80,338.29,0.9757,0.271558,0.704778
1786703818.845929,22.084113,685,24.51,146.08,76.93,1.0000,0.228251,0.160277,173.78,338.27,0.9754,0.271535,0.704728
1786703818.880595,22.118779,686,24.51,146.14,76.88,1.0000,0.228340,0.160161,173.79,338.17,0.9753,0.271541,0.704522
1786703818.943197,22.181381,688,24.51,146.15,76.51,1.0000,0.228365,0.159393,173.79,338.20,0.9753,0.271541,0.704584
1786703818.975311,22.213495,689,24.51,146.16,76.32,1.0000,0.228370,0.159007,173.64,338.58,0.9743,0.271305,0.705366
1786703819.038390,22.276574,690,24.51,146.14,76.29,1.0000,0.228347,0.158944,173.65,338.30,0.9748,0.271327,0.704790
1786703819.070463,22.308647,691,24.51,146.11,76.57,1.0000,0.228298,0.159526,173.67,338.30,0.9751,0.271353,0.704792
1786703819.118352,22.356536,693,24.05,146.01,76.74,1.0000,0.228144,0.159875,173.66,338.20,0.9753,0.271346,0.704587
1786703819.150516,22.388700,694,24.05,146.00,76.81,1.0000,0.228119,0.160025,173.63,338.13,0.9756,0.271302,0.704434
1786703819.203128,22.441313,695,24.05,145.80,76.83,1.0000,0.227808,0.160062,173.77,338.02,0.9756,0.271514,0.704200
1786703819.248245,22.486429,697,24.05,145.70,76.83,1.0000,0.227661,0.160061,173.71,338.13,0.9757,0.271421,0.704445
1786703819.323375,22.561559,699,24.05,145.70,76.86,1.0000,0.227657,0.160121,173.71,338.16,0.9757,0.271415,0.704494
1786703819.381232,22.619416,701,24.05,145.94,76.86,1.0000,0.228036,0.160129,173.69,338.12,0.9756,0.271392,0.704410
1786703819.422507,22.660691,702,24.05,145.85,76.86,1.0000,0.227891,0.160131,173.68,338.12,0.9759,0.271370,0.704411
1786703819.452492,22.690677,703,24.05,145.85,76.91,1.0000,0.227897,0.160231,173.75,337.93,0.9759,0.271488,0.704027
1786703819.492071,22.730256,704,24.05,145.85,76.96,1.0000,0.227891,0.160338,173.73,337.90,0.9759,0.271459,0.703966
1786703819.521199,22.759383,705,24.05,145.79,76.96,1.0000,0.227802,0.160337,173.72,337.92,0.9762,0.271435,0.703994
1786703819.579378,22.817563,707,24.05,145.81,76.97,1.0000,0.227822,0.160351,173.71,337.92,0.9759,0.271427,0.704009
1786703819.611324,22.849508,708,24.05,146.00,76.97,1.0000,0.228120,0.160354,173.69,337.92,0.9759,0.271398,0.703991
1786703819.643130,22.881314,709,23.68,146.06,76.71,1.0000,0.228218,0.159818,173.60,337.96,0.9760,0.271245,0.704081
1786703819.722020,22.960204,711,23.68,146.15,76.83,1.0000,0.228364,0.160069,173.58,337.99,0.9761,0.271226,0.704143
1786703819.753642,22.991827,712,23.68,146.08,76.77,1.0000,0.228243,0.159938,173.62,337.95,0.9763,0.271285,0.704065
1786703819.826982,23.065166,714,23.68,146.32,76.74,1.0000,0.228629,0.159878,173.74,337.80,0.9760,0.271475,0.703747
1786703819.852029,23.090213,715,23.68,146.38,76.70,1.0000,0.228720,0.159796,173.70,337.81,0.9761,0.271411,0.703768
1786703819.879427,23.117611,716,23.68,146.38,76.65,1.0000,0.228718,0.159693,173.67,337.80,0.9761,0.271362,0.703757
1786703819.945205,23.183389,717,23.68,146.54,76.69,1.0000,0.228962,0.159771,173.67,337.80,0.9765,0.271360,0.703760
1786703819.966006,23.204190,718,23.68,147.21,76.87,1.0000,0.230022,0.160142,173.61,337.88,0.9767,0.271259,0.703917
1786703820.026748,23.264933,720,23.68,147.21,76.76,1.0000,0.230015,0.159921,173.59,338.09,0.9771,0.271242,0.704344
1786703820.046947,23.285131,721,23.68,147.22,76.77,1.0000,0.230030,0.159932,173.57,338.13,0.9768,0.271207,0.704428
1786703820.088523,23.326707,722,23.68,147.19,76.68,1.0000,0.229986,0.159760,173.56,338.05,0.9767,0.271189,0.704280
1786703820.160768,23.398952,724,23.68,147.58,76.70,1.0000,0.230601,0.159793,173.55,338.07,0.9765,0.271166,0.704321
1786703820.216581,23.454765,726,23.62,147.54,76.82,1.0000,0.230539,0.160041,173.53,338.07,0.9766,0.271141,0.704316
1786703820.257972,23.496156,727,23.62,147.45,76.80,1.0000,0.230398,0.160002,173.52,338.08,0.9767,0.271132,0.704323
1786703820.283971,23.522155,728,23.62,147.48,76.79,1.0000,0.230431,0.159976,173.51,338.06,0.9768,0.271106,0.704299
1786703820.309856,23.548040,729,23.62,147.48,76.78,1.0000,0.230434,0.159956,173.49,338.00,0.9769,0.271080,0.704172
1786703820.389055,23.627239,731,23.62,147.38,76.66,1.0000,0.230283,0.159719,173.46,338.03,0.9771,0.271034,0.704223
1786703820.450294,23.688478,733,23.62,147.26,76.63,1.0000,0.230086,0.159649,173.63,338.22,0.9768,0.271292,0.704633
1786703820.483176,23.721360,734,23.62,147.26,76.63,1.0000,0.230094,0.159654,173.63,338.24,0.9771,0.271299,0.704674
1786703820.507628,23.745812,735,23.62,147.28,76.79,1.0000,0.230118,0.159971,173.67,338.24,0.9769,0.271362,0.704666
1786703820.587037,23.825221,737,23.62,147.37,76.79,1.0000,0.230272,0.159975,173.68,338.01,0.9771,0.271369,0.704185
1786703820.619703,23.857887,738,23.62,147.42,76.77,1.0000,0.230344,0.159940,173.70,338.01,0.9769,0.271400,0.704189
1786703820.655931,23.894115,739,23.62,147.49,76.80,1.0000,0.230459,0.159994,173.67,338.06,0.9766,0.271366,0.704301
1786703820.682715,23.920899,740,23.62,147.52,76.80,1.0000,0.230493,0.160002,173.69,338.13,0.9759,0.271394,0.704431
1786703820.746079,23.984263,742,23.32,147.52,76.70,1.0000,0.230495,0.159785,173.73,338.08,0.9762,0.271449,0.704328
1786703820.777784,24.015969,743,23.32,147.44,76.55,1.0000,0.230382,0.159469,173.64,338.12,0.9762,0.271320,0.704407
1786703820.838999,24.077183,745,23.32,147.38,76.54,1.0000,0.230285,0.159463,173.66,338.15,0.9760,0.271342,0.704487
1786703820.905492,24.143677,746,23.32,147.39,76.78,1.0000,0.230292,0.159965,173.74,338.02,0.9753,0.271462,0.704218
1786703820.936333,24.174518,748,23.32,147.40,76.76,1.0000,0.230308,0.159907,173.70,337.87,0.9753,0.271409,0.703897
1786703820.983485,24.221669,749,23.32,147.40,76.68,1.0000,0.230310,0.159759,173.73,337.84,0.9755,0.271449,0.703825
1786703821.012592,24.250777,750,23.32,147.40,76.82,1.0000,0.230307,0.160039,173.74,337.84,0.9757,0.271466,0.703829
1786703821.060493,24.298678,751,23.32,147.38,76.82,1.0000,0.230285,0.160034,173.74,337.75,0.9760,0.271470,0.703653
1786703821.124229,24.362413,753,23.32,147.38,76.82,1.0000,0.230285,0.160033,173.74,337.82,0.9761,0.271463,0.703791
1786703821.171794,24.409979,755,23.32,147.53,76.93,1.0000,0.230519,0.160273,173.70,337.84,0.9762,0.271410,0.703842
1786703821.243525,24.481709,756,23.32,147.50,76.97,1.0000,0.230465,0.160355,173.71,338.02,0.9763,0.271429,0.704210
1786703821.256230,24.494415,757,22.74,147.46,76.97,1.0000,0.230400,0.160360,173.67,338.02,0.9765,0.271363,0.704199
1786703821.315266,24.553450,759,22.74,147.49,76.97,1.0000,0.230454,0.160363,173.61,337.74,0.9763,0.271263,0.703633
1786703821.367483,24.605667,760,22.74,147.49,76.90,1.0000,0.230453,0.160214,173.56,337.76,0.9760,0.271191,0.703669
1786703821.384622,24.622806,761,22.74,147.48,76.84,1.0000,0.230441,0.160079,173.57,337.75,0.9763,0.271208,0.703641
1786703821.484048,24.722232,764,22.74,147.45,76.84,1.0000,0.230398,0.160077,173.56,337.73,0.9766,0.271188,0.703608
1786703821.533338,24.771522,765,22.74,147.40,76.57,1.0000,0.230316,0.159529,173.59,337.61,0.9765,0.271235,0.703345
1786703821.556212,24.794396,766,22.74,147.41,76.60,1.0000,0.230336,0.159574,173.71,337.61,0.9755,0.271418,0.703359
1786703821.588153,24.826338,767,22.74,147.57,76.60,1.0000,0.230572,0.159594,173.89,337.76,0.9751,0.271696,0.703671
1786703821.668275,24.906459,769,22.74,147.75,76.51,1.0000,0.230858,0.159401,173.98,337.90,0.9743,0.271839,0.703960
1786703821.715241,24.953426,771,22.74,147.74,76.51,1.0000,0.230837,0.159401,173.92,337.91,0.9740,0.271746,0.703984
1786703821.758596,24.996781,772,22.74,147.93,76.35,1.0000,0.231146,0.159057,173.93,337.91,0.9743,0.271763,0.703986
1786703821.785303,25.023487,773,22.34,148.05,76.37,1.0000,0.231331,0.159098,173.92,337.86,0.9746,0.271755,0.703868
1786703821.820994,25.059178,774,22.34,148.00,76.30,1.0000,0.231242,0.158952,173.86,337.59,0.9748,0.271664,0.703307
1786703821.889466,25.127650,776,22.34,147.95,76.31,1.0000,0.231168,0.158976,173.90,337.65,0.9749,0.271716,0.703436
1786703821.918133,25.156317,777,22.34,147.98,76.31,1.0000,0.231218,0.158970,173.91,337.64,0.9750,0.271734,0.703424
1786703821.953577,25.191761,778,22.34,147.94,76.28,1.0000,0.231151,0.158913,173.93,337.68,0.9738,0.271769,0.703502
1786703821.980191,25.218375,779,22.34,148.00,76.27,1.0000,0.231255,0.158901,173.95,337.76,0.9733,0.271802,0.703663
1786703822.021878,25.260062,780,22.34,148.06,76.27,1.0000,0.231337,0.158904,173.93,337.70,0.9735,0.271773,0.703533
1786703822.055157,25.293342,781,22.34,148.17,76.28,1.0000,0.231522,0.158915,173.91,337.66,0.9738,0.271735,0.703467
1786703822.124316,25.362500,783,22.34,148.17,76.31,1.0000,0.231521,0.158983,173.92,337.78,0.9739,0.271750,0.703709
1786703822.163157,25.401341,784,22.34,148.18,76.44,1.0000,0.231527,0.159249,173.85,337.71,0.9744,0.271642,0.703565
1786703822.188651,25.426835,785,22.34,148.17,76.52,1.0000,0.231521,0.159420,173.74,337.73,0.9743,0.271464,0.703608
1786703822.217381,25.455565,786,22.34,148.23,76.61,1.0000,0.231602,0.159600,173.73,337.73,0.9740,0.271452,0.703610
1786703822.262436,25.500620,787,22.34,148.22,76.51,1.0000,0.231587,0.159406,173.73,337.79,0.9738,0.271447,0.703737
1786703822.315400,25.553584,789,22.98,148.23,76.49,1.0000,0.231612,0.159363,173.66,337.79,0.9742,0.271340,0.703727
1786703822.352837,25.591021,790,22.98,148.25,76.50,1.0000,0.231639,0.159369,173.65,337.80,0.9747,0.271334,0.703746
1786703822.383164,25.621348,791,22.98,148.00,76.41,1.0000,0.231255,0.159196,173.68,337.81,0.9747,0.271373,0.703761
1786703822.432597,25.670781,792,22.98,148.04,76.42,1.0000,0.231310,0.159216,173.73,337.80,0.9742,0.271449,0.703760
1786703822.466377,25.704561,793,22.98,148.04,76.43,1.0000,0.231313,0.159232,173.76,337.77,0.9738,0.271500,0.703678
1786703822.531913,25.770097,795,22.98,148.04,76.50,1.0000,0.231312,0.159369,173.77,337.75,0.9740,0.271515,0.703656
1786703822.561083,25.799267,796,22.98,148.06,76.53,1.0000,0.231345,0.159429,173.84,337.74,0.9742,0.271620,0.703617
1786703822.591803,25.829988,797,22.98,148.02,76.52,1.0000,0.231279,0.159415,173.86,337.47,0.9746,0.271657,0.703068
1786703822.651469,25.889653,799,22.98,148.02,76.59,1.0000,0.231287,0.159572,173.85,337.50,0.9749,0.271648,0.703124
1786703822.697891,25.936075,800,22.98,148.02,76.60,1.0000,0.231288,0.159580,173.80,337.55,0.9749,0.271569,0.703221
1786703822.756548,25.994733,802,22.98,148.05,77.02,1.0000,0.231329,0.160456,173.78,337.69,0.9752,0.271538,0.703521
1786703822.798140,26.036324,803,22.98,148.14,77.01,1.0000,0.231465,0.160447,173.78,337.72,0.9750,0.271524,0.703588
1786703822.829349,26.067533,804,22.92,148.14,76.94,1.0000,0.231468,0.160282,173.75,337.75,0.9753,0.271489,0.703649
1786703822.884978,26.123162,806,22.92,148.16,76.94,1.0000,0.231502,0.160283,173.75,337.75,0.9756,0.271489,0.703650
1786703822.940696,26.178880,807,22.92,148.04,76.93,1.0000,0.231310,0.160270,173.77,337.65,0.9755,0.271509,0.703432
1786703822.972789,26.210973,808,22.92,148.03,76.93,1.0000,0.231298,0.160268,173.78,337.67,0.9758,0.271531,0.703470
1786703822.988740,26.226924,809,22.92,147.95,76.94,1.0000,0.231176,0.160290,173.74,337.85,0.9758,0.271462,0.703863
1786703823.036839,26.275024,810,22.92,147.80,76.94,1.0000,0.230936,0.160290,173.73,337.81,0.9759,0.271454,0.703774
1786703823.051193,26.289377,811,22.92,147.79,76.90,1.0000,0.230918,0.160204,173.74,337.89,0.9761,0.271468,0.703935
1786703823.118659,26.356843,813,22.92,147.70,76.60,1.0000,0.230777,0.159586,173.68,338.08,0.9755,0.271382,0.704326
1786703823.193974,26.432158,815,22.92,148.02,76.69,1.0000,0.231283,0.159780,173.78,337.93,0.9752,0.271525,0.704013
1786703823.223679,26.461863,816,22.92,147.91,76.59,1.0000,0.231109,0.159567,173.76,337.91,0.9758,0.271496,0.703975
1786703823.265019,26.503203,817,22.92,147.92,76.70,1.0000,0.231125,0.159788,173.75,337.77,0.9757,0.271488,0.703683
1786703823.314090,26.552274,819,22.92,147.92,76.83,1.0000,0.231118,0.160069,173.73,337.82,0.9758,0.271460,0.703789
1786703823.367681,26.605865,820,22.96,147.87,76.83,1.0000,0.231049,0.160060,173.76,337.79,0.9760,0.271496,0.703726
1786703823.398747,26.636931,821,22.96,147.87,76.83,1.0000,0.231045,0.160054,173.76,337.72,0.9755,0.271494,0.703591
1786703823.433086,26.671270,822,22.96,147.87,76.82,1.0000,0.231040,0.160035,173.81,337.62,0.9753,0.271583,0.703381
1786703823.485682,26.723866,824,22.96,147.68,76.83,1.0000,0.230749,0.160061,173.82,337.52,0.9746,0.271592,0.703162
1786703823.530105,26.768289,825,22.96,147.68,76.69,1.0000,0.230753,0.159780,173.86,337.52,0.9743,0.271656,0.703176
1786703823.557966,26.796150,826,22.96,147.68,76.67,1.0000,0.230747,0.159732,173.95,337.49,0.9743,0.271791,0.703099
1786703823.618633,26.856817,828,22.96,147.68,76.66,1.0000,0.230756,0.159713,174.04,337.51,0.9741,0.271941,0.703141
1786703823.651330,26.889515,829,22.96,147.69,76.53,1.0000,0.230765,0.159432,174.06,337.52,0.9740,0.271969,0.703175
1786703823.708586,26.946770,830,22.96,147.69,76.52,1.0000,0.230768,0.159420,174.07,337.57,0.9743,0.271980,0.703269
1786703823.722177,26.960361,831,22.96,147.63,76.59,1.0000,0.230664,0.159570,174.05,337.54,0.9747,0.271947,0.703216
1786703823.756340,26.994524,832,22.96,147.72,76.59,1.0000,0.230811,0.159558,173.94,337.59,0.9749,0.271782,0.703312
1786703823.818085,27.056270,834,22.96,147.99,76.51,1.0000,0.231228,0.159405,173.95,337.68,0.9748,0.271795,0.703500
1786703823.854735,27.092920,835,23.16,148.10,76.45,1.0000,0.231405,0.159271,173.95,337.58,0.9744,0.271804,0.703282
1786703823.890835,27.129019,836,23.16,147.91,76.45,1.0000,0.231113,0.159267,173.95,337.58,0.9744,0.271796,0.703299
1786703823.950941,27.189125,838,23.16,148.15,76.45,1.0000,0.231481,0.159263,173.97,337.85,0.9736,0.271827,0.703848
1786703823.980106,27.218290,839,23.16,148.27,76.31,1.0000,0.231676,0.158970,174.10,337.74,0.9733,0.272029,0.703617
1786703824.030124,27.268309,840,23.16,148.30,76.47,1.0000,0.231712,0.159321,174.09,337.69,0.9732,0.272022,0.703521
1786703824.085699,27.323883,842,23.16,148.53,76.43,1.0000,0.232075,0.159240,174.28,337.71,0.9732,0.272309,0.703566
1786703824.119147,27.357331,843,23.16,148.50,76.43,1.0000,0.232028,0.159225,174.27,337.75,0.9734,0.272292,0.703641
1786703824.209322,27.447506,845,23.16,148.51,76.42,1.0000,0.232047,0.159207,174.28,337.92,0.9733,0.272318,0.703991
1786703824.232755,27.470939,846,23.16,148.67,76.42,1.0000,0.232292,0.159203,174.30,337.91,0.9727,0.272348,0.703987
1786703824.288253,27.526437,848,23.16,148.29,76.42,1.0000,0.231706,0.159199,174.32,337.89,0.9728,0.272371,0.703936
1786703824.335691,27.573875,849,23.16,148.35,76.38,1.0000,0.231798,0.159118,174.29,337.89,0.9728,0.272333,0.703932
1786703824.375123,27.613307,850,23.16,148.39,76.37,1.0000,0.231860,0.159103,174.18,337.99,0.9735,0.272159,0.704145
1786703824.393375,27.631559,851,22.98,148.44,76.37,1.0000,0.231944,0.159099,174.12,338.04,0.9740,0.272062,0.704254
1786703824.450891,27.689075,853,22.98,148.53,76.44,1.0000,0.232078,0.159251,174.02,338.11,0.9746,0.271909,0.704395
1786703824.492390,27.730574,854,22.98,148.66,76.46,1.0000,0.232279,0.159301,174.03,338.11,0.9744,0.271924,0.704390
1786703824.523090,27.761274,855,22.98,148.67,76.55,1.0000,0.232293,0.159474,173.98,338.07,0.9744,0.271839,0.704307
1786703824.551338,27.789522,856,22.98,148.84,76.54,1.0000,0.232568,0.159464,173.96,338.11,0.9744,0.271816,0.704394
1786703824.582220,27.820404,857,22.98,148.96,76.54,1.0000,0.232748,0.159466,174.00,338.12,0.9739,0.271871,0.704426
1786703824.620050,27.858234,858,22.98,148.96,76.55,1.0000,0.232752,0.159477,174.05,338.09,0.9735,0.271957,0.704352
1786703824.699196,27.937380,860,22.98,149.00,76.49,1.0000,0.232806,0.159363,174.28,337.70,0.9739,0.272307,0.703539
1786703824.749901,27.988086,862,22.98,149.07,76.51,1.0000,0.232922,0.159393,174.27,337.72,0.9735,0.272295,0.703587
1786703824.806647,28.044831,863,22.98,149.00,76.70,1.0000,0.232817,0.159783,174.22,337.81,0.9737,0.272220,0.703762
1786703824.820435,28.058619,864,22.98,148.95,76.57,1.0000,0.232728,0.159520,174.33,337.65,0.9738,0.272392,0.703438
1786703824.880898,28.119082,866,22.98,148.83,76.54,1.0000,0.232549,0.159459,174.24,337.83,0.9735,0.272245,0.703817
1786703824.920346,28.158530,867,22.78,148.71,76.56,1.0000,0.232361,0.159490,174.13,337.90,0.9732,0.272082,0.703953
1786703824.979837,28.218021,869,22.78,148.82,76.50,1.0000,0.232528,0.159366,174.15,337.89,0.9733,0.272117,0.703935
1786703825.020943,28.259128,870,22.78,148.82,76.50,1.0000,0.232536,0.159373,174.16,337.82,0.9733,0.272130,0.703787
1786703825.041403,28.279588,871,22.78,148.83,76.67,1.0000,0.232541,0.159720,174.15,337.80,0.9735,0.272114,0.703758
1786703825.113760,28.351945,873,22.78,148.78,76.45,1.0000,0.232466,0.159268,174.21,337.72,0.9739,0.272211,0.703589
1786703825.144492,28.382677,874,22.78,148.76,76.52,1.0000,0.232433,0.159427,174.12,337.74,0.9741,0.272056,0.703625
1786703825.185837,28.424021,875,22.78,148.75,76.76,1.0000,0.232421,0.159911,174.11,337.87,0.9737,0.272043,0.703904
1786703825.216966,28.455150,876,22.78,148.88,76.76,1.0000,0.232625,0.159911,174.02,337.95,0.9736,0.271911,0.704053
1786703825.255851,28.494035,877,22.78,148.89,76.81,1.0000,0.232638,0.160025,174.04,337.98,0.9732,0.271938,0.704120
1786703825.320702,28.558886,879,22.78,148.87,76.81,1.0000,0.232612,0.160026,174.01,338.05,0.9724,0.271896,0.704269
1786703825.356785,28.594969,880,22.78,148.76,76.83,1.0000,0.232431,0.160065,174.02,338.04,0.9726,0.271903,0.704250
1786703825.391701,28.629886,881,22.78,148.76,76.80,1.0000,0.232432,0.159993,174.05,338.04,0.9721,0.271959,0.704251
1786703825.450261,28.688446,883,22.78,148.77,76.86,1.0000,0.232461,0.160116,174.08,337.95,0.9721,0.271998,0.704064
1786703825.499838,28.738023,884,23.07,148.78,76.85,1.0000,0.232470,0.160107,174.05,337.84,0.9719,0.271957,0.703837
1786703825.525536,28.763720,885,23.07,148.77,76.86,1.0000,0.232459,0.160131,173.95,337.77,0.9726,0.271797,0.703685
1786703825.554244,28.792428,886,23.07,148.74,76.85,1.0000,0.232407,0.160112,173.91,337.68,0.9731,0.271737,0.703490
1786703825.617025,28.855209,888,23.07,148.87,76.85,1.0000,0.232617,0.160112,174.01,337.65,0.9729,0.271883,0.703433
1786703825.664333,28.902517,889,23.07,148.79,76.85,1.0000,0.232478,0.160113,173.92,337.94,0.9735,0.271745,0.704041
1786703825.697909,28.936093,890,23.07,148.79,76.85,1.0000,0.232483,0.160110,173.90,337.92,0.9740,0.271713,0.703998
1786703825.731161,28.969345,891,23.07,148.75,76.80,1.0000,0.232414,0.160004,173.86,337.95,0.9742,0.271650,0.704061
1786703825.746698,28.984883,892,23.07,148.67,76.72,1.0000,0.232295,0.159843,173.88,337.92,0.9743,0.271695,0.704002
1786703825.778967,29.017151,893,23.07,148.68,76.68,1.0000,0.232306,0.159749,174.05,337.92,0.9739,0.271958,0.703993
1786703825.829442,29.067626,894,23.07,148.68,76.71,1.0000,0.232307,0.159806,174.08,337.79,0.9745,0.271996,0.703738
1786703825.877297,29.115481,896,23.07,148.61,76.70,1.0000,0.232202,0.159790,174.17,337.84,0.9743,0.272134,0.703826
1786703825.922510,29.160694,897,23.07,148.65,76.91,1.0000,0.232266,0.160239,174.16,337.80,0.9747,0.272123,0.703760
1786703826.011876,29.250060,900,23.07,148.82,76.92,1.0000,0.232533,0.160257,174.09,337.57,0.9751,0.272019,0.703278
1786703826.059827,29.298011,901,23.24,148.77,77.05,1.0000,0.232453,0.160523,174.00,337.61,0.9751,0.271868,0.703350
1786703826.087660,29.325844,902,23.24,148.76,77.03,1.0000,0.232434,0.160478,174.02,337.65,0.9748,0.271900,0.703431
1786703826.117356,29.355540,903,23.24,148.76,77.00,1.0000,0.232433,0.160414,173.95,337.68,0.9750,0.271801,0.703490
1786703826.151397,29.389582,904,23.24,148.79,76.98,1.0000,0.232480,0.160379,173.97,337.74,0.9750,0.271831,0.703626
1786703826.179075,29.417259,905,23.24,148.77,77.01,1.0000,0.232457,0.160430,173.94,337.73,0.9756,0.271783,0.703599
1786703826.214140,29.452324,906,23.24,148.77,76.83,1.0000,0.232457,0.160072,173.93,337.72,0.9758,0.271759,0.703582
1786703826.248893,29.487077,907,23.24,148.77,76.82,1.0000,0.232457,0.160038,173.98,337.74,0.9753,0.271839,0.703627
1786703826.280679,29.518863,908,23.24,148.77,76.77,1.0000,0.232454,0.159942,173.97,337.93,0.9747,0.271831,0.704025
1786703826.317960,29.556144,909,23.24,148.77,76.87,1.0000,0.232456,0.160152,173.98,337.89,0.9747,0.271845,0.703932
1786703826.345825,29.584009,910,23.24,147.96,76.86,1.0000,0.231190,0.160126,173.99,337.96,0.9750,0.271859,0.704088
1786703826.380448,29.618632,911,23.24,147.97,76.74,1.0000,0.231203,0.159880,174.00,337.96,0.9745,0.271872,0.704075
1786703826.424871,29.663055,912,23.24,148.01,76.76,1.0000,0.231259,0.159907,173.98,337.84,0.9741,0.271849,0.703839
1786703826.466755,29.704939,913,23.24,148.01,76.95,1.0000,0.231271,0.160319,173.97,337.68,0.9746,0.271828,0.703502
1786703826.521420,29.759604,915,23.77,148.02,77.04,1.0000,0.231274,0.160509,174.03,337.77,0.9745,0.271928,0.703685
1786703826.561141,29.799325,916,23.77,148.00,77.09,1.0000,0.231255,0.160603,174.03,337.76,0.9750,0.271915,0.703664
1786703826.586863,29.825047,917,23.77,148.03,77.07,1.0000,0.231298,0.160554,174.01,337.80,0.9751,0.271889,0.703747
1786703826.620735,29.858919,918,23.77,148.03,77.05,1.0000,0.231304,0.160527,174.00,337.81,0.9749,0.271883,0.703776
1786703826.686661,29.924846,920,23.77,147.74,76.99,1.0000,0.230845,0.160394,173.94,337.67,0.9748,0.271777,0.703484
1786703826.718323,29.956507,921,23.77,147.68,76.99,1.0000,0.230748,0.160400,173.94,337.66,0.9751,0.271776,0.703459
1786703826.786888,30.025072,922,23.77,147.64,77.06,1.0000,0.230684,0.160543,173.94,337.81,0.9750,0.271777,0.703772
1786703826.822086,30.060270,924,23.77,147.57,77.14,1.0000,0.230577,0.160710,173.94,337.79,0.9744,0.271775,0.703726
1786703826.853869,30.092053,925,23.77,147.55,77.23,1.0000,0.230552,0.160893,173.87,337.71,0.9742,0.271670,0.703558
1786703826.881644,30.119828,926,23.77,147.56,77.22,1.0000,0.230558,0.160869,173.86,337.69,0.9739,0.271660,0.703514
1786703826.916379,30.154563,927,23.77,147.57,76.97,1.0000,0.230577,0.160353,173.86,337.64,0.9741,0.271659,0.703423
1786703826.949891,30.188076,928,23.77,147.52,76.96,1.0000,0.230500,0.160339,173.83,337.58,0.9741,0.271616,0.703283
1786703826.992035,30.230219,929,23.77,147.36,76.95,1.0000,0.230243,0.160313,173.78,337.67,0.9738,0.271525,0.703489
1786703827.054856,30.293040,931,24.18,147.33,76.84,1.0000,0.230197,0.160084,173.76,337.68,0.9740,0.271497,0.703499
1786703827.090693,30.328878,932,24.18,147.13,76.83,1.0000,0.229895,0.160073,173.70,337.83,0.9741,0.271408,0.703821
1786703827.110046,30.348231,933,24.18,147.13,76.60,1.0000,0.229894,0.159574,173.67,337.84,0.9743,0.271363,0.703842
1786703827.159252,30.397436,934,24.18,147.14,76.53,1.0000,0.229909,0.159448,173.66,337.90,0.9744,0.271345,0.703958
1786703827.220790,30.458975,936,24.18,147.19,76.45,1.0000,0.229988,0.159271,173.71,337.79,0.9739,0.271425,0.703719
1786703827.248671,30.486855,937,24.18,147.20,76.42,1.0000,0.230004,0.159218,173.64,337.78,0.9741,0.271313,0.703707
1786703827.315915,30.554099,939,24.18,147.09,76.44,1.0000,0.229830,0.159259,173.64,337.76,0.9744,0.271310,0.703661
1786703827.362297,30.600481,940,24.18,146.55,76.45,1.0000,0.228985,0.159264,173.60,337.76,0.9746,0.271252,0.703656
1786703827.381560,30.619745,941,24.18,146.56,76.43,1.0000,0.229003,0.159220,173.60,337.72,0.9748,0.271258,0.703593
1786703827.423754,30.661938,942,24.18,146.43,76.44,1.0000,0.228799,0.159253,173.58,337.71,0.9748,0.271220,0.703555
1786703827.486617,30.724801,944,24.18,146.45,76.61,1.0000,0.228830,0.159607,173.60,337.71,0.9752,0.271250,0.703562
1786703827.514597,30.752781,945,23.59,146.45,76.62,1.0000,0.228835,0.159628,173.78,337.72,0.9746,0.271536,0.703582
1786703827.589151,30.827335,947,23.59,146.55,76.61,1.0000,0.228989,0.159613,173.79,337.75,0.9746,0.271552,0.703644
1786703827.616453,30.854637,948,23.59,146.63,76.62,1.0000,0.229112,0.159629,173.78,337.86,0.9746,0.271532,0.703874
1786703827.647437,30.885621,949,23.59,146.64,76.64,1.0000,0.229121,0.159669,173.74,337.50,0.9741,0.271463,0.703135
1786703827.715083,30.953267,951,23.59,146.64,76.64,1.0000,0.229127,0.159670,173.77,337.52,0.9738,0.271515,0.703168
1786703827.751091,30.989275,952,23.59,146.72,76.66,1.0000,0.229243,0.159707,173.76,337.53,0.9736,0.271507,0.703179
1786703827.781931,31.020115,953,23.59,146.72,76.68,1.0000,0.229248,0.159753,173.74,337.55,0.9735,0.271464,0.703231
1786703827.812784,31.050968,954,23.59,146.70,76.68,1.0000,0.229226,0.159755,173.77,337.55,0.9740,0.271515,0.703221
1786703827.843923,31.082107,955,23.59,146.74,76.68,1.0000,0.229280,0.159750,173.82,337.46,0.9743,0.271601,0.703036
1786703827.920621,31.158806,957,23.59,146.81,76.72,1.0000,0.229395,0.159836,173.83,337.35,0.9739,0.271609,0.702823
1786703827.949033,31.187218,958,23.59,146.85,76.72,1.0000,0.229455,0.159839,173.80,337.47,0.9740,0.271568,0.703054
1786703827.986728,31.224913,959,23.59,147.06,76.79,1.0000,0.229777,0.159970,173.77,337.48,0.9738,0.271522,0.703089
1786703828.063008,31.301192,961,23.63,147.05,76.80,1.0000,0.229766,0.159998,173.73,337.65,0.9734,0.271460,0.703438
1786703828.091760,31.329944,962,23.63,147.09,76.92,1.0000,0.229832,0.160248,173.80,337.68,0.9733,0.271560,0.703507
1786703828.116544,31.354729,963,23.63,147.14,77.00,1.0000,0.229904,0.160411,173.84,337.56,0.9736,0.271632,0.703259
1786703828.181469,31.419653,965,23.63,147.14,77.00,1.0000,0.229909,0.160417,173.82,337.74,0.9736,0.271593,0.703618
1786703828.251273,31.489458,967,23.63,147.39,77.26,1.0000,0.230301,0.160963,173.79,337.75,0.9733,0.271552,0.703655
1786703828.300377,31.538561,968,23.63,147.38,77.12,1.0000,0.230285,0.160666,173.77,337.76,0.9732,0.271517,0.703666
1786703828.315458,31.553642,969,23.63,147.38,77.12,1.0000,0.230287,0.160657,173.77,337.74,0.9735,0.271521,0.703619
1786703828.355807,31.593991,970,23.63,147.38,77.12,1.0000,0.230288,0.160659,173.77,337.72,0.9738,0.271515,0.703580
1786703828.417933,31.656117,972,23.63,147.43,77.23,1.0000,0.230355,0.160897,173.72,337.70,0.9741,0.271433,0.703540
1786703828.461478,31.699663,973,23.63,147.46,77.36,1.0000,0.230406,0.161170,173.73,337.53,0.9740,0.271452,0.703180
1786703828.477274,31.715458,974,23.63,147.46,77.39,1.0000,0.230411,0.161231,173.72,337.55,0.9742,0.271439,0.703235
1786703828.525064,31.763248,975,23.63,147.46,77.38,1.0000,0.230410,0.161218,173.80,337.58,0.9740,0.271562,0.703286
1786703828.551617,31.789801,976,23.70,147.50,77.35,1.0000,0.230475,0.161154,173.78,337.57,0.9743,0.271537,0.703266
1786703828.591208,31.829392,977,23.70,147.60,77.44,1.0000,0.230630,0.161326,173.65,337.56,0.9743,0.271336,0.703257
1786703828.625561,31.863745,978,23.70,147.60,77.52,1.0000,0.230623,0.161497,173.66,337.49,0.9744,0.271339,0.703104
1786703828.687997,31.926181,980,23.70,147.58,77.47,1.0000,0.230590,0.161399,173.69,337.46,0.9747,0.271396,0.703044
1786703828.750550,31.988734,982,23.70,147.55,77.54,1.0000,0.230545,0.161546,173.71,337.41,0.9751,0.271426,0.702941
1786703828.792161,32.030345,983,23.70,147.54,77.48,1.0000,0.230532,0.161422,173.72,337.50,0.9747,0.271433,0.703127
1786703828.827156,32.065340,984,23.70,147.48,77.41,1.0000,0.230433,0.161262,173.71,337.26,0.9745,0.271428,0.702631
1786703828.861595,32.099779,985,23.70,147.48,77.29,1.0000,0.230432,0.161031,173.66,337.38,0.9745,0.271344,0.702873
1786703828.890130,32.128314,986,23.70,147.53,77.31,1.0000,0.230512,0.161071,173.64,337.44,0.9746,0.271307,0.703000
1786703828.953295,32.191480,988,23.70,147.54,77.32,1.0000,0.230525,0.161079,173.58,337.41,0.9748,0.271221,0.702944
1786703828.979729,32.217913,989,23.70,147.48,77.29,1.0000,0.230438,0.161028,173.50,337.76,0.9749,0.271100,0.703665
1786703829.059780,32.297964,991,23.70,147.45,77.30,1.0000,0.230396,0.161043,173.52,337.69,0.9750,0.271132,0.703516
1786703829.098701,32.336885,992,23.36,147.45,77.32,1.0000,0.230394,0.161090,173.55,337.61,0.9751,0.271171,0.703355
1786703829.116588,32.354772,993,23.36,147.46,77.34,1.0000,0.230406,0.161127,173.52,337.60,0.9747,0.271124,0.703338
1786703829.185972,32.424156,995,23.36,147.48,77.22,1.0000,0.230430,0.160880,173.62,337.68,0.9741,0.271287,0.703493
1786703829.256436,32.494620,997,23.36,147.40,77.23,1.0000,0.230312,0.160887,173.67,337.63,0.9740,0.271366,0.703397
1786703829.285206,32.523390,998,23.36,147.26,77.11,1.0000,0.230092,0.160653,173.95,337.61,0.9741,0.271796,0.703346
1786703829.349804,32.587988,999,23.36,147.26,77.11,1.0000,0.230098,0.160638,173.91,337.70,0.9745,0.271736,0.703543
1786703829.361660,32.599844,1000,23.36,147.46,77.13,1.0000,0.230412,0.160677,173.87,337.74,0.9746,0.271665,0.703634
1786703829.417598,32.655782,1002,23.36,147.76,77.34,1.0000,0.230882,0.161131,173.90,337.74,0.9743,0.271712,0.703632
1786703829.459283,32.697467,1003,23.36,147.87,77.34,1.0000,0.231045,0.161125,173.78,337.66,0.9745,0.271530,0.703466
1786703829.493010,32.731194,1004,23.36,147.88,77.18,1.0000,0.231058,0.160782,173.86,337.60,0.9744,0.271663,0.703326
1786703829.551396,32.789581,1006,23.36,148.12,77.20,1.0000,0.231440,0.160831,173.83,337.65,0.9744,0.271616,0.703436
1786703829.587230,32.825414,1007,23.36,148.12,77.23,1.0000,0.231437,0.160906,173.83,337.62,0.9748,0.271609,0.703384
1786703829.625195,32.863379,1008,23.37,148.12,77.23,1.0000,0.231431,0.160890,173.84,337.67,0.9745,0.271621,0.703478
1786703829.653643,32.891828,1009,23.37,148.07,77.09,1.0000,0.231357,0.160607,173.91,337.55,0.9746,0.271730,0.703235
1786703829.687700,32.925884,1010,23.37,148.06,76.93,1.0000,0.231338,0.160266,173.91,337.64,0.9747,0.271732,0.703425
1786703829.718550,32.956734,1011,23.37,148.04,77.00,1.0000,0.231320,0.160415,173.95,337.65,0.9746,0.271796,0.703442
1786703829.754057,32.992241,1012,23.37,148.00,76.98,1.0000,0.231249,0.160378,173.87,337.67,0.9749,0.271673,0.703483
1786703829.806223,33.044407,1014,23.37,148.00,77.00,1.0000,0.231246,0.160408,173.97,337.65,0.9748,0.271834,0.703445
1786703829.847772,33.085957,1015,23.37,148.07,77.31,1.0000,0.231367,0.161055,174.13,337.72,0.9740,0.272071,0.703573
1786703829.878615,33.116800,1016,23.37,148.08,77.37,1.0000,0.231375,0.161186,174.13,337.75,0.9742,0.272082,0.703639
1786703829.960784,33.198968,1017,23.37,148.09,77.65,1.0000,0.231390,0.161773,174.12,337.88,0.9740,0.272066,0.703926
1786703829.963505,33.201689,1018,23.37,148.09,77.63,1.0000,0.231393,0.161737,174.05,337.93,0.9746,0.271956,0.704020
1786703830.005113,33.243297,1020,23.37,148.08,77.62,1.0000,0.231380,0.161703,174.03,337.73,0.9749,0.271919,0.703600
1786703830.064115,33.302299,1021,23.37,148.26,77.54,1.0000,0.231655,0.161541,174.03,337.76,0.9742,0.271917,0.703665
1786703830.074562,33.312746,1022,23.37,148.27,77.58,1.0000,0.231667,0.161617,173.98,337.71,0.9741,0.271851,0.703560
1786703830.138036,33.376220,1024,23.67,148.22,77.39,1.0000,0.231594,0.161221,173.95,337.65,0.9743,0.271791,0.703438
1786703830.179268,33.417452,1025,23.67,148.01,77.12,1.0000,0.231270,0.160665,173.94,337.61,0.9749,0.271777,0.703358
1786703830.211272,33.449457,1026,23.67,148.24,77.16,1.0000,0.231630,0.160757,173.96,337.73,0.9748,0.271805,0.703607
1786703830.243057,33.481242,1027,23.67,148.08,76.95,1.0000,0.231375,0.160309,173.94,337.54,0.9749,0.271783,0.703216
1786703830.306563,33.544747,1029,23.67,147.98,76.88,1.0000,0.231219,0.160156,174.03,337.55,0.9746,0.271915,0.703227
1786703830.370285,33.608469,1030,23.67,147.93,76.87,1.0000,0.231147,0.160151,173.81,337.72,0.9750,0.271575,0.703579
1786703830.418909,33.657093,1032,23.67,147.80,76.76,1.0000,0.230941,0.159925,173.80,337.63,0.9750,0.271570,0.703400
1786703830.444772,33.682956,1033,23.67,147.80,76.77,1.0000,0.230933,0.159929,173.71,337.73,0.9752,0.271421,0.703599
1786703830.492675,33.730859,1034,23.67,147.79,76.84,1.0000,0.230926,0.160074,173.70,337.82,0.9754,0.271399,0.703800
1786703830.508518,33.746702,1035,23.67,147.49,76.70,1.0000,0.230454,0.159788,173.69,337.82,0.9759,0.271389,0.703800
1786703830.555347,33.793531,1036,23.67,147.49,76.69,1.0000,0.230448,0.159771,173.81,337.86,0.9754,0.271580,0.703867
1786703830.615713,33.853898,1037,23.67,147.47,76.72,1.0000,0.230420,0.159824,173.79,337.84,0.9760,0.271546,0.703832
1786703830.631894,33.870078,1038,23.58,147.47,76.60,1.0000,0.230421,0.159579,173.85,337.78,0.9760,0.271643,0.703716
1786703830.695930,33.934115,1040,23.58,147.44,76.70,1.0000,0.230375,0.159794,173.83,337.71,0.9763,0.271616,0.703568
1786703830.727704,33.965888,1041,23.58,147.45,76.57,1.0000,0.230387,0.159531,173.75,337.83,0.9760,0.271486,0.703813
1786703830.775564,34.013748,1043,23.58,147.44,76.71,1.0000,0.230382,0.159802,173.68,337.96,0.9760,0.271375,0.704081
1786703830.824466,34.062651,1044,23.58,146.95,76.31,1.0000,0.229607,0.158985,173.78,338.00,0.9755,0.271535,0.704157
1786703830.855508,34.093692,1045,23.58,146.93,76.28,1.0000,0.229576,0.158927,173.72,337.83,0.9757,0.271437,0.703806
1786703830.887229,34.125413,1046,23.58,146.91,76.13,1.0000,0.229549,0.158607,173.68,337.85,0.9757,0.271377,0.703845
1786703830.960521,34.198705,1048,23.58,146.76,76.28,1.0000,0.229314,0.158914,173.74,337.69,0.9756,0.271461,0.703516
1786703830.992224,34.230408,1049,23.58,146.78,76.18,1.0000,0.229345,0.158716,173.74,337.66,0.9757,0.271476,0.703465
1786703831.040626,34.278810,1050,23.58,146.78,76.13,1.0000,0.229336,0.158600,173.76,337.66,0.9754,0.271505,0.703461
1786703831.055843,34.294028,1051,23.58,147.29,76.47,1.0000,0.230148,0.159321,173.84,337.64,0.9749,0.271630,0.703416
1786703831.104689,34.342873,1052,23.58,147.33,76.47,1.0000,0.230197,0.159314,173.85,337.68,0.9752,0.271635,0.703494
1786703831.152900,34.391084,1054,23.45,147.33,76.32,1.0000,0.230196,0.158998,173.94,337.70,0.9747,0.271783,0.703543
1786703831.219228,34.457412,1056,23.45,147.32,76.37,1.0000,0.230180,0.159109,173.91,337.65,0.9751,0.271728,0.703432
1786703831.279576,34.517761,1058,23.45,147.36,76.39,1.0000,0.230245,0.159150,173.91,337.61,0.9746,0.271737,0.703352
1786703831.343222,34.581406,1059,23.45,147.36,76.68,1.0000,0.230245,0.159751,173.81,337.66,0.9747,0.271576,0.703450
1786703831.358703,34.596888,1060,23.45,147.23,76.39,1.0000,0.230051,0.159138,173.80,337.65,0.9754,0.271565,0.703444
1786703831.423065,34.661250,1062,23.45,147.41,76.43,1.0000,0.230322,0.159221,173.80,337.77,0.9757,0.271568,0.703680
1786703831.456841,34.695026,1063,23.45,147.41,76.44,1.0000,0.230328,0.159254,173.78,337.79,0.9762,0.271532,0.703737
1786703831.498930,34.737114,1064,23.45,147.40,76.46,1.0000,0.230311,0.159286,173.77,337.81,0.9766,0.271523,0.703767
1786703831.519280,34.757464,1065,23.45,147.46,76.41,1.0000,0.230402,0.159182,173.75,337.82,0.9767,0.271478,0.703786
1786703831.596127,34.834311,1067,23.45,147.77,76.45,1.0000,0.230896,0.159274,173.74,337.82,0.9768,0.271473,0.703786
1786703831.638754,34.876938,1068,23.45,147.72,76.33,1.0000,0.230808,0.159015,173.72,337.85,0.9770,0.271432,0.703857
1786703831.658280,34.896465,1069,23.15,147.71,76.32,1.0000,0.230805,0.159008,173.67,337.81,0.9769,0.271356,0.703772
1786703831.720765,34.958949,1071,23.15,147.44,76.29,1.0000,0.230375,0.158934,173.73,337.78,0.9764,0.271452,0.703706
1786703831.763065,35.001250,1072,23.15,147.32,76.24,1.0000,0.230187,0.158838,173.82,337.78,0.9762,0.271601,0.703716
1786703831.776347,35.014531,1073,23.15,146.82,75.95,1.0000,0.229407,0.158232,173.83,337.92,0.9761,0.271610,0.704005
1786703831.839116,35.077301,1074,23.15,146.58,75.95,1.0000,0.229038,0.158228,174.05,337.60,0.9766,0.271950,0.703332
1786703831.895406,35.133591,1075,23.15,146.58,75.97,1.0000,0.229039,0.158280,174.13,337.46,0.9762,0.272079,0.703038
1786703831.945924,35.184108,1078,23.15,146.46,75.75,1.0000,0.228838,0.157813,174.20,337.27,0.9761,0.272190,0.702651
1786703831.984570,35.222754,1079,23.15,146.37,75.74,1.0000,0.228708,0.157787,174.36,337.36,0.9757,0.272439,0.702827
1786703832.019316,35.257500,1080,23.15,146.27,75.48,1.0000,0.228545,0.157253,174.35,337.38,0.9753,0.272425,0.702872
1786703832.061419,35.299604,1081,23.15,146.25,75.38,1.0000,0.228519,0.157037,174.37,337.42,0.9750,0.272452,0.702952
1786703832.089207,35.327391,1082,23.15,146.25,75.42,1.0000,0.228518,0.157124,174.37,337.42,0.9748,0.272450,0.702958
1786703832.151382,35.389566,1084,23.15,146.44,75.70,1.0000,0.228810,0.157705,174.36,337.44,0.9742,0.272440,0.702991
1786703832.200007,35.438192,1085,23.17,146.45,75.63,1.0000,0.228831,0.157558,174.36,337.45,0.9741,0.272445,0.703024
1786703832.220668,35.458852,1086,23.17,146.52,75.63,1.0000,0.228936,0.157556,174.32,337.62,0.9744,0.272378,0.703366
1786703832.256239,35.494423,1087,23.17,146.54,75.58,1.0000,0.228963,0.157464,174.19,337.74,0.9744,0.272165,0.703623
1786703832.320541,35.558726,1089,23.17,146.32,75.83,1.0000,0.228630,0.157976,174.17,337.78,0.9748,0.272144,0.703706
1786703832.351754,35.589938,1090,23.17,146.32,76.16,1.0000,0.228629,0.158673,174.16,337.83,0.9741,0.272130,0.703811
1786703832.393212,35.631396,1091,23.17,146.67,76.46,1.0000,0.229165,0.159285,174.06,337.92,0.9736,0.271966,0.704005
1786703832.454792,35.692976,1093,23.17,146.59,76.68,1.0000,0.229052,0.159745,174.03,337.90,0.9734,0.271915,0.703961
1786703832.528457,35.766641,1094,23.17,146.63,76.62,1.0000,0.229113,0.159617,173.96,337.95,0.9732,0.271810,0.704069
1786703832.556684,35.794868,1096,23.17,146.73,76.72,1.0000,0.229259,0.159828,173.95,337.87,0.9734,0.271800,0.703897
1786703832.616161,35.854345,1097,23.17,146.95,77.01,1.0000,0.229611,0.160445,174.03,337.94,0.9733,0.271922,0.704043
1786703832.649905,35.888090,1099,23.17,146.96,77.01,1.0000,0.229618,0.160441,173.99,337.87,0.9735,0.271854,0.703886
1786703832.696900,35.935084,1100,23.17,147.12,77.08,1.0000,0.229870,0.160574,174.10,337.68,0.9733,0.272024,0.703490
1786703832.731481,35.969666,1101,23.01,146.93,77.08,1.0000,0.229585,0.160579,174.01,337.79,0.9739,0.271892,0.703728
1786703832.752085,35.990270,1102,23.01,146.92,77.05,1.0000,0.229562,0.160516,174.00,337.76,0.9743,0.271873,0.703664
1786703832.803487,36.041671,1103,23.01,146.91,77.08,1.0000,0.229546,0.160587,173.97,337.67,0.9744,0.271834,0.703475
1786703832.851951,36.090135,1105,23.01,146.88,77.05,1.0000,0.229494,0.160521,173.95,337.75,0.9745,0.271792,0.703644
1786703832.900561,36.138745,1106,23.01,146.87,77.38,1.0000,0.229488,0.161206,173.91,337.77,0.9750,0.271736,0.703688
1786703832.916515,36.154699,1107,23.01,146.87,77.43,1.0000,0.229485,0.161318,173.90,337.80,0.9752,0.271715,0.703754
1786703832.964419,36.202603,1108,23.01,146.39,77.51,1.0000,0.228738,0.161485,173.98,337.69,0.9752,0.271850,0.703519
1786703832.980281,36.218465,1109,23.01,146.46,77.53,1.0000,0.228841,0.161530,173.98,337.76,0.9748,0.271841,0.703659
1786703833.044822,36.283006,1110,23.01,146.57,77.56,1.0000,0.229013,0.161574,173.99,337.68,0.9742,0.271860,0.703500
1786703833.060980,36.299164,1111,23.01,146.45,77.46,1.0000,0.228828,0.161382,173.96,337.76,0.9748,0.271809,0.703667
1786703833.121546,36.359730,1113,23.01,146.45,76.91,1.0000,0.228833,0.160228,174.00,337.58,0.9746,0.271875,0.703285
1786703833.185076,36.423260,1114,23.01,146.52,76.92,1.0000,0.228943,0.160244,174.12,337.56,0.9746,0.272069,0.703256
1786703833.187860,36.426044,1115,23.01,146.29,77.01,1.0000,0.228571,0.160438,174.07,337.84,0.9748,0.271983,0.703829
1786703833.264492,36.502676,1117,23.38,146.37,76.30,1.0000,0.228699,0.158948,174.01,337.82,0.9750,0.271898,0.703786
1786703833.296210,36.534395,1118,23.38,146.37,76.44,1.0000,0.228701,0.159250,174.00,337.92,0.9752,0.271879,0.704002
1786703833.359360,36.597544,1120,23.38,146.43,76.27,1.0000,0.228791,0.158891,173.97,337.89,0.9755,0.271826,0.703935
1786703833.375311,36.613495,1121,23.38,146.43,76.33,1.0000,0.228796,0.159023,173.92,337.67,0.9753,0.271753,0.703476
1786703833.422942,36.661126,1122,23.38,146.44,76.33,1.0000,0.228816,0.159011,173.92,337.62,0.9753,0.271743,0.703366
1786703833.454663,36.692847,1123,23.38,146.65,76.41,1.0000,0.229140,0.159180,173.95,337.61,0.9752,0.271789,0.703361
1786703833.486402,36.724586,1124,23.38,146.59,76.52,1.0000,0.229042,0.159425,173.98,337.63,0.9755,0.271841,0.703392
1786703833.549591,36.787775,1126,23.38,146.67,76.47,1.0000,0.229166,0.159308,173.83,337.56,0.9757,0.271614,0.703243
1786703833.598240,36.836424,1127,23.38,146.77,76.53,1.0000,0.229326,0.159448,173.82,337.64,0.9755,0.271595,0.703407
1786703833.644785,36.882969,1129,23.38,146.78,76.64,1.0000,0.229349,0.159659,173.80,337.58,0.9758,0.271558,0.703297
1786703833.683542,36.921726,1130,23.38,146.95,76.60,1.0000,0.229605,0.159587,173.77,337.59,0.9756,0.271514,0.703308
1786703833.736622,36.974806,1131,23.38,146.97,76.92,1.0000,0.229636,0.160259,173.79,337.73,0.9759,0.271541,0.703612
1786703833.751971,36.990156,1132,23.38,146.97,76.95,1.0000,0.229634,0.160312,173.71,337.75,0.9757,0.271421,0.703651
1786703833.801368,37.039552,1133,23.56,146.98,77.04,1.0000,0.229655,0.160494,173.72,337.69,0.9756,0.271445,0.703528
1786703833.831638,37.069822,1134,23.56,146.88,76.85,1.0000,0.229501,0.160110,173.95,337.69,0.9753,0.271799,0.703530
1786703833.863708,37.101892,1135,23.56,146.91,77.04,1.0000,0.229554,0.160506,173.94,337.77,0.9756,0.271774,0.703689
1786703833.895445,37.133629,1136,23.56,146.90,77.05,1.0000,0.229530,0.160529,173.93,337.72,0.9762,0.271773,0.703591
1786703833.943342,37.181526,1138,23.56,146.87,77.05,1.0000,0.229477,0.160525,173.86,337.85,0.9763,0.271663,0.703858
1786703833.975353,37.213537,1139,23.56,146.99,77.06,1.0000,0.229671,0.160536,173.86,337.93,0.9764,0.271651,0.704016
1786703834.023441,37.261626,1140,23.56,146.94,77.05,1.0000,0.229590,0.160523,173.81,337.89,0.9768,0.271581,0.703935
1786703834.055203,37.293387,1141,23.56,146.84,76.91,1.0000,0.229438,0.160220,173.91,337.82,0.9768,0.271735,0.703793
1786703834.086858,37.325042,1142,23.56,146.93,76.90,1.0000,0.229581,0.160208,173.92,337.90,0.9762,0.271757,0.703952
1786703834.123616,37.361800,1143,23.56,146.71,76.57,1.0000,0.229239,0.159513,173.92,337.93,0.9766,0.271756,0.704014
1786703834.162273,37.400457,1144,23.56,146.64,76.47,1.0000,0.229120,0.159317,173.85,337.93,0.9771,0.271647,0.704016
1786703834.241846,37.480030,1147,23.56,146.64,76.54,1.0000,0.229119,0.159460,173.86,337.93,0.9772,0.271659,0.704030
1786703834.305980,37.544164,1148,23.60,146.60,76.57,1.0000,0.229061,0.159517,173.85,337.98,0.9773,0.271636,0.704126
1786703834.336411,37.574595,1150,23.60,146.87,76.66,1.0000,0.229486,0.159716,173.83,338.08,0.9772,0.271609,0.704338
1786703834.415790,37.653974,1152,23.60,147.17,76.71,1.0000,0.229947,0.159817,173.84,338.11,0.9774,0.271620,0.704387
1786703834.463520,37.701704,1153,23.60,147.19,76.82,1.0000,0.229984,0.160039,173.84,338.11,0.9776,0.271619,0.704387
1786703834.510936,37.749120,1155,23.60,147.51,76.74,1.0000,0.230488,0.159879,173.98,337.87,0.9776,0.271851,0.703888
1786703834.558560,37.796744,1156,23.60,147.51,76.80,1.0000,0.230484,0.159992,174.01,337.92,0.9772,0.271884,0.703996
1786703834.574454,37.812639,1157,23.60,147.48,76.85,1.0000,0.230437,0.160094,174.03,337.88,0.9768,0.271923,0.703908
1786703834.659281,37.897465,1159,23.60,147.48,76.84,1.0000,0.230436,0.160089,174.06,337.79,0.9763,0.271963,0.703737
1786703834.696140,37.934324,1160,23.60,147.48,76.81,1.0000,0.230432,0.160014,174.15,337.79,0.9766,0.272108,0.703733
1786703834.759823,37.998007,1162,23.60,147.79,76.90,1.0000,0.230915,0.160211,174.26,337.72,0.9767,0.272276,0.703579
1786703834.775886,38.014070,1163,22.81,147.79,76.80,1.0000,0.230920,0.160009,174.25,337.84,0.9761,0.272269,0.703840
1786703834.839213,38.077397,1164,22.81,147.86,76.63,1.0000,0.231030,0.159647,174.58,337.36,0.9764,0.272784,0.702837
1786703834.855118,38.093302,1165,22.81,147.86,76.68,1.0000,0.231031,0.159750,174.48,337.36,0.9762,0.272624,0.702827
1786703834.930097,38.168281,1167,22.81,147.90,76.96,1.0000,0.231099,0.160335,174.34,337.36,0.9765,0.272408,0.702830
1786703834.972520,38.210704,1168,22.81,147.83,77.01,1.0000,0.230988,0.160429,174.31,337.37,0.9759,0.272363,0.702855
1786703835.004847,38.243031,1169,22.81,147.80,77.01,1.0000,0.230944,0.160431,174.30,337.39,0.9753,0.272346,0.702898
1786703835.035876,38.274060,1170,22.81,147.76,77.01,1.0000,0.230882,0.160437,174.25,337.50,0.9748,0.272273,0.703117
1786703835.051713,38.289897,1171,22.81,147.90,76.91,1.0000,0.231091,0.160239,174.22,337.59,0.9750,0.272214,0.703307
1786703835.131883,38.370068,1173,22.81,147.90,76.63,1.0000,0.231090,0.159636,174.28,337.62,0.9749,0.272312,0.703374
1786703835.180081,38.418265,1175,22.81,147.86,76.43,1.0000,0.231038,0.159233,174.20,337.84,0.9750,0.272189,0.703829
1786703835.234387,38.472571,1176,22.81,147.86,76.47,1.0000,0.231031,0.159306,174.26,337.80,0.9747,0.272274,0.703758
1786703835.274851,38.513036,1177,22.81,147.78,76.45,1.0000,0.230903,0.159267,174.43,337.62,0.9751,0.272540,0.703373
1786703835.288289,38.526473,1178,22.98,147.85,76.40,1.0000,0.231022,0.159158,174.61,337.39,0.9752,0.272824,0.702892
1786703835.352220,38.590404,1180,22.98,147.82,76.40,1.0000,0.230976,0.159172,174.47,337.47,0.9752,0.272610,0.703066
1786703835.383969,38.622153,1181,22.98,147.88,76.39,1.0000,0.231059,0.159144,174.38,337.49,0.9749,0.272477,0.703096
1786703835.431991,38.670175,1182,22.98,147.88,76.35,1.0000,0.231056,0.159059,174.29,337.55,0.9746,0.272326,0.703220
1786703835.478889,38.717073,1184,22.98,147.88,76.41,1.0000,0.231057,0.159181,174.28,337.19,0.9741,0.272320,0.702485
1786703835.510170,38.748354,1185,22.98,147.91,76.42,1.0000,0.231103,0.159211,174.14,337.17,0.9739,0.272093,0.702428
1786703835.573757,38.811941,1187,22.98,147.85,76.39,1.0000,0.231014,0.159155,174.14,337.22,0.9730,0.272094,0.702541
1786703835.631061,38.869245,1188,22.98,147.85,76.52,1.0000,0.231015,0.159419,174.16,337.26,0.9717,0.272118,0.702622
1786703835.653678,38.891862,1189,22.98,147.88,76.65,1.0000,0.231062,0.159687,174.17,337.52,0.9712,0.272145,0.703176
1786703835.701586,38.939770,1190,22.98,147.81,76.65,1.0000,0.230949,0.159685,174.13,337.63,0.9709,0.272077,0.703396
1786703835.744764,38.982949,1191,22.98,147.77,76.58,1.0000,0.230897,0.159532,174.06,337.62,0.9712,0.271970,0.703371
1786703835.760507,38.998691,1192,22.98,147.77,76.57,1.0000,0.230898,0.159520,174.06,337.62,0.9714,0.271970,0.703374
1786703835.805948,39.044132,1194,23.17,147.60,76.70,1.0000,0.230630,0.159794,174.06,337.59,0.9713,0.271961,0.703313
1786703835.837842,39.076026,1195,23.17,147.52,76.79,1.0000,0.230496,0.159969,174.01,337.38,0.9713,0.271896,0.702882
1786703835.933700,39.171885,1198,23.17,147.46,76.34,1.0000,0.230413,0.159041,174.01,337.15,0.9715,0.271889,0.702403
1786703835.981204,39.219388,1199,23.17,147.37,75.97,1.0000,0.230263,0.158266,174.03,337.51,0.9708,0.271916,0.703138
1786703836.013566,39.251750,1200,23.17,147.36,75.99,1.0000,0.230254,0.158304,173.99,337.45,0.9711,0.271853,0.703030
1786703836.076930,39.315114,1202,23.17,147.32,75.99,1.0000,0.230182,0.158319,173.95,337.65,0.9720,0.271798,0.703442
1786703836.108773,39.346958,1203,23.17,146.97,75.99,1.0000,0.229647,0.158304,174.00,337.82,0.9726,0.271869,0.703789
1786703836.172739,39.410923,1205,23.17,147.01,76.09,1.0000,0.229704,0.158520,174.00,337.80,0.9726,0.271882,0.703742
1786703836.204425,39.442609,1206,23.17,146.49,75.81,1.0000,0.228888,0.157935,174.02,337.62,0.9724,0.271914,0.703370
1786703836.252566,39.490750,1207,23.17,146.47,75.47,1.0000,0.228855,0.157230,173.94,337.63,0.9728,0.271776,0.703400
1786703836.277261,39.515445,1208,22.51,146.46,75.40,1.0000,0.228846,0.157080,173.94,337.62,0.9728,0.271774,0.703373
1786703836.340648,39.578832,1210,22.51,146.62,76.06,1.0000,0.229096,0.158465,173.85,337.61,0.9728,0.271637,0.703348
1786703836.405070,39.643255,1211,22.51,146.67,76.30,1.0000,0.229166,0.158949,173.82,337.75,0.9730,0.271600,0.703655
1786703836.435991,39.674175,1213,22.51,146.66,76.10,1.0000,0.229160,0.158546,173.84,337.79,0.9735,0.271625,0.703721
1786703836.505704,39.743888,1214,22.51,146.68,76.05,1.0000,0.229183,0.158428,173.83,337.84,0.9740,0.271615,0.703837
1786703836.515358,39.753542,1215,22.51,146.67,75.75,1.0000,0.229168,0.157815,173.78,337.90,0.9738,0.271530,0.703956
1786703836.547127,39.785311,1216,22.51,146.70,75.95,1.0000,0.229224,0.158227,173.78,337.80,0.9737,0.271538,0.703745
1786703836.610816,39.849001,1218,22.51,146.78,75.95,1.0000,0.229341,0.158238,173.80,337.74,0.9734,0.271556,0.703621
1786703836.658109,39.896294,1219,22.51,146.73,75.92,1.0000,0.229270,0.158174,173.79,337.76,0.9741,0.271541,0.703675
1786703836.690104,39.928288,1220,22.51,146.50,75.40,1.0000,0.228905,0.157078,173.72,337.78,0.9742,0.271440,0.703710
1786703836.736648,39.974832,1221,22.51,146.50,75.54,1.0000,0.228912,0.157376,173.81,337.71,0.9746,0.271571,0.703555
1786703836.752723,39.990907,1222,22.51,146.38,74.85,1.0000,0.228716,0.155929,173.87,337.76,0.9740,0.271678,0.703657
1786703836.819546,40.057730,1224,22.51,146.06,74.34,1.0000,0.228217,0.154879,173.86,337.81,0.9745,0.271653,0.703780
1786703836.852863,40.091047,1225,22.79,145.93,74.14,1.0000,0.228010,0.154457,173.85,337.81,0.9751,0.271644,0.703763
1786703836.900657,40.138841,1226,22.79,145.93,74.23,1.0000,0.228022,0.154650,173.81,337.81,0.9755,0.271585,0.703774
1786703836.922808,40.160992,1227,22.79,145.94,74.21,1.0000,0.228026,0.154604,173.86,337.80,0.9756,0.271662,0.703753
1786703836.948555,40.186739,1228,22.79,146.00,74.88,1.0000,0.228120,0.155996,173.95,337.74,0.9752,0.271793,0.703621
1786703837.012668,40.250852,1229,22.79,146.05,74.86,1.0000,0.228209,0.155967,173.98,337.73,0.9750,0.271843,0.703608
1786703837.076475,40.314660,1231,22.79,146.06,75.22,1.0000,0.228213,0.156713,173.84,337.84,0.9754,0.271624,0.703829
1786703837.108241,40.346426,1233,22.79,146.06,75.24,1.0000,0.228221,0.156741,173.94,337.87,0.9752,0.271778,0.703889
1786703837.155663,40.393847,1234,22.79,146.12,75.27,1.0000,0.228318,0.156812,173.85,337.91,0.9753,0.271648,0.703987
1786703837.219105,40.457289,1236,22.79,146.23,75.72,1.0000,0.228492,0.157744,173.84,337.98,0.9756,0.271620,0.704117
1786703837.250988,40.489172,1237,22.79,146.23,75.72,1.0000,0.228492,0.157749,173.84,337.91,0.9754,0.271632,0.703989
1786703837.298777,40.536961,1238,22.79,146.27,75.71,1.0000,0.228542,0.157739,173.79,337.93,0.9758,0.271547,0.704030
1786703837.340341,40.578525,1239,22.79,146.27,75.66,1.0000,0.228549,0.157620,173.85,337.87,0.9757,0.271637,0.703893
1786703837.372045,40.610229,1241,22.86,146.16,75.64,1.0000,0.228379,0.157587,173.92,337.82,0.9755,0.271748,0.703800
1786703837.419796,40.657981,1242,22.86,146.17,75.73,1.0000,0.228383,0.157773,173.88,337.96,0.9754,0.271682,0.704077
1786703837.467314,40.705498,1243,22.86,146.17,75.86,1.0000,0.228385,0.158044,173.88,337.93,0.9746,0.271684,0.704024
1786703837.499607,40.737791,1244,22.86,146.15,75.85,1.0000,0.228357,0.158031,173.88,337.91,0.9743,0.271688,0.703981
1786703837.531301,40.769485,1245,22.86,146.02,75.90,1.0000,0.228162,0.158125,174.14,337.90,0.9741,0.272094,0.703951
1786703837.578924,40.817108,1247,22.86,145.78,75.99,1.0000,0.227782,0.158317,174.22,337.89,0.9744,0.272212,0.703937
1786703837.643579,40.881763,1248,22.86,145.84,75.88,1.0000,0.227877,0.158092,174.17,337.95,0.9750,0.272135,0.704063
1786703837.658025,40.896209,1249,22.86,145.85,75.84,1.0000,0.227887,0.158008,174.11,338.02,0.9754,0.272046,0.704205
1786703837.705947,40.944132,1250,22.86,145.90,76.03,1.0000,0.227965,0.158400,174.07,337.94,0.9760,0.271979,0.704038
1786703837.753361,40.991546,1252,22.86,145.85,76.04,1.0000,0.227898,0.158423,174.02,337.94,0.9763,0.271909,0.704032
1786703837.801066,41.039251,1253,22.86,145.66,75.86,1.0000,0.227586,0.158050,174.02,337.96,0.9760,0.271903,0.704079
1786703837.834347,41.072532,1254,22.86,145.63,75.88,1.0000,0.227540,0.158086,174.02,337.94,0.9761,0.271905,0.704034
1786703837.876567,41.114751,1256,23.04,145.60,76.25,1.0000,0.227507,0.158847,173.95,337.67,0.9769,0.271798,0.703470
1786703837.908770,41.146955,1257,23.04,145.61,76.57,1.0000,0.227513,0.159520,174.03,337.75,0.9761,0.271927,0.703647
1786703837.959040,41.197225,1258,23.04,145.52,76.57,1.0000,0.227372,0.159520,174.06,337.77,0.9761,0.271973,0.703682
1786703837.990921,41.229105,1259,23.04,144.94,76.38,1.0000,0.226470,0.159132,173.97,337.77,0.9766,0.271823,0.703697
1786703838.038266,41.276450,1260,23.04,144.95,76.38,1.0000,0.226480,0.159132,174.02,337.70,0.9770,0.271902,0.703538
1786703838.067766,41.305950,1261,23.04,144.95,76.41,1.0000,0.226492,0.159182,174.05,337.74,0.9767,0.271947,0.703621
1786703838.115579,41.353763,1263,23.04,144.64,76.39,1.0000,0.226003,0.159141,174.00,337.74,0.9767,0.271879,0.703616
1786703838.179076,41.417261,1265,23.04,144.63,76.36,1.0000,0.225984,0.159091,173.93,337.74,0.9772,0.271769,0.703635
1786703838.244816,41.483001,1266,23.04,144.57,76.23,1.0000,0.225897,0.158815,173.73,337.84,0.9773,0.271460,0.703829
1786703838.263211,41.501395,1267,23.04,144.69,76.23,1.0000,0.226075,0.158814,173.77,337.88,0.9771,0.271509,0.703921
1786703838.289345,41.527529,1268,23.04,144.72,76.31,1.0000,0.226124,0.158987,173.76,337.88,0.9770,0.271504,0.703912
1786703838.305027,41.543211,1269,23.04,144.78,76.35,1.0000,0.226225,0.159063,173.79,337.86,0.9768,0.271552,0.703872
1786703838.369334,41.607518,1270,23.04,144.85,76.37,1.0000,0.226331,0.159100,173.77,337.87,0.9763,0.271516,0.703886
1786703838.395745,41.633929,1271,23.60,144.86,76.38,1.0000,0.226338,0.159123,173.76,337.68,0.9763,0.271499,0.703503
1786703838.427979,41.666163,1272,23.60,144.86,76.36,1.0000,0.226350,0.159080,173.76,337.69,0.9764,0.271497,0.703522
1786703838.459885,41.698070,1273,23.60,145.01,76.47,1.0000,0.226578,0.159311,173.96,337.55,0.9763,0.271815,0.703238
1786703838.522979,41.761163,1275,23.60,145.01,76.14,1.0000,0.226581,0.158633,173.95,337.58,0.9763,0.271804,0.703301
1786703838.586040,41.824225,1277,23.60,144.96,76.02,1.0000,0.226493,0.158377,173.91,337.70,0.9765,0.271740,0.703536
1786703838.634094,41.872279,1278,23.60,145.02,76.02,1.0000,0.226592,0.158371,173.90,337.79,0.9769,0.271721,0.703728
1786703838.665864,41.904048,1279,23.60,145.24,75.89,1.0000,0.226934,0.158114,173.83,337.85,0.9770,0.271613,0.703861
1786703838.697572,41.935756,1280,23.60,145.24,75.89,1.0000,0.226943,0.158104,173.79,337.82,0.9772,0.271544,0.703789
1786703838.760908,41.999092,1282,23.60,145.25,75.82,1.0000,0.226954,0.157948,173.78,337.68,0.9773,0.271539,0.703510
1786703838.793021,42.031206,1283,23.60,145.46,75.80,1.0000,0.227278,0.157917,173.70,337.64,0.9769,0.271410,0.703420
1786703838.860755,42.098939,1285,23.60,145.43,75.61,1.0000,0.227230,0.157513,173.67,337.61,0.9771,0.271367,0.703352
1786703838.908302,42.146487,1287,23.24,145.38,75.16,1.0000,0.227150,0.156583,173.53,337.63,0.9768,0.271139,0.703403
1786703838.955984,42.194169,1288,23.24,145.37,75.16,1.0000,0.227139,0.156583,173.50,337.50,0.9766,0.271099,0.703116
1786703838.987422,42.225606,1289,23.24,145.38,75.14,1.0000,0.227162,0.156550,173.51,337.35,0.9765,0.271108,0.702815
1786703839.019107,42.257291,1290,23.24,145.39,75.16,1.0000,0.227171,0.156578,173.52,337.48,0.9761,0.271119,0.703094
1786703839.053687,42.291871,1291,23.24,145.28,75.14,1.0000,0.226995,0.156552,173.54,337.52,0.9758,0.271157,0.703176
1786703839.082718,42.320902,1292,23.24,145.47,75.24,1.0000,0.227290,0.156742,173.52,337.56,0.9759,0.271129,0.703249
1786703839.146411,42.384595,1294,23.24,145.38,75.24,1.0000,0.227154,0.156745,173.55,337.60,0.9764,0.271172,0.703338
1786703839.194498,42.432682,1295,23.24,145.38,75.24,1.0000,0.227156,0.156747,173.56,337.57,0.9767,0.271188,0.703278
1786703839.241993,42.480177,1297,23.24,145.41,75.11,1.0000,0.227201,0.156480,173.73,337.61,0.9763,0.271446,0.703360
1786703839.273863,42.512047,1298,23.24,145.26,75.25,1.0000,0.226961,0.156762,173.71,337.49,0.9759,0.271427,0.703108
1786703839.321471,42.559655,1299,23.24,145.26,75.23,1.0000,0.226961,0.156723,173.80,337.45,0.9755,0.271567,0.703026
1786703839.352991,42.591175,1300,23.24,145.26,75.24,1.0000,0.226966,0.156748,173.80,337.52,0.9754,0.271560,0.703169
1786703839.400763,42.638947,1301,23.24,145.29,75.30,1.0000,0.227013,0.156877,173.78,337.52,0.9756,0.271538,0.703172
1786703839.433233,42.671417,1302,23.53,145.17,75.29,1.0000,0.226834,0.156846,173.80,337.56,0.9755,0.271569,0.703241
1786703839.442901,42.681085,1303,23.53,145.06,75.29,1.0000,0.226653,0.156846,173.80,337.57,0.9756,0.271560,0.703274
1786703839.508578,42.746762,1305,23.53,144.65,75.30,1.0000,0.226013,0.156868,173.78,337.58,0.9760,0.271535,0.703292
1786703839.583045,42.821229,1306,23.53,144.84,75.46,1.0000,0.226306,0.157211,173.78,337.67,0.9750,0.271535,0.703477
1786703839.585695,42.823879,1307,23.53,144.71,75.49,1.0000,0.226115,0.157269,173.82,337.67,0.9747,0.271593,0.703480
1786703839.649208,42.887392,1309,23.53,144.74,75.52,1.0000,0.226156,0.157343,173.94,337.68,0.9736,0.271788,0.703501
1786703839.713834,42.952018,1310,23.53,144.74,75.65,1.0000,0.226158,0.157611,173.93,337.76,0.9734,0.271769,0.703666
1786703839.744814,42.982998,1312,23.53,144.54,75.64,1.0000,0.225837,0.157576,173.92,337.77,0.9729,0.271756,0.703678
1786703839.776848,43.015032,1313,23.53,144.47,75.60,1.0000,0.225732,0.157496,173.79,337.82,0.9735,0.271540,0.703781
1786703839.842011,43.080195,1315,23.53,144.45,75.58,1.0000,0.225698,0.157461,173.75,337.80,0.9738,0.271488,0.703751
1786703839.872093,43.110278,1316,23.53,144.37,75.59,1.0000,0.225571,0.157479,173.79,337.84,0.9735,0.271543,0.703834
1786703839.919886,43.158070,1317,23.06,144.58,75.59,1.0000,0.225904,0.157483,173.73,337.76,0.9738,0.271454,0.703676
1786703839.952175,43.190359,1318,23.06,144.61,75.91,1.0000,0.225949,0.158136,173.71,337.74,0.9739,0.271418,0.703626
1786703839.994738,43.232922,1319,23.06,144.61,75.99,1.0000,0.225949,0.158310,173.72,337.77,0.9738,0.271430,0.703680
1786703840.016743,43.254927,1320,23.06,144.71,76.05,1.0000,0.226111,0.158438,173.69,337.72,0.9743,0.271390,0.703582
1786703840.058625,43.296809,1321,23.06,144.71,76.21,1.0000,0.226103,0.158771,173.63,337.48,0.9749,0.271303,0.703077
1786703840.090422,43.328606,1322,23.06,144.76,76.19,1.0000,0.226183,0.158737,173.65,337.54,0.9752,0.271326,0.703203
1786703840.154378,43.392562,1324,23.06,144.75,76.19,1.0000,0.226176,0.158736,173.57,337.57,0.9749,0.271198,0.703272
1786703840.170223,43.408407,1325,23.06,145.03,76.69,1.0000,0.226606,0.159775,173.57,337.50,0.9747,0.271202,0.703122
1786703840.249883,43.488067,1327,23.06,145.21,76.76,1.0000,0.226893,0.159912,173.60,337.35,0.9744,0.271244,0.702811
1786703840.313744,43.551928,1329,23.06,145.24,76.76,1.0000,0.226945,0.159908,173.58,337.35,0.9746,0.271220,0.702820
1786703840.345651,43.583835,1330,23.06,145.17,76.44,1.0000,0.226828,0.159255,173.58,337.42,0.9752,0.271215,0.702967
1786703840.393203,43.631387,1331,23.06,145.19,76.30,1.0000,0.226863,0.158953,173.59,337.49,0.9751,0.271231,0.703114
1786703840.456804,43.694988,1333,22.93,145.18,76.16,1.0000,0.226842,0.158676,173.60,337.50,0.9747,0.271248,0.703134
1786703840.515512,43.753696,1335,22.93,145.18,76.13,1.0000,0.226841,0.158596,173.57,337.42,0.9748,0.271210,0.702964
1786703840.560405,43.798590,1336,22.93,145.21,76.12,1.0000,0.226895,0.158586,173.53,337.48,0.9752,0.271144,0.703079
1786703840.592244,43.830428,1337,22.93,145.12,76.04,1.0000,0.226755,0.158423,173.54,337.45,0.9756,0.271159,0.703021
1786703840.655965,43.894149,1339,22.93,145.01,76.20,1.0000,0.226584,0.158748,173.62,337.53,0.9749,0.271279,0.703190
1786703840.687591,43.925775,1340,22.93,144.93,76.20,1.0000,0.226458,0.158745,173.67,337.64,0.9747,0.271358,0.703412
1786703840.735454,43.973638,1341,22.93,144.81,76.14,1.0000,0.226268,0.158629,173.70,337.68,0.9743,0.271402,0.703490
1786703840.783059,44.021243,1343,22.93,144.83,76.09,1.0000,0.226291,0.158511,173.75,337.78,0.9735,0.271484,0.703714
1786703840.815026,44.053210,1344,22.93,144.80,75.98,1.0000,0.226251,0.158282,173.74,337.87,0.9735,0.271476,0.703901
1786703840.873862,44.112046,1346,22.93,144.89,75.82,1.0000,0.226385,0.157954,173.73,337.89,0.9736,0.271453,0.703944
1786703840.913491,44.151675,1347,22.93,144.81,75.75,1.0000,0.226269,0.157812,173.68,337.90,0.9740,0.271373,0.703958
1786703840.954325,44.192509,1348,22.93,145.35,75.75,1.0000,0.227113,0.157807,173.70,337.78,0.9746,0.271404,0.703710
1786703840.988983,44.227167,1349,23.06,145.42,75.41,1.0000,0.227213,0.157107,173.70,337.81,0.9746,0.271405,0.703772
1786703841.020280,44.258464,1350,23.06,145.36,75.29,1.0000,0.227122,0.156861,173.69,337.78,0.9753,0.271386,0.703716
1786703841.045888,44.284072,1351,23.06,145.39,75.28,1.0000,0.227175,0.156834,173.64,337.73,0.9753,0.271310,0.703602
1786703841.088747,44.326931,1352,23.06,145.40,75.38,1.0000,0.227187,0.157044,173.66,337.73,0.9749,0.271342,0.703614
1786703841.120580,44.358764,1353,23.06,145.65,75.40,1.0000,0.227571,0.157090,173.64,337.80,0.9750,0.271320,0.703741
1786703841.152523,44.390707,1354,23.06,146.05,75.45,1.0000,0.228202,0.157179,173.66,337.81,0.9746,0.271340,0.703777
1786703841.216434,44.454618,1356,23.06,146.09,75.41,1.0000,0.228272,0.157096,173.65,337.84,0.9738,0.271331,0.703833
1786703841.248298,44.486482,1357,23.06,146.09,75.41,1.0000,0.228272,0.157096,173.68,337.96,0.9739,0.271380,0.704080
1786703841.311802,44.549986,1359,23.06,146.03,75.40,1.0000,0.228168,0.157087,173.71,338.00,0.9741,0.271422,0.704173
1786703841.346681,44.584865,1360,23.06,146.00,75.35,1.0000,0.228119,0.156986,173.72,338.04,0.9737,0.271443,0.704247
1786703841.376007,44.614191,1361,23.06,145.99,75.28,1.0000,0.228115,0.156837,174.04,337.98,0.9742,0.271943,0.704125
1786703841.447080,44.685264,1363,23.06,145.99,75.28,1.0000,0.228110,0.156832,174.05,337.94,0.9742,0.271956,0.704045
1786703841.518705,44.756889,1365,23.02,145.93,75.09,1.0000,0.228014,0.156433,174.09,337.83,0.9739,0.272017,0.703816
1786703841.556390,44.794574,1366,23.02,145.88,74.91,1.0000,0.227945,0.156062,174.13,337.74,0.9734,0.272071,0.703621
1786703841.583799,44.821983,1367,23.02,145.91,74.98,1.0000,0.227981,0.156210,174.10,337.74,0.9736,0.272035,0.703628
1786703841.630213,44.868397,1368,23.02,145.97,75.10,1.0000,0.228072,0.156461,174.12,337.74,0.9737,0.272056,0.703618
1786703841.647152,44.885337,1369,23.02,145.97,75.70,1.0000,0.228082,0.157710,174.14,337.62,0.9744,0.272091,0.703382
1786703841.672498,44.910683,1370,23.02,146.04,75.73,1.0000,0.228181,0.157774,174.09,337.92,0.9748,0.272015,0.703995
1786703841.747530,44.985715,1372,23.02,146.04,75.49,1.0000,0.228188,0.157266,174.10,337.95,0.9747,0.272026,0.704054
1786703841.783777,45.021962,1373,23.02,146.01,75.46,1.0000,0.228137,0.157204,174.09,337.92,0.9753,0.272009,0.704008
1786703841.815526,45.053711,1374,23.02,145.99,75.03,1.0000,0.228116,0.156320,174.09,337.92,0.9750,0.272011,0.703991
1786703841.879414,45.117599,1376,23.02,145.77,75.03,1.0000,0.227773,0.156318,174.02,337.87,0.9755,0.271900,0.703904
1786703841.912940,45.151124,1377,23.02,145.69,74.98,1.0000,0.227642,0.156210,174.00,337.93,0.9752,0.271871,0.704020
1786703841.974718,45.212902,1379,23.02,145.47,74.98,1.0000,0.227292,0.156211,174.00,337.93,0.9745,0.271876,0.704012
1786703842.038831,45.277015,1380,23.15,145.47,75.19,1.0000,0.227292,0.156642,174.00,337.95,0.9744,0.271868,0.704066
1786703842.054081,45.292265,1381,23.15,145.46,75.22,1.0000,0.227284,0.156706,174.00,337.90,0.9743,0.271876,0.703954
1786703842.081717,45.319901,1382,23.15,145.46,75.27,1.0000,0.227283,0.156805,174.04,337.85,0.9741,0.271943,0.703847
1786703842.165484,45.403668,1384,23.15,145.47,75.31,1.0000,0.227292,0.156893,174.04,337.80,0.9742,0.271933,0.703740
1786703842.179237,45.417421,1385,23.15,145.40,75.31,1.0000,0.227193,0.156889,174.04,337.81,0.9741,0.271934,0.703779
1786703842.224049,45.462233,1386,23.15,145.03,75.29,1.0000,0.226605,0.156860,174.06,337.84,0.9742,0.271967,0.703834
1786703842.271293,45.509477,1388,23.15,145.00,76.11,1.0000,0.226562,0.158554,174.12,337.85,0.9740,0.272065,0.703846
1786703842.303139,45.541323,1389,23.15,145.15,76.31,1.0000,0.226790,0.158986,174.10,337.90,0.9742,0.272027,0.703955
1786703842.366431,45.604616,1390,23.15,145.16,76.31,1.0000,0.226813,0.158981,173.98,337.94,0.9747,0.271841,0.704044
1786703842.384705,45.622889,1391,23.15,145.20,76.45,1.0000,0.226876,0.159266,174.00,337.92,0.9745,0.271869,0.703999
1786703842.430044,45.668228,1392,23.15,145.21,76.97,1.0000,0.226893,0.160356,173.99,337.91,0.9743,0.271865,0.703981
1786703842.462203,45.700387,1393,23.15,145.21,76.97,1.0000,0.226896,0.160347,173.97,337.91,0.9745,0.271833,0.703988
1786703842.493461,45.731645,1394,23.15,145.20,76.96,1.0000,0.226881,0.160324,173.98,337.86,0.9745,0.271836,0.703878
1786703842.509437,45.747621,1395,23.53,145.19,76.96,1.0000,0.226866,0.160326,174.04,337.85,0.9747,0.271937,0.703860
1786703842.548868,45.787053,1396,23.53,144.88,76.95,1.0000,0.226379,0.160314,174.05,337.80,0.9752,0.271954,0.703755
1786703842.616630,45.854814,1398,23.53,144.86,76.95,1.0000,0.226351,0.160316,174.09,337.81,0.9750,0.272018,0.703766
1786703842.663729,45.901914,1399,23.53,144.78,76.80,1.0000,0.226218,0.160007,174.09,337.80,0.9751,0.272015,0.703757
1786703842.679838,45.918023,1400,23.53,144.72,76.60,1.0000,0.226132,0.159583,174.17,337.80,0.9739,0.272136,0.703753
1786703842.749060,45.987245,1402,23.53,144.71,76.57,1.0000,0.226116,0.159522,174.20,337.61,0.9737,0.272193,0.703358
1786703842.786686,46.024870,1403,23.53,144.74,76.57,1.0000,0.226149,0.159519,174.23,337.62,0.9735,0.272237,0.703365
1786703842.807397,46.045582,1404,23.53,144.70,76.48,1.0000,0.226101,0.159327,174.25,337.49,0.9742,0.272262,0.703112
1786703842.860677,46.098861,1405,23.53,144.81,76.12,1.0000,0.226268,0.158573,174.25,337.51,0.9743,0.272268,0.703140
1786703842.898934,46.137118,1406,23.53,144.69,76.09,1.0000,0.226075,0.158512,174.22,337.52,0.9743,0.272225,0.703159
1786703842.914387,46.152571,1407,23.53,144.66,76.08,1.0000,0.226027,0.158508,174.22,337.49,0.9744,0.272219,0.703113
1786703842.957421,46.195605,1408,23.53,144.64,76.00,1.0000,0.226005,0.158327,174.23,337.49,0.9747,0.272227,0.703113
1786703842.985791,46.223975,1409,23.53,144.66,75.91,1.0000,0.226030,0.158143,174.16,337.61,0.9746,0.272128,0.703361
1786703843.049771,46.287955,1411,23.53,144.82,75.92,1.0000,0.226277,0.158158,174.12,337.63,0.9749,0.272058,0.703386
1786703843.083372,46.321556,1412,24.09,144.82,75.93,1.0000,0.226280,0.158180,174.09,337.63,0.9745,0.272018,0.703393
1786703843.104763,46.342947,1413,24.09,144.82,75.95,1.0000,0.226279,0.158227,174.16,337.49,0.9752,0.272129,0.703102
1786703843.150045,46.388229,1414,24.09,144.82,75.98,1.0000,0.226278,0.158298,174.15,337.55,0.9755,0.272111,0.703232
1786703843.185003,46.423187,1415,24.09,144.84,75.99,1.0000,0.226320,0.158322,174.08,337.59,0.9760,0.272004,0.703313
1786703843.250149,46.488333,1417,24.09,144.94,76.07,1.0000,0.226475,0.158484,174.07,337.64,0.9758,0.271990,0.703425
1786703843.279836,46.518021,1418,24.09,144.97,76.12,1.0000,0.226515,0.158576,174.09,337.73,0.9754,0.272016,0.703610
1786703843.311845,46.550030,1419,24.09,144.99,76.14,1.0000,0.226553,0.158630,174.12,337.65,0.9754,0.272061,0.703439
1786703843.359507,46.597691,1420,24.09,145.09,76.05,1.0000,0.226708,0.158429,174.12,337.65,0.9754,0.272062,0.703444
1786703843.407496,46.645680,1422,24.09,145.15,75.98,1.0000,0.226803,0.158295,174.13,337.65,0.9754,0.272075,0.703443
1786703843.455218,46.693402,1423,24.09,145.39,75.89,1.0000,0.227168,0.158097,174.13,337.77,0.9752,0.272083,0.703681
1786703843.503934,46.742118,1424,24.09,145.53,75.93,1.0000,0.227388,0.158196,174.10,337.70,0.9752,0.272039,0.703544
1786703843.518751,46.756935,1425,24.09,145.52,75.77,1.0000,0.227369,0.157861,174.09,337.77,0.9750,0.272018,0.703678
1786703843.550967,46.789151,1426,24.09,145.48,75.93,1.0000,0.227306,0.158182,174.12,337.78,0.9752,0.272059,0.703715
1786703843.620249,46.858433,1428,24.03,145.75,75.92,1.0000,0.227737,0.158177,174.14,337.76,0.9754,0.272088,0.703668
1786703843.666184,46.904369,1429,24.03,145.76,75.91,1.0000,0.227753,0.158145,174.15,337.76,0.9755,0.272113,0.703669
1786703843.686942,46.925126,1430,24.03,145.94,75.10,1.0000,0.228033,0.156449,174.12,337.85,0.9756,0.272066,0.703844
1786703843.751147,46.989331,1432,24.03,145.91,74.80,1.0000,0.227989,0.155840,174.16,337.82,0.9754,0.272117,0.703784
1786703843.814465,47.052649,1434,24.03,145.94,75.45,1.0000,0.228034,0.157194,174.17,337.85,0.9748,0.272141,0.703858
1786703843.878301,47.116485,1436,24.03,146.13,75.45,1.0000,0.228326,0.157187,174.16,337.84,0.9747,0.272132,0.703838
1786703843.910242,47.148427,1437,24.03,146.21,75.55,1.0000,0.228451,0.157400,174.17,337.87,0.9745,0.272146,0.703892
1786703843.951770,47.189954,1438,24.03,146.21,75.55,1.0000,0.228454,0.157402,174.21,337.86,0.9740,0.272196,0.703874
1786703843.989772,47.227957,1439,24.03,146.20,75.96,1.0000,0.228436,0.158247,174.23,337.73,0.9744,0.272241,0.703602
1786703844.053274,47.291458,1441,24.03,146.20,75.98,1.0000,0.228445,0.158300,174.34,337.64,0.9748,0.272399,0.703411
1786703844.085343,47.323527,1442,24.03,146.17,76.00,1.0000,0.228387,0.158329,174.33,337.68,0.9749,0.272394,0.703499
1786703844.152391,47.390576,1444,23.38,146.22,75.60,1.0000,0.228463,0.157507,174.31,337.71,0.9751,0.272355,0.703564
1786703844.181168,47.419352,1445,23.38,146.38,75.77,1.0000,0.228712,0.157846,174.16,337.79,0.9751,0.272128,0.703733
1786703844.221710,47.459895,1446,23.38,146.49,75.86,1.0000,0.228896,0.158041,174.12,337.80,0.9746,0.272062,0.703755
1786703844.285457,47.523641,1448,23.38,146.50,75.53,1.0000,0.228905,0.157360,174.13,337.74,0.9747,0.272075,0.703626
1786703844.317222,47.555406,1449,23.38,146.49,75.49,1.0000,0.228898,0.157278,174.15,337.67,0.9743,0.272114,0.703472
1786703844.349341,47.587526,1450,23.38,146.45,75.50,1.0000,0.228824,0.157289,174.11,337.61,0.9741,0.272048,0.703353
1786703844.412984,47.651169,1452,23.38,146.42,75.34,1.0000,0.228783,0.156964,174.23,337.46,0.9747,0.272234,0.703044
1786703844.460435,47.698619,1453,23.38,145.85,75.24,1.0000,0.227896,0.156753,174.23,337.46,0.9745,0.272241,0.703035
1786703844.523634,47.761818,1455,23.38,145.88,75.32,1.0000,0.227934,0.156916,174.25,337.47,0.9745,0.272268,0.703069
1786703844.553026,47.791210,1456,23.38,145.86,75.53,1.0000,0.227902,0.157345,174.09,337.42,0.9745,0.272009,0.702948
1786703844.619030,47.857214,1458,23.38,145.90,75.52,1.0000,0.227967,0.157334,174.17,337.33,0.9750,0.272140,0.702777
1786703844.666859,47.905043,1459,22.95,145.90,75.52,1.0000,0.227962,0.157325,174.17,337.32,0.9753,0.272135,0.702742
1786703844.698619,47.936803,1460,22.95,145.90,75.53,1.0000,0.227961,0.157344,174.12,337.31,0.9753,0.272056,0.702733
1786703844.753567,47.991752,1462,22.95,145.82,75.53,1.0000,0.227838,0.157349,174.03,337.37,0.9753,0.271927,0.702862
1786703844.772554,48.010738,1463,22.95,145.81,75.54,1.0000,0.227833,0.157383,174.00,337.39,0.9753,0.271872,0.702895
1786703844.820269,48.058453,1464,22.95,145.82,75.70,1.0000,0.227838,0.157703,173.72,337.32,0.9754,0.271430,0.702750
1786703844.896130,48.134314,1466,22.95,145.87,75.69,1.0000,0.227919,0.157690,173.72,337.25,0.9758,0.271434,0.702608
1786703844.928076,48.166260,1467,22.95,145.85,75.69,1.0000,0.227898,0.157696,173.76,337.03,0.9761,0.271496,0.702152
1786703844.960024,48.198208,1468,22.95,145.86,75.70,1.0000,0.227904,0.157705,173.76,337.13,0.9764,0.271497,0.702356
1786703844.975543,48.213727,1469,22.95,145.86,76.75,1.0000,0.227901,0.159895,173.77,337.20,0.9760,0.271521,0.702510
1786703845.007076,48.245260,1470,22.95,145.92,76.83,1.0000,0.227996,0.160065,173.77,337.28,0.9762,0.271514,0.702659
1786703845.057318,48.295502,1471,22.95,145.97,76.89,1.0000,0.228074,0.160196,173.78,337.36,0.9760,0.271528,0.702835
1786703845.086135,48.324319,1472,22.95,146.00,77.09,1.0000,0.228129,0.160596,173.83,337.47,0.9759,0.271602,0.703071
1786703845.117837,48.356021,1473,22.95,145.98,77.09,1.0000,0.228088,0.160605,173.92,337.49,0.9756,0.271750,0.703104
1786703845.180977,48.419161,1475,23.42,145.98,77.11,1.0000,0.228088,0.160638,173.96,337.48,0.9752,0.271811,0.703076
1786703845.212593,48.450777,1476,23.42,146.12,77.11,1.0000,0.228307,0.160645,173.95,337.40,0.9751,0.271794,0.702911
1786703845.254143,48.492327,1477,23.42,146.12,76.75,1.0000,0.228313,0.159894,173.95,337.30,0.9751,0.271797,0.702701
1786703845.300555,48.538739,1478,23.42,146.12,76.62,1.0000,0.228314,0.159630,173.96,337.38,0.9756,0.271813,0.702871
1786703845.316308,48.554492,1479,23.42,146.15,76.61,1.0000,0.228366,0.159612,173.92,337.43,0.9760,0.271754,0.702987
1786703845.354357,48.592541,1480,23.42,146.17,76.55,1.0000,0.228389,0.159487,173.80,337.51,0.9760,0.271565,0.703149
1786703845.411198,48.649383,1482,23.42,146.20,76.33,1.0000,0.228442,0.159030,173.80,337.52,0.9759,0.271567,0.703156
1786703845.443157,48.681341,1483,23.42,146.17,76.17,1.0000,0.228386,0.158693,173.82,337.55,0.9762,0.271590,0.703236
1786703845.522934,48.761118,1485,23.42,146.17,76.28,1.0000,0.228388,0.158909,173.82,337.48,0.9764,0.271588,0.703080
1786703845.586795,48.824980,1487,23.42,146.24,75.92,1.0000,0.228493,0.158172,173.77,337.51,0.9765,0.271509,0.703142
1786703845.618740,48.856925,1488,23.42,146.22,75.97,1.0000,0.228475,0.158270,173.76,337.52,0.9757,0.271498,0.703173
1786703845.658725,48.896909,1489,23.42,146.09,75.97,1.0000,0.228272,0.158270,173.74,337.43,0.9754,0.271465,0.702969
1786703845.685296,48.923481,1490,23.51,146.09,75.97,1.0000,0.228273,0.158279,173.76,337.35,0.9752,0.271499,0.702813
1786703845.715105,48.953289,1491,23.51,146.20,76.01,1.0000,0.228436,0.158345,173.74,337.35,0.9756,0.271461,0.702812
1786703845.746985,48.985169,1492,23.51,146.24,75.99,1.0000,0.228499,0.158306,173.75,337.33,0.9758,0.271485,0.702779
1786703845.783828,49.022013,1493,23.51,146.13,75.83,1.0000,0.228327,0.157974,173.75,337.33,0.9760,0.271485,0.702778
1786703845.818855,49.057039,1494,23.51,146.22,75.54,1.0000,0.228464,0.157381,173.75,337.37,0.9763,0.271490,0.702851
1786703845.834647,49.072831,1495,23.51,146.25,75.48,1.0000,0.228521,0.157241,173.73,337.37,0.9763,0.271450,0.702861
1786703845.882152,49.120336,1496,23.51,146.09,75.55,1.0000,0.228266,0.157393,173.78,337.34,0.9762,0.271539,0.702794
1786703845.913700,49.151884,1497,23.51,146.09,75.58,1.0000,0.228271,0.157458,173.73,337.53,0.9760,0.271452,0.703186
1786703845.974692,49.212877,1498,23.51,146.13,75.62,1.0000,0.228335,0.157537,173.75,337.46,0.9761,0.271492,0.703034
1786703845.992431,49.230615,1499,23.51,146.15,75.50,1.0000,0.228355,0.157300,173.70,337.50,0.9760,0.271411,0.703120
1786703846.008360,49.246544,1500,23.51,146.29,75.54,1.0000,0.228577,0.157371,173.63,337.45,0.9764,0.271297,0.703028
1786703846.055517,49.293701,1501,23.51,146.26,75.72,1.0000,0.228526,0.157748,173.65,337.53,0.9761,0.271322,0.703194
1786703846.118968,49.357152,1503,23.51,146.14,75.78,1.0000,0.228351,0.157884,173.65,337.62,0.9763,0.271329,0.703365
1786703846.155812,49.393996,1504,23.51,146.14,75.83,1.0000,0.228346,0.157986,173.68,337.65,0.9761,0.271377,0.703445
1786703846.203337,49.441521,1505,24.40,146.10,75.84,1.0000,0.228274,0.157995,173.89,337.65,0.9758,0.271706,0.703446
1786703846.235574,49.473758,1506,24.40,146.09,75.92,1.0000,0.228265,0.158157,173.88,337.63,0.9758,0.271695,0.703403
1786703846.262029,49.500213,1507,24.40,146.09,76.23,1.0000,0.228265,0.158822,173.89,337.61,0.9759,0.271696,0.703344
1786703846.293644,49.531829,1508,24.40,146.09,76.20,1.0000,0.228262,0.158747,173.89,337.65,0.9754,0.271704,0.703431
1786703846.349254,49.587438,1510,24.40,146.07,76.07,1.0000,0.228238,0.158486,173.89,337.63,0.9751,0.271706,0.703400
1786703846.396798,49.634982,1511,24.40,146.07,75.93,1.0000,0.228237,0.158184,173.91,337.50,0.9752,0.271727,0.703115
1786703846.412593,49.650778,1512,24.40,146.05,75.93,1.0000,0.228197,0.158182,173.90,337.46,0.9751,0.271714,0.703043
1786703846.476264,49.714448,1514,24.40,146.08,75.94,1.0000,0.228254,0.158209,173.90,337.52,0.9751,0.271713,0.703167
1786703846.524390,49.762575,1515,24.40,146.08,75.85,1.0000,0.228253,0.158015,174.12,337.31,0.9748,0.272068,0.702735
1786703846.588108,49.826293,1517,24.40,145.90,75.85,1.0000,0.227975,0.158014,174.08,337.32,0.9747,0.272005,0.702748
1786703846.620025,49.858210,1518,24.40,145.79,75.83,1.0000,0.227805,0.157989,174.09,337.25,0.9750,0.272022,0.702595
1786703846.668075,49.906259,1519,23.78,145.79,75.83,1.0000,0.227801,0.157982,174.07,337.33,0.9750,0.271992,0.702776
1786703846.715758,49.953942,1521,23.78,145.72,75.99,1.0000,0.227685,0.158309,174.07,337.42,0.9749,0.271984,0.702962
1786703846.779303,50.017488,1523,23.78,145.27,75.57,1.0000,0.226991,0.157440,174.06,337.39,0.9753,0.271974,0.702904
1786703846.826710,50.064894,1524,23.78,145.38,75.57,1.0000,0.227149,0.157443,174.06,337.26,0.9753,0.271974,0.702632
1786703846.884415,50.122599,1526,23.78,145.61,75.96,1.0000,0.227511,0.158248,174.08,337.25,0.9750,0.271996,0.702604
1786703846.919624,50.157808,1527,23.78,145.61,76.23,1.0000,0.227508,0.158818,174.14,337.30,0.9745,0.272094,0.702702
1786703846.983636,50.221820,1529,23.78,145.54,76.42,1.0000,0.227399,0.159201,174.27,337.34,0.9751,0.272303,0.702794
1786703847.031453,50.269637,1530,23.78,145.54,76.69,1.0000,0.227402,0.159763,174.20,337.43,0.9748,0.272186,0.702982
1786703847.063043,50.301227,1531,23.78,145.50,76.30,1.0000,0.227340,0.158957,174.20,337.43,0.9745,0.272190,0.702981
1786703847.125901,50.364085,1533,23.78,145.50,76.19,1.0000,0.227351,0.158723,174.20,337.52,0.9746,0.272189,0.703175
1786703847.189384,50.427568,1535,23.78,145.28,76.13,1.0000,0.227000,0.158609,174.18,337.53,0.9747,0.272156,0.703193
1786703847.205353,50.443538,1536,23.01,145.22,75.83,1.0000,0.226907,0.157980,174.16,337.45,0.9748,0.272128,0.703025
1786703847.284921,50.523105,1538,23.01,145.21,75.88,1.0000,0.226887,0.158078,174.15,337.51,0.9751,0.272115,0.703136
1786703847.357768,50.595952,1540,23.01,145.18,75.87,1.0000,0.226843,0.158072,174.15,337.43,0.9752,0.272107,0.702989
1786703847.391496,50.629681,1541,23.01,145.18,76.26,1.0000,0.226844,0.158873,174.11,337.44,0.9754,0.272042,0.703005
1786703847.442639,50.680823,1543,23.01,145.05,76.54,1.0000,0.226648,0.159456,174.02,337.46,0.9754,0.271911,0.703047
1786703847.474742,50.712926,1544,23.01,145.16,76.37,1.0000,0.226817,0.159098,174.01,337.54,0.9748,0.271896,0.703198
1786703847.538681,50.776865,1545,23.01,145.16,76.35,1.0000,0.226818,0.159055,173.98,337.51,0.9745,0.271848,0.703138
1786703847.586455,50.824639,1547,23.01,145.31,76.32,1.0000,0.227048,0.158990,174.03,337.58,0.9742,0.271916,0.703299
1786703847.650191,50.888375,1549,23.01,145.15,75.74,1.0000,0.226797,0.157790,174.04,337.49,0.9742,0.271931,0.703108
1786703847.682032,50.920216,1550,23.01,145.40,75.70,1.0000,0.227181,0.157710,174.03,337.49,0.9739,0.271929,0.703114
1786703847.713714,50.951899,1551,23.01,145.43,75.53,1.0000,0.227235,0.157354,174.00,337.51,0.9743,0.271883,0.703154
1786703847.777171,51.015356,1553,22.60,145.47,75.53,1.0000,0.227296,0.157348,173.99,337.45,0.9739,0.271866,0.703011
1786703847.809036,51.047220,1554,22.60,145.65,75.49,1.0000,0.227586,0.157271,174.00,337.27,0.9742,0.271871,0.702650
1786703847.840544,51.078728,1555,22.60,145.99,75.37,1.0000,0.228110,0.157011,174.07,337.44,0.9745,0.271982,0.702992
1786703847.914208,51.152392,1557,22.60,146.25,76.08,1.0000,0.228520,0.158491,173.98,337.48,0.9746,0.271844,0.703088
1786703847.977627,51.215811,1559,22.60,146.37,76.12,1.0000,0.228701,0.158584,173.97,337.48,0.9745,0.271830,0.703089
1786703848.017757,51.255941,1560,22.60,146.41,76.23,1.0000,0.228764,0.158816,173.94,337.55,0.9751,0.271789,0.703231
1786703848.072867,51.311052,1562,22.60,146.12,75.94,1.0000,0.228313,0.158218,173.94,337.48,0.9757,0.271783,0.703074
1786703848.120468,51.358652,1563,22.60,146.27,75.93,1.0000,0.228549,0.158189,173.93,337.48,0.9755,0.271768,0.703077
1786703848.136366,51.374550,1564,22.60,146.28,75.85,1.0000,0.228556,0.158011,173.91,337.73,0.9758,0.271732,0.703601
1786703848.215505,51.453689,1566,22.60,146.58,76.10,1.0000,0.229027,0.158538,173.93,337.78,0.9762,0.271771,0.703715
1786703848.279706,51.517891,1568,21.94,146.59,76.04,1.0000,0.229051,0.158417,173.93,337.89,0.9758,0.271767,0.703945
1786703848.311941,51.550126,1569,21.94,146.40,76.02,1.0000,0.228755,0.158384,174.01,337.78,0.9756,0.271887,0.703712
1786703848.375524,51.613708,1571,21.94,146.54,76.02,1.0000,0.228962,0.158376,173.97,337.80,0.9754,0.271821,0.703758
1786703848.407738,51.645922,1572,21.94,146.52,76.01,1.0000,0.228933,0.158346,173.98,337.76,0.9757,0.271845,0.703663
1786703848.459704,51.697889,1573,21.94,146.52,75.38,1.0000,0.228934,0.157035,173.96,337.72,0.9758,0.271806,0.703592
1786703848.481187,51.719371,1574,21.94,146.56,75.36,1.0000,0.229000,0.156994,173.95,337.74,0.9761,0.271804,0.703632
1786703848.559600,51.797784,1576,21.94,146.66,75.42,1.0000,0.229159,0.157129,174.06,337.73,0.9759,0.271966,0.703600
1786703848.591771,51.829956,1577,21.94,146.67,75.37,1.0000,0.229169,0.157026,174.07,337.74,0.9757,0.271985,0.703626
1786703848.623663,51.861847,1578,21.94,146.65,75.35,1.0000,0.229143,0.156975,174.08,337.71,0.9755,0.272002,0.703572
1786703848.660049,51.898233,1579,21.94,147.07,75.40,1.0000,0.229794,0.157078,174.05,337.89,0.9756,0.271956,0.703941
1786703848.719050,51.957234,1581,21.94,147.35,75.75,1.0000,0.230242,0.157807,174.00,338.02,0.9751,0.271873,0.704207
1786703848.782544,52.020729,1583,21.93,147.36,75.73,1.0000,0.230255,0.157761,174.00,338.02,0.9749,0.271878,0.704198
1786703848.814461,52.052645,1584,21.93,147.35,75.72,1.0000,0.230235,0.157755,173.99,338.21,0.9751,0.271864,0.704609
1786703848.846417,52.084601,1585,21.93,147.29,75.63,1.0000,0.230145,0.157565,173.94,338.16,0.9753,0.271783,0.704506
1786703848.887546,52.125730,1586,21.93,147.18,75.63,1.0000,0.229965,0.157560,173.96,338.06,0.9751,0.271814,0.704295
1786703848.919481,52.157665,1587,21.93,146.99,75.48,1.0000,0.229673,0.157244,173.96,338.09,0.9749,0.271810,0.704348
1786703848.951093,52.189278,1588,21.93,146.70,75.19,1.0000,0.229224,0.156646,173.95,338.13,0.9749,0.271803,0.704444
1786703848.994505,52.232689,1589,21.93,146.64,75.34,1.0000,0.229118,0.156958,173.96,338.20,0.9751,0.271816,0.704589
1786703849.060889,52.299074,1591,21.93,146.65,76.04,1.0000,0.229138,0.158409,173.99,338.14,0.9752,0.271863,0.704460
1786703849.074001,52.312185,1592,21.93,146.72,76.19,1.0000,0.229243,0.158728,173.97,338.05,0.9755,0.271825,0.704265
1786703849.161222,52.399406,1594,21.93,146.78,76.44,1.0000,0.229337,0.159252,173.96,338.11,0.9756,0.271818,0.704396
1786703849.185494,52.423678,1595,21.93,146.59,76.37,1.0000,0.229048,0.159114,173.91,338.20,0.9759,0.271742,0.704575
1786703849.217705,52.455889,1596,21.93,146.43,75.94,1.0000,0.228789,0.158198,173.95,338.06,0.9758,0.271803,0.704300
1786703849.297517,52.535702,1598,22.20,146.26,75.91,1.0000,0.228536,0.158149,173.91,338.06,0.9763,0.271738,0.704289
1786703849.313411,52.551595,1599,22.20,146.42,75.91,1.0000,0.228780,0.158155,173.83,337.85,0.9763,0.271602,0.703851
1786703849.376840,52.615024,1601,22.20,146.50,76.36,1.0000,0.228902,0.159091,173.78,337.83,0.9766,0.271529,0.703803
1786703849.408784,52.646968,1602,22.20,146.51,76.49,1.0000,0.228923,0.159349,173.78,337.81,0.9766,0.271532,0.703781
1786703849.472511,52.710696,1603,22.20,146.57,76.49,1.0000,0.229011,0.159358,173.85,337.78,0.9769,0.271646,0.703718
1786703849.519140,52.757324,1605,22.20,146.57,76.90,1.0000,0.229016,0.160203,173.86,337.80,0.9764,0.271660,0.703748
1786703849.561804,52.799988,1606,22.20,146.57,76.67,1.0000,0.229020,0.159724,174.10,337.75,0.9754,0.272034,0.703642
1786703849.630219,52.868403,1608,22.20,146.27,76.66,1.0000,0.228553,0.159707,174.09,337.84,0.9758,0.272010,0.703825
1786703849.650139,52.888323,1609,22.20,146.42,76.40,1.0000,0.228785,0.159162,174.02,337.83,0.9759,0.271910,0.703802
1786703849.728106,52.966291,1611,22.20,146.41,76.21,1.0000,0.228760,0.158767,173.98,337.85,0.9758,0.271850,0.703859
1786703849.771656,53.009840,1612,22.20,146.37,76.22,1.0000,0.228705,0.158800,173.98,337.87,0.9757,0.271846,0.703890
1786703849.815082,53.053266,1613,22.20,146.28,75.97,1.0000,0.228565,0.158276,174.07,337.80,0.9753,0.271990,0.703752
1786703849.833938,53.072123,1614,22.20,146.28,76.00,1.0000,0.228565,0.158333,174.10,337.80,0.9749,0.272039,0.703752
1786703849.865944,53.104128,1615,22.47,146.10,75.91,1.0000,0.228286,0.158146,174.12,337.76,0.9749,0.272065,0.703660
1786703849.881378,53.119562,1616,22.47,146.10,75.79,1.0000,0.228287,0.157902,174.17,337.77,0.9746,0.272137,0.703679
1786703849.945396,53.183580,1618,22.47,146.11,75.75,1.0000,0.228289,0.157807,174.17,337.83,0.9746,0.272140,0.703820
1786703849.992263,53.230448,1619,22.47,146.10,75.50,1.0000,0.228281,0.157302,174.12,338.02,0.9745,0.272068,0.704201
1786703850.027052,53.265237,1620,22.47,146.10,75.49,1.0000,0.228278,0.157280,174.06,337.99,0.9751,0.271964,0.704156
1786703850.079165,53.317349,1621,22.47,145.96,75.25,1.0000,0.228066,0.156768,174.06,338.03,0.9756,0.271966,0.704236
1786703850.081316,53.319500,1622,22.47,146.02,75.26,1.0000,0.228163,0.156798,174.04,338.17,0.9757,0.271935,0.704512
1786703850.124335,53.362519,1623,22.47,146.05,75.45,1.0000,0.228206,0.157179,174.06,338.19,0.9756,0.271961,0.704562
1786703850.172496,53.410680,1624,22.47,146.01,75.27,1.0000,0.228142,0.156813,174.03,338.13,0.9763,0.271922,0.704436
1786703850.242092,53.480276,1626,22.47,146.16,75.27,1.0000,0.228379,0.156805,174.09,338.13,0.9758,0.272012,0.704432
1786703850.255800,53.493985,1627,22.47,145.96,75.29,1.0000,0.228062,0.156864,174.07,338.12,0.9751,0.271986,0.704416
1786703850.317931,53.556116,1629,22.47,145.88,75.23,1.0000,0.227935,0.156738,174.09,338.06,0.9747,0.272009,0.704282
1786703850.368050,53.606234,1630,22.47,145.81,75.00,1.0000,0.227822,0.156248,174.11,338.04,0.9743,0.272040,0.704259
1786703850.394116,53.632301,1631,22.86,145.90,75.04,1.0000,0.227968,0.156339,174.05,338.05,0.9741,0.271958,0.704263
1786703850.429374,53.667558,1632,22.86,145.90,75.13,1.0000,0.227963,0.156513,174.05,337.96,0.9737,0.271948,0.704084
1786703850.449819,53.688004,1633,22.86,145.90,75.14,1.0000,0.227963,0.156539,174.03,337.92,0.9737,0.271924,0.704008
1786703850.491337,53.729521,1634,22.86,145.90,75.14,1.0000,0.227962,0.156547,174.19,337.91,0.9737,0.272172,0.703979
1786703850.520130,53.758315,1635,22.86,145.88,75.35,1.0000,0.227935,0.156981,174.17,337.90,0.9738,0.272141,0.703960
1786703850.547843,53.786027,1636,22.86,145.89,75.38,1.0000,0.227947,0.157035,174.12,337.77,0.9738,0.272063,0.703687
1786703850.591939,53.830123,1637,22.86,145.89,75.36,1.0000,0.227951,0.157004,174.11,337.80,0.9735,0.272046,0.703743
1786703850.624356,53.862540,1638,22.86,145.86,75.36,1.0000,0.227903,0.156998,174.12,337.80,0.9743,0.272057,0.703753
1786703850.651227,53.889411,1639,22.86,145.86,75.35,1.0000,0.227902,0.156980,174.20,337.80,0.9743,0.272188,0.703746
1786703850.693086,53.931270,1640,22.86,145.87,75.30,1.0000,0.227928,0.156873,174.17,337.89,0.9747,0.272137,0.703939
1786703850.728529,53.966714,1641,22.86,145.89,75.30,1.0000,0.227949,0.156870,174.17,337.93,0.9749,0.272137,0.704017
1786703850.764068,54.002252,1642,22.86,145.94,75.25,1.0000,0.228024,0.156773,174.24,337.83,0.9744,0.272257,0.703803
1786703850.783536,54.021720,1643,22.86,145.95,75.23,1.0000,0.228040,0.156725,174.36,337.71,0.9744,0.272432,0.703564
1786703850.831810,54.069994,1644,22.86,145.92,75.16,1.0000,0.227993,0.156587,174.32,337.76,0.9749,0.272378,0.703657
1786703850.882873,54.121058,1646,22.86,146.05,75.25,1.0000,0.228198,0.156769,174.30,337.74,0.9753,0.272342,0.703631
1786703850.922622,54.160806,1647,23.97,146.42,75.32,1.0000,0.228783,0.156915,174.27,337.76,0.9753,0.272294,0.703660
1786703850.957370,54.195554,1648,23.97,146.64,75.33,1.0000,0.229121,0.156946,174.19,337.88,0.9756,0.272172,0.703923
1786703850.991940,54.230124,1649,23.97,146.71,75.35,1.0000,0.229241,0.156981,174.19,337.87,0.9757,0.272170,0.703890
1786703851.012198,54.250382,1650,23.97,146.72,75.36,1.0000,0.229249,0.156997,174.15,337.81,0.9755,0.272115,0.703762
1786703851.053902,54.292086,1651,23.97,146.60,75.25,1.0000,0.229064,0.156762,174.15,337.80,0.9751,0.272102,0.703757
1786703851.109485,54.347670,1652,23.97,146.68,75.32,1.0000,0.229190,0.156915,174.09,337.77,0.9756,0.272016,0.703680
1786703851.123425,54.361609,1653,23.97,146.87,75.29,1.0000,0.229481,0.156856,174.06,337.87,0.9756,0.271974,0.703886
1786703851.185829,54.424013,1655,23.97,146.86,75.30,1.0000,0.229462,0.156881,174.05,337.85,0.9756,0.271952,0.703847
1786703851.228275,54.466460,1656,23.97,146.96,75.09,1.0000,0.229625,0.156433,174.04,337.96,0.9756,0.271938,0.704079
1786703851.248454,54.486638,1657,23.97,146.88,74.92,1.0000,0.229499,0.156075,174.00,338.03,0.9759,0.271870,0.704221
1786703851.311458,54.549642,1659,23.97,146.42,74.92,1.0000,0.228779,0.156090,174.20,337.99,0.9753,0.272186,0.704142
1786703851.352473,54.590657,1660,23.97,146.41,74.87,1.0000,0.228771,0.155989,174.18,337.94,0.9754,0.272149,0.704044
1786703851.415052,54.653236,1662,23.85,146.65,74.77,1.0000,0.229144,0.155761,174.40,337.95,0.9756,0.272499,0.704055
1786703851.450568,54.688752,1663,23.85,146.60,74.73,1.0000,0.229060,0.155691,174.38,337.91,0.9761,0.272469,0.703975
1786703851.512443,54.750627,1665,23.85,146.63,74.68,1.0000,0.229112,0.155573,174.38,337.81,0.9762,0.272471,0.703773
1786703851.557770,54.795954,1666,23.85,146.72,74.75,1.0000,0.229249,0.155736,174.36,337.90,0.9759,0.272438,0.703959
1786703851.588608,54.826792,1667,23.85,146.81,74.73,1.0000,0.229396,0.155687,174.45,337.90,0.9754,0.272584,0.703966
1786703851.630689,54.868874,1668,23.85,146.79,74.72,1.0000,0.229361,0.155666,174.46,337.86,0.9753,0.272587,0.703871
1786703851.651245,54.889429,1669,23.85,146.79,74.71,1.0000,0.229365,0.155653,174.46,337.86,0.9748,0.272596,0.703867
1786703851.714484,54.952669,1671,23.85,147.30,75.00,1.0000,0.230157,0.156240,174.15,337.81,0.9751,0.272102,0.703763
1786703851.748264,54.986448,1672,23.85,147.41,75.03,1.0000,0.230321,0.156310,174.14,337.92,0.9750,0.272093,0.703994
1786703851.783648,55.021832,1673,23.85,147.45,75.16,1.0000,0.230388,0.156573,174.03,337.73,0.9755,0.271914,0.703603
1786703851.846304,55.084488,1675,23.85,147.45,75.06,1.0000,0.230387,0.156365,174.00,337.68,0.9750,0.271868,0.703505
1786703851.888040,55.126224,1676,23.85,147.41,75.13,1.0000,0.230330,0.156524,174.03,337.67,0.9749,0.271929,0.703476
1786703851.918672,55.156857,1677,23.85,147.59,75.20,1.0000,0.230613,0.156660,173.98,337.75,0.9747,0.271843,0.703654
1786703851.951731,55.189916,1678,24.21,147.60,75.32,1.0000,0.230632,0.156917,173.90,337.76,0.9747,0.271726,0.703660
1786703851.993189,55.231373,1679,24.21,147.64,75.52,1.0000,0.230693,0.157333,173.89,337.85,0.9752,0.271701,0.703853
1786703852.027502,55.265687,1680,24.21,147.68,75.52,1.0000,0.230758,0.157337,173.81,337.85,0.9754,0.271576,0.703854
1786703852.058468,55.296652,1681,24.21,147.72,75.84,1.0000,0.230813,0.157996,173.90,337.82,0.9747,0.271719,0.703791
1786703852.090483,55.328668,1682,24.21,147.72,76.16,1.0000,0.230810,0.158670,173.84,337.71,0.9753,0.271620,0.703553
1786703852.133563,55.371747,1683,24.21,147.69,76.10,1.0000,0.230766,0.158539,173.75,337.62,0.9757,0.271481,0.703371
1786703852.158853,55.397038,1684,24.21,147.65,76.09,1.0000,0.230707,0.158526,173.75,337.63,0.9761,0.271488,0.703387
1786703852.182938,55.421123,1685,24.21,147.64,76.11,1.0000,0.230683,0.158572,173.72,337.66,0.9765,0.271434,0.703469
1786703852.232602,55.470786,1686,24.21,147.50,76.12,1.0000,0.230475,0.158583,173.71,337.69,0.9766,0.271415,0.703529
1786703852.252948,55.491132,1687,24.21,147.49,76.23,1.0000,0.230460,0.158819,173.73,337.69,0.9770,0.271447,0.703529
1786703852.284269,55.522454,1688,24.21,147.42,75.91,1.0000,0.230342,0.158148,173.76,337.66,0.9769,0.271496,0.703454
1786703852.324707,55.562891,1689,24.21,147.41,75.93,1.0000,0.230335,0.158190,173.70,337.71,0.9765,0.271413,0.703567
1786703852.402219,55.640404,1691,24.21,147.37,75.19,1.0000,0.230259,0.156640,173.81,337.71,0.9768,0.271575,0.703571
1786703852.450131,55.688316,1693,24.50,147.32,75.59,1.0000,0.230192,0.157484,173.79,337.72,0.9767,0.271554,0.703590
1786703852.492087,55.730271,1694,24.50,147.25,75.54,1.0000,0.230077,0.157371,173.74,337.73,0.9769,0.271473,0.703601
1786703852.523752,55.761936,1695,24.50,147.25,75.52,1.0000,0.230076,0.157334,173.76,337.71,0.9770,0.271500,0.703563
1786703852.563152,55.801337,1696,24.50,147.08,75.51,1.0000,0.229812,0.157311,173.83,337.92,0.9767,0.271608,0.704001
1786703852.586134,55.824318,1697,24.50,147.07,75.51,1.0000,0.229800,0.157310,173.83,337.91,0.9770,0.271613,0.703972
1786703852.685707,55.923891,1699,24.50,147.07,75.29,1.0000,0.229797,0.156859,173.94,337.75,0.9770,0.271774,0.703652
1786703852.695485,55.933670,1700,24.50,147.06,75.35,1.0000,0.229788,0.156976,173.94,337.75,0.9772,0.271782,0.703641
1786703852.770133,56.008318,1702,24.50,147.18,75.35,1.0000,0.229967,0.156970,173.93,337.80,0.9773,0.271772,0.703741
1786703852.796823,56.035007,1703,24.50,147.07,75.38,1.0000,0.229799,0.157032,173.91,337.81,0.9776,0.271729,0.703775
1786703852.852518,56.090702,1705,24.50,147.10,75.38,1.0000,0.229837,0.157037,173.93,338.08,0.9776,0.271765,0.704332
1786703852.887106,56.125291,1706,24.50,147.04,75.46,1.0000,0.229752,0.157199,173.90,338.08,0.9776,0.271721,0.704343
1786703852.922531,56.160715,1707,24.50,146.82,75.66,1.0000,0.229410,0.157619,173.96,338.08,0.9773,0.271818,0.704343
1786703852.984944,56.223128,1709,24.08,146.80,75.45,1.0000,0.229378,0.157186,174.12,338.05,0.9768,0.272068,0.704269
1786703853.026175,56.264359,1710,24.08,146.46,75.40,1.0000,0.228839,0.157091,174.14,337.94,0.9769,0.272090,0.704050
1786703853.053830,56.292014,1711,24.08,146.43,75.32,1.0000,0.228791,0.156920,174.14,337.85,0.9770,0.272091,0.703857
1786703853.095628,56.333812,1712,24.08,146.24,75.14,1.0000,0.228495,0.156547,174.08,337.85,0.9768,0.271996,0.703851
1786703853.125942,56.364126,1713,24.08,146.21,75.22,1.0000,0.228445,0.156702,174.08,337.77,0.9764,0.272003,0.703684
1786703853.160669,56.398853,1714,24.08,146.08,75.22,1.0000,0.228247,0.156705,174.16,337.76,0.9761,0.272118,0.703675
1786703853.191169,56.429353,1715,24.08,146.07,75.61,1.0000,0.228240,0.157515,174.16,337.87,0.9757,0.272126,0.703895
1786703853.258633,56.496818,1717,24.08,146.07,75.38,1.0000,0.228238,0.157032,174.16,337.82,0.9753,0.272126,0.703793
1786703853.301712,56.539896,1718,24.08,146.11,75.59,1.0000,0.228299,0.157478,174.23,337.57,0.9750,0.272240,0.703267
1786703853.315240,56.553425,1719,24.08,146.28,75.59,1.0000,0.228570,0.157476,174.27,337.45,0.9752,0.272297,0.703025
1786703853.356058,56.594242,1720,24.08,146.28,75.51,1.0000,0.228563,0.157305,174.34,337.45,0.9748,0.272404,0.703017
1786703853.417561,56.655745,1722,24.08,146.29,75.61,1.0000,0.228573,0.157511,174.37,337.45,0.9747,0.272452,0.703030
1786703853.448312,56.686496,1723,24.08,146.29,75.44,1.0000,0.228571,0.157162,174.38,337.57,0.9745,0.272473,0.703269
1786703853.488851,56.727035,1724,24.17,146.37,75.43,1.0000,0.228709,0.157140,174.39,337.71,0.9741,0.272487,0.703553
1786703853.550438,56.788622,1726,24.17,146.45,76.05,1.0000,0.228825,0.158433,174.45,337.71,0.9738,0.272577,0.703560
1786703853.591712,56.829896,1727,24.17,146.43,75.43,1.0000,0.228798,0.157149,174.41,337.71,0.9740,0.272514,0.703567
1786703853.632092,56.870276,1728,24.17,146.42,75.30,1.0000,0.228781,0.156883,174.40,337.79,0.9735,0.272499,0.703723
1786703853.662821,56.901005,1729,24.17,146.44,75.75,1.0000,0.228813,0.157812,174.40,337.71,0.9731,0.272494,0.703568
1786703853.693584,56.931768,1730,24.17,146.43,75.62,1.0000,0.228797,0.157544,174.36,337.71,0.9735,0.272438,0.703570
1786703853.757571,56.995755,1732,24.17,146.46,75.62,1.0000,0.228838,0.157536,174.36,337.80,0.9739,0.272430,0.703743
1786703853.799682,57.037866,1733,24.17,146.52,76.07,1.0000,0.228941,0.158489,174.32,337.85,0.9740,0.272369,0.703854
1786703853.863376,57.101560,1735,24.17,146.55,75.63,1.0000,0.228989,0.157557,174.24,337.83,0.9741,0.272251,0.703813
1786703853.911118,57.149302,1737,24.17,146.55,76.21,1.0000,0.228985,0.158763,174.24,337.72,0.9741,0.272245,0.703577
1786703853.958756,57.196941,1738,24.17,146.61,76.27,1.0000,0.229080,0.158886,174.13,337.84,0.9746,0.272081,0.703830
1786703853.974536,57.212720,1739,24.17,146.62,76.28,1.0000,0.229087,0.158916,174.09,337.83,0.9741,0.272022,0.703817
1786703854.053406,57.291590,1741,23.85,146.66,76.38,1.0000,0.229164,0.159127,174.13,337.97,0.9746,0.272073,0.704098
1786703854.101663,57.339847,1742,23.85,146.71,76.20,1.0000,0.229227,0.158750,174.10,338.00,0.9745,0.272030,0.704164
1786703854.119130,57.357314,1743,23.85,146.64,75.90,1.0000,0.229130,0.158121,174.04,338.01,0.9746,0.271934,0.704178
1786703854.152225,57.390409,1744,23.85,146.84,76.01,1.0000,0.229436,0.158350,173.93,338.06,0.9741,0.271768,0.704289
1786703854.183728,57.421913,1745,23.85,146.93,76.06,1.0000,0.229571,0.158458,173.96,338.09,0.9742,0.271811,0.704356
1786703854.260253,57.498437,1747,23.85,146.93,76.26,1.0000,0.229580,0.158869,173.88,338.04,0.9746,0.271688,0.704260
1786703854.300010,57.538194,1748,23.85,147.07,76.68,1.0000,0.229798,0.159745,173.94,338.03,0.9750,0.271774,0.704223
1786703854.348648,57.586832,1749,23.85,147.11,76.76,1.0000,0.229857,0.159923,173.86,337.97,0.9747,0.271651,0.704104
1786703854.363314,57.601498,1750,23.85,147.11,76.91,1.0000,0.229860,0.160221,173.76,337.95,0.9750,0.271499,0.704070
1786703854.411616,57.649800,1751,23.85,147.12,77.10,1.0000,0.229875,0.160630,173.74,338.00,0.9753,0.271471,0.704171
1786703854.459526,57.697711,1753,23.85,147.11,77.33,1.0000,0.229862,0.161097,173.72,338.02,0.9757,0.271437,0.704198
1786703854.479638,57.717822,1754,23.85,147.18,77.34,1.0000,0.229974,0.161134,173.67,337.88,0.9756,0.271360,0.703915
1786703854.554660,57.792844,1756,23.69,147.17,76.96,1.0000,0.229953,0.160328,173.78,337.84,0.9758,0.271528,0.703829
1786703854.586621,57.824805,1757,23.69,147.16,76.76,1.0000,0.229943,0.159907,173.88,337.75,0.9761,0.271690,0.703646
1786703854.650702,57.888887,1758,23.69,146.98,76.75,1.0000,0.229662,0.159893,173.86,337.72,0.9761,0.271654,0.703584
1786703854.698381,57.936566,1760,23.69,147.06,76.83,1.0000,0.229787,0.160069,173.84,337.72,0.9759,0.271621,0.703581
1786703854.730525,57.968709,1761,23.69,147.06,76.80,1.0000,0.229788,0.159997,173.83,337.69,0.9760,0.271606,0.703515
1786703854.746500,57.984685,1762,23.69,147.03,76.78,1.0000,0.229731,0.159965,173.83,337.70,0.9760,0.271603,0.703541
1786703854.794448,58.032632,1763,23.69,147.11,76.81,1.0000,0.229857,0.160020,173.82,337.80,0.9757,0.271602,0.703748
1786703854.834581,58.072765,1764,23.69,147.15,76.82,1.0000,0.229917,0.160052,173.86,337.82,0.9764,0.271653,0.703784
1786703854.852796,58.090980,1765,23.69,147.08,76.74,1.0000,0.229806,0.159882,173.80,337.83,0.9762,0.271557,0.703806
1786703854.890120,58.128304,1766,23.69,146.95,76.60,1.0000,0.229608,0.159574,173.96,337.80,0.9762,0.271817,0.703741
1786703854.953367,58.191552,1768,23.69,147.04,76.47,1.0000,0.229747,0.159307,173.97,337.80,0.9759,0.271823,0.703743
1786703854.973949,58.212133,1769,23.69,146.92,76.46,1.0000,0.229558,0.159298,173.98,337.86,0.9762,0.271845,0.703883
1786703855.021503,58.259687,1770,23.69,146.77,76.45,1.0000,0.229321,0.159279,174.16,337.90,0.9761,0.272124,0.703957
1786703855.052815,58.290999,1771,23.69,146.74,76.45,1.0000,0.229284,0.159277,174.18,337.95,0.9756,0.272156,0.704053
1786703855.108524,58.346708,1772,24.18,146.67,76.46,1.0000,0.229176,0.159286,174.29,337.92,0.9756,0.272322,0.703998
1786703855.116057,58.354241,1773,24.18,146.68,76.46,1.0000,0.229191,0.159286,174.28,338.00,0.9752,0.272316,0.704171
1786703855.168652,58.406837,1774,24.18,146.64,76.39,1.0000,0.229127,0.159154,174.29,337.92,0.9752,0.272323,0.703994
1786703855.196427,58.434612,1775,24.18,146.62,76.23,1.0000,0.229092,0.158804,174.29,337.90,0.9749,0.272329,0.703961
1786703855.211895,58.450079,1776,24.18,146.50,76.22,1.0000,0.228900,0.158799,174.32,337.91,0.9746,0.272371,0.703976
1786703855.259318,58.497502,1777,24.18,146.44,76.24,1.0000,0.228820,0.158834,174.37,337.88,0.9747,0.272453,0.703909
1786703855.275461,58.513646,1778,24.18,146.48,76.23,1.0000,0.228874,0.158803,174.37,337.66,0.9744,0.272451,0.703465
1786703855.355398,58.593582,1780,24.18,146.54,76.26,1.0000,0.228968,0.158879,174.39,337.66,0.9741,0.272477,0.703466
1786703855.387287,58.625472,1781,24.18,146.56,76.28,1.0000,0.228994,0.158907,174.35,337.33,0.9741,0.272427,0.702762
1786703855.418770,58.656954,1782,24.18,146.55,76.25,1.0000,0.228986,0.158847,174.35,337.34,0.9743,0.272422,0.702792
1786703855.459077,58.697261,1783,24.18,146.54,76.22,1.0000,0.228966,0.158792,174.35,337.27,0.9746,0.272420,0.702638
1786703855.484993,58.723177,1784,24.18,146.41,76.21,1.0000,0.228761,0.158766,174.39,337.34,0.9747,0.272483,0.702791
1786703855.519955,58.758139,1785,24.18,146.41,76.11,1.0000,0.228761,0.158555,174.39,337.37,0.9748,0.272484,0.702856
1786703855.564955,58.803139,1786,24.18,146.40,76.13,1.0000,0.228752,0.158605,174.39,337.39,0.9748,0.272482,0.702902
1786703855.578092,58.816277,1787,24.18,146.44,75.70,1.0000,0.228815,0.157700,174.39,337.47,0.9745,0.272477,0.703055
1786703855.625504,58.863688,1788,24.95,146.31,75.71,1.0000,0.228602,0.157735,174.24,337.46,0.9748,0.272245,0.703040
1786703855.672795,58.910979,1790,24.95,146.32,75.07,1.0000,0.228631,0.156392,174.16,337.62,0.9751,0.272125,0.703374
1786703855.704216,58.942401,1791,24.95,146.32,74.65,1.0000,0.228630,0.155514,174.09,337.75,0.9752,0.272013,0.703655
1786703855.751995,58.990179,1792,24.95,146.32,74.66,1.0000,0.228626,0.155544,173.99,337.81,0.9757,0.271862,0.703770
1786703855.815656,59.053840,1794,24.95,146.50,74.67,1.0000,0.228909,0.155571,174.01,337.86,0.9755,0.271886,0.703876
1786703855.847307,59.085491,1795,24.95,146.61,74.86,1.0000,0.229080,0.155965,173.90,337.68,0.9755,0.271724,0.703496
1786703855.920966,59.159151,1797,24.95,146.66,74.90,1.0000,0.229158,0.156035,173.91,337.70,0.9751,0.271731,0.703545
1786703855.984866,59.223051,1799,24.95,147.01,74.91,1.0000,0.229699,0.156055,174.00,337.65,0.9752,0.271868,0.703438
1786703856.000864,59.239048,1800,24.95,147.23,75.02,1.0000,0.230040,0.156302,173.97,337.68,0.9755,0.271824,0.703492
1786703856.049001,59.287185,1801,24.95,147.09,74.96,1.0000,0.229825,0.156166,173.93,337.69,0.9755,0.271773,0.703517
1786703856.128246,59.366431,1803,24.95,147.31,74.96,1.0000,0.230180,0.156177,173.93,337.66,0.9750,0.271772,0.703459
1786703856.159957,59.398142,1804,24.08,147.50,74.92,1.0000,0.230471,0.156089,173.93,337.52,0.9752,0.271766,0.703157
1786703856.223573,59.461758,1805,24.08,147.51,74.76,1.0000,0.230477,0.155750,173.92,337.42,0.9756,0.271750,0.702950
1786703856.239037,59.477221,1806,24.08,147.53,74.66,1.0000,0.230523,0.155542,174.00,337.44,0.9759,0.271868,0.703000
1786703856.297861,59.536045,1808,24.08,147.72,74.73,1.0000,0.230820,0.155681,173.98,337.46,0.9763,0.271842,0.703033
1786703856.330853,59.569037,1809,24.08,148.30,74.85,1.0000,0.231712,0.155934,173.99,337.44,0.9765,0.271861,0.702995
1786703856.360415,59.598599,1810,24.08,148.57,74.84,1.0000,0.232148,0.155921,174.02,337.44,0.9766,0.271901,0.702992
1786703856.394333,59.632517,1811,24.08,149.33,75.09,1.0000,0.233331,0.156431,173.95,337.48,0.9765,0.271791,0.703086
1786703856.414949,59.653133,1812,24.08,149.52,75.15,1.0000,0.233632,0.156554,173.95,337.57,0.9769,0.271804,0.703263
1786703856.477416,59.715600,1814,24.08,149.82,75.17,1.0000,0.234086,0.156603,173.94,337.65,0.9766,0.271780,0.703446
1786703856.508513,59.746697,1815,24.08,150.35,75.44,1.0000,0.234924,0.157165,173.79,337.75,0.9763,0.271541,0.703640
1786703856.588048,59.826232,1817,24.08,150.73,75.49,1.0000,0.235514,0.157271,173.80,337.79,0.9764,0.271557,0.703735
1786703856.635725,59.873909,1818,24.08,150.72,75.51,1.0000,0.235504,0.157305,173.89,337.79,0.9756,0.271706,0.703733
1786703856.683881,59.922065,1820,23.99,150.71,75.43,1.0000,0.235491,0.157136,173.97,337.81,0.9754,0.271834,0.703770
1786703856.715571,59.953755,1821,23.99,151.04,75.68,1.0000,0.235998,0.157670,173.97,337.78,0.9754,0.271831,0.703716
1786703856.763995,60.002179,1822,23.99,151.27,75.85,1.0000,0.236353,0.158026,173.89,337.79,0.9753,0.271697,0.703732
1786703856.792689,60.030873,1823,23.99,151.14,75.73,1.0000,0.236159,0.157768,173.83,337.90,0.9753,0.271614,0.703964
1786703856.820372,60.058557,1824,23.99,151.02,75.59,1.0000,0.235973,0.157470,173.77,337.64,0.9756,0.271514,0.703424
1786703856.889926,60.128111,1826,23.99,151.01,75.59,1.0000,0.235955,0.157485,173.81,337.63,0.9757,0.271578,0.703397
1786703856.927278,60.165462,1827,23.99,150.79,75.49,1.0000,0.235603,0.157275,173.73,337.67,0.9755,0.271459,0.703471
1786703856.957586,60.195770,1828,23.99,150.77,75.53,1.0000,0.235579,0.157344,173.69,337.69,0.9756,0.271396,0.703513
1786703856.989318,60.227502,1829,23.99,150.82,75.55,1.0000,0.235662,0.157390,173.65,337.73,0.9758,0.271335,0.703598
1786703857.021093,60.259278,1830,23.99,150.75,75.55,1.0000,0.235551,0.157388,173.63,337.85,0.9760,0.271291,0.703851
1786703857.068993,60.307178,1831,23.99,150.73,75.52,1.0000,0.235513,0.157328,173.62,337.86,0.9754,0.271287,0.703876
1786703857.116677,60.354861,1832,23.99,150.76,75.50,1.0000,0.235559,0.157297,173.62,337.92,0.9753,0.271274,0.703992
1786703857.164359,60.402543,1834,23.99,150.82,75.64,1.0000,0.235653,0.157591,173.60,337.95,0.9752,0.271255,0.704054
1786703857.180140,60.418325,1835,24.29,150.81,75.63,1.0000,0.235637,0.157555,173.58,337.94,0.9746,0.271216,0.704034
1786703857.241649,60.479833,1836,24.29,150.76,75.65,1.0000,0.235569,0.157607,173.57,337.94,0.9747,0.271202,0.704041
1786703857.256562,60.494746,1837,24.29,150.73,75.66,1.0000,0.235516,0.157619,173.57,337.95,0.9751,0.271200,0.704057
1786703857.299497,60.537681,1838,24.29,150.73,75.76,1.0000,0.235514,0.157838,173.55,337.95,0.9752,0.271179,0.704065
1786703857.332634,60.570818,1839,24.29,150.63,75.61,1.0000,0.235357,0.157522,173.52,337.74,0.9748,0.271122,0.703631
1786703857.401012,60.639196,1841,24.29,150.46,75.59,1.0000,0.235100,0.157489,173.52,337.75,0.9749,0.271132,0.703649
1786703857.422035,60.660219,1842,24.29,150.43,75.65,1.0000,0.235046,0.157605,173.49,337.90,0.9745,0.271077,0.703954
1786703857.463726,60.701910,1843,24.29,150.41,75.65,1.0000,0.235021,0.157606,173.54,337.89,0.9746,0.271157,0.703944
1786703857.519238,60.757423,1845,24.29,150.49,75.68,1.0000,0.235146,0.157662,173.53,337.88,0.9746,0.271141,0.703910
1786703857.554307,60.792491,1846,24.29,150.50,75.62,1.0000,0.235152,0.157550,173.60,337.87,0.9745,0.271250,0.703899
1786703857.588774,60.826958,1847,24.29,150.48,75.63,1.0000,0.235118,0.157558,173.63,337.74,0.9745,0.271302,0.703617
1786703857.623327,60.861511,1848,24.29,150.49,75.63,1.0000,0.235135,0.157557,173.67,337.74,0.9747,0.271365,0.703625
1786703857.666171,60.904355,1849,24.29,150.47,75.56,1.0000,0.235112,0.157426,173.67,337.94,0.9746,0.271364,0.704050
1786703857.693655,60.931840,1850,24.61,150.47,75.56,1.0000,0.235105,0.157412,173.66,337.89,0.9747,0.271345,0.703947
1786703857.743437,60.981622,1851,24.61,150.52,75.60,1.0000,0.235193,0.157493,173.69,337.96,0.9747,0.271389,0.704084
1786703857.762877,61.001061,1852,24.61,150.51,75.60,1.0000,0.235172,0.157493,173.69,338.00,0.9745,0.271392,0.704174
1786703857.797551,61.035735,1853,24.61,150.51,75.57,1.0000,0.235168,0.157432,173.69,338.00,0.9742,0.271396,0.704168
1786703857.853412,61.091596,1855,24.61,150.41,75.62,1.0000,0.235014,0.157545,173.70,337.94,0.9746,0.271410,0.704035
1786703857.888239,61.126423,1856,24.61,150.39,75.92,1.0000,0.234986,0.158160,173.70,337.98,0.9744,0.271401,0.704121
1786703857.929782,61.167967,1857,24.61,150.06,75.91,1.0000,0.234473,0.158150,173.70,337.98,0.9738,0.271405,0.704124
1786703857.964041,61.202225,1858,24.61,149.70,76.05,1.0000,0.233911,0.158436,173.61,338.00,0.9741,0.271271,0.704173
1786703858.007911,61.246095,1859,24.61,149.58,76.05,1.0000,0.233717,0.158447,173.57,338.05,0.9741,0.271202,0.704263
1786703858.027017,61.265201,1860,24.61,149.53,76.08,1.0000,0.233636,0.158498,173.56,338.12,0.9743,0.271183,0.704421
1786703858.054887,61.293071,1861,24.61,149.39,76.16,1.0000,0.233424,0.158663,173.55,338.15,0.9743,0.271177,0.704486
1786703858.082478,61.320662,1862,24.61,149.34,76.22,1.0000,0.233347,0.158786,173.65,338.13,0.9744,0.271329,0.704448
1786703858.145425,61.383609,1864,24.61,149.06,76.54,1.0000,0.232902,0.159451,173.68,338.15,0.9745,0.271369,0.704476
1786703858.188502,61.426686,1865,24.61,148.96,76.54,1.0000,0.232752,0.159450,173.64,338.22,0.9748,0.271305,0.704628
1786703858.238751,61.476935,1866,24.85,148.55,76.26,1.0000,0.232110,0.158885,173.89,338.21,0.9747,0.271704,0.704596
1786703858.266110,61.504295,1867,24.85,148.45,76.57,1.0000,0.231954,0.159528,173.91,338.19,0.9749,0.271727,0.704569
1786703858.293552,61.531736,1868,24.85,148.36,76.55,1.0000,0.231815,0.159475,174.00,338.21,0.9748,0.271880,0.704612
1786703858.349454,61.587638,1870,24.85,147.85,76.49,1.0000,0.231022,0.159359,173.87,338.32,0.9750,0.271668,0.704828
1786703858.395526,61.633710,1871,24.85,147.64,76.26,1.0000,0.230691,0.158871,173.87,338.34,0.9749,0.271667,0.704875
1786703858.429176,61.667360,1872,24.85,147.43,75.92,1.0000,0.230355,0.158167,173.95,338.31,0.9747,0.271792,0.704818
1786703858.468616,61.706800,1873,24.85,147.25,75.97,1.0000,0.230071,0.158280,173.93,338.34,0.9745,0.271765,0.704880
1786703858.503866,61.742051,1874,24.85,147.23,75.92,1.0000,0.230042,0.158158,173.87,338.26,0.9744,0.271672,0.704707
1786703858.552865,61.791049,1876,24.85,147.20,75.92,1.0000,0.229993,0.158158,173.79,338.22,0.9746,0.271547,0.704634
1786703858.595365,61.833549,1877,24.85,147.18,75.87,1.0000,0.229961,0.158070,173.69,338.19,0.9749,0.271388,0.704555
1786703858.626739,61.864923,1878,24.85,146.98,76.28,1.0000,0.229653,0.158917,173.69,338.18,0.9750,0.271386,0.704532
1786703858.698144,61.936328,1880,24.85,147.03,76.18,1.0000,0.229736,0.158700,173.71,338.21,0.9751,0.271427,0.704611
1786703858.741785,61.979969,1881,24.58,146.90,76.11,1.0000,0.229539,0.158554,173.70,338.18,0.9758,0.271400,0.704541
1786703858.800776,62.038961,1882,24.58,146.88,76.00,1.0000,0.229494,0.158330,173.86,338.18,0.9757,0.271652,0.704541
1786703858.836599,62.074783,1884,24.58,146.86,76.03,1.0000,0.229474,0.158385,173.86,338.16,0.9758,0.271649,0.704490
1786703858.859351,62.097536,1885,24.58,146.87,76.05,1.0000,0.229482,0.158448,173.84,338.10,0.9754,0.271630,0.704367
1786703858.924159,62.162343,1886,24.58,146.97,76.11,1.0000,0.229643,0.158554,173.83,338.05,0.9751,0.271610,0.704273
1786703858.936426,62.174611,1887,24.58,146.97,76.11,1.0000,0.229637,0.158555,173.90,337.99,0.9753,0.271722,0.704145
1786703858.986059,62.224244,1889,24.58,146.94,76.17,1.0000,0.229595,0.158686,173.91,337.99,0.9753,0.271734,0.704153
1786703859.020572,62.258756,1890,24.58,146.97,76.21,1.0000,0.229644,0.158776,173.97,337.99,0.9753,0.271824,0.704137
1786703859.056241,62.294425,1891,24.58,146.85,76.21,1.0000,0.229453,0.158770,173.89,337.98,0.9758,0.271700,0.704132
1786703859.095896,62.334080,1892,24.58,146.63,76.07,1.0000,0.229115,0.158475,173.92,337.92,0.9760,0.271748,0.703997
1786703859.131509,62.369694,1893,24.58,146.57,75.89,1.0000,0.229012,0.158111,173.82,338.19,0.9761,0.271594,0.704562
1786703859.163430,62.401615,1894,24.58,146.27,75.18,1.0000,0.228542,0.156628,174.07,338.10,0.9760,0.271990,0.704367
1786703859.225927,62.464111,1896,24.58,146.17,75.35,1.0000,0.228396,0.156986,174.04,338.14,0.9759,0.271933,0.704458
1786703859.262431,62.500615,1897,24.53,146.12,75.50,1.0000,0.228316,0.157296,174.07,338.16,0.9756,0.271985,0.704509
1786703859.297158,62.535342,1898,24.53,146.06,75.36,1.0000,0.228225,0.156995,174.07,338.02,0.9755,0.271982,0.704216
1786703859.353059,62.591243,1900,24.53,145.95,75.36,1.0000,0.228054,0.157006,174.09,338.02,0.9754,0.272010,0.704214
1786703859.388276,62.626461,1901,24.53,145.94,75.80,1.0000,0.228028,0.157910,174.07,338.05,0.9751,0.271991,0.704262
1786703859.416403,62.654587,1902,24.53,145.91,75.75,1.0000,0.227980,0.157807,174.04,338.05,0.9750,0.271937,0.704262
1786703859.457391,62.695575,1903,24.53,145.95,76.16,1.0000,0.228043,0.158673,174.05,338.04,0.9748,0.271955,0.704259
1786703859.485289,62.723473,1904,24.53,145.88,76.05,1.0000,0.227944,0.158434,174.03,338.04,0.9744,0.271927,0.704253
1786703859.548397,62.786582,1906,24.53,145.87,76.05,1.0000,0.227918,0.158430,174.11,338.02,0.9741,0.272042,0.704214
1786703859.588897,62.827081,1907,24.53,145.92,75.96,1.0000,0.227997,0.158243,174.10,337.97,0.9739,0.272036,0.704106
1786703859.645592,62.883776,1908,24.53,146.00,76.16,1.0000,0.228118,0.158669,174.12,337.92,0.9727,0.272069,0.703993
1786703859.654221,62.892405,1909,24.53,145.98,75.95,1.0000,0.228088,0.158225,174.10,337.89,0.9729,0.272033,0.703935
1786703859.721454,62.959638,1911,24.53,145.94,75.49,1.0000,0.228033,0.157263,174.08,337.89,0.9728,0.272000,0.703930
1786703859.748260,62.986444,1912,24.53,145.87,75.38,1.0000,0.227926,0.157046,174.07,337.84,0.9730,0.271980,0.703843
1786703859.784017,63.022201,1913,24.57,145.87,75.38,1.0000,0.227916,0.157050,174.08,337.86,0.9725,0.272001,0.703882
1786703859.810717,63.048901,1914,24.57,145.86,75.37,1.0000,0.227912,0.157018,174.06,337.83,0.9725,0.271967,0.703822
1786703859.852740,63.090924,1915,24.57,145.73,75.35,1.0000,0.227703,0.156986,174.02,337.83,0.9726,0.271906,0.703808
1786703859.915578,63.153763,1917,24.57,145.65,75.35,1.0000,0.227586,0.156979,173.99,337.97,0.9725,0.271866,0.704113
1786703859.957133,63.195317,1918,24.57,145.68,75.36,1.0000,0.227625,0.156996,174.05,337.98,0.9727,0.271953,0.704135
1786703859.984734,63.222918,1919,24.57,145.64,75.33,1.0000,0.227564,0.156929,174.07,337.97,0.9727,0.271977,0.704094
1786703860.046897,63.285082,1920,24.57,145.65,75.29,1.0000,0.227583,0.156863,174.11,338.01,0.9722,0.272044,0.704196
1786703860.081994,63.320178,1922,24.57,145.47,74.61,1.0000,0.227291,0.155436,174.07,338.03,0.9725,0.271980,0.704238
1786703860.133864,63.372049,1923,24.57,145.10,74.62,1.0000,0.226720,0.155448,174.03,338.17,0.9729,0.271915,0.704515
1786703860.160947,63.399131,1924,24.57,144.79,74.52,1.0000,0.226235,0.155251,174.03,338.14,0.9729,0.271928,0.704466
1786703860.188675,63.426859,1925,24.57,144.79,74.60,1.0000,0.226240,0.155423,173.93,338.18,0.9738,0.271771,0.704549
1786703860.222927,63.461111,1926,24.57,144.74,74.52,1.0000,0.226155,0.155246,174.00,338.08,0.9738,0.271872,0.704334
1786703860.300401,63.538586,1928,24.32,144.63,74.61,1.0000,0.225985,0.155436,173.89,338.13,0.9744,0.271707,0.704433
1786703860.350981,63.589165,1930,24.32,144.17,74.70,1.0000,0.225260,0.155623,173.92,338.21,0.9745,0.271751,0.704612
1786703860.389795,63.627979,1931,24.32,144.05,74.70,1.0000,0.225085,0.155630,173.93,338.14,0.9745,0.271766,0.704456
1786703860.420473,63.658657,1932,24.32,144.06,74.87,1.0000,0.225089,0.155976,173.92,338.14,0.9751,0.271749,0.704460
1786703860.463237,63.701421,1933,24.32,143.84,74.86,1.0000,0.224746,0.155961,173.90,338.08,0.9749,0.271721,0.704333
1786703860.498510,63.736694,1934,24.32,143.82,75.02,1.0000,0.224712,0.156287,173.91,338.08,0.9752,0.271731,0.704338
1786703860.526295,63.764479,1935,24.32,143.82,75.04,1.0000,0.224713,0.156325,173.95,338.08,0.9752,0.271799,0.704335
1786703860.563287,63.801471,1936,24.32,143.81,75.15,1.0000,0.224709,0.156570,174.05,338.10,0.9752,0.271948,0.704382
1786703860.619703,63.857887,1938,24.32,143.88,75.38,1.0000,0.224818,0.157039,173.97,338.13,0.9753,0.271828,0.704443
1786703860.668031,63.906216,1939,24.32,144.01,75.45,1.0000,0.225021,0.157182,174.08,337.94,0.9754,0.271993,0.704036
1786703860.712587,63.950772,1940,24.32,143.99,75.49,1.0000,0.224987,0.157275,174.09,337.95,0.9752,0.272019,0.704068
1786703860.729629,63.967813,1941,24.32,144.01,75.84,1.0000,0.225015,0.157998,174.13,337.95,0.9757,0.272073,0.704062
1786703860.791598,64.029783,1942,24.32,144.06,75.85,1.0000,0.225088,0.158012,174.17,337.81,0.9760,0.272138,0.703766
1786703860.831956,64.070140,1944,24.43,144.06,75.86,1.0000,0.225093,0.158045,174.12,337.86,0.9761,0.272058,0.703882
1786703860.882108,64.120292,1946,24.43,144.18,75.86,1.0000,0.225275,0.158046,174.09,337.91,0.9761,0.272023,0.703970
1786703860.915932,64.154116,1947,24.43,144.18,75.86,1.0000,0.225287,0.158037,174.10,337.95,0.9761,0.272028,0.704059
1786703860.971360,64.209545,1948,24.43,144.49,75.92,1.0000,0.225766,0.158167,174.10,337.89,0.9760,0.272034,0.703929
1786703860.996347,64.234532,1949,24.43,144.64,76.01,1.0000,0.226003,0.158345,174.18,337.81,0.9762,0.272150,0.703769
1786703861.047944,64.286128,1950,24.43,144.64,76.00,1.0000,0.226004,0.158335,174.15,337.89,0.9760,0.272115,0.703943
1786703861.082454,64.320638,1952,24.43,144.39,75.80,1.0000,0.225602,0.157925,174.13,337.91,0.9759,0.272075,0.703977
1786703861.124637,64.362821,1953,24.43,144.40,76.15,1.0000,0.225619,0.158645,173.91,337.93,0.9765,0.271740,0.704021
1786703861.156810,64.394994,1954,24.43,144.50,76.12,1.0000,0.225784,0.158580,173.88,337.97,0.9758,0.271684,0.704096
1786703861.218785,64.456969,1956,24.43,144.64,76.14,1.0000,0.225992,0.158617,173.75,338.11,0.9758,0.271479,0.704400
1786703861.268952,64.507136,1957,24.43,144.63,76.14,1.0000,0.225988,0.158635,173.85,338.07,0.9759,0.271643,0.704322
1786703861.282812,64.520996,1958,24.43,144.63,76.16,1.0000,0.225977,0.158659,173.93,338.07,0.9758,0.271764,0.704321
1786703861.339076,64.577260,1960,24.29,144.72,76.16,1.0000,0.226122,0.158676,174.06,337.97,0.9758,0.271975,0.704108
1786703861.401058,64.639242,1961,24.29,144.81,76.13,1.0000,0.226267,0.158604,174.16,338.01,0.9751,0.272123,0.704197
1786703861.414885,64.653069,1962,24.29,144.80,75.99,1.0000,0.226249,0.158322,174.15,338.01,0.9751,0.272104,0.704184
1786703861.450327,64.688511,1963,24.29,144.90,75.96,1.0000,0.226410,0.158243,174.17,338.02,0.9741,0.272134,0.704217
1786703861.491638,64.729822,1964,24.29,144.84,75.68,1.0000,0.226317,0.157670,174.26,337.82,0.9744,0.272277,0.703789
1786703861.554032,64.792217,1966,24.29,144.90,75.57,1.0000,0.226404,0.157431,174.28,337.82,0.9750,0.272312,0.703787
1786703861.597687,64.835871,1967,24.29,144.90,75.51,1.0000,0.226408,0.157319,174.15,337.90,0.9754,0.272113,0.703965
1786703861.627798,64.865982,1968,24.29,145.06,75.55,1.0000,0.226661,0.157395,174.22,337.83,0.9757,0.272224,0.703811
1786703861.651929,64.890114,1969,24.29,145.16,75.55,1.0000,0.226817,0.157391,174.13,337.80,0.9757,0.272080,0.703749
1786703861.692741,64.930926,1970,24.29,145.15,75.54,1.0000,0.226800,0.157368,174.11,337.79,0.9751,0.272043,0.703729
1786703861.749237,64.987422,1972,24.29,145.16,75.61,1.0000,0.226806,0.157512,174.08,337.79,0.9744,0.272007,0.703728
1786703861.790581,65.028765,1973,24.29,145.78,75.68,1.0000,0.227785,0.157674,174.10,337.80,0.9740,0.272033,0.703748
1786703861.833427,65.071612,1974,24.29,145.87,75.68,1.0000,0.227925,0.157668,174.10,337.83,0.9738,0.272037,0.703813
1786703861.856309,65.094493,1975,24.58,145.87,75.66,1.0000,0.227924,0.157624,174.10,337.89,0.9732,0.272038,0.703938
1786703861.887854,65.126038,1976,24.58,145.91,75.68,1.0000,0.227984,0.157668,174.11,337.89,0.9736,0.272050,0.703941
1786703861.942753,65.180937,1977,24.58,145.97,75.63,1.0000,0.228079,0.157565,174.12,337.88,0.9738,0.272061,0.703909
1786703861.958991,65.197175,1978,24.58,146.06,75.63,1.0000,0.228223,0.157565,174.07,337.95,0.9740,0.271978,0.704061
1786703862.012064,65.250248,1979,24.58,146.10,75.57,1.0000,0.228287,0.157442,174.12,337.91,0.9741,0.272057,0.703977
1786703862.012064,65.250248,1980,24.58,146.15,75.55,1.0000,0.228355,0.157387,174.07,337.98,0.9737,0.271990,0.704125
1786703862.068243,65.306427,1981,24.58,146.05,75.53,1.0000,0.228208,0.157349,174.07,337.99,0.9736,0.271989,0.704142
1786703862.116821,65.355005,1983,24.58,146.08,75.54,1.0000,0.228253,0.157382,174.03,338.05,0.9739,0.271930,0.704269
1786703862.158791,65.396975,1984,24.58,146.12,75.60,1.0000,0.228314,0.157498,174.03,338.07,0.9744,0.271930,0.704309
1786703862.220494,65.458678,1986,24.58,146.20,75.57,1.0000,0.228443,0.157429,173.99,338.12,0.9751,0.271856,0.704407
1786703862.250800,65.488984,1987,24.58,146.21,75.23,1.0000,0.228446,0.156740,173.94,338.12,0.9754,0.271774,0.704411
1786703862.312387,65.550571,1989,24.58,146.20,75.34,1.0000,0.228433,0.156956,174.01,338.04,0.9753,0.271889,0.704249
1786703862.353147,65.591331,1990,24.58,146.20,75.32,1.0000,0.228439,0.156924,174.02,337.96,0.9758,0.271901,0.704084
1786703862.403267,65.641452,1991,24.40,146.30,75.08,1.0000,0.228587,0.156418,174.03,338.06,0.9759,0.271917,0.704300
1786703862.426270,65.664454,1992,24.40,146.30,75.16,1.0000,0.228601,0.156585,174.13,337.96,0.9747,0.272080,0.704075
1786703862.446644,65.684828,1993,24.40,146.28,75.16,1.0000,0.228559,0.156574,174.18,337.94,0.9744,0.272156,0.704046
1786703862.487966,65.726151,1994,24.40,146.31,74.80,1.0000,0.228612,0.155827,174.17,337.93,0.9740,0.272136,0.704020
1786703862.559962,65.798146,1996,24.40,146.39,75.30,1.0000,0.228732,0.156865,174.07,337.94,0.9735,0.271990,0.704044
1786703862.580647,65.818831,1997,24.40,146.63,75.28,1.0000,0.229106,0.156842,174.09,337.96,0.9732,0.272014,0.704077
1786703862.644123,65.882308,1998,24.40,146.74,75.40,1.0000,0.229280,0.157079,173.93,338.06,0.9736,0.271773,0.704288
1786703862.685982,65.924166,2000,24.40,146.90,75.38,1.0000,0.229525,0.157034,174.01,338.05,0.9739,0.271897,0.704272
1786703862.726460,65.964644,2001,24.40,147.43,75.41,1.0000,0.230367,0.157110,174.02,338.13,0.9743,0.271907,0.704439
1786703862.785377,66.023561,2003,24.40,147.53,75.47,1.0000,0.230523,0.157222,173.96,338.07,0.9745,0.271816,0.704309
1786703862.844085,66.082269,2005,24.40,147.77,75.76,1.0000,0.230890,0.157827,173.98,338.06,0.9744,0.271840,0.704302
1786703862.883246,66.121430,2006,24.40,147.76,75.74,1.0000,0.230881,0.157801,174.02,338.09,0.9744,0.271911,0.704363
1786703862.938778,66.176962,2007,24.18,147.78,75.74,1.0000,0.230911,0.157788,174.12,338.07,0.9744,0.272066,0.704303
1786703862.952354,66.190538,2008,24.18,147.82,75.74,1.0000,0.230976,0.157782,174.11,338.10,0.9743,0.272040,0.704379
1786703862.997259,66.235443,2009,24.18,147.97,75.76,1.0000,0.231210,0.157833,174.03,338.44,0.9739,0.271928,0.705089
1786703863.052500,66.290685,2011,24.18,147.98,75.75,1.0000,0.231212,0.157807,173.97,338.47,0.9741,0.271829,0.705150
1786703863.116293,66.354477,2013,24.18,147.96,75.70,1.0000,0.231180,0.157708,174.00,338.49,0.9740,0.271880,0.705185
1786703863.147897,66.386082,2014,24.18,147.98,75.70,1.0000,0.231222,0.157716,173.98,338.52,0.9740,0.271849,0.705242
1786703863.211642,66.449826,2016,24.18,148.01,76.13,1.0000,0.231270,0.158597,173.99,338.54,0.9735,0.271866,0.705283
1786703863.259135,66.497319,2017,24.18,148.01,75.99,1.0000,0.231269,0.158305,174.16,338.43,0.9738,0.272125,0.705062
1786703863.288569,66.526753,2018,24.18,148.10,75.98,1.0000,0.231399,0.158302,174.15,338.36,0.9742,0.272103,0.704924
1786703863.338785,66.576969,2020,24.18,148.09,76.01,1.0000,0.231391,0.158352,174.23,338.37,0.9740,0.272228,0.704944
1786703863.393588,66.631773,2021,24.18,148.09,76.04,1.0000,0.231388,0.158422,174.10,338.30,0.9744,0.272030,0.704789
1786703863.429005,66.667189,2022,23.58,147.97,76.03,1.0000,0.231206,0.158402,174.05,338.08,0.9743,0.271958,0.704329
1786703863.456474,66.694658,2023,23.58,147.90,76.00,1.0000,0.231098,0.158336,174.10,338.01,0.9738,0.272032,0.704197
1786703863.486425,66.724609,2024,23.58,147.90,76.02,1.0000,0.231097,0.158381,174.09,338.18,0.9739,0.272015,0.704538
1786703863.547451,66.785636,2026,23.58,147.90,75.62,1.0000,0.231098,0.157549,174.10,338.21,0.9734,0.272038,0.704613
1786703863.575469,66.813653,2027,23.58,147.89,75.89,1.0000,0.231084,0.158098,174.10,338.25,0.9737,0.272028,0.704680
1786703863.623880,66.862064,2028,23.58,147.94,76.15,1.0000,0.231151,0.158650,174.10,338.25,0.9740,0.272036,0.704683
1786703863.651345,66.889529,2029,23.58,147.95,76.16,1.0000,0.231173,0.158674,174.08,338.26,0.9742,0.271997,0.704700
1786703863.692624,66.930808,2030,23.58,147.93,76.00,1.0000,0.231146,0.158325,174.10,338.13,0.9746,0.272026,0.704431
1786703863.756188,66.994373,2032,23.58,147.93,76.27,1.0000,0.231147,0.158890,174.10,338.19,0.9746,0.272025,0.704571
1786703863.789994,67.028178,2033,23.58,147.87,76.25,1.0000,0.231045,0.158846,173.99,338.18,0.9752,0.271860,0.704542
1786703863.820561,67.058745,2034,23.58,147.83,76.26,1.0000,0.230983,0.158868,173.95,338.18,0.9756,0.271798,0.704539
1786703863.852383,67.090567,2035,23.58,147.83,76.19,1.0000,0.230982,0.158738,173.87,338.18,0.9760,0.271676,0.704539
1786703863.894468,67.132652,2036,23.58,147.79,76.22,1.0000,0.230919,0.158781,173.85,338.20,0.9762,0.271636,0.704591
1786703863.915547,67.153732,2037,23.99,147.63,75.72,1.0000,0.230679,0.157759,173.92,338.18,0.9760,0.271748,0.704549
1786703863.991322,67.229506,2039,23.99,147.27,75.45,1.0000,0.230112,0.157196,173.91,338.21,0.9762,0.271740,0.704614
1786703864.024313,67.262497,2040,23.99,147.27,75.19,1.0000,0.230106,0.156638,174.00,338.15,0.9756,0.271878,0.704482
1786703864.054354,67.292538,2041,23.99,147.07,75.17,1.0000,0.229793,0.156611,173.99,338.13,0.9757,0.271867,0.704440
1786703864.088492,67.326676,2042,23.99,147.00,75.15,1.0000,0.229686,0.156566,174.04,338.16,0.9750,0.271944,0.704492
1786703864.151791,67.389976,2044,23.99,147.05,75.02,1.0000,0.229767,0.156285,174.03,338.22,0.9751,0.271915,0.704618
1786703864.179318,67.417502,2045,23.99,147.03,74.90,1.0000,0.229730,0.156045,174.03,338.16,0.9751,0.271929,0.704504
1786703864.220490,67.458674,2046,23.99,146.91,75.02,1.0000,0.229540,0.156298,174.02,338.15,0.9751,0.271905,0.704478
1786703864.252272,67.490456,2047,23.99,146.88,75.04,1.0000,0.229508,0.156329,174.01,338.16,0.9754,0.271888,0.704491
1786703864.322472,67.560656,2049,23.99,146.75,75.08,1.0000,0.229303,0.156425,173.97,338.19,0.9756,0.271824,0.704562
1786703864.354745,67.592929,2050,23.99,146.75,75.13,1.0000,0.229290,0.156521,174.03,338.28,0.9757,0.271917,0.704756
1786703864.388354,67.626538,2051,23.99,146.71,75.23,1.0000,0.229228,0.156728,173.97,338.29,0.9757,0.271835,0.704776
1786703864.446985,67.685170,2053,23.80,146.44,75.50,1.0000,0.228817,0.157296,174.09,338.29,0.9754,0.272008,0.704763
1786703864.488661,67.726845,2054,23.80,146.35,75.48,1.0000,0.228670,0.157259,174.14,338.26,0.9756,0.272100,0.704716
1786703864.529749,67.767933,2055,23.80,146.17,75.42,1.0000,0.228396,0.157133,174.10,338.22,0.9760,0.272038,0.704626
1786703864.580975,67.819159,2057,23.80,146.14,75.38,1.0000,0.228348,0.157035,174.10,338.21,0.9760,0.272036,0.704599
1786703864.622234,67.860419,2058,23.80,145.88,75.02,1.0000,0.227935,0.156295,174.10,338.11,0.9762,0.272032,0.704399
1786703864.689092,67.927276,2060,23.80,145.55,75.08,1.0000,0.227414,0.156413,174.13,337.91,0.9762,0.272072,0.703980
1786703864.726413,67.964597,2061,23.80,145.11,75.10,1.0000,0.226735,0.156464,174.10,337.76,0.9762,0.272035,0.703669
1786703864.756210,67.994394,2062,23.80,144.85,75.36,1.0000,0.226326,0.156994,174.13,337.69,0.9762,0.272083,0.703519
1786703864.803904,68.042088,2064,23.80,144.91,75.38,1.0000,0.226417,0.157051,174.13,337.73,0.9763,0.272082,0.703600
1786703864.851406,68.089590,2065,23.80,144.90,75.43,1.0000,0.226400,0.157144,174.15,337.80,0.9762,0.272108,0.703757
1786703864.887078,68.125262,2066,23.80,144.89,75.47,1.0000,0.226396,0.157232,174.08,337.95,0.9761,0.271993,0.704065
1786703864.936381,68.174566,2067,23.80,144.88,75.48,1.0000,0.226377,0.157245,174.07,337.95,0.9756,0.271977,0.704052
1786703864.964541,68.202725,2068,23.70,144.88,75.48,1.0000,0.226379,0.157244,174.05,337.97,0.9756,0.271954,0.704102
1786703865.013892,68.252076,2070,23.70,144.83,75.41,1.0000,0.226295,0.157105,174.05,337.96,0.9757,0.271946,0.704093
1786703865.053097,68.291281,2071,23.70,144.92,75.41,1.0000,0.226437,0.157113,174.03,337.93,0.9759,0.271917,0.704023
1786703865.093257,68.331441,2072,23.70,145.01,75.35,1.0000,0.226574,0.156982,174.04,337.93,0.9757,0.271936,0.704012
1786703865.124806,68.362990,2073,23.70,145.04,75.30,1.0000,0.226618,0.156881,174.04,337.86,0.9750,0.271935,0.703876
1786703865.189878,68.428062,2075,23.70,145.03,75.36,1.0000,0.226603,0.156993,173.96,337.71,0.9750,0.271817,0.703568
1786703865.251377,68.489562,2077,23.70,144.98,75.37,1.0000,0.226531,0.157016,173.90,337.77,0.9751,0.271726,0.703682
1786703865.299243,68.537427,2078,23.70,144.98,75.39,1.0000,0.226536,0.157058,173.87,337.79,0.9748,0.271673,0.703739
1786703865.315287,68.553472,2079,23.70,145.03,75.42,1.0000,0.226611,0.157126,173.87,337.83,0.9750,0.271668,0.703807
1786703865.347399,68.585584,2080,23.70,144.79,75.55,1.0000,0.226235,0.157388,173.97,337.82,0.9753,0.271822,0.703790
1786703865.390127,68.628311,2081,23.70,144.78,75.23,1.0000,0.226219,0.156724,174.06,337.82,0.9749,0.271968,0.703783
1786703865.450123,68.688307,2083,23.70,144.36,75.55,1.0000,0.225556,0.157391,173.89,337.94,0.9755,0.271701,0.704041
1786703865.498578,68.736762,2084,23.52,144.35,75.79,1.0000,0.225543,0.157906,174.18,337.71,0.9756,0.272159,0.703564
1786703865.526668,68.764852,2085,23.52,144.36,75.80,1.0000,0.225558,0.157918,174.46,337.58,0.9758,0.272587,0.703285
1786703865.546937,68.785121,2086,23.52,144.29,75.94,1.0000,0.225455,0.158201,174.47,337.61,0.9753,0.272611,0.703350
1786703865.609180,68.847364,2088,23.52,144.27,76.02,1.0000,0.225423,0.158366,174.43,337.55,0.9756,0.272544,0.703231
1786703865.654897,68.893081,2089,23.52,144.27,75.94,1.0000,0.225420,0.158214,174.42,337.54,0.9755,0.272531,0.703201
1786703865.690527,68.928711,2090,23.52,144.11,76.02,1.0000,0.225171,0.158385,174.43,337.37,0.9763,0.272545,0.702845
1786703865.720790,68.958974,2091,23.52,144.06,75.90,1.0000,0.225094,0.158128,174.36,337.41,0.9766,0.272438,0.702933
1786703865.755836,68.994021,2092,23.52,144.00,75.90,1.0000,0.224997,0.158127,174.39,337.44,0.9767,0.272488,0.703007
1786703865.817781,69.055965,2094,23.52,144.01,75.96,1.0000,0.225021,0.158252,174.37,337.48,0.9765,0.272450,0.703089
1786703865.846050,69.084234,2095,23.52,144.01,76.00,1.0000,0.225015,0.158343,174.36,337.55,0.9758,0.272433,0.703221
1786703865.880278,69.118462,2096,23.52,144.01,75.99,1.0000,0.225016,0.158315,174.28,337.54,0.9755,0.272315,0.703212
1786703865.921730,69.159914,2097,23.52,144.03,76.35,1.0000,0.225052,0.159067,174.25,337.54,0.9755,0.272269,0.703202
1786703865.963406,69.201590,2098,23.52,144.29,76.30,1.0000,0.225448,0.158960,174.18,337.58,0.9752,0.272157,0.703294
1786703865.984448,69.222633,2099,23.95,144.33,76.27,1.0000,0.225511,0.158896,174.16,337.56,0.9755,0.272124,0.703241
1786703866.046856,69.285041,2101,23.95,144.42,76.08,1.0000,0.225654,0.158493,174.12,337.58,0.9755,0.272070,0.703292
1786703866.088938,69.327122,2102,23.95,144.32,76.08,1.0000,0.225499,0.158491,174.07,337.66,0.9753,0.271990,0.703450
1786703866.116788,69.354973,2103,23.95,144.26,76.12,1.0000,0.225409,0.158585,174.13,337.67,0.9748,0.272071,0.703480
1786703866.151755,69.389939,2104,23.95,144.18,76.25,1.0000,0.225274,0.158857,174.10,337.71,0.9750,0.272024,0.703569
1786703866.179563,69.417747,2105,23.95,144.22,76.18,1.0000,0.225347,0.158712,174.28,337.41,0.9754,0.272306,0.702948
1786703866.213594,69.451778,2106,23.95,144.19,76.27,1.0000,0.225298,0.158903,174.19,337.56,0.9754,0.272179,0.703244
1786703866.295895,69.534079,2108,23.95,144.20,76.31,1.0000,0.225305,0.158985,174.15,337.57,0.9749,0.272102,0.703261
1786703866.317108,69.555293,2109,23.95,144.20,76.45,1.0000,0.225306,0.159265,174.15,337.63,0.9744,0.272108,0.703394
1786703866.348461,69.586646,2110,23.95,144.26,76.50,1.0000,0.225405,0.159369,174.22,337.62,0.9741,0.272212,0.703377
1786703866.386133,69.624318,2111,23.95,144.35,76.53,1.0000,0.225554,0.159437,174.23,337.73,0.9736,0.272238,0.703613
1786703866.416816,69.655001,2112,23.95,144.31,76.51,1.0000,0.225492,0.159395,174.26,337.70,0.9738,0.272285,0.703546
1786703866.458107,69.696291,2113,23.95,144.31,76.49,1.0000,0.225488,0.159345,174.09,337.82,0.9742,0.272011,0.703784
1786703866.480036,69.718220,2114,24.31,144.08,76.33,1.0000,0.225123,0.159016,174.03,337.92,0.9747,0.271928,0.704000
1786703866.552011,69.790195,2116,24.31,144.08,76.24,1.0000,0.225122,0.158828,174.11,337.79,0.9753,0.272050,0.703721
1786703866.582706,69.820890,2117,24.31,144.17,76.19,1.0000,0.225262,0.158734,174.20,337.61,0.9757,0.272180,0.703345
1786703866.644269,69.882453,2118,24.31,144.18,76.04,1.0000,0.225281,0.158409,174.32,337.58,0.9761,0.272373,0.703300
1786703866.692547,69.930731,2120,24.31,144.16,76.06,1.0000,0.225246,0.158468,174.29,337.61,0.9752,0.272329,0.703360
1786703866.716276,69.954460,2121,24.31,144.16,76.06,1.0000,0.225256,0.158464,174.17,337.67,0.9755,0.272141,0.703478
1786703866.769289,70.007473,2122,24.31,144.23,76.10,1.0000,0.225364,0.158541,174.16,337.72,0.9756,0.272121,0.703590
1786703866.792771,70.030956,2123,24.31,144.14,76.00,1.0000,0.225216,0.158338,174.17,337.64,0.9760,0.272137,0.703407
1786703866.856308,70.094492,2125,24.31,144.03,75.81,1.0000,0.225047,0.157940,174.15,337.60,0.9762,0.272111,0.703342
1786703866.900841,70.139025,2126,24.31,143.82,75.83,1.0000,0.224718,0.157988,174.30,337.58,0.9764,0.272336,0.703297
1786703866.921733,70.159917,2127,24.31,143.82,75.98,1.0000,0.224716,0.158286,174.26,337.58,0.9762,0.272281,0.703295
1786703866.949547,70.187731,2128,24.31,143.83,75.87,1.0000,0.224733,0.158056,174.26,337.59,0.9762,0.272288,0.703306
1786703866.998183,70.236367,2129,24.31,143.84,75.79,1.0000,0.224743,0.157895,174.16,337.67,0.9763,0.272128,0.703469
1786703867.018925,70.257109,2130,24.35,143.57,75.72,1.0000,0.224332,0.157755,174.13,337.78,0.9765,0.272081,0.703715
1786703867.082095,70.320279,2132,24.35,143.53,75.05,1.0000,0.224259,0.156357,174.07,337.85,0.9764,0.271981,0.703847
1786703867.121091,70.359276,2133,24.35,143.37,75.28,1.0000,0.224011,0.156825,174.09,337.80,0.9768,0.272022,0.703746
1786703867.145630,70.383815,2134,24.35,143.31,75.33,1.0000,0.223918,0.156928,173.92,337.97,0.9772,0.271754,0.704098
1786703867.193643,70.431827,2135,24.35,143.50,75.30,1.0000,0.224212,0.156875,174.14,337.84,0.9774,0.272092,0.703834
1786703867.225316,70.463500,2136,24.35,143.50,74.90,1.0000,0.224216,0.156036,174.11,337.78,0.9774,0.272042,0.703704
1786703867.288755,70.526939,2138,24.35,143.48,74.90,1.0000,0.224187,0.156042,174.15,337.80,0.9768,0.272111,0.703760
1786703867.336526,70.574710,2139,24.35,143.37,75.23,1.0000,0.224021,0.156735,174.25,337.72,0.9771,0.272270,0.703583
1786703867.356454,70.594638,2140,24.35,143.37,75.23,1.0000,0.224018,0.156739,174.25,337.72,0.9772,0.272273,0.703573
1786703867.384874,70.623058,2141,24.35,143.37,75.52,1.0000,0.224018,0.157333,174.26,337.68,0.9769,0.272276,0.703499
1786703867.422396,70.660580,2142,24.35,143.37,75.79,1.0000,0.224016,0.157906,174.32,337.59,0.9769,0.272374,0.703319
1786703867.491663,70.729848,2144,24.35,143.51,75.92,1.0000,0.224238,0.158165,174.31,337.60,0.9768,0.272352,0.703327
1786703867.533289,70.771473,2145,24.35,143.51,75.32,1.0000,0.224237,0.156917,174.32,337.63,0.9766,0.272371,0.703399
1786703867.557864,70.796048,2146,24.54,143.51,75.32,1.0000,0.224235,0.156916,174.34,337.60,0.9766,0.272412,0.703331
1786703867.589319,70.827504,2147,24.54,143.50,75.26,1.0000,0.224221,0.156793,174.28,337.63,0.9768,0.272314,0.703388
1786703867.616929,70.855114,2148,24.54,143.50,75.06,1.0000,0.224215,0.156379,174.28,337.63,0.9764,0.272316,0.703400
1786703867.686666,70.924851,2150,24.54,143.38,74.98,1.0000,0.224028,0.156213,174.24,337.65,0.9763,0.272252,0.703430
1786703867.734680,70.972865,2151,24.54,143.35,74.93,1.0000,0.223982,0.156114,174.23,337.74,0.9760,0.272241,0.703623
1786703867.755672,70.993856,2152,24.54,143.32,74.91,1.0000,0.223930,0.156072,174.37,337.67,0.9760,0.272447,0.703478
1786703867.783654,71.021838,2153,24.54,143.31,75.08,1.0000,0.223927,0.156412,174.34,337.69,0.9758,0.272399,0.703531
1786703867.853152,71.091336,2155,24.54,143.28,75.16,1.0000,0.223874,0.156573,174.34,337.68,0.9758,0.272404,0.703503
1786703867.887075,71.125259,2156,24.54,142.87,75.18,1.0000,0.223232,0.156622,174.35,337.73,0.9759,0.272426,0.703597
1786703867.936572,71.174756,2157,24.54,142.85,75.53,1.0000,0.223206,0.157349,174.40,337.60,0.9761,0.272504,0.703336
1786703867.964170,71.202354,2158,24.54,142.86,75.55,1.0000,0.223224,0.157396,174.43,337.62,0.9763,0.272549,0.703371
1786703868.019961,71.258145,2160,24.54,142.78,75.63,1.0000,0.223100,0.157553,174.38,337.60,0.9765,0.272462,0.703337
1786703868.053989,71.292174,2161,24.54,142.78,75.98,1.0000,0.223099,0.158289,174.39,337.51,0.9761,0.272481,0.703148
1786703868.110045,71.348229,2162,24.37,142.91,75.92,1.0000,0.223300,0.158157,174.57,337.40,0.9763,0.272759,0.702923
1786703868.158617,71.396801,2164,24.37,142.81,75.89,1.0000,0.223141,0.158114,174.56,337.43,0.9761,0.272758,0.702976
1786703868.188715,71.426900,2165,24.37,142.81,76.37,1.0000,0.223147,0.159101,174.48,337.44,0.9762,0.272625,0.703006
1786703868.222825,71.461009,2166,24.37,142.67,76.36,1.0000,0.222924,0.159093,174.57,337.44,0.9766,0.272764,0.703001
1786703868.263881,71.502066,2167,24.37,142.60,76.42,1.0000,0.222815,0.159201,174.58,337.47,0.9766,0.272774,0.703059
1786703868.315184,71.553368,2169,24.37,142.64,76.41,1.0000,0.222876,0.159185,174.56,337.49,0.9766,0.272744,0.703113
1786703868.356377,71.594561,2170,24.37,142.71,76.38,1.0000,0.222988,0.159121,174.53,337.49,0.9764,0.272703,0.703096
1786703868.396958,71.635142,2171,24.37,142.72,76.20,1.0000,0.223002,0.158747,174.41,337.56,0.9767,0.272511,0.703249
1786703868.428105,71.666289,2172,24.37,142.58,76.12,1.0000,0.222774,0.158591,174.37,337.66,0.9768,0.272449,0.703468
1786703868.489544,71.727729,2174,24.37,142.27,75.63,1.0000,0.222290,0.157557,174.34,337.66,0.9768,0.272404,0.703450
1786703868.531210,71.769394,2175,24.37,142.18,75.23,1.0000,0.222154,0.156736,174.22,337.53,0.9767,0.272225,0.703189
1786703868.560967,71.799152,2176,24.37,142.25,75.39,1.0000,0.222272,0.157065,174.20,337.63,0.9772,0.272185,0.703402
1786703868.581675,71.819859,2177,24.23,142.29,75.50,1.0000,0.222322,0.157289,174.23,337.63,0.9771,0.272235,0.703397
1786703868.651951,71.890135,2179,24.23,142.28,75.50,1.0000,0.222314,0.157293,174.22,337.70,0.9767,0.272217,0.703538
1786703868.682221,71.920405,2180,24.23,142.28,75.54,1.0000,0.222313,0.157380,174.21,337.74,0.9769,0.272196,0.703634
1786703868.712980,71.951164,2181,24.23,142.23,75.60,1.0000,0.222230,0.157494,174.20,337.76,0.9769,0.272188,0.703666
1786703868.766972,72.005157,2182,24.23,142.20,75.68,1.0000,0.222192,0.157661,174.14,337.79,0.9769,0.272099,0.703739
1786703868.808119,72.046304,2184,24.23,142.04,75.67,1.0000,0.221937,0.157639,174.29,337.75,0.9771,0.272332,0.703656
1786703868.838028,72.076212,2185,24.23,142.04,75.77,1.0000,0.221942,0.157847,174.27,337.77,0.9770,0.272305,0.703684
1786703868.887747,72.125931,2186,24.23,142.00,75.85,1.0000,0.221868,0.158020,174.35,337.75,0.9771,0.272420,0.703650
1786703868.921851,72.160035,2187,24.23,141.96,75.36,1.0000,0.221818,0.156998,174.35,337.76,0.9774,0.272422,0.703657
1786703868.956897,72.195081,2188,24.23,141.77,75.36,1.0000,0.221522,0.157006,174.37,337.74,0.9775,0.272454,0.703621
1786703869.026921,72.265105,2189,24.23,141.57,75.37,1.0000,0.221208,0.157021,174.25,337.73,0.9772,0.272272,0.703601
1786703869.041264,72.279448,2191,24.23,141.60,75.37,1.0000,0.221243,0.157027,174.26,337.74,0.9773,0.272282,0.703617
1786703869.105379,72.343563,2192,24.23,141.60,75.37,1.0000,0.221245,0.157023,174.29,337.79,0.9774,0.272324,0.703732
1786703869.132660,72.370844,2193,24.23,141.60,75.38,1.0000,0.221249,0.157044,174.19,337.83,0.9774,0.272174,0.703820
1786703869.162789,72.400973,2194,24.54,141.60,75.42,1.0000,0.221248,0.157122,174.29,337.85,0.9771,0.272326,0.703854
1786703869.194584,72.432769,2195,24.54,141.61,75.53,1.0000,0.221265,0.157361,174.42,337.85,0.9766,0.272525,0.703864
1786703869.226558,72.464742,2196,24.54,141.61,75.66,1.0000,0.221269,0.157618,174.29,337.77,0.9764,0.272322,0.703684
1786703869.258237,72.496421,2197,24.54,141.74,75.88,1.0000,0.221466,0.158086,174.29,337.77,0.9768,0.272332,0.703687
1786703869.337021,72.575205,2199,24.54,141.88,76.09,1.0000,0.221695,0.158527,174.32,337.76,0.9767,0.272378,0.703676
1786703869.384606,72.622790,2201,24.54,141.89,76.18,1.0000,0.221703,0.158711,174.27,337.88,0.9771,0.272301,0.703918
1786703869.421736,72.659920,2202,24.54,141.88,76.21,1.0000,0.221695,0.158780,174.18,337.89,0.9772,0.272156,0.703928
1786703869.457211,72.695395,2203,24.54,141.87,76.21,1.0000,0.221667,0.158781,174.18,337.77,0.9766,0.272151,0.703681
1786703869.485331,72.723515,2204,24.54,141.89,76.29,1.0000,0.221696,0.158942,174.14,337.78,0.9767,0.272096,0.703704
1786703869.519244,72.757429,2205,24.54,141.88,76.34,1.0000,0.221681,0.159043,174.22,337.74,0.9770,0.272219,0.703620
1786703869.588461,72.826646,2207,24.54,141.88,76.42,1.0000,0.221680,0.159203,174.11,337.78,0.9773,0.272051,0.703715
1786703869.623961,72.862145,2208,24.54,141.94,76.43,1.0000,0.221789,0.159227,174.09,337.77,0.9773,0.272010,0.703697
1786703869.643904,72.882089,2209,24.31,141.93,76.58,1.0000,0.221769,0.159552,174.21,337.80,0.9773,0.272202,0.703745
1786703869.686689,72.924873,2210,24.31,141.94,76.75,1.0000,0.221782,0.159896,174.22,337.76,0.9776,0.272216,0.703668
1786703869.721288,72.959472,2211,24.31,142.04,76.63,1.0000,0.221934,0.159637,174.21,337.78,0.9772,0.272209,0.703711
1786703869.748539,72.986724,2212,24.31,142.03,76.61,1.0000,0.221917,0.159597,174.33,337.78,0.9772,0.272396,0.703706
1786703869.813883,73.052067,2214,24.31,142.02,76.45,1.0000,0.221902,0.159273,174.18,337.73,0.9773,0.272152,0.703612
1786703869.859706,73.097890,2215,24.31,142.03,76.46,1.0000,0.221921,0.159287,174.33,337.69,0.9775,0.272397,0.703531
1786703869.887424,73.125609,2216,24.31,142.02,76.23,1.0000,0.221906,0.158819,174.37,337.65,0.9773,0.272452,0.703442
1786703869.921729,73.159913,2217,24.31,142.06,76.29,1.0000,0.221967,0.158929,174.34,337.68,0.9771,0.272410,0.703498
1786703869.956427,73.194612,2218,24.31,142.10,76.32,1.0000,0.222026,0.159009,174.39,337.61,0.9768,0.272477,0.703355
1786703869.991240,73.229424,2219,24.31,142.15,76.04,1.0000,0.222108,0.158417,174.41,337.62,0.9770,0.272520,0.703378
1786703870.054366,73.292550,2221,24.31,142.21,76.31,1.0000,0.222198,0.158971,174.43,337.62,0.9762,0.272540,0.703371
1786703870.096304,73.334488,2222,24.31,142.22,76.42,1.0000,0.222221,0.159218,174.41,337.84,0.9761,0.272518,0.703834
1786703870.130145,73.368330,2223,24.31,142.18,76.46,1.0000,0.222151,0.159295,174.39,337.95,0.9757,0.272491,0.704071
1786703870.159774,73.397959,2224,24.31,142.29,76.46,1.0000,0.222327,0.159298,174.38,337.97,0.9755,0.272474,0.704100
1786703870.208810,73.446994,2225,24.74,142.29,76.48,1.0000,0.222336,0.159339,174.36,337.95,0.9752,0.272440,0.704059
1786703870.225406,73.463590,2226,24.74,142.29,76.49,1.0000,0.222334,0.159345,174.33,337.75,0.9752,0.272395,0.703636
1786703870.315224,73.553408,2227,24.74,142.11,76.48,1.0000,0.222045,0.159338,174.32,337.69,0.9753,0.272378,0.703517
1786703870.349805,73.587990,2230,24.74,142.02,76.48,1.0000,0.221899,0.159341,174.33,337.80,0.9756,0.272387,0.703750
1786703870.402467,73.640652,2231,24.74,141.99,76.56,1.0000,0.221860,0.159492,174.38,337.62,0.9755,0.272461,0.703377
1786703870.421629,73.659813,2232,24.74,141.97,76.57,1.0000,0.221825,0.159522,174.35,337.63,0.9754,0.272424,0.703392
1786703870.442251,73.680435,2233,24.74,141.97,76.26,1.0000,0.221825,0.158867,174.34,337.74,0.9755,0.272403,0.703621
1786703870.514618,73.752802,2235,24.74,141.96,76.36,1.0000,0.221818,0.159092,174.29,337.79,0.9757,0.272329,0.703739
1786703870.545961,73.784145,2236,24.74,141.97,76.06,1.0000,0.221832,0.158457,174.22,337.79,0.9761,0.272222,0.703721
1786703870.587270,73.825454,2237,24.74,141.71,75.93,1.0000,0.221424,0.158178,174.23,337.80,0.9768,0.272234,0.703744
1786703870.628413,73.866597,2238,24.74,141.42,75.89,1.0000,0.220964,0.158100,174.22,337.81,0.9772,0.272212,0.703779
1786703870.679305,73.917489,2240,24.74,141.37,75.88,1.0000,0.220890,0.158081,174.25,337.76,0.9773,0.272261,0.703671
1786703870.719428,73.957613,2241,24.41,141.35,75.87,1.0000,0.220865,0.158054,174.31,337.67,0.9772,0.272362,0.703478
1786703870.742167,73.980351,2242,24.41,141.29,76.23,1.0000,0.220768,0.158805,174.33,337.67,0.9775,0.272391,0.703472
1786703870.804916,74.043100,2243,24.41,141.24,76.22,1.0000,0.220681,0.158788,174.33,337.68,0.9778,0.272389,0.703503
1786703870.820146,74.058330,2244,24.41,141.22,76.23,1.0000,0.220657,0.158809,174.33,337.68,0.9776,0.272384,0.703494
1786703870.851925,74.090109,2245,24.41,141.31,76.39,1.0000,0.220798,0.159150,174.37,337.68,0.9775,0.272459,0.703497
1786703870.886872,74.125056,2246,24.41,141.31,76.41,1.0000,0.220794,0.159181,174.27,337.55,0.9773,0.272297,0.703233
1786703870.949870,74.188054,2248,24.41,141.25,76.37,1.0000,0.220707,0.159107,174.32,337.43,0.9773,0.272378,0.702988
1786703870.995141,74.233325,2249,24.41,141.32,76.48,1.0000,0.220813,0.159325,174.34,337.27,0.9767,0.272408,0.702651
1786703871.025210,74.263394,2250,24.41,141.32,76.40,1.0000,0.220811,0.159162,174.34,337.27,0.9769,0.272410,0.702647
1786703871.052788,74.290972,2251,24.41,141.40,76.38,1.0000,0.220931,0.159124,174.27,337.28,0.9765,0.272301,0.702663
1786703871.101043,74.339227,2252,24.41,140.93,76.23,1.0000,0.220205,0.158802,174.24,337.27,0.9768,0.272251,0.702651
1786703871.123345,74.361530,2253,24.41,140.99,76.22,1.0000,0.220303,0.158801,174.22,337.11,0.9767,0.272219,0.702320
1786703871.154905,74.393089,2254,24.41,140.63,75.89,1.0000,0.219739,0.158114,174.16,337.10,0.9772,0.272127,0.702296
1786703871.186815,74.424999,2255,24.40,140.68,75.99,1.0000,0.219814,0.158313,174.20,337.07,0.9773,0.272193,0.702226
1786703871.289929,74.528113,2258,24.40,140.70,75.98,1.0000,0.219838,0.158297,174.10,337.13,0.9777,0.272031,0.702357
1786703871.321676,74.559860,2259,24.40,140.94,76.11,1.0000,0.220214,0.158570,174.08,336.91,0.9776,0.272000,0.701906
1786703871.387725,74.625910,2261,24.40,140.79,76.25,1.0000,0.219988,0.158853,173.93,337.08,0.9778,0.271764,0.702244
1786703871.423917,74.662101,2262,24.40,140.89,76.33,1.0000,0.220146,0.159031,173.96,337.06,0.9779,0.271807,0.702217
1786703871.450437,74.688621,2263,24.40,140.89,76.31,1.0000,0.220146,0.158984,173.98,337.41,0.9777,0.271842,0.702944
1786703871.519433,74.757617,2265,24.40,140.89,76.25,1.0000,0.220146,0.158860,174.07,337.41,0.9780,0.271984,0.702940
1786703871.588353,74.826538,2266,24.40,140.93,76.71,1.0000,0.220197,0.159816,174.18,337.17,0.9781,0.272152,0.702427
1786703871.617280,74.855465,2268,24.40,140.78,76.32,1.0000,0.219968,0.158998,174.23,337.02,0.9784,0.272227,0.702133
1786703871.651876,74.890061,2269,24.40,140.82,76.51,1.0000,0.220029,0.159398,174.23,337.02,0.9783,0.272232,0.702119
1786703871.681797,74.919981,2270,24.40,140.84,76.68,1.0000,0.220062,0.159751,174.27,337.01,0.9780,0.272293,0.702102
1786703871.713799,74.951983,2271,24.40,140.83,76.51,1.0000,0.220053,0.159398,174.26,336.94,0.9782,0.272279,0.701968
1786703871.783264,75.021448,2273,24.19,140.86,76.73,1.0000,0.220089,0.159844,174.30,336.94,0.9778,0.272336,0.701948
1786703871.818952,75.057136,2274,24.19,140.86,76.54,1.0000,0.220091,0.159461,174.42,336.97,0.9784,0.272534,0.702023
1786703871.856177,75.094362,2275,24.19,140.83,76.61,1.0000,0.220047,0.159594,174.40,336.95,0.9784,0.272503,0.701979
1786703871.885399,75.123583,2276,24.19,140.77,76.60,1.0000,0.219953,0.159591,174.43,336.90,0.9789,0.272550,0.701872
1786703871.930274,75.168459,2277,24.19,140.95,76.84,1.0000,0.220234,0.160074,174.41,336.78,0.9789,0.272520,0.701620
1786703871.957134,75.195318,2278,24.19,140.87,76.81,1.0000,0.220113,0.160031,174.37,336.75,0.9787,0.272457,0.701553
1786703872.019964,75.258148,2280,24.19,140.93,76.81,1.0000,0.220200,0.160016,174.37,336.80,0.9788,0.272456,0.701673
1786703872.054440,75.292624,2281,24.19,140.90,76.81,1.0000,0.220157,0.160022,174.31,336.84,0.9786,0.272355,0.701748
1786703872.095812,75.333996,2282,24.19,141.05,76.74,1.0000,0.220392,0.159884,174.31,337.16,0.9788,0.272355,0.702412
1786703872.123122,75.361306,2283,24.19,141.05,76.39,1.0000,0.220390,0.159155,174.37,337.15,0.9787,0.272446,0.702395
1786703872.150843,75.389027,2284,24.19,141.41,76.74,1.0000,0.220946,0.159878,174.32,336.95,0.9787,0.272375,0.701983
1786703872.228314,75.466498,2286,24.19,141.37,76.68,1.0000,0.220891,0.159744,174.30,337.03,0.9790,0.272343,0.702150
1786703872.248859,75.487043,2287,23.89,141.40,76.68,1.0000,0.220939,0.159745,174.42,336.90,0.9793,0.272529,0.701870
1786703872.331458,75.569642,2289,23.89,141.36,76.46,1.0000,0.220872,0.159302,174.42,336.78,0.9797,0.272527,0.701629
1786703872.373961,75.612145,2290,23.89,141.28,76.57,1.0000,0.220744,0.159516,174.42,336.78,0.9800,0.272536,0.701629
1786703872.420421,75.658605,2292,23.89,141.27,76.45,1.0000,0.220740,0.159274,174.40,336.75,0.9802,0.272507,0.701573
1786703872.454253,75.692437,2293,23.89,141.27,76.46,1.0000,0.220738,0.159283,174.37,336.77,0.9802,0.272447,0.701606
1786703872.495283,75.733467,2294,23.89,141.11,76.19,1.0000,0.220485,0.158735,174.40,336.76,0.9803,0.272496,0.701577
1786703872.527539,75.765723,2295,23.89,141.06,76.26,1.0000,0.220409,0.158876,174.36,336.82,0.9802,0.272433,0.701711
1786703872.575471,75.813655,2296,23.89,141.33,76.26,1.0000,0.220832,0.158870,174.45,336.81,0.9803,0.272575,0.701694
1786703872.616138,75.854322,2298,23.89,141.33,76.25,1.0000,0.220826,0.158849,174.46,336.77,0.9803,0.272589,0.701604
1786703872.653918,75.892102,2299,23.89,141.33,76.28,1.0000,0.220823,0.158926,174.45,336.77,0.9803,0.272572,0.701604
1786703872.692604,75.930789,2300,23.89,141.52,76.29,1.0000,0.221119,0.158933,174.42,336.74,0.9804,0.272532,0.701545
1786703872.708485,75.946669,2301,23.89,141.51,76.30,1.0000,0.221110,0.158962,174.42,337.02,0.9805,0.272530,0.702134
1786703872.764518,76.002703,2302,23.89,141.70,76.31,1.0000,0.221399,0.158972,174.42,337.02,0.9805,0.272532,0.702122
1786703872.792229,76.030413,2303,24.10,141.85,76.31,1.0000,0.221635,0.158986,174.40,337.02,0.9807,0.272506,0.702120
1786703872.858908,76.097093,2305,24.10,141.90,76.27,1.0000,0.221723,0.158892,174.36,336.97,0.9807,0.272431,0.702024
1786703872.900892,76.139076,2306,24.10,142.00,76.52,1.0000,0.221873,0.159420,174.34,336.99,0.9805,0.272403,0.702069
1786703872.916584,76.154768,2307,24.10,142.10,76.53,1.0000,0.222032,0.159430,174.31,337.06,0.9807,0.272352,0.702199
1786703872.950584,76.188768,2308,24.10,142.10,76.65,1.0000,0.222028,0.159681,174.37,337.00,0.9807,0.272460,0.702092
1786703873.018977,76.257161,2310,24.10,142.01,76.79,1.0000,0.221897,0.159972,174.35,337.01,0.9807,0.272427,0.702099
1786703873.046675,76.284859,2311,24.10,141.94,76.81,1.0000,0.221777,0.160026,174.33,337.03,0.9801,0.272390,0.702147
1786703873.077222,76.315406,2312,24.10,141.91,76.81,1.0000,0.221727,0.160029,174.32,337.11,0.9804,0.272376,0.702308
1786703873.140553,76.378737,2314,24.10,141.99,77.07,1.0000,0.221854,0.160567,174.30,337.09,0.9800,0.272340,0.702280
1786703873.188177,76.426362,2315,24.10,141.67,76.85,1.0000,0.221363,0.160113,174.29,337.12,0.9803,0.272335,0.702324
1786703873.220263,76.458447,2316,24.10,141.71,76.88,1.0000,0.221420,0.160160,174.30,337.10,0.9788,0.272351,0.702297
1786703873.254574,76.492758,2317,24.10,141.43,76.72,1.0000,0.220991,0.159824,174.30,337.26,0.9791,0.272343,0.702622
1786703873.287244,76.525429,2318,24.10,141.23,76.02,1.0000,0.220679,0.158370,174.17,337.33,0.9793,0.272141,0.702773
1786703873.318352,76.556536,2319,24.06,141.23,76.17,1.0000,0.220669,0.158695,174.18,337.42,0.9794,0.272158,0.702964
1786703873.398194,76.636378,2321,24.06,141.19,76.21,1.0000,0.220610,0.158763,174.19,337.40,0.9798,0.272168,0.702918
1786703873.429706,76.667890,2322,24.06,141.13,76.19,1.0000,0.220516,0.158734,174.15,337.42,0.9797,0.272108,0.702953
1786703873.464373,76.702557,2323,24.06,141.05,76.05,1.0000,0.220397,0.158447,174.25,337.36,0.9796,0.272270,0.702832
1786703873.498154,76.736338,2324,24.06,141.02,75.93,1.0000,0.220347,0.158191,174.38,337.23,0.9796,0.272465,0.702553
1786703873.525900,76.764085,2325,24.06,140.90,75.88,1.0000,0.220150,0.158087,174.34,337.22,0.9795,0.272399,0.702545
1786703873.554104,76.792289,2326,24.06,140.75,75.87,1.0000,0.219919,0.158059,174.27,337.21,0.9797,0.272291,0.702518
1786703873.596188,76.834373,2327,24.06,140.62,75.87,1.0000,0.219725,0.158061,174.28,337.16,0.9792,0.272305,0.702419
1786703873.630477,76.868661,2328,24.06,140.60,75.65,1.0000,0.219686,0.157606,174.27,337.24,0.9795,0.272302,0.702581
1786703873.658186,76.896370,2329,24.06,140.47,75.52,1.0000,0.219484,0.157331,174.14,337.36,0.9791,0.272087,0.702824
1786703873.692967,76.931151,2330,24.06,140.43,75.86,1.0000,0.219421,0.158049,174.17,337.20,0.9790,0.272142,0.702500
1786703873.735078,76.973263,2331,24.06,140.07,75.90,1.0000,0.218865,0.158131,174.23,337.28,0.9793,0.272230,0.702674
1786703873.762712,77.000896,2332,24.06,140.06,75.88,1.0000,0.218844,0.158080,174.09,337.30,0.9789,0.272020,0.702710
1786703873.824531,77.062715,2334,24.06,140.02,75.92,1.0000,0.218779,0.158170,174.03,337.32,0.9792,0.271918,0.702743
1786703873.852300,77.090485,2335,24.52,140.02,76.06,1.0000,0.218788,0.158460,174.00,337.35,0.9787,0.271871,0.702815
1786703873.915683,77.153867,2337,24.52,140.06,76.08,1.0000,0.218846,0.158494,173.97,337.35,0.9786,0.271832,0.702812
1786703873.964782,77.202966,2338,24.52,140.13,76.26,1.0000,0.218948,0.158868,173.95,337.40,0.9781,0.271793,0.702915
1786703873.991725,77.229909,2339,24.52,140.22,76.45,1.0000,0.219093,0.159264,173.96,337.32,0.9781,0.271815,0.702757
1786703874.019920,77.258105,2340,24.52,140.32,76.57,1.0000,0.219253,0.159512,174.01,337.26,0.9778,0.271889,0.702623
1786703874.047350,77.285534,2341,24.52,140.41,76.87,1.0000,0.219384,0.160153,174.13,337.26,0.9782,0.272072,0.702626
1786703874.088678,77.326862,2342,24.52,140.97,76.87,1.0000,0.220273,0.160152,174.15,337.32,0.9786,0.272112,0.702757
1786703874.151602,77.389786,2344,24.52,140.94,76.91,1.0000,0.220223,0.160230,174.17,337.35,0.9785,0.272133,0.702817
1786703874.201502,77.439686,2345,24.52,140.98,76.88,1.0000,0.220289,0.160159,174.18,337.25,0.9779,0.272162,0.702612
1786703874.220481,77.458666,2346,24.52,140.98,76.92,1.0000,0.220288,0.160256,174.19,337.34,0.9784,0.272164,0.702784
1786703874.257602,77.495786,2347,24.52,141.03,76.61,1.0000,0.220363,0.159610,174.24,337.38,0.9787,0.272246,0.702877
1786703874.314480,77.552664,2348,24.52,140.77,76.39,1.0000,0.219955,0.159141,174.37,337.01,0.9784,0.272449,0.702111
1786703874.322717,77.560901,2349,24.52,140.79,76.50,1.0000,0.219989,0.159365,174.36,337.05,0.9787,0.272438,0.702187
1786703874.355906,77.594091,2350,24.52,141.03,76.43,1.0000,0.220363,0.159234,174.31,337.08,0.9789,0.272359,0.702244
1786703874.396371,77.634555,2351,25.03,141.27,76.44,1.0000,0.220729,0.159242,174.31,337.03,0.9790,0.272358,0.702147
1786703874.424685,77.662870,2352,25.03,141.23,76.06,1.0000,0.220669,0.158468,174.31,337.03,0.9795,0.272361,0.702147
1786703874.491983,77.730167,2354,25.03,141.30,76.30,1.0000,0.220776,0.158952,174.34,337.06,0.9797,0.272412,0.702217
1786703874.524820,77.763005,2355,25.03,141.29,76.24,1.0000,0.220769,0.158839,174.35,337.06,0.9800,0.272428,0.702204
1786703874.557599,77.795784,2356,25.03,141.15,76.25,1.0000,0.220542,0.158850,174.35,336.88,0.9798,0.272417,0.701832
1786703874.603220,77.841405,2357,25.03,140.93,76.75,1.0000,0.220203,0.159902,174.32,337.44,0.9798,0.272377,0.702997
1786703874.623038,77.861222,2358,25.03,140.93,76.57,1.0000,0.220196,0.159521,174.35,337.36,0.9795,0.272423,0.702840
1786703874.659094,77.897278,2359,25.03,140.85,76.59,1.0000,0.220085,0.159571,174.32,337.39,0.9796,0.272374,0.702901
1786703874.693779,77.931964,2360,25.03,140.86,76.29,1.0000,0.220097,0.158939,174.28,337.40,0.9799,0.272315,0.702912
1786703874.755537,77.993721,2362,25.03,140.66,76.19,1.0000,0.219788,0.158719,174.22,337.53,0.9798,0.272225,0.703191
1786703874.796477,78.034661,2363,25.03,140.57,76.21,1.0000,0.219638,0.158779,174.23,337.55,0.9798,0.272242,0.703227
1786703874.828154,78.066338,2364,25.03,140.57,76.20,1.0000,0.219645,0.158753,174.19,337.53,0.9795,0.272178,0.703191
1786703874.853671,78.091855,2365,25.03,140.55,76.17,1.0000,0.219604,0.158686,174.18,337.52,0.9793,0.272162,0.703163
1786703874.901301,78.139485,2366,25.03,140.57,76.17,1.0000,0.219647,0.158683,174.18,337.54,0.9790,0.272153,0.703210
1786703874.915684,78.153869,2367,25.03,140.57,75.94,1.0000,0.219644,0.158208,174.19,337.54,0.9785,0.272174,0.703205
1786703874.954937,78.193121,2368,25.78,140.56,75.94,1.0000,0.219630,0.158200,174.22,337.53,0.9786,0.272212,0.703193
1786703874.991906,78.230090,2369,25.78,140.56,75.82,1.0000,0.219618,0.157968,174.20,337.45,0.9786,0.272190,0.703016
1786703875.018972,78.257156,2370,25.78,140.61,75.90,1.0000,0.219705,0.158116,174.20,337.44,0.9790,0.272195,0.703008
1786703875.067964,78.306148,2371,25.78,140.61,75.98,1.0000,0.219705,0.158297,174.26,337.48,0.9789,0.272276,0.703093
1786703875.099553,78.337737,2372,25.78,140.67,76.44,1.0000,0.219793,0.159250,174.26,337.47,0.9786,0.272280,0.703065
1786703875.131332,78.369516,2373,25.78,140.76,76.63,1.0000,0.219938,0.159640,174.19,337.52,0.9784,0.272176,0.703171
1786703875.181489,78.419673,2374,25.78,140.76,76.53,1.0000,0.219942,0.159430,174.21,337.51,0.9786,0.272206,0.703152
1786703875.195025,78.433209,2375,25.78,140.72,76.56,1.0000,0.219873,0.159498,174.20,337.57,0.9788,0.272194,0.703276
1786703875.258859,78.497043,2377,25.78,140.68,76.52,1.0000,0.219812,0.159421,174.22,337.53,0.9786,0.272216,0.703189
1786703875.290391,78.528575,2378,25.78,140.71,76.52,1.0000,0.219864,0.159415,174.21,337.53,0.9790,0.272205,0.703186
1786703875.354375,78.592559,2380,25.78,140.65,75.89,1.0000,0.219771,0.158098,174.23,337.76,0.9790,0.272231,0.703675
1786703875.415442,78.653626,2381,25.78,140.54,75.89,1.0000,0.219592,0.158107,174.29,337.67,0.9790,0.272331,0.703483
1786703875.449549,78.687733,2383,25.21,140.48,75.85,1.0000,0.219506,0.158031,174.27,337.67,0.9788,0.272302,0.703473
1786703875.484218,78.722402,2384,25.21,140.26,75.78,1.0000,0.219159,0.157878,174.27,337.71,0.9789,0.272304,0.703556
1786703875.526962,78.765146,2385,25.21,140.25,75.75,1.0000,0.219142,0.157802,174.29,337.53,0.9784,0.272321,0.703182
1786703875.554516,78.792701,2386,25.21,140.25,74.52,1.0000,0.219136,0.155257,174.29,337.58,0.9785,0.272335,0.703297
1786703875.596121,78.834305,2387,25.21,140.08,74.47,1.0000,0.218882,0.155153,174.30,337.53,0.9787,0.272344,0.703187
1786703875.629953,78.868137,2388,25.21,140.07,74.65,1.0000,0.218856,0.155512,174.26,337.55,0.9789,0.272285,0.703237
1786703875.685539,78.923723,2390,25.21,139.47,74.67,1.0000,0.217920,0.155555,174.14,337.57,0.9789,0.272089,0.703269
1786703875.721240,78.959424,2391,25.21,139.45,74.71,1.0000,0.217883,0.155648,174.18,337.58,0.9784,0.272154,0.703286
1786703875.770855,79.009039,2392,25.21,139.41,74.76,1.0000,0.217827,0.155741,174.09,337.56,0.9780,0.272010,0.703256
1786703875.783797,79.021981,2393,25.21,139.38,74.82,1.0000,0.217783,0.155870,174.08,337.56,0.9779,0.272000,0.703253
1786703875.824524,79.062708,2394,25.21,139.07,74.84,1.0000,0.217301,0.155915,173.99,337.45,0.9782,0.271867,0.703025
1786703875.852222,79.090407,2395,25.21,139.09,74.85,1.0000,0.217329,0.155946,174.02,337.38,0.9786,0.271899,0.702874
1786703875.898197,79.136382,2396,25.21,139.12,75.06,1.0000,0.217370,0.156374,174.08,337.14,0.9783,0.271996,0.702370
1786703875.922637,79.160821,2397,25.21,139.11,75.21,1.0000,0.217361,0.156688,174.09,337.09,0.9784,0.272008,0.702276
1786703875.956403,79.194587,2398,25.73,139.16,75.29,1.0000,0.217437,0.156851,174.03,337.05,0.9781,0.271928,0.702179
1786703875.997009,79.235193,2399,25.73,139.18,75.43,1.0000,0.217474,0.157150,174.03,337.19,0.9780,0.271927,0.702474
1786703876.033765,79.271949,2400,25.73,139.26,75.44,1.0000,0.217600,0.157169,173.54,337.08,0.9780,0.271155,0.702252
1786703876.054584,79.292768,2401,25.73,139.31,75.37,1.0000,0.217671,0.157025,173.56,337.12,0.9785,0.271185,0.702339
1786703876.082470,79.320654,2402,25.73,139.30,75.47,1.0000,0.217658,0.157226,173.60,337.17,0.9788,0.271248,0.702434
1786703876.130839,79.369023,2403,25.73,139.33,75.50,1.0000,0.217695,0.157291,173.69,337.17,0.9788,0.271385,0.702438
1786703876.161038,79.399222,2404,25.73,139.33,75.38,1.0000,0.217702,0.157047,173.68,337.04,0.9786,0.271377,0.702160
1786703876.193663,79.431847,2405,25.73,139.71,75.62,1.0000,0.218304,0.157538,173.73,337.15,0.9785,0.271458,0.702387
1786703876.222814,79.460999,2406,25.73,139.72,75.24,1.0000,0.218310,0.156742,173.75,337.12,0.9788,0.271486,0.702338
1786703876.289796,79.527980,2408,25.73,139.89,75.45,1.0000,0.218583,0.157185,173.90,337.12,0.9787,0.271719,0.702340
1786703876.326099,79.564283,2409,25.73,139.97,75.45,1.0000,0.218700,0.157191,174.05,337.17,0.9785,0.271950,0.702435
1786703876.358128,79.596312,2410,25.73,140.07,75.53,1.0000,0.218858,0.157360,174.11,337.13,0.9780,0.272051,0.702364
1786703876.380148,79.618333,2411,25.73,140.06,75.75,1.0000,0.218836,0.157816,174.15,337.21,0.9782,0.272112,0.702511
1786703876.431554,79.669738,2412,25.73,140.03,75.76,1.0000,0.218798,0.157840,174.14,337.26,0.9778,0.272098,0.702624
1786703876.467827,79.706011,2413,26.04,140.04,75.88,1.0000,0.218810,0.158082,174.28,337.26,0.9775,0.272310,0.702622
1786703876.487187,79.725371,2414,26.04,140.10,75.85,1.0000,0.218913,0.158016,174.25,337.25,0.9777,0.272271,0.702600
1786703876.539854,79.778038,2415,26.04,140.11,76.01,1.0000,0.218917,0.158357,174.26,337.23,0.9776,0.272278,0.702562
1786703876.589967,79.828151,2417,26.04,140.15,76.05,1.0000,0.218987,0.158429,174.27,337.24,0.9772,0.272304,0.702588
1786703876.620603,79.858787,2418,26.04,140.20,76.09,1.0000,0.219068,0.158518,174.29,337.19,0.9763,0.272328,0.702478
1786703876.651601,79.889785,2419,26.04,140.21,76.27,1.0000,0.219082,0.158896,174.25,337.46,0.9764,0.272263,0.703047
1786703876.715172,79.953357,2421,26.04,140.24,76.24,1.0000,0.219133,0.158840,174.20,337.46,0.9764,0.272186,0.703041
1786703876.755391,79.993575,2422,26.04,140.26,76.38,1.0000,0.219155,0.159129,174.38,337.45,0.9767,0.272463,0.703015
1786703876.783197,80.021381,2423,26.04,140.26,76.17,1.0000,0.219162,0.158697,174.27,337.47,0.9766,0.272295,0.703056
1786703876.825447,80.063631,2424,26.04,140.41,76.18,1.0000,0.219393,0.158710,174.34,337.52,0.9760,0.272412,0.703172
1786703876.852480,80.090665,2425,26.04,140.43,76.14,1.0000,0.219420,0.158628,174.33,337.55,0.9755,0.272390,0.703232
1786703876.894409,80.132593,2426,26.04,140.44,76.07,1.0000,0.219433,0.158471,174.33,337.64,0.9756,0.272386,0.703411
1786703876.915772,80.153956,2427,26.04,140.45,76.09,1.0000,0.219460,0.158514,174.35,337.63,0.9757,0.272414,0.703388
1786703876.957382,80.195566,2428,26.04,140.47,76.19,1.0000,0.219491,0.158735,174.34,337.62,0.9758,0.272404,0.703373
1786703877.004197,80.242381,2429,26.19,140.48,76.14,1.0000,0.219498,0.158623,174.24,337.76,0.9762,0.272249,0.703659
1786703877.015976,80.254160,2430,26.19,140.49,76.28,1.0000,0.219509,0.158909,174.24,337.78,0.9764,0.272252,0.703707
1786703877.045957,80.284141,2431,26.19,140.49,76.25,1.0000,0.219514,0.158864,174.18,337.78,0.9761,0.272162,0.703703
1786703877.121243,80.359427,2433,26.19,140.42,76.36,1.0000,0.219414,0.159080,174.16,337.76,0.9765,0.272119,0.703661
1786703877.169123,80.407307,2434,26.19,140.56,76.35,1.0000,0.219619,0.159060,174.22,337.54,0.9770,0.272219,0.703216
1786703877.201211,80.439395,2435,26.19,140.56,76.52,1.0000,0.219623,0.159422,174.23,337.58,0.9769,0.272233,0.703300
1786703877.232843,80.471027,2436,26.19,140.57,76.25,1.0000,0.219640,0.158856,174.24,337.68,0.9771,0.272257,0.703491
1786703877.296838,80.535022,2438,26.19,140.55,76.27,1.0000,0.219611,0.158898,174.24,337.66,0.9768,0.272244,0.703455
1786703877.316418,80.554602,2439,26.19,140.45,76.34,1.0000,0.219452,0.159032,174.31,337.67,0.9771,0.272357,0.703477
1786703877.360798,80.598982,2440,26.19,140.47,76.36,1.0000,0.219478,0.159089,174.23,337.75,0.9772,0.272238,0.703639
1786703877.407950,80.646135,2441,26.19,140.45,76.58,1.0000,0.219456,0.159546,174.31,337.65,0.9775,0.272358,0.703429
1786703877.435734,80.673918,2442,26.19,140.45,76.24,1.0000,0.219458,0.158833,174.27,337.37,0.9774,0.272302,0.702852
1786703877.464456,80.702640,2443,26.19,140.39,76.24,1.0000,0.219359,0.158835,174.32,337.57,0.9775,0.272376,0.703271
1786703877.525982,80.764166,2445,25.85,140.38,76.24,1.0000,0.219339,0.158839,174.37,337.60,0.9769,0.272455,0.703341
1786703877.568411,80.806595,2446,25.85,140.39,76.21,1.0000,0.219366,0.158762,174.37,337.41,0.9770,0.272459,0.702942
1786703877.595773,80.833957,2447,25.85,140.39,76.27,1.0000,0.219363,0.158902,174.37,337.45,0.9775,0.272455,0.703022
1786703877.617114,80.855298,2448,25.85,140.29,76.12,1.0000,0.219203,0.158580,174.33,337.45,0.9778,0.272383,0.703025
1786703877.665200,80.903384,2449,25.85,140.27,76.14,1.0000,0.219176,0.158617,174.23,337.61,0.9773,0.272231,0.703354
1786703877.685900,80.924084,2450,25.85,140.35,76.03,1.0000,0.219298,0.158386,174.30,337.60,0.9776,0.272336,0.703341
1786703877.727516,80.965700,2451,25.85,140.37,76.03,1.0000,0.219334,0.158389,174.37,337.58,0.9759,0.272456,0.703302
1786703877.755056,80.993241,2452,25.85,140.38,76.10,1.0000,0.219345,0.158537,174.37,337.63,0.9761,0.272456,0.703388
1786703877.782836,81.021020,2453,25.85,140.07,75.99,1.0000,0.218853,0.158311,174.30,337.60,0.9766,0.272344,0.703324
1786703877.825181,81.063365,2454,25.85,139.87,75.99,1.0000,0.218554,0.158315,174.28,337.48,0.9765,0.272312,0.703081
1786703877.880831,81.119015,2456,25.85,139.58,75.43,1.0000,0.218095,0.157154,174.29,337.47,0.9765,0.272325,0.703065
1786703877.917591,81.155775,2457,25.85,139.47,75.07,1.0000,0.217923,0.156393,174.31,337.48,0.9768,0.272364,0.703093
1786703878.001517,81.239701,2458,25.85,139.47,75.08,1.0000,0.217927,0.156419,174.46,337.36,0.9764,0.272588,0.702840
1786703878.048080,81.286265,2461,25.67,139.45,75.10,1.0000,0.217888,0.156457,174.47,337.50,0.9767,0.272610,0.703127
1786703878.082500,81.320684,2462,25.67,139.35,75.18,1.0000,0.217740,0.156623,174.43,337.53,0.9762,0.272548,0.703197
1786703878.122993,81.361177,2463,25.67,139.30,75.17,1.0000,0.217649,0.156599,174.36,337.61,0.9764,0.272445,0.703356
1786703878.157828,81.396012,2464,25.67,139.28,75.17,1.0000,0.217624,0.156609,174.37,337.62,0.9765,0.272453,0.703380
1786703878.186413,81.424597,2465,25.67,139.12,75.18,1.0000,0.217370,0.156634,174.43,337.62,0.9767,0.272541,0.703365
1786703878.217391,81.455575,2466,25.67,139.25,75.20,1.0000,0.217577,0.156670,174.42,337.58,0.9765,0.272527,0.703296
1786703878.255151,81.493335,2467,25.67,139.27,75.20,1.0000,0.217605,0.156660,174.46,337.56,0.9763,0.272595,0.703243
1786703878.324446,81.562630,2469,25.67,139.27,74.94,1.0000,0.217606,0.156117,174.49,337.56,0.9758,0.272635,0.703260
1786703878.360148,81.598333,2470,25.67,139.26,75.06,1.0000,0.217588,0.156375,174.37,337.53,0.9761,0.272454,0.703179
1786703878.429033,81.667217,2472,25.67,139.16,75.16,1.0000,0.217436,0.156590,174.38,337.56,0.9759,0.272462,0.703241
1786703878.470700,81.708884,2473,25.67,139.15,75.15,1.0000,0.217427,0.156569,174.24,337.56,0.9761,0.272252,0.703243
1786703878.491159,81.729343,2474,25.67,139.20,75.08,1.0000,0.217501,0.156415,174.20,337.68,0.9761,0.272194,0.703490
1786703878.540504,81.778688,2475,25.67,139.32,75.08,1.0000,0.217692,0.156417,174.24,337.63,0.9758,0.272255,0.703402
1786703878.560625,81.798809,2476,25.34,139.34,75.07,1.0000,0.217711,0.156388,174.31,337.52,0.9761,0.272363,0.703159
1786703878.595865,81.834049,2477,25.34,139.27,75.03,1.0000,0.217609,0.156305,174.47,337.44,0.9763,0.272610,0.702994
1786703878.657869,81.896053,2479,25.34,139.28,75.02,1.0000,0.217624,0.156299,174.36,337.46,0.9767,0.272432,0.703048
1786703878.700226,81.938410,2480,25.34,139.31,75.05,1.0000,0.217673,0.156346,174.39,337.47,0.9770,0.272491,0.703067
1786703878.741558,81.979743,2481,25.34,139.34,74.65,1.0000,0.217719,0.155528,174.38,337.47,0.9773,0.272471,0.703067
1786703878.785206,82.023390,2483,25.34,139.55,74.54,1.0000,0.218048,0.155287,174.30,337.38,0.9773,0.272347,0.702885
1786703878.837336,82.075521,2484,25.34,139.46,74.54,1.0000,0.217899,0.155289,174.33,337.47,0.9775,0.272393,0.703057
1786703878.851250,82.089434,2485,25.34,139.47,74.56,1.0000,0.217918,0.155327,174.33,337.47,0.9781,0.272388,0.703052
1786703878.888897,82.127081,2486,25.34,139.50,74.60,1.0000,0.217973,0.155412,174.31,337.39,0.9780,0.272359,0.702897
1786703878.929694,82.167878,2487,25.34,139.69,74.53,1.0000,0.218265,0.155279,174.27,337.53,0.9781,0.272295,0.703182
1786703878.964020,82.202204,2488,25.34,139.69,74.45,1.0000,0.218268,0.155096,174.16,337.74,0.9785,0.272120,0.703622
1786703879.000535,82.238719,2489,25.34,139.78,74.54,1.0000,0.218410,0.155284,174.23,337.54,0.9787,0.272241,0.703204
1786703879.048059,82.286244,2491,25.34,139.79,74.52,1.0000,0.218422,0.155256,174.26,337.55,0.9784,0.272283,0.703226
1786703879.089324,82.327508,2492,25.34,139.66,74.63,1.0000,0.218226,0.155489,174.24,337.47,0.9783,0.272248,0.703063
1786703879.133332,82.371516,2493,25.48,139.46,74.89,1.0000,0.217901,0.156022,174.19,337.64,0.9781,0.272172,0.703415
1786703879.151468,82.389652,2494,25.48,139.45,74.80,1.0000,0.217896,0.155826,174.19,337.63,0.9781,0.272170,0.703393
1786703879.197577,82.435761,2495,25.48,139.42,74.79,1.0000,0.217848,0.155822,174.21,337.60,0.9785,0.272201,0.703343
1786703879.261438,82.499622,2496,25.48,139.17,74.56,1.0000,0.217458,0.155339,174.17,337.62,0.9784,0.272139,0.703369
1786703879.296236,82.534420,2498,25.48,139.18,74.42,1.0000,0.217467,0.155045,174.20,337.55,0.9786,0.272192,0.703237
1786703879.352874,82.591058,2500,25.48,139.18,74.18,1.0000,0.217462,0.154552,174.22,337.55,0.9784,0.272215,0.703225
1786703879.411635,82.649819,2501,25.48,139.09,74.21,1.0000,0.217332,0.154594,174.23,337.54,0.9784,0.272242,0.703212
1786703879.428976,82.667160,2502,25.48,138.83,74.17,1.0000,0.216920,0.154524,174.25,337.51,0.9786,0.272268,0.703155
1786703879.484706,82.722890,2504,25.48,138.82,74.22,1.0000,0.216905,0.154623,174.49,337.63,0.9780,0.272640,0.703401
1786703879.521239,82.759423,2505,25.48,138.80,74.26,1.0000,0.216868,0.154712,174.42,337.47,0.9770,0.272525,0.703060
1786703879.560591,82.798775,2506,25.48,138.66,74.20,1.0000,0.216662,0.154584,174.35,337.43,0.9769,0.272418,0.702989
1786703879.595817,82.834001,2507,24.75,138.66,74.16,1.0000,0.216663,0.154498,174.33,337.45,0.9771,0.272393,0.703011
1786703879.664887,82.903071,2509,24.75,138.66,74.15,1.0000,0.216659,0.154485,174.14,337.49,0.9770,0.272101,0.703109
1786703879.693414,82.931598,2510,24.75,138.62,74.25,1.0000,0.216592,0.154686,174.13,337.55,0.9773,0.272078,0.703230
1786703879.728135,82.966319,2511,24.75,138.62,74.60,1.0000,0.216590,0.155418,174.01,337.65,0.9768,0.271885,0.703439
1786703879.769523,83.007707,2512,24.75,138.53,74.27,1.0000,0.216450,0.154724,174.00,337.62,0.9771,0.271870,0.703376
1786703879.818154,83.056338,2514,24.75,138.52,74.23,1.0000,0.216441,0.154638,174.00,337.61,0.9774,0.271882,0.703347
1786703879.867352,83.105536,2515,24.75,138.41,74.29,1.0000,0.216268,0.154779,173.88,337.57,0.9769,0.271693,0.703274
1786703879.894288,83.132473,2516,24.75,138.39,74.30,1.0000,0.216229,0.154799,173.80,337.56,0.9768,0.271564,0.703253
1786703879.956959,83.195143,2518,24.75,138.36,74.18,1.0000,0.216192,0.154548,173.91,337.53,0.9768,0.271736,0.703188
1786703879.998435,83.236619,2519,24.75,138.20,74.11,1.0000,0.215935,0.154391,173.91,337.54,0.9769,0.271739,0.703210
1786703880.019906,83.258090,2520,24.75,138.20,74.10,1.0000,0.215933,0.154384,173.89,337.40,0.9767,0.271706,0.702911
1786703880.053493,83.291678,2521,24.75,138.17,74.03,1.0000,0.215894,0.154233,173.98,337.35,0.9769,0.271840,0.702814
1786703880.123491,83.361675,2523,24.75,138.11,73.90,1.0000,0.215792,0.153953,174.03,337.40,0.9767,0.271925,0.702912
1786703880.158149,83.396334,2524,24.53,138.10,73.90,1.0000,0.215785,0.153950,174.01,337.52,0.9768,0.271897,0.703162
1786703880.200114,83.438298,2525,24.53,137.90,74.13,1.0000,0.215466,0.154430,174.05,337.46,0.9765,0.271960,0.703034
1786703880.257372,83.495556,2527,24.53,137.67,74.29,1.0000,0.215110,0.154780,174.06,337.39,0.9763,0.271972,0.702903
1786703880.300073,83.538258,2528,24.53,137.60,74.23,1.0000,0.215007,0.154639,174.01,337.60,0.9761,0.271886,0.703326
1786703880.338712,83.576896,2529,24.53,137.44,74.23,1.0000,0.214743,0.154644,173.99,337.55,0.9760,0.271864,0.703231
1786703880.366085,83.604269,2530,24.53,137.43,74.23,1.0000,0.214740,0.154649,173.97,337.42,0.9765,0.271834,0.702959
1786703880.394739,83.632923,2531,24.53,137.62,74.23,1.0000,0.215025,0.154648,174.03,337.38,0.9764,0.271926,0.702876
1786703880.423308,83.661492,2532,24.53,137.53,74.49,1.0000,0.214892,0.155187,173.89,337.35,0.9766,0.271709,0.702822
1786703880.492567,83.730751,2534,24.53,137.53,74.50,1.0000,0.214889,0.155200,173.90,337.15,0.9764,0.271726,0.702389
1786703880.540325,83.778509,2535,24.53,137.57,74.13,1.0000,0.214957,0.154431,173.89,337.11,0.9762,0.271707,0.702317
1786703880.553901,83.792085,2536,24.53,137.61,73.99,1.0000,0.215016,0.154145,174.07,337.10,0.9760,0.271980,0.702284
1786703880.618525,83.856709,2538,24.53,137.74,74.09,1.0000,0.215213,0.154346,174.05,336.88,0.9757,0.271956,0.701826
1786703880.658276,83.896460,2539,24.53,137.74,74.14,1.0000,0.215224,0.154463,174.01,336.94,0.9758,0.271897,0.701964
1786703880.692839,83.931023,2540,24.66,137.79,74.17,1.0000,0.215304,0.154525,174.05,336.95,0.9764,0.271955,0.701971
1786703880.727574,83.965759,2541,24.66,138.03,74.22,1.0000,0.215676,0.154617,174.06,336.95,0.9760,0.271969,0.701989
1786703880.762316,84.000500,2542,24.66,138.04,74.22,1.0000,0.215683,0.154622,174.06,336.95,0.9761,0.271966,0.701979
1786703880.799151,84.037335,2543,24.66,138.22,75.00,1.0000,0.215976,0.156240,174.14,336.83,0.9752,0.272091,0.701722
1786703880.859545,84.097729,2545,24.66,138.23,74.79,1.0000,0.215984,0.155808,174.13,336.85,0.9750,0.272086,0.701780
1786703880.902237,84.140422,2546,24.66,138.23,74.80,1.0000,0.215982,0.155835,174.17,337.16,0.9745,0.272142,0.702406
1786703880.929043,84.167228,2547,24.66,138.43,75.01,1.0000,0.216302,0.156265,174.10,337.07,0.9751,0.272024,0.702225
1786703880.987662,84.225846,2549,24.66,138.48,74.90,1.0000,0.216380,0.156038,174.10,337.10,0.9757,0.272030,0.702299
1786703881.019642,84.257826,2550,24.66,138.46,75.06,1.0000,0.216347,0.156372,174.08,337.11,0.9764,0.271997,0.702305
1786703881.056123,84.294307,2551,24.66,138.41,75.06,1.0000,0.216260,0.156370,174.05,337.09,0.9768,0.271960,0.702274
1786703881.088628,84.326812,2552,24.66,138.41,75.11,1.0000,0.216266,0.156478,173.98,337.16,0.9771,0.271842,0.702414
1786703881.137685,84.375870,2553,24.66,138.47,74.71,1.0000,0.216365,0.155636,174.03,337.09,0.9777,0.271921,0.702266
1786703881.159043,84.397227,2554,24.66,138.53,74.66,1.0000,0.216453,0.155543,174.07,337.12,0.9781,0.271990,0.702333
1786703881.192751,84.430935,2555,24.81,138.55,74.85,1.0000,0.216482,0.155938,174.08,337.11,0.9782,0.271997,0.702319
1786703881.220567,84.458751,2556,24.81,138.55,75.00,1.0000,0.216484,0.156241,173.95,337.15,0.9785,0.271790,0.702398
1786703881.285998,84.524182,2558,24.81,138.72,75.00,1.0000,0.216748,0.156256,173.94,337.30,0.9786,0.271787,0.702706
1786703881.331878,84.570062,2559,24.81,138.96,75.08,1.0000,0.217124,0.156420,173.93,337.32,0.9785,0.271762,0.702748
1786703881.359079,84.597263,2560,24.81,139.14,75.11,1.0000,0.217400,0.156471,173.89,337.45,0.9786,0.271706,0.703016
1786703881.394214,84.632398,2561,24.81,139.14,75.05,1.0000,0.217409,0.156363,173.96,337.36,0.9790,0.271815,0.702832
1786703881.429964,84.668148,2562,24.81,139.18,74.93,1.0000,0.217466,0.156112,173.98,337.29,0.9786,0.271847,0.702696
1786703881.498482,84.736666,2564,24.81,139.18,75.07,1.0000,0.217470,0.156394,174.02,337.43,0.9787,0.271910,0.702981
1786703881.533112,84.771296,2565,24.81,139.60,75.07,1.0000,0.218124,0.156395,174.02,337.44,0.9787,0.271907,0.702995
1786703881.560843,84.799027,2566,24.81,139.78,75.18,1.0000,0.218400,0.156618,174.04,337.34,0.9789,0.271936,0.702784
1786703881.595580,84.833764,2567,24.81,139.91,75.36,1.0000,0.218616,0.157004,174.06,337.24,0.9791,0.271964,0.702592
1786703881.623388,84.861572,2568,24.81,139.92,75.46,1.0000,0.218624,0.157211,174.06,337.18,0.9792,0.271966,0.702448
1786703881.658144,84.896328,2569,24.81,139.92,75.47,1.0000,0.218620,0.157230,174.05,337.06,0.9797,0.271954,0.702210
1786703881.699782,84.937966,2570,24.81,139.92,75.52,1.0000,0.218632,0.157327,174.07,337.14,0.9800,0.271980,0.702365
1786703881.721477,84.959661,2571,25.12,139.98,75.55,1.0000,0.218722,0.157401,174.07,337.14,0.9803,0.271987,0.702382
1786703881.751541,84.989725,2572,25.12,140.00,75.55,1.0000,0.218752,0.157404,174.10,337.17,0.9806,0.272038,0.702436
1786703881.824823,85.063007,2573,25.12,140.14,75.63,1.0000,0.218974,0.157553,174.15,337.08,0.9807,0.272103,0.702240
1786703881.859351,85.097535,2575,25.12,140.14,75.58,1.0000,0.218976,0.157450,174.11,336.96,0.9806,0.272044,0.701998
1786703881.928876,85.167060,2577,25.12,140.17,75.68,1.0000,0.219008,0.157669,174.07,336.98,0.9808,0.271982,0.702050
1786703881.970699,85.208883,2578,25.12,140.19,75.69,1.0000,0.219044,0.157678,174.04,336.95,0.9810,0.271932,0.701969
1786703881.984455,85.222640,2579,25.12,140.24,75.85,1.0000,0.219121,0.158014,174.14,336.98,0.9802,0.272087,0.702050
1786703882.053661,85.291845,2581,25.12,140.28,75.85,1.0000,0.219184,0.158017,174.07,337.00,0.9802,0.271979,0.702082
1786703882.117037,85.355221,2582,25.12,140.52,75.88,1.0000,0.219564,0.158092,174.15,337.01,0.9800,0.272108,0.702107
1786703882.145616,85.383800,2583,25.12,140.55,75.93,1.0000,0.219606,0.158179,174.14,336.93,0.9802,0.272095,0.701947
1786703882.201325,85.439509,2585,25.12,140.57,75.95,1.0000,0.219639,0.158222,174.14,337.05,0.9807,0.272089,0.702195
1786703882.242884,85.481069,2586,25.12,140.57,75.71,1.0000,0.219644,0.157726,174.18,337.11,0.9807,0.272154,0.702303
1786703882.255029,85.493214,2587,24.43,140.62,75.78,1.0000,0.219712,0.157877,174.17,337.04,0.9805,0.272141,0.702160
1786703882.325378,85.563562,2589,24.43,140.71,76.17,1.0000,0.219857,0.158690,174.19,337.04,0.9806,0.272170,0.702169
1786703882.357370,85.595555,2590,24.43,140.70,76.15,1.0000,0.219851,0.158643,174.16,337.02,0.9806,0.272128,0.702121
1786703882.396885,85.635070,2591,24.43,140.84,75.95,1.0000,0.220064,0.158231,174.40,336.94,0.9804,0.272505,0.701950
1786703882.438721,85.676905,2592,24.43,141.16,76.03,1.0000,0.220568,0.158398,174.39,337.04,0.9794,0.272492,0.702167
1786703882.486028,85.724212,2594,24.43,141.30,75.96,1.0000,0.220780,0.158248,174.36,336.98,0.9793,0.272434,0.702037
1786703882.533934,85.772119,2595,24.43,141.68,75.98,1.0000,0.221377,0.158284,174.36,337.08,0.9788,0.272437,0.702247
1786703882.574476,85.812660,2596,24.43,141.88,75.87,1.0000,0.221685,0.158072,174.37,337.10,0.9787,0.272458,0.702293
1786703882.636964,85.875148,2598,24.43,142.42,76.01,1.0000,0.222530,0.158346,174.30,337.14,0.9782,0.272348,0.702374
1786703882.652865,85.891049,2599,24.43,142.59,76.00,1.0000,0.222792,0.158338,174.33,337.17,0.9781,0.272384,0.702442
1786703882.716887,85.955071,2601,24.43,142.49,75.88,1.0000,0.222636,0.158077,174.25,337.21,0.9779,0.272270,0.702520
1786703882.748784,85.986968,2602,24.43,142.65,75.65,1.0000,0.222884,0.157609,174.30,337.19,0.9779,0.272337,0.702485
1786703882.780310,86.018494,2603,24.05,142.68,76.00,1.0000,0.222944,0.158341,174.21,337.44,0.9776,0.272196,0.703004
1786703882.843949,86.082133,2605,24.05,142.74,76.20,1.0000,0.223025,0.158741,174.27,337.49,0.9777,0.272304,0.703113
1786703882.908734,86.146919,2606,24.05,142.93,76.05,1.0000,0.223333,0.158430,174.28,337.46,0.9778,0.272311,0.703049
1786703882.953508,86.191692,2608,24.05,143.08,76.05,1.0000,0.223559,0.158433,174.41,337.39,0.9777,0.272519,0.702906
1786703882.985220,86.223404,2609,24.05,143.08,75.81,1.0000,0.223567,0.157936,174.41,337.42,0.9776,0.272510,0.702961
1786703883.033059,86.271243,2610,24.05,143.14,75.74,1.0000,0.223664,0.157787,174.38,337.47,0.9775,0.272469,0.703054
1786703883.096503,86.334687,2612,24.05,143.20,75.73,1.0000,0.223746,0.157774,174.38,337.55,0.9777,0.272473,0.703219
1786703883.176096,86.414280,2614,24.05,143.66,75.77,1.0000,0.224470,0.157864,174.13,337.51,0.9775,0.272072,0.703147
1786703883.239722,86.477906,2616,24.05,143.94,75.78,1.0000,0.224913,0.157871,174.12,337.56,0.9774,0.272067,0.703254
1786703883.255451,86.493635,2617,24.05,144.30,75.78,1.0000,0.225472,0.157877,174.21,337.39,0.9778,0.272202,0.702891
1786703883.328897,86.567081,2619,23.18,144.48,75.79,1.0000,0.225757,0.157902,174.15,337.38,0.9777,0.272107,0.702880
1786703883.351364,86.589548,2620,23.18,144.65,75.82,1.0000,0.226016,0.157960,174.15,337.33,0.9776,0.272112,0.702767
1786703883.423848,86.662032,2622,23.18,144.78,76.11,1.0000,0.226215,0.158555,174.07,337.29,0.9782,0.271988,0.702680
1786703883.459292,86.697476,2623,23.18,145.17,76.40,1.0000,0.226826,0.159173,174.11,337.29,0.9778,0.272053,0.702684
1786703883.491254,86.729438,2624,23.18,145.25,76.27,1.0000,0.226957,0.158902,174.11,337.11,0.9780,0.272052,0.702317
1786703883.554300,86.792484,2626,23.18,145.39,76.31,1.0000,0.227176,0.158973,174.14,337.31,0.9774,0.272092,0.702739
1786703883.617883,86.856068,2628,23.18,145.53,75.89,1.0000,0.227391,0.158112,174.19,337.19,0.9778,0.272168,0.702475
1786703883.697613,86.935797,2630,23.18,145.56,75.87,1.0000,0.227441,0.158055,174.31,337.29,0.9781,0.272359,0.702696
1786703883.745712,86.983896,2632,23.18,145.64,75.87,1.0000,0.227566,0.158059,174.26,337.43,0.9782,0.272283,0.702986
1786703883.793578,87.031763,2633,23.18,145.68,75.77,1.0000,0.227623,0.157850,174.29,337.52,0.9786,0.272329,0.703159
1786703883.830382,87.068566,2634,23.18,145.72,76.06,1.0000,0.227687,0.158467,174.37,337.49,0.9785,0.272452,0.703107
1786703883.857263,87.095447,2635,22.52,145.73,76.35,1.0000,0.227700,0.159067,174.32,337.38,0.9786,0.272377,0.702882
1786703883.920596,87.158780,2637,22.52,145.90,76.38,1.0000,0.227968,0.159133,174.28,337.30,0.9785,0.272317,0.702700
1786703883.952326,87.190510,2638,22.52,146.13,76.58,1.0000,0.228321,0.159538,174.38,337.29,0.9787,0.272472,0.702686
1786703883.994078,87.232262,2639,22.52,146.12,76.58,1.0000,0.228309,0.159547,174.22,337.38,0.9789,0.272217,0.702871
1786703884.041682,87.279866,2641,22.52,146.14,76.55,1.0000,0.228341,0.159477,174.14,337.45,0.9788,0.272094,0.703016
1786703884.088889,87.327073,2642,22.52,146.16,76.59,1.0000,0.228378,0.159555,174.17,337.41,0.9792,0.272142,0.702938
1786703884.152129,87.390313,2644,22.52,146.16,76.52,1.0000,0.228382,0.159410,174.02,337.08,0.9792,0.271906,0.702243
1786703884.186959,87.425143,2645,22.52,146.19,76.52,1.0000,0.228423,0.159411,174.03,337.34,0.9789,0.271921,0.702788
1786703884.223056,87.461240,2646,22.52,146.14,76.55,1.0000,0.228339,0.159481,174.05,337.29,0.9787,0.271954,0.702678
1786703884.257750,87.495934,2647,22.52,146.19,76.48,1.0000,0.228428,0.159339,174.12,337.43,0.9789,0.272061,0.702981
1786703884.278824,87.517008,2648,22.52,146.23,76.48,1.0000,0.228482,0.159336,174.14,337.47,0.9783,0.272095,0.703068
1786703884.326372,87.564556,2649,22.52,146.35,76.48,1.0000,0.228667,0.159336,174.13,337.43,0.9777,0.272081,0.702981
1786703884.374196,87.612381,2651,22.66,146.46,76.48,1.0000,0.228847,0.159328,174.10,337.46,0.9773,0.272033,0.703045
1786703884.421745,87.659929,2652,22.66,146.37,76.42,1.0000,0.228697,0.159212,173.99,337.45,0.9774,0.271860,0.703025
1786703884.486065,87.724249,2654,22.66,146.37,76.44,1.0000,0.228702,0.159245,173.94,337.59,0.9776,0.271786,0.703311
1786703884.522533,87.760717,2655,22.66,146.60,76.41,1.0000,0.229055,0.159191,173.90,337.74,0.9777,0.271723,0.703618
1786703884.586219,87.824403,2657,22.66,146.69,76.35,1.0000,0.229208,0.159066,173.98,337.68,0.9772,0.271851,0.703491
1786703884.617772,87.855956,2658,22.66,146.69,76.35,1.0000,0.229211,0.159065,174.03,337.51,0.9773,0.271925,0.703155
1786703884.681401,87.919585,2660,22.66,146.79,76.33,1.0000,0.229362,0.159029,174.00,337.65,0.9773,0.271880,0.703446
1786703884.731706,87.969891,2661,22.66,146.79,76.30,1.0000,0.229365,0.158951,174.00,337.49,0.9774,0.271872,0.703107
1786703884.777098,88.015282,2663,22.66,146.79,76.16,1.0000,0.229366,0.158672,174.01,337.50,0.9773,0.271894,0.703123
1786703884.809129,88.047313,2664,22.66,146.87,76.17,1.0000,0.229491,0.158697,174.04,337.48,0.9774,0.271940,0.703078
1786703884.882419,88.120603,2666,22.66,146.88,75.77,1.0000,0.229495,0.157860,174.00,337.42,0.9775,0.271879,0.702953
1786703884.932118,88.170303,2667,22.66,146.94,75.61,1.0000,0.229586,0.157522,173.98,337.56,0.9779,0.271839,0.703252
1786703884.951345,88.189529,2668,22.44,147.01,75.92,1.0000,0.229701,0.158157,173.99,337.58,0.9781,0.271857,0.703285
1786703884.978302,88.216486,2669,22.44,146.97,75.90,1.0000,0.229644,0.158127,173.99,337.44,0.9778,0.271859,0.703003
1786703885.018901,88.257086,2670,22.44,146.97,75.90,1.0000,0.229646,0.158135,173.99,337.30,0.9775,0.271865,0.702717
1786703885.054257,88.292441,2671,22.44,147.05,75.79,1.0000,0.229770,0.157896,174.00,337.51,0.9778,0.271871,0.703139
1786703885.129532,88.367717,2673,22.44,147.07,75.93,1.0000,0.229793,0.158181,174.10,337.62,0.9780,0.272028,0.703380
1786703885.177520,88.415704,2675,22.44,147.05,75.99,1.0000,0.229771,0.158305,174.08,337.39,0.9779,0.272008,0.702896
1786703885.209394,88.447578,2676,22.44,147.02,75.69,1.0000,0.229724,0.157694,174.09,337.46,0.9781,0.272010,0.703032
1786703885.256882,88.495066,2677,22.44,146.91,75.08,1.0000,0.229549,0.156407,174.07,337.48,0.9780,0.271982,0.703091
1786703885.320518,88.558702,2679,22.44,146.87,75.08,1.0000,0.229485,0.156417,174.08,337.63,0.9780,0.271997,0.703405
1786703885.352142,88.590327,2680,22.44,146.84,74.78,1.0000,0.229432,0.155789,174.08,337.58,0.9781,0.271998,0.703297
1786703885.415191,88.653375,2682,22.44,146.83,75.14,1.0000,0.229426,0.156538,174.07,337.59,0.9781,0.271979,0.703322
1786703885.462588,88.700772,2683,22.21,146.84,75.09,1.0000,0.229440,0.156443,174.15,337.33,0.9780,0.272102,0.702779
1786703885.494441,88.732625,2684,22.21,146.75,75.15,1.0000,0.229302,0.156557,174.08,337.44,0.9777,0.271998,0.703007
1786703885.553531,88.791716,2686,22.21,146.74,75.17,1.0000,0.229286,0.156595,174.07,337.54,0.9776,0.271979,0.703207
1786703885.616098,88.854282,2688,22.21,146.74,75.20,1.0000,0.229289,0.156673,173.89,337.81,0.9775,0.271707,0.703777
1786703885.663929,88.902113,2689,22.21,146.56,75.24,1.0000,0.228997,0.156755,173.89,337.86,0.9776,0.271708,0.703874
1786703885.699050,88.937235,2690,22.21,146.56,75.11,1.0000,0.228995,0.156471,173.89,337.92,0.9770,0.271709,0.704007
1786703885.721094,88.959278,2691,22.21,146.53,75.06,1.0000,0.228959,0.156372,173.85,337.95,0.9771,0.271643,0.704072
1786703885.742776,88.980960,2692,22.21,146.52,75.35,1.0000,0.228938,0.156979,173.84,337.92,0.9772,0.271623,0.703998
1786703885.790115,89.028300,2693,22.21,146.53,75.47,1.0000,0.228956,0.157230,173.77,337.92,0.9770,0.271508,0.704006
1786703885.806162,89.044346,2694,22.21,146.55,75.48,1.0000,0.228978,0.157258,173.77,337.94,0.9768,0.271520,0.704041
1786703885.854056,89.092241,2695,22.21,146.54,75.55,1.0000,0.228969,0.157399,173.72,338.07,0.9770,0.271439,0.704312
1786703885.885993,89.124178,2696,22.21,146.54,75.50,1.0000,0.228975,0.157294,173.71,338.10,0.9770,0.271415,0.704371
1786703885.949561,89.187745,2698,22.21,146.54,75.54,1.0000,0.228976,0.157372,173.71,338.09,0.9768,0.271420,0.704345
1786703885.997047,89.235231,2699,22.40,146.55,75.78,1.0000,0.228980,0.157878,173.71,338.01,0.9765,0.271424,0.704189
1786703886.044954,89.283138,2701,22.40,146.55,75.36,1.0000,0.228983,0.157009,173.54,338.10,0.9766,0.271151,0.704380
1786703886.089379,89.327563,2702,22.40,146.49,75.38,1.0000,0.228891,0.157048,173.79,338.07,0.9767,0.271539,0.704305
1786703886.152725,89.390909,2704,22.40,146.47,75.55,1.0000,0.228852,0.157398,173.86,338.05,0.9768,0.271655,0.704274
1786703886.216335,89.454519,2706,22.40,146.37,75.55,1.0000,0.228702,0.157395,173.90,337.95,0.9768,0.271715,0.704057
1786703886.263973,89.502157,2707,22.40,146.10,75.67,1.0000,0.228275,0.157649,173.87,337.52,0.9770,0.271666,0.703177
1786703886.312031,89.550215,2709,22.40,146.10,75.67,1.0000,0.228287,0.157654,173.88,337.60,0.9769,0.271683,0.703340
1786703886.359689,89.597873,2710,22.40,146.62,75.70,1.0000,0.229088,0.157704,173.99,337.60,0.9769,0.271858,0.703343
1786703886.407119,89.645303,2712,22.40,146.76,75.70,1.0000,0.229310,0.157703,173.88,337.61,0.9768,0.271686,0.703352
1786703886.438542,89.676726,2713,22.40,146.79,75.91,1.0000,0.229352,0.158150,173.93,337.58,0.9768,0.271770,0.703282
1786703886.486106,89.724291,2714,22.40,146.80,76.29,1.0000,0.229378,0.158945,173.76,337.66,0.9767,0.271508,0.703464
1786703886.550173,89.788357,2716,22.07,146.80,76.23,1.0000,0.229378,0.158805,173.68,337.72,0.9762,0.271371,0.703593
1786703886.582196,89.820380,2717,22.07,146.80,76.59,1.0000,0.229378,0.159560,173.60,337.73,0.9760,0.271252,0.703609
1786703886.609006,89.847190,2718,22.07,146.72,76.86,1.0000,0.229246,0.160117,173.68,337.71,0.9752,0.271382,0.703562
1786703886.687963,89.926147,2720,22.07,146.76,76.91,1.0000,0.229313,0.160239,173.67,337.91,0.9757,0.271366,0.703980
1786703886.719630,89.957814,2721,22.07,146.70,76.91,1.0000,0.229218,0.160223,173.66,337.94,0.9756,0.271342,0.704042
1786703886.783384,90.021568,2723,22.07,146.58,76.86,1.0000,0.229038,0.160124,173.73,337.89,0.9759,0.271455,0.703932
1786703886.830807,90.068991,2724,22.07,146.53,76.86,1.0000,0.228952,0.160129,173.71,337.89,0.9760,0.271428,0.703938
1786703886.883548,90.121733,2725,22.07,146.32,76.85,1.0000,0.228623,0.160095,173.74,337.93,0.9760,0.271475,0.704029
1786703886.937485,90.175669,2727,22.07,146.16,76.95,1.0000,0.228370,0.160306,173.62,337.99,0.9762,0.271286,0.704146
1786703886.969386,90.207570,2728,22.07,145.81,77.16,1.0000,0.227830,0.160747,173.65,337.57,0.9760,0.271333,0.703281
1786703887.005634,90.243818,2729,22.07,145.75,77.10,1.0000,0.227737,0.160625,173.68,337.53,0.9764,0.271372,0.703179
1786703887.049140,90.287324,2731,22.07,145.76,77.10,1.0000,0.227756,0.160634,173.65,337.47,0.9766,0.271329,0.703060
1786703887.102167,90.340351,2732,22.15,145.70,77.13,1.0000,0.227656,0.160693,173.70,337.48,0.9770,0.271405,0.703074
1786703887.115033,90.353217,2733,22.15,145.51,77.11,1.0000,0.227364,0.160646,173.74,337.40,0.9766,0.271471,0.702925
1786703887.144762,90.382946,2734,22.15,145.34,77.17,1.0000,0.227098,0.160771,173.73,337.33,0.9770,0.271451,0.702769
1786703887.224187,90.462372,2736,22.15,145.48,76.82,1.0000,0.227308,0.160038,173.72,337.14,0.9773,0.271441,0.702379
1786703887.240222,90.478406,2737,22.15,145.46,76.82,1.0000,0.227287,0.160044,173.69,337.17,0.9777,0.271398,0.702443
1786703887.319850,90.558034,2739,22.15,145.62,76.86,1.0000,0.227533,0.160132,173.69,337.51,0.9774,0.271396,0.703139
1786703887.351527,90.589711,2740,22.15,145.61,77.28,1.0000,0.227512,0.161000,173.86,337.28,0.9778,0.271649,0.702659
1786703887.415250,90.653434,2742,22.15,145.61,77.27,1.0000,0.227511,0.160969,173.78,337.41,0.9778,0.271533,0.702931
1786703887.457673,90.695857,2743,22.15,145.67,77.25,1.0000,0.227612,0.160938,173.75,337.50,0.9779,0.271480,0.703135
1786703887.494610,90.732794,2744,22.15,145.79,77.24,1.0000,0.227790,0.160907,173.75,337.53,0.9777,0.271478,0.703192
1786703887.542065,90.780250,2746,22.15,145.80,77.17,1.0000,0.227809,0.160778,173.78,337.57,0.9772,0.271526,0.703265
1786703887.589781,90.827965,2747,22.15,145.79,77.16,1.0000,0.227803,0.160757,173.81,337.51,0.9774,0.271582,0.703151
1786703887.621621,90.859805,2748,22.26,145.83,77.16,1.0000,0.227866,0.160742,173.80,337.42,0.9774,0.271560,0.702966
1786703887.663784,90.901968,2749,22.26,146.11,77.12,1.0000,0.228291,0.160668,173.76,337.43,0.9773,0.271505,0.702980
1786703887.711867,90.950052,2751,22.26,146.33,76.92,1.0000,0.228640,0.160245,173.63,337.62,0.9771,0.271299,0.703378
1786703887.743637,90.981821,2752,22.26,146.38,76.75,1.0000,0.228715,0.159890,173.61,337.62,0.9770,0.271270,0.703378
1786703887.807464,91.045649,2754,22.26,146.43,76.66,1.0000,0.228800,0.159701,173.58,337.81,0.9769,0.271225,0.703768
1786703887.854724,91.092908,2755,22.26,146.43,76.55,1.0000,0.228799,0.159477,173.64,337.59,0.9774,0.271317,0.703322
1786703887.886665,91.124849,2756,22.26,146.50,76.54,1.0000,0.228900,0.159453,173.71,337.73,0.9774,0.271416,0.703597
1786703887.949610,91.187794,2758,22.26,146.46,76.52,1.0000,0.228841,0.159408,173.71,337.73,0.9774,0.271417,0.703606
1786703887.996709,91.234893,2759,22.26,146.56,76.29,1.0000,0.229008,0.158947,173.73,337.69,0.9773,0.271453,0.703522
1786703888.061094,91.299278,2761,22.26,146.57,76.25,1.0000,0.229009,0.158858,173.71,337.72,0.9774,0.271417,0.703591
1786703888.092635,91.330820,2762,22.26,146.52,75.92,1.0000,0.228930,0.158175,173.68,337.79,0.9776,0.271372,0.703732
1786703888.155648,91.393832,2764,22.15,146.51,75.78,1.0000,0.228919,0.157868,173.71,337.75,0.9773,0.271426,0.703650
1786703888.225019,91.463203,2765,22.15,146.60,75.67,1.0000,0.229055,0.157643,173.77,337.80,0.9773,0.271519,0.703740
1786703888.246574,91.484759,2767,22.15,146.55,75.82,1.0000,0.228977,0.157963,173.82,337.68,0.9775,0.271601,0.703494
1786703888.293937,91.532121,2768,22.15,146.65,75.99,1.0000,0.229148,0.158315,173.79,337.76,0.9775,0.271543,0.703657
1786703888.341743,91.579927,2770,22.15,146.63,75.97,1.0000,0.229115,0.158280,173.66,337.73,0.9777,0.271346,0.703614
1786703888.393775,91.631960,2771,22.15,146.63,75.97,1.0000,0.229115,0.158278,173.70,337.71,0.9778,0.271401,0.703554
1786703888.436879,91.675063,2772,22.15,146.47,76.54,1.0000,0.228860,0.159456,173.82,337.40,0.9773,0.271593,0.702927
1786703888.484454,91.722639,2774,22.15,146.47,76.53,1.0000,0.228854,0.159446,173.83,337.56,0.9774,0.271605,0.703260
1786703888.524729,91.762914,2775,22.15,146.49,76.58,1.0000,0.228886,0.159544,173.84,337.66,0.9765,0.271621,0.703451
1786703888.564059,91.802243,2776,22.15,146.53,76.89,1.0000,0.228949,0.160189,173.82,337.76,0.9764,0.271587,0.703663
1786703888.579924,91.818108,2777,22.15,146.54,77.09,1.0000,0.228961,0.160612,173.81,337.74,0.9764,0.271581,0.703616
1786703888.643592,91.881776,2779,21.95,146.52,76.97,1.0000,0.228938,0.160362,173.80,337.81,0.9763,0.271560,0.703777
1786703888.691610,91.929794,2780,21.95,146.37,76.97,1.0000,0.228697,0.160353,173.83,337.91,0.9762,0.271615,0.703989
1786703888.728158,91.966343,2781,21.95,146.32,77.02,1.0000,0.228626,0.160468,173.81,338.08,0.9761,0.271578,0.704332
1786703888.750019,91.988203,2782,21.95,146.32,77.06,1.0000,0.228625,0.160547,173.77,338.14,0.9757,0.271523,0.704456
1786703888.813011,92.051195,2784,21.95,146.00,77.00,1.0000,0.228118,0.160417,173.76,338.19,0.9760,0.271504,0.704563
1786703888.844413,92.082597,2785,21.95,145.99,76.97,1.0000,0.228112,0.160362,173.76,338.27,0.9759,0.271493,0.704729
1786703888.920744,92.158929,2787,21.95,144.68,76.64,1.0000,0.226067,0.159657,173.75,338.22,0.9760,0.271491,0.704624
1786703888.991972,92.230156,2789,21.95,144.65,76.35,1.0000,0.226017,0.159057,173.74,338.39,0.9759,0.271475,0.704979
1786703889.023776,92.261960,2790,21.95,144.47,76.35,1.0000,0.225741,0.159056,173.68,338.36,0.9757,0.271373,0.704925
1786703889.087040,92.325224,2792,21.95,144.44,76.73,1.0000,0.225691,0.159863,173.67,338.26,0.9757,0.271361,0.704698
1786703889.119062,92.357247,2793,21.95,144.33,76.58,1.0000,0.225522,0.159534,173.67,338.15,0.9759,0.271366,0.704478
1786703889.150772,92.388956,2794,21.77,144.33,76.57,1.0000,0.225510,0.159528,173.66,338.20,0.9761,0.271351,0.704587
1786703889.230213,92.468397,2796,21.77,144.43,76.57,1.0000,0.225672,0.159526,173.65,338.28,0.9758,0.271323,0.704750
1786703889.254869,92.493053,2797,21.77,144.58,76.64,1.0000,0.225902,0.159671,173.64,338.27,0.9762,0.271316,0.704734
1786703889.318490,92.556674,2799,21.77,144.48,76.81,1.0000,0.225747,0.160023,173.64,338.26,0.9760,0.271313,0.704711
1786703889.350171,92.588355,2800,21.77,144.22,76.85,1.0000,0.225349,0.160101,173.69,338.47,0.9762,0.271383,0.705148
1786703889.381811,92.619995,2801,21.77,144.24,76.93,1.0000,0.225376,0.160270,173.88,338.30,0.9754,0.271686,0.704787
1786703889.460650,92.698834,2803,21.77,144.81,77.00,1.0000,0.226270,0.160409,173.80,338.20,0.9758,0.271570,0.704591
1786703889.505245,92.743430,2804,21.77,144.87,77.01,1.0000,0.226358,0.160446,173.77,338.19,0.9755,0.271517,0.704564
1786703889.524224,92.762408,2805,21.77,144.87,77.02,1.0000,0.226356,0.160451,173.97,337.96,0.9752,0.271827,0.704086
1786703889.587512,92.825696,2807,21.77,144.98,76.96,1.0000,0.226529,0.160338,173.94,337.78,0.9752,0.271784,0.703718
1786703889.623105,92.861290,2808,21.77,144.98,76.97,1.0000,0.226534,0.160364,173.94,337.71,0.9751,0.271774,0.703567
1786703889.651350,92.889535,2809,21.81,144.95,76.89,1.0000,0.226491,0.160179,173.94,337.62,0.9754,0.271786,0.703380
1786703889.714544,92.952728,2811,21.81,144.96,76.86,1.0000,0.226496,0.160134,173.85,337.73,0.9757,0.271640,0.703612
1786703889.746787,92.984971,2812,21.81,144.96,76.87,1.0000,0.226500,0.160138,173.84,337.77,0.9761,0.271624,0.703683
1786703889.783887,93.022071,2813,21.81,145.01,76.91,1.0000,0.226572,0.160228,173.81,337.75,0.9765,0.271573,0.703649
1786703889.852108,93.090292,2815,21.81,144.93,76.93,1.0000,0.226460,0.160268,173.82,337.73,0.9767,0.271587,0.703599
1786703889.897090,93.135274,2816,21.81,144.93,76.94,1.0000,0.226458,0.160295,173.83,337.77,0.9766,0.271613,0.703686
1786703889.931609,93.169793,2817,21.81,144.85,76.93,1.0000,0.226333,0.160266,173.74,337.81,0.9766,0.271471,0.703764
1786703889.947190,93.185374,2818,21.81,144.69,76.92,1.0000,0.226076,0.160256,173.76,337.82,0.9763,0.271506,0.703789
1786703890.003073,93.241257,2819,21.81,144.69,76.78,1.0000,0.226076,0.159964,173.75,337.89,0.9764,0.271491,0.703934
1786703890.017463,93.255647,2820,21.81,144.71,76.78,1.0000,0.226111,0.159963,173.71,337.88,0.9764,0.271427,0.703909
1786703890.058319,93.296503,2821,21.81,144.72,76.78,1.0000,0.226122,0.159961,173.69,337.85,0.9763,0.271397,0.703847
1786703890.074156,93.312340,2822,21.81,144.78,76.85,1.0000,0.226223,0.160097,173.65,337.91,0.9764,0.271325,0.703977
1786703890.153393,93.391577,2824,21.81,144.78,76.85,1.0000,0.226213,0.160097,173.61,338.06,0.9762,0.271265,0.704297
1786703890.184877,93.423061,2825,22.31,144.87,77.12,1.0000,0.226352,0.160666,173.64,337.97,0.9760,0.271314,0.704112
1786703890.216955,93.455140,2826,22.31,145.17,77.11,1.0000,0.226821,0.160639,173.78,337.85,0.9757,0.271533,0.703857
1786703890.296578,93.534763,2828,22.31,145.09,77.12,1.0000,0.226703,0.160666,173.76,337.84,0.9755,0.271500,0.703836
1786703890.324281,93.562465,2829,22.31,145.13,77.15,1.0000,0.226771,0.160725,173.84,337.62,0.9757,0.271620,0.703374
1786703890.357038,93.595223,2830,22.31,145.13,77.14,1.0000,0.226772,0.160704,173.69,337.83,0.9758,0.271391,0.703806
1786703890.436446,93.674630,2832,22.31,145.17,77.14,1.0000,0.226832,0.160707,173.70,337.73,0.9758,0.271410,0.703614
1786703890.452572,93.690757,2833,22.31,145.24,77.09,1.0000,0.226942,0.160600,173.68,337.78,0.9760,0.271383,0.703710
1786703890.484455,93.722639,2834,22.31,145.37,77.13,1.0000,0.227135,0.160684,173.78,337.76,0.9756,0.271526,0.703666
1786703890.524370,93.762555,2835,22.31,145.47,77.05,1.0000,0.227303,0.160517,173.76,337.77,0.9754,0.271507,0.703679
1786703890.548069,93.786253,2836,22.31,145.72,76.89,1.0000,0.227691,0.160186,173.75,337.78,0.9756,0.271486,0.703718
1786703890.611621,93.849805,2838,22.31,145.73,76.69,1.0000,0.227697,0.159773,173.70,337.82,0.9757,0.271405,0.703799
1786703890.658589,93.896773,2839,22.31,145.76,76.71,1.0000,0.227745,0.159814,173.68,337.86,0.9755,0.271382,0.703883
1786703890.690152,93.928336,2840,22.31,145.80,76.69,1.0000,0.227818,0.159779,173.70,337.86,0.9758,0.271399,0.703873
1786703890.739278,93.977463,2841,22.84,145.89,76.69,1.0000,0.227947,0.159778,173.78,337.88,0.9758,0.271536,0.703914
1786703890.811092,94.049276,2842,22.84,146.01,76.52,1.0000,0.228135,0.159408,173.65,338.07,0.9757,0.271326,0.704322
1786703890.818843,94.057028,2844,22.84,145.99,76.53,1.0000,0.228115,0.159439,173.60,338.10,0.9756,0.271250,0.704373
1786703890.876172,94.114356,2845,22.84,146.00,76.55,1.0000,0.228126,0.159476,173.64,337.99,0.9759,0.271307,0.704139
1786703890.909384,94.147568,2846,22.84,146.08,76.56,1.0000,0.228250,0.159494,173.72,338.00,0.9763,0.271436,0.704176
1786703890.951260,94.189444,2848,22.84,146.07,76.49,1.0000,0.228242,0.159364,173.67,338.16,0.9765,0.271359,0.704504
1786703890.999361,94.237545,2849,22.84,145.95,76.89,1.0000,0.228052,0.160192,173.60,338.16,0.9771,0.271252,0.704507
1786703891.062864,94.301048,2851,22.84,145.93,76.90,1.0000,0.228022,0.160198,173.73,338.14,0.9773,0.271446,0.704467
1786703891.079032,94.317216,2852,22.84,145.94,76.86,1.0000,0.228029,0.160129,173.72,337.96,0.9774,0.271444,0.704079
1786703891.126458,94.364643,2853,22.84,145.98,76.93,1.0000,0.228096,0.160275,173.80,337.98,0.9773,0.271564,0.704127
1786703891.189959,94.428143,2855,22.84,146.06,76.65,1.0000,0.228216,0.159696,173.84,337.97,0.9775,0.271633,0.704102
1786703891.253489,94.491673,2857,22.54,146.18,76.63,1.0000,0.228401,0.159654,173.85,338.03,0.9775,0.271640,0.704221
1786703891.285642,94.523827,2858,22.54,146.41,76.63,1.0000,0.228767,0.159650,173.92,337.92,0.9775,0.271748,0.704003
1786703891.322149,94.560333,2859,22.54,146.46,76.60,1.0000,0.228841,0.159591,173.91,337.92,0.9778,0.271742,0.704004
1786703891.372662,94.610847,2860,22.54,146.46,76.61,1.0000,0.228846,0.159595,173.91,337.94,0.9777,0.271728,0.704040
1786703891.417676,94.655860,2862,22.54,146.46,76.58,1.0000,0.228837,0.159545,173.81,337.92,0.9778,0.271585,0.703997
1786703891.450019,94.688203,2863,22.54,146.54,76.58,1.0000,0.228972,0.159550,173.85,337.72,0.9780,0.271642,0.703581
1786703891.497310,94.735494,2864,22.54,146.71,76.57,1.0000,0.229231,0.159531,173.86,337.79,0.9785,0.271657,0.703729
1786703891.529262,94.767447,2865,22.54,146.71,76.56,1.0000,0.229235,0.159506,173.97,337.65,0.9786,0.271834,0.703446
1786703891.608598,94.846782,2867,22.54,147.12,76.56,1.0000,0.229875,0.159505,173.89,337.61,0.9785,0.271708,0.703354
1786703891.656276,94.894460,2869,22.54,147.30,76.59,1.0000,0.230159,0.159553,173.90,337.60,0.9783,0.271714,0.703333
1786703891.719523,94.957708,2871,22.54,147.30,76.50,1.0000,0.230158,0.159376,173.91,337.48,0.9786,0.271727,0.703077
1786703891.767398,95.005582,2872,22.32,147.30,76.50,1.0000,0.230159,0.159369,173.93,337.48,0.9788,0.271771,0.703090
1786703891.799162,95.037346,2873,22.32,147.30,76.59,1.0000,0.230162,0.159565,173.97,337.50,0.9789,0.271824,0.703124
1786703891.846905,95.085089,2875,22.32,147.15,76.59,1.0000,0.229922,0.159568,173.94,337.50,0.9792,0.271777,0.703127
1786703891.922442,95.160626,2877,22.32,146.81,76.44,1.0000,0.229385,0.159245,173.85,337.80,0.9792,0.271640,0.703755
1786703891.945952,95.184137,2878,22.32,146.81,76.43,1.0000,0.229389,0.159230,173.85,337.63,0.9787,0.271645,0.703388
1786703892.017622,95.255806,2880,22.32,146.80,76.19,1.0000,0.229372,0.158729,173.89,337.69,0.9784,0.271699,0.703523
1786703892.049558,95.287742,2881,22.32,146.80,76.11,1.0000,0.229378,0.158571,173.90,337.67,0.9782,0.271724,0.703472
1786703892.113095,95.351279,2882,22.32,146.80,75.88,1.0000,0.229373,0.158074,173.90,338.02,0.9785,0.271719,0.704215
1786703892.146322,95.384506,2884,22.32,146.78,75.79,1.0000,0.229341,0.157898,173.87,338.06,0.9787,0.271679,0.704284
1786703892.224209,95.462393,2886,22.32,146.77,75.77,1.0000,0.229335,0.157860,174.00,338.00,0.9781,0.271877,0.704157
1786703892.262625,95.500809,2887,22.32,146.92,75.78,1.0000,0.229563,0.157879,174.01,337.81,0.9781,0.271888,0.703765
1786703892.287714,95.525898,2888,22.08,147.00,76.16,1.0000,0.229688,0.158660,174.01,337.81,0.9778,0.271898,0.703777
1786703892.319938,95.558123,2889,22.08,146.99,75.97,1.0000,0.229666,0.158277,173.99,337.96,0.9782,0.271858,0.704089
1786703892.383053,95.621237,2891,22.08,147.13,75.94,1.0000,0.229889,0.158214,173.88,338.05,0.9781,0.271691,0.704272
1786703892.414722,95.652906,2892,22.08,147.19,75.94,1.0000,0.229981,0.158206,173.87,338.11,0.9781,0.271669,0.704405
1786703892.458228,95.696412,2893,22.08,147.19,75.93,1.0000,0.229984,0.158194,173.85,338.12,0.9778,0.271648,0.704407
1786703892.522468,95.760652,2895,22.08,147.19,76.02,1.0000,0.229989,0.158379,173.89,338.07,0.9777,0.271707,0.704313
1786703892.570456,95.808640,2896,22.08,147.23,76.37,1.0000,0.230052,0.159100,173.89,338.06,0.9777,0.271708,0.704287
1786703892.617812,95.855997,2898,22.08,147.25,76.58,1.0000,0.230084,0.159538,173.90,338.04,0.9772,0.271721,0.704255
1786703892.672570,95.910754,2899,22.08,147.26,76.55,1.0000,0.230087,0.159481,173.94,337.93,0.9767,0.271784,0.704026
1786703892.681552,95.919736,2900,22.08,147.26,76.56,1.0000,0.230098,0.159497,173.92,337.99,0.9767,0.271744,0.704156
1786703892.729167,95.967352,2901,22.08,147.29,76.57,1.0000,0.230133,0.159522,173.92,338.01,0.9762,0.271744,0.704182
1786703892.747754,95.985938,2902,22.08,147.29,76.56,1.0000,0.230135,0.159506,173.95,337.82,0.9761,0.271791,0.703799
1786703892.779111,96.017295,2903,22.27,147.29,76.54,1.0000,0.230136,0.159454,173.90,338.06,0.9761,0.271715,0.704286
1786703892.847750,96.085934,2905,22.27,147.29,76.53,1.0000,0.230140,0.159441,173.73,338.14,0.9757,0.271453,0.704459
1786703892.893945,96.132129,2906,22.27,147.30,76.59,1.0000,0.230156,0.159563,173.82,338.04,0.9751,0.271601,0.704252
1786703892.928783,96.166967,2907,22.27,147.30,76.66,1.0000,0.230149,0.159711,173.77,337.80,0.9753,0.271511,0.703748
1786703892.970084,96.208268,2909,22.27,147.19,76.67,1.0000,0.229992,0.159720,173.80,337.65,0.9754,0.271567,0.703438
1786703893.032710,96.270895,2910,22.27,147.19,76.61,1.0000,0.229990,0.159606,173.87,337.70,0.9752,0.271670,0.703537
1786703893.048130,96.286314,2911,22.27,147.27,76.58,1.0000,0.230117,0.159534,173.87,337.72,0.9750,0.271672,0.703575
1786703893.112108,96.350292,2913,22.27,147.28,76.57,1.0000,0.230125,0.159513,173.80,338.00,0.9753,0.271569,0.704171
1786703893.162246,96.400430,2914,22.27,147.25,76.57,1.0000,0.230083,0.159527,173.69,337.98,0.9749,0.271384,0.704127
1786703893.176300,96.414485,2915,22.27,147.21,76.53,1.0000,0.230016,0.159448,173.71,338.05,0.9734,0.271418,0.704274
1786703893.248585,96.486769,2917,22.27,147.21,76.56,1.0000,0.230008,0.159493,173.84,337.97,0.9732,0.271625,0.704111
1786703893.290521,96.528705,2918,22.27,147.18,76.55,1.0000,0.229965,0.159489,173.86,338.01,0.9728,0.271657,0.704185
1786703893.354548,96.592732,2919,22.37,147.27,76.62,1.0000,0.230111,0.159616,173.95,337.96,0.9727,0.271794,0.704085
1786703893.358299,96.596483,2920,22.37,147.27,76.62,1.0000,0.230107,0.159631,173.95,338.07,0.9725,0.271793,0.704311
1786703893.383238,96.621422,2921,22.37,147.28,76.68,1.0000,0.230121,0.159750,173.97,338.05,0.9723,0.271826,0.704275
1786703893.448815,96.687000,2923,22.37,147.28,76.53,1.0000,0.230122,0.159444,174.09,337.79,0.9723,0.272019,0.703720
1786703893.494409,96.732594,2924,22.37,147.28,76.57,1.0000,0.230121,0.159522,174.07,337.78,0.9724,0.271985,0.703714
1786703893.551743,96.789927,2926,22.37,147.27,76.27,1.0000,0.230106,0.158897,174.08,337.85,0.9724,0.271999,0.703852
1786703893.599032,96.837216,2927,22.37,147.18,76.35,1.0000,0.229964,0.159067,174.01,337.84,0.9730,0.271885,0.703835
1786703893.649441,96.887625,2929,22.37,147.16,76.67,1.0000,0.229931,0.159720,173.79,338.00,0.9732,0.271539,0.704163
1786703893.709817,96.948001,2931,22.37,147.14,76.64,1.0000,0.229901,0.159660,173.80,337.90,0.9729,0.271558,0.703954
1786703893.758381,96.996566,2932,22.37,146.71,76.67,1.0000,0.229231,0.159728,173.78,337.88,0.9735,0.271531,0.703909
1786703893.805684,97.043868,2933,22.37,146.71,76.62,1.0000,0.229232,0.159615,173.79,337.91,0.9738,0.271545,0.703984
1786703893.836823,97.075008,2934,22.29,146.57,76.64,1.0000,0.229017,0.159675,173.74,338.05,0.9738,0.271465,0.704265
1786703893.900320,97.138504,2936,22.29,146.51,76.85,1.0000,0.228915,0.160107,173.75,338.06,0.9735,0.271482,0.704286
1786703893.916378,97.154562,2937,22.29,146.16,76.77,1.0000,0.228378,0.159937,173.75,338.07,0.9739,0.271478,0.704318
1786703893.963875,97.202059,2938,22.29,145.92,76.66,1.0000,0.227995,0.159711,173.75,338.21,0.9738,0.271481,0.704604
1786703893.995358,97.233543,2939,22.29,145.42,76.59,1.0000,0.227218,0.159571,173.76,338.21,0.9739,0.271498,0.704612
1786703894.050527,97.288711,2941,22.29,145.10,76.51,1.0000,0.226718,0.159406,173.77,338.27,0.9744,0.271513,0.704729
1786703894.094409,97.332593,2942,22.29,144.90,76.34,1.0000,0.226401,0.159047,173.77,338.21,0.9749,0.271514,0.704614
1786703894.135555,97.373739,2943,22.29,144.84,76.05,1.0000,0.226315,0.158439,173.80,338.23,0.9753,0.271563,0.704640
1786703894.182977,97.421162,2945,22.29,144.64,76.23,1.0000,0.225995,0.158810,173.85,338.10,0.9754,0.271641,0.704379
1786703894.230546,97.468731,2946,22.29,144.50,76.21,1.0000,0.225780,0.158768,173.93,338.11,0.9751,0.271772,0.704401
1786703894.262058,97.500243,2947,22.29,143.94,75.64,1.0000,0.224906,0.157584,173.80,338.16,0.9754,0.271569,0.704502
1786703894.309745,97.547930,2948,22.06,143.50,75.68,1.0000,0.224219,0.157663,173.82,338.20,0.9754,0.271588,0.704574
1786703894.388803,97.626987,2951,22.06,143.35,75.63,1.0000,0.223987,0.157554,173.72,338.24,0.9756,0.271432,0.704661
1786703894.436453,97.674638,2952,22.06,143.26,75.55,1.0000,0.223849,0.157387,173.79,338.22,0.9754,0.271541,0.704625
1786703894.468432,97.706616,2953,22.06,143.27,75.71,1.0000,0.223855,0.157738,173.79,338.07,0.9755,0.271541,0.704306
1786703894.531933,97.770117,2955,22.06,143.02,75.65,1.0000,0.223464,0.157598,173.79,338.05,0.9756,0.271552,0.704268
1786703894.575514,97.813698,2956,22.06,143.01,75.79,1.0000,0.223449,0.157905,173.82,337.96,0.9753,0.271592,0.704078
1786703894.626060,97.864244,2958,22.06,142.98,75.84,1.0000,0.223414,0.158008,173.77,337.97,0.9756,0.271520,0.704109
1786703894.671659,97.909843,2959,22.06,142.99,75.96,1.0000,0.223414,0.158252,173.80,338.02,0.9755,0.271563,0.704212
1786703894.703182,97.941366,2960,22.06,142.96,75.85,1.0000,0.223374,0.158031,173.71,338.02,0.9758,0.271420,0.704211
1786703894.735078,97.973262,2961,22.06,142.96,75.88,1.0000,0.223378,0.158086,173.92,337.99,0.9756,0.271743,0.704141
1786703894.788600,98.026784,2962,22.06,143.03,75.99,1.0000,0.223490,0.158312,173.90,337.96,0.9757,0.271723,0.704091
1786703894.799562,98.037746,2963,22.06,143.01,75.68,1.0000,0.223455,0.157664,173.87,337.97,0.9757,0.271675,0.704100
1786703894.848602,98.086786,2964,22.06,142.95,75.58,1.0000,0.223352,0.157455,173.88,337.92,0.9759,0.271690,0.703996
1786703894.878636,98.116820,2966,22.47,143.08,75.67,1.0000,0.223557,0.157646,174.05,337.91,0.9757,0.271961,0.703971
1786703894.922613,98.160797,2967,22.47,143.05,75.59,1.0000,0.223517,0.157477,174.05,337.92,0.9756,0.271960,0.704004
1786703894.952922,98.191107,2968,22.47,143.16,75.54,1.0000,0.223692,0.157370,174.10,337.89,0.9753,0.272026,0.703928
1786703895.014853,98.253037,2970,22.47,143.41,75.55,1.0000,0.224072,0.157400,174.09,337.85,0.9754,0.272013,0.703863
1786703895.087371,98.325556,2972,22.47,143.41,75.66,1.0000,0.224077,0.157616,174.00,337.87,0.9754,0.271882,0.703892
1786703895.118951,98.357135,2973,22.47,143.49,75.76,1.0000,0.224201,0.157836,174.02,337.81,0.9751,0.271900,0.703775
1786703895.150785,98.388969,2974,22.47,143.53,75.74,1.0000,0.224259,0.157788,173.98,337.92,0.9751,0.271843,0.703996
1786703895.214436,98.452620,2976,22.47,143.54,75.66,1.0000,0.224283,0.157626,174.06,337.83,0.9750,0.271976,0.703804
1786703895.253442,98.491627,2977,22.47,143.54,75.64,1.0000,0.224285,0.157590,174.04,337.87,0.9749,0.271931,0.703894
1786703895.309669,98.547854,2979,22.47,143.60,75.64,1.0000,0.224376,0.157592,174.08,337.85,0.9752,0.272003,0.703865
1786703895.353610,98.591794,2980,22.47,143.58,75.39,1.0000,0.224346,0.157053,174.11,337.89,0.9749,0.272049,0.703937
1786703895.389057,98.627241,2981,22.32,143.71,75.38,1.0000,0.224548,0.157044,174.08,337.90,0.9747,0.271995,0.703949
1786703895.426625,98.664809,2982,22.32,143.57,75.54,1.0000,0.224330,0.157382,174.05,337.92,0.9753,0.271954,0.704007
1786703895.453628,98.691812,2983,22.32,143.58,75.57,1.0000,0.224339,0.157441,174.09,337.90,0.9744,0.272009,0.703958
1786703895.516359,98.754543,2985,22.32,143.81,75.58,1.0000,0.224707,0.157449,174.11,337.87,0.9740,0.272047,0.703896
1786703895.553583,98.791768,2986,22.32,143.99,75.61,1.0000,0.224986,0.157514,174.18,337.86,0.9740,0.272158,0.703877
1786703895.622844,98.861028,2988,22.32,144.28,75.59,1.0000,0.225441,0.157488,173.97,337.85,0.9744,0.271831,0.703850
1786703895.669730,98.907914,2989,22.32,144.16,75.60,1.0000,0.225254,0.157494,173.93,337.85,0.9742,0.271767,0.703847
1786703895.701576,98.939760,2990,22.32,144.12,75.60,1.0000,0.225194,0.157496,174.01,337.88,0.9739,0.271897,0.703918
1786703895.733173,98.971357,2991,22.32,144.07,75.54,1.0000,0.225110,0.157371,174.02,337.91,0.9735,0.271902,0.703973
1786703895.797047,99.035232,2993,22.32,144.08,75.53,1.0000,0.225130,0.157358,174.09,337.86,0.9735,0.272012,0.703883
1786703895.828774,99.066959,2994,22.32,144.16,75.70,1.0000,0.225253,0.157703,174.04,337.87,0.9739,0.271937,0.703890
1786703895.860553,99.098737,2995,22.32,144.27,75.70,1.0000,0.225419,0.157701,174.09,337.86,0.9742,0.272016,0.703878
1786703895.900038,99.138222,2996,22.46,144.43,75.71,1.0000,0.225667,0.157721,173.98,337.88,0.9748,0.271844,0.703909
1786703895.955710,99.193894,2998,22.46,144.42,75.65,1.0000,0.225659,0.157601,174.02,337.84,0.9744,0.271902,0.703838
1786703896.019531,99.257715,3000,22.46,144.75,75.61,1.0000,0.226173,0.157525,174.02,337.95,0.9743,0.271904,0.704053
1786703896.067581,99.305765,3001,22.46,144.78,75.63,1.0000,0.226224,0.157555,174.03,337.96,0.9743,0.271914,0.704086
1786703896.099137,99.337321,3002,22.46,144.91,75.62,1.0000,0.226417,0.157539,174.00,337.98,0.9743,0.271882,0.704119
1786703896.121764,99.359948,3003,22.46,144.84,75.62,1.0000,0.226316,0.157541,174.03,337.90,0.9736,0.271918,0.703961
1786703896.175056,99.413240,3004,22.46,144.84,75.48,1.0000,0.226317,0.157244,174.15,337.93,0.9735,0.272113,0.704019
1786703896.222739,99.460923,3006,22.46,145.00,75.50,1.0000,0.226558,0.157284,174.06,337.95,0.9736,0.271963,0.704064
1786703896.270405,99.508589,3007,22.46,145.00,75.50,1.0000,0.226567,0.157287,174.02,337.97,0.9736,0.271900,0.704096
1786703896.286496,99.524681,3008,22.46,144.98,75.55,1.0000,0.226529,0.157398,174.10,337.98,0.9732,0.272032,0.704128
1786703896.318732,99.556916,3009,22.46,144.99,75.55,1.0000,0.226547,0.157398,174.10,337.94,0.9730,0.272038,0.704048
1786703896.382402,99.620586,3011,22.46,144.76,75.65,1.0000,0.226186,0.157606,174.12,337.86,0.9730,0.272056,0.703879
1786703896.413860,99.652044,3012,22.71,144.98,75.50,1.0000,0.226524,0.157294,174.13,337.80,0.9728,0.272076,0.703746
1786703896.461326,99.699510,3013,22.71,144.70,75.48,1.0000,0.226092,0.157259,174.14,337.80,0.9726,0.272100,0.703746
1786703896.480380,99.718564,3014,22.71,144.71,75.55,1.0000,0.226110,0.157391,174.15,337.80,0.9725,0.272105,0.703759
1786703896.524142,99.762326,3015,22.71,144.67,75.66,1.0000,0.226045,0.157628,174.11,337.87,0.9728,0.272050,0.703898
1786703896.556105,99.794289,3016,22.71,144.70,75.63,1.0000,0.226088,0.157561,174.13,337.90,0.9730,0.272073,0.703961
1786703896.590185,99.828369,3017,22.71,144.74,75.55,1.0000,0.226161,0.157390,174.13,337.88,0.9730,0.272074,0.703908
1786703896.619482,99.857666,3018,22.71,145.23,75.80,1.0000,0.226917,0.157913,174.16,337.88,0.9729,0.272127,0.703914
1786703896.678529,99.916713,3020,22.71,145.52,75.84,1.0000,0.227372,0.158002,174.25,337.77,0.9735,0.272265,0.703696
1786703896.709780,99.947964,3021,22.71,145.61,75.89,1.0000,0.227518,0.158102,174.24,337.86,0.9735,0.272251,0.703869
1786703896.757482,99.995666,3022,22.71,145.60,75.88,1.0000,0.227494,0.158087,174.23,337.92,0.9734,0.272240,0.703999
1786703896.821083,100.059267,3024,22.71,145.68,75.81,1.0000,0.227619,0.157934,174.24,337.93,0.9733,0.272249,0.704027
1786703896.884571,100.122756,3026,22.71,145.77,75.79,1.0000,0.227772,0.157893,174.23,337.93,0.9736,0.272229,0.704030
1786703896.931659,100.169844,3027,22.71,145.80,75.78,1.0000,0.227810,0.157871,174.14,337.82,0.9742,0.272091,0.703797
1786703896.956381,100.194565,3028,23.23,145.84,75.71,1.0000,0.227875,0.157720,174.12,337.94,0.9743,0.272068,0.704042
1786703896.999000,100.237184,3029,23.23,146.02,75.42,1.0000,0.228155,0.157120,174.13,338.03,0.9742,0.272077,0.704227
1786703897.026659,100.264843,3030,23.23,146.03,75.24,1.0000,0.228178,0.156741,174.11,338.02,0.9743,0.272049,0.704217
1786703897.056719,100.294903,3031,23.23,146.01,74.89,1.0000,0.228140,0.156014,174.08,338.03,0.9743,0.272000,0.704234
1786703897.097478,100.335662,3032,23.23,146.02,74.64,1.0000,0.228151,0.155497,173.95,338.04,0.9748,0.271805,0.704260
1786703897.118027,100.356211,3033,23.23,146.17,74.48,1.0000,0.228385,0.155162,173.94,338.11,0.9753,0.271787,0.704388
1786703897.181863,100.420047,3034,23.23,146.16,74.47,1.0000,0.228376,0.155153,173.89,338.12,0.9756,0.271703,0.704418
1786703897.206228,100.444412,3035,23.23,146.15,74.58,1.0000,0.228365,0.155378,173.91,338.10,0.9753,0.271732,0.704372
1786703897.221037,100.459222,3036,23.23,146.16,74.50,1.0000,0.228375,0.155212,173.92,338.11,0.9755,0.271744,0.704397
1786703897.263392,100.501576,3037,23.23,146.21,74.62,1.0000,0.228451,0.155465,173.89,338.13,0.9760,0.271710,0.704428
1786703897.289786,100.527970,3038,23.23,146.24,74.62,1.0000,0.228500,0.155462,173.94,338.06,0.9762,0.271781,0.704300
1786703897.324301,100.562485,3039,23.23,146.24,74.76,1.0000,0.228499,0.155748,173.94,338.10,0.9765,0.271774,0.704379
1786703897.369156,100.607340,3040,23.23,146.38,74.73,1.0000,0.228719,0.155693,173.91,338.04,0.9761,0.271733,0.704245
1786703897.394732,100.632916,3041,23.23,146.44,74.71,1.0000,0.228815,0.155647,173.90,338.05,0.9761,0.271720,0.704274
1786703897.442566,100.680750,3042,23.23,146.45,74.71,1.0000,0.228834,0.155637,173.83,338.25,0.9754,0.271607,0.704686
1786703897.490454,100.728638,3044,24.11,146.41,74.95,1.0000,0.228758,0.156142,173.94,338.14,0.9747,0.271780,0.704462
1786703897.523792,100.761976,3045,24.11,146.30,75.00,1.0000,0.228588,0.156241,173.95,338.16,0.9743,0.271792,0.704490
1786703897.557142,100.795326,3046,24.11,146.24,75.00,1.0000,0.228501,0.156245,174.02,338.00,0.9736,0.271902,0.704167
1786703897.585755,100.823939,3047,24.11,146.13,74.76,1.0000,0.228323,0.155756,174.00,338.10,0.9729,0.271877,0.704378
1786703897.657390,100.895574,3049,24.11,146.12,74.87,1.0000,0.228308,0.155987,174.02,338.08,0.9726,0.271913,0.704324
1786703897.696223,100.934407,3050,24.11,146.13,75.27,1.0000,0.228322,0.156805,174.01,338.07,0.9724,0.271898,0.704317
1786703897.712284,100.950469,3051,24.11,146.12,75.65,1.0000,0.228311,0.157607,174.02,338.06,0.9724,0.271902,0.704292
1786703897.787457,101.025641,3053,24.11,146.14,75.69,1.0000,0.228349,0.157681,174.16,337.92,0.9732,0.272126,0.703999
1786703897.819360,101.057544,3054,24.11,146.11,75.72,1.0000,0.228303,0.157745,174.33,337.73,0.9736,0.272396,0.703602
1786703897.882823,101.121007,3056,24.11,146.12,75.95,1.0000,0.228307,0.158233,174.23,337.72,0.9743,0.272228,0.703576
1786703897.931385,101.169569,3057,24.11,146.03,75.70,1.0000,0.228174,0.157716,174.27,337.67,0.9738,0.272289,0.703482
1786703897.963228,101.201412,3058,24.11,145.95,75.89,1.0000,0.228043,0.158094,174.25,337.66,0.9741,0.272262,0.703450
1786703897.979133,101.217317,3059,24.01,145.90,75.88,1.0000,0.227965,0.158076,174.22,337.68,0.9743,0.272216,0.703496
1786703898.010934,101.249118,3060,24.01,145.87,76.12,1.0000,0.227926,0.158580,174.31,337.68,0.9742,0.272358,0.703501
1786703898.090706,101.328890,3062,24.01,145.84,76.20,1.0000,0.227876,0.158754,174.33,337.69,0.9737,0.272396,0.703516
1786703898.158164,101.396348,3064,24.01,145.76,76.25,1.0000,0.227749,0.158846,174.34,337.74,0.9738,0.272406,0.703629
1786703898.192033,101.430217,3065,24.01,145.64,76.27,1.0000,0.227567,0.158892,174.34,337.75,0.9737,0.272403,0.703646
1786703898.217553,101.455737,3066,24.01,145.63,76.38,1.0000,0.227541,0.159126,174.32,337.78,0.9731,0.272373,0.703699
1786703898.252528,101.490712,3067,24.01,145.63,76.35,1.0000,0.227549,0.159072,174.32,337.75,0.9725,0.272368,0.703651
1786703898.300798,101.538983,3068,24.01,145.62,76.43,1.0000,0.227525,0.159227,174.31,337.75,0.9730,0.272361,0.703646
1786703898.308806,101.546990,3069,24.01,145.56,76.52,1.0000,0.227443,0.159409,174.31,337.75,0.9735,0.272363,0.703650
1786703898.388640,101.626824,3071,24.01,145.56,76.52,1.0000,0.227438,0.159424,174.31,337.76,0.9732,0.272361,0.703673
1786703898.420518,101.658702,3072,24.01,145.26,76.52,1.0000,0.226972,0.159421,174.16,337.77,0.9727,0.272130,0.703694
1786703898.452110,101.690294,3073,24.01,145.26,76.52,1.0000,0.226970,0.159422,174.15,337.74,0.9727,0.272104,0.703620
1786703898.515813,101.753997,3075,23.55,145.21,76.44,1.0000,0.226884,0.159259,174.22,337.79,0.9731,0.272212,0.703725
1786703898.579760,101.817945,3077,23.55,144.76,76.48,1.0000,0.226193,0.159342,174.23,337.83,0.9727,0.272234,0.703807
1786703898.643910,101.882095,3078,23.55,144.78,76.40,1.0000,0.226220,0.159172,174.25,337.56,0.9730,0.272270,0.703258
1786703898.645997,101.884181,3079,23.55,144.60,76.43,1.0000,0.225938,0.159235,174.35,337.56,0.9731,0.272426,0.703240
1786703898.690816,101.929000,3080,23.55,143.89,76.29,1.0000,0.224827,0.158933,174.33,337.62,0.9737,0.272391,0.703385
1786703898.742393,101.980577,3081,23.55,143.89,76.13,1.0000,0.224832,0.158605,174.31,337.61,0.9739,0.272366,0.703362
1786703898.770658,102.008842,3082,23.55,143.89,76.16,1.0000,0.224829,0.158666,174.37,337.52,0.9745,0.272453,0.703171
1786703898.812760,102.050945,3083,23.55,143.89,76.00,1.0000,0.224835,0.158343,174.35,337.63,0.9740,0.272416,0.703402
1786703898.817394,102.055579,3084,23.55,143.76,76.04,1.0000,0.224621,0.158412,174.36,337.63,0.9742,0.272437,0.703395
1786703898.891020,102.129205,3086,23.55,143.56,76.01,1.0000,0.224313,0.158363,174.42,337.53,0.9743,0.272526,0.703193
1786703898.929448,102.167632,3087,23.55,143.51,75.99,1.0000,0.224242,0.158319,174.46,337.49,0.9745,0.272588,0.703104
1786703898.983405,102.221589,3089,23.55,143.41,75.94,1.0000,0.224079,0.158200,174.22,337.60,0.9745,0.272221,0.703341
1786703899.047169,102.285353,3091,23.55,143.49,75.86,1.0000,0.224201,0.158035,174.22,337.66,0.9742,0.272224,0.703452
1786703899.094591,102.332775,3092,23.74,143.47,76.04,1.0000,0.224172,0.158411,174.16,337.66,0.9747,0.272122,0.703452
1786703899.141879,102.380064,3093,23.74,143.35,76.24,1.0000,0.223980,0.158843,174.09,337.67,0.9747,0.272022,0.703476
1786703899.153913,102.392097,3094,23.74,143.35,76.21,1.0000,0.223978,0.158772,174.09,337.72,0.9748,0.272020,0.703576
1786703899.173447,102.411632,3095,23.74,143.36,76.19,1.0000,0.224006,0.158726,174.09,337.74,0.9751,0.272019,0.703630
1786703899.253054,102.491238,3097,23.74,143.33,76.20,1.0000,0.223953,0.158753,174.12,337.72,0.9751,0.272062,0.703592
1786703899.301239,102.539423,3098,23.74,143.31,76.16,1.0000,0.223929,0.158676,174.13,337.73,0.9754,0.272078,0.703602
1786703899.338140,102.576324,3099,23.74,143.29,76.15,1.0000,0.223883,0.158642,174.14,337.55,0.9756,0.272098,0.703227
1786703899.369444,102.607629,3100,23.74,143.30,76.16,1.0000,0.223907,0.158658,174.14,337.53,0.9756,0.272097,0.703181
1786703899.400483,102.638667,3101,23.74,143.40,76.17,1.0000,0.224059,0.158690,174.11,337.56,0.9755,0.272048,0.703250
1786703899.416460,102.654644,3102,23.74,143.40,76.07,1.0000,0.224057,0.158488,174.17,337.60,0.9759,0.272148,0.703329
1786703899.464360,102.702544,3103,23.74,143.30,75.84,1.0000,0.223900,0.157994,174.22,337.62,0.9762,0.272212,0.703369
1786703899.496358,102.734542,3104,23.74,143.30,75.84,1.0000,0.223899,0.157995,174.16,337.61,0.9764,0.272129,0.703360
1786703899.533782,102.771967,3105,23.74,143.34,75.90,1.0000,0.223964,0.158122,174.12,337.72,0.9761,0.272057,0.703589
1786703899.560510,102.798695,3106,23.74,143.52,75.99,1.0000,0.224256,0.158312,174.14,337.72,0.9760,0.272092,0.703581
1786703899.591908,102.830092,3107,24.44,143.41,75.91,1.0000,0.224081,0.158142,174.10,337.67,0.9766,0.272026,0.703477
1786703899.623731,102.861915,3108,24.44,143.22,75.91,1.0000,0.223776,0.158148,174.17,337.55,0.9769,0.272146,0.703222
1786703899.655422,102.893606,3109,24.44,143.31,75.93,1.0000,0.223919,0.158196,174.23,337.57,0.9767,0.272239,0.703281
1786703899.687409,102.925593,3110,24.44,143.50,76.51,1.0000,0.224217,0.159401,174.10,337.65,0.9768,0.272026,0.703437
1786703899.750864,102.989048,3112,24.44,143.49,76.52,1.0000,0.224208,0.159424,174.40,337.48,0.9769,0.272500,0.703078
1786703899.798393,103.036577,3113,24.44,143.60,76.49,1.0000,0.224382,0.159344,174.46,337.54,0.9766,0.272588,0.703217
1786703899.858947,103.097131,3115,24.44,143.65,76.48,1.0000,0.224452,0.159340,174.57,337.48,0.9767,0.272758,0.703093
1786703899.889804,103.127988,3116,24.44,143.86,76.55,1.0000,0.224777,0.159474,174.52,337.52,0.9764,0.272684,0.703160
1786703899.937437,103.175621,3117,24.44,144.12,76.94,1.0000,0.225194,0.160301,174.55,337.54,0.9763,0.272733,0.703211
1786703900.000722,103.238906,3119,24.44,144.08,76.43,1.0000,0.225125,0.159224,174.46,337.56,0.9763,0.272595,0.703245
1786703900.032314,103.270498,3120,24.44,144.06,76.53,1.0000,0.225094,0.159430,174.62,337.55,0.9765,0.272836,0.703223
1786703900.096078,103.334262,3122,23.92,144.05,76.17,1.0000,0.225086,0.158683,174.50,337.55,0.9766,0.272649,0.703222
1786703900.127976,103.366161,3123,23.92,143.99,76.04,1.0000,0.224989,0.158416,174.57,337.37,0.9768,0.272762,0.702856
1786703900.191351,103.429536,3125,23.92,144.31,76.12,1.0000,0.225487,0.158585,174.39,337.53,0.9770,0.272477,0.703192
1786703900.238706,103.476890,3126,23.92,144.23,76.14,1.0000,0.225367,0.158615,174.19,337.79,0.9772,0.272174,0.703738
1786703900.302273,103.540457,3128,23.92,144.50,76.19,1.0000,0.225779,0.158733,174.25,337.77,0.9773,0.272269,0.703693
1786703900.334100,103.572284,3129,23.92,144.20,76.18,1.0000,0.225320,0.158699,174.26,337.63,0.9775,0.272279,0.703403
1786703900.393777,103.631961,3131,23.92,144.09,76.25,1.0000,0.225135,0.158861,174.32,337.51,0.9775,0.272371,0.703138
1786703900.440862,103.679047,3132,23.92,144.12,76.46,1.0000,0.225181,0.159290,174.40,337.50,0.9775,0.272501,0.703116
1786703900.488449,103.726633,3134,23.92,144.09,76.32,1.0000,0.225138,0.158999,174.35,337.54,0.9772,0.272429,0.703216
1786703900.536118,103.774302,3135,23.92,144.09,76.32,1.0000,0.225144,0.158993,174.36,337.51,0.9771,0.272434,0.703145
1786703900.567283,103.805467,3136,23.92,144.07,76.65,1.0000,0.225111,0.159691,174.44,337.52,0.9771,0.272564,0.703173
1786703900.615085,103.853269,3138,23.37,143.89,76.66,1.0000,0.224828,0.159711,174.43,337.52,0.9771,0.272552,0.703167
1786703900.662467,103.900651,3139,23.37,143.88,76.71,1.0000,0.224808,0.159823,174.33,337.55,0.9770,0.272392,0.703223
1786703900.694197,103.932381,3140,23.37,143.82,76.76,1.0000,0.224726,0.159914,174.50,337.47,0.9770,0.272654,0.703054
1786703900.762429,104.000613,3142,23.37,143.95,76.75,1.0000,0.224918,0.159887,174.43,337.50,0.9771,0.272553,0.703115
1786703900.805173,104.043357,3143,23.37,144.13,76.73,1.0000,0.225203,0.159856,174.39,337.53,0.9774,0.272477,0.703188
1786703900.836684,104.074868,3144,23.37,144.13,76.90,1.0000,0.225199,0.160213,174.44,337.58,0.9774,0.272562,0.703293
1786703900.901342,104.139526,3146,23.37,144.20,76.64,1.0000,0.225316,0.159673,174.40,337.77,0.9773,0.272498,0.703685
1786703900.958150,104.196335,3148,23.37,144.54,76.62,1.0000,0.225838,0.159618,174.41,337.76,0.9772,0.272510,0.703666
1786703901.054303,104.292487,3149,23.37,144.58,76.36,1.0000,0.225904,0.159081,174.44,337.78,0.9771,0.272570,0.703714
1786703901.069271,104.307455,3150,23.37,144.58,76.40,1.0000,0.225906,0.159170,174.44,337.78,0.9772,0.272559,0.703710
1786703901.085238,104.323422,3152,22.68,144.54,76.47,1.0000,0.225839,0.159318,174.38,337.78,0.9770,0.272464,0.703713
1786703901.117016,104.355200,3153,22.68,144.45,76.35,1.0000,0.225697,0.159069,174.38,337.78,0.9768,0.272468,0.703714
1786703901.196479,104.434663,3155,22.68,144.55,76.23,1.0000,0.225852,0.158813,174.41,337.73,0.9767,0.272518,0.703600
1786703901.243805,104.481989,3157,22.68,144.69,76.19,1.0000,0.226077,0.158724,174.40,337.74,0.9768,0.272503,0.703624
1786703901.291347,104.529531,3158,22.68,145.05,76.19,1.0000,0.226648,0.158725,174.42,337.72,0.9767,0.272527,0.703585
1786703901.322770,104.560954,3159,22.68,145.27,76.25,1.0000,0.226987,0.158862,174.48,337.69,0.9768,0.272628,0.703520
1786703901.401866,104.640050,3161,22.68,145.18,76.22,1.0000,0.226838,0.158795,174.49,337.68,0.9769,0.272635,0.703499
1786703901.447842,104.686027,3163,22.68,145.19,76.29,1.0000,0.226863,0.158936,174.49,337.74,0.9770,0.272634,0.703627
1786703901.474035,104.712219,3164,22.68,145.19,76.29,1.0000,0.226862,0.158946,174.50,337.73,0.9769,0.272649,0.703607
