host_epoch,t_rel,frame_number,fps,head_x,head_y,head_confidence,head_x_norm,head_y_norm,feet_x,feet_y,feet_confidence,feet_x_norm,feet_y_norm
1786702077.884600,-0.012223,19,0.00,487.84,66.71,1.0000,0.762245,0.138971,478.64,336.09,0.9754,0.747869,0.700194
1786702077.962968,0.066145,20,0.00,487.81,66.47,1.0000,0.762205,0.138472,478.62,335.51,0.9756,0.747842,0.698972
1786702077.981583,0.084760,22,0.00,487.58,66.12,1.0000,0.761842,0.137755,478.62,335.58,0.9755,0.747837,0.699120
1786702078.071417,0.174593,23,0.00,487.25,65.82,1.0000,0.761327,0.137122,478.46,334.62,0.9754,0.747586,0.697135
1786702078.072417,0.175593,24,0.00,487.25,65.77,1.0000,0.761325,0.137026,478.46,334.59,0.9756,0.747596,0.697069
1786702078.165813,0.268990,25,0.00,487.11,65.48,1.0000,0.761115,0.136425,478.41,334.49,0.9754,0.747521,0.696863
1786702078.184358,0.287535,28,0.00,487.02,65.51,1.0000,0.760966,0.136484,478.38,334.51,0.9754,0.747467,0.696890
1786702078.215949,0.319126,29,0.00,487.48,65.48,1.0000,0.761687,0.136418,478.22,333.94,0.9758,0.747220,0.695701
1786702078.279287,0.382463,30,0.00,487.49,66.18,1.0000,0.761697,0.137868,478.33,334.14,0.9756,0.747390,0.696116
1786702078.295475,0.398651,31,0.00,487.47,66.13,1.0000,0.761667,0.137779,478.42,334.11,0.9757,0.747537,0.696063
1786702078.311292,0.414468,32,0.00,487.52,66.14,1.0000,0.761752,0.137795,478.44,334.28,0.9759,0.747569,0.696409
1786702078.358541,0.461718,33,0.00,487.59,66.12,1.0000,0.761867,0.137748,478.49,334.25,0.9762,0.747637,0.696358
1786702078.376066,0.479243,34,25.72,487.59,66.14,1.0000,0.761865,0.137784,478.51,334.16,0.9765,0.747668,0.696169
1786702078.419415,0.522591,35,25.72,487.55,66.19,1.0000,0.761803,0.137894,478.53,334.02,0.9769,0.747706,0.695877
1786702078.448683,0.551859,36,25.72,487.78,66.13,1.0000,0.762163,0.137770,478.12,333.86,0.9772,0.747061,0.695549
1786702078.481956,0.585132,37,25.72,487.77,66.23,1.0000,0.762146,0.137984,478.04,333.82,0.9772,0.746941,0.695453
1786702078.523908,0.627084,38,25.72,487.82,66.26,1.0000,0.762223,0.138042,478.14,333.76,0.9767,0.747096,0.695341
1786702078.554725,0.657902,39,25.72,487.82,66.49,1.0000,0.762219,0.138531,478.16,333.67,0.9769,0.747128,0.695139
1786702078.596882,0.700059,40,25.72,487.72,66.57,1.0000,0.762066,0.138687,478.20,333.64,0.9771,0.747184,0.695074
1786702078.628409,0.731586,41,25.72,487.77,66.55,1.0000,0.762146,0.138654,478.17,333.87,0.9770,0.747142,0.695558
1786702078.648808,0.751984,42,25.72,487.80,66.55,1.0000,0.762188,0.138654,477.94,333.91,0.9769,0.746775,0.695641
1786702078.680440,0.783616,43,25.72,487.81,66.54,1.0000,0.762205,0.138622,477.51,334.21,0.9768,0.746111,0.696264
1786702078.713075,0.816252,44,25.72,487.83,66.55,1.0000,0.762230,0.138637,477.38,334.01,0.9769,0.745903,0.695856
1786702078.747303,0.850480,45,25.72,487.85,66.57,1.0000,0.762263,0.138678,477.39,334.05,0.9765,0.745925,0.695946
1786702078.783116,0.886293,46,25.72,487.74,66.61,1.0000,0.762095,0.138781,477.17,334.10,0.9767,0.745573,0.696046
1786702078.813710,0.916887,47,25.72,487.31,66.79,1.0000,0.761428,0.139139,477.04,334.18,0.9767,0.745371,0.696218
1786702078.855320,0.958496,48,25.72,486.94,66.83,1.0000,0.760844,0.139235,477.05,334.11,0.9764,0.745389,0.696065
1786702078.885726,0.988903,49,25.72,487.12,66.64,1.0000,0.761130,0.138823,476.98,334.10,0.9761,0.745274,0.696051
1786702078.916545,1.019721,50,26.68,487.14,66.41,1.0000,0.761154,0.138349,477.14,333.83,0.9760,0.745529,0.695481
1786702078.948277,1.051454,51,26.68,487.06,66.40,1.0000,0.761035,0.138335,476.81,333.97,0.9756,0.745014,0.695769
1786702078.998448,1.101625,52,26.68,487.13,66.11,1.0000,0.761140,0.137732,476.99,333.88,0.9759,0.745290,0.695588
1786702079.016738,1.119915,53,26.68,487.13,66.11,1.0000,0.761140,0.137731,476.92,333.86,0.9760,0.745192,0.695536
1786702079.048085,1.151261,54,26.68,487.04,66.11,1.0000,0.760992,0.137732,476.94,333.72,0.9762,0.745220,0.695254
1786702079.096207,1.199383,55,26.68,487.07,66.12,1.0000,0.761045,0.137760,477.38,333.60,0.9767,0.745904,0.695006
1786702079.127896,1.231073,56,26.68,487.07,66.06,1.0000,0.761043,0.137617,477.78,333.61,0.9769,0.746534,0.695017
1786702079.142998,1.246174,57,26.68,487.00,66.10,1.0000,0.760942,0.137713,478.01,333.64,0.9768,0.746892,0.695073
1786702079.190736,1.293912,58,26.68,487.12,66.10,1.0000,0.761129,0.137713,477.92,333.90,0.9767,0.746744,0.695617
1786702079.223222,1.326398,59,26.68,487.47,66.12,1.0000,0.761679,0.137756,477.98,333.68,0.9770,0.746849,0.695161
1786702079.262149,1.365325,60,26.68,487.26,66.41,1.0000,0.761349,0.138345,478.21,333.79,0.9771,0.747210,0.695399
1786702079.286663,1.389839,61,26.68,487.37,66.41,1.0000,0.761514,0.138345,478.20,333.86,0.9771,0.747194,0.695549
1786702079.301949,1.405125,62,26.68,487.45,66.38,1.0000,0.761635,0.138289,478.21,333.86,0.9773,0.747201,0.695542
1786702079.350871,1.454047,63,26.68,487.84,66.12,1.0000,0.762257,0.137754,477.96,333.89,0.9766,0.746819,0.695602
1786702079.397315,1.500491,64,26.68,487.64,66.10,1.0000,0.761945,0.137701,477.87,333.76,0.9764,0.746676,0.695342
1786702079.429625,1.532801,65,27.14,487.50,66.26,1.0000,0.761717,0.138046,477.90,333.73,0.9765,0.746723,0.695269
1786702079.444895,1.548072,66,27.14,487.49,66.27,1.0000,0.761706,0.138056,477.92,333.71,0.9765,0.746754,0.695235
1786702079.479283,1.582459,67,27.14,487.48,66.22,1.0000,0.761685,0.137956,477.99,333.70,0.9764,0.746857,0.695202
1786702079.556633,1.659809,69,27.14,487.48,66.27,1.0000,0.761681,0.138064,477.99,333.74,0.9769,0.746858,0.695297
1786702079.581548,1.684724,70,27.14,487.44,66.53,1.0000,0.761623,0.138611,478.11,333.73,0.9770,0.747050,0.695264
1786702079.617212,1.720389,71,27.14,487.43,66.53,1.0000,0.761608,0.138597,478.41,334.02,0.9768,0.747510,0.695867
1786702079.651641,1.754817,72,27.14,487.37,66.49,1.0000,0.761513,0.138516,478.66,334.27,0.9763,0.747911,0.696388
1786702079.667470,1.770646,73,27.14,487.40,66.49,1.0000,0.761567,0.138522,478.70,334.24,0.9763,0.747966,0.696336
1786702079.722450,1.825627,74,27.14,487.34,66.64,1.0000,0.761465,0.138843,478.61,334.10,0.9765,0.747834,0.696039
1786702079.762937,1.866113,75,27.14,487.35,66.57,1.0000,0.761490,0.138688,478.79,334.49,0.9762,0.748108,0.696845
1786702079.795229,1.898405,76,27.14,487.04,67.35,1.0000,0.760993,0.140319,478.79,334.53,0.9753,0.748106,0.696935
1786702079.811392,1.914568,77,27.14,486.98,67.34,1.0000,0.760902,0.140297,479.00,334.51,0.9750,0.748432,0.696903
1786702079.867854,1.971030,78,27.14,487.05,66.60,1.0000,0.761011,0.138744,478.74,334.18,0.9751,0.748028,0.696213
1786702079.873090,1.976266,79,27.14,487.04,66.52,1.0000,0.760996,0.138580,478.81,334.20,0.9753,0.748137,0.696254
1786702079.934133,2.037310,80,27.27,487.09,66.46,1.0000,0.761086,0.138455,478.86,334.48,0.9750,0.748211,0.696825
1786702079.963914,2.067091,81,27.27,487.09,66.14,1.0000,0.761085,0.137802,478.89,334.44,0.9747,0.748268,0.696747
1786702079.995954,2.099131,82,27.27,486.95,66.03,1.0000,0.760853,0.137560,478.93,334.23,0.9744,0.748324,0.696314
1786702080.014564,2.117740,83,27.27,486.90,65.91,1.0000,0.760785,0.137321,478.83,334.09,0.9748,0.748168,0.696025
1786702080.045439,2.148616,84,27.27,487.00,65.89,1.0000,0.760933,0.137276,478.75,334.05,0.9751,0.748054,0.695932
1786702080.075278,2.178454,85,27.27,486.97,65.86,1.0000,0.760887,0.137207,478.80,334.09,0.9754,0.748130,0.696023
1786702080.122837,2.226013,86,27.27,487.12,65.47,1.0000,0.761126,0.136406,478.61,333.89,0.9751,0.747835,0.695596
1786702080.137455,2.240631,87,27.27,487.12,65.46,1.0000,0.761123,0.136384,478.57,333.83,0.9752,0.747770,0.695475
1786702080.177441,2.280618,88,27.27,487.12,65.40,1.0000,0.761120,0.136243,478.59,333.83,0.9750,0.747799,0.695473
1786702080.218702,2.321879,89,27.27,487.14,65.30,1.0000,0.761155,0.136051,478.39,333.81,0.9752,0.747484,0.695442
1786702080.250096,2.353273,90,27.27,486.79,65.30,1.0000,0.760604,0.136051,478.47,333.79,0.9751,0.747616,0.695401
1786702080.264972,2.368148,91,27.27,486.69,65.25,1.0000,0.760450,0.135948,478.60,334.31,0.9748,0.747810,0.696479
1786702080.328961,2.432138,92,27.27,486.64,65.37,1.0000,0.760367,0.136185,478.60,334.40,0.9747,0.747816,0.696669
1786702080.343912,2.447088,93,27.27,486.61,65.33,1.0000,0.760323,0.136112,478.71,334.42,0.9743,0.747977,0.696700
1786702080.391792,2.494969,94,27.27,486.73,65.19,1.0000,0.760523,0.135807,478.73,334.43,0.9741,0.748017,0.696739
1786702080.440021,2.543198,95,27.74,486.79,64.88,1.0000,0.760605,0.135170,478.38,334.00,0.9742,0.747471,0.695841
1786702080.456212,2.559388,96,27.74,486.79,64.57,1.0000,0.760605,0.134520,478.14,334.05,0.9747,0.747096,0.695930
1786702080.482588,2.585764,97,27.74,486.79,64.56,1.0000,0.760605,0.134492,478.05,334.03,0.9751,0.746953,0.695894
1786702080.518026,2.621202,98,27.74,486.30,64.54,1.0000,0.759851,0.134462,477.88,334.26,0.9748,0.746684,0.696376
1786702080.549720,2.652896,99,27.74,486.21,64.62,1.0000,0.759696,0.134627,477.92,334.26,0.9754,0.746755,0.696384
1786702080.598368,2.701545,100,27.74,485.63,64.76,1.0000,0.758791,0.134916,477.88,334.26,0.9753,0.746686,0.696381
1786702080.621998,2.725174,101,27.74,485.60,64.72,1.0000,0.758757,0.134840,477.88,334.12,0.9755,0.746687,0.696083
1786702080.661278,2.764455,102,27.74,485.60,64.83,1.0000,0.758751,0.135067,477.90,333.97,0.9757,0.746723,0.695764
1786702080.693730,2.796907,103,27.74,485.78,64.78,1.0000,0.759034,0.134953,477.92,333.89,0.9761,0.746748,0.695614
1786702080.742142,2.845319,104,27.74,485.78,64.74,1.0000,0.759033,0.134879,477.91,333.77,0.9763,0.746732,0.695362
1786702080.757558,2.860735,105,27.74,485.95,64.74,1.0000,0.759300,0.134879,477.91,333.76,0.9765,0.746734,0.695328
1786702080.790468,2.893645,106,27.74,486.08,64.75,1.0000,0.759503,0.134887,477.89,333.84,0.9758,0.746709,0.695491
1786702080.850910,2.954086,107,27.74,486.01,64.78,1.0000,0.759389,0.134967,477.93,333.51,0.9760,0.746760,0.694812
1786702080.853553,2.956729,108,27.74,485.96,64.78,1.0000,0.759308,0.134967,477.92,333.57,0.9761,0.746753,0.694936
1786702080.885289,2.988466,109,27.74,485.97,64.78,1.0000,0.759331,0.134968,477.97,333.50,0.9762,0.746830,0.694796
1786702080.915155,3.018331,110,27.74,486.17,64.79,1.0000,0.759639,0.134989,477.92,333.44,0.9765,0.746753,0.694665
1786702080.965585,3.068762,111,28.27,486.32,64.74,1.0000,0.759878,0.134883,477.92,333.38,0.9766,0.746752,0.694534
1786702080.983476,3.086653,112,28.27,486.35,64.68,1.0000,0.759922,0.134743,477.90,333.52,0.9762,0.746726,0.694823
1786702081.096491,3.199668,113,28.27,486.35,64.69,1.0000,0.759915,0.134774,477.82,333.42,0.9762,0.746588,0.694621
1786702081.111201,3.214377,115,28.27,486.27,64.68,1.0000,0.759803,0.134758,477.83,333.44,0.9762,0.746613,0.694658
1786702081.124987,3.228164,116,28.27,486.17,64.76,1.0000,0.759634,0.134912,477.91,333.42,0.9758,0.746728,0.694622
1786702081.157398,3.260575,117,28.27,486.07,64.75,1.0000,0.759490,0.134901,477.90,333.42,0.9761,0.746715,0.694620
1786702081.188808,3.291985,118,28.27,485.42,64.98,1.0000,0.758464,0.135377,477.95,333.52,0.9762,0.746802,0.694834
1786702081.220216,3.323393,119,28.27,485.11,65.09,1.0000,0.757985,0.135600,478.03,333.49,0.9761,0.746916,0.694766
1786702081.268154,3.371331,120,28.27,485.08,65.13,1.0000,0.757936,0.135682,477.91,333.29,0.9757,0.746731,0.694356
1786702081.283638,3.386815,121,28.27,485.17,65.11,1.0000,0.758075,0.135654,477.74,333.60,0.9756,0.746463,0.695002
1786702081.317829,3.421006,122,28.27,485.25,64.87,1.0000,0.758199,0.135153,477.35,333.74,0.9748,0.745865,0.695300
1786702081.349797,3.452973,123,28.27,485.26,64.79,1.0000,0.758215,0.134973,477.20,333.67,0.9747,0.745630,0.695155
1786702081.381673,3.484849,124,28.27,485.19,64.75,1.0000,0.758111,0.134892,476.95,333.82,0.9748,0.745227,0.695461
1786702081.410204,3.513380,125,28.27,485.10,64.67,1.0000,0.757966,0.134731,476.94,333.82,0.9752,0.745222,0.695452
1786702081.459008,3.562185,126,28.27,484.86,64.66,1.0000,0.757591,0.134712,476.95,333.68,0.9752,0.745232,0.695171
1786702081.490306,3.593483,127,28.48,484.90,64.64,1.0000,0.757651,0.134675,476.83,333.84,0.9747,0.745045,0.695503
1786702081.522462,3.625639,128,28.48,485.15,64.58,1.0000,0.758041,0.134541,476.81,334.00,0.9746,0.745016,0.695838
1786702081.559377,3.662554,129,28.48,484.86,64.89,1.0000,0.757599,0.135185,476.78,334.10,0.9751,0.744974,0.696037
1786702081.602277,3.705454,130,28.48,484.73,65.05,1.0000,0.757388,0.135512,476.72,334.34,0.9745,0.744881,0.696552
1786702081.618021,3.721198,131,28.48,484.36,65.08,1.0000,0.756807,0.135580,476.68,334.45,0.9737,0.744814,0.696761
1786702081.650056,3.753232,132,28.48,484.31,65.08,1.0000,0.756739,0.135590,476.68,334.54,0.9735,0.744815,0.696955
1786702081.698235,3.801412,133,28.48,484.32,65.05,1.0000,0.756747,0.135513,476.50,334.63,0.9723,0.744539,0.697156
1786702081.715279,3.818456,134,28.48,484.32,64.92,1.0000,0.756751,0.135249,476.41,334.64,0.9719,0.744398,0.697163
1786702081.761494,3.864670,135,28.48,484.34,64.86,1.0000,0.756782,0.135131,476.42,334.49,0.9718,0.744403,0.696851
1786702081.792648,3.895824,136,28.48,484.34,64.80,1.0000,0.756781,0.135010,476.47,334.44,0.9723,0.744483,0.696744
1786702081.825492,3.928668,137,28.48,484.34,64.87,1.0000,0.756784,0.135150,476.51,334.39,0.9725,0.744552,0.696654
1786702081.871583,3.974759,138,28.48,484.43,64.86,1.0000,0.756917,0.135130,476.62,334.44,0.9724,0.744722,0.696742
1786702081.889100,3.992277,139,28.48,484.42,64.87,1.0000,0.756909,0.135151,476.71,334.42,0.9728,0.744863,0.696718
1786702081.928600,4.031777,140,28.48,484.38,64.87,1.0000,0.756843,0.135136,476.68,334.40,0.9726,0.744820,0.696668
1786702081.947074,4.050250,141,28.48,484.42,64.88,1.0000,0.756907,0.135165,476.70,334.41,0.9730,0.744851,0.696687
1786702081.979054,4.082231,142,28.48,484.42,64.85,1.0000,0.756908,0.135110,476.72,334.42,0.9733,0.744868,0.696715
1786702082.026643,4.129820,143,28.68,484.71,64.76,1.0000,0.757354,0.134923,476.47,334.44,0.9731,0.744479,0.696746
1786702082.042643,4.145820,144,28.68,484.64,64.76,1.0000,0.757245,0.134910,476.49,334.37,0.9732,0.744520,0.696609
1786702082.121431,4.224608,145,28.68,484.75,64.80,1.0000,0.757429,0.134996,476.69,334.29,0.9730,0.744828,0.696437
1786702082.122434,4.225611,146,28.68,484.73,64.84,1.0000,0.757394,0.135073,476.69,334.28,0.9732,0.744829,0.696419
1786702082.143334,4.246511,147,28.68,484.75,65.01,1.0000,0.757426,0.135442,476.65,334.41,0.9730,0.744762,0.696682
1786702082.201494,4.304671,148,28.68,484.75,65.07,1.0000,0.757420,0.135565,476.72,334.20,0.9735,0.744871,0.696244
1786702082.216579,4.319755,149,28.68,484.78,65.08,1.0000,0.757468,0.135575,476.73,334.26,0.9729,0.744884,0.696376
1786702082.244837,4.348014,150,28.68,484.67,65.08,1.0000,0.757300,0.135579,476.75,334.18,0.9735,0.744918,0.696209
1786702082.275419,4.378595,151,28.68,484.64,65.09,1.0000,0.757257,0.135610,476.82,334.17,0.9736,0.745028,0.696195
1786702082.328236,4.431413,152,28.68,484.46,65.10,1.0000,0.756964,0.135632,476.83,334.33,0.9740,0.745041,0.696512
1786702082.343177,4.446353,153,28.68,484.42,64.98,1.0000,0.756909,0.135385,476.98,334.20,0.9740,0.745283,0.696246
1786702082.390624,4.493801,154,28.68,484.38,64.95,1.0000,0.756842,0.135318,477.51,334.17,0.9745,0.746104,0.696180
1786702082.423149,4.526326,155,28.68,484.44,64.94,1.0000,0.756944,0.135294,477.55,334.15,0.9746,0.746165,0.696139
1786702082.470725,4.573901,156,28.68,484.30,64.94,1.0000,0.756720,0.135292,477.51,334.22,0.9749,0.746114,0.696301
1786702082.486028,4.589205,157,28.68,484.27,64.83,1.0000,0.756666,0.135065,477.49,334.51,0.9750,0.746081,0.696894
1786702082.502235,4.605412,158,28.68,484.21,64.78,1.0000,0.756577,0.134959,477.46,334.49,0.9748,0.746039,0.696853
1786702082.532401,4.635577,159,29.33,484.20,64.78,1.0000,0.756563,0.134954,477.49,334.40,0.9751,0.746081,0.696676
1786702082.586957,4.690134,160,29.33,484.21,64.79,1.0000,0.756572,0.134976,477.37,334.41,0.9752,0.745895,0.696688
1786702082.629528,4.732705,161,29.33,484.21,64.77,1.0000,0.756571,0.134944,477.49,334.33,0.9752,0.746075,0.696523
1786702082.661230,4.764406,162,29.33,484.21,64.75,1.0000,0.756584,0.134893,477.46,334.32,0.9754,0.746029,0.696504
1786702082.676661,4.779837,163,29.33,484.21,64.75,1.0000,0.756584,0.134893,477.45,334.34,0.9751,0.746023,0.696546
1786702082.725220,4.828397,164,29.33,484.21,64.75,1.0000,0.756583,0.134891,477.49,334.20,0.9750,0.746081,0.696255
1786702082.756843,4.860020,165,29.33,484.24,64.68,1.0000,0.756629,0.134749,477.56,334.16,0.9752,0.746194,0.696167
1786702082.788359,4.891536,166,29.33,484.25,64.68,1.0000,0.756640,0.134742,477.61,334.14,0.9756,0.746260,0.696135
1786702082.836287,4.939463,167,29.33,484.35,64.67,1.0000,0.756797,0.134732,477.61,334.48,0.9761,0.746271,0.696830
1786702082.867698,4.970875,168,29.33,484.35,64.68,1.0000,0.756801,0.134742,477.56,334.46,0.9763,0.746182,0.696801
1786702082.885184,4.988361,169,29.33,484.35,64.66,1.0000,0.756793,0.134710,477.56,334.50,0.9762,0.746181,0.696876
1786702082.930987,5.034163,170,29.33,484.31,64.61,1.0000,0.756740,0.134602,477.60,334.36,0.9761,0.746258,0.696588
1786702082.963722,5.066899,171,29.33,484.31,64.58,1.0000,0.756735,0.134531,477.53,334.41,0.9761,0.746133,0.696678
1786702082.995023,5.098200,172,29.33,484.33,64.57,1.0000,0.756772,0.134526,477.50,334.39,0.9757,0.746096,0.696656
1786702083.010787,5.113963,173,29.33,484.36,64.57,1.0000,0.756806,0.134523,477.37,334.52,0.9758,0.745888,0.696917
1786702083.058410,5.161587,174,29.04,484.35,64.54,1.0000,0.756791,0.134459,477.18,334.64,0.9750,0.745594,0.697175
1786702083.090711,5.193888,175,29.04,484.35,64.54,1.0000,0.756792,0.134454,476.78,334.87,0.9747,0.744976,0.697637
1786702083.106125,5.209302,176,29.04,484.36,64.50,1.0000,0.756811,0.134382,476.72,335.15,0.9749,0.744876,0.698233
1786702083.144849,5.248026,177,29.04,484.36,64.55,1.0000,0.756812,0.134473,476.67,335.15,0.9748,0.744799,0.698229
1786702083.186157,5.289333,178,29.04,484.54,64.40,1.0000,0.757094,0.134166,476.65,334.95,0.9747,0.744772,0.697808
1786702083.219623,5.322799,179,29.04,484.49,64.38,1.0000,0.757010,0.134118,476.71,334.88,0.9746,0.744864,0.697663
1786702083.242024,5.345201,180,29.04,484.51,64.29,1.0000,0.757046,0.133943,476.65,334.95,0.9743,0.744764,0.697819
1786702083.293236,5.396413,181,29.04,484.51,64.29,1.0000,0.757046,0.133948,476.73,334.85,0.9744,0.744891,0.697609
1786702083.327501,5.430677,182,29.04,484.48,64.05,1.0000,0.757004,0.133436,476.66,334.95,0.9743,0.744781,0.697816
1786702083.359171,5.462348,183,29.04,484.48,63.99,1.0000,0.757005,0.133317,476.66,334.96,0.9740,0.744774,0.697831
1786702083.391331,5.494507,184,29.04,484.45,64.01,1.0000,0.756952,0.133346,476.68,334.77,0.9742,0.744807,0.697445
1786702083.423212,5.526388,185,29.04,484.38,64.00,1.0000,0.756836,0.133339,476.83,334.10,0.9742,0.745052,0.696040
1786702083.454785,5.557962,186,29.04,484.12,64.04,1.0000,0.756442,0.133424,476.95,334.25,0.9742,0.745240,0.696356
1786702083.503600,5.606776,187,29.04,484.15,64.07,1.0000,0.756486,0.133476,477.36,334.23,0.9743,0.745879,0.696316
1786702083.535486,5.638663,188,29.04,484.15,64.07,1.0000,0.756492,0.133472,477.28,334.25,0.9741,0.745751,0.696347
1786702083.566272,5.669449,189,29.04,484.16,64.07,1.0000,0.756501,0.133476,477.17,334.30,0.9739,0.745573,0.696453
1786702083.581784,5.684961,190,29.35,484.15,64.18,1.0000,0.756490,0.133698,477.31,334.21,0.9739,0.745800,0.696271
1786702083.629362,5.732538,191,29.35,484.17,64.19,1.0000,0.756512,0.133731,477.29,334.63,0.9739,0.745772,0.697151
1786702083.655239,5.758416,192,29.35,484.17,64.23,1.0000,0.756513,0.133819,477.30,334.44,0.9736,0.745781,0.696760
1786702083.693673,5.796850,193,29.35,484.25,64.22,1.0000,0.756636,0.133788,477.22,334.37,0.9733,0.745651,0.696594
1786702083.725735,5.828912,194,29.35,484.22,64.20,1.0000,0.756595,0.133747,477.10,334.42,0.9728,0.745471,0.696709
1786702083.756798,5.859974,195,29.35,484.27,64.21,1.0000,0.756667,0.133780,476.95,334.59,0.9730,0.745236,0.697072
1786702083.789557,5.892734,196,29.35,484.28,64.21,1.0000,0.756684,0.133777,477.03,334.38,0.9730,0.745364,0.696632
1786702083.821234,5.924411,197,29.35,484.72,64.22,1.0000,0.757374,0.133791,476.97,334.41,0.9732,0.745261,0.696693
1786702083.836872,5.940048,198,29.35,484.71,64.31,1.0000,0.757353,0.133984,477.00,334.36,0.9733,0.745314,0.696590
1786702083.884347,5.987524,199,29.35,484.69,64.69,1.0000,0.757323,0.134777,477.00,334.32,0.9738,0.745309,0.696492
1786702083.918118,6.021295,200,29.35,484.63,64.72,1.0000,0.757236,0.134842,477.06,334.34,0.9741,0.745406,0.696531
1786702083.957740,6.060916,201,29.35,484.64,64.77,1.0000,0.757244,0.134928,476.84,334.47,0.9737,0.745059,0.696812
1786702083.995803,6.098979,202,29.35,484.44,64.77,1.0000,0.756937,0.134935,476.91,334.40,0.9738,0.745177,0.696667
1786702084.011065,6.114242,203,29.35,484.47,64.73,1.0000,0.756992,0.134862,477.07,334.31,0.9741,0.745419,0.696473
1786702084.059309,6.162485,204,29.35,484.46,64.67,1.0000,0.756971,0.134736,477.33,334.30,0.9739,0.745823,0.696461
1786702084.090829,6.194006,205,29.35,484.44,64.65,1.0000,0.756940,0.134681,477.37,334.06,0.9746,0.745893,0.695968
1786702084.106199,6.209375,206,29.44,484.51,64.46,1.0000,0.757046,0.134289,477.42,334.08,0.9747,0.745966,0.695991
1786702084.154591,6.257768,207,29.44,484.51,64.52,1.0000,0.757048,0.134413,477.39,333.99,0.9747,0.745925,0.695809
1786702084.170234,6.273411,208,29.44,484.52,64.52,1.0000,0.757058,0.134413,477.37,333.93,0.9749,0.745888,0.695686
1786702084.218196,6.321373,209,29.44,484.65,64.52,1.0000,0.757264,0.134423,477.20,333.99,0.9747,0.745629,0.695805
1786702084.250297,6.353474,210,29.44,484.64,64.52,1.0000,0.757255,0.134424,477.38,333.85,0.9750,0.745900,0.695515
1786702084.298333,6.401510,211,29.44,484.36,64.54,1.0000,0.756818,0.134464,477.44,333.78,0.9754,0.746000,0.695368
1786702084.314460,6.417636,212,29.44,484.45,64.56,1.0000,0.756959,0.134509,477.67,333.77,0.9758,0.746357,0.695360
1786702084.363002,6.466178,213,29.44,484.39,64.65,1.0000,0.756866,0.134680,477.71,334.04,0.9756,0.746421,0.695921
1786702084.395625,6.498801,214,29.44,484.39,64.66,1.0000,0.756865,0.134702,477.61,333.96,0.9755,0.746266,0.695760
1786702084.412502,6.515678,215,29.44,484.51,64.67,1.0000,0.757042,0.134739,477.53,333.88,0.9759,0.746136,0.695592
1786702084.458325,6.561502,216,29.44,484.67,64.68,1.0000,0.757301,0.134742,477.48,333.88,0.9760,0.746060,0.695593
1786702084.491425,6.594601,217,29.44,484.50,64.76,1.0000,0.757029,0.134908,477.53,333.81,0.9763,0.746144,0.695435
1786702084.522187,6.625364,218,29.44,484.50,64.81,1.0000,0.757038,0.135012,477.52,333.74,0.9765,0.746118,0.695296
1786702084.552305,6.655482,219,29.44,484.53,64.82,1.0000,0.757073,0.135031,477.55,333.87,0.9766,0.746167,0.695570
1786702084.586533,6.689710,220,29.44,484.52,64.99,1.0000,0.757064,0.135401,477.53,333.87,0.9765,0.746135,0.695570
1786702084.625640,6.728817,221,29.44,484.56,64.99,1.0000,0.757118,0.135399,477.56,333.81,0.9758,0.746184,0.695442
1786702084.682498,6.785675,222,29.24,484.74,65.43,1.0000,0.757413,0.136309,477.44,333.81,0.9757,0.745999,0.695428
1786702084.697022,6.800199,223,29.24,484.80,65.59,1.0000,0.757504,0.136646,477.37,333.88,0.9753,0.745896,0.695574
1786702084.728144,6.831321,224,29.24,484.80,65.50,1.0000,0.757505,0.136460,477.41,333.80,0.9754,0.745953,0.695410
1786702084.743917,6.847093,225,29.24,485.04,65.41,1.0000,0.757871,0.136276,477.41,333.86,0.9752,0.745953,0.695532
1786702084.791180,6.894357,226,29.24,485.22,65.45,1.0000,0.758150,0.136351,476.99,334.36,0.9749,0.745295,0.696584
1786702084.823552,6.926728,227,29.24,485.36,65.34,1.0000,0.758377,0.136118,477.07,334.18,0.9751,0.745416,0.696218
1786702084.846975,6.950151,228,29.24,485.39,65.34,1.0000,0.758420,0.136118,477.15,334.09,0.9750,0.745551,0.696010
1786702084.887175,6.990352,229,29.24,485.42,65.29,1.0000,0.758462,0.136027,477.04,334.43,0.9745,0.745375,0.696738
1786702084.919711,7.022888,230,29.24,485.46,65.07,1.0000,0.758531,0.135561,477.03,334.50,0.9744,0.745356,0.696874
1786702084.951034,7.054210,231,29.24,485.58,65.03,1.0000,0.758724,0.135484,477.02,334.52,0.9744,0.745347,0.696926
1786702084.999603,7.102780,232,29.24,485.59,65.03,1.0000,0.758727,0.135478,477.15,334.49,0.9745,0.745547,0.696864
1786702085.031470,7.134646,233,29.24,485.82,65.03,1.0000,0.759101,0.135479,477.00,334.61,0.9739,0.745309,0.697105
1786702085.063150,7.166327,234,29.24,485.57,65.19,1.0000,0.758701,0.135805,476.99,334.78,0.9740,0.745302,0.697467
1786702085.078696,7.181872,235,29.24,485.66,65.19,1.0000,0.758840,0.135820,477.13,334.70,0.9744,0.745517,0.697287
1786702085.127614,7.230791,236,29.24,485.58,65.18,1.0000,0.758723,0.135793,477.11,334.94,0.9748,0.745492,0.697798
1786702085.158874,7.262051,237,29.24,485.58,65.18,1.0000,0.758724,0.135790,477.10,334.94,0.9747,0.745475,0.697786
1786702085.174540,7.277717,238,29.73,485.70,65.22,1.0000,0.758899,0.135884,477.06,334.94,0.9747,0.745412,0.697798
1786702085.222342,7.325518,239,29.73,485.74,65.12,1.0000,0.758974,0.135671,477.08,334.56,0.9747,0.745440,0.696993
1786702085.254519,7.357696,240,29.73,485.75,64.46,1.0000,0.758980,0.134301,477.03,334.53,0.9748,0.745355,0.696946
1786702085.285886,7.389063,241,29.73,485.74,64.41,1.0000,0.758976,0.134197,476.89,334.61,0.9738,0.745133,0.697103
1786702085.317453,7.420630,242,29.73,485.75,64.45,1.0000,0.758980,0.134271,476.81,334.93,0.9726,0.745015,0.697762
1786702085.365559,7.468736,243,29.73,485.84,64.46,1.0000,0.759131,0.134281,477.03,334.46,0.9732,0.745355,0.696792
1786702085.385926,7.489103,244,29.73,485.84,64.47,1.0000,0.759131,0.134319,476.86,334.70,0.9733,0.745101,0.697295
1786702085.413543,7.516719,245,29.73,485.58,64.47,1.0000,0.758721,0.134318,476.80,334.81,0.9732,0.744999,0.697517
1786702085.461019,7.564196,246,29.73,485.33,64.49,1.0000,0.758322,0.134358,476.73,334.85,0.9729,0.744898,0.697601
1786702085.492757,7.595934,247,29.73,485.42,64.50,1.0000,0.758464,0.134378,476.76,334.85,0.9728,0.744930,0.697606
1786702085.519366,7.622542,248,29.73,485.32,64.47,1.0000,0.758320,0.134307,476.85,334.89,0.9736,0.745076,0.697683
1786702085.566097,7.669273,249,29.73,485.33,64.50,1.0000,0.758331,0.134366,476.85,334.89,0.9736,0.745083,0.697680
1786702085.587994,7.691170,250,29.73,485.31,64.56,1.0000,0.758304,0.134502,476.77,334.93,0.9733,0.744946,0.697773
1786702085.619238,7.722414,251,29.73,485.40,64.55,1.0000,0.758433,0.134490,476.78,334.80,0.9734,0.744964,0.697508
1786702085.656698,7.759874,252,29.73,485.60,64.38,1.0000,0.758754,0.134129,476.78,334.81,0.9734,0.744965,0.697512
1786702085.683196,7.786372,253,29.73,485.60,64.38,1.0000,0.758753,0.134125,476.78,334.90,0.9736,0.744964,0.697713
1786702085.714649,7.817825,254,29.99,485.51,64.41,1.0000,0.758609,0.134184,476.79,334.99,0.9730,0.744979,0.697901
1786702085.763829,7.867006,255,29.99,485.48,64.41,1.0000,0.758556,0.134190,476.79,334.91,0.9733,0.744982,0.697724
1786702085.795303,7.898479,256,29.99,485.64,64.13,1.0000,0.758805,0.133603,476.58,334.86,0.9733,0.744654,0.697627
1786702085.810520,7.913697,257,29.99,485.60,64.07,1.0000,0.758746,0.133484,476.58,334.82,0.9722,0.744650,0.697549
1786702085.858121,7.961298,258,29.99,485.78,64.07,1.0000,0.759028,0.133487,476.62,334.82,0.9724,0.744727,0.697552
1786702085.889894,7.993070,259,29.99,485.72,64.19,1.0000,0.758940,0.133737,476.62,334.92,0.9725,0.744720,0.697749
1786702085.939936,8.043113,260,29.99,485.79,64.16,1.0000,0.759049,0.133674,476.51,334.84,0.9726,0.744552,0.697591
1786702085.963953,8.067129,261,29.99,485.80,64.17,1.0000,0.759058,0.133689,476.61,334.35,0.9730,0.744696,0.696572
1786702085.979237,8.082414,262,29.99,485.40,64.22,1.0000,0.758443,0.133801,476.82,334.19,0.9732,0.745025,0.696235
1786702086.011044,8.114220,263,29.99,485.30,64.29,1.0000,0.758274,0.133943,477.03,334.05,0.9738,0.745362,0.695947
1786702086.059302,8.162479,264,29.99,485.13,64.49,1.0000,0.758013,0.134349,477.10,334.05,0.9737,0.745471,0.695937
1786702086.077326,8.180503,265,29.99,485.02,64.50,1.0000,0.757843,0.134373,477.11,334.07,0.9740,0.745484,0.695980
1786702086.109449,8.212626,266,29.99,485.05,64.58,1.0000,0.757890,0.134534,476.87,334.32,0.9733,0.745102,0.696510
1786702086.153508,8.256685,267,29.99,485.03,64.50,1.0000,0.757858,0.134385,476.83,334.11,0.9732,0.745044,0.696073
1786702086.177544,8.280720,268,29.99,485.59,64.33,1.0000,0.758738,0.134027,476.65,334.30,0.9721,0.744761,0.696456
1786702086.217967,8.321143,269,29.85,485.62,64.59,1.0000,0.758778,0.134558,476.54,334.33,0.9712,0.744588,0.696523
1786702086.249504,8.352681,270,29.85,485.65,64.58,1.0000,0.758830,0.134545,476.45,334.42,0.9710,0.744452,0.696710
1786702086.282017,8.385193,271,29.85,485.52,64.34,1.0000,0.758630,0.134049,476.34,334.47,0.9708,0.744277,0.696809
1786702086.330404,8.433581,272,29.85,485.03,64.34,1.0000,0.757862,0.134048,476.32,334.51,0.9701,0.744245,0.696893
1786702086.362015,8.465192,273,29.85,484.97,64.55,1.0000,0.757766,0.134482,476.56,334.37,0.9705,0.744625,0.696603
1786702086.420168,8.523344,274,29.85,484.79,64.39,1.0000,0.757492,0.134138,476.49,334.25,0.9702,0.744517,0.696361
1786702086.422833,8.526010,275,29.85,484.84,64.39,1.0000,0.757563,0.134138,476.57,334.18,0.9704,0.744638,0.696199
1786702086.461661,8.564838,276,29.85,485.10,64.35,1.0000,0.757962,0.134063,476.42,334.19,0.9698,0.744407,0.696219
1786702086.488293,8.591470,277,29.85,485.13,64.39,1.0000,0.758016,0.134152,476.29,334.32,0.9701,0.744202,0.696494
1786702086.519903,8.623079,278,29.85,485.29,64.33,1.0000,0.758270,0.134025,476.34,334.32,0.9697,0.744288,0.696503
1786702086.552110,8.655287,279,29.85,485.31,64.32,1.0000,0.758298,0.134004,476.38,334.23,0.9695,0.744336,0.696309
1786702086.583709,8.686886,280,29.85,485.35,64.36,1.0000,0.758361,0.134084,476.77,334.15,0.9698,0.744954,0.696137
1786702086.614701,8.717877,281,29.85,485.28,64.52,1.0000,0.758255,0.134424,476.59,334.17,0.9698,0.744676,0.696184
1786702086.662302,8.765478,282,29.85,485.30,64.43,1.0000,0.758285,0.134224,476.55,334.08,0.9705,0.744606,0.695997
1786702086.694349,8.797525,283,29.85,484.92,64.27,1.0000,0.757680,0.133897,476.65,333.72,0.9708,0.744764,0.695252
1786702086.726563,8.829739,284,29.76,484.96,64.35,1.0000,0.757753,0.134060,476.79,333.60,0.9708,0.744977,0.695002
1786702086.753817,8.856994,285,29.76,485.09,64.43,1.0000,0.757949,0.134226,476.65,333.80,0.9711,0.744769,0.695418
1786702086.789711,8.892888,286,29.76,485.21,64.40,1.0000,0.758145,0.134159,476.54,333.76,0.9712,0.744593,0.695330
1786702086.811537,8.914713,287,29.76,484.89,64.32,1.0000,0.757644,0.133993,476.58,333.57,0.9719,0.744656,0.694932
1786702086.847565,8.950741,288,29.76,484.82,64.43,1.0000,0.757537,0.134223,476.78,333.59,0.9716,0.744973,0.694989
1786702086.883643,8.986820,289,29.76,484.89,64.36,1.0000,0.757634,0.134080,476.68,334.13,0.9716,0.744807,0.696101
1786702086.915891,9.019067,290,29.76,484.87,64.51,1.0000,0.757614,0.134394,476.48,334.39,0.9705,0.744507,0.696655
1786702086.964333,9.067509,291,29.76,484.37,64.32,1.0000,0.756828,0.133997,477.25,334.35,0.9712,0.745697,0.696558
1786702086.996089,9.099266,292,29.76,484.34,64.32,1.0000,0.756786,0.133996,477.22,334.42,0.9714,0.745652,0.696707
1786702087.027024,9.130200,293,29.76,484.55,64.32,1.0000,0.757102,0.133999,477.15,334.72,0.9711,0.745548,0.697335
1786702087.058395,9.161572,294,29.76,484.73,64.30,1.0000,0.757388,0.133959,476.95,334.51,0.9702,0.745236,0.696901
1786702087.092568,9.195745,295,29.76,484.66,64.34,1.0000,0.757281,0.134050,476.95,334.45,0.9707,0.745242,0.696770
1786702087.140411,9.243588,296,29.76,484.66,64.52,1.0000,0.757277,0.134422,476.98,334.21,0.9708,0.745289,0.696273
1786702087.169464,9.272641,297,29.76,484.69,64.58,1.0000,0.757329,0.134545,476.79,334.35,0.9699,0.744990,0.696572
1786702087.185933,9.289110,298,29.76,484.68,64.67,1.0000,0.757318,0.134720,476.80,334.23,0.9705,0.745005,0.696313
1786702087.232733,9.335910,299,29.72,484.56,64.52,1.0000,0.757124,0.134426,476.91,333.95,0.9703,0.745178,0.695722
1786702087.248587,9.351763,300,29.72,484.59,64.71,1.0000,0.757177,0.134807,476.95,334.52,0.9710,0.745231,0.696918
1786702087.266519,9.369695,301,29.72,484.59,64.74,1.0000,0.757177,0.134870,476.94,334.54,0.9715,0.745214,0.696968
1786702087.329034,9.432211,302,29.72,484.66,64.74,1.0000,0.757283,0.134880,476.80,334.55,0.9713,0.745005,0.696972
1786702087.365942,9.469119,303,29.72,484.79,64.63,1.0000,0.757479,0.134637,477.01,334.26,0.9719,0.745336,0.696365
1786702087.392035,9.495212,304,29.72,484.79,64.63,1.0000,0.757486,0.134647,476.89,334.25,0.9724,0.745147,0.696353
1786702087.423960,9.527137,305,29.72,484.79,64.63,1.0000,0.757485,0.134645,476.77,334.33,0.9726,0.744948,0.696516
1786702087.447438,9.550615,306,29.72,484.90,64.60,1.0000,0.757660,0.134586,476.67,334.53,0.9721,0.744804,0.696948
1786702087.503104,9.606281,307,29.72,485.17,64.32,1.0000,0.758082,0.133996,476.66,334.69,0.9722,0.744779,0.697272
1786702087.518798,9.621974,308,29.72,485.18,64.28,1.0000,0.758101,0.133922,476.54,334.75,0.9725,0.744589,0.697401
1786702087.550720,9.653896,309,29.72,485.22,64.26,1.0000,0.758156,0.133875,476.53,334.75,0.9728,0.744576,0.697390
1786702087.582867,9.686044,310,29.72,485.19,64.25,1.0000,0.758106,0.133859,476.46,334.62,0.9728,0.744467,0.697132
1786702087.631397,9.734573,311,29.72,485.16,64.09,1.0000,0.758058,0.133520,476.46,334.55,0.9732,0.744475,0.696969
1786702087.663535,9.766711,312,29.72,485.17,64.02,1.0000,0.758081,0.133385,476.45,334.63,0.9733,0.744448,0.697137
1786702087.694975,9.798152,313,29.72,485.17,64.03,1.0000,0.758077,0.133388,476.41,334.68,0.9731,0.744384,0.697240
1786702087.726037,9.829214,314,29.72,485.19,64.00,1.0000,0.758109,0.133330,476.41,334.70,0.9728,0.744385,0.697282
1786702087.758237,9.861414,315,29.94,485.20,64.00,1.0000,0.758132,0.133338,476.23,334.70,0.9722,0.744116,0.697299
1786702087.789835,9.893012,316,29.94,485.21,63.85,1.0000,0.758133,0.133016,476.23,335.14,0.9723,0.744110,0.698209
1786702087.814751,9.917928,317,29.94,485.16,63.72,1.0000,0.758057,0.132759,476.36,335.15,0.9724,0.744311,0.698233
1786702087.870404,9.973580,318,29.94,485.22,63.74,1.0000,0.758163,0.132796,476.63,335.03,0.9728,0.744740,0.697989
1786702087.885690,9.988867,319,29.94,485.26,63.79,1.0000,0.758212,0.132899,476.56,335.07,0.9721,0.744620,0.698072
1786702087.927963,10.031140,320,29.94,485.31,63.81,1.0000,0.758293,0.132944,476.52,335.10,0.9719,0.744569,0.698131
1786702087.963441,10.066618,321,29.94,485.41,63.88,1.0000,0.758446,0.133091,476.61,335.11,0.9722,0.744696,0.698144
1786702088.003314,10.106491,322,29.94,485.46,63.95,1.0000,0.758531,0.133226,476.91,335.00,0.9730,0.745165,0.697914
1786702088.034212,10.137388,323,29.94,485.46,63.95,1.0000,0.758527,0.133235,476.87,334.90,0.9734,0.745105,0.697700
1786702088.049976,10.153153,324,29.94,485.46,63.96,1.0000,0.758529,0.133256,476.83,334.90,0.9736,0.745046,0.697700
1786702088.097716,10.200893,325,29.94,485.39,63.94,1.0000,0.758415,0.133218,476.72,335.14,0.9731,0.744878,0.698210
1786702088.113672,10.216848,326,29.94,485.29,63.96,1.0000,0.758268,0.133246,476.72,335.07,0.9733,0.744875,0.698064
1786702088.148452,10.251629,327,29.94,485.33,63.75,1.0000,0.758332,0.132819,476.72,335.08,0.9732,0.744875,0.698077
1786702088.193775,10.296952,328,29.94,485.35,63.69,1.0000,0.758359,0.132693,476.70,335.10,0.9727,0.744845,0.698129
1786702088.209352,10.312528,329,29.94,485.46,63.69,1.0000,0.758537,0.132695,476.82,335.17,0.9729,0.745034,0.698272
1786702088.258505,10.361682,330,29.87,485.49,63.80,1.0000,0.758576,0.132912,476.71,335.29,0.9721,0.744867,0.698511
1786702088.289337,10.392514,331,29.87,485.51,63.80,1.0000,0.758614,0.132922,476.92,335.25,0.9729,0.745185,0.698448
1786702088.350491,10.453668,332,29.87,484.97,63.80,1.0000,0.757773,0.132923,476.99,335.34,0.9736,0.745293,0.698629
1786702088.353178,10.456355,333,29.87,484.93,63.80,1.0000,0.757701,0.132918,477.00,335.26,0.9738,0.745308,0.698461
1786702088.400610,10.503787,334,29.87,484.94,63.80,1.0000,0.757724,0.132919,477.13,334.81,0.9740,0.745512,0.697517
1786702088.416230,10.519407,335,29.87,485.06,63.79,1.0000,0.757911,0.132902,477.11,334.64,0.9740,0.745477,0.697163
1786702088.465376,10.568552,336,29.87,485.17,63.83,1.0000,0.758073,0.132986,477.13,334.74,0.9739,0.745522,0.697371
1786702088.534844,10.638021,337,29.87,485.14,63.85,1.0000,0.758029,0.133023,476.91,334.75,0.9739,0.745171,0.697406
1786702088.561675,10.664851,338,29.87,485.14,64.09,1.0000,0.758033,0.133514,477.59,334.14,0.9742,0.746229,0.696131
1786702088.575777,10.678954,339,29.87,485.14,64.22,1.0000,0.758037,0.133796,477.50,334.01,0.9746,0.746094,0.695854
1786702088.591746,10.694922,340,29.87,485.20,64.23,1.0000,0.758121,0.133806,477.38,334.12,0.9745,0.745901,0.696086
1786702088.638587,10.741764,341,29.87,485.05,64.28,1.0000,0.757897,0.133911,477.12,334.28,0.9740,0.745500,0.696415
1786702088.654322,10.757499,342,29.87,485.02,64.37,1.0000,0.757848,0.134114,477.29,333.97,0.9742,0.745770,0.695770
1786702088.701877,10.805053,343,29.87,484.97,64.51,1.0000,0.757768,0.134402,477.39,333.85,0.9745,0.745917,0.695527
1786702088.733635,10.836812,344,29.87,485.29,64.51,1.0000,0.758272,0.134398,477.20,333.83,0.9746,0.745628,0.695474
1786702088.749537,10.852714,345,29.87,485.23,64.73,1.0000,0.758175,0.134859,477.28,333.88,0.9752,0.745743,0.695574
1786702088.781593,10.884770,346,30.16,485.17,64.83,1.0000,0.758073,0.135058,477.52,333.85,0.9757,0.746126,0.695525
1786702088.830229,10.933405,347,30.16,485.11,64.99,1.0000,0.757990,0.135391,477.61,333.83,0.9760,0.746261,0.695481
1786702088.851800,10.954977,348,30.16,485.18,65.01,1.0000,0.758092,0.135446,477.67,333.76,0.9760,0.746365,0.695341
1786702088.894095,10.997272,349,30.16,485.14,65.01,1.0000,0.758032,0.135448,477.69,333.76,0.9762,0.746385,0.695341
1786702088.925546,11.028723,350,30.16,485.17,65.01,1.0000,0.758072,0.135447,477.91,333.66,0.9767,0.746740,0.695120
1786702088.984834,11.088010,351,30.16,485.13,65.02,1.0000,0.758012,0.135451,478.01,333.75,0.9769,0.746883,0.695310
1786702088.989946,11.093122,352,30.16,485.24,65.01,1.0000,0.758186,0.135444,478.04,333.75,0.9769,0.746932,0.695318
1786702089.019372,11.122548,353,30.16,485.26,65.04,1.0000,0.758211,0.135491,477.87,333.83,0.9770,0.746669,0.695475
1786702089.051639,11.154816,354,30.16,485.26,65.04,1.0000,0.758212,0.135499,477.84,333.67,0.9768,0.746618,0.695137
1786702089.083194,11.186371,355,30.16,485.23,65.04,1.0000,0.758174,0.135500,477.24,333.79,0.9759,0.745688,0.695396
1786702089.132486,11.235663,356,30.16,485.59,64.88,1.0000,0.758739,0.135171,477.49,333.77,0.9759,0.746081,0.695346
1786702089.147743,11.250920,357,30.16,485.57,64.88,1.0000,0.758708,0.135170,477.37,333.79,0.9761,0.745898,0.695399
1786702089.184940,11.288116,358,30.16,485.41,65.09,1.0000,0.758454,0.135604,477.50,333.69,0.9763,0.746094,0.695187
1786702089.227934,11.331110,359,30.16,485.41,65.26,1.0000,0.758452,0.135952,477.43,333.68,0.9764,0.745991,0.695157
1786702089.274591,11.377768,360,30.16,485.44,65.17,1.0000,0.758505,0.135763,477.24,334.31,0.9760,0.745694,0.696484
1786702089.290573,11.393749,361,29.85,485.47,65.14,1.0000,0.758545,0.135699,477.17,334.75,0.9755,0.745580,0.697387
1786702089.322888,11.426064,362,29.85,485.30,65.11,1.0000,0.758274,0.135656,477.19,334.71,0.9757,0.745603,0.697315
1786702089.338387,11.441563,363,29.85,485.21,65.06,1.0000,0.758135,0.135540,477.15,334.61,0.9757,0.745547,0.697105
1786702089.392577,11.495754,364,29.85,485.14,64.88,1.0000,0.758036,0.135166,477.13,334.81,0.9759,0.745520,0.697517
1786702089.427691,11.530868,365,29.85,485.15,64.84,1.0000,0.758043,0.135075,477.19,334.26,0.9762,0.745614,0.696368
1786702089.468992,11.572169,366,29.85,485.15,64.97,1.0000,0.758043,0.135359,477.16,334.39,0.9761,0.745565,0.696651
1786702089.493012,11.596189,367,29.85,484.99,64.87,1.0000,0.757789,0.135137,477.14,334.36,0.9759,0.745538,0.696585
1786702089.531946,11.635122,368,29.85,484.96,64.67,1.0000,0.757745,0.134723,477.03,334.61,0.9757,0.745358,0.697097
1786702089.564158,11.667335,369,29.85,484.94,64.66,1.0000,0.757726,0.134704,476.92,334.83,0.9756,0.745188,0.697569
1786702089.586927,11.690103,370,29.85,484.95,64.61,1.0000,0.757738,0.134604,476.78,334.86,0.9752,0.744969,0.697621
1786702089.623281,11.726457,371,29.85,484.92,64.53,1.0000,0.757693,0.134432,476.74,334.93,0.9750,0.744902,0.697781
1786702089.657768,11.760944,372,29.85,484.74,64.48,1.0000,0.757413,0.134339,476.91,334.97,0.9748,0.745166,0.697862
1786702089.690226,11.793402,373,29.85,484.74,64.38,1.0000,0.757405,0.134122,476.79,334.97,0.9746,0.744988,0.697864
1786702089.716086,11.819262,374,29.85,484.74,64.38,1.0000,0.757413,0.134122,476.90,334.77,0.9749,0.745163,0.697447
1786702089.814016,11.917192,376,29.30,484.74,64.33,1.0000,0.757411,0.134012,477.04,334.25,0.9750,0.745377,0.696361
1786702089.832599,11.935776,377,29.30,484.78,64.33,1.0000,0.757473,0.134013,477.05,334.26,0.9744,0.745391,0.696374
1786702089.847630,11.950806,378,29.30,485.07,64.22,1.0000,0.757916,0.133799,477.02,334.26,0.9740,0.745349,0.696369
1786702089.896225,11.999402,379,29.30,485.01,64.13,1.0000,0.757829,0.133606,477.23,334.01,0.9742,0.745676,0.695851
1786702089.913525,12.016702,380,29.30,485.01,64.13,1.0000,0.757835,0.133604,477.09,334.08,0.9743,0.745455,0.695992
1786702089.952801,12.055978,381,29.30,485.11,64.10,1.0000,0.757986,0.133532,477.08,334.33,0.9745,0.745435,0.696525
1786702089.986238,12.089415,382,29.30,485.11,64.06,1.0000,0.757990,0.133448,477.07,334.32,0.9745,0.745422,0.696499
1786702090.018072,12.121249,383,29.30,485.12,63.86,1.0000,0.758004,0.133045,477.06,334.49,0.9743,0.745411,0.696858
1786702090.050158,12.153334,384,29.30,485.45,63.87,1.0000,0.758519,0.133058,476.73,334.49,0.9733,0.744896,0.696844
1786702090.082826,12.186002,385,29.30,485.32,63.89,1.0000,0.758316,0.133106,476.64,334.50,0.9733,0.744743,0.696883
1786702090.129188,12.232364,386,29.30,485.30,63.88,1.0000,0.758284,0.133077,476.66,334.21,0.9735,0.744774,0.696277
1786702090.161068,12.264245,387,29.30,485.30,63.93,1.0000,0.758282,0.133188,476.67,334.22,0.9738,0.744789,0.696289
1786702090.182802,12.285979,388,29.30,485.19,63.90,1.0000,0.758105,0.133131,476.69,334.21,0.9739,0.744834,0.696274
1786702090.213444,12.316620,389,29.30,485.18,63.93,1.0000,0.758092,0.133189,476.78,334.18,0.9736,0.744968,0.696216
1786702090.258188,12.361365,390,29.30,485.29,64.00,1.0000,0.758263,0.133333,476.88,334.23,0.9744,0.745118,0.696319
1786702090.287520,12.390697,391,29.30,485.25,63.97,1.0000,0.758201,0.133275,477.02,334.24,0.9745,0.745347,0.696326
1786702090.315839,12.419016,392,29.30,485.07,63.96,1.0000,0.757917,0.133258,477.02,334.19,0.9748,0.745350,0.696230
1786702090.345349,12.448525,393,29.91,484.98,63.97,1.0000,0.757779,0.133268,477.11,334.25,0.9754,0.745478,0.696346
1786702090.382978,12.486154,394,29.91,484.98,63.89,1.0000,0.757780,0.133107,477.19,334.13,0.9754,0.745604,0.696108
1786702090.430378,12.533555,395,29.91,485.03,63.89,1.0000,0.757865,0.133101,476.82,334.31,0.9746,0.745024,0.696482
1786702090.461621,12.564797,396,29.91,484.81,63.93,1.0000,0.757523,0.133188,476.75,334.47,0.9745,0.744929,0.696808
1786702090.485960,12.589137,397,29.91,484.82,64.06,1.0000,0.757538,0.133453,476.75,334.39,0.9748,0.744924,0.696645
1786702090.525990,12.629167,398,29.91,484.98,64.05,1.0000,0.757778,0.133448,476.74,334.29,0.9741,0.744902,0.696438
1786702090.558868,12.662045,399,29.91,484.98,64.11,1.0000,0.757786,0.133569,476.72,334.28,0.9742,0.744873,0.696415
1786702090.575866,12.679043,400,29.91,484.88,64.24,1.0000,0.757617,0.133829,476.78,334.32,0.9745,0.744973,0.696492
1786702090.638377,12.741554,401,29.91,484.95,64.50,1.0000,0.757727,0.134369,476.81,334.52,0.9747,0.745021,0.696908
1786702090.669882,12.773059,402,29.91,484.81,64.44,1.0000,0.757514,0.134252,476.84,334.46,0.9748,0.745063,0.696800
1786702090.685948,12.789125,403,29.91,484.49,64.42,1.0000,0.757021,0.134210,476.85,334.33,0.9750,0.745074,0.696515
1786702090.717867,12.821043,404,29.91,484.49,64.42,1.0000,0.757017,0.134214,476.86,334.11,0.9747,0.745092,0.696060
1786702090.765722,12.868898,405,29.91,484.49,64.48,1.0000,0.757015,0.134342,476.94,333.99,0.9745,0.745211,0.695815
1786702090.781184,12.884361,406,29.91,484.48,64.50,1.0000,0.757005,0.134375,476.93,334.00,0.9745,0.745207,0.695828
1786702090.828864,12.932041,407,29.91,484.53,64.48,1.0000,0.757076,0.134342,476.92,334.02,0.9749,0.745190,0.695878
1786702090.860546,12.963722,408,29.75,484.56,64.53,1.0000,0.757126,0.134432,476.90,334.05,0.9745,0.745150,0.695933
1786702090.893321,12.996497,409,29.75,484.67,64.53,1.0000,0.757296,0.134438,476.86,334.04,0.9747,0.745096,0.695919
1786702090.924310,13.027487,410,29.75,484.67,64.46,1.0000,0.757298,0.134296,476.80,334.18,0.9741,0.744994,0.696209
1786702090.956595,13.059772,411,29.75,484.61,64.46,1.0000,0.757200,0.134286,476.55,334.72,0.9727,0.744612,0.697335
1786702090.988424,13.091600,412,29.75,484.68,64.46,1.0000,0.757306,0.134287,476.59,334.91,0.9730,0.744673,0.697723
1786702091.020032,13.123209,413,29.75,484.71,64.46,1.0000,0.757360,0.134296,476.71,334.88,0.9734,0.744855,0.697672
1786702091.080530,13.183707,414,29.75,484.70,64.32,1.0000,0.757342,0.133996,476.85,334.80,0.9738,0.745082,0.697501
1786702091.083632,13.186808,415,29.75,484.69,64.37,1.0000,0.757323,0.134100,476.90,334.69,0.9741,0.745151,0.697262
1786702091.116117,13.219294,416,29.75,484.67,64.46,1.0000,0.757295,0.134295,476.98,334.58,0.9746,0.745274,0.697046
1786702091.162858,13.266034,417,29.75,484.72,64.44,1.0000,0.757371,0.134251,477.31,334.46,0.9748,0.745794,0.696801
1786702091.195180,13.298357,418,29.75,484.83,64.39,1.0000,0.757547,0.134149,477.19,334.56,0.9741,0.745605,0.697008
1786702091.210716,13.313893,419,29.75,484.78,64.39,1.0000,0.757475,0.134147,477.31,334.44,0.9744,0.745794,0.696750
1786702091.253470,13.356647,420,29.75,484.78,64.47,1.0000,0.757466,0.134311,477.26,334.38,0.9742,0.745726,0.696628
1786702091.282549,13.385725,421,29.75,485.15,64.38,1.0000,0.758054,0.134134,477.16,334.28,0.9742,0.745568,0.696414
1786702091.322613,13.425790,422,29.75,485.17,64.48,1.0000,0.758081,0.134338,477.05,334.44,0.9740,0.745393,0.696742
1786702091.367481,13.470658,423,29.61,484.87,64.57,1.0000,0.757614,0.134522,476.98,334.65,0.9737,0.745283,0.697196
1786702091.383590,13.486766,424,29.61,484.89,64.58,1.0000,0.757646,0.134552,476.95,334.65,0.9736,0.745229,0.697190
1786702091.417613,13.520789,425,29.61,484.92,64.59,1.0000,0.757680,0.134558,476.80,334.68,0.9730,0.745001,0.697250
1786702091.445553,13.548729,426,29.61,485.10,64.63,1.0000,0.757966,0.134649,476.67,334.69,0.9729,0.744800,0.697275
1786702091.484630,13.587807,427,29.61,485.04,64.77,1.0000,0.757875,0.134938,476.65,334.74,0.9726,0.744769,0.697375
1786702091.529688,13.632865,428,29.61,484.85,64.88,1.0000,0.757576,0.135167,477.00,334.71,0.9732,0.745312,0.697315
1786702091.553405,13.656581,429,29.61,484.82,64.75,1.0000,0.757530,0.134903,477.02,334.73,0.9727,0.745339,0.697345
1786702091.592998,13.696175,430,29.61,485.05,64.71,1.0000,0.757890,0.134803,477.17,334.44,0.9733,0.745575,0.696756
1786702091.641658,13.744834,431,29.61,484.90,64.71,1.0000,0.757658,0.134807,477.24,334.40,0.9739,0.745693,0.696661
1786702091.673292,13.776468,432,29.61,484.66,64.74,1.0000,0.757279,0.134869,477.40,334.15,0.9745,0.745941,0.696153
1786702091.688386,13.791563,433,29.61,484.66,64.63,1.0000,0.757282,0.134651,477.37,334.18,0.9731,0.745892,0.696206
1786702091.721085,13.824261,434,29.61,484.66,64.63,1.0000,0.757282,0.134636,477.24,334.14,0.9730,0.745687,0.696123
1786702091.752213,13.855390,435,29.61,484.61,64.63,1.0000,0.757198,0.134637,477.20,334.80,0.9729,0.745632,0.697507
1786702091.786844,13.890020,436,29.61,484.28,64.63,1.0000,0.756681,0.134639,477.22,334.69,0.9733,0.745658,0.697276
1786702091.832185,13.935361,437,29.61,483.88,64.70,1.0000,0.756068,0.134788,477.36,334.60,0.9736,0.745872,0.697078
1786702091.864165,13.967341,438,29.61,484.01,64.70,1.0000,0.756270,0.134790,477.02,334.96,0.9737,0.745345,0.697844
1786702091.879495,13.982671,439,29.79,484.09,64.83,1.0000,0.756393,0.135071,477.00,335.03,0.9742,0.745308,0.697989
1786702091.929342,14.032519,440,29.79,483.94,64.94,1.0000,0.756159,0.135293,476.90,335.09,0.9742,0.745164,0.698112
1786702091.958498,14.061674,441,29.79,483.90,64.94,1.0000,0.756092,0.135300,476.96,334.63,0.9744,0.745247,0.697147
1786702091.985220,14.088397,442,29.79,484.10,64.92,1.0000,0.756407,0.135245,477.01,334.65,0.9749,0.745334,0.697192
1786702092.017325,14.120501,443,29.79,484.16,64.91,1.0000,0.756494,0.135235,476.86,334.85,0.9753,0.745093,0.697613
1786702092.049057,14.152233,444,29.79,484.07,64.90,1.0000,0.756364,0.135204,476.99,334.80,0.9754,0.745297,0.697492
1786702092.081136,14.184312,445,29.79,483.97,64.90,1.0000,0.756203,0.135215,477.11,334.34,0.9753,0.745486,0.696533
1786702092.113090,14.216267,446,29.79,483.93,64.85,1.0000,0.756140,0.135100,477.07,334.38,0.9754,0.745416,0.696621
1786702092.160872,14.264049,447,29.79,483.98,64.85,1.0000,0.756216,0.135103,477.04,334.38,0.9754,0.745374,0.696625
1786702092.192561,14.295738,448,29.79,483.99,64.85,1.0000,0.756235,0.135103,476.96,334.38,0.9750,0.745246,0.696625
1786702092.224759,14.327936,449,29.79,483.99,64.85,1.0000,0.756239,0.135110,477.43,334.51,0.9751,0.745977,0.696903
1786702092.240302,14.343479,450,29.79,483.99,64.83,1.0000,0.756239,0.135064,477.42,334.15,0.9748,0.745962,0.696136
1786702092.288400,14.391577,451,29.79,483.99,64.82,1.0000,0.756235,0.135040,476.83,334.79,0.9733,0.745047,0.697482
1786702092.320367,14.423544,452,29.79,483.99,64.82,1.0000,0.756234,0.135036,476.86,334.22,0.9733,0.745093,0.696286
1786702092.367920,14.471097,453,29.79,484.20,64.76,1.0000,0.756557,0.134912,476.86,333.83,0.9731,0.745101,0.695481
1786702092.383864,14.487041,454,29.82,484.20,64.76,1.0000,0.756557,0.134908,476.75,334.29,0.9731,0.744920,0.696440
1786702092.414253,14.517430,455,29.82,484.11,64.80,1.0000,0.756427,0.134993,476.72,334.32,0.9727,0.744877,0.696503
1786702092.448043,14.551220,456,29.82,483.95,64.80,1.0000,0.756171,0.134992,476.71,333.62,0.9722,0.744853,0.695032
1786702092.480203,14.583380,457,29.82,483.89,64.72,1.0000,0.756071,0.134838,476.60,333.61,0.9716,0.744680,0.695027
1786702092.517103,14.620280,458,29.82,483.76,64.73,1.0000,0.755873,0.134850,476.72,333.69,0.9721,0.744870,0.695186
1786702092.547899,14.651075,459,29.82,483.77,64.77,1.0000,0.755886,0.134928,476.72,334.29,0.9716,0.744870,0.696446
1786702092.590083,14.693260,460,29.82,483.64,64.76,1.0000,0.755680,0.134917,476.58,334.27,0.9718,0.744656,0.696406
1786702092.621954,14.725131,461,29.82,483.62,64.76,1.0000,0.755654,0.134914,476.50,334.28,0.9712,0.744532,0.696413
1786702092.654472,14.757648,462,29.82,483.38,64.85,1.0000,0.755278,0.135105,476.48,334.46,0.9701,0.744503,0.696783
1786702092.686139,14.789316,463,29.82,482.91,65.02,1.0000,0.754550,0.135449,476.31,334.51,0.9702,0.744236,0.696899
1786702092.734067,14.837243,464,29.82,482.57,64.92,1.0000,0.754017,0.135257,476.32,334.06,0.9704,0.744256,0.695949
1786702092.766923,14.870100,465,29.82,482.53,64.79,1.0000,0.753955,0.134975,476.58,333.95,0.9706,0.744649,0.695733
1786702092.782093,14.885270,466,29.82,482.45,64.96,1.0000,0.753829,0.135344,476.26,334.20,0.9705,0.744161,0.696260
1786702092.830437,14.933614,467,29.82,482.46,64.96,1.0000,0.753837,0.135342,476.17,334.06,0.9705,0.744017,0.695963
1786702092.862115,14.965291,468,29.82,482.46,64.97,1.0000,0.753846,0.135358,476.19,333.99,0.9703,0.744053,0.695809
1786702092.909250,15.012427,469,29.73,482.46,65.03,1.0000,0.753849,0.135473,475.96,334.01,0.9701,0.743692,0.695848
1786702092.925114,15.028291,470,29.73,482.46,65.13,1.0000,0.753850,0.135690,476.22,334.08,0.9708,0.744094,0.696001
1786702092.973824,15.077001,471,29.73,482.55,65.05,1.0000,0.753986,0.135523,476.37,334.11,0.9715,0.744323,0.696062
1786702092.989784,15.092961,472,29.73,482.34,65.03,1.0000,0.753650,0.135477,476.99,334.12,0.9720,0.745298,0.696093
1786702093.008545,15.111721,473,29.73,482.34,65.04,1.0000,0.753651,0.135501,476.99,334.14,0.9716,0.745290,0.696127
1786702093.053216,15.156392,474,29.73,482.11,65.08,1.0000,0.753290,0.135587,477.41,334.15,0.9723,0.745955,0.696143
1786702093.100513,15.203690,475,29.73,482.11,65.08,1.0000,0.753293,0.135585,477.27,333.86,0.9711,0.745737,0.695544
1786702093.132196,15.235373,476,29.73,482.35,65.01,1.0000,0.753672,0.135430,477.19,333.85,0.9714,0.745609,0.695520
1786702093.164639,15.267815,477,29.73,482.59,64.97,1.0000,0.754045,0.135344,477.19,333.70,0.9716,0.745604,0.695207
1786702093.195963,15.299140,478,29.73,482.58,64.98,1.0000,0.754026,0.135370,477.17,333.75,0.9714,0.745574,0.695314
1786702093.228531,15.331707,479,29.73,482.67,64.95,1.0000,0.754166,0.135316,476.90,333.78,0.9709,0.745150,0.695385
1786702093.261101,15.364277,480,29.73,482.67,64.87,1.0000,0.754169,0.135144,476.77,333.58,0.9711,0.744948,0.694948
1786702093.291097,15.394273,481,29.73,482.68,64.88,1.0000,0.754183,0.135158,476.90,333.56,0.9711,0.745153,0.694927
1786702093.322444,15.425621,482,29.73,482.73,64.99,1.0000,0.754259,0.135401,476.53,333.81,0.9713,0.744585,0.695443
1786702093.354508,15.457684,483,29.73,482.71,64.74,1.0000,0.754233,0.134868,476.85,333.68,0.9717,0.745075,0.695158
1786702093.385872,15.489049,484,29.73,482.90,64.44,1.0000,0.754536,0.134248,476.99,333.39,0.9720,0.745304,0.694561
1786702093.433443,15.536619,485,29.96,482.91,64.69,1.0000,0.754547,0.134769,476.84,333.90,0.9715,0.745056,0.695624
1786702093.465262,15.568439,486,29.96,482.95,64.67,1.0000,0.754616,0.134727,477.19,334.02,0.9720,0.745610,0.695884
1786702093.496877,15.600053,487,29.96,483.09,64.55,1.0000,0.754824,0.134470,477.07,334.07,0.9715,0.745417,0.695969
1786702093.512530,15.615706,488,29.96,483.19,64.46,1.0000,0.754992,0.134295,476.99,333.96,0.9716,0.745304,0.695746
1786702093.561040,15.664217,489,29.96,483.20,64.55,1.0000,0.755000,0.134486,477.00,333.72,0.9713,0.745317,0.695241
1786702093.592486,15.695663,490,29.96,483.39,64.80,1.0000,0.755290,0.134995,476.89,333.94,0.9705,0.745141,0.695701
1786702093.639865,15.743041,491,29.96,483.51,64.65,1.0000,0.755481,0.134692,477.01,333.38,0.9710,0.745329,0.694535
1786702093.650557,15.753733,492,29.96,483.49,64.81,1.0000,0.755446,0.135018,476.93,333.51,0.9706,0.745206,0.694821
1786702093.686941,15.790118,493,29.96,483.46,64.94,1.0000,0.755411,0.135289,477.05,333.52,0.9707,0.745392,0.694829
1786702093.718108,15.821285,494,29.96,483.70,64.95,1.0000,0.755776,0.135318,477.05,333.43,0.9705,0.745388,0.694652
1786702093.767034,15.870211,495,29.96,483.42,64.91,1.0000,0.755336,0.135231,477.21,332.76,0.9709,0.745638,0.693248
1786702093.798512,15.901689,496,29.96,483.32,65.12,1.0000,0.755181,0.135675,477.22,332.95,0.9709,0.745654,0.693654
1786702093.830534,15.933711,497,29.96,483.37,65.11,1.0000,0.755267,0.135652,477.23,332.92,0.9710,0.745672,0.693574
1786702093.863074,15.966250,498,29.96,483.51,65.11,1.0000,0.755479,0.135651,477.10,333.16,0.9710,0.745464,0.694084
1786702093.880860,15.984036,499,29.96,483.38,65.19,1.0000,0.755280,0.135821,477.24,333.16,0.9711,0.745687,0.694089
1786702093.915903,16.019079,500,29.96,483.42,65.18,1.0000,0.755347,0.135798,477.15,333.21,0.9714,0.745553,0.694191
1786702093.955859,16.059036,501,30.01,483.82,65.15,1.0000,0.755977,0.135728,477.16,333.25,0.9718,0.745559,0.694267
1786702093.993114,16.096290,502,30.01,484.22,65.06,1.0000,0.756590,0.135546,477.16,333.27,0.9721,0.745559,0.694308
1786702094.009635,16.112812,503,30.01,484.24,64.91,1.0000,0.756631,0.135231,477.27,333.25,0.9724,0.745727,0.694270
1786702094.072772,16.175949,504,30.01,484.01,64.87,1.0000,0.756258,0.135155,477.19,333.42,0.9728,0.745607,0.694619
1786702094.105103,16.208279,505,30.01,483.99,64.97,1.0000,0.756236,0.135365,477.57,334.09,0.9733,0.746208,0.696024
1786702094.123260,16.226437,506,30.01,484.15,64.99,1.0000,0.756487,0.135390,477.39,334.29,0.9738,0.745926,0.696435
1786702094.152222,16.255398,507,30.01,484.12,65.02,1.0000,0.756430,0.135466,477.39,334.22,0.9740,0.745917,0.696285
1786702094.184082,16.287259,508,30.01,484.05,65.00,1.0000,0.756334,0.135411,477.27,334.27,0.9743,0.745730,0.696387
1786702094.231245,16.334422,509,30.01,484.05,65.01,1.0000,0.756324,0.135434,477.25,334.26,0.9744,0.745700,0.696384
1786702094.262584,16.365760,510,30.01,484.18,65.07,1.0000,0.756532,0.135561,476.95,334.40,0.9745,0.745236,0.696673
1786702094.297250,16.400426,511,30.01,484.20,65.05,1.0000,0.756568,0.135519,476.94,334.39,0.9750,0.745213,0.696636
1786702094.342837,16.446014,512,30.01,484.29,64.81,1.0000,0.756707,0.135027,476.75,334.59,0.9753,0.744918,0.697060
1786702094.362954,16.466131,513,30.01,484.28,64.82,1.0000,0.756693,0.135045,476.80,334.68,0.9756,0.745006,0.697258
1786702094.374059,16.477235,514,30.01,484.37,64.82,1.0000,0.756830,0.135047,476.78,334.68,0.9757,0.744971,0.697245
1786702094.421144,16.524321,515,30.01,484.27,64.84,1.0000,0.756669,0.135089,476.90,334.34,0.9760,0.745162,0.696538
1786702094.452857,16.556034,516,30.00,484.34,64.73,1.0000,0.756776,0.134859,476.91,334.62,0.9758,0.745177,0.697117
1786702094.493836,16.597012,517,30.00,484.54,64.70,1.0000,0.757090,0.134791,476.86,334.46,0.9760,0.745096,0.696792
1786702094.516419,16.619596,518,30.00,484.56,64.76,1.0000,0.757120,0.134908,476.86,334.47,0.9761,0.745087,0.696806
1786702094.564505,16.667682,519,30.00,484.20,64.76,1.0000,0.756567,0.134916,477.52,334.11,0.9764,0.746129,0.696057
1786702094.595350,16.698527,520,30.00,484.16,64.79,1.0000,0.756496,0.134971,477.70,333.91,0.9763,0.746412,0.695647
1786702094.627580,16.730757,521,30.00,484.17,64.78,1.0000,0.756522,0.134950,477.74,333.81,0.9767,0.746471,0.695431
1786702094.659267,16.762443,522,30.00,484.09,65.02,1.0000,0.756390,0.135468,477.51,333.95,0.9766,0.746117,0.695721
1786702094.682236,16.785413,523,30.00,484.11,64.94,1.0000,0.756418,0.135283,477.33,334.15,0.9762,0.745829,0.696143
1786702094.722695,16.825871,524,30.00,484.04,64.89,1.0000,0.756308,0.135193,477.97,334.19,0.9762,0.746833,0.696228
1786702094.754837,16.858014,525,30.00,484.02,64.88,1.0000,0.756289,0.135165,477.89,334.21,0.9763,0.746698,0.696281
1786702094.786578,16.889754,526,30.00,484.02,64.96,1.0000,0.756284,0.135335,477.85,334.31,0.9764,0.746637,0.696479
1786702094.818642,16.921818,527,30.00,483.96,64.96,1.0000,0.756190,0.135329,477.84,333.93,0.9765,0.746625,0.695682
1786702094.851037,16.954213,528,30.00,483.96,64.85,1.0000,0.756189,0.135111,477.87,333.82,0.9764,0.746673,0.695460
1786702094.909264,17.012441,529,30.00,483.98,64.47,1.0000,0.756213,0.134321,477.86,333.81,0.9763,0.746658,0.695438
1786702094.913804,17.016980,530,30.00,484.03,64.48,1.0000,0.756295,0.134338,477.64,333.80,0.9761,0.746308,0.695410
1786702094.959445,17.062622,531,29.91,484.03,64.50,1.0000,0.756299,0.134380,477.81,333.43,0.9762,0.746571,0.694656
1786702094.995291,17.098467,532,29.91,483.94,64.50,1.0000,0.756151,0.134372,477.93,333.59,0.9763,0.746762,0.694977
1786702095.026334,17.129510,533,29.91,484.45,64.50,1.0000,0.756952,0.134375,477.92,333.74,0.9763,0.746743,0.695282
1786702095.058014,17.161191,534,29.91,484.64,64.50,1.0000,0.757246,0.134376,477.72,333.87,0.9766,0.746435,0.695566
1786702095.073826,17.177003,535,29.91,484.64,64.55,1.0000,0.757244,0.134481,477.77,333.79,0.9767,0.746518,0.695398
1786702095.137683,17.240859,536,29.91,484.49,64.58,1.0000,0.757013,0.134545,477.88,333.82,0.9770,0.746687,0.695458
1786702095.153419,17.256595,537,29.91,484.52,64.58,1.0000,0.757067,0.134544,477.87,333.84,0.9770,0.746678,0.695503
1786702095.217682,17.320858,538,29.91,484.48,64.59,1.0000,0.757001,0.134572,477.92,333.83,0.9771,0.746744,0.695476
1786702095.233234,17.336411,539,29.91,483.93,64.75,1.0000,0.756141,0.134886,477.93,333.69,0.9771,0.746768,0.695179
1786702095.265765,17.368941,540,29.91,483.95,64.67,1.0000,0.756168,0.134737,477.89,333.69,0.9768,0.746706,0.695190
1786702095.281315,17.384491,541,29.91,484.17,64.73,1.0000,0.756513,0.134863,478.01,333.82,0.9768,0.746893,0.695464
1786702095.330247,17.433424,542,29.91,484.23,64.38,1.0000,0.756606,0.134115,478.04,333.81,0.9772,0.746933,0.695428
1786702095.349403,17.452580,543,29.91,484.23,64.37,1.0000,0.756605,0.134099,478.18,333.78,0.9771,0.747156,0.695369
1786702095.382035,17.485212,544,29.91,484.22,64.38,1.0000,0.756594,0.134135,478.19,333.76,0.9770,0.747169,0.695330
1786702095.424850,17.528026,545,29.91,484.31,64.35,1.0000,0.756733,0.134056,478.25,333.51,0.9773,0.747264,0.694810
1786702095.459353,17.562529,546,29.91,484.08,64.45,1.0000,0.756382,0.134273,478.25,333.41,0.9774,0.747273,0.694614
1786702095.489250,17.592427,547,30.01,484.09,64.61,1.0000,0.756385,0.134604,478.48,333.59,0.9772,0.747621,0.694975
1786702095.536176,17.639352,548,30.01,484.33,64.49,1.0000,0.756762,0.134358,478.50,333.62,0.9776,0.747658,0.695038
1786702095.568484,17.671661,549,30.01,484.33,64.41,1.0000,0.756767,0.134180,478.25,333.58,0.9778,0.747270,0.694954
1786702095.599955,17.703131,550,30.01,484.52,64.40,1.0000,0.757062,0.134166,478.26,333.54,0.9780,0.747284,0.694870
1786702095.631832,17.735009,551,30.01,484.48,64.40,1.0000,0.757000,0.134166,478.33,333.45,0.9781,0.747384,0.694679
1786702095.651810,17.754986,552,30.01,484.43,64.44,1.0000,0.756918,0.134256,478.33,333.54,0.9778,0.747385,0.694881
1786702095.683999,17.787176,553,30.01,484.42,64.40,1.0000,0.756899,0.134176,478.33,333.47,0.9777,0.747389,0.694727
1786702095.721032,17.824209,554,30.01,484.33,64.36,1.0000,0.756759,0.134079,478.23,333.25,0.9778,0.747233,0.694267
1786702095.742103,17.845279,555,30.01,484.09,64.30,1.0000,0.756392,0.133953,478.17,333.27,0.9780,0.747147,0.694321
1786702095.802357,17.905533,556,30.01,484.09,64.39,1.0000,0.756395,0.134143,478.03,333.45,0.9775,0.746920,0.694694
1786702095.837922,17.941099,557,30.01,484.12,64.39,1.0000,0.756443,0.134151,477.99,333.50,0.9778,0.746855,0.694790
1786702095.870113,17.973290,558,30.01,484.04,64.39,1.0000,0.756314,0.134152,477.38,333.91,0.9776,0.745910,0.695641
1786702095.885532,17.988709,559,30.01,484.09,64.35,1.0000,0.756386,0.134053,477.17,334.09,0.9773,0.745576,0.696031
1786702095.940919,18.044095,560,30.01,484.13,64.27,1.0000,0.756448,0.133897,477.09,334.21,0.9775,0.745457,0.696264
1786702095.962971,18.066148,561,30.01,484.14,64.16,1.0000,0.756462,0.133674,477.07,334.53,0.9772,0.745428,0.696947
1786702095.971563,18.074740,562,30.01,484.20,64.06,1.0000,0.756563,0.133468,477.14,334.47,0.9772,0.745533,0.696819
1786702096.026555,18.129731,563,29.93,484.14,64.04,1.0000,0.756472,0.133411,477.09,334.52,0.9769,0.745461,0.696921
1786702096.058762,18.161938,564,29.93,484.58,64.04,1.0000,0.757163,0.133417,477.01,334.58,0.9768,0.745324,0.697048
1786702096.107165,18.210342,565,29.93,484.90,63.93,1.0000,0.757662,0.133181,477.14,334.48,0.9763,0.745525,0.696843
1786702096.123667,18.226844,566,29.93,484.91,63.91,1.0000,0.757674,0.133139,477.01,334.53,0.9761,0.745321,0.696939
1786702096.140416,18.243593,567,29.93,484.91,64.06,1.0000,0.757675,0.133449,477.00,334.84,0.9758,0.745308,0.697574
1786702096.187383,18.290560,568,29.93,485.10,64.05,1.0000,0.757963,0.133446,476.85,334.96,0.9754,0.745072,0.697833
1786702096.211743,18.314919,569,29.93,485.10,64.10,1.0000,0.757964,0.133541,476.93,334.78,0.9750,0.745211,0.697468
1786702096.250891,18.354068,570,29.93,485.12,63.70,1.0000,0.757993,0.132714,476.97,334.63,0.9754,0.745260,0.697136
1786702096.283189,18.386365,571,29.93,485.14,63.60,1.0000,0.758039,0.132506,476.93,334.93,0.9748,0.745207,0.697761
1786702096.314221,18.417397,572,29.93,484.54,63.66,1.0000,0.757101,0.132620,476.96,335.06,0.9748,0.745256,0.698041
1786702096.345595,18.448771,573,29.93,484.60,63.65,1.0000,0.757181,0.132614,477.06,334.78,0.9753,0.745408,0.697465
1786702096.385261,18.488437,574,29.93,484.29,63.61,1.0000,0.756704,0.132516,477.09,334.55,0.9755,0.745451,0.696982
1786702096.428345,18.531521,575,29.93,484.31,63.55,1.0000,0.756734,0.132403,477.14,334.05,0.9758,0.745533,0.695942
1786702096.442116,18.545293,576,29.93,484.28,63.69,1.0000,0.756685,0.132684,477.16,334.31,0.9753,0.745556,0.696469
1786702096.488436,18.591613,577,29.93,484.22,63.74,1.0000,0.756600,0.132799,477.44,334.31,0.9752,0.746007,0.696478
1786702096.536116,18.639293,578,29.83,483.90,63.78,1.0000,0.756088,0.132877,477.45,334.26,0.9745,0.746023,0.696384
1786702096.568137,18.671314,579,29.83,483.93,63.87,1.0000,0.756146,0.133058,477.20,334.37,0.9744,0.745632,0.696596
1786702096.583322,18.686498,580,29.83,484.00,63.80,1.0000,0.756244,0.132926,477.28,334.02,0.9739,0.745744,0.695880
1786702096.631566,18.734742,581,29.83,484.40,63.77,1.0000,0.756877,0.132860,477.32,333.99,0.9740,0.745808,0.695810
1786702096.647678,18.750854,582,29.83,484.76,63.70,1.0000,0.757433,0.132711,477.42,333.95,0.9739,0.745972,0.695738
1786702096.695856,18.799032,583,29.83,485.37,63.71,1.0000,0.758390,0.132726,477.42,333.98,0.9742,0.745961,0.695788
1786702096.728096,18.831272,584,29.83,485.57,63.72,1.0000,0.758709,0.132752,477.40,333.76,0.9746,0.745941,0.695341
1786702096.760109,18.863285,585,29.83,485.73,63.73,1.0000,0.758959,0.132766,477.59,333.64,0.9750,0.746233,0.695081
1786702096.781054,18.884231,586,29.83,485.73,63.74,1.0000,0.758960,0.132791,477.89,333.62,0.9757,0.746696,0.695043
1786702096.818918,18.922095,587,29.83,486.07,63.79,1.0000,0.759483,0.132890,477.82,333.68,0.9757,0.746601,0.695164
1786702096.850110,18.953286,588,29.83,486.38,63.79,1.0000,0.759964,0.132899,477.65,334.13,0.9758,0.746332,0.696094
1786702096.886879,18.990056,589,29.83,486.44,63.78,1.0000,0.760057,0.132881,477.73,333.98,0.9759,0.746459,0.695791
1786702096.918514,19.021691,590,29.83,486.45,63.83,1.0000,0.760081,0.132979,477.79,333.94,0.9761,0.746547,0.695709
1786702096.950541,19.053718,591,29.83,486.45,63.93,1.0000,0.760077,0.133186,477.52,334.16,0.9758,0.746118,0.696172
1786702096.998263,19.101439,592,29.83,486.79,64.12,1.0000,0.760611,0.133591,477.42,334.50,0.9757,0.745969,0.696883
1786702097.014435,19.117611,593,29.83,487.28,64.10,1.0000,0.761374,0.133534,477.41,334.70,0.9755,0.745947,0.697298
1786702097.061051,19.164227,594,29.98,487.32,63.89,1.0000,0.761430,0.133111,477.43,334.52,0.9754,0.745988,0.696911
1786702097.076961,19.180137,595,29.98,487.39,64.25,1.0000,0.761547,0.133853,477.43,334.48,0.9753,0.745989,0.696824
1786702097.124184,19.227360,596,29.98,487.50,64.19,1.0000,0.761718,0.133726,477.25,334.62,0.9749,0.745706,0.697119
1786702097.155957,19.259134,597,29.98,487.59,64.21,1.0000,0.761864,0.133778,477.28,334.39,0.9751,0.745750,0.696645
1786702097.190722,19.293898,598,29.98,487.42,64.27,1.0000,0.761600,0.133903,477.33,334.18,0.9750,0.745834,0.696212
1786702097.213289,19.316465,599,29.98,487.59,64.27,1.0000,0.761852,0.133905,477.34,334.23,0.9750,0.745838,0.696307
1786702097.268906,19.372082,600,29.98,487.81,64.25,1.0000,0.762199,0.133849,477.31,334.54,0.9750,0.745792,0.696967
1786702097.300096,19.403272,601,29.98,487.79,64.26,1.0000,0.762169,0.133880,477.36,334.31,0.9750,0.745877,0.696469
1786702097.315868,19.419044,602,29.98,487.95,64.30,1.0000,0.762416,0.133950,477.39,334.25,0.9749,0.745915,0.696347
1786702097.363927,19.467103,603,29.98,487.91,64.58,1.0000,0.762356,0.134536,477.42,334.01,0.9748,0.745975,0.695854
1786702097.401158,19.504334,604,29.98,488.02,64.60,1.0000,0.762533,0.134590,477.39,334.27,0.9745,0.745920,0.696395
1786702097.413134,19.516310,605,29.98,487.71,64.68,1.0000,0.762048,0.134756,477.46,334.19,0.9747,0.746031,0.696237
1786702097.475695,19.578872,606,29.98,487.71,65.01,1.0000,0.762048,0.135441,477.50,334.15,0.9747,0.746088,0.696144
1786702097.491434,19.594611,607,29.98,487.70,65.04,1.0000,0.762033,0.135499,477.77,334.16,0.9751,0.746521,0.696158
1786702097.523942,19.627119,608,29.98,487.71,65.04,1.0000,0.762051,0.135498,477.79,334.13,0.9754,0.746553,0.696103
1786702097.548360,19.651537,609,29.98,487.81,64.91,1.0000,0.762202,0.135229,477.78,334.01,0.9756,0.746526,0.695861
1786702097.587710,19.690886,610,30.06,487.79,64.92,1.0000,0.762178,0.135259,477.72,334.06,0.9755,0.746439,0.695963
1786702097.613568,19.716744,611,30.06,487.85,64.93,1.0000,0.762270,0.135269,477.81,334.10,0.9760,0.746571,0.696041
1786702097.664990,19.768167,612,30.06,487.86,64.99,1.0000,0.762286,0.135397,477.71,334.07,0.9763,0.746422,0.695985
1786702097.682802,19.785979,613,30.06,487.57,65.05,1.0000,0.761835,0.135512,477.71,333.86,0.9766,0.746424,0.695541
1786702097.713679,19.816856,614,30.06,487.59,65.05,1.0000,0.761855,0.135513,477.63,333.89,0.9767,0.746293,0.695611
1786702097.761818,19.864995,615,30.06,487.59,65.16,1.0000,0.761863,0.135748,477.61,334.19,0.9771,0.746265,0.696226
1786702097.792633,19.895810,616,30.06,487.37,65.44,1.0000,0.761516,0.136338,477.58,334.26,0.9768,0.746220,0.696374
1786702097.824436,19.927613,617,30.06,487.37,65.44,1.0000,0.761514,0.136340,477.64,334.12,0.9767,0.746308,0.696092
1786702097.855997,19.959174,618,30.06,487.63,65.41,1.0000,0.761917,0.136267,477.74,333.71,0.9771,0.746464,0.695233
1786702097.887873,19.991050,619,30.06,487.62,65.49,1.0000,0.761913,0.136438,477.81,333.65,0.9775,0.746571,0.695098
1786702097.919077,20.022254,620,30.06,487.62,65.47,1.0000,0.761907,0.136395,477.98,333.48,0.9774,0.746851,0.694754
1786702097.949768,20.052945,621,30.06,487.44,65.43,1.0000,0.761618,0.136313,477.88,333.57,0.9772,0.746687,0.694944
1786702097.995522,20.098698,622,30.06,487.47,65.20,1.0000,0.761667,0.135831,477.77,333.63,0.9774,0.746512,0.695061
1786702098.011285,20.114461,623,30.06,487.69,65.18,1.0000,0.762023,0.135796,477.56,333.95,0.9769,0.746185,0.695729
1786702098.059694,20.162871,624,30.06,487.51,65.19,1.0000,0.761738,0.135805,477.54,333.95,0.9769,0.746158,0.695734
1786702098.075453,20.178630,625,30.06,487.46,65.05,1.0000,0.761662,0.135531,477.50,334.04,0.9769,0.746098,0.695918
1786702098.131860,20.235036,626,29.98,487.62,64.98,1.0000,0.761906,0.135375,477.45,334.05,0.9771,0.746023,0.695944
1786702098.155959,20.259136,627,29.98,487.66,64.99,1.0000,0.761968,0.135387,477.43,334.07,0.9772,0.745988,0.695978
1786702098.187469,20.290645,628,29.98,487.60,64.91,1.0000,0.761867,0.135239,477.42,334.10,0.9772,0.745965,0.696033
1786702098.203068,20.306245,629,29.98,487.46,64.96,1.0000,0.761653,0.135336,478.05,334.06,0.9773,0.746960,0.695955
1786702098.268265,20.371441,630,29.98,487.52,64.79,1.0000,0.761753,0.134971,477.97,334.08,0.9773,0.746834,0.696000
1786702098.300360,20.403536,631,29.98,487.61,64.73,1.0000,0.761889,0.134851,477.66,334.18,0.9768,0.746347,0.696215
1786702098.332115,20.435292,632,29.98,487.60,64.73,1.0000,0.761876,0.134851,477.60,334.00,0.9771,0.746253,0.695843
1786702098.347313,20.450490,633,29.98,487.69,64.73,1.0000,0.762011,0.134850,477.60,334.02,0.9765,0.746250,0.695869
1786702098.363333,20.466509,634,29.98,487.70,64.69,1.0000,0.762027,0.134780,477.63,333.98,0.9769,0.746300,0.695795
1786702098.427909,20.531086,635,29.98,487.65,64.68,1.0000,0.761946,0.134752,477.47,334.21,0.9767,0.746041,0.696280
1786702098.443394,20.546571,636,29.98,487.61,64.55,1.0000,0.761883,0.134484,477.58,334.15,0.9764,0.746215,0.696150
1786702098.491890,20.595067,637,29.98,487.69,64.54,1.0000,0.762016,0.134454,477.51,334.27,0.9763,0.746113,0.696389
1786702098.523045,20.626221,638,29.98,487.70,64.47,1.0000,0.762035,0.134313,477.51,334.12,0.9768,0.746113,0.696081
1786702098.555121,20.658298,639,29.98,487.79,64.44,1.0000,0.762176,0.134254,477.40,334.23,0.9769,0.745943,0.696309
1786702098.587871,20.691047,640,29.98,487.77,64.44,1.0000,0.762139,0.134247,477.33,334.20,0.9769,0.745832,0.696256
1786702098.634518,20.737694,641,29.86,487.71,64.42,1.0000,0.762048,0.134212,477.39,334.23,0.9766,0.745920,0.696321
1786702098.682218,20.785395,642,29.86,487.71,64.44,1.0000,0.762053,0.134253,477.27,334.30,0.9766,0.745732,0.696468
1786702098.684297,20.787474,643,29.86,487.63,64.44,1.0000,0.761920,0.134253,477.27,334.20,0.9769,0.745734,0.696249
1786702098.761252,20.864429,644,29.86,487.38,64.45,1.0000,0.761535,0.134264,477.18,334.35,0.9761,0.745588,0.696560
1786702098.777002,20.880179,645,29.86,487.39,64.22,1.0000,0.761544,0.133791,477.34,334.25,0.9766,0.745837,0.696352
1786702098.796922,20.900099,646,29.86,487.39,64.19,1.0000,0.761540,0.133739,477.35,334.27,0.9771,0.745860,0.696389
1786702098.825124,20.928300,647,29.86,487.38,64.15,1.0000,0.761524,0.133644,477.33,334.16,0.9772,0.745834,0.696162
1786702098.857082,20.960258,648,29.86,487.26,64.23,1.0000,0.761340,0.133821,477.39,334.13,0.9774,0.745930,0.696100
1786702098.889271,20.992448,649,29.86,487.26,64.25,1.0000,0.761337,0.133854,477.46,333.85,0.9777,0.746034,0.695517
1786702098.920571,21.023747,650,29.86,487.21,64.25,1.0000,0.761273,0.133848,477.41,333.90,0.9773,0.745959,0.695621
1786702098.967986,21.071163,651,29.86,486.88,64.27,1.0000,0.760742,0.133887,477.37,333.95,0.9773,0.745885,0.695729
1786702099.033041,21.136218,652,29.86,486.72,64.32,1.0000,0.760506,0.134004,477.50,333.71,0.9776,0.746101,0.695220
1786702099.047748,21.150924,653,29.86,486.47,64.31,1.0000,0.760113,0.133988,477.36,333.93,0.9774,0.745877,0.695684
1786702099.063564,21.166741,654,29.86,486.49,64.31,1.0000,0.760134,0.133987,477.32,334.05,0.9776,0.745817,0.695942
1786702099.094969,21.198145,655,29.86,486.19,64.31,1.0000,0.759675,0.133988,477.34,334.01,0.9774,0.745836,0.695855
1786702099.126904,21.230081,656,29.86,486.06,64.28,1.0000,0.759472,0.133908,477.30,334.06,0.9769,0.745784,0.695948
1786702099.174179,21.277355,657,29.82,485.89,64.20,1.0000,0.759202,0.133753,477.19,334.15,0.9768,0.745612,0.696147
1786702099.198672,21.301848,658,29.82,485.90,64.18,1.0000,0.759211,0.133707,477.33,333.87,0.9769,0.745826,0.695569
1786702099.211783,21.314959,659,29.82,485.86,64.08,1.0000,0.759150,0.133495,477.37,333.88,0.9768,0.745885,0.695581
1786702099.253782,21.356958,660,29.82,485.82,64.02,1.0000,0.759092,0.133375,477.44,333.87,0.9765,0.745993,0.695572
1786702099.288034,21.391211,661,29.82,485.82,63.95,1.0000,0.759094,0.133223,477.40,334.23,0.9761,0.745940,0.696314
1786702099.313229,21.416405,662,29.82,485.74,63.95,1.0000,0.758968,0.133236,477.41,334.27,0.9762,0.745949,0.696406
1786702099.350961,21.454138,663,29.82,485.40,63.96,1.0000,0.758435,0.133254,477.35,334.38,0.9763,0.745867,0.696634
1786702099.364262,21.467438,664,29.82,485.38,63.96,1.0000,0.758407,0.133253,477.25,334.49,0.9766,0.745696,0.696858
1786702099.427901,21.531078,665,29.82,484.59,63.98,1.0000,0.757176,0.133300,477.30,334.78,0.9766,0.745784,0.697469
1786702099.460098,21.563275,666,29.82,484.60,63.94,1.0000,0.757189,0.133215,477.33,334.59,0.9764,0.745831,0.697068
1786702099.492029,21.595206,667,29.82,484.87,63.94,1.0000,0.757606,0.133216,477.47,334.58,0.9767,0.746046,0.697047
1786702099.517892,21.621069,668,29.82,484.96,63.85,1.0000,0.757758,0.133028,477.54,334.58,0.9771,0.746161,0.697042
1786702099.553137,21.656313,669,29.82,484.89,63.94,1.0000,0.757648,0.133209,477.51,334.57,0.9768,0.746102,0.697013
1786702099.589446,21.692622,670,29.82,484.90,63.95,1.0000,0.757651,0.133222,477.49,334.73,0.9767,0.746082,0.697350
1786702099.634001,21.737177,671,29.82,484.94,63.81,1.0000,0.757717,0.132929,477.41,334.63,0.9762,0.745960,0.697146
1786702099.656287,21.759463,672,29.82,484.95,63.82,1.0000,0.757730,0.132963,477.31,334.73,0.9764,0.745792,0.697350
1786702099.686878,21.790055,673,30.14,484.96,63.82,1.0000,0.757747,0.132960,477.19,334.83,0.9767,0.745614,0.697571
1786702099.712936,21.816112,674,30.14,484.84,63.83,1.0000,0.757568,0.132985,477.31,334.77,0.9769,0.745792,0.697431
1786702099.752231,21.855407,675,30.14,484.82,63.83,1.0000,0.757539,0.132980,477.32,334.67,0.9769,0.745820,0.697223
1786702099.792934,21.896111,676,30.14,484.78,63.79,1.0000,0.757466,0.132900,477.33,334.70,0.9770,0.745824,0.697299
1786702099.841373,21.944550,677,30.14,484.55,63.79,1.0000,0.757116,0.132891,476.98,334.86,0.9768,0.745279,0.697615
1786702099.856203,21.959380,678,30.14,484.60,63.80,1.0000,0.757186,0.132908,477.35,334.78,0.9765,0.745852,0.697450
1786702099.882150,21.985327,679,30.14,484.92,63.80,1.0000,0.757694,0.132907,477.33,334.83,0.9766,0.745833,0.697563
1786702099.920171,22.023348,680,30.14,485.09,63.76,1.0000,0.757946,0.132836,477.33,334.78,0.9765,0.745829,0.697451
1786702099.959632,22.062809,681,30.14,485.08,63.68,1.0000,0.757944,0.132659,477.28,334.87,0.9762,0.745744,0.697636
1786702099.996219,22.099396,682,30.14,485.09,63.68,1.0000,0.757958,0.132658,477.25,334.63,0.9760,0.745707,0.697145
1786702100.057539,22.160715,683,30.14,485.52,63.67,1.0000,0.758628,0.132649,477.06,334.64,0.9761,0.745414,0.697165
1786702100.060124,22.163301,684,30.14,485.63,63.69,1.0000,0.758793,0.132694,476.99,334.47,0.9758,0.745299,0.696810
1786702100.086886,22.190063,685,30.14,485.67,63.61,1.0000,0.758865,0.132512,476.87,334.37,0.9756,0.745116,0.696597
1786702100.113636,22.216812,686,30.14,485.77,63.56,1.0000,0.759015,0.132420,476.73,334.55,0.9756,0.744895,0.696975
1786702100.150820,22.253997,687,30.14,485.91,63.72,1.0000,0.759241,0.132751,476.76,334.46,0.9756,0.744937,0.696793
1786702100.187793,22.290969,688,30.14,485.95,63.75,1.0000,0.759298,0.132815,476.78,334.50,0.9754,0.744968,0.696881
1786702100.219711,22.322888,689,30.21,486.02,63.71,1.0000,0.759402,0.132719,476.82,334.53,0.9756,0.745029,0.696932
1786702100.251463,22.354640,690,30.21,486.41,63.74,1.0000,0.760016,0.132785,476.86,334.44,0.9757,0.745090,0.696753
1786702100.283801,22.386978,691,30.21,487.08,63.74,1.0000,0.761058,0.132802,477.04,334.34,0.9759,0.745382,0.696546
1786702100.314972,22.418149,692,30.21,487.07,63.78,1.0000,0.761048,0.132878,476.98,334.34,0.9758,0.745285,0.696549
1786702100.347112,22.450289,693,30.21,487.13,63.79,1.0000,0.761145,0.132901,477.01,334.34,0.9758,0.745329,0.696548
1786702100.393631,22.496807,694,30.21,487.31,64.22,1.0000,0.761419,0.133791,476.75,333.99,0.9752,0.744926,0.695814
1786702100.419768,22.522944,695,30.21,487.31,64.26,1.0000,0.761415,0.133869,476.78,334.00,0.9752,0.744967,0.695843
1786702100.446554,22.549731,696,30.21,487.34,64.26,1.0000,0.761474,0.133872,476.79,333.99,0.9753,0.744989,0.695808
1786702100.489676,22.592853,697,30.21,487.45,64.32,1.0000,0.761644,0.133995,476.85,334.04,0.9750,0.745070,0.695909
1786702100.505357,22.608533,698,30.21,487.80,64.59,1.0000,0.762180,0.134563,477.08,334.03,0.9751,0.745439,0.695889
1786702100.547531,22.650707,699,30.21,487.79,64.60,1.0000,0.762179,0.134575,476.98,334.45,0.9749,0.745282,0.696779
1786702100.586147,22.689323,700,30.21,487.79,64.71,1.0000,0.762176,0.134812,477.25,334.14,0.9750,0.745707,0.696130
1786702100.601525,22.704701,701,30.21,487.79,64.71,1.0000,0.762175,0.134815,477.24,334.16,0.9748,0.745689,0.696157
1786702100.666795,22.769971,702,30.21,487.90,64.76,1.0000,0.762346,0.134916,477.58,334.00,0.9752,0.746213,0.695835
1786702100.682478,22.785654,703,30.21,488.00,64.87,1.0000,0.762500,0.135136,477.56,334.05,0.9752,0.746191,0.695941
1786702100.714451,22.817627,704,30.21,488.00,64.79,1.0000,0.762499,0.134989,477.56,334.00,0.9754,0.746190,0.695837
1786702100.751207,22.854384,705,30.12,488.24,64.80,1.0000,0.762874,0.134990,477.74,333.99,0.9758,0.746474,0.695822
1786702100.793503,22.896680,706,30.12,488.79,65.09,1.0000,0.763742,0.135608,477.68,334.09,0.9761,0.746377,0.696022
1786702100.825636,22.928812,707,30.12,489.00,65.09,1.0000,0.764066,0.135608,477.67,334.03,0.9758,0.746356,0.695899
1786702100.841251,22.944427,708,30.12,488.73,65.03,1.0000,0.763646,0.135486,477.61,334.16,0.9761,0.746267,0.696164
1786702100.889171,22.992348,709,30.12,488.73,65.39,1.0000,0.763638,0.136237,478.03,334.00,0.9762,0.746919,0.695823
1786702100.926180,23.029357,710,30.12,488.85,65.48,1.0000,0.763828,0.136426,477.99,334.08,0.9756,0.746852,0.695996
1786702100.957632,23.060809,711,30.12,488.92,65.43,1.0000,0.763931,0.136305,477.12,334.63,0.9747,0.745507,0.697147
1786702100.984532,23.087709,712,30.12,489.06,65.19,1.0000,0.764153,0.135820,477.20,334.55,0.9748,0.745631,0.696988
1786702101.016906,23.120083,713,30.12,489.06,65.18,1.0000,0.764158,0.135793,477.36,334.42,0.9742,0.745877,0.696701
1786702101.047992,23.151168,714,30.12,489.08,65.30,1.0000,0.764184,0.136038,477.32,334.40,0.9743,0.745813,0.696669
1786702101.096776,23.199953,715,30.12,489.23,65.30,1.0000,0.764428,0.136033,476.66,334.85,0.9740,0.744776,0.697603
1786702101.128918,23.232095,716,30.12,489.30,65.14,1.0000,0.764525,0.135701,476.87,334.75,0.9744,0.745110,0.697393
1786702101.162533,23.265710,717,30.12,489.50,65.13,1.0000,0.764845,0.135685,477.24,334.75,0.9748,0.745691,0.697390
1786702101.177825,23.281002,718,30.12,489.56,65.15,1.0000,0.764930,0.135729,477.23,334.66,0.9752,0.745678,0.697206
1786702101.223541,23.326718,719,30.12,489.15,65.16,1.0000,0.764296,0.135757,477.25,334.64,0.9753,0.745701,0.697158
1786702101.256167,23.359344,720,30.05,489.07,65.01,1.0000,0.764177,0.135428,477.47,334.58,0.9758,0.746040,0.697051
1786702101.319430,23.422607,721,30.05,489.07,64.99,1.0000,0.764167,0.135399,477.51,334.74,0.9758,0.746114,0.697375
1786702101.336088,23.439265,722,30.05,489.15,65.03,1.0000,0.764297,0.135482,477.52,334.77,0.9756,0.746121,0.697431
1786702101.367083,23.470259,723,30.05,489.15,65.03,1.0000,0.764290,0.135469,477.74,334.53,0.9757,0.746471,0.696942
1786702101.376819,23.479996,724,30.05,489.15,65.02,1.0000,0.764291,0.135467,477.74,334.53,0.9760,0.746463,0.696946
1786702101.429855,23.533031,725,30.05,489.27,64.96,1.0000,0.764483,0.135341,477.79,334.47,0.9762,0.746541,0.696813
1786702101.461285,23.564462,726,30.05,489.31,64.96,1.0000,0.764554,0.135343,477.77,334.47,0.9761,0.746518,0.696819
1786702101.477210,23.580387,727,30.05,489.42,64.73,1.0000,0.764723,0.134858,477.85,334.26,0.9762,0.746641,0.696377
1786702101.525871,23.629047,728,30.05,489.43,64.69,1.0000,0.764734,0.134768,477.64,334.27,0.9762,0.746312,0.696396
1786702101.570216,23.673392,729,30.05,489.30,64.74,1.0000,0.764533,0.134873,477.39,334.78,0.9761,0.745919,0.697454
1786702101.588368,23.691545,730,30.05,489.31,64.74,1.0000,0.764554,0.134875,477.38,334.68,0.9757,0.745899,0.697257
1786702101.636981,23.740158,731,30.05,489.36,64.58,1.0000,0.764623,0.134549,477.30,334.73,0.9753,0.745781,0.697356
1786702101.662953,23.766130,732,30.05,489.43,64.54,1.0000,0.764727,0.134460,477.35,334.40,0.9758,0.745864,0.696672
1786702101.731725,23.834901,733,30.05,489.46,64.54,1.0000,0.764775,0.134467,477.50,334.14,0.9761,0.746090,0.696115
1786702101.763934,23.867111,734,29.50,489.45,64.42,1.0000,0.764766,0.134204,477.54,334.18,0.9763,0.746163,0.696204
1786702101.779604,23.882780,735,29.50,489.48,64.32,1.0000,0.764817,0.133999,477.61,334.19,0.9770,0.746269,0.696239
1786702101.806921,23.910097,736,29.50,489.49,64.32,1.0000,0.764821,0.134007,477.51,334.19,0.9767,0.746108,0.696238
1786702101.846786,23.949963,737,29.50,489.53,64.36,1.0000,0.764889,0.134074,477.46,334.24,0.9759,0.746032,0.696339
1786702101.874900,23.978076,738,29.50,489.45,64.49,1.0000,0.764762,0.134362,477.32,334.35,0.9759,0.745808,0.696565
1786702101.877700,23.980876,739,29.50,489.45,64.34,1.0000,0.764763,0.134048,477.27,334.39,0.9759,0.745732,0.696644
1786702101.923727,24.026903,740,29.50,489.45,64.26,1.0000,0.764768,0.133880,477.13,334.65,0.9754,0.745519,0.697191
1786702101.947157,24.050333,741,29.50,489.49,64.23,1.0000,0.764833,0.133816,477.13,334.56,0.9756,0.745515,0.696999
1786702101.987009,24.090185,742,29.50,489.23,64.48,1.0000,0.764414,0.134332,477.08,334.51,0.9759,0.745445,0.696892
1786702102.033102,24.136278,743,29.50,489.24,64.34,1.0000,0.764445,0.134034,477.26,334.51,0.9764,0.745721,0.696900
1786702102.065290,24.168466,744,29.50,489.01,65.00,1.0000,0.764077,0.135407,477.52,334.49,0.9764,0.746120,0.696857
1786702102.096649,24.199826,745,29.50,489.00,64.99,1.0000,0.764064,0.135392,477.25,334.49,0.9760,0.745698,0.696856
1786702102.114096,24.217272,746,29.50,489.23,64.98,1.0000,0.764418,0.135376,477.34,334.30,0.9767,0.745838,0.696462
1786702102.160202,24.263378,747,29.50,489.23,64.97,1.0000,0.764425,0.135363,477.57,334.34,0.9766,0.746203,0.696551
1786702102.192437,24.295614,748,29.50,489.26,64.97,1.0000,0.764469,0.135348,477.66,334.35,0.9767,0.746339,0.696571
1786702102.207653,24.310829,749,29.50,489.25,64.96,1.0000,0.764453,0.135337,477.31,334.47,0.9765,0.745804,0.696817
1786702102.247313,24.350489,750,29.50,489.34,64.90,1.0000,0.764598,0.135202,477.35,334.18,0.9766,0.745860,0.696198
1786702102.281602,24.384779,751,30.16,489.44,64.68,1.0000,0.764747,0.134756,477.20,334.17,0.9761,0.745632,0.696196
1786702102.319358,24.422534,752,30.16,489.58,64.94,1.0000,0.764964,0.135298,477.18,334.18,0.9761,0.745601,0.696201
1786702102.366126,24.469303,753,30.16,489.71,64.66,1.0000,0.765168,0.134700,476.94,334.22,0.9760,0.745224,0.696297
1786702102.398326,24.501502,754,30.16,489.88,64.53,1.0000,0.765436,0.134442,477.13,334.14,0.9762,0.745509,0.696132
1786702102.414017,24.517194,755,30.16,490.03,64.45,1.0000,0.765679,0.134276,477.15,333.80,0.9765,0.745540,0.695420
1786702102.451401,24.554578,756,30.16,490.23,64.53,1.0000,0.765978,0.134446,477.10,333.97,0.9767,0.745472,0.695767
1786702102.497838,24.601015,757,30.16,490.62,64.48,1.0000,0.766590,0.134326,477.22,334.27,0.9766,0.745663,0.696386
1786702102.541763,24.644939,758,30.16,490.71,64.34,1.0000,0.766731,0.134050,477.32,334.11,0.9770,0.745818,0.696068
1786702102.557835,24.661012,759,30.16,490.79,64.32,1.0000,0.766862,0.134005,477.34,334.16,0.9770,0.745845,0.696159
1786702102.589817,24.692993,760,30.16,490.79,64.28,1.0000,0.766862,0.133923,477.02,334.41,0.9765,0.745349,0.696697
1786702102.621965,24.725142,761,30.16,490.81,64.18,1.0000,0.766887,0.133699,477.63,334.45,0.9766,0.746293,0.696762
1786702102.669781,24.772958,762,30.16,491.02,64.22,1.0000,0.767221,0.133783,477.70,334.41,0.9769,0.746405,0.696691
1786702102.685746,24.788923,763,30.16,491.30,64.18,1.0000,0.767656,0.133700,477.73,334.14,0.9770,0.746447,0.696119
1786702102.733577,24.836753,764,30.16,491.30,64.36,1.0000,0.767664,0.134093,477.72,334.11,0.9770,0.746433,0.696057
1786702102.749359,24.852535,765,30.16,491.32,64.34,1.0000,0.767688,0.134033,477.56,334.40,0.9764,0.746187,0.696662
1786702102.781799,24.884976,766,30.16,491.34,64.32,1.0000,0.767722,0.134004,477.57,334.27,0.9762,0.746203,0.696403
1786702102.828860,24.932036,767,30.02,491.38,64.36,1.0000,0.767775,0.134093,477.32,334.25,0.9759,0.745810,0.696355
1786702102.860407,24.963583,768,30.02,491.58,64.35,1.0000,0.768099,0.134063,477.28,334.39,0.9762,0.745754,0.696655
1786702102.892462,24.995638,769,30.02,491.54,64.49,1.0000,0.768039,0.134363,477.15,334.39,0.9759,0.745543,0.696652
1786702102.923529,25.026705,770,30.02,491.72,64.50,1.0000,0.768307,0.134374,476.97,334.42,0.9757,0.745260,0.696703
1786702102.955027,25.058204,771,30.02,491.71,64.57,1.0000,0.768301,0.134521,477.04,334.42,0.9759,0.745382,0.696702
1786702102.994508,25.097685,772,30.02,491.72,64.65,1.0000,0.768312,0.134682,477.22,334.19,0.9763,0.745661,0.696237
1786702103.019543,25.122720,773,30.02,491.69,64.54,1.0000,0.768268,0.134456,477.00,334.35,0.9755,0.745318,0.696559
1786702103.067644,25.170820,774,30.02,491.84,64.51,1.0000,0.768506,0.134403,476.99,334.34,0.9747,0.745292,0.696548
1786702103.078867,25.182044,775,30.02,492.01,64.52,1.0000,0.768764,0.134417,476.95,334.41,0.9732,0.745229,0.696697
1786702103.130472,25.233648,776,30.02,492.49,64.52,1.0000,0.769518,0.134417,476.82,334.67,0.9725,0.745038,0.697221
1786702103.162882,25.266058,777,30.02,492.46,64.41,1.0000,0.769468,0.134184,476.77,334.77,0.9718,0.744950,0.697447
1786702103.194511,25.297688,778,30.02,492.43,64.43,1.0000,0.769427,0.134226,476.82,334.71,0.9720,0.745037,0.697314
1786702103.226389,25.329566,779,30.02,492.45,64.39,1.0000,0.769448,0.134136,476.85,334.73,0.9719,0.745074,0.697350
1786702103.257930,25.361107,780,30.02,492.31,64.28,1.0000,0.769237,0.133911,476.94,334.53,0.9720,0.745216,0.696936
1786702103.289618,25.392795,781,30.02,492.35,64.20,1.0000,0.769304,0.133743,476.93,334.55,0.9718,0.745204,0.696978
1786702103.305063,25.408240,782,30.02,492.35,64.21,1.0000,0.769290,0.133768,477.28,334.51,0.9720,0.745751,0.696897
1786702103.350366,25.453542,783,30.25,492.35,64.37,1.0000,0.769291,0.134114,477.66,334.51,0.9721,0.746345,0.696906
1786702103.382768,25.485945,784,30.25,492.34,64.39,1.0000,0.769278,0.134145,477.66,334.71,0.9727,0.746350,0.697319
1786702103.417253,25.520429,785,30.25,492.34,64.36,1.0000,0.769282,0.134088,477.70,334.46,0.9732,0.746412,0.696792
1786702103.454125,25.557302,786,30.25,492.50,64.32,1.0000,0.769527,0.134007,477.78,334.37,0.9732,0.746537,0.696594
1786702103.498348,25.601525,787,30.25,492.63,64.30,1.0000,0.769741,0.133967,477.95,334.05,0.9735,0.746790,0.695945
1786702103.517182,25.620358,788,30.25,492.66,64.30,1.0000,0.769780,0.133966,477.94,333.91,0.9738,0.746779,0.695652
1786702103.560317,25.663494,789,30.25,492.66,64.30,1.0000,0.769781,0.133961,478.09,333.90,0.9741,0.747020,0.695627
1786702103.593112,25.696288,790,30.25,492.77,64.30,1.0000,0.769957,0.133959,478.38,333.97,0.9741,0.747474,0.695776
1786702103.624289,25.727466,791,30.25,492.77,64.31,1.0000,0.769957,0.133979,478.38,333.96,0.9745,0.747473,0.695751
1786702103.656352,25.759528,792,30.25,492.86,64.31,1.0000,0.770093,0.133985,478.48,333.70,0.9747,0.747618,0.695206
1786702103.688196,25.791373,793,30.25,492.91,64.33,1.0000,0.770176,0.134025,478.38,333.62,0.9748,0.747476,0.695050
1786702103.735178,25.838354,794,30.25,493.31,64.54,1.0000,0.770791,0.134452,478.36,333.82,0.9751,0.747441,0.695453
1786702103.751156,25.854333,795,30.25,493.31,64.59,1.0000,0.770791,0.134572,478.34,333.91,0.9753,0.747413,0.695643
1786702103.804077,25.907254,796,30.25,493.41,64.60,1.0000,0.770950,0.134580,478.05,333.85,0.9757,0.746952,0.695529
1786702103.820745,25.923922,797,30.25,493.67,64.56,1.0000,0.771354,0.134508,478.06,333.78,0.9760,0.746974,0.695385
1786702103.875638,25.978815,798,29.80,493.85,64.61,1.0000,0.771634,0.134597,477.35,334.11,0.9755,0.745857,0.696071
1786702103.885264,25.988441,799,29.80,493.82,64.61,1.0000,0.771589,0.134601,477.46,334.08,0.9759,0.746026,0.696004
1786702103.921311,26.024488,800,29.80,493.92,64.58,1.0000,0.771751,0.134551,477.69,334.02,0.9761,0.746386,0.695866
1786702103.969928,26.073105,801,29.80,494.26,64.33,1.0000,0.772288,0.134015,477.59,334.09,0.9759,0.746229,0.696014
1786702103.977911,26.081088,802,29.80,494.26,64.43,1.0000,0.772286,0.134230,477.54,334.13,0.9756,0.746154,0.696098
1786702104.010108,26.113285,803,29.80,494.25,64.49,1.0000,0.772264,0.134348,477.67,334.13,0.9757,0.746361,0.696100
1786702104.058053,26.161229,804,29.80,494.25,64.17,1.0000,0.772270,0.133691,477.71,334.11,0.9757,0.746417,0.696063
1786702104.084215,26.187392,805,29.80,493.99,64.19,1.0000,0.771857,0.133738,477.68,334.29,0.9754,0.746380,0.696428
1786702104.116407,26.219583,806,29.80,493.82,64.25,1.0000,0.771597,0.133864,477.46,334.26,0.9756,0.746034,0.696369
1786702104.153863,26.257040,807,29.80,493.83,64.30,1.0000,0.771603,0.133962,477.50,334.24,0.9757,0.746088,0.696343
1786702104.210679,26.313855,808,29.80,493.79,64.29,1.0000,0.771545,0.133934,477.27,334.13,0.9752,0.745732,0.696107
1786702104.225718,26.328895,809,29.80,493.76,64.33,1.0000,0.771497,0.134014,477.26,334.11,0.9750,0.745718,0.696067
1786702104.248253,26.351429,810,29.80,493.77,64.33,1.0000,0.771518,0.134011,477.21,334.25,0.9749,0.745641,0.696354
1786702104.280268,26.383445,811,29.80,493.52,64.36,1.0000,0.771126,0.134075,477.22,334.29,0.9745,0.745655,0.696447
1786702104.315223,26.418399,812,29.80,493.57,64.24,1.0000,0.771206,0.133843,477.20,334.28,0.9743,0.745625,0.696426
1786702104.359945,26.463121,813,29.80,493.63,64.25,1.0000,0.771299,0.133859,477.07,334.55,0.9745,0.745427,0.696985
1786702104.391761,26.494937,814,30.17,493.65,64.27,1.0000,0.771332,0.133890,477.10,334.55,0.9747,0.745467,0.696985
1786702104.423755,26.526932,815,30.17,493.68,64.28,1.0000,0.771378,0.133914,477.09,334.64,0.9749,0.745449,0.697158
1786702104.456155,26.559331,816,30.17,493.68,64.26,1.0000,0.771379,0.133878,477.05,334.65,0.9750,0.745389,0.697177
1786702104.478616,26.581793,817,30.17,493.75,64.26,1.0000,0.771483,0.133880,477.09,334.65,0.9749,0.745456,0.697183
1786702104.520330,26.623506,818,30.17,493.77,64.44,0.9999,0.771522,0.134252,477.00,334.64,0.9742,0.745319,0.697167
1786702104.539204,26.642380,819,30.17,493.85,64.50,0.9999,0.771644,0.134380,477.01,334.61,0.9738,0.745323,0.697098
1786702104.599408,26.702584,820,30.17,493.90,64.51,0.9999,0.771714,0.134402,477.01,334.49,0.9736,0.745334,0.696850
1786702104.615049,26.718225,821,30.17,494.14,64.53,0.9999,0.772095,0.134429,477.03,334.48,0.9729,0.745352,0.696839
1786702104.652392,26.755569,822,30.17,494.20,64.69,0.9999,0.772195,0.134772,477.00,334.53,0.9728,0.745305,0.696946
1786702104.689815,26.792992,823,30.17,494.53,64.73,0.9999,0.772703,0.134860,476.98,334.53,0.9730,0.745274,0.696935
1786702104.720842,26.824019,824,30.17,494.61,64.83,0.9999,0.772824,0.135061,477.17,334.60,0.9737,0.745584,0.697076
1786702104.757495,26.860671,825,30.17,494.81,64.92,0.9999,0.773133,0.135241,477.12,334.69,0.9739,0.745502,0.697279
1786702104.789265,26.892442,826,30.17,494.85,65.08,0.9999,0.773199,0.135587,477.13,334.80,0.9741,0.745508,0.697494
1786702104.805284,26.908461,827,30.17,494.75,65.44,0.9999,0.773051,0.136342,476.95,334.96,0.9740,0.745233,0.697830
1786702104.854204,26.957381,828,30.17,494.67,65.45,0.9999,0.772918,0.136349,476.94,335.09,0.9740,0.745214,0.698104
1786702104.869485,26.972661,829,30.17,494.69,65.44,1.0000,0.772951,0.136326,476.94,335.11,0.9733,0.745211,0.698152
1786702104.909174,27.012351,830,30.26,494.71,65.43,1.0000,0.772986,0.136314,476.99,335.07,0.9731,0.745299,0.698068
1786702104.949824,27.053000,831,30.26,494.82,65.32,1.0000,0.773160,0.136091,477.18,334.72,0.9723,0.745592,0.697328
1786702104.989297,27.092473,832,30.26,494.87,65.34,1.0000,0.773233,0.136119,477.05,334.69,0.9721,0.745389,0.697276
1786702105.030399,27.133576,833,30.26,494.90,65.45,1.0000,0.773276,0.136355,477.06,334.69,0.9726,0.745399,0.697263
1786702105.061439,27.164616,834,30.26,494.81,65.31,1.0000,0.773147,0.136071,477.06,334.57,0.9724,0.745410,0.697015
1786702105.077260,27.180437,835,30.26,495.15,65.29,1.0000,0.773669,0.136015,477.16,334.58,0.9724,0.745557,0.697035
1786702105.154286,27.257463,837,30.26,495.67,64.93,1.0000,0.774486,0.135278,477.17,334.51,0.9726,0.745578,0.696902
1786702105.189729,27.292906,838,30.26,495.71,64.87,1.0000,0.774542,0.135154,477.28,334.51,0.9728,0.745756,0.696890
1786702105.237303,27.340479,839,30.26,495.75,64.84,1.0000,0.774604,0.135081,477.29,334.51,0.9729,0.745767,0.696901
1786702105.252936,27.356113,840,30.26,495.75,65.02,1.0000,0.774608,0.135468,477.43,334.37,0.9731,0.745992,0.696612
1786702105.300060,27.403236,841,30.26,495.74,64.85,1.0000,0.774590,0.135095,477.43,334.29,0.9727,0.745987,0.696439
1786702105.316000,27.419177,842,30.26,495.78,64.72,1.0000,0.774652,0.134832,477.49,334.16,0.9726,0.746071,0.696169
1786702105.348595,27.451771,843,30.26,495.84,64.68,1.0000,0.774755,0.134748,477.61,334.10,0.9720,0.746264,0.696038
1786702105.395550,27.498727,844,30.26,495.99,64.83,1.0000,0.774985,0.135059,477.46,334.12,0.9724,0.746025,0.696078
1786702105.427514,27.530691,845,29.53,495.99,64.85,0.9999,0.774989,0.135097,477.41,334.10,0.9720,0.745952,0.696036
1786702105.451433,27.554610,846,29.53,496.07,64.78,0.9999,0.775109,0.134948,477.36,334.08,0.9703,0.745867,0.696006
1786702105.483571,27.586747,847,29.53,496.18,64.76,0.9999,0.775289,0.134926,477.44,334.06,0.9702,0.745998,0.695955
1786702105.538315,27.641491,848,29.53,496.25,64.97,0.9999,0.775385,0.135356,477.63,334.01,0.9704,0.746301,0.695862
1786702105.569967,27.673144,849,29.53,496.48,64.92,0.9999,0.775747,0.135256,477.61,334.01,0.9702,0.746265,0.695851
1786702105.585266,27.688442,850,29.53,496.81,64.85,0.9999,0.776271,0.135107,477.61,333.97,0.9696,0.746264,0.695767
1786702105.617203,27.720380,851,29.53,497.09,64.87,0.9999,0.776705,0.135138,477.61,333.88,0.9689,0.746268,0.695579
1786702105.653047,27.756224,852,29.53,497.29,64.85,0.9999,0.777012,0.135109,477.59,333.89,0.9695,0.746240,0.695610
1786702105.688014,27.791191,853,29.53,497.29,64.49,0.9999,0.777012,0.134345,477.61,333.75,0.9691,0.746263,0.695321
1786702105.719244,27.822420,854,29.53,497.67,64.25,0.9999,0.777609,0.133862,477.58,333.76,0.9695,0.746221,0.695335
1786702105.775293,27.878470,855,29.53,497.67,63.99,0.9999,0.777616,0.133317,477.58,333.61,0.9694,0.746223,0.695016
1786702105.807889,27.911066,856,29.53,497.71,64.03,0.9999,0.777677,0.133403,477.70,333.80,0.9692,0.746402,0.695421
1786702105.823116,27.926293,857,29.53,497.80,63.74,0.9999,0.777810,0.132786,477.74,333.65,0.9695,0.746474,0.695102
1786702105.839156,27.942332,858,29.53,497.85,63.69,0.9999,0.777885,0.132685,477.73,333.74,0.9690,0.746461,0.695298
1786702105.879107,27.982284,859,29.53,497.99,63.69,0.9999,0.778107,0.132696,477.65,333.74,0.9697,0.746326,0.695283
1786702105.916095,28.019272,860,29.53,498.01,63.56,0.9999,0.778148,0.132413,477.70,333.90,0.9698,0.746405,0.695617
1786702105.975019,28.078196,861,29.43,498.73,63.31,0.9999,0.779265,0.131897,477.65,334.09,0.9700,0.746323,0.696028
1786702106.009232,28.112408,862,29.43,498.11,63.48,0.9999,0.778301,0.132242,477.68,333.91,0.9702,0.746382,0.695639
1786702106.024641,28.127818,863,29.43,498.20,63.35,0.9999,0.778439,0.131973,477.57,333.91,0.9702,0.746201,0.695645
1786702106.042645,28.145822,864,29.43,498.20,63.35,0.9999,0.778440,0.131976,477.58,333.90,0.9710,0.746213,0.695620
1786702106.077363,28.180539,865,29.43,498.25,63.35,0.9999,0.778516,0.131972,477.67,334.17,0.9707,0.746366,0.696187
1786702106.119105,28.222282,866,29.43,498.24,63.80,0.9999,0.778507,0.132907,477.73,334.36,0.9691,0.746451,0.696586
1786702106.143481,28.246658,867,29.43,498.24,63.89,0.9999,0.778496,0.133109,477.72,334.19,0.9693,0.746442,0.696235
1786702106.199959,28.303136,868,29.43,497.93,63.87,0.9999,0.778021,0.133068,477.81,334.07,0.9695,0.746577,0.695976
1786702106.217607,28.320783,869,29.43,497.92,64.13,1.0000,0.777996,0.133596,477.99,334.09,0.9696,0.746866,0.696017
1786702106.247107,28.350283,870,29.43,497.83,64.13,0.9999,0.777865,0.133595,478.09,334.14,0.9693,0.747008,0.696123
1786702106.293747,28.396924,871,29.43,497.86,64.17,1.0000,0.777900,0.133689,477.96,334.12,0.9695,0.746814,0.696073
1786702106.325842,28.429019,872,29.43,497.55,64.17,1.0000,0.777425,0.133681,477.92,334.15,0.9695,0.746752,0.696149
1786702106.357360,28.460537,873,29.43,497.57,64.56,1.0000,0.777458,0.134494,477.93,334.16,0.9695,0.746764,0.696163
1786702106.389544,28.492720,874,29.43,497.93,64.62,0.9999,0.778023,0.134619,477.85,334.15,0.9702,0.746633,0.696148
1786702106.448129,28.551306,875,29.43,498.23,64.76,0.9999,0.778481,0.134925,477.78,334.11,0.9703,0.746526,0.696068
1786702106.453555,28.556731,876,29.43,498.09,64.74,0.9999,0.778272,0.134870,477.73,334.11,0.9709,0.746453,0.696064
1786702106.486078,28.589254,877,29.43,497.64,64.77,0.9999,0.777566,0.134929,477.71,334.25,0.9706,0.746420,0.696350
1786702106.533706,28.636882,878,29.69,497.31,64.77,0.9999,0.777047,0.134935,477.67,334.21,0.9707,0.746362,0.696264
1786702106.565264,28.668441,879,29.69,497.09,64.84,0.9999,0.776709,0.135086,477.54,334.03,0.9704,0.746164,0.695889
1786702106.597183,28.700360,880,29.69,496.99,64.83,0.9999,0.776546,0.135068,477.63,333.81,0.9702,0.746291,0.695447
1786702106.612703,28.715880,881,29.69,497.00,64.93,0.9999,0.776563,0.135272,477.94,333.82,0.9711,0.746787,0.695464
1786702106.660426,28.763602,882,29.69,496.85,65.03,0.9999,0.776327,0.135478,478.00,333.86,0.9718,0.746878,0.695549
1786702106.693284,28.796460,883,29.69,497.02,64.86,0.9999,0.776593,0.135126,478.14,333.67,0.9723,0.747100,0.695143
1786702106.724264,28.827441,884,29.69,496.79,64.80,0.9999,0.776227,0.134995,477.90,333.69,0.9721,0.746722,0.695187
1786702106.739324,28.842501,885,29.69,496.67,65.08,0.9999,0.776045,0.135582,478.06,333.44,0.9728,0.746969,0.694665
1786702106.787524,28.890700,886,29.69,496.66,65.26,1.0000,0.776038,0.135969,477.83,333.57,0.9731,0.746614,0.694934
1786702106.818865,28.922042,887,29.69,496.68,65.22,1.0000,0.776056,0.135885,477.82,333.72,0.9731,0.746588,0.695248
1786702106.850941,28.954118,888,29.69,496.48,65.31,1.0000,0.775750,0.136072,477.79,333.62,0.9719,0.746542,0.695034
1786702106.898666,29.001842,889,29.69,496.41,65.41,1.0000,0.775639,0.136279,477.78,333.64,0.9725,0.746526,0.695091
1786702106.930292,29.033469,890,29.69,496.25,65.39,1.0000,0.775388,0.136220,477.78,333.64,0.9727,0.746525,0.695088
1786702106.945421,29.048598,891,29.69,496.16,65.18,1.0000,0.775245,0.135785,477.90,333.56,0.9732,0.746716,0.694926
1786702106.992912,29.096089,892,29.69,496.17,65.18,1.0000,0.775263,0.135789,477.92,333.62,0.9734,0.746743,0.695034
1786702107.014756,29.117933,893,29.69,496.19,65.12,1.0000,0.775299,0.135672,477.93,333.74,0.9738,0.746771,0.695285
1786702107.048491,29.151667,894,29.97,496.33,65.11,1.0000,0.775513,0.135652,477.96,333.72,0.9740,0.746812,0.695257
1786702107.084960,29.188137,895,29.97,496.30,65.09,1.0000,0.775471,0.135614,477.97,333.62,0.9743,0.746832,0.695045
1786702107.116811,29.219987,896,29.97,496.31,65.12,1.0000,0.775483,0.135661,477.99,333.84,0.9740,0.746855,0.695501
1786702107.162158,29.265335,897,29.97,496.31,65.19,1.0000,0.775483,0.135822,477.84,334.25,0.9735,0.746628,0.696351
1786702107.198546,29.301723,898,29.97,496.42,65.16,1.0000,0.775662,0.135754,477.78,334.28,0.9740,0.746530,0.696416
1786702107.217608,29.320785,899,29.97,496.27,65.15,1.0000,0.775419,0.135735,477.81,334.32,0.9743,0.746571,0.696503
1786702107.261328,29.364505,900,29.97,496.30,65.42,1.0000,0.775466,0.136291,477.61,334.36,0.9738,0.746261,0.696582
1786702107.289791,29.392967,901,29.97,496.08,65.42,1.0000,0.775127,0.136290,477.51,334.35,0.9742,0.746111,0.696570
1786702107.324257,29.427434,902,29.97,496.12,65.35,1.0000,0.775187,0.136151,477.42,334.43,0.9739,0.745967,0.696719
1786702107.372870,29.476047,903,29.97,496.15,65.35,1.0000,0.775236,0.136151,477.55,334.15,0.9746,0.746171,0.696144
1786702107.388338,29.491515,904,29.97,496.25,65.23,1.0000,0.775392,0.135886,477.60,334.19,0.9749,0.746244,0.696235
1786702107.414540,29.517716,905,29.97,496.33,65.22,1.0000,0.775512,0.135875,477.59,334.19,0.9744,0.746234,0.696237
1786702107.460248,29.563425,906,29.97,496.42,65.09,1.0000,0.775662,0.135600,477.62,334.45,0.9737,0.746285,0.696779
1786702107.501858,29.605035,907,29.97,496.46,65.06,1.0000,0.775714,0.135543,477.70,334.38,0.9741,0.746409,0.696626
1786702107.534101,29.637277,908,29.97,496.39,65.06,1.0000,0.775603,0.135534,477.75,334.19,0.9742,0.746479,0.696237
1786702107.565371,29.668547,909,29.91,496.47,64.97,1.0000,0.775741,0.135350,477.85,334.17,0.9741,0.746637,0.696183
1786702107.582517,29.685694,910,29.91,496.48,64.96,1.0000,0.775748,0.135340,477.97,334.32,0.9737,0.746822,0.696499
1786702107.629045,29.732222,911,29.91,496.43,65.10,1.0000,0.775679,0.135631,478.03,334.40,0.9736,0.746922,0.696661
1786702107.676181,29.779358,912,29.91,496.47,65.28,0.9999,0.775739,0.136005,478.02,334.15,0.9736,0.746911,0.696146
1786702107.724372,29.827549,913,29.91,496.55,65.00,0.9999,0.775866,0.135419,477.72,333.86,0.9741,0.746436,0.695535
1786702107.740445,29.843622,914,29.91,496.61,64.89,0.9999,0.775960,0.135181,477.77,333.86,0.9742,0.746513,0.695536
1786702107.756512,29.859689,915,29.91,496.62,65.48,0.9999,0.775966,0.136424,477.77,333.86,0.9742,0.746508,0.695547
1786702107.796540,29.899717,916,29.91,496.66,65.54,0.9999,0.776030,0.136535,477.86,333.72,0.9745,0.746662,0.695244
1786702107.836048,29.939224,917,29.91,496.65,65.49,0.9999,0.776023,0.136444,477.94,333.72,0.9734,0.746777,0.695251
1786702107.867625,29.970801,918,29.91,496.81,65.54,0.9999,0.776265,0.136544,477.87,333.83,0.9735,0.746679,0.695476
1786702107.917976,30.021153,920,29.91,496.79,65.53,0.9999,0.776236,0.136528,477.81,333.90,0.9730,0.746574,0.695628
1786702107.969633,30.072810,921,29.91,496.69,65.32,0.9999,0.776080,0.136089,477.72,334.06,0.9730,0.746431,0.695950
1786702107.994005,30.097182,922,29.91,496.69,65.32,0.9999,0.776070,0.136077,477.69,334.01,0.9723,0.746388,0.695853
1786702108.026210,30.129387,923,29.91,496.61,65.31,0.9999,0.775950,0.136068,477.40,334.00,0.9724,0.745930,0.695842
1786702108.057731,30.160908,924,29.47,496.63,65.19,0.9999,0.775977,0.135815,477.41,333.92,0.9726,0.745947,0.695666
1786702108.089111,30.192288,925,29.47,496.80,65.08,0.9999,0.776256,0.135585,477.59,333.83,0.9728,0.746237,0.695481
1786702108.121231,30.224408,926,29.47,497.03,65.08,1.0000,0.776617,0.135583,477.68,333.85,0.9733,0.746383,0.695526
1786702108.152364,30.255540,927,29.47,496.89,65.07,1.0000,0.776396,0.135569,477.63,333.87,0.9735,0.746300,0.695562
1786702108.184564,30.287741,928,29.47,496.89,65.04,1.0000,0.776394,0.135500,477.61,333.84,0.9738,0.746266,0.695492
1786702108.231537,30.334714,929,29.47,496.63,65.04,1.0000,0.775989,0.135490,477.45,333.88,0.9740,0.746010,0.695586
1786702108.263473,30.366649,930,29.47,496.63,65.01,1.0000,0.775988,0.135444,477.42,333.97,0.9737,0.745974,0.695773
1786702108.297127,30.400304,931,29.47,496.34,65.14,1.0000,0.775528,0.135709,477.42,334.02,0.9737,0.745967,0.695866
1786702108.327672,30.430849,932,29.47,496.17,65.14,1.0000,0.775258,0.135709,477.49,334.00,0.9741,0.746084,0.695843
1786702108.343317,30.446493,933,29.47,496.17,65.16,1.0000,0.775258,0.135757,477.45,333.99,0.9740,0.746009,0.695822
1786702108.408233,30.511410,934,29.47,496.40,65.16,1.0000,0.775622,0.135753,477.47,333.74,0.9743,0.746040,0.695302
1786702108.423271,30.526448,935,29.47,496.38,65.19,1.0000,0.775598,0.135807,477.36,333.81,0.9731,0.745878,0.695443
1786702108.455140,30.558317,936,29.47,496.27,65.20,1.0000,0.775419,0.135823,477.33,333.94,0.9730,0.745822,0.695715
1786702108.502194,30.605371,937,29.47,496.27,65.18,1.0000,0.775418,0.135789,477.49,333.94,0.9737,0.746073,0.695715
1786702108.533606,30.636783,938,29.47,496.15,65.25,1.0000,0.775233,0.135933,477.42,334.12,0.9736,0.745966,0.696092
1786702108.549385,30.652562,939,29.52,495.97,65.31,1.0000,0.774959,0.136057,477.61,333.65,0.9740,0.746260,0.695110
1786702108.581301,30.684478,940,29.52,495.97,65.32,1.0000,0.774956,0.136078,477.64,333.66,0.9738,0.746306,0.695131
1786702108.629669,30.732846,941,29.52,495.61,65.31,1.0000,0.774391,0.136067,477.66,333.69,0.9737,0.746338,0.695182
1786702108.677427,30.780604,942,29.52,495.50,65.38,1.0000,0.774221,0.136210,477.97,333.70,0.9741,0.746827,0.695210
1786702108.709658,30.812835,943,29.52,495.34,65.30,1.0000,0.773973,0.136035,477.86,333.77,0.9737,0.746660,0.695346
1786702108.725410,30.828587,944,29.52,495.11,65.32,1.0000,0.773612,0.136086,477.23,333.90,0.9732,0.745679,0.695622
1786702108.774064,30.877241,945,29.52,494.95,65.32,1.0000,0.773362,0.136088,477.68,333.89,0.9739,0.746376,0.695601
1786702108.789853,30.893029,946,29.52,494.94,65.36,1.0000,0.773350,0.136162,477.68,333.89,0.9743,0.746376,0.695608
1786702108.850944,30.954120,947,29.52,494.89,65.07,1.0000,0.773273,0.135565,478.01,333.81,0.9747,0.746891,0.695443
1786702108.865099,30.968276,948,29.52,494.89,65.07,1.0000,0.773266,0.135563,478.19,333.76,0.9750,0.747174,0.695343
1786702108.886087,30.989263,949,29.52,494.84,64.98,1.0000,0.773194,0.135373,478.28,333.71,0.9750,0.747310,0.695228
1786702108.930621,31.033798,950,29.52,494.76,65.50,1.0000,0.773056,0.136463,478.29,333.63,0.9752,0.747329,0.695069
1786702108.986191,31.089367,951,29.52,494.28,65.48,1.0000,0.772319,0.136411,478.22,333.59,0.9753,0.747215,0.694984
1786702109.014075,31.117251,952,29.52,494.01,65.42,1.0000,0.771887,0.136294,478.20,333.63,0.9755,0.747186,0.695059
1786702109.029217,31.132393,953,29.52,493.89,65.38,1.0000,0.771704,0.136212,478.08,333.68,0.9756,0.746993,0.695172
1786702109.047125,31.150302,954,29.52,493.87,65.43,1.0000,0.771668,0.136307,478.15,333.67,0.9759,0.747109,0.695141
1786702109.092152,31.195328,955,29.66,493.89,65.42,1.0000,0.771708,0.136282,478.64,333.70,0.9763,0.747877,0.695206
1786702109.139430,31.242606,956,29.66,493.09,65.63,1.0000,0.770453,0.136736,478.71,333.75,0.9766,0.747985,0.695306
1786702109.161797,31.264974,957,29.66,493.08,65.68,1.0000,0.770435,0.136836,478.70,333.75,0.9767,0.747973,0.695314
1786702109.186777,31.289954,958,29.66,492.94,65.81,1.0000,0.770222,0.137100,478.58,333.84,0.9764,0.747774,0.695494
1786702109.219410,31.322586,959,29.66,492.72,65.78,1.0000,0.769872,0.137036,478.50,333.61,0.9766,0.747657,0.695029
1786702109.266360,31.369537,960,29.66,492.72,65.75,1.0000,0.769877,0.136980,477.65,333.68,0.9755,0.746328,0.695171
1786702109.282018,31.385195,961,29.66,492.84,65.73,1.0000,0.770062,0.136946,477.66,333.69,0.9755,0.746339,0.695197
1786702109.329870,31.433047,962,29.66,492.80,65.72,1.0000,0.769997,0.136917,477.98,333.72,0.9759,0.746851,0.695246
1786702109.362642,31.465818,963,29.66,492.77,65.73,1.0000,0.769950,0.136933,478.21,333.74,0.9765,0.747205,0.695289
1786702109.377706,31.480882,964,29.66,492.44,65.73,1.0000,0.769445,0.136945,478.17,333.74,0.9762,0.747135,0.695294
1786702109.415144,31.518321,965,29.66,492.53,65.82,1.0000,0.769576,0.137118,478.33,333.73,0.9766,0.747384,0.695274
1786702109.449378,31.552554,966,29.66,491.97,66.03,1.0000,0.768709,0.137554,478.22,333.84,0.9767,0.747217,0.695491
1786702109.489652,31.592828,967,29.66,491.91,65.91,1.0000,0.768613,0.137323,478.21,333.97,0.9769,0.747205,0.695768
1786702109.520410,31.623587,968,29.66,491.93,66.04,1.0000,0.768637,0.137592,478.59,333.88,0.9772,0.747795,0.695584
1786702109.554777,31.657954,969,29.66,491.91,66.04,1.0000,0.768606,0.137592,478.21,333.88,0.9767,0.747211,0.695582
1786702109.584101,31.687278,970,29.66,491.63,66.08,1.0000,0.768171,0.137659,478.15,333.95,0.9768,0.747108,0.695724
1786702109.631803,31.734979,971,29.68,491.52,66.07,1.0000,0.767998,0.137638,478.15,333.84,0.9770,0.747102,0.695490
1786702109.647479,31.750655,972,29.68,491.52,66.01,1.0000,0.767994,0.137520,478.18,333.81,0.9773,0.747158,0.695436
1786702109.695621,31.798798,973,29.68,491.57,66.12,1.0000,0.768080,0.137752,478.17,333.76,0.9770,0.747142,0.695327
1786702109.727968,31.831144,974,29.68,491.57,66.10,1.0000,0.768071,0.137719,478.16,333.97,0.9771,0.747128,0.695766
1786702109.759342,31.862519,975,29.68,491.43,66.45,1.0000,0.767865,0.138431,477.82,334.08,0.9767,0.746597,0.695994
1786702109.790764,31.893940,976,29.68,491.44,66.40,1.0000,0.767870,0.138328,477.82,334.04,0.9767,0.746597,0.695926
1786702109.822518,31.925695,977,29.68,491.63,65.94,1.0000,0.768172,0.137368,477.54,334.29,0.9755,0.746156,0.696437
1786702109.854198,31.957375,978,29.68,491.62,65.91,1.0000,0.768158,0.137305,477.22,334.41,0.9747,0.745663,0.696682
1786702109.917414,32.020591,979,29.68,491.65,66.05,1.0000,0.768196,0.137601,477.18,334.50,0.9746,0.745594,0.696868
1786702109.933089,32.036266,980,29.68,491.64,65.98,1.0000,0.768194,0.137456,477.26,334.54,0.9743,0.745713,0.696963
1786702109.961700,32.064877,981,29.68,491.66,65.98,1.0000,0.768219,0.137462,477.22,334.47,0.9742,0.745656,0.696821
1786702109.993259,32.096436,982,29.68,491.65,65.97,1.0000,0.768210,0.137439,477.19,334.56,0.9742,0.745605,0.697001
1786702110.008581,32.111757,983,29.68,491.60,66.01,1.0000,0.768122,0.137519,477.42,334.43,0.9743,0.745976,0.696730
1786702110.057162,32.160338,984,29.68,491.61,65.89,1.0000,0.768147,0.137272,477.31,334.43,0.9745,0.745790,0.696729
1786702110.089565,32.192742,985,29.68,491.60,65.86,1.0000,0.768128,0.137207,477.49,334.42,0.9748,0.746078,0.696709
1786702110.120607,32.223784,986,29.68,491.65,65.82,1.0000,0.768200,0.137118,477.41,334.42,0.9746,0.745952,0.696703
1786702110.152984,32.256160,987,30.00,491.64,65.93,1.0000,0.768193,0.137358,477.81,334.44,0.9749,0.746580,0.696744
1786702110.185369,32.288546,988,30.00,491.60,65.93,1.0000,0.768118,0.137362,477.85,334.43,0.9747,0.746635,0.696738
1786702110.233398,32.336575,989,30.00,491.88,65.90,1.0000,0.768560,0.137302,478.03,334.37,0.9750,0.746916,0.696612
1786702110.272885,32.376062,990,30.00,491.82,65.81,1.0000,0.768474,0.137098,478.00,334.41,0.9750,0.746881,0.696696
1786702110.275687,32.378864,991,30.00,491.80,65.70,1.0000,0.768431,0.136867,478.00,334.57,0.9742,0.746872,0.697013
1786702110.327375,32.430551,992,30.00,491.67,65.69,1.0000,0.768230,0.136847,478.03,334.62,0.9744,0.746918,0.697122
1786702110.358946,32.462123,993,30.00,491.67,65.69,1.0000,0.768234,0.136856,477.95,334.52,0.9747,0.746798,0.696925
1786702110.390296,32.493473,994,30.00,491.61,65.74,1.0000,0.768145,0.136954,477.88,334.29,0.9752,0.746687,0.696439
1786702110.424052,32.527229,995,30.00,491.48,65.79,1.0000,0.767935,0.137060,477.93,334.09,0.9752,0.746767,0.696013
1786702110.448546,32.551722,996,30.00,491.40,65.79,1.0000,0.767818,0.137071,477.90,333.86,0.9753,0.746723,0.695539
1786702110.482763,32.585940,997,30.00,491.40,65.72,1.0000,0.767813,0.136927,477.91,333.82,0.9758,0.746740,0.695456
1786702110.534235,32.637411,998,30.00,491.37,65.71,1.0000,0.767767,0.136894,477.90,333.70,0.9756,0.746718,0.695204
1786702110.565705,32.668882,999,30.00,491.25,65.53,1.0000,0.767579,0.136519,477.99,333.62,0.9758,0.746864,0.695046
1786702110.581215,32.684392,1000,30.00,491.30,65.52,1.0000,0.767658,0.136508,478.10,333.62,0.9761,0.747037,0.695049
1786702110.612764,32.715940,1001,30.00,491.30,65.54,1.0000,0.767654,0.136543,478.03,333.57,0.9764,0.746923,0.694943
1786702110.659987,32.763164,1002,29.92,491.29,65.67,1.0000,0.767642,0.136820,477.96,333.79,0.9766,0.746814,0.695397
1786702110.707590,32.810766,1003,29.92,491.29,65.63,1.0000,0.767637,0.136739,477.67,333.84,0.9766,0.746356,0.695502
1786702110.739579,32.842755,1004,29.92,491.41,65.63,1.0000,0.767832,0.136730,477.67,333.84,0.9767,0.746358,0.695506
1786702110.787613,32.890790,1005,29.92,491.12,65.69,1.0000,0.767383,0.136846,477.79,333.80,0.9768,0.746543,0.695410
1786702110.802556,32.905733,1006,29.92,491.23,65.91,1.0000,0.767553,0.137314,477.85,333.83,0.9766,0.746641,0.695477
1786702110.822206,32.925382,1007,29.92,491.29,65.91,1.0000,0.767644,0.137317,477.88,333.83,0.9766,0.746684,0.695474
1786702110.850042,32.953218,1008,29.92,491.35,65.91,1.0000,0.767738,0.137317,477.87,334.01,0.9768,0.746679,0.695854
1786702110.887744,32.990920,1009,29.92,491.40,65.92,1.0000,0.767812,0.137339,478.00,333.97,0.9770,0.746878,0.695770
1786702110.916235,33.019412,1010,29.92,491.72,65.87,1.0000,0.768312,0.137227,478.01,333.73,0.9769,0.746895,0.695265
1786702110.961508,33.064684,1011,29.92,491.76,66.11,1.0000,0.768376,0.137726,478.16,334.01,0.9772,0.747120,0.695850
1786702111.009184,33.112360,1012,29.92,491.75,66.12,1.0000,0.768364,0.137747,478.16,334.00,0.9774,0.747129,0.695839
1786702111.024890,33.128067,1013,29.92,491.76,66.09,1.0000,0.768375,0.137691,478.05,334.13,0.9770,0.746949,0.696114
1786702111.073034,33.176211,1014,29.92,491.78,65.83,1.0000,0.768403,0.137147,478.05,334.01,0.9772,0.746948,0.695862
1786702111.088655,33.191831,1015,29.92,491.76,66.92,1.0000,0.768373,0.139412,477.77,334.28,0.9764,0.746516,0.696420
1786702111.120802,33.223979,1016,29.92,491.87,66.87,1.0000,0.768549,0.139304,477.79,334.49,0.9764,0.746551,0.696848
1786702111.168297,33.271474,1017,29.84,491.89,66.84,1.0000,0.768582,0.139259,477.46,334.40,0.9763,0.746024,0.696656
1786702111.200590,33.303767,1018,29.84,491.83,66.64,1.0000,0.768492,0.138830,477.67,334.19,0.9767,0.746359,0.696237
1786702111.224834,33.328011,1019,29.84,491.83,66.92,1.0000,0.768489,0.139410,478.03,334.10,0.9769,0.746915,0.696046
1786702111.264062,33.367238,1020,29.84,491.86,66.97,1.0000,0.768527,0.139513,477.89,334.76,0.9770,0.746706,0.697410
1786702111.296615,33.399791,1021,29.84,491.92,66.95,1.0000,0.768627,0.139472,477.63,334.83,0.9769,0.746297,0.697562
1786702111.327753,33.430930,1022,29.84,491.95,66.64,1.0000,0.768666,0.138828,477.78,334.45,0.9773,0.746526,0.696769
1786702111.359311,33.462488,1023,29.84,491.94,66.58,1.0000,0.768662,0.138717,478.01,334.34,0.9776,0.746888,0.696535
1786702111.391479,33.494655,1024,29.84,491.79,66.61,1.0000,0.768417,0.138767,477.83,334.34,0.9775,0.746616,0.696538
1786702111.425757,33.528934,1025,29.84,491.61,66.61,1.0000,0.768144,0.138766,477.82,334.28,0.9775,0.746588,0.696418
1786702111.470729,33.573905,1026,29.84,491.71,66.56,1.0000,0.768296,0.138665,477.79,333.88,0.9773,0.746552,0.695583
1786702111.503402,33.606579,1027,29.84,491.57,66.57,1.0000,0.768082,0.138688,477.62,334.03,0.9769,0.746274,0.695906
1786702111.547216,33.650392,1028,29.84,491.55,66.55,1.0000,0.768051,0.138645,477.59,334.70,0.9772,0.746242,0.697286
1786702111.567077,33.670253,1029,29.84,491.54,66.54,1.0000,0.768038,0.138629,477.60,334.69,0.9772,0.746248,0.697276
1786702111.582758,33.685935,1030,29.84,491.61,66.29,1.0000,0.768148,0.138094,477.56,334.60,0.9767,0.746181,0.697079
1786702111.630257,33.733434,1031,29.84,491.63,66.20,1.0000,0.768179,0.137909,477.77,334.26,0.9769,0.746514,0.696383
1786702111.662025,33.765202,1032,29.84,491.64,66.07,1.0000,0.768182,0.137651,477.73,334.38,0.9770,0.746456,0.696618
1786702111.687023,33.790199,1033,29.99,491.65,66.10,1.0000,0.768199,0.137717,477.75,334.26,0.9765,0.746488,0.696376
1786702111.726429,33.829605,1034,29.99,491.65,66.03,1.0000,0.768198,0.137560,477.67,334.44,0.9764,0.746365,0.696747
1786702111.773036,33.876213,1035,29.99,491.31,65.96,1.0000,0.767667,0.137426,477.57,334.27,0.9762,0.746203,0.696392
1786702111.789155,33.892331,1036,29.99,491.12,65.97,1.0000,0.767368,0.137435,477.68,334.18,0.9758,0.746372,0.696202
1786702111.823870,33.927046,1037,29.99,491.09,65.96,1.0000,0.767331,0.137408,477.42,334.29,0.9748,0.745971,0.696434
1786702111.855186,33.958362,1038,29.99,490.63,66.06,1.0000,0.766604,0.137627,477.58,334.05,0.9750,0.746212,0.695940
1786702111.884754,33.987931,1039,29.99,490.61,66.06,1.0000,0.766575,0.137631,477.67,334.16,0.9751,0.746356,0.696173
1786702111.932274,34.035450,1040,29.99,490.22,66.12,1.0000,0.765973,0.137752,477.40,334.12,0.9749,0.745942,0.696079
1786702111.977520,34.080697,1041,29.99,490.10,67.18,1.0000,0.765775,0.139950,477.53,334.09,0.9749,0.746139,0.696013
1786702112.006949,34.110126,1042,29.99,489.75,66.99,1.0000,0.765238,0.139563,477.54,334.09,0.9751,0.746156,0.696016
1786702112.021721,34.124898,1043,29.99,489.78,67.05,1.0000,0.765280,0.139695,477.55,334.14,0.9754,0.746168,0.696116
1786702112.074624,34.177801,1044,29.99,489.67,67.11,1.0000,0.765112,0.139822,477.62,334.12,0.9756,0.746275,0.696081
1786702112.116394,34.219571,1045,29.99,490.03,67.11,1.0000,0.765667,0.139806,477.64,334.09,0.9751,0.746311,0.696019
1786702112.121862,34.225039,1046,29.99,490.02,66.48,1.0000,0.765654,0.138491,477.70,334.18,0.9750,0.746403,0.696218
1786702112.153322,34.256498,1047,29.99,489.93,66.48,1.0000,0.765518,0.138493,477.80,334.33,0.9752,0.746569,0.696522
1786702112.172356,34.275533,1048,29.99,489.93,66.54,1.0000,0.765519,0.138624,477.86,334.42,0.9756,0.746657,0.696708
1786702112.222142,34.325319,1049,29.89,489.76,66.58,1.0000,0.765253,0.138707,477.83,334.44,0.9754,0.746614,0.696748
1786702112.265404,34.368581,1050,29.89,489.68,66.33,1.0000,0.765132,0.138179,477.83,334.16,0.9753,0.746611,0.696163
1786702112.295800,34.398977,1051,29.89,489.63,66.37,1.0000,0.765041,0.138267,478.00,334.13,0.9758,0.746880,0.696110
1786702112.327457,34.430634,1052,29.89,489.48,66.70,1.0000,0.764815,0.138956,478.04,334.39,0.9755,0.746933,0.696639
1786702112.359822,34.462998,1053,29.89,489.40,66.70,1.0000,0.764680,0.138958,478.09,334.11,0.9755,0.747023,0.696065
1786702112.407116,34.510292,1054,29.89,489.37,66.69,1.0000,0.764643,0.138945,478.05,334.37,0.9757,0.746954,0.696602
1786702112.422368,34.525545,1055,29.89,489.30,66.69,1.0000,0.764536,0.138937,478.13,334.45,0.9759,0.747076,0.696768
1786702112.454285,34.557462,1056,29.89,489.23,66.69,1.0000,0.764427,0.138936,478.13,334.43,0.9760,0.747080,0.696722
1786702112.485922,34.589098,1057,29.89,489.23,66.66,1.0000,0.764425,0.138878,478.48,334.31,0.9765,0.747624,0.696483
1786702112.533610,34.636786,1058,29.89,489.40,66.18,1.0000,0.764682,0.137881,478.20,334.48,0.9756,0.747194,0.696834
1786702112.565107,34.668283,1059,29.89,489.18,66.18,1.0000,0.764343,0.137879,478.26,334.36,0.9754,0.747275,0.696590
1786702112.596747,34.699923,1060,29.89,489.18,66.18,1.0000,0.764343,0.137878,478.16,334.36,0.9752,0.747121,0.696580
1786702112.614721,34.717897,1061,29.89,489.18,66.18,1.0000,0.764344,0.137879,478.32,334.23,0.9757,0.747374,0.696305
1786702112.659847,34.763024,1062,29.89,488.96,66.10,1.0000,0.763999,0.137713,478.33,334.22,0.9758,0.747388,0.696295
1786702112.691510,34.794687,1063,29.89,489.00,65.86,1.0000,0.764069,0.137219,478.24,334.32,0.9760,0.747254,0.696500
1786702112.707169,34.810345,1064,29.89,488.83,65.89,1.0000,0.763804,0.137268,478.33,334.05,0.9764,0.747393,0.695936
1786702112.752186,34.855362,1065,30.09,488.92,65.82,1.0000,0.763940,0.137115,478.45,333.78,0.9771,0.747575,0.695383
1786702112.786127,34.889304,1066,30.09,488.92,65.66,1.0000,0.763942,0.136799,478.38,333.78,0.9773,0.747470,0.695370
1786702112.834856,34.938032,1067,30.09,488.87,65.49,1.0000,0.763863,0.136443,478.29,333.80,0.9775,0.747333,0.695415
1786702112.849377,34.952554,1068,30.09,488.87,65.56,1.0000,0.763860,0.136587,478.29,333.56,0.9779,0.747330,0.694917
1786702112.886715,34.989892,1069,30.09,488.79,65.69,1.0000,0.763736,0.136860,478.26,333.61,0.9781,0.747279,0.695028
1786702112.930237,35.033414,1070,30.09,488.65,65.66,1.0000,0.763510,0.136784,478.26,333.55,0.9781,0.747283,0.694897
1786702112.960652,35.063828,1071,30.09,488.65,65.66,1.0000,0.763517,0.136782,478.26,333.51,0.9779,0.747277,0.694820
1786702112.976332,35.079508,1072,30.09,488.60,65.67,1.0000,0.763435,0.136808,478.31,333.60,0.9781,0.747362,0.694999
1786702113.023965,35.127141,1073,30.09,488.65,65.67,1.0000,0.763508,0.136808,478.00,333.82,0.9778,0.746877,0.695455
1786702113.058150,35.161326,1074,30.09,488.65,65.67,1.0000,0.763516,0.136810,477.98,333.58,0.9772,0.746847,0.694964
1786702113.103110,35.206287,1075,30.09,488.59,65.79,1.0000,0.763419,0.137060,477.91,333.69,0.9770,0.746741,0.695195
1786702113.118671,35.221848,1076,30.09,488.60,65.84,1.0000,0.763443,0.137171,478.04,333.47,0.9768,0.746935,0.694737
1786702113.158630,35.261806,1077,30.09,488.62,65.87,1.0000,0.763469,0.137239,478.04,333.53,0.9768,0.746938,0.694849
1786702113.201497,35.304673,1078,30.09,488.62,65.68,1.0000,0.763470,0.136840,478.13,333.52,0.9770,0.747083,0.694832
1786702113.231865,35.335042,1079,30.09,488.63,65.61,1.0000,0.763478,0.136691,478.10,333.46,0.9770,0.747038,0.694703
1786702113.278207,35.381383,1080,29.65,488.63,65.84,1.0000,0.763481,0.137173,477.89,333.56,0.9765,0.746708,0.694925
1786702113.294252,35.397429,1081,29.65,488.64,65.84,1.0000,0.763500,0.137176,478.05,333.85,0.9768,0.746956,0.695528
1786702113.326264,35.429440,1082,29.65,488.70,65.93,1.0000,0.763593,0.137351,478.07,333.71,0.9768,0.746991,0.695230
1786702113.358405,35.461581,1083,29.65,488.71,65.93,1.0000,0.763606,0.137352,478.02,333.53,0.9768,0.746900,0.694853
1786702113.389829,35.493006,1084,29.65,488.77,66.08,1.0000,0.763700,0.137662,477.82,333.82,0.9766,0.746588,0.695458
1786702113.451792,35.554968,1085,29.65,488.77,66.15,1.0000,0.763701,0.137813,477.83,333.63,0.9767,0.746606,0.695066
1786702113.470171,35.573348,1086,29.65,488.76,66.11,1.0000,0.763694,0.137719,477.77,333.77,0.9762,0.746522,0.695358
1786702113.486298,35.589475,1087,29.65,488.66,66.12,1.0000,0.763532,0.137760,477.93,333.78,0.9762,0.746763,0.695380
1786702113.534023,35.637199,1088,29.65,489.03,66.11,1.0000,0.764116,0.137721,477.58,334.24,0.9751,0.746222,0.696333
1786702113.573092,35.676269,1089,29.65,489.38,66.10,1.0000,0.764664,0.137714,477.37,334.50,0.9747,0.745892,0.696882
1786702113.597765,35.700942,1090,29.65,489.40,66.11,1.0000,0.764688,0.137738,477.36,334.49,0.9748,0.745883,0.696864
1786702113.613368,35.716544,1091,29.65,489.40,66.11,1.0000,0.764687,0.137737,477.36,334.22,0.9746,0.745883,0.696294
1786702113.661157,35.764334,1092,29.65,489.40,66.03,1.0000,0.764682,0.137569,477.37,334.23,0.9743,0.745886,0.696305
1786702113.692650,35.795827,1093,29.65,489.41,66.08,1.0000,0.764708,0.137673,477.34,334.30,0.9744,0.745840,0.696450
1786702113.724273,35.827449,1094,29.65,489.15,66.14,1.0000,0.764291,0.137802,477.25,334.29,0.9745,0.745697,0.696445
1786702113.751390,35.854567,1095,29.65,489.15,65.86,1.0000,0.764299,0.137210,477.23,334.23,0.9742,0.745669,0.696323
1786702113.785097,35.888274,1096,30.03,489.15,65.83,1.0000,0.764294,0.137147,477.39,334.15,0.9741,0.745927,0.696151
1786702113.822871,35.926048,1097,30.03,488.84,66.05,1.0000,0.763805,0.137614,477.91,334.06,0.9741,0.746740,0.695959
1786702113.867063,35.970240,1098,30.03,488.96,66.08,1.0000,0.764006,0.137660,478.18,333.87,0.9744,0.747152,0.695570
1786702113.899167,36.002343,1099,30.03,488.91,66.04,1.0000,0.763930,0.137576,478.31,333.94,0.9748,0.747363,0.695708
1786702113.931767,36.034944,1100,30.03,488.91,66.12,1.0000,0.763927,0.137750,478.35,334.09,0.9749,0.747414,0.696011
1786702113.971147,36.074324,1101,30.03,489.01,66.22,1.0000,0.764076,0.137955,478.32,334.05,0.9747,0.747375,0.695935
1786702113.993750,36.096927,1102,30.03,489.01,66.21,1.0000,0.764075,0.137948,478.09,334.21,0.9742,0.747015,0.696272
1786702114.009149,36.112325,1103,30.03,489.16,66.25,1.0000,0.764317,0.138023,478.29,334.09,0.9743,0.747334,0.696012
1786702114.056426,36.159602,1104,30.03,489.35,66.21,1.0000,0.764615,0.137936,478.31,333.73,0.9748,0.747364,0.695276
1786702114.114700,36.217876,1105,30.03,489.45,66.26,1.0000,0.764762,0.138047,478.58,333.35,0.9753,0.747779,0.694477
1786702114.119732,36.222909,1106,30.03,489.45,66.22,1.0000,0.764766,0.137954,478.48,333.35,0.9760,0.747628,0.694473
1786702114.152010,36.255187,1107,30.03,489.49,66.22,1.0000,0.764830,0.137961,478.50,333.37,0.9759,0.747655,0.694530
1786702114.167596,36.270772,1108,30.03,489.70,66.24,1.0000,0.765160,0.138009,478.47,333.58,0.9760,0.747609,0.694968
1786702114.209708,36.312885,1109,30.03,489.77,66.18,1.0000,0.765267,0.137873,478.64,333.49,0.9765,0.747868,0.694780
1786702114.249769,36.352946,1110,30.03,489.80,66.18,1.0000,0.765317,0.137882,478.65,333.48,0.9766,0.747887,0.694742
1786702114.279235,36.382411,1111,30.03,489.85,66.20,1.0000,0.765395,0.137917,478.52,333.58,0.9763,0.747690,0.694960
1786702114.342380,36.445556,1112,29.75,489.86,66.23,1.0000,0.765413,0.137975,478.69,333.60,0.9768,0.747953,0.695008
1786702114.358433,36.461610,1113,29.75,490.17,66.20,1.0000,0.765885,0.137920,478.76,333.38,0.9768,0.748061,0.694546
1786702114.390635,36.493812,1114,29.75,490.16,66.17,1.0000,0.765871,0.137850,478.71,333.39,0.9773,0.747979,0.694555
1786702114.438846,36.542023,1115,29.75,490.18,66.17,1.0000,0.765905,0.137858,478.71,333.35,0.9776,0.747978,0.694477
1786702114.453543,36.556720,1116,29.75,489.81,66.17,1.0000,0.765326,0.137859,478.60,333.69,0.9774,0.747807,0.695180
1786702114.501490,36.604667,1117,29.75,489.81,66.19,1.0000,0.765330,0.137886,478.60,333.67,0.9770,0.747818,0.695147
1786702114.532969,36.636146,1118,29.75,489.80,66.17,1.0000,0.765320,0.137848,478.54,333.79,0.9767,0.747717,0.695386
1786702114.551792,36.654969,1119,29.75,489.94,66.15,1.0000,0.765538,0.137818,478.52,333.77,0.9767,0.747695,0.695363
1786702114.597296,36.700472,1120,29.75,490.22,66.12,1.0000,0.765962,0.137747,478.52,333.75,0.9763,0.747685,0.695312
1786702114.628917,36.732093,1121,29.75,490.37,66.09,1.0000,0.766203,0.137681,478.53,333.76,0.9763,0.747703,0.695324
1786702114.660735,36.763912,1122,29.75,490.63,66.02,1.0000,0.766610,0.137534,478.52,333.65,0.9764,0.747685,0.695109
1786702114.692613,36.795790,1123,29.75,490.91,66.01,1.0000,0.767043,0.137529,478.55,333.63,0.9765,0.747729,0.695069
1786702114.724101,36.827277,1124,29.75,490.91,65.98,1.0000,0.767041,0.137468,478.51,333.64,0.9767,0.747665,0.695078
1786702114.755793,36.858970,1125,29.75,490.91,65.99,1.0000,0.767053,0.137481,478.28,333.60,0.9766,0.747307,0.694997
1786702114.771882,36.875059,1126,29.75,490.92,66.05,1.0000,0.767060,0.137603,478.36,333.60,0.9768,0.747443,0.694994
1786702114.835615,36.938792,1127,29.75,490.99,66.24,1.0000,0.767175,0.137996,478.44,333.60,0.9773,0.747568,0.695003
1786702114.851395,36.954571,1128,29.95,491.11,66.18,1.0000,0.767365,0.137865,478.45,333.64,0.9775,0.747580,0.695078
1786702114.882834,36.986011,1129,29.95,491.17,66.16,1.0000,0.767456,0.137830,478.43,333.72,0.9774,0.747546,0.695247
1786702114.930737,37.033913,1130,29.95,491.12,66.30,1.0000,0.767380,0.138134,478.31,333.72,0.9773,0.747363,0.695254
1786702114.962262,37.065438,1131,29.95,491.11,66.35,1.0000,0.767363,0.138235,478.49,333.67,0.9777,0.747645,0.695139
1786702114.994440,37.097617,1132,29.95,491.03,66.35,1.0000,0.767232,0.138234,478.46,333.68,0.9782,0.747599,0.695167
1786702115.014401,37.117578,1133,29.95,490.85,66.36,1.0000,0.766949,0.138240,478.34,333.69,0.9783,0.747408,0.695180
1786702115.073427,37.176604,1134,29.95,490.66,66.33,1.0000,0.766662,0.138195,478.32,333.78,0.9779,0.747376,0.695370
1786702115.089443,37.192619,1135,29.95,490.72,66.32,1.0000,0.766744,0.138172,478.35,334.23,0.9780,0.747419,0.696321
1786702115.138284,37.241461,1136,29.95,490.81,66.48,1.0000,0.766884,0.138496,478.34,334.10,0.9782,0.747413,0.696041
1786702115.153110,37.256287,1137,29.95,491.15,66.35,1.0000,0.767426,0.138227,478.34,334.22,0.9780,0.747412,0.696286
1786702115.201769,37.304945,1138,29.95,491.20,66.35,1.0000,0.767498,0.138227,478.35,333.80,0.9782,0.747419,0.695422
1786702115.232181,37.335358,1139,29.95,491.20,66.33,1.0000,0.767497,0.138191,478.28,333.90,0.9777,0.747314,0.695635
1786702115.263809,37.366986,1140,29.95,491.28,66.32,1.0000,0.767618,0.138166,478.29,334.05,0.9779,0.747322,0.695930
1786702115.281533,37.384710,1141,29.95,491.64,65.98,1.0000,0.768185,0.137468,478.39,334.46,0.9773,0.747489,0.696786
1786702115.327878,37.431055,1142,29.95,491.87,65.94,1.0000,0.768544,0.137370,478.41,334.39,0.9775,0.747522,0.696650
1786702115.358863,37.462039,1143,29.95,491.87,65.95,1.0000,0.768547,0.137398,478.41,334.20,0.9773,0.747517,0.696254
1786702115.406136,37.509312,1144,29.87,492.16,65.83,1.0000,0.768996,0.137150,478.73,334.16,0.9770,0.748020,0.696171
1786702115.421914,37.525090,1145,29.87,492.13,65.81,1.0000,0.768952,0.137107,478.71,334.10,0.9770,0.747980,0.696046
1786702115.458654,37.561831,1146,29.87,492.15,65.81,1.0000,0.768985,0.137105,478.67,334.11,0.9769,0.747926,0.696054
1786702115.485526,37.588703,1147,29.87,492.22,65.81,1.0000,0.769088,0.137104,478.60,334.12,0.9768,0.747819,0.696076
1786702115.533258,37.636435,1148,29.87,492.39,65.80,1.0000,0.769365,0.137081,477.90,334.11,0.9764,0.746725,0.696072
1786702115.552222,37.655399,1149,29.87,492.55,65.80,1.0000,0.769615,0.137078,477.78,334.10,0.9763,0.746527,0.696050
1786702115.574677,37.677854,1150,29.87,492.56,65.80,1.0000,0.769621,0.137093,477.76,334.10,0.9763,0.746502,0.696044
1786702115.627069,37.730246,1151,29.87,492.52,65.89,1.0000,0.769567,0.137279,477.70,333.99,0.9766,0.746405,0.695818
1786702115.659203,37.762380,1152,29.87,492.26,65.67,1.0000,0.769162,0.136820,477.57,334.15,0.9758,0.746196,0.696151
1786702115.690790,37.793967,1153,29.87,492.29,65.63,1.0000,0.769208,0.136731,477.34,334.01,0.9757,0.745837,0.695864
1786702115.721805,37.824981,1154,29.87,492.36,65.62,1.0000,0.769320,0.136711,477.37,334.20,0.9750,0.745889,0.696248
1786702115.769079,37.872255,1155,29.87,492.31,65.67,1.0000,0.769241,0.136802,477.39,334.05,0.9756,0.745918,0.695945
1786702115.801363,37.904539,1156,29.87,492.35,65.66,1.0000,0.769295,0.136799,477.41,334.05,0.9753,0.745949,0.695940
1786702115.816652,37.919828,1157,29.87,492.43,65.65,1.0000,0.769421,0.136766,477.55,334.01,0.9756,0.746170,0.695857
1786702115.864952,37.968129,1158,29.87,492.60,65.69,1.0000,0.769683,0.136850,477.38,333.97,0.9754,0.745902,0.695771
1786702115.880468,37.983645,1159,29.87,492.75,65.70,1.0000,0.769919,0.136876,477.40,334.02,0.9757,0.745935,0.695866
1786702115.928463,38.031640,1160,29.99,492.75,65.66,1.0000,0.769926,0.136793,477.61,334.08,0.9758,0.746261,0.696007
1786702115.970703,38.073879,1161,29.99,492.82,65.76,1.0000,0.770025,0.136990,477.61,334.00,0.9762,0.746267,0.695825
1786702116.002553,38.105729,1162,29.99,492.98,65.97,1.0000,0.770283,0.137439,477.53,334.06,0.9759,0.746137,0.695954
1786702116.018093,38.121269,1163,29.99,492.97,65.96,1.0000,0.770268,0.137426,477.38,334.17,0.9753,0.745899,0.696177
1786702116.045220,38.148396,1164,29.99,493.08,66.02,1.0000,0.770444,0.137540,477.37,334.15,0.9753,0.745895,0.696138
1786702116.098301,38.201477,1165,29.99,493.67,66.02,1.0000,0.771353,0.137544,477.42,334.08,0.9751,0.745971,0.696004
1786702116.122039,38.225215,1166,29.99,493.69,65.97,1.0000,0.771387,0.137448,477.41,334.52,0.9749,0.745949,0.696920
1786702116.151800,38.254977,1167,29.99,493.57,66.05,1.0000,0.771208,0.137600,477.53,334.44,0.9749,0.746147,0.696742
1786702116.180097,38.283274,1168,29.99,493.88,65.99,1.0000,0.771681,0.137486,477.60,334.42,0.9741,0.746244,0.696714
1786702116.225237,38.328413,1169,29.99,493.89,66.13,1.0000,0.771699,0.137772,477.64,334.56,0.9742,0.746320,0.696997
1786702116.257263,38.360440,1170,29.99,493.79,66.21,1.0000,0.771550,0.137946,477.60,334.53,0.9745,0.746243,0.696944
1786702116.279316,38.382492,1171,29.99,493.79,66.21,1.0000,0.771549,0.137941,477.60,334.29,0.9744,0.746257,0.696437
1786702116.320912,38.424088,1172,29.99,494.03,66.24,1.0000,0.771917,0.138004,477.60,334.16,0.9745,0.746242,0.696174
1786702116.369115,38.472292,1173,29.99,494.04,66.42,1.0000,0.771944,0.138383,477.46,334.29,0.9746,0.746037,0.696428
1786702116.384664,38.487841,1174,29.99,494.05,66.69,1.0000,0.771952,0.138934,477.43,334.31,0.9746,0.745986,0.696485
1786702116.416822,38.519999,1175,29.99,494.01,66.72,1.0000,0.771890,0.138998,477.38,334.32,0.9744,0.745905,0.696491
1786702116.441947,38.545123,1176,30.20,493.99,66.91,1.0000,0.771863,0.139399,477.39,334.35,0.9744,0.745920,0.696568
1786702116.497296,38.600473,1177,30.20,494.03,67.17,1.0000,0.771917,0.139933,477.45,334.33,0.9742,0.746010,0.696511
1786702116.529947,38.633123,1178,30.20,494.23,67.26,1.0000,0.772238,0.140116,477.48,334.35,0.9743,0.746069,0.696572
1786702116.561673,38.664850,1179,30.20,494.27,67.26,1.0000,0.772296,0.140125,477.62,334.37,0.9743,0.746286,0.696596
1786702116.593459,38.696635,1180,30.20,494.35,67.30,1.0000,0.772416,0.140212,477.92,334.27,0.9745,0.746745,0.696391
1786702116.625160,38.728336,1181,30.20,494.39,67.50,1.0000,0.772488,0.140622,477.90,334.27,0.9749,0.746720,0.696402
1786702116.681583,38.784759,1182,30.20,495.63,67.56,1.0000,0.774417,0.140743,477.80,334.27,0.9749,0.746558,0.696400
1786702116.689562,38.792739,1183,30.20,495.62,67.55,1.0000,0.774408,0.140733,477.78,334.17,0.9754,0.746529,0.696177
1786702116.709854,38.813031,1184,30.20,495.69,67.54,1.0000,0.774521,0.140713,477.56,334.22,0.9752,0.746185,0.696294
1786702116.769657,38.872833,1185,30.20,495.88,67.56,1.0000,0.774812,0.140740,477.75,334.35,0.9755,0.746489,0.696564
1786702116.785351,38.888528,1186,30.20,495.96,67.55,1.0000,0.774934,0.140721,477.76,334.55,0.9755,0.746494,0.696974
1786702116.832569,38.935746,1187,30.20,495.68,67.51,1.0000,0.774504,0.140641,477.85,334.00,0.9754,0.746638,0.695824
1786702116.848421,38.951598,1188,30.20,495.70,66.89,1.0000,0.774526,0.139354,477.82,334.03,0.9755,0.746598,0.695894
1786702116.880027,38.983204,1189,30.20,495.68,66.92,1.0000,0.774501,0.139413,477.82,334.06,0.9750,0.746598,0.695969
1786702116.928441,39.031617,1190,30.20,495.75,66.94,1.0000,0.774608,0.139454,477.71,334.11,0.9751,0.746425,0.696058
1786702116.960072,39.063249,1191,30.01,495.72,66.75,1.0000,0.774568,0.139073,477.68,334.13,0.9751,0.746375,0.696096
1786702116.991938,39.095114,1192,30.01,495.85,66.64,1.0000,0.774767,0.138834,477.44,334.14,0.9740,0.746001,0.696129
1786702117.023369,39.126545,1193,30.01,495.77,66.55,1.0000,0.774637,0.138649,477.34,334.15,0.9742,0.745846,0.696146
1786702117.056526,39.159702,1194,30.01,495.73,66.61,1.0000,0.774576,0.138761,477.41,334.27,0.9733,0.745959,0.696404
1786702117.087512,39.190689,1195,30.01,495.44,66.60,1.0000,0.774131,0.138755,477.46,334.12,0.9733,0.746030,0.696082
1786702117.119338,39.222514,1196,30.01,495.30,66.33,1.0000,0.773908,0.138184,477.45,334.15,0.9734,0.746010,0.696146
1786702117.147094,39.250270,1197,30.01,495.19,66.33,1.0000,0.773739,0.138189,477.52,334.17,0.9734,0.746119,0.696186
1786702117.183264,39.286440,1198,30.01,495.24,66.35,1.0000,0.773805,0.138239,477.50,334.17,0.9735,0.746096,0.696187
1786702117.230556,39.333732,1199,30.01,495.26,66.33,1.0000,0.773839,0.138189,477.60,333.98,0.9733,0.746257,0.695785
1786702117.262809,39.365985,1200,30.01,495.07,66.38,1.0000,0.773554,0.138281,477.58,333.98,0.9739,0.746214,0.695788
1786702117.309668,39.412845,1201,30.01,494.77,66.44,1.0000,0.773081,0.138415,477.58,334.43,0.9736,0.746219,0.696731
1786702117.341940,39.445117,1202,30.01,494.85,66.52,1.0000,0.773200,0.138585,477.61,334.50,0.9737,0.746261,0.696872
1786702117.357255,39.460432,1203,30.01,494.83,66.54,1.0000,0.773180,0.138632,477.57,334.05,0.9735,0.746210,0.695941
1786702117.389509,39.492686,1204,30.01,494.83,66.57,1.0000,0.773167,0.138678,477.55,334.08,0.9738,0.746178,0.695996
1786702117.437688,39.540865,1205,30.01,494.90,66.54,1.0000,0.773280,0.138623,477.57,334.41,0.9742,0.746196,0.696694
1786702117.468942,39.572119,1206,29.95,494.94,66.54,1.0000,0.773350,0.138627,477.54,334.33,0.9742,0.746150,0.696529
1786702117.500591,39.603767,1207,29.95,494.89,66.59,1.0000,0.773271,0.138734,477.67,334.03,0.9739,0.746362,0.695891
1786702117.515911,39.619087,1208,29.95,494.88,66.59,1.0000,0.773254,0.138724,477.68,334.04,0.9741,0.746369,0.695908
1786702117.552983,39.656159,1209,29.95,494.89,66.66,1.0000,0.773267,0.138865,477.72,334.05,0.9740,0.746444,0.695941
1786702117.594884,39.698061,1210,29.95,495.04,66.66,1.0000,0.773496,0.138869,478.02,334.08,0.9745,0.746900,0.695994
1786702117.610563,39.713739,1211,29.95,495.13,66.72,1.0000,0.773647,0.138999,478.23,333.86,0.9747,0.747239,0.695535
1786702117.658637,39.761813,1212,29.95,495.18,66.73,1.0000,0.773714,0.139021,478.42,333.37,0.9750,0.747528,0.694523
1786702117.675973,39.779150,1213,29.95,495.15,66.83,1.0000,0.773680,0.139226,478.35,333.36,0.9749,0.747418,0.694490
1786702117.739244,39.842421,1214,29.95,495.12,67.10,1.0000,0.773631,0.139793,478.26,333.38,0.9747,0.747283,0.694546
1786702117.769901,39.873077,1215,29.95,495.09,67.20,1.0000,0.773575,0.139998,478.18,333.31,0.9748,0.747153,0.694403
1786702117.802345,39.905522,1216,29.95,494.99,67.30,1.0000,0.773429,0.140213,478.17,333.23,0.9750,0.747142,0.694225
1786702117.817819,39.920995,1217,29.95,494.96,67.24,1.0000,0.773375,0.140086,478.04,333.20,0.9747,0.746934,0.694167
1786702117.855235,39.958412,1218,29.95,495.13,67.25,1.0000,0.773634,0.140107,478.03,333.23,0.9746,0.746915,0.694236
1786702117.897264,40.000441,1219,29.95,495.04,67.26,1.0000,0.773494,0.140123,478.04,333.38,0.9746,0.746943,0.694549
1786702117.960024,40.063200,1220,29.95,494.97,67.26,1.0000,0.773396,0.140129,477.92,333.42,0.9746,0.746756,0.694627
1786702117.967795,40.070971,1221,29.82,495.03,67.22,1.0000,0.773492,0.140046,477.88,333.56,0.9747,0.746681,0.694923
1786702117.993982,40.097159,1222,29.82,495.38,67.12,1.0000,0.774029,0.139823,477.78,333.44,0.9747,0.746538,0.694660
1786702118.010072,40.113249,1223,29.82,495.38,66.95,1.0000,0.774032,0.139489,477.80,333.53,0.9750,0.746562,0.694861
1786702118.057888,40.161065,1224,29.82,495.69,66.72,1.0000,0.774512,0.138990,477.80,333.50,0.9750,0.746566,0.694783
1786702118.089285,40.192462,1225,29.82,495.89,66.71,1.0000,0.774821,0.138973,477.79,333.49,0.9752,0.746555,0.694765
1786702118.109192,40.212368,1226,29.82,495.88,66.66,1.0000,0.774814,0.138877,477.73,333.69,0.9749,0.746455,0.695190
1786702118.169651,40.272827,1227,29.82,495.87,66.68,1.0000,0.774799,0.138910,477.80,333.70,0.9747,0.746563,0.695213
1786702118.201703,40.304880,1228,29.82,495.94,66.60,1.0000,0.774900,0.138760,477.69,333.86,0.9746,0.746397,0.695533
1786702118.233148,40.336325,1229,29.82,495.92,66.60,1.0000,0.774872,0.138752,477.70,333.86,0.9744,0.746400,0.695534
1786702118.275964,40.379141,1230,29.82,496.24,66.65,1.0000,0.775378,0.138853,477.85,333.81,0.9746,0.746634,0.695438
1786702118.281313,40.384490,1231,29.82,496.25,66.65,1.0000,0.775383,0.138862,477.87,333.75,0.9747,0.746672,0.695321
1786702118.315813,40.418990,1232,29.82,496.24,66.69,1.0000,0.775369,0.138930,477.98,333.67,0.9747,0.746848,0.695151
1786702118.360857,40.464034,1233,29.82,495.89,66.92,1.0000,0.774832,0.139412,478.09,333.63,0.9751,0.747014,0.695059
1786702118.385388,40.488564,1234,29.82,495.89,66.92,1.0000,0.774830,0.139415,478.09,333.31,0.9754,0.747009,0.694387
1786702118.424489,40.527666,1235,29.82,495.89,66.87,1.0000,0.774831,0.139316,478.06,333.27,0.9756,0.746967,0.694310
1786702118.472189,40.575366,1236,29.82,495.87,66.85,1.0000,0.774801,0.139266,477.66,333.53,0.9752,0.746345,0.694863
1786702118.504445,40.607622,1237,29.92,495.87,66.85,1.0000,0.774795,0.139272,477.56,333.72,0.9751,0.746190,0.695249
1786702118.519829,40.623005,1238,29.92,495.87,66.84,1.0000,0.774793,0.139256,477.55,333.83,0.9749,0.746166,0.695487
1786702118.567688,40.670864,1239,29.92,495.92,66.83,1.0000,0.774870,0.139223,477.85,332.88,0.9750,0.746647,0.693497
1786702118.599516,40.702693,1240,29.92,495.85,66.85,1.0000,0.774763,0.139270,477.82,332.91,0.9750,0.746598,0.693568
1786702118.631903,40.735080,1241,29.92,495.91,66.84,1.0000,0.774853,0.139260,477.88,332.95,0.9752,0.746685,0.693645
1786702118.664195,40.767371,1242,29.92,495.89,66.79,1.0000,0.774831,0.139146,477.87,332.99,0.9754,0.746674,0.693735
1786702118.696219,40.799395,1243,29.92,496.06,66.79,1.0000,0.775097,0.139145,477.81,333.05,0.9750,0.746584,0.693857
1786702118.744119,40.847296,1244,29.92,496.06,66.79,1.0000,0.775101,0.139143,477.76,333.26,0.9750,0.746502,0.694302
1786702118.759323,40.862499,1245,29.92,496.04,66.65,1.0000,0.775064,0.138864,477.80,333.28,0.9749,0.746565,0.694335
1786702118.808075,40.911251,1246,29.92,496.01,66.63,1.0000,0.775022,0.138816,477.79,333.29,0.9746,0.746547,0.694351
1786702118.831144,40.934321,1247,29.92,496.00,66.62,1.0000,0.774996,0.138781,477.78,333.45,0.9746,0.746534,0.694679
1786702118.851959,40.955136,1248,29.92,496.01,66.62,1.0000,0.775019,0.138801,477.77,333.48,0.9750,0.746522,0.694758
1786702118.890360,40.993537,1249,29.92,496.00,66.46,1.0000,0.775005,0.138465,477.50,333.54,0.9751,0.746092,0.694872
1786702118.935655,41.038832,1250,29.92,496.06,66.35,1.0000,0.775091,0.138223,477.66,333.56,0.9749,0.746347,0.694916
1786702118.967182,41.070358,1251,29.92,496.08,66.34,1.0000,0.775120,0.138212,477.68,333.69,0.9747,0.746376,0.695187
1786702118.982853,41.086029,1252,29.92,495.98,66.37,1.0000,0.774975,0.138277,477.58,333.82,0.9746,0.746216,0.695456
1786702119.047173,41.150349,1253,29.84,495.99,65.46,1.0000,0.774992,0.136378,477.44,333.82,0.9746,0.745998,0.695457
1786702119.062213,41.165390,1254,29.84,495.96,65.35,1.0000,0.774943,0.136143,477.55,333.82,0.9749,0.746177,0.695452
1786702119.096794,41.199970,1255,29.84,496.05,65.66,1.0000,0.775083,0.136798,477.56,333.95,0.9750,0.746184,0.695735
1786702119.125944,41.229120,1256,29.84,496.05,65.53,1.0000,0.775072,0.136516,477.45,333.97,0.9747,0.746010,0.695776
1786702119.157919,41.261095,1257,29.84,496.06,65.24,1.0000,0.775091,0.135915,477.39,333.95,0.9748,0.745921,0.695726
1786702119.224469,41.327646,1258,29.84,496.25,65.47,1.0000,0.775398,0.136398,476.95,334.15,0.9733,0.745240,0.696146
1786702119.226618,41.329795,1259,29.84,496.32,65.56,1.0000,0.775496,0.136574,476.91,334.14,0.9733,0.745179,0.696134
1786702119.269181,41.372358,1260,29.84,496.31,65.54,1.0000,0.775488,0.136546,476.91,334.16,0.9739,0.745177,0.696158
1786702119.300936,41.404113,1261,29.84,496.32,65.19,1.0000,0.775496,0.135807,476.91,334.25,0.9742,0.745176,0.696361
1786702119.332239,41.435415,1262,29.84,496.40,65.23,1.0000,0.775630,0.135904,476.98,334.26,0.9744,0.745285,0.696372
1786702119.364271,41.467448,1263,29.84,496.27,65.26,1.0000,0.775427,0.135967,477.16,334.33,0.9737,0.745564,0.696524
1786702119.393305,41.496482,1264,29.84,496.30,65.67,0.9999,0.775470,0.136810,477.27,334.22,0.9738,0.745733,0.696283
1786702119.443627,41.546803,1265,29.84,496.35,65.70,0.9999,0.775548,0.136884,477.24,334.00,0.9736,0.745694,0.695838
1786702119.458990,41.562167,1266,29.84,496.29,65.51,0.9999,0.775457,0.136484,477.26,334.08,0.9737,0.745724,0.696010
1786702119.491360,41.594537,1267,29.84,496.29,65.48,0.9999,0.775457,0.136422,477.26,334.09,0.9737,0.745713,0.696018
1786702119.538640,41.641817,1268,29.84,496.19,65.71,0.9999,0.775293,0.136898,477.23,334.04,0.9736,0.745677,0.695926
1786702119.554533,41.657710,1269,30.15,495.96,65.76,0.9999,0.774937,0.137009,477.25,333.94,0.9740,0.745709,0.695710
1786702119.602427,41.705604,1270,30.15,495.92,65.68,0.9999,0.774879,0.136832,477.13,333.97,0.9739,0.745513,0.695770
1786702119.618364,41.721541,1271,30.15,495.91,65.99,1.0000,0.774856,0.137475,477.20,333.98,0.9739,0.745623,0.695789
1786702119.666097,41.769274,1272,30.15,495.86,66.24,1.0000,0.774781,0.137991,477.24,334.00,0.9738,0.745684,0.695843
1786702119.697695,41.800872,1273,30.15,495.79,66.22,1.0000,0.774666,0.137968,477.28,334.05,0.9737,0.745747,0.695932
1786702119.729981,41.833158,1274,30.15,495.68,66.11,0.9999,0.774503,0.137733,477.24,334.11,0.9726,0.745693,0.696064
1786702119.761518,41.864694,1275,30.15,495.67,66.37,0.9999,0.774491,0.138276,477.27,334.12,0.9726,0.745741,0.696088
1786702119.792975,41.896152,1276,30.15,495.65,66.37,0.9999,0.774450,0.138279,477.27,334.21,0.9732,0.745739,0.696267
1786702119.824416,41.927593,1277,30.15,495.58,66.31,0.9999,0.774344,0.138136,477.34,334.15,0.9729,0.745844,0.696154
1786702119.872270,41.975446,1278,30.15,495.46,66.22,0.9999,0.774153,0.137966,477.42,334.15,0.9732,0.745965,0.696138
1786702119.904006,42.007183,1279,30.15,495.47,66.23,0.9999,0.774172,0.137986,477.32,334.27,0.9729,0.745806,0.696387
1786702119.920074,42.023250,1280,30.15,495.76,66.25,1.0000,0.774623,0.138023,477.59,333.94,0.9730,0.746228,0.695710
1786702119.954191,42.057367,1281,30.15,495.84,66.02,1.0000,0.774744,0.137536,477.58,333.94,0.9730,0.746221,0.695709
1786702119.996059,42.099236,1282,30.15,495.67,65.94,1.0000,0.774477,0.137368,477.63,333.77,0.9730,0.746294,0.695358
1786702120.014915,42.118092,1283,30.15,495.67,65.92,1.0000,0.774478,0.137324,477.51,333.79,0.9733,0.746113,0.695396
1786702120.079547,42.182724,1284,29.83,495.59,66.30,1.0000,0.774357,0.138115,477.53,333.82,0.9740,0.746135,0.695459
1786702120.089946,42.193122,1285,29.83,495.58,66.23,1.0000,0.774344,0.137978,477.57,333.88,0.9741,0.746204,0.695584
1786702120.127524,42.230701,1286,29.83,495.66,66.15,1.0000,0.774461,0.137819,477.53,333.92,0.9736,0.746138,0.695670
1786702120.154323,42.257499,1287,29.83,495.64,66.04,1.0000,0.774441,0.137582,477.57,333.85,0.9742,0.746198,0.695513
1786702120.190498,42.293675,1288,29.83,495.93,66.03,1.0000,0.774891,0.137559,477.90,333.75,0.9746,0.746712,0.695309
1786702120.222983,42.326160,1289,29.83,496.03,66.00,1.0000,0.775041,0.137494,477.89,333.74,0.9750,0.746709,0.695287
1786702120.270300,42.373477,1290,29.83,495.98,65.96,1.0000,0.774967,0.137412,477.75,333.70,0.9747,0.746481,0.695208
1786702120.285707,42.388883,1291,29.83,495.98,65.95,1.0000,0.774963,0.137391,477.74,333.73,0.9744,0.746463,0.695262
1786702120.333389,42.436566,1292,29.83,495.97,65.94,1.0000,0.774958,0.137368,477.78,333.78,0.9740,0.746533,0.695385
1786702120.365087,42.468263,1293,29.83,495.80,66.37,1.0000,0.774695,0.138265,477.86,333.86,0.9733,0.746656,0.695533
1786702120.396725,42.499902,1294,29.83,495.80,66.25,1.0000,0.774685,0.138014,477.78,333.86,0.9729,0.746525,0.695543
1786702120.412408,42.515584,1295,29.83,495.60,66.35,1.0000,0.774370,0.138224,477.77,333.89,0.9729,0.746513,0.695604
1786702120.460081,42.563258,1296,29.83,495.27,66.36,1.0000,0.773859,0.138260,477.75,334.04,0.9725,0.746477,0.695914
1786702120.523160,42.626337,1297,29.83,494.58,66.00,1.0000,0.772774,0.137510,477.83,334.07,0.9728,0.746608,0.695970
1786702120.539231,42.642408,1298,29.83,494.56,66.06,0.9999,0.772743,0.137620,477.86,333.91,0.9729,0.746653,0.695641
1786702120.571011,42.674188,1299,29.83,494.56,65.95,0.9999,0.772744,0.137393,477.82,333.91,0.9723,0.746596,0.695644
1786702120.584148,42.687324,1300,30.08,494.31,65.95,0.9999,0.772367,0.137393,477.87,333.91,0.9716,0.746670,0.695655
1786702120.633933,42.737110,1301,30.08,493.99,65.95,0.9999,0.771860,0.137388,477.86,333.99,0.9719,0.746659,0.695815
1786702120.665754,42.768931,1302,30.08,493.98,65.95,1.0000,0.771850,0.137396,477.86,333.93,0.9720,0.746652,0.695685
1786702120.697346,42.800523,1303,30.08,494.02,65.82,1.0000,0.771905,0.137124,477.65,333.94,0.9718,0.746333,0.695699
1786702120.728738,42.831914,1304,30.08,493.79,65.79,1.0000,0.771545,0.137060,477.58,333.94,0.9720,0.746212,0.695699
1786702120.757262,42.860438,1305,30.08,493.78,65.85,1.0000,0.771527,0.137195,477.60,333.94,0.9720,0.746250,0.695714
1786702120.791768,42.894945,1306,30.08,493.78,65.82,1.0000,0.771529,0.137132,477.55,333.96,0.9723,0.746170,0.695749
1786702120.823483,42.926660,1307,30.08,493.76,66.42,1.0000,0.771501,0.138384,477.51,334.21,0.9725,0.746114,0.696280
1786702120.860676,42.963853,1308,30.08,493.80,66.41,1.0000,0.771555,0.138350,477.55,334.34,0.9724,0.746166,0.696547
1786702120.891566,42.994742,1309,30.08,493.55,66.40,1.0000,0.771175,0.138339,477.47,334.33,0.9724,0.746042,0.696517
1786702120.906555,43.009732,1310,30.08,493.49,66.39,1.0000,0.771083,0.138315,477.48,334.31,0.9727,0.746064,0.696473
1786702120.944762,43.047939,1311,30.08,493.42,66.57,1.0000,0.770961,0.138678,477.37,334.51,0.9721,0.745887,0.696892
1786702121.000723,43.103899,1312,30.08,493.29,67.29,1.0000,0.770758,0.140180,477.51,334.49,0.9729,0.746104,0.696846
1786702121.029461,43.132638,1313,30.08,493.29,67.24,1.0000,0.770758,0.140092,477.55,334.43,0.9729,0.746177,0.696721
1786702121.050680,43.153857,1314,30.08,493.11,67.15,1.0000,0.770484,0.139890,477.54,334.36,0.9722,0.746152,0.696593
1786702121.098608,43.201784,1315,30.05,493.02,67.02,1.0000,0.770351,0.139626,477.45,334.72,0.9714,0.746011,0.697340
1786702121.140406,43.243583,1316,30.05,492.89,67.14,1.0000,0.770146,0.139881,477.26,334.77,0.9710,0.745716,0.697443
1786702121.172013,43.275189,1317,30.05,492.74,67.14,1.0000,0.769899,0.139871,477.39,334.19,0.9713,0.745927,0.696223
1786702121.203382,43.306558,1318,30.05,492.74,67.13,1.0000,0.769910,0.139863,477.36,334.01,0.9717,0.745881,0.695850
1786702121.234807,43.337984,1319,30.05,492.90,67.13,1.0000,0.770151,0.139856,477.48,334.15,0.9725,0.746060,0.696140
1786702121.266576,43.369752,1320,30.05,492.89,67.16,1.0000,0.770133,0.139909,477.57,334.02,0.9731,0.746210,0.695884
1786702121.282564,43.385740,1321,30.05,492.92,67.14,1.0000,0.770190,0.139874,477.84,333.76,0.9735,0.746624,0.695335
1786702121.330420,43.433597,1322,30.05,492.83,67.11,1.0000,0.770052,0.139821,477.97,333.71,0.9740,0.746825,0.695233
1786702121.362462,43.465638,1323,30.05,492.81,67.14,1.0000,0.770014,0.139873,477.97,333.74,0.9743,0.746828,0.695301
1786702121.393691,43.496867,1324,30.05,492.81,67.07,1.0000,0.770012,0.139727,478.05,333.51,0.9746,0.746946,0.694822
1786702121.425795,43.528971,1325,30.05,492.81,67.03,1.0000,0.770023,0.139636,478.24,333.50,0.9752,0.747254,0.694792
1786702121.444479,43.547655,1326,30.05,492.75,66.91,1.0000,0.769922,0.139395,478.30,333.30,0.9758,0.747347,0.694367
1786702121.489119,43.592296,1327,30.05,492.67,66.82,1.0000,0.769790,0.139212,478.26,333.11,0.9762,0.747281,0.693984
1786702121.505154,43.608330,1328,30.05,492.66,66.77,1.0000,0.769789,0.139109,478.31,333.13,0.9767,0.747357,0.694024
1786702121.552663,43.655839,1329,30.05,492.76,66.75,1.0000,0.769931,0.139072,478.09,333.47,0.9765,0.747014,0.694738
1786702121.596754,43.699930,1330,30.05,492.75,66.75,1.0000,0.769923,0.139065,478.06,333.51,0.9766,0.746972,0.694816
1786702121.630779,43.733955,1331,30.02,492.75,66.73,1.0000,0.769921,0.139012,478.17,333.44,0.9772,0.747135,0.694667
1786702121.662817,43.765994,1332,30.02,492.54,66.80,1.0000,0.769597,0.139176,478.22,333.71,0.9775,0.747215,0.695230
1786702121.694073,43.797250,1333,30.02,492.57,66.87,1.0000,0.769635,0.139303,478.23,333.75,0.9779,0.747233,0.695313
1786702121.741014,43.844191,1334,30.02,492.77,66.85,1.0000,0.769950,0.139270,477.86,333.91,0.9778,0.746663,0.695656
1786702121.751764,43.854941,1335,30.02,492.81,66.63,1.0000,0.770023,0.138811,477.96,333.91,0.9776,0.746815,0.695639
1786702121.804463,43.907640,1336,30.02,492.62,66.66,1.0000,0.769717,0.138868,477.97,333.97,0.9778,0.746825,0.695772
1786702121.820155,43.923331,1337,30.02,492.61,66.65,1.0000,0.769710,0.138861,477.89,333.94,0.9780,0.746711,0.695716
1786702121.867766,43.970942,1338,30.02,492.49,66.64,1.0000,0.769508,0.138834,477.92,333.64,0.9779,0.746751,0.695086
1786702121.915859,44.019035,1339,30.02,492.47,66.65,1.0000,0.769487,0.138850,477.95,333.64,0.9775,0.746793,0.695089
1786702121.935587,44.038764,1340,30.02,492.37,66.67,1.0000,0.769323,0.138901,477.93,333.81,0.9780,0.746768,0.695431
1786702121.968796,44.071973,1341,30.02,492.29,66.66,1.0000,0.769209,0.138880,477.80,333.89,0.9778,0.746561,0.695603
1786702121.993221,44.096398,1342,30.02,492.29,66.44,1.0000,0.769205,0.138416,477.70,333.88,0.9776,0.746401,0.695590
1786702122.024991,44.128167,1343,30.02,492.07,66.44,1.0000,0.768853,0.138422,477.78,333.89,0.9779,0.746525,0.695609
1786702122.040288,44.143465,1344,30.02,491.94,66.44,1.0000,0.768662,0.138407,477.82,333.90,0.9778,0.746590,0.695615
1786702122.106449,44.209626,1345,30.02,491.60,66.16,1.0000,0.768124,0.137832,477.90,333.57,0.9775,0.746724,0.694931
1786702122.137892,44.241068,1346,29.96,491.59,66.29,1.0000,0.768114,0.138108,477.90,333.33,0.9775,0.746722,0.694428
1786702122.158781,44.261958,1347,29.96,491.61,66.24,1.0000,0.768146,0.137997,477.86,333.48,0.9776,0.746649,0.694757
1786702122.214322,44.317499,1348,29.96,491.69,65.98,1.0000,0.768263,0.137463,477.80,333.42,0.9777,0.746568,0.694616
1786702122.228695,44.331871,1349,29.96,491.62,65.98,1.0000,0.768162,0.137463,477.63,333.66,0.9771,0.746293,0.695133
1786702122.261110,44.364287,1350,29.96,491.64,65.98,1.0000,0.768194,0.137467,477.63,333.77,0.9772,0.746300,0.695345
1786702122.278522,44.381698,1351,29.96,491.63,65.92,1.0000,0.768171,0.137340,477.55,333.79,0.9773,0.746177,0.695404
1786702122.312670,44.415847,1352,29.96,491.65,65.95,1.0000,0.768197,0.137391,477.61,334.02,0.9772,0.746258,0.695870
1786702122.358082,44.461258,1353,29.96,491.62,65.95,1.0000,0.768149,0.137403,477.62,333.95,0.9773,0.746279,0.695736
1786702122.390044,44.493221,1354,29.96,491.65,65.96,1.0000,0.768203,0.137416,477.64,333.84,0.9774,0.746314,0.695505
1786702122.421881,44.525058,1355,29.96,491.65,65.87,1.0000,0.768198,0.137222,477.59,333.95,0.9772,0.746236,0.695723
1786702122.453857,44.557034,1356,29.96,491.65,65.85,1.0000,0.768204,0.137188,477.61,333.86,0.9774,0.746259,0.695549
1786702122.486348,44.589524,1357,29.96,491.81,65.84,1.0000,0.768454,0.137172,477.62,333.71,0.9773,0.746286,0.695226
1786702122.517695,44.620872,1358,29.96,491.85,65.83,1.0000,0.768513,0.137154,477.69,333.69,0.9778,0.746397,0.695184
1786702122.565626,44.668803,1359,29.96,491.77,65.83,1.0000,0.768390,0.137156,477.58,334.02,0.9773,0.746215,0.695865
1786702122.596816,44.699992,1360,29.96,491.76,65.63,1.0000,0.768375,0.136720,477.57,334.10,0.9773,0.746203,0.696031
1786702122.612750,44.715927,1361,29.96,491.78,65.67,1.0000,0.768405,0.136818,477.76,334.03,0.9776,0.746506,0.695898
1786702122.660185,44.763361,1362,30.06,491.77,65.68,1.0000,0.768394,0.136831,478.16,334.02,0.9777,0.747127,0.695877
1786702122.691750,44.794926,1363,30.06,491.76,65.72,1.0000,0.768376,0.136910,478.18,333.98,0.9773,0.747160,0.695794
1786702122.723689,44.826865,1364,30.06,491.63,65.75,1.0000,0.768179,0.136971,478.42,333.93,0.9774,0.747532,0.695684
1786702122.754929,44.858105,1365,30.06,491.64,65.75,1.0000,0.768185,0.136974,478.49,333.84,0.9770,0.747642,0.695507
1786702122.802090,44.905266,1366,30.06,491.64,65.82,1.0000,0.768184,0.137129,478.54,333.79,0.9771,0.747718,0.695402
1786702122.833470,44.936647,1367,30.06,491.59,65.73,1.0000,0.768117,0.136944,478.58,333.82,0.9769,0.747779,0.695453
1786702122.865436,44.968613,1368,30.06,491.64,65.73,1.0000,0.768180,0.136929,478.61,333.68,0.9767,0.747824,0.695170
1786702122.897325,45.000502,1369,30.06,491.63,65.73,1.0000,0.768179,0.136931,478.56,333.72,0.9769,0.747749,0.695260
1786702122.929100,45.032277,1370,30.06,491.63,65.72,1.0000,0.768171,0.136913,478.59,333.83,0.9769,0.747791,0.695475
1786702122.975794,45.078971,1371,30.06,491.65,65.69,1.0000,0.768199,0.136862,478.38,333.90,0.9769,0.747470,0.695623
1786702123.007676,45.110852,1372,30.06,491.69,65.69,1.0000,0.768263,0.136847,478.39,333.80,0.9769,0.747478,0.695427
1786702123.023033,45.126210,1373,30.06,491.68,65.75,1.0000,0.768248,0.136988,477.99,333.88,0.9773,0.746866,0.695588
1786702123.129089,45.232266,1375,30.06,491.65,65.95,1.0000,0.768203,0.137396,477.98,333.54,0.9772,0.746844,0.694867
1786702123.131742,45.234919,1376,30.06,491.65,65.97,1.0000,0.768202,0.137431,478.02,333.57,0.9773,0.746909,0.694946
1786702123.167448,45.270624,1377,29.62,491.51,65.97,1.0000,0.767982,0.137442,477.98,333.62,0.9773,0.746836,0.695046
1786702123.191567,45.294743,1378,29.62,491.49,65.97,1.0000,0.767960,0.137437,478.09,333.47,0.9777,0.747011,0.694719
1786702123.222025,45.325202,1379,29.62,491.46,65.93,1.0000,0.767908,0.137360,478.52,333.38,0.9780,0.747683,0.694541
1786702123.251268,45.354444,1380,29.62,491.46,65.84,1.0000,0.767907,0.137175,478.42,333.37,0.9783,0.747531,0.694513
1786702123.294173,45.397349,1381,29.62,491.30,65.75,1.0000,0.767664,0.136981,478.45,333.51,0.9785,0.747582,0.694811
1786702123.358334,45.461511,1382,29.62,491.33,65.94,1.0000,0.767708,0.137384,478.43,333.34,0.9786,0.747546,0.694450
1786702123.384848,45.488025,1384,29.62,491.07,66.06,1.0000,0.767294,0.137633,478.29,333.41,0.9785,0.747323,0.694601
1786702123.437920,45.541097,1385,29.62,490.55,66.08,1.0000,0.766479,0.137668,478.32,333.38,0.9786,0.747377,0.694535
1786702123.461381,45.564558,1386,29.62,490.63,66.08,1.0000,0.766608,0.137670,478.62,333.38,0.9788,0.747850,0.694537
1786702123.492949,45.596125,1387,29.62,490.22,66.13,1.0000,0.765976,0.137779,478.93,333.35,0.9785,0.748326,0.694481
1786702123.548528,45.651704,1388,29.62,489.73,66.16,1.0000,0.765204,0.137836,479.15,333.33,0.9784,0.748673,0.694428
1786702123.580784,45.683961,1389,29.62,489.51,66.33,1.0000,0.764866,0.138190,479.15,333.32,0.9786,0.748680,0.694422
1786702123.612741,45.715917,1390,29.62,489.37,66.33,1.0000,0.764648,0.138185,478.98,333.33,0.9784,0.748410,0.694436
1786702123.614861,45.718037,1391,29.62,489.38,66.82,1.0000,0.764655,0.139204,478.99,333.34,0.9786,0.748414,0.694449
1786702123.676836,45.780013,1392,29.14,489.06,66.75,1.0000,0.764157,0.139068,478.66,333.46,0.9784,0.747907,0.694706
1786702123.681765,45.784941,1393,29.14,489.05,67.03,1.0000,0.764141,0.139647,478.64,333.62,0.9781,0.747878,0.695048
1786702123.721828,45.825005,1394,29.14,489.04,67.35,1.0000,0.764129,0.140311,478.68,333.63,0.9784,0.747944,0.695057
1786702123.756461,45.859638,1395,29.14,489.07,67.31,1.0000,0.764177,0.140233,478.70,333.60,0.9786,0.747973,0.695000
1786702123.787955,45.891131,1396,29.14,489.06,67.01,1.0000,0.764149,0.139613,478.60,333.63,0.9786,0.747805,0.695063
1786702123.819825,45.923002,1397,29.14,489.03,67.00,1.0000,0.764107,0.139582,478.56,333.69,0.9779,0.747744,0.695185
1786702123.866942,45.970119,1398,29.14,489.06,67.02,1.0000,0.764155,0.139620,478.28,333.62,0.9778,0.747309,0.695050
1786702123.874663,45.977840,1399,29.14,489.07,67.29,1.0000,0.764164,0.140178,478.13,333.40,0.9775,0.747083,0.694582
1786702123.925513,46.028690,1400,29.14,489.37,67.18,1.0000,0.764644,0.139962,477.92,333.55,0.9775,0.746746,0.694896
1786702123.969829,46.073005,1401,29.14,489.58,67.12,1.0000,0.764963,0.139836,477.90,333.49,0.9778,0.746713,0.694763
1786702123.993698,46.096875,1402,29.14,489.47,67.16,1.0000,0.764796,0.139919,477.92,333.49,0.9781,0.746747,0.694776
1786702124.009798,46.112975,1403,29.14,489.47,67.18,1.0000,0.764798,0.139950,477.94,333.48,0.9784,0.746781,0.694754
1786702124.050040,46.153217,1404,29.14,489.47,67.18,1.0000,0.764799,0.139963,477.96,333.35,0.9786,0.746815,0.694476
1786702124.088693,46.191869,1405,29.14,489.52,67.18,1.0000,0.764878,0.139959,477.92,333.37,0.9786,0.746747,0.694514
1786702124.120314,46.223490,1406,29.14,489.52,67.16,1.0000,0.764878,0.139910,477.79,333.39,0.9786,0.746552,0.694562
1786702124.152328,46.255505,1407,29.14,489.38,66.99,1.0000,0.764652,0.139559,477.76,333.32,0.9789,0.746499,0.694415
1786702124.167761,46.270937,1408,29.68,489.25,66.92,1.0000,0.764458,0.139406,477.74,333.32,0.9789,0.746468,0.694422
1786702124.233096,46.336272,1409,29.68,489.37,66.71,1.0000,0.764644,0.138983,477.83,333.23,0.9794,0.746608,0.694237
1786702124.248441,46.351618,1410,29.68,489.35,66.63,1.0000,0.764605,0.138802,477.57,333.45,0.9788,0.746198,0.694678
1786702124.290274,46.393451,1411,29.68,489.33,66.56,1.0000,0.764574,0.138660,477.55,333.79,0.9786,0.746178,0.695391
1786702124.344261,46.447437,1412,29.68,489.34,66.53,1.0000,0.764591,0.138600,477.47,334.06,0.9783,0.746039,0.695951
1786702124.375852,46.479028,1413,29.68,489.32,66.47,1.0000,0.764556,0.138470,477.48,334.13,0.9779,0.746061,0.696101
1786702124.391133,46.494309,1414,29.68,489.33,66.43,1.0000,0.764579,0.138396,477.94,334.07,0.9782,0.746779,0.695984
1786702124.413786,46.516963,1415,29.68,489.32,66.43,1.0000,0.764565,0.138389,477.91,334.08,0.9786,0.746741,0.696007
1786702124.454780,46.557957,1416,29.68,489.29,66.60,1.0000,0.764517,0.138751,477.93,334.02,0.9789,0.746764,0.695884
1786702124.502077,46.605254,1417,29.68,489.27,66.57,1.0000,0.764478,0.138687,477.90,333.87,0.9790,0.746723,0.695572
1786702124.517954,46.621131,1418,29.68,488.98,66.57,1.0000,0.764025,0.138680,478.00,333.67,0.9793,0.746875,0.695144
1786702124.564526,46.667702,1419,29.68,488.98,66.57,1.0000,0.764033,0.138690,477.95,333.67,0.9794,0.746803,0.695137
1786702124.580324,46.683500,1420,29.68,488.56,66.63,1.0000,0.763374,0.138809,477.99,333.64,0.9796,0.746861,0.695074
1786702124.618367,46.721544,1421,29.68,488.55,66.63,1.0000,0.763367,0.138816,478.01,333.59,0.9797,0.746889,0.694973
1786702124.676131,46.779307,1422,29.68,488.41,66.73,1.0000,0.763142,0.139023,478.00,333.62,0.9796,0.746883,0.695040
1786702124.707558,46.810734,1423,29.44,488.50,66.73,1.0000,0.763278,0.139020,478.17,333.61,0.9800,0.747137,0.695012
1786702124.722456,46.825632,1424,29.44,487.82,66.99,1.0000,0.762224,0.139568,478.18,333.50,0.9799,0.747160,0.694798
1786702124.788265,46.891441,1425,29.44,487.63,66.99,1.0000,0.761919,0.139565,478.21,333.45,0.9797,0.747198,0.694698
1786702124.801797,46.904974,1426,29.44,487.68,67.00,1.0000,0.761994,0.139575,478.24,333.22,0.9797,0.747256,0.694209
1786702124.821504,46.924681,1427,29.44,487.64,66.99,1.0000,0.761932,0.139573,478.33,333.35,0.9797,0.747390,0.694476
1786702124.864716,46.967893,1428,29.44,487.70,67.00,1.0000,0.762027,0.139582,478.33,333.38,0.9797,0.747389,0.694533
1786702124.885578,46.988755,1429,29.44,487.67,67.00,1.0000,0.761985,0.139584,478.32,333.30,0.9795,0.747369,0.694375
1786702124.928138,47.031315,1430,29.44,487.61,67.00,1.0000,0.761889,0.139583,478.41,333.19,0.9799,0.747512,0.694137
1786702124.952938,47.056115,1431,29.44,487.64,67.01,1.0000,0.761939,0.139604,478.55,333.25,0.9796,0.747737,0.694279
1786702124.994128,47.097305,1432,29.44,487.69,67.01,1.0000,0.762018,0.139603,478.53,333.32,0.9797,0.747711,0.694424
1786702125.008816,47.111993,1433,29.44,487.74,66.98,1.0000,0.762097,0.139549,478.53,333.05,0.9799,0.747707,0.693863
1786702125.069834,47.173011,1434,29.44,488.18,67.01,1.0000,0.762788,0.139613,478.32,333.33,0.9799,0.747379,0.694431
1786702125.085863,47.189040,1435,29.44,488.27,67.00,1.0000,0.762925,0.139588,478.22,333.38,0.9799,0.747219,0.694537
1786702125.127698,47.230875,1436,29.44,488.29,66.97,1.0000,0.762958,0.139513,478.13,333.37,0.9797,0.747082,0.694514
1786702125.180934,47.284110,1437,29.44,488.25,66.96,1.0000,0.762890,0.139507,478.06,333.29,0.9798,0.746972,0.694352
1786702125.196886,47.300063,1438,29.51,488.26,66.98,1.0000,0.762912,0.139547,477.92,333.28,0.9798,0.746743,0.694329
1786702125.212977,47.316154,1439,29.51,488.32,66.98,1.0000,0.762997,0.139545,477.75,333.28,0.9793,0.746478,0.694334
1786702125.277482,47.380658,1440,29.51,488.34,67.02,1.0000,0.763028,0.139624,477.70,333.28,0.9794,0.746405,0.694329
1786702125.292944,47.396121,1441,29.51,488.28,67.02,1.0000,0.762930,0.139633,477.74,333.28,0.9792,0.746465,0.694330
1786702125.325082,47.428258,1442,29.51,488.30,66.98,1.0000,0.762966,0.139549,477.80,333.19,0.9793,0.746560,0.694147
1786702125.373355,47.476531,1443,29.51,488.60,66.95,1.0000,0.763430,0.139488,477.79,333.12,0.9791,0.746552,0.693991
1786702125.389391,47.492568,1444,29.51,488.57,66.94,1.0000,0.763386,0.139459,477.67,333.15,0.9784,0.746365,0.694053
1786702125.420824,47.524000,1445,29.51,488.57,66.95,1.0000,0.763386,0.139470,477.68,333.21,0.9784,0.746369,0.694194
1786702125.436790,47.539967,1446,29.51,488.55,66.95,1.0000,0.763356,0.139477,477.67,333.26,0.9783,0.746367,0.694302
1786702125.500679,47.603855,1447,29.51,488.50,66.87,1.0000,0.763288,0.139308,477.67,333.28,0.9784,0.746361,0.694332
1786702125.516453,47.619630,1448,29.51,488.56,66.86,1.0000,0.763379,0.139285,477.83,333.19,0.9788,0.746612,0.694149
1786702125.565622,47.668799,1449,29.51,488.56,66.86,1.0000,0.763378,0.139281,477.83,333.30,0.9786,0.746611,0.694382
1786702125.596993,47.700169,1450,29.51,488.38,66.76,1.0000,0.763088,0.139084,477.66,333.46,0.9784,0.746338,0.694710
1786702125.628397,47.731574,1451,29.51,488.37,66.59,1.0000,0.763081,0.138734,477.72,333.47,0.9783,0.746441,0.694723
1786702125.657496,47.760672,1452,29.51,488.39,66.59,1.0000,0.763104,0.138732,477.77,333.60,0.9784,0.746521,0.695003
1786702125.691520,47.794696,1453,29.51,488.39,66.49,1.0000,0.763105,0.138524,477.72,333.83,0.9786,0.746440,0.695485
1786702125.723359,47.826535,1454,29.84,488.34,66.57,1.0000,0.763038,0.138697,477.80,333.62,0.9787,0.746557,0.695034
1786702125.771160,47.874337,1455,29.84,488.31,66.56,1.0000,0.762984,0.138663,478.09,333.67,0.9786,0.747012,0.695142
1786702125.802754,47.905930,1456,29.84,488.25,66.58,1.0000,0.762884,0.138700,478.18,333.63,0.9784,0.747161,0.695055
1786702125.806762,47.909939,1457,29.84,488.24,66.59,1.0000,0.762879,0.138723,478.22,333.54,0.9783,0.747222,0.694873
1786702125.865883,47.969059,1458,29.84,488.22,66.49,1.0000,0.762849,0.138521,478.22,333.54,0.9779,0.747226,0.694878
1786702125.897299,48.000476,1459,29.84,488.23,66.38,1.0000,0.762861,0.138300,478.28,333.53,0.9774,0.747306,0.694856
1786702125.922763,48.025939,1460,29.84,488.23,66.45,1.0000,0.762864,0.138444,478.27,333.58,0.9774,0.747302,0.694963
1786702125.970059,48.073235,1461,29.84,488.25,66.42,1.0000,0.762887,0.138369,478.21,333.73,0.9775,0.747204,0.695271
1786702125.992393,48.095570,1462,29.84,488.21,66.34,1.0000,0.762835,0.138201,478.32,333.77,0.9777,0.747376,0.695364
1786702126.024454,48.127631,1463,29.84,488.23,66.28,1.0000,0.762859,0.138082,478.59,333.73,0.9777,0.747793,0.695280
1786702126.056385,48.159561,1464,29.84,488.23,66.36,1.0000,0.762852,0.138242,478.61,333.71,0.9778,0.747822,0.695223
1786702126.071735,48.174912,1465,29.84,488.23,66.36,1.0000,0.762857,0.138254,478.65,333.70,0.9780,0.747889,0.695217
1786702126.135523,48.238700,1466,29.84,488.04,66.38,1.0000,0.762568,0.138294,478.80,333.58,0.9784,0.748124,0.694952
1786702126.150531,48.253707,1467,29.84,487.81,66.38,1.0000,0.762207,0.138292,478.77,333.52,0.9785,0.748075,0.694832
1786702126.197711,48.300888,1468,29.84,487.78,66.44,1.0000,0.762159,0.138407,478.79,333.52,0.9787,0.748108,0.694840
1786702126.213787,48.316964,1469,29.84,487.80,66.38,1.0000,0.762194,0.138300,478.77,333.68,0.9788,0.748074,0.695165
1786702126.245457,48.348634,1470,29.84,487.80,66.38,1.0000,0.762193,0.138299,478.76,333.86,0.9788,0.748066,0.695533
1786702126.292941,48.396118,1471,29.84,487.77,66.39,1.0000,0.762144,0.138321,478.85,334.63,0.9782,0.748203,0.697143
1786702126.325112,48.428289,1472,29.84,488.09,66.37,1.0000,0.762636,0.138278,478.82,334.54,0.9781,0.748161,0.696958
1786702126.356862,48.460038,1473,29.84,488.20,66.34,1.0000,0.762818,0.138213,478.76,334.53,0.9781,0.748056,0.696937
1786702126.388783,48.491960,1474,29.84,488.25,66.35,1.0000,0.762884,0.138237,478.78,334.42,0.9782,0.748087,0.696715
1786702126.416948,48.520125,1475,29.84,488.28,66.52,1.0000,0.762941,0.138582,478.95,334.40,0.9782,0.748353,0.696670
1786702126.444335,48.547511,1476,29.84,488.22,66.51,1.0000,0.762848,0.138569,478.97,334.40,0.9786,0.748392,0.696662
1786702126.501615,48.604792,1477,29.84,488.30,66.49,1.0000,0.762971,0.138530,478.95,334.74,0.9789,0.748353,0.697366
1786702126.532996,48.636172,1478,29.84,488.31,66.48,1.0000,0.762981,0.138503,478.90,334.75,0.9787,0.748283,0.697390
1786702126.548682,48.651858,1479,29.84,488.37,66.44,1.0000,0.763077,0.138407,478.90,334.49,0.9786,0.748285,0.696853
1786702126.580186,48.683362,1480,29.84,488.37,66.43,1.0000,0.763077,0.138405,478.82,334.54,0.9778,0.748154,0.696966
1786702126.629611,48.732787,1481,29.84,488.37,66.40,1.0000,0.763072,0.138340,478.66,334.34,0.9768,0.747906,0.696537
1786702126.656989,48.760166,1482,29.84,488.37,66.40,1.0000,0.763086,0.138337,478.70,334.20,0.9770,0.747964,0.696242
1786702126.684177,48.787354,1483,29.84,488.22,66.51,1.0000,0.762843,0.138572,478.69,334.42,0.9771,0.747948,0.696701
1786702126.725074,48.828250,1484,29.86,488.16,66.51,1.0000,0.762751,0.138569,478.78,334.18,0.9773,0.748092,0.696201
1786702126.751338,48.854515,1485,29.86,488.17,66.64,1.0000,0.762758,0.138837,478.78,334.22,0.9771,0.748097,0.696284
1786702126.789571,48.892747,1486,29.86,488.15,66.63,1.0000,0.762735,0.138817,478.76,334.21,0.9772,0.748063,0.696273
1786702126.834129,48.937305,1487,29.86,488.12,66.62,1.0000,0.762688,0.138795,478.73,334.32,0.9770,0.748021,0.696508
1786702126.865663,48.968839,1488,29.86,488.12,66.62,1.0000,0.762682,0.138794,478.69,334.34,0.9768,0.747955,0.696549
1786702126.925466,49.028642,1489,29.86,487.98,66.61,1.0000,0.762476,0.138764,478.64,334.35,0.9769,0.747873,0.696561
1786702126.928213,49.031390,1490,29.86,487.98,66.52,1.0000,0.762468,0.138583,478.57,334.36,0.9762,0.747773,0.696583
1786702126.946941,49.050117,1491,29.86,487.96,66.52,1.0000,0.762439,0.138583,478.34,334.21,0.9763,0.747412,0.696263
1786702127.007945,49.111122,1492,29.86,487.94,66.35,1.0000,0.762411,0.138234,478.53,334.33,0.9763,0.747696,0.696523
1786702127.039103,49.142279,1493,29.86,487.99,66.33,1.0000,0.762484,0.138185,478.54,334.22,0.9765,0.747724,0.696291
1786702127.054871,49.158048,1494,29.86,487.71,66.35,1.0000,0.762042,0.138228,478.54,333.75,0.9771,0.747721,0.695308
1786702127.089451,49.192627,1495,29.86,487.84,66.39,1.0000,0.762249,0.138323,478.52,333.76,0.9769,0.747685,0.695336
1786702127.118656,49.221833,1496,29.86,487.90,66.40,1.0000,0.762339,0.138327,478.29,333.77,0.9767,0.747334,0.695346
1786702127.150484,49.253661,1497,29.86,488.12,66.44,1.0000,0.762694,0.138416,478.37,333.78,0.9772,0.747455,0.695371
1786702127.198115,49.301292,1498,29.86,488.13,66.21,1.0000,0.762697,0.137928,478.38,333.70,0.9769,0.747462,0.695215
1786702127.246029,49.349205,1499,29.67,488.22,66.22,1.0000,0.762849,0.137966,478.55,333.57,0.9775,0.747732,0.694935
1786702127.261799,49.364975,1500,29.67,488.22,66.12,1.0000,0.762849,0.137743,478.58,333.64,0.9772,0.747777,0.695078
1786702127.293795,49.396971,1501,29.67,488.22,66.12,1.0000,0.762847,0.137743,478.50,333.64,0.9777,0.747660,0.695082
1786702127.325700,49.428876,1502,29.67,488.44,66.11,1.0000,0.763183,0.137735,478.50,333.60,0.9781,0.747651,0.695005
1786702127.373332,49.476508,1503,29.67,488.65,66.11,1.0000,0.763515,0.137733,478.40,334.16,0.9776,0.747506,0.696159
1786702127.404362,49.507539,1504,29.67,488.62,66.06,1.0000,0.763474,0.137615,478.49,334.21,0.9768,0.747646,0.696269
1786702127.435997,49.539173,1505,29.67,488.62,65.96,1.0000,0.763466,0.137407,478.58,334.14,0.9769,0.747782,0.696120
1786702127.451651,49.554828,1506,29.67,488.59,65.96,1.0000,0.763426,0.137408,478.61,334.14,0.9767,0.747832,0.696119
1786702127.500051,49.603227,1507,29.67,488.76,66.05,1.0000,0.763693,0.137610,478.62,334.05,0.9768,0.747842,0.695943
1786702127.531842,49.635019,1508,29.67,488.77,66.08,1.0000,0.763697,0.137674,478.61,334.29,0.9770,0.747834,0.696432
1786702127.563727,49.666903,1509,29.67,488.80,66.27,1.0000,0.763757,0.138057,478.72,334.21,0.9774,0.747999,0.696270
1786702127.597145,49.700322,1510,29.67,488.80,66.28,1.0000,0.763757,0.138076,478.68,334.20,0.9774,0.747936,0.696244
1786702127.642759,49.745936,1511,29.67,488.81,66.37,1.0000,0.763771,0.138279,478.66,334.06,0.9777,0.747907,0.695968
1786702127.647561,49.750738,1512,29.67,488.81,66.32,1.0000,0.763772,0.138164,478.70,333.44,0.9780,0.747962,0.694672
1786702127.688193,49.791369,1513,29.67,488.80,66.31,1.0000,0.763745,0.138155,478.69,333.60,0.9780,0.747950,0.695003
1786702127.721328,49.824505,1514,29.67,488.81,66.48,1.0000,0.763769,0.138505,478.67,333.67,0.9779,0.747915,0.695147
1786702127.744914,49.848091,1515,29.67,488.80,66.49,1.0000,0.763756,0.138517,478.63,333.74,0.9781,0.747859,0.695283
1786702127.793417,49.896593,1516,30.04,488.72,66.52,1.0000,0.763626,0.138581,478.61,333.68,0.9783,0.747830,0.695170
1786702127.832906,49.936083,1517,30.04,488.73,66.36,1.0000,0.763641,0.138250,478.61,333.68,0.9782,0.747820,0.695169
1786702127.865305,49.968482,1518,30.04,488.73,66.38,1.0000,0.763642,0.138301,478.67,333.68,0.9784,0.747921,0.695161
1786702127.897568,50.000744,1519,30.04,488.70,66.39,1.0000,0.763595,0.138311,478.66,333.63,0.9785,0.747905,0.695059
1786702127.928734,50.031910,1520,30.04,488.68,66.39,1.0000,0.763563,0.138315,478.64,333.67,0.9786,0.747871,0.695150
1786702127.964588,50.067764,1521,30.04,488.55,66.50,1.0000,0.763359,0.138548,478.40,333.60,0.9790,0.747492,0.695003
1786702128.002439,50.105616,1522,30.04,488.55,66.54,1.0000,0.763353,0.138631,478.44,333.65,0.9783,0.747567,0.695109
1786702128.034443,50.137619,1523,30.04,488.55,66.47,1.0000,0.763352,0.138485,478.51,333.62,0.9785,0.747671,0.695044
1786702128.043861,50.147038,1524,30.04,488.49,66.44,1.0000,0.763271,0.138426,478.49,333.67,0.9782,0.747636,0.695140
1786702128.073851,50.177027,1525,30.04,488.50,66.39,1.0000,0.763276,0.138313,478.52,333.59,0.9783,0.747694,0.694970
1786702128.131352,50.234529,1526,30.04,488.45,66.36,1.0000,0.763197,0.138251,477.96,333.66,0.9782,0.746811,0.695117
1786702128.148310,50.251487,1527,30.04,488.45,66.34,1.0000,0.763196,0.138214,477.98,333.59,0.9783,0.746843,0.694982
1786702128.194762,50.297938,1528,30.04,488.47,66.29,1.0000,0.763227,0.138100,477.98,333.64,0.9783,0.746837,0.695080
1786702128.223087,50.326264,1529,30.04,488.34,66.30,1.0000,0.763024,0.138123,477.85,333.49,0.9783,0.746634,0.694764
1786702128.258206,50.361383,1530,30.04,488.26,66.26,1.0000,0.762904,0.138047,477.79,333.45,0.9783,0.746549,0.694685
1786702128.290237,50.393414,1531,30.04,488.23,66.28,1.0000,0.762853,0.138092,477.78,333.53,0.9779,0.746536,0.694858
1786702128.321516,50.424693,1532,30.16,487.82,66.34,1.0000,0.762224,0.138204,478.10,333.42,0.9781,0.747034,0.694633
1786702128.369101,50.472277,1533,30.16,487.19,66.25,1.0000,0.761232,0.138014,478.40,333.51,0.9779,0.747497,0.694805
1786702128.385374,50.488551,1534,30.16,486.96,66.27,1.0000,0.760871,0.138060,478.45,333.48,0.9782,0.747571,0.694755
1786702128.433165,50.536341,1535,30.16,486.72,66.35,1.0000,0.760498,0.138229,478.40,333.49,0.9783,0.747497,0.694777
1786702128.464548,50.567724,1536,30.16,486.72,66.28,1.0000,0.760505,0.138084,478.39,333.50,0.9781,0.747479,0.694794
1786702128.480473,50.583649,1537,30.16,486.58,66.26,1.0000,0.760274,0.138046,478.39,333.42,0.9783,0.747492,0.694633
1786702128.527968,50.631145,1538,30.16,486.50,66.22,1.0000,0.760151,0.137962,478.38,333.43,0.9780,0.747469,0.694655
1786702128.559951,50.663127,1539,30.16,486.47,66.38,1.0000,0.760112,0.138297,478.42,333.49,0.9784,0.747526,0.694769
1786702128.592144,50.695321,1540,30.16,486.25,66.27,1.0000,0.759764,0.138058,478.42,333.75,0.9776,0.747525,0.695315
1786702128.623993,50.727170,1541,30.16,486.25,66.23,1.0000,0.759770,0.137974,478.44,333.77,0.9774,0.747564,0.695362
1786702128.671342,50.774519,1542,30.16,485.69,66.21,1.0000,0.758896,0.137934,478.77,334.32,0.9757,0.748084,0.696502
1786702128.702305,50.805482,1543,30.16,485.74,66.29,1.0000,0.758974,0.138097,478.76,334.32,0.9754,0.748057,0.696504
1786702128.717823,50.820999,1544,30.16,485.60,66.27,1.0000,0.758756,0.138072,478.75,334.12,0.9758,0.748041,0.696077
1786702128.752580,50.855757,1545,30.16,485.61,66.23,1.0000,0.758761,0.137972,478.64,334.04,0.9757,0.747880,0.695925
1786702128.783986,50.887162,1546,30.16,485.62,66.15,1.0000,0.758788,0.137818,478.67,334.03,0.9758,0.747918,0.695901
1786702128.829720,50.932897,1547,29.89,485.68,66.05,1.0000,0.758875,0.137610,478.64,334.10,0.9755,0.747877,0.696047
1786702128.861552,50.964728,1548,29.89,485.09,66.06,1.0000,0.757958,0.137635,478.64,334.02,0.9759,0.747871,0.695883
1786702128.893063,50.996239,1549,29.89,485.11,66.04,1.0000,0.757979,0.137577,478.67,334.03,0.9755,0.747915,0.695901
1786702128.917659,51.020835,1550,29.89,485.12,66.05,1.0000,0.757996,0.137598,478.64,334.07,0.9760,0.747873,0.695971
1786702128.972966,51.076143,1551,29.89,485.13,65.67,1.0000,0.758011,0.136814,478.61,334.12,0.9761,0.747821,0.696083
1786702128.979824,51.083001,1552,29.89,485.13,65.63,1.0000,0.758016,0.136726,478.57,334.03,0.9756,0.747760,0.695904
1786702129.014262,51.117438,1553,29.89,485.07,65.54,1.0000,0.757926,0.136536,478.49,333.95,0.9758,0.747647,0.695736
1786702129.052437,51.155614,1554,29.89,485.08,65.53,1.0000,0.757936,0.136521,478.38,333.95,0.9761,0.747476,0.695726
1786702129.089536,51.192713,1555,29.89,484.90,65.55,1.0000,0.757658,0.136558,478.38,333.94,0.9765,0.747473,0.695712
1786702129.115966,51.219142,1556,29.89,484.71,65.48,1.0000,0.757359,0.136409,478.37,333.96,0.9769,0.747446,0.695744
1786702129.156037,51.259214,1557,29.89,484.77,65.49,1.0000,0.757448,0.136436,478.38,333.88,0.9766,0.747464,0.695590
1786702129.195918,51.299095,1558,29.89,484.31,65.58,1.0000,0.756732,0.136621,478.36,333.89,0.9769,0.747430,0.695607
1786702129.227679,51.330855,1559,29.89,484.19,65.56,1.0000,0.756541,0.136593,478.36,333.89,0.9770,0.747443,0.695596
1786702129.259041,51.362217,1560,29.89,484.13,65.52,1.0000,0.756453,0.136507,478.27,334.13,0.9769,0.747300,0.696097
1786702129.274499,51.377675,1561,29.89,484.12,65.53,1.0000,0.756441,0.136518,478.31,334.30,0.9773,0.747356,0.696451
1786702129.320297,51.423473,1562,29.89,484.16,65.58,1.0000,0.756508,0.136631,478.09,334.00,0.9773,0.747008,0.695831
1786702129.358085,51.461262,1563,29.96,484.35,65.51,1.0000,0.756789,0.136472,478.03,334.01,0.9772,0.746930,0.695863
1786702129.387026,51.490203,1564,29.96,484.35,65.59,1.0000,0.756801,0.136650,478.13,334.14,0.9767,0.747074,0.696132
1786702129.434778,51.537955,1565,29.96,484.39,65.85,1.0000,0.756866,0.137183,478.25,334.22,0.9764,0.747266,0.696294
1786702129.495263,51.598440,1566,29.96,485.11,65.75,1.0000,0.757985,0.136970,478.21,333.97,0.9765,0.747201,0.695781
1786702129.497887,51.601064,1567,29.96,485.21,65.75,1.0000,0.758148,0.136988,478.36,334.15,0.9762,0.747440,0.696139
1786702129.517874,51.621051,1568,29.96,485.49,65.79,1.0000,0.758581,0.137054,478.42,334.14,0.9766,0.747536,0.696117
1786702129.560622,51.663798,1569,29.96,485.58,65.81,1.0000,0.758722,0.137108,478.47,334.01,0.9752,0.747607,0.695859
1786702129.591907,51.695084,1570,29.96,485.63,65.87,1.0000,0.758796,0.137225,478.44,333.96,0.9757,0.747565,0.695758
1786702129.623879,51.727056,1571,29.96,485.64,66.00,1.0000,0.758817,0.137494,478.51,334.06,0.9759,0.747670,0.695949
1786702129.671054,51.774231,1572,29.96,486.26,66.06,1.0000,0.759784,0.137620,478.53,334.10,0.9764,0.747699,0.696033
1786702129.687109,51.790286,1573,29.96,486.27,66.06,1.0000,0.759789,0.137630,478.51,334.20,0.9771,0.747673,0.696241
1786702129.718638,51.821815,1574,29.96,486.26,66.09,1.0000,0.759787,0.137685,478.54,334.17,0.9773,0.747714,0.696196
1786702129.755917,51.859094,1575,29.96,486.26,66.08,1.0000,0.759782,0.137677,478.55,334.18,0.9777,0.747741,0.696213
1786702129.787998,51.891174,1576,29.96,486.39,66.22,1.0000,0.759991,0.137952,478.54,334.21,0.9782,0.747724,0.696276
1786702129.830843,51.934020,1577,29.96,486.45,66.26,1.0000,0.760084,0.138050,478.55,334.25,0.9784,0.747728,0.696345
1786702129.862750,51.965927,1578,29.96,486.45,66.25,1.0000,0.760073,0.138017,478.67,334.25,0.9785,0.747929,0.696359
1786702129.894464,51.997641,1579,29.96,486.49,66.28,1.0000,0.760147,0.138080,478.75,334.46,0.9783,0.748046,0.696795
1786702129.925933,52.029109,1580,29.96,486.85,66.26,1.0000,0.760709,0.138046,478.74,334.45,0.9785,0.748038,0.696762
1786702129.955408,52.058585,1581,29.96,486.87,66.31,1.0000,0.760731,0.138149,478.76,334.47,0.9787,0.748068,0.696821
1786702129.991072,52.094248,1582,29.96,486.89,66.30,1.0000,0.760762,0.138129,478.70,334.47,0.9785,0.747969,0.696820
1786702130.009377,52.112554,1583,29.96,487.09,66.18,1.0000,0.761081,0.137878,478.58,334.45,0.9785,0.747780,0.696774
1786702130.055078,52.158254,1584,29.96,487.16,66.20,1.0000,0.761187,0.137910,478.58,334.40,0.9783,0.747779,0.696660
1786702130.086554,52.189730,1585,29.96,487.26,66.04,1.0000,0.761339,0.137575,478.67,334.41,0.9778,0.747922,0.696682
1786702130.118155,52.221331,1586,29.96,487.29,65.80,1.0000,0.761385,0.137074,478.72,334.40,0.9776,0.747998,0.696667
1786702130.149556,52.252733,1587,29.96,487.31,65.81,1.0000,0.761422,0.137103,478.69,334.41,0.9776,0.747948,0.696697
1786702130.189200,52.292377,1588,29.96,487.32,65.85,1.0000,0.761430,0.137191,478.63,334.32,0.9772,0.747854,0.696495
1786702130.228837,52.332014,1589,29.96,487.24,65.84,1.0000,0.761314,0.137167,478.62,334.42,0.9766,0.747841,0.696715
1786702130.260453,52.363630,1590,29.96,487.23,65.82,1.0000,0.761299,0.137120,478.47,334.57,0.9752,0.747611,0.697029
1786702130.292574,52.395751,1591,29.96,487.23,65.82,1.0000,0.761297,0.137123,478.52,334.47,0.9751,0.747693,0.696815
1786702130.324126,52.427302,1592,29.96,487.23,65.80,1.0000,0.761296,0.137079,478.64,334.70,0.9746,0.747872,0.697301
1786702130.355629,52.458806,1593,29.96,487.21,65.81,1.0000,0.761269,0.137111,478.71,334.95,0.9745,0.747983,0.697812
1786702130.374361,52.477538,1594,30.20,487.34,65.76,1.0000,0.761473,0.137000,478.82,334.99,0.9738,0.748160,0.697899
1786702130.418837,52.522014,1595,30.20,487.33,65.75,1.0000,0.761450,0.136977,478.80,334.61,0.9735,0.748126,0.697104
1786702130.451119,52.554295,1596,30.20,487.31,65.77,1.0000,0.761422,0.137020,478.79,334.46,0.9736,0.748113,0.696785
1786702130.498375,52.601552,1597,30.20,487.33,65.71,1.0000,0.761450,0.136901,478.76,334.56,0.9740,0.748063,0.697001
1786702130.530728,52.633905,1598,30.20,487.29,65.73,1.0000,0.761391,0.136931,478.68,334.53,0.9738,0.747935,0.696939
1786702130.562648,52.665825,1599,30.20,487.00,65.87,1.0000,0.760936,0.137231,478.64,334.51,0.9739,0.747876,0.696889
1786702130.594092,52.697269,1600,30.20,487.03,65.87,1.0000,0.760978,0.137237,478.61,334.39,0.9742,0.747826,0.696652
1786702130.610140,52.713317,1601,30.20,487.08,65.92,1.0000,0.761070,0.137332,478.67,334.35,0.9747,0.747927,0.696565
1786702130.661077,52.764253,1602,30.20,486.83,65.99,1.0000,0.760679,0.137474,478.69,334.35,0.9754,0.747954,0.696557
1786702130.691513,52.794689,1603,30.20,486.55,66.00,1.0000,0.760229,0.137510,478.68,334.39,0.9754,0.747938,0.696656
1786702130.752103,52.855279,1604,30.20,486.41,65.99,1.0000,0.760008,0.137473,478.61,334.34,0.9759,0.747823,0.696532
1786702130.754107,52.857284,1605,30.20,486.34,65.88,1.0000,0.759900,0.137260,478.71,334.57,0.9756,0.747979,0.697017
1786702130.796273,52.899449,1606,30.20,485.70,65.81,1.0000,0.758911,0.137105,478.72,334.58,0.9758,0.748005,0.697034
1786702130.833174,52.936351,1607,30.20,485.55,65.80,1.0000,0.758665,0.137077,478.70,334.66,0.9764,0.747976,0.697213
1786702130.848823,52.952000,1608,30.20,485.44,65.74,1.0000,0.758506,0.136966,478.72,334.64,0.9762,0.748002,0.697173
1786702130.896360,52.999536,1609,29.88,485.34,65.69,1.0000,0.758338,0.136849,478.72,334.69,0.9765,0.748001,0.697272
1786702130.914048,53.017224,1610,29.88,485.21,65.62,1.0000,0.758139,0.136714,478.70,334.74,0.9769,0.747975,0.697367
1786702130.975838,53.079015,1611,29.88,484.56,65.59,1.0000,0.757130,0.136656,478.61,334.75,0.9769,0.747824,0.697402
1786702131.015030,53.118207,1612,29.88,484.43,65.59,1.0000,0.756925,0.136652,478.61,334.76,0.9772,0.747820,0.697425
1786702131.038287,53.141464,1613,29.88,484.56,65.66,1.0000,0.757125,0.136796,478.45,334.28,0.9775,0.747572,0.696421
1786702131.070477,53.173654,1614,29.88,484.35,65.72,1.0000,0.756799,0.136917,478.36,334.18,0.9774,0.747430,0.696214
1786702131.118024,53.221200,1615,29.88,484.46,65.68,1.0000,0.756974,0.136833,478.41,334.20,0.9779,0.747520,0.696240
1786702131.133348,53.236524,1617,29.88,484.42,65.75,1.0000,0.756900,0.136980,478.28,334.19,0.9781,0.747315,0.696227
1786702131.183921,53.287098,1618,29.88,484.35,65.78,1.0000,0.756792,0.137037,478.23,334.04,0.9777,0.747234,0.695917
1786702131.218406,53.321583,1619,29.88,484.26,65.71,1.0000,0.756653,0.136893,478.22,334.42,0.9768,0.747216,0.696702
1786702131.257478,53.360655,1620,29.88,484.25,65.70,1.0000,0.756648,0.136885,478.18,334.42,0.9765,0.747157,0.696712
1786702131.278185,53.381361,1621,29.88,484.06,65.69,1.0000,0.756351,0.136861,478.16,334.48,0.9764,0.747126,0.696826
1786702131.320800,53.423976,1622,29.88,484.07,65.69,1.0000,0.756362,0.136859,478.06,334.44,0.9763,0.746967,0.696755
1786702131.355121,53.458297,1623,29.88,484.03,65.68,1.0000,0.756297,0.136842,478.03,334.55,0.9761,0.746918,0.696980
1786702131.393501,53.496678,1624,29.88,484.03,65.65,1.0000,0.756294,0.136762,477.91,334.56,0.9763,0.746729,0.696999
1786702131.419022,53.522199,1625,29.75,484.03,65.56,1.0000,0.756300,0.136582,477.83,334.48,0.9760,0.746615,0.696832
1786702131.466407,53.569583,1626,29.75,484.01,65.53,1.0000,0.756259,0.136524,477.71,334.53,0.9762,0.746426,0.696947
1786702131.498223,53.601399,1627,29.75,483.95,65.36,1.0000,0.756168,0.136171,477.89,334.59,0.9759,0.746708,0.697053
1786702131.529876,53.633052,1628,29.75,483.75,65.23,1.0000,0.755862,0.135895,477.89,334.56,0.9761,0.746701,0.697004
1786702131.561553,53.664730,1629,29.75,483.81,65.21,1.0000,0.755960,0.135849,477.94,334.51,0.9761,0.746786,0.696895
1786702131.582342,53.685519,1630,29.75,483.65,65.21,1.0000,0.755699,0.135859,477.95,334.36,0.9764,0.746804,0.696576
1786702131.640532,53.743708,1631,29.75,483.33,65.29,1.0000,0.755202,0.136015,477.98,334.25,0.9765,0.746836,0.696349
1786702131.656272,53.759449,1632,29.75,482.72,65.12,1.0000,0.754257,0.135668,478.00,334.23,0.9767,0.746867,0.696313
1786702131.693078,53.796254,1633,29.75,482.45,65.15,1.0000,0.753829,0.135735,477.98,334.23,0.9769,0.746845,0.696310
1786702131.720651,53.823828,1634,29.75,482.35,65.46,1.0000,0.753673,0.136372,477.84,334.22,0.9769,0.746619,0.696285
1786702131.752489,53.855666,1635,29.75,482.23,65.42,1.0000,0.753485,0.136299,477.84,334.11,0.9772,0.746619,0.696054
1786702131.791760,53.894937,1636,29.75,482.41,65.43,1.0000,0.753758,0.136320,477.83,334.10,0.9772,0.746617,0.696049
1786702131.831988,53.935164,1637,29.75,481.47,65.44,1.0000,0.752305,0.136327,477.79,334.19,0.9770,0.746545,0.696227
1786702131.848791,53.951967,1638,29.75,481.49,65.43,1.0000,0.752331,0.136306,477.80,334.16,0.9769,0.746563,0.696174
1786702131.894325,53.997501,1639,29.75,481.31,65.74,1.0000,0.752054,0.136949,477.83,334.17,0.9767,0.746613,0.696196
1786702131.926785,54.029962,1640,29.69,481.33,65.88,1.0000,0.752080,0.137241,477.78,334.20,0.9767,0.746534,0.696257
1786702131.959930,54.063107,1641,29.69,481.30,66.04,1.0000,0.752038,0.137582,477.59,334.14,0.9765,0.746238,0.696130
1786702132.001056,54.104233,1642,29.69,481.30,66.03,1.0000,0.752029,0.137557,477.10,334.05,0.9768,0.745469,0.695941
1786702132.033365,54.136541,1643,29.69,481.29,66.03,1.0000,0.752023,0.137554,477.09,334.14,0.9765,0.745461,0.696133
1786702132.052899,54.156075,1644,29.69,481.62,65.98,1.0000,0.752534,0.137453,477.17,334.10,0.9767,0.745576,0.696047
1786702132.085410,54.188587,1645,29.69,481.51,65.98,1.0000,0.752355,0.137450,477.29,334.14,0.9766,0.745759,0.696124
1786702132.128132,54.231308,1646,29.69,481.51,65.90,1.0000,0.752359,0.137284,477.52,334.31,0.9768,0.746118,0.696470
1786702132.143838,54.247015,1647,29.69,481.54,65.86,1.0000,0.752409,0.137200,477.61,334.27,0.9773,0.746266,0.696390
1786702132.183863,54.287040,1648,29.69,481.40,65.85,1.0000,0.752189,0.137198,477.62,334.44,0.9774,0.746280,0.696760
1786702132.223347,54.326524,1649,29.69,481.40,65.68,1.0000,0.752192,0.136840,477.63,334.48,0.9778,0.746300,0.696831
1786702132.239180,54.342356,1650,29.69,481.44,65.70,1.0000,0.752242,0.136866,477.73,334.49,0.9780,0.746445,0.696854
1786702132.284074,54.387250,1651,29.69,481.77,65.68,1.0000,0.752762,0.136827,477.93,334.77,0.9775,0.746773,0.697445
1786702132.317767,54.420944,1652,29.69,481.85,65.79,1.0000,0.752897,0.137055,477.97,334.71,0.9763,0.746822,0.697320
1786702132.364938,54.468115,1653,29.69,482.19,65.79,1.0000,0.753426,0.137055,478.06,334.38,0.9764,0.746972,0.696625
1786702132.380247,54.483423,1654,29.69,482.32,65.77,1.0000,0.753629,0.137012,478.07,334.39,0.9762,0.746992,0.696654
1786702132.427809,54.530986,1655,29.64,482.33,65.79,1.0000,0.753635,0.137058,478.12,334.19,0.9763,0.747059,0.696231
1786702132.445623,54.548800,1656,29.64,482.33,65.78,1.0000,0.753636,0.137048,478.08,334.16,0.9765,0.747000,0.696167
1786702132.491358,54.594534,1657,29.64,482.66,65.49,1.0000,0.754161,0.136435,478.09,334.16,0.9766,0.747011,0.696175
1786702132.507380,54.610557,1658,29.64,483.27,65.49,1.0000,0.755113,0.136434,478.07,334.17,0.9772,0.746988,0.696196
1786702132.555021,54.658197,1659,29.64,483.47,65.49,1.0000,0.755416,0.136435,478.07,334.26,0.9773,0.746982,0.696378
1786702132.589334,54.692511,1660,29.64,483.56,65.42,1.0000,0.755556,0.136282,478.05,334.26,0.9774,0.746948,0.696375
1786702132.634216,54.737392,1661,29.64,484.39,65.06,1.0000,0.756860,0.135535,478.08,334.29,0.9776,0.746998,0.696435
1786702132.652294,54.755471,1662,29.64,484.38,65.03,1.0000,0.756840,0.135471,478.02,334.14,0.9777,0.746911,0.696132
1786702132.682416,54.785593,1663,29.64,484.45,64.98,1.0000,0.756958,0.135376,478.11,334.15,0.9774,0.747044,0.696152
1786702132.729865,54.833042,1664,29.64,484.69,64.74,1.0000,0.757329,0.134870,478.07,334.05,0.9772,0.746987,0.695945
1786702132.745580,54.848756,1665,29.64,484.84,64.73,1.0000,0.757563,0.134856,478.06,334.06,0.9767,0.746963,0.695960
1786702132.793430,54.896606,1666,29.64,484.92,64.73,1.0000,0.757680,0.134848,478.08,334.06,0.9766,0.746995,0.695957
1786702132.825030,54.928206,1667,29.64,484.87,64.72,1.0000,0.757616,0.134830,477.99,333.95,0.9767,0.746865,0.695735
1786702132.865437,54.968613,1668,29.64,484.82,64.72,1.0000,0.757535,0.134841,477.97,333.95,0.9765,0.746829,0.695727
1786702132.904559,55.007736,1669,29.64,484.81,64.85,1.0000,0.757523,0.135094,477.99,333.94,0.9765,0.746855,0.695719
1786702132.920464,55.023640,1670,29.64,484.62,64.81,1.0000,0.757220,0.135021,478.01,334.03,0.9768,0.746896,0.695892
1786702132.968471,55.071648,1671,29.63,484.62,64.87,1.0000,0.757216,0.135150,478.02,334.03,0.9771,0.746908,0.695890
1786702133.000299,55.103476,1672,29.63,484.63,64.91,1.0000,0.757232,0.135230,478.07,334.05,0.9773,0.746983,0.695934
1786702133.032734,55.135911,1673,29.63,484.63,65.10,1.0000,0.757237,0.135631,478.05,334.06,0.9773,0.746946,0.695962
1786702133.063997,55.167174,1674,29.63,484.65,65.14,1.0000,0.757265,0.135714,478.08,334.07,0.9773,0.746997,0.695987
1786702133.111195,55.214371,1675,29.63,484.65,65.11,1.0000,0.757267,0.135650,478.13,334.09,0.9771,0.747072,0.696029
1786702133.142642,55.245819,1676,29.63,484.71,65.10,1.0000,0.757358,0.135615,478.27,334.14,0.9774,0.747298,0.696117
1786702133.158642,55.261818,1677,29.63,484.65,65.11,1.0000,0.757261,0.135645,478.27,334.10,0.9770,0.747302,0.696033
1786702133.190422,55.293599,1678,29.63,484.65,65.11,1.0000,0.757261,0.135648,478.28,334.10,0.9767,0.747309,0.696050
1786702133.238101,55.341278,1679,29.63,484.64,65.13,1.0000,0.757252,0.135684,478.28,334.08,0.9765,0.747307,0.696007
1786702133.270491,55.373667,1680,29.63,484.65,65.11,1.0000,0.757263,0.135655,478.24,333.96,0.9767,0.747243,0.695744
1786702133.329087,55.432264,1681,29.63,484.72,65.14,1.0000,0.757369,0.135708,478.27,333.96,0.9768,0.747291,0.695760
1786702133.342980,55.446156,1682,29.63,484.74,65.17,1.0000,0.757408,0.135764,478.12,333.96,0.9772,0.747063,0.695741
1786702133.366054,55.469230,1683,29.63,484.80,65.16,1.0000,0.757495,0.135760,477.98,333.93,0.9769,0.746837,0.695683
1786702133.430935,55.534112,1684,29.63,484.80,65.20,1.0000,0.757504,0.135839,477.80,333.81,0.9770,0.746569,0.695437
1786702133.446037,55.549213,1685,29.63,484.80,65.20,1.0000,0.757505,0.135841,477.80,334.01,0.9771,0.746557,0.695861
1786702133.485718,55.588895,1686,29.60,484.83,65.20,1.0000,0.757549,0.135835,477.82,334.16,0.9768,0.746596,0.696161
1786702133.493510,55.596686,1687,29.60,484.89,65.16,1.0000,0.757642,0.135740,477.82,334.16,0.9767,0.746590,0.696162
1786702133.521279,55.624456,1688,29.60,484.75,65.19,1.0000,0.757422,0.135811,477.81,334.22,0.9761,0.746579,0.696286
1786702133.573464,55.676641,1689,29.60,484.78,65.37,1.0000,0.757472,0.136197,477.78,334.17,0.9762,0.746538,0.696186
1786702133.580440,55.683617,1690,29.60,484.56,65.40,1.0000,0.757128,0.136243,477.78,334.07,0.9765,0.746532,0.695975
1786702133.615887,55.719064,1691,29.60,484.55,65.40,1.0000,0.757110,0.136242,477.78,333.95,0.9762,0.746533,0.695730
1786702133.653254,55.756430,1692,29.60,484.37,65.37,1.0000,0.756827,0.136195,477.80,334.01,0.9761,0.746564,0.695864
1786702133.684900,55.788077,1693,29.60,483.96,65.45,1.0000,0.756191,0.136350,477.75,334.15,0.9762,0.746489,0.696145
1786702133.737991,55.841167,1694,29.60,484.03,65.30,1.0000,0.756296,0.136032,477.78,334.19,0.9763,0.746537,0.696239
1786702133.754027,55.857203,1695,29.60,483.98,65.38,1.0000,0.756217,0.136203,477.75,334.21,0.9760,0.746482,0.696263
1786702133.796997,55.900174,1696,29.60,483.68,65.52,1.0000,0.755742,0.136509,477.44,333.94,0.9757,0.746002,0.695709
1786702133.828637,55.931813,1697,29.60,483.66,65.44,1.0000,0.755723,0.136333,477.41,333.98,0.9754,0.745950,0.695795
1786702133.860631,55.963807,1698,29.60,483.80,65.41,1.0000,0.755937,0.136265,477.40,333.88,0.9757,0.745939,0.695589
1786702133.897185,56.000362,1699,29.60,483.60,65.43,1.0000,0.755631,0.136315,477.45,334.04,0.9754,0.746020,0.695923
1786702133.908144,56.011321,1700,29.60,483.88,65.42,1.0000,0.756055,0.136299,477.53,334.11,0.9748,0.746145,0.696066
1786702133.960351,56.063528,1701,29.60,484.24,65.41,1.0000,0.756624,0.136263,477.27,334.06,0.9744,0.745732,0.695954
1786702134.010200,56.113377,1702,29.68,484.17,65.40,1.0000,0.756512,0.136254,477.32,334.00,0.9748,0.745809,0.695843
1786702134.030733,56.133909,1703,29.68,484.13,65.38,1.0000,0.756456,0.136211,477.30,333.98,0.9748,0.745778,0.695802
1786702134.046610,56.149787,1704,29.68,484.13,65.36,1.0000,0.756456,0.136165,477.32,333.95,0.9748,0.745817,0.695726
1786702134.094767,56.197944,1705,29.68,484.29,65.25,1.0000,0.756698,0.135945,477.27,333.82,0.9743,0.745736,0.695458
1786702134.126570,56.229746,1706,29.68,484.28,65.22,1.0000,0.756694,0.135871,477.48,333.66,0.9748,0.746068,0.695118
1786702134.158456,56.261633,1707,29.68,484.19,65.21,1.0000,0.756542,0.135864,477.49,333.89,0.9747,0.746076,0.695605
1786702134.190332,56.293509,1708,29.68,484.19,65.23,1.0000,0.756543,0.135903,477.59,333.82,0.9748,0.746232,0.695463
1786702134.221961,56.325138,1709,29.68,484.26,65.19,1.0000,0.756655,0.135816,477.61,333.82,0.9752,0.746263,0.695464
1786702134.253723,56.356900,1710,29.68,484.26,65.23,1.0000,0.756651,0.135899,477.50,333.82,0.9755,0.746094,0.695465
1786702134.301829,56.405005,1711,29.68,484.78,65.33,1.0000,0.757472,0.136097,477.51,333.85,0.9753,0.746105,0.695530
1786702134.332900,56.436077,1712,29.68,484.76,65.32,1.0000,0.757437,0.136092,477.48,333.64,0.9757,0.746060,0.695073
1786702134.355671,56.458848,1713,29.68,484.77,65.32,1.0000,0.757449,0.136088,477.53,333.66,0.9752,0.746141,0.695125
1786702134.396809,56.499985,1714,29.68,484.77,65.28,1.0000,0.757452,0.136002,477.53,333.60,0.9751,0.746135,0.694999
1786702134.428836,56.532012,1715,29.68,484.54,65.32,1.0000,0.757090,0.136086,477.69,333.62,0.9753,0.746385,0.695042
1786702134.460401,56.563577,1716,29.68,484.56,65.32,1.0000,0.757125,0.136085,477.63,333.66,0.9753,0.746302,0.695125
1786702134.491914,56.595090,1717,29.68,484.66,65.33,1.0000,0.757283,0.136100,477.70,333.79,0.9755,0.746404,0.695401
1786702134.539162,56.642338,1718,29.83,484.62,65.32,1.0000,0.757213,0.136092,477.73,333.83,0.9754,0.746451,0.695488
1786702134.602311,56.705487,1720,29.83,484.66,65.33,1.0000,0.757285,0.136097,477.69,333.81,0.9752,0.746398,0.695438
1786702134.627593,56.730770,1721,29.83,484.65,65.33,1.0000,0.757259,0.136095,477.74,333.98,0.9746,0.746474,0.695794
1786702134.650550,56.753727,1722,29.83,484.68,65.34,1.0000,0.757317,0.136132,477.69,334.00,0.9748,0.746388,0.695830
1786702134.698675,56.801852,1723,29.83,484.67,65.50,1.0000,0.757291,0.136463,477.70,333.96,0.9751,0.746412,0.695751
1786702134.729535,56.832711,1724,29.83,484.79,65.50,1.0000,0.757483,0.136458,477.50,334.04,0.9752,0.746086,0.695919
1786702134.761118,56.864294,1725,29.83,484.84,65.44,1.0000,0.757559,0.136344,477.48,334.11,0.9744,0.746059,0.696065
1786702134.802733,56.905910,1726,29.83,484.84,65.46,1.0000,0.757558,0.136385,477.44,334.14,0.9741,0.746001,0.696116
1786702134.823148,56.926324,1727,29.83,484.82,65.46,1.0000,0.757530,0.136382,477.44,333.95,0.9735,0.746003,0.695735
1786702134.857233,56.960410,1728,29.83,485.24,65.46,1.0000,0.758180,0.136385,477.41,333.66,0.9739,0.745947,0.695126
1786702134.882588,56.985765,1729,29.83,485.13,65.47,1.0000,0.758013,0.136399,477.48,334.03,0.9733,0.746055,0.695905
1786702134.935218,57.038394,1730,29.83,485.09,65.47,1.0000,0.757957,0.136400,477.36,334.20,0.9735,0.745873,0.696243
1786702134.966670,57.069847,1731,29.83,485.01,65.43,1.0000,0.757829,0.136314,477.39,334.32,0.9733,0.745927,0.696502
1786702134.998185,57.101361,1732,29.83,485.01,65.56,1.0000,0.757824,0.136576,477.51,334.24,0.9736,0.746105,0.696337
1786702135.014179,57.117356,1733,29.83,485.00,65.67,1.0000,0.757805,0.136815,477.54,334.19,0.9740,0.746151,0.696225
1786702135.051187,57.154363,1734,29.70,485.04,65.66,1.0000,0.757878,0.136799,477.52,334.20,0.9738,0.746128,0.696254
1786702135.094681,57.197857,1735,29.70,485.08,65.59,1.0000,0.757940,0.136649,477.58,334.13,0.9741,0.746216,0.696114
1786702135.126166,57.229343,1736,29.70,485.08,65.59,1.0000,0.757936,0.136646,477.61,334.09,0.9742,0.746261,0.696019
1786702135.157514,57.260691,1737,29.70,485.21,65.57,1.0000,0.758137,0.136613,477.70,334.17,0.9741,0.746403,0.696178
1786702135.189728,57.292905,1738,29.70,485.54,65.53,1.0000,0.758654,0.136514,477.63,334.04,0.9741,0.746296,0.695921
1786702135.221510,57.324686,1739,29.70,485.32,65.53,1.0000,0.758319,0.136514,477.62,334.35,0.9739,0.746288,0.696565
1786702135.269234,57.372411,1740,29.70,485.63,65.32,1.0000,0.758801,0.136092,477.63,334.40,0.9735,0.746291,0.696665
1786702135.311576,57.414752,1741,29.70,485.83,65.32,1.0000,0.759105,0.136085,477.55,334.22,0.9733,0.746168,0.696296
1786702135.333301,57.436478,1742,29.70,485.76,65.32,1.0000,0.759007,0.136089,477.71,334.20,0.9730,0.746421,0.696243
1786702135.364420,57.467597,1743,29.70,485.79,65.36,1.0000,0.759044,0.136175,477.41,334.24,0.9724,0.745956,0.696328
1786702135.396631,57.499807,1744,29.70,485.74,65.40,1.0000,0.758969,0.136242,477.71,334.24,0.9728,0.746416,0.696328
1786702135.433002,57.536178,1745,29.70,485.88,65.30,1.0000,0.759181,0.136038,477.63,334.20,0.9730,0.746304,0.696257
1786702135.476126,57.579303,1746,29.70,485.88,65.33,1.0000,0.759183,0.136100,477.62,334.18,0.9734,0.746286,0.696203
1786702135.492093,57.595270,1747,29.70,485.88,65.33,1.0000,0.759191,0.136100,477.65,334.16,0.9737,0.746336,0.696171
1786702135.520430,57.623606,1748,29.70,485.87,65.33,1.0000,0.759177,0.136103,477.66,334.08,0.9741,0.746339,0.695994
1786702135.553572,57.656749,1749,29.73,485.87,65.33,1.0000,0.759171,0.136100,477.84,334.14,0.9738,0.746621,0.696115
1786702135.603611,57.706788,1750,29.73,485.39,65.45,1.0000,0.758420,0.136360,477.91,334.32,0.9740,0.746731,0.696501
1786702135.635604,57.738781,1751,29.73,485.39,65.46,1.0000,0.758423,0.136378,477.89,334.10,0.9744,0.746700,0.696035
1786702135.667152,57.770329,1752,29.73,485.43,65.47,1.0000,0.758489,0.136386,477.93,334.10,0.9747,0.746767,0.696047
1786702135.684024,57.787201,1753,29.73,485.43,65.50,1.0000,0.758490,0.136461,477.92,334.13,0.9747,0.746757,0.696112
1786702135.746499,57.849675,1754,29.73,485.31,65.51,1.0000,0.758295,0.136488,477.91,333.96,0.9751,0.746734,0.695752
1786702135.762027,57.865203,1755,29.73,485.18,65.52,1.0000,0.758090,0.136491,477.90,333.88,0.9754,0.746712,0.695590
1786702135.790270,57.893447,1756,29.73,485.16,65.53,1.0000,0.758059,0.136511,477.86,333.88,0.9755,0.746663,0.695574
1786702135.825372,57.928548,1757,29.73,485.12,65.58,1.0000,0.758004,0.136617,477.86,333.88,0.9753,0.746663,0.695586
1786702135.888992,57.992168,1758,29.73,485.12,65.58,1.0000,0.758003,0.136615,477.49,333.59,0.9753,0.746081,0.694973
1786702135.891724,57.994900,1759,29.73,484.89,65.56,1.0000,0.757637,0.136594,477.52,333.61,0.9754,0.746118,0.695018
1786702135.927673,58.030849,1760,29.73,484.90,65.57,1.0000,0.757648,0.136594,477.63,333.65,0.9754,0.746302,0.695095
1786702135.960376,58.063552,1761,29.73,484.92,65.54,1.0000,0.757691,0.136549,477.52,333.68,0.9757,0.746131,0.695177
1786702135.986697,58.089874,1762,29.73,484.72,65.54,1.0000,0.757378,0.136538,477.43,333.64,0.9757,0.745987,0.695090
1786702136.020996,58.124173,1763,29.73,484.76,65.34,1.0000,0.757441,0.136121,477.51,333.67,0.9752,0.746111,0.695152
1786702136.057892,58.161069,1764,29.69,484.72,65.34,1.0000,0.757383,0.136119,477.48,333.69,0.9752,0.746061,0.695179
1786702136.079849,58.183025,1765,29.69,484.59,65.34,1.0000,0.757174,0.136125,477.40,333.71,0.9752,0.745944,0.695236
1786702136.127333,58.230510,1766,29.69,484.24,65.31,1.0000,0.756624,0.136062,477.51,333.80,0.9748,0.746110,0.695410
1786702136.158904,58.262080,1767,29.69,484.13,65.27,1.0000,0.756457,0.135984,477.48,333.89,0.9745,0.746068,0.695602
1786702136.190572,58.293749,1768,29.69,484.09,65.28,1.0000,0.756393,0.136000,477.50,334.00,0.9744,0.746093,0.695843
1786702136.222122,58.325299,1769,29.69,484.07,65.20,1.0000,0.756360,0.135827,477.51,333.93,0.9746,0.746108,0.695691
1786702136.253563,58.356740,1770,29.69,484.00,65.20,1.0000,0.756246,0.135826,477.53,333.92,0.9750,0.746134,0.695674
1786702136.286173,58.389349,1771,29.69,483.92,65.23,1.0000,0.756130,0.135895,477.39,333.81,0.9753,0.745915,0.695436
1786702136.320568,58.423744,1772,29.69,483.89,65.21,1.0000,0.756080,0.135854,477.38,333.79,0.9758,0.745912,0.695397
1786702136.365373,58.468550,1773,29.69,483.18,65.30,1.0000,0.754962,0.136032,477.43,333.72,0.9762,0.745977,0.695252
1786702136.397015,58.500191,1774,29.69,483.04,65.33,1.0000,0.754756,0.136108,477.46,333.59,0.9765,0.746030,0.694971
1786702136.414242,58.517418,1775,29.69,482.91,65.34,1.0000,0.754541,0.136118,477.49,333.81,0.9764,0.746084,0.695438
1786702136.461995,58.565172,1776,29.69,482.85,65.33,1.0000,0.754461,0.136115,477.43,333.92,0.9763,0.745986,0.695662
1786702136.493339,58.596515,1777,29.69,482.77,65.34,1.0000,0.754323,0.136115,477.41,333.92,0.9762,0.745954,0.695658
1786702136.527657,58.630834,1778,29.69,482.50,65.29,1.0000,0.753912,0.136020,477.71,334.12,0.9760,0.746420,0.696076
1786702136.556782,58.659959,1779,29.69,482.15,65.55,1.0000,0.753366,0.136568,477.59,333.92,0.9759,0.746239,0.695665
1786702136.588500,58.691677,1780,29.97,482.11,65.79,1.0000,0.753297,0.137058,477.61,333.63,0.9765,0.746268,0.695064
1786702136.636274,58.739451,1781,29.97,482.10,65.77,1.0000,0.753281,0.137031,477.82,333.98,0.9764,0.746596,0.695785
1786702136.668079,58.771255,1782,29.97,482.05,65.81,1.0000,0.753198,0.137101,477.52,333.75,0.9764,0.746129,0.695306
1786702136.690254,58.793431,1783,29.97,481.81,65.82,1.0000,0.752826,0.137122,477.47,333.53,0.9759,0.746041,0.694856
1786702136.732247,58.835423,1784,29.97,481.69,65.67,1.0000,0.752640,0.136818,477.42,333.52,0.9758,0.745962,0.694831
1786702136.763785,58.866961,1785,29.97,481.63,65.67,1.0000,0.752554,0.136819,477.23,333.49,0.9754,0.745669,0.694775
1786702136.795332,58.898509,1786,29.97,481.46,65.69,1.0000,0.752275,0.136863,477.23,333.51,0.9752,0.745674,0.694810
1786702136.826856,58.930033,1787,29.97,481.48,65.69,1.0000,0.752316,0.136862,477.21,333.29,0.9750,0.745647,0.694346
1786702136.874560,58.977736,1788,29.97,481.37,65.70,1.0000,0.752143,0.136873,477.18,333.33,0.9751,0.745596,0.694439
1786702136.906133,59.009310,1789,29.97,481.39,65.75,1.0000,0.752166,0.136972,477.18,333.45,0.9753,0.745596,0.694680
1786702136.911188,59.014364,1790,29.97,481.47,65.75,1.0000,0.752302,0.136978,477.10,333.46,0.9751,0.745461,0.694714
1786702136.968780,59.071956,1791,29.97,481.43,65.72,1.0000,0.752240,0.136910,477.04,333.60,0.9752,0.745377,0.695005
1786702136.986351,59.089527,1792,29.97,481.42,65.72,1.0000,0.752222,0.136908,477.03,333.72,0.9743,0.745361,0.695258
1786702137.032822,59.135999,1793,29.97,481.42,65.72,1.0000,0.752213,0.136924,476.93,333.63,0.9744,0.745204,0.695069
1786702137.048456,59.151633,1794,29.97,481.43,65.72,1.0000,0.752235,0.136927,477.00,333.59,0.9739,0.745312,0.694989
1786702137.080492,59.183669,1795,29.94,481.53,65.56,1.0000,0.752387,0.136582,476.91,333.59,0.9740,0.745170,0.694982
1786702137.144835,59.248012,1796,29.94,481.86,65.64,1.0000,0.752903,0.136746,476.97,333.35,0.9744,0.745266,0.694486
1786702137.176761,59.279938,1797,29.94,482.34,65.56,1.0000,0.753657,0.136590,476.97,333.38,0.9745,0.745265,0.694542
1786702137.192431,59.295608,1798,29.94,482.34,65.56,1.0000,0.753655,0.136590,477.04,333.39,0.9744,0.745374,0.694554
1786702137.212587,59.315764,1799,29.94,482.36,65.56,1.0000,0.753695,0.136584,477.06,333.51,0.9742,0.745409,0.694810
1786702137.250491,59.353668,1800,29.94,482.40,65.51,1.0000,0.753744,0.136489,477.01,333.65,0.9743,0.745329,0.695114
1786702137.287481,59.390657,1801,29.94,482.35,65.46,1.0000,0.753672,0.136367,477.17,334.10,0.9742,0.745575,0.696039
1786702137.303065,59.406242,1802,29.94,482.55,65.46,1.0000,0.753990,0.136366,477.26,333.66,0.9742,0.745722,0.695126
1786702137.358760,59.461937,1803,29.94,483.00,65.20,1.0000,0.754689,0.135839,477.51,333.74,0.9742,0.746108,0.695283
1786702137.390460,59.493637,1804,29.94,483.19,65.41,1.0000,0.754980,0.136263,477.41,333.75,0.9742,0.745953,0.695312
1786702137.430743,59.533920,1805,29.94,483.20,65.36,1.0000,0.755005,0.136160,477.43,333.76,0.9739,0.745989,0.695326
1786702137.462794,59.565970,1806,29.94,483.47,65.36,1.0000,0.755422,0.136158,477.38,333.87,0.9743,0.745910,0.695562
1786702137.494221,59.597398,1807,29.94,483.44,65.50,1.0000,0.755375,0.136454,477.38,333.36,0.9744,0.745907,0.694494
1786702137.526224,59.629400,1808,29.94,483.42,65.52,1.0000,0.755343,0.136496,477.37,333.34,0.9745,0.745885,0.694451
1786702137.573388,59.676565,1809,29.94,483.92,65.24,1.0000,0.756118,0.135927,477.60,333.36,0.9747,0.746255,0.694501
1786702137.590252,59.693428,1810,29.84,484.09,65.01,1.0000,0.756398,0.135434,477.63,333.15,0.9751,0.746298,0.694057
1786702137.625703,59.728880,1811,29.84,484.04,65.31,1.0000,0.756320,0.136054,477.60,333.14,0.9752,0.746258,0.694031
1786702137.654427,59.757603,1812,29.84,484.06,65.31,1.0000,0.756349,0.136053,477.62,333.14,0.9754,0.746280,0.694039
1786702137.683450,59.786626,1813,29.84,483.99,65.27,1.0000,0.756228,0.135971,477.74,333.40,0.9756,0.746462,0.694577
1786702137.718019,59.821196,1814,29.84,484.19,65.27,1.0000,0.756549,0.135978,477.71,333.36,0.9757,0.746429,0.694508
1786702137.764093,59.867269,1815,29.84,484.19,65.20,1.0000,0.756546,0.135829,478.03,333.37,0.9759,0.746915,0.694522
1786702137.790230,59.893407,1816,29.84,484.19,65.17,1.0000,0.756541,0.135780,478.09,333.41,0.9760,0.747017,0.694597
1786702137.816188,59.919364,1817,29.84,484.23,65.16,1.0000,0.756616,0.135747,478.13,333.67,0.9755,0.747085,0.695138
1786702137.875248,59.978425,1818,29.84,484.51,65.16,1.0000,0.757040,0.135741,478.14,333.73,0.9753,0.747091,0.695267
1786702137.890687,59.993863,1819,29.84,484.51,65.16,1.0000,0.757042,0.135753,477.77,333.73,0.9753,0.746508,0.695267
1786702137.919188,60.022364,1820,29.84,484.58,64.91,1.0000,0.757159,0.135232,477.71,333.71,0.9749,0.746423,0.695223
1786702137.948295,60.051472,1821,29.84,484.61,64.93,1.0000,0.757196,0.135274,477.75,333.67,0.9755,0.746482,0.695136
1786702138.008175,60.111352,1822,29.84,484.64,64.87,1.0000,0.757254,0.135150,478.03,333.94,0.9753,0.746919,0.695709
1786702138.016042,60.119218,1823,29.84,484.69,64.86,1.0000,0.757334,0.135131,478.05,333.93,0.9755,0.746960,0.695689
1786702138.063608,60.166785,1824,29.84,484.73,64.86,1.0000,0.757394,0.135133,477.99,333.86,0.9753,0.746866,0.695550
1786702138.096165,60.199342,1825,29.80,484.75,64.98,1.0000,0.757421,0.135373,478.02,333.93,0.9751,0.746905,0.695684
1786702138.127429,60.230606,1826,29.80,484.83,65.10,1.0000,0.757553,0.135635,478.06,333.95,0.9751,0.746970,0.695724
1786702138.159266,60.262442,1827,29.80,484.85,65.10,1.0000,0.757573,0.135632,478.17,333.98,0.9753,0.747141,0.695802
1786702138.207282,60.310458,1828,29.80,484.97,65.00,1.0000,0.757764,0.135420,478.23,334.03,0.9753,0.747232,0.695892
1786702138.223081,60.326258,1829,29.80,484.96,65.00,1.0000,0.757751,0.135417,478.17,334.06,0.9754,0.747145,0.695950
1786702138.254852,60.358028,1830,29.80,484.97,65.00,1.0000,0.757771,0.135418,478.14,334.02,0.9755,0.747092,0.695875
1786702138.286868,60.390045,1831,29.80,485.17,64.91,1.0000,0.758072,0.135230,478.14,333.89,0.9758,0.747092,0.695613
1786702138.335275,60.438452,1832,29.80,485.15,64.74,1.0000,0.758053,0.134873,478.13,333.89,0.9758,0.747076,0.695610
1786702138.342298,60.445475,1833,29.80,485.08,64.88,1.0000,0.757938,0.135159,478.15,333.74,0.9757,0.747103,0.695288
1786702138.399204,60.502380,1834,29.80,485.14,64.89,1.0000,0.758029,0.135196,478.15,333.72,0.9758,0.747109,0.695254
1786702138.430300,60.533477,1835,29.80,485.11,64.76,1.0000,0.757977,0.134925,477.96,333.71,0.9753,0.746808,0.695239
1786702138.462176,60.565353,1836,29.80,485.07,64.75,1.0000,0.757921,0.134894,478.03,333.70,0.9756,0.746915,0.695210
1786702138.493706,60.596883,1837,29.80,485.13,64.80,1.0000,0.758012,0.134995,478.04,333.74,0.9755,0.746937,0.695295
1786702138.525791,60.628968,1838,29.80,485.10,64.80,1.0000,0.757965,0.134999,478.04,333.73,0.9758,0.746942,0.695277
1786702138.557660,60.660837,1839,29.80,485.10,64.82,1.0000,0.757963,0.135043,478.14,333.79,0.9761,0.747093,0.695396
1786702138.597276,60.700453,1840,29.80,485.05,64.84,1.0000,0.757898,0.135074,478.13,333.77,0.9760,0.747078,0.695358
1786702138.637205,60.740381,1841,29.78,485.05,64.85,1.0000,0.757896,0.135109,478.14,333.84,0.9758,0.747097,0.695500
1786702138.653050,60.756226,1842,29.78,485.05,64.87,1.0000,0.757886,0.135136,478.08,333.88,0.9756,0.747008,0.695575
1786702138.700407,60.803583,1843,29.78,485.00,64.88,1.0000,0.757810,0.135176,478.05,333.87,0.9756,0.746948,0.695568
1786702138.716116,60.819292,1844,29.78,484.92,64.89,1.0000,0.757681,0.135186,478.03,333.87,0.9753,0.746917,0.695559
1786702138.752572,60.855749,1845,29.78,484.68,64.89,1.0000,0.757306,0.135188,477.83,333.73,0.9752,0.746609,0.695270
1786702138.795390,60.898567,1846,29.78,484.38,64.81,1.0000,0.756847,0.135012,477.80,333.72,0.9751,0.746563,0.695258
1786702138.825745,60.928922,1847,29.78,484.15,64.81,1.0000,0.756484,0.135018,477.90,333.72,0.9749,0.746711,0.695258
1786702138.857736,60.960912,1848,29.78,483.86,64.82,1.0000,0.756030,0.135038,477.78,333.56,0.9747,0.746530,0.694922
1786702138.889062,60.992239,1849,29.78,483.87,64.83,1.0000,0.756043,0.135068,477.55,333.67,0.9746,0.746169,0.695137
1786702138.920515,61.023691,1850,29.78,483.79,64.83,1.0000,0.755915,0.135060,477.72,333.71,0.9750,0.746431,0.695223
1786702138.954488,61.057664,1851,29.78,483.52,64.93,1.0000,0.755500,0.135280,477.51,333.73,0.9744,0.746117,0.695281
1786702139.000364,61.103541,1852,29.78,483.47,64.96,1.0000,0.755422,0.135325,476.87,333.96,0.9737,0.745111,0.695742
1786702139.016461,61.119638,1853,29.78,483.44,64.95,1.0000,0.755369,0.135307,477.05,333.93,0.9733,0.745383,0.695687
1786702139.064459,61.167635,1854,29.78,483.38,65.02,1.0000,0.755278,0.135458,476.97,333.90,0.9731,0.745259,0.695632
1786702139.096781,61.199958,1855,29.78,483.04,65.06,1.0000,0.754746,0.135543,476.89,333.86,0.9733,0.745142,0.695541
1786702139.128367,61.231543,1856,29.78,483.04,65.06,1.0000,0.754748,0.135550,476.85,333.78,0.9736,0.745071,0.695370
1786702139.146221,61.249397,1857,29.99,483.08,65.07,1.0000,0.754813,0.135554,476.84,333.76,0.9735,0.745063,0.695329
1786702139.208801,61.311977,1858,29.99,483.10,65.09,1.0000,0.754850,0.135601,476.84,333.60,0.9736,0.745056,0.695006
1786702139.240868,61.344044,1859,29.99,482.82,65.35,1.0000,0.754405,0.136138,476.81,334.01,0.9730,0.745010,0.695864
1786702139.256396,61.359572,1860,29.99,482.79,65.20,1.0000,0.754362,0.135837,476.84,333.97,0.9734,0.745069,0.695763
1786702139.288367,61.391544,1861,29.99,482.38,65.40,1.0000,0.753720,0.136255,476.86,333.96,0.9740,0.745091,0.695741
1786702139.336563,61.439740,1862,29.99,481.89,65.54,1.0000,0.752954,0.136551,477.13,333.60,0.9746,0.745518,0.695005
1786702139.352097,61.455273,1863,29.99,481.74,65.80,1.0000,0.752720,0.137084,477.27,333.57,0.9748,0.745737,0.694940
1786702139.389740,61.492916,1864,29.99,481.26,65.98,1.0000,0.751972,0.137464,477.42,333.66,0.9751,0.745964,0.695127
1786702139.431755,61.534932,1865,29.99,481.28,65.92,1.0000,0.752002,0.137338,477.44,333.68,0.9751,0.746005,0.695164
1786702139.449866,61.553043,1866,29.99,481.29,65.95,1.0000,0.752012,0.137403,477.38,333.71,0.9747,0.745908,0.695222
1786702139.495790,61.598967,1867,29.99,481.65,66.01,1.0000,0.752586,0.137513,477.28,333.69,0.9750,0.745745,0.695183
1786702139.528093,61.631270,1868,29.99,481.66,66.00,1.0000,0.752591,0.137508,477.29,333.68,0.9749,0.745766,0.695160
1786702139.559542,61.662718,1869,29.99,481.68,66.02,1.0000,0.752624,0.137544,477.15,333.72,0.9750,0.745546,0.695240
1786702139.591240,61.694416,1870,29.99,481.74,66.08,1.0000,0.752714,0.137664,477.11,333.69,0.9750,0.745479,0.695195
1786702139.622748,61.725924,1871,29.99,481.88,66.10,1.0000,0.752944,0.137704,477.11,333.52,0.9753,0.745489,0.694823
1786702139.638381,61.741557,1872,29.99,481.46,66.19,1.0000,0.752287,0.137886,477.16,333.53,0.9755,0.745558,0.694851
1786702139.718668,61.821845,1874,29.65,481.69,66.18,1.0000,0.752638,0.137868,477.14,333.51,0.9754,0.745527,0.694817
1786702139.765903,61.869079,1875,29.65,481.64,66.22,1.0000,0.752558,0.137956,477.54,333.76,0.9758,0.746152,0.695331
1786702139.797580,61.900757,1876,29.65,481.62,66.28,1.0000,0.752532,0.138079,477.59,333.82,0.9751,0.746241,0.695450
1786702139.845381,61.948557,1877,29.65,481.48,66.18,1.0000,0.752310,0.137872,477.49,333.77,0.9751,0.746079,0.695345
1786702139.861436,61.964612,1878,29.65,481.49,66.20,1.0000,0.752335,0.137918,477.53,333.75,0.9752,0.746144,0.695311
1786702139.893259,61.996436,1879,29.65,481.50,66.21,1.0000,0.752339,0.137944,477.40,333.74,0.9753,0.745934,0.695294
1786702139.930557,62.033734,1880,29.65,481.56,66.08,1.0000,0.752445,0.137662,477.64,333.82,0.9759,0.746312,0.695466
1786702139.956696,62.059873,1881,29.65,481.99,65.79,1.0000,0.753110,0.137062,477.62,333.72,0.9754,0.746282,0.695254
1786702140.000107,62.103284,1882,29.65,481.72,65.93,1.0000,0.752688,0.137345,477.62,334.08,0.9753,0.746282,0.696006
1786702140.015898,62.119074,1883,29.65,481.75,66.11,1.0000,0.752738,0.137737,477.61,334.20,0.9748,0.746269,0.696254
1786702140.062991,62.166168,1884,29.65,481.91,66.12,1.0000,0.752983,0.137745,477.62,334.21,0.9749,0.746275,0.696264
1786702140.078674,62.181851,1885,29.65,482.13,66.09,1.0000,0.753332,0.137680,477.64,334.19,0.9756,0.746310,0.696233
1786702140.126419,62.229595,1886,29.65,482.14,66.09,1.0000,0.753342,0.137692,477.37,334.19,0.9758,0.745886,0.696224
1786702140.173244,62.276421,1887,29.65,482.04,66.10,1.0000,0.753182,0.137718,477.43,334.47,0.9757,0.745980,0.696805
1786702140.189020,62.292197,1888,29.65,482.08,66.11,1.0000,0.753253,0.137734,477.36,334.46,0.9759,0.745879,0.696788
1786702140.214574,62.317751,1889,29.65,481.99,66.11,1.0000,0.753116,0.137719,477.42,334.44,0.9760,0.745973,0.696748
1786702140.247569,62.350745,1890,29.79,481.88,66.11,1.0000,0.752931,0.137721,477.67,334.49,0.9758,0.746357,0.696845
1786702140.301325,62.404502,1891,29.79,481.95,66.11,1.0000,0.753040,0.137722,477.74,334.52,0.9759,0.746465,0.696916
1786702140.316738,62.419914,1892,29.79,481.98,66.08,1.0000,0.753086,0.137662,477.85,334.67,0.9759,0.746642,0.697233
1786702140.358980,62.462156,1893,29.79,482.01,66.04,1.0000,0.753133,0.137578,478.03,334.45,0.9761,0.746919,0.696772
1786702140.395536,62.498713,1894,29.79,482.08,66.07,1.0000,0.753247,0.137648,478.01,334.03,0.9762,0.746897,0.695897
1786702140.411173,62.514350,1895,29.79,482.15,65.98,1.0000,0.753359,0.137454,477.95,334.00,0.9760,0.746797,0.695830
1786702140.458911,62.562088,1896,29.79,482.36,65.98,1.0000,0.753693,0.137454,477.96,334.03,0.9762,0.746808,0.695889
1786702140.490392,62.593569,1897,29.79,482.49,65.93,1.0000,0.753894,0.137349,477.92,334.25,0.9761,0.746748,0.696348
1786702140.522604,62.625781,1898,29.79,482.52,65.92,1.0000,0.753930,0.137330,477.73,333.95,0.9762,0.746453,0.695729
1786702140.554282,62.657459,1899,29.79,482.52,65.87,1.0000,0.753932,0.137223,477.74,333.73,0.9762,0.746464,0.695261
1786702140.591399,62.694576,1900,29.79,482.51,65.88,1.0000,0.753928,0.137244,477.74,333.75,0.9761,0.746471,0.695322
1786702140.633687,62.736863,1901,29.79,482.95,65.90,1.0000,0.754603,0.137282,477.47,333.62,0.9762,0.746042,0.695035
1786702140.665590,62.768767,1902,29.79,483.03,65.86,1.0000,0.754732,0.137207,477.47,333.55,0.9765,0.746052,0.694891
1786702140.681013,62.784190,1903,29.79,483.02,65.82,1.0000,0.754721,0.137134,477.47,333.78,0.9761,0.746054,0.695379
1786702140.705142,62.808319,1904,29.79,483.02,65.89,1.0000,0.754725,0.137280,477.42,333.65,0.9763,0.745975,0.695099
1786702140.758820,62.861997,1905,29.64,483.08,65.64,1.0000,0.754818,0.136749,477.40,334.27,0.9764,0.745936,0.696387
1786702140.809508,62.912684,1906,29.64,483.10,65.64,1.0000,0.754840,0.136748,477.26,334.08,0.9764,0.745723,0.695994
1786702140.825247,62.928423,1907,29.64,482.97,65.64,1.0000,0.754644,0.136746,477.31,334.31,0.9763,0.745802,0.696489
1786702140.841077,62.944254,1908,29.64,482.95,65.64,1.0000,0.754606,0.136745,477.42,334.32,0.9765,0.745971,0.696493
1786702140.886306,62.989482,1909,29.64,482.92,65.77,1.0000,0.754569,0.137020,477.23,334.02,0.9766,0.745677,0.695870
1786702140.920695,63.023872,1910,29.64,482.19,66.01,1.0000,0.753429,0.137514,477.24,334.07,0.9761,0.745683,0.695986
1786702140.952774,63.055950,1911,29.64,481.93,66.01,1.0000,0.753010,0.137525,477.19,334.09,0.9759,0.745610,0.696013
1786702141.000122,63.103298,1912,29.64,481.91,65.98,1.0000,0.752978,0.137451,477.29,333.90,0.9758,0.745770,0.695621
1786702141.032108,63.135285,1913,29.64,481.81,66.09,1.0000,0.752835,0.137697,477.16,333.74,0.9758,0.745569,0.695287
1786702141.050241,63.153418,1914,29.64,481.25,66.61,1.0000,0.751946,0.138761,477.21,333.78,0.9756,0.745638,0.695365
1786702141.096063,63.199240,1915,29.64,480.79,66.76,1.0000,0.751242,0.139088,477.26,333.76,0.9753,0.745725,0.695336
1786702141.128508,63.231684,1916,29.64,480.57,66.76,1.0000,0.750897,0.139086,477.12,333.55,0.9752,0.745508,0.694896
1786702141.159902,63.263079,1917,29.64,480.69,66.73,1.0000,0.751083,0.139020,477.12,333.35,0.9740,0.745492,0.694489
1786702141.191447,63.294623,1918,29.64,480.82,66.62,1.0000,0.751282,0.138782,477.10,333.33,0.9740,0.745461,0.694434
1786702141.207367,63.310544,1919,29.64,480.83,66.62,1.0000,0.751290,0.138786,477.15,333.39,0.9742,0.745552,0.694568
1786702141.272212,63.375388,1920,29.64,480.67,66.69,1.0000,0.751047,0.138931,477.16,333.16,0.9745,0.745557,0.694084
1786702141.302979,63.406155,1921,29.62,480.80,66.68,1.0000,0.751243,0.138919,476.88,333.26,0.9741,0.745122,0.694286
1786702141.318726,63.421902,1922,29.62,480.81,66.76,1.0000,0.751270,0.139093,476.95,333.45,0.9742,0.745237,0.694686
1786702141.369745,63.472921,1923,29.62,480.81,66.75,1.0000,0.751270,0.139064,477.00,333.36,0.9743,0.745309,0.694501
1786702141.383425,63.486601,1924,29.62,480.94,66.75,1.0000,0.751474,0.139061,476.95,333.38,0.9744,0.745238,0.694537
1786702141.431218,63.534395,1925,29.62,480.99,66.78,1.0000,0.751549,0.139119,477.04,333.32,0.9746,0.745374,0.694425
1786702141.447344,63.550521,1926,29.62,481.16,66.67,1.0000,0.751818,0.138902,477.06,333.11,0.9740,0.745399,0.693981
1786702141.495656,63.598833,1927,29.62,481.20,66.67,1.0000,0.751871,0.138898,477.02,333.20,0.9736,0.745342,0.694174
1786702141.527036,63.630213,1928,29.62,481.32,66.69,1.0000,0.752064,0.138946,476.89,333.20,0.9733,0.745143,0.694174
1786702141.574527,63.677704,1929,29.62,481.90,66.63,1.0000,0.752967,0.138806,476.76,333.35,0.9734,0.744938,0.694475
1786702141.585323,63.688500,1930,29.62,481.83,66.60,1.0000,0.752867,0.138750,476.77,333.37,0.9732,0.744950,0.694517
1786702141.621971,63.725148,1931,29.62,481.74,66.60,1.0000,0.752717,0.138752,476.80,333.51,0.9735,0.745002,0.694806
1786702141.654233,63.757410,1932,29.62,481.73,66.61,1.0000,0.752705,0.138760,476.91,333.59,0.9735,0.745171,0.694980
1786702141.685858,63.789034,1933,29.62,481.53,66.78,1.0000,0.752386,0.139121,477.08,333.90,0.9742,0.745435,0.695625
1786702141.701278,63.804455,1934,29.62,481.52,66.73,1.0000,0.752369,0.139013,477.11,333.64,0.9741,0.745477,0.695091
1786702141.766124,63.869301,1935,29.62,481.43,66.71,1.0000,0.752232,0.138974,477.15,333.58,0.9738,0.745550,0.694950
1786702141.797866,63.901042,1936,29.62,481.46,66.71,1.0000,0.752278,0.138971,477.24,333.55,0.9740,0.745690,0.694888
1786702141.844690,63.947867,1937,29.68,481.52,66.66,1.0000,0.752373,0.138874,477.21,333.45,0.9744,0.745639,0.694692
1786702141.876976,63.980152,1938,29.68,481.31,66.68,1.0000,0.752048,0.138911,477.24,333.43,0.9740,0.745685,0.694652
1786702141.908715,64.011892,1939,29.68,481.15,66.66,1.0000,0.751800,0.138881,477.31,333.61,0.9739,0.745800,0.695013
1786702141.924247,64.027424,1940,29.68,481.14,66.67,1.0000,0.751776,0.138889,477.34,333.77,0.9740,0.745840,0.695351
1786702141.961522,64.064699,1941,29.68,481.27,66.65,1.0000,0.751991,0.138862,477.33,333.78,0.9741,0.745828,0.695373
1786702142.000155,64.103332,1942,29.68,481.40,66.42,1.0000,0.752188,0.138377,477.38,333.78,0.9743,0.745900,0.695374
1786702142.026353,64.129530,1943,29.68,481.62,66.39,1.0000,0.752527,0.138308,477.40,333.75,0.9748,0.745940,0.695307
1786702142.047927,64.151103,1944,29.68,481.67,66.36,1.0000,0.752605,0.138249,477.54,333.83,0.9752,0.746153,0.695485
1786702142.096409,64.199585,1945,29.68,481.69,66.35,1.0000,0.752637,0.138235,477.72,334.62,0.9747,0.746444,0.697119
1786702142.111033,64.214210,1946,29.68,482.20,66.19,1.0000,0.753438,0.137886,477.71,334.56,0.9749,0.746426,0.696994
1786702142.159126,64.262303,1947,29.68,482.18,66.19,1.0000,0.753411,0.137889,477.89,334.68,0.9753,0.746709,0.697245
1786702142.191407,64.294584,1948,29.68,482.38,66.20,1.0000,0.753716,0.137925,477.83,334.43,0.9754,0.746602,0.696729
1786702142.261149,64.364325,1949,29.68,482.55,66.05,1.0000,0.753978,0.137611,478.12,334.45,0.9758,0.747063,0.696766
1786702142.317084,64.420260,1950,29.68,483.01,65.89,1.0000,0.754705,0.137280,478.11,334.42,0.9757,0.747041,0.696719
1786702142.331373,64.434549,1952,29.68,483.01,65.89,1.0000,0.754703,0.137267,478.12,334.37,0.9758,0.747062,0.696607
1786702142.356087,64.459264,1953,29.59,483.00,65.89,1.0000,0.754686,0.137267,477.93,334.17,0.9756,0.746766,0.696195
1786702142.396982,64.500158,1954,29.59,483.72,65.89,1.0000,0.755817,0.137276,477.84,333.91,0.9749,0.746631,0.695643
1786702142.436142,64.539318,1955,29.59,483.72,65.91,1.0000,0.755807,0.137313,477.62,333.75,0.9752,0.746288,0.695316
1786702142.450739,64.553916,1956,29.59,483.38,65.89,1.0000,0.755285,0.137279,477.97,334.05,0.9756,0.746831,0.695934
1786702142.488847,64.592024,1957,29.59,483.02,65.83,1.0000,0.754720,0.137147,478.01,334.04,0.9759,0.746894,0.695924
1786702142.531852,64.635029,1958,29.59,482.86,65.89,1.0000,0.754476,0.137261,478.16,334.19,0.9757,0.747133,0.696224
1786702142.574697,64.677874,1959,29.59,482.73,65.87,1.0000,0.754270,0.137239,478.20,334.09,0.9759,0.747183,0.696023
1786702142.590187,64.693364,1960,29.59,482.73,65.84,1.0000,0.754269,0.137163,478.22,334.18,0.9763,0.747217,0.696216
1786702142.630779,64.733955,1961,29.59,483.24,65.70,1.0000,0.755055,0.136882,478.23,334.24,0.9763,0.747229,0.696324
1786702142.674844,64.778020,1962,29.59,483.38,65.64,1.0000,0.755284,0.136759,478.20,334.26,0.9766,0.747190,0.696375
1786702142.701746,64.804922,1963,29.59,483.39,65.60,1.0000,0.755298,0.136676,478.14,334.24,0.9766,0.747090,0.696328
1786702142.746440,64.849616,1964,29.59,483.64,65.43,1.0000,0.755683,0.136317,477.83,334.18,0.9766,0.746604,0.696202
1786702142.828729,64.931906,1966,29.59,483.77,65.43,1.0000,0.755897,0.136318,478.02,334.03,0.9769,0.746907,0.695906
1786702142.831468,64.934645,1967,28.85,484.00,65.43,1.0000,0.756249,0.136311,478.04,334.05,0.9770,0.746935,0.695929
1786702142.864477,64.967654,1968,28.85,483.97,65.67,1.0000,0.756200,0.136805,477.98,334.00,0.9772,0.746842,0.695834
1786702142.914176,65.017353,1969,28.85,483.85,65.66,1.0000,0.756019,0.136791,477.67,333.74,0.9766,0.746354,0.695283
1786702142.941246,65.044422,1970,28.85,484.23,65.54,1.0000,0.756604,0.136533,477.72,333.72,0.9766,0.746432,0.695260
1786702142.955981,65.059158,1971,28.85,484.25,65.47,1.0000,0.756648,0.136400,477.56,333.86,0.9762,0.746189,0.695549
1786702142.998465,65.101642,1972,28.85,484.23,65.53,1.0000,0.756614,0.136512,477.74,333.85,0.9758,0.746461,0.695528
1786702143.028085,65.131262,1973,28.85,484.21,65.58,1.0000,0.756584,0.136627,477.70,333.83,0.9754,0.746408,0.695473
1786702143.056617,65.159793,1974,28.85,484.28,65.51,1.0000,0.756688,0.136481,477.69,333.70,0.9758,0.746398,0.695210
1786702143.098880,65.202056,1975,28.85,484.41,65.50,1.0000,0.756898,0.136457,477.61,333.69,0.9756,0.746263,0.695183
1786702143.113641,65.216818,1976,28.85,484.42,65.43,1.0000,0.756899,0.136305,477.62,333.78,0.9751,0.746280,0.695371
1786702143.178023,65.281199,1977,28.85,484.48,65.43,1.0000,0.757006,0.136314,477.31,333.63,0.9748,0.745799,0.695072
1786702143.193832,65.297009,1978,28.85,484.49,65.26,1.0000,0.757012,0.135949,477.29,333.64,0.9747,0.745761,0.695093
1786702143.241722,65.344898,1979,28.85,484.45,65.35,1.0000,0.756947,0.136145,477.35,333.64,0.9749,0.745858,0.695080
1786702143.257167,65.360344,1980,28.85,484.36,65.33,1.0000,0.756817,0.136104,477.26,333.67,0.9750,0.745720,0.695150
1786702143.284980,65.388156,1981,28.85,484.33,65.28,1.0000,0.756764,0.136005,477.35,333.73,0.9751,0.745854,0.695271
1786702143.336764,65.439941,1982,28.85,484.06,65.14,1.0000,0.756348,0.135710,477.33,333.81,0.9745,0.745832,0.695434
1786702143.368894,65.472070,1983,29.46,484.06,65.13,1.0000,0.756347,0.135680,477.36,333.85,0.9743,0.745879,0.695514
1786702143.400871,65.504047,1984,29.46,484.17,65.08,1.0000,0.756522,0.135584,477.46,333.99,0.9736,0.746023,0.695823
1786702143.418658,65.521834,1985,29.46,484.13,65.08,1.0000,0.756457,0.135581,477.37,333.94,0.9734,0.745889,0.695707
1786702143.453613,65.556789,1986,29.46,484.13,65.08,1.0000,0.756451,0.135573,477.57,333.95,0.9735,0.746201,0.695729
1786702143.511271,65.614447,1987,29.46,484.32,65.05,1.0000,0.756755,0.135524,477.60,334.00,0.9733,0.746254,0.695839
1786702143.556118,65.659294,1988,29.46,484.35,65.05,1.0000,0.756796,0.135518,477.46,333.84,0.9730,0.746029,0.695506
1786702143.558745,65.661922,1989,29.46,484.27,65.05,1.0000,0.756666,0.135511,477.52,333.85,0.9735,0.746131,0.695529
1786702143.599065,65.702241,1990,29.46,484.24,65.04,1.0000,0.756627,0.135496,477.58,333.95,0.9736,0.746218,0.695738
1786702143.606460,65.709637,1991,29.46,484.21,65.04,1.0000,0.756575,0.135503,477.67,333.99,0.9740,0.746356,0.695810
1786702143.654911,65.758087,1992,29.46,483.97,65.10,1.0000,0.756197,0.135621,477.72,334.02,0.9740,0.746430,0.695872
1786702143.691479,65.794655,1993,29.46,483.91,65.10,1.0000,0.756110,0.135620,477.79,334.06,0.9744,0.746541,0.695965
1786702143.718451,65.821628,1994,29.46,483.79,65.10,1.0000,0.755929,0.135630,477.94,334.15,0.9743,0.746785,0.696139
1786702143.750547,65.853724,1995,29.46,483.83,65.09,1.0000,0.755990,0.135594,477.93,334.15,0.9745,0.746767,0.696143
1786702143.787699,65.890875,1996,29.46,483.85,65.04,1.0000,0.756021,0.135491,477.95,334.26,0.9747,0.746793,0.696380
1786702143.821786,65.924963,1997,29.46,483.44,65.36,1.0000,0.755375,0.136173,478.08,334.38,0.9747,0.746993,0.696629
1786702143.856603,65.959779,1998,29.46,483.52,65.34,1.0000,0.755500,0.136120,478.07,334.48,0.9749,0.746991,0.696826
1786702143.893397,65.996574,1999,29.62,483.52,65.28,1.0000,0.755504,0.136010,478.32,334.36,0.9750,0.747379,0.696585
1786702143.925225,66.028402,2000,29.62,483.98,65.23,1.0000,0.756226,0.135906,478.39,334.30,0.9749,0.747478,0.696457
1786702143.961197,66.064374,2001,29.62,483.83,65.62,1.0000,0.755980,0.136708,478.38,334.14,0.9747,0.747465,0.696117
1786702143.999384,66.102561,2002,29.62,483.84,65.55,1.0000,0.755998,0.136558,478.28,333.93,0.9745,0.747320,0.695685
1786702144.015689,66.118865,2003,29.62,483.84,65.53,1.0000,0.755999,0.136518,478.29,333.86,0.9742,0.747333,0.695542
1786702144.062496,66.165673,2004,29.62,482.63,65.67,1.0000,0.754115,0.136805,478.27,333.90,0.9741,0.747305,0.695626
1786702144.094221,66.197397,2005,29.62,482.65,65.63,1.0000,0.754134,0.136736,478.28,333.90,0.9740,0.747315,0.695615
1786702144.126180,66.229357,2006,29.62,483.07,65.60,1.0000,0.754798,0.136659,478.29,333.96,0.9737,0.747332,0.695754
1786702144.157806,66.260983,2007,29.62,483.24,65.59,1.0000,0.755070,0.136653,478.26,333.96,0.9736,0.747284,0.695751
1786702144.189272,66.292449,2008,29.62,483.32,65.57,1.0000,0.755194,0.136604,478.02,333.86,0.9733,0.746899,0.695541
1786702144.236327,66.339504,2009,29.62,483.26,65.57,1.0000,0.755093,0.136596,478.19,334.17,0.9737,0.747169,0.696178
1786702144.254858,66.358035,2010,29.62,483.24,65.68,1.0000,0.755068,0.136841,478.15,334.32,0.9739,0.747109,0.696496
1786702144.284037,66.387214,2011,29.62,483.44,65.61,1.0000,0.755376,0.136697,478.05,334.31,0.9743,0.746947,0.696469
1786702144.315650,66.418826,2012,29.62,483.14,65.71,1.0000,0.754905,0.136901,477.96,334.13,0.9740,0.746818,0.696112
1786702144.352385,66.455562,2013,29.62,483.14,66.18,1.0000,0.754908,0.137877,477.18,334.54,0.9737,0.745588,0.696951
1786702144.411468,66.514644,2014,29.38,483.62,66.17,1.0000,0.755664,0.137850,477.43,334.33,0.9743,0.745990,0.696514
1786702144.443624,66.546800,2015,29.38,483.78,65.80,1.0000,0.755900,0.137079,477.43,334.02,0.9746,0.745985,0.695879
1786702144.474765,66.577942,2016,29.38,483.77,65.77,1.0000,0.755889,0.137022,477.48,333.94,0.9747,0.746061,0.695708
1786702144.481653,66.584830,2017,29.38,483.81,65.74,1.0000,0.755946,0.136952,477.37,333.72,0.9748,0.745891,0.695240
1786702144.518860,66.622036,2018,29.38,483.80,65.66,1.0000,0.755943,0.136784,477.30,333.73,0.9747,0.745788,0.695262
1786702144.571195,66.674371,2019,29.38,483.97,65.58,1.0000,0.756210,0.136628,477.26,333.74,0.9742,0.745717,0.695301
1786702144.588031,66.691208,2020,29.38,484.09,65.57,1.0000,0.756389,0.136606,477.23,333.73,0.9742,0.745665,0.695278
1786702144.634929,66.738106,2021,29.38,484.03,65.57,1.0000,0.756293,0.136606,477.23,333.92,0.9741,0.745679,0.695676
1786702144.667069,66.770246,2022,29.38,484.07,65.55,1.0000,0.756360,0.136560,477.17,333.93,0.9742,0.745572,0.695697
1786702144.698232,66.801408,2023,29.38,483.88,65.55,1.0000,0.756061,0.136554,477.21,333.80,0.9743,0.745644,0.695410
1786702144.729989,66.833165,2024,29.38,483.92,65.47,1.0000,0.756117,0.136393,477.28,333.74,0.9748,0.745744,0.695300
1786702144.753309,66.856486,2025,29.38,484.02,65.46,1.0000,0.756274,0.136381,477.28,333.82,0.9747,0.745744,0.695462
1786702144.782727,66.885903,2026,29.38,484.04,65.45,1.0000,0.756318,0.136344,477.22,333.79,0.9747,0.745659,0.695398
1786702144.858563,66.961740,2028,29.38,484.05,65.37,1.0000,0.756326,0.136191,477.60,334.66,0.9748,0.746256,0.697207
1786702144.894813,66.997989,2029,29.38,484.17,65.32,1.0000,0.756512,0.136081,477.59,334.47,0.9743,0.746235,0.696804
1786702144.912193,67.015369,2030,29.46,484.17,65.32,1.0000,0.756517,0.136075,477.58,334.47,0.9744,0.746226,0.696817
1786702144.958896,67.062073,2031,29.46,484.17,65.31,1.0000,0.756519,0.136066,477.81,334.68,0.9746,0.746578,0.697258
1786702144.985642,67.088818,2032,29.46,484.19,65.26,1.0000,0.756554,0.135966,477.82,334.72,0.9750,0.746596,0.697335
1786702145.033855,67.137032,2033,29.46,484.27,65.26,1.0000,0.756668,0.135954,477.77,334.40,0.9749,0.746512,0.696670
1786702145.049543,67.152720,2034,29.46,484.27,65.18,1.0000,0.756678,0.135799,477.81,334.36,0.9752,0.746579,0.696579
1786702145.098353,67.201530,2035,29.46,484.33,65.13,1.0000,0.756758,0.135693,477.81,334.23,0.9750,0.746573,0.696305
1786702145.116048,67.219224,2036,29.46,484.33,65.07,1.0000,0.756761,0.135560,477.85,334.07,0.9753,0.746636,0.695977
1786702145.178465,67.281641,2037,29.46,484.73,65.06,1.0000,0.757389,0.135544,477.85,333.93,0.9753,0.746641,0.695686
1786702145.194085,67.297262,2038,29.46,484.74,65.09,1.0000,0.757400,0.135604,477.68,334.08,0.9752,0.746381,0.695991
1786702145.225879,67.329055,2039,29.46,484.57,65.07,1.0000,0.757148,0.135566,477.79,334.07,0.9760,0.746544,0.695984
1786702145.257542,67.360719,2040,29.46,484.65,65.06,1.0000,0.757261,0.135536,477.73,334.05,0.9756,0.746451,0.695940
1786702145.288985,67.392162,2041,29.46,484.61,65.07,1.0000,0.757206,0.135553,477.91,334.08,0.9758,0.746738,0.695990
1786702145.320681,67.423857,2042,29.46,484.53,65.06,1.0000,0.757084,0.135552,477.98,334.05,0.9760,0.746848,0.695928
1786702145.368004,67.471181,2043,29.46,484.54,65.13,1.0000,0.757098,0.135680,477.80,333.91,0.9755,0.746560,0.695651
1786702145.383813,67.486989,2044,29.46,484.64,65.14,1.0000,0.757257,0.135704,477.94,333.94,0.9753,0.746787,0.695701
1786702145.415314,67.518491,2045,29.46,484.71,65.09,1.0000,0.757356,0.135609,477.95,333.96,0.9755,0.746803,0.695758
1786702145.464528,67.567705,2046,29.54,484.46,65.03,1.0000,0.756975,0.135485,477.93,334.05,0.9755,0.746763,0.695933
1786702145.495656,67.598833,2047,29.54,484.47,65.06,1.0000,0.756979,0.135537,478.08,334.05,0.9760,0.746999,0.695936
1786702145.511267,67.614443,2048,29.54,484.49,65.05,1.0000,0.757023,0.135518,477.95,333.89,0.9758,0.746794,0.695604
1786702145.574792,67.677968,2049,29.54,484.50,64.98,1.0000,0.757035,0.135368,478.06,333.92,0.9761,0.746965,0.695660
1786702145.590759,67.693935,2050,29.54,484.52,64.96,1.0000,0.757068,0.135339,478.04,333.92,0.9763,0.746942,0.695674
1786702145.622676,67.725852,2051,29.54,484.54,65.05,1.0000,0.757092,0.135522,478.07,333.92,0.9765,0.746988,0.695658
1786702145.670469,67.773646,2052,29.54,484.44,64.98,1.0000,0.756930,0.135378,478.18,334.25,0.9766,0.747159,0.696351
1786702145.686123,67.789299,2053,29.54,484.67,65.04,1.0000,0.757301,0.135495,478.23,334.21,0.9767,0.747230,0.696275
1786702145.718958,67.822135,2054,29.54,484.91,65.06,1.0000,0.757667,0.135533,478.20,334.16,0.9768,0.747185,0.696176
1786702145.765800,67.868977,2055,29.54,485.17,64.93,1.0000,0.758085,0.135271,478.03,334.05,0.9769,0.746921,0.695934
1786702145.781658,67.884835,2056,29.54,485.12,64.94,1.0000,0.758001,0.135301,478.13,334.06,0.9768,0.747079,0.695953
1786702145.829155,67.932332,2057,29.54,485.13,64.93,1.0000,0.758012,0.135270,478.16,334.14,0.9769,0.747121,0.696125
1786702145.845112,67.948289,2058,29.54,485.15,64.88,1.0000,0.758044,0.135174,478.01,333.82,0.9767,0.746889,0.695452
1786702145.893846,67.997022,2059,29.54,484.95,64.82,1.0000,0.757728,0.135039,478.11,333.83,0.9768,0.747054,0.695487
1786702145.936581,68.039757,2060,29.54,484.76,64.99,1.0000,0.757433,0.135403,478.18,333.90,0.9771,0.747162,0.695617
1786702145.961303,68.064480,2061,29.50,485.02,64.91,1.0000,0.757847,0.135238,478.22,333.90,0.9772,0.747221,0.695627
1786702146.006966,68.110143,2062,29.50,485.09,64.88,1.0000,0.757958,0.135170,478.37,334.01,0.9776,0.747446,0.695855
1786702146.031692,68.134869,2063,29.50,485.06,64.95,1.0000,0.757909,0.135311,478.44,334.05,0.9778,0.747565,0.695935
1786702146.054286,68.157463,2064,29.50,485.01,64.94,1.0000,0.757835,0.135300,478.43,334.07,0.9781,0.747546,0.695985
1786702146.123556,68.226733,2065,29.50,485.18,64.89,1.0000,0.758098,0.135188,478.42,333.97,0.9782,0.747529,0.695779
1786702146.139908,68.243085,2067,29.50,485.07,64.88,1.0000,0.757927,0.135160,478.46,334.01,0.9783,0.747590,0.695863
1786702146.176389,68.279565,2068,29.50,484.84,64.87,1.0000,0.757562,0.135155,478.46,334.01,0.9784,0.747592,0.695861
1786702146.229843,68.333020,2069,29.50,485.05,64.60,1.0000,0.757887,0.134590,478.48,334.12,0.9783,0.747625,0.696077
1786702146.277489,68.380666,2070,29.50,484.93,64.78,1.0000,0.757709,0.134968,478.48,334.37,0.9782,0.747629,0.696596
1786702146.292997,68.396173,2071,29.50,484.98,64.83,1.0000,0.757783,0.135058,478.17,334.39,0.9785,0.747138,0.696641
1786702146.308972,68.412148,2072,29.50,484.92,64.83,1.0000,0.757682,0.135058,478.16,334.44,0.9785,0.747121,0.696741
1786702146.359088,68.462265,2073,29.50,484.84,64.91,1.0000,0.757568,0.135236,478.13,334.48,0.9785,0.747083,0.696829
1786702146.388207,68.491384,2074,29.50,484.85,64.91,1.0000,0.757573,0.135233,478.16,334.48,0.9781,0.747129,0.696832
1786702146.419768,68.522944,2075,29.50,484.86,64.93,1.0000,0.757591,0.135275,478.18,334.39,0.9782,0.747153,0.696648
1786702146.435871,68.539047,2076,29.50,484.71,64.93,1.0000,0.757359,0.135274,478.21,334.31,0.9783,0.747206,0.696486
1786702146.480993,68.584170,2077,29.39,484.71,64.92,1.0000,0.757353,0.135244,478.26,334.30,0.9784,0.747279,0.696467
1786702146.532297,68.635473,2078,29.39,484.22,64.88,1.0000,0.756588,0.135161,478.30,333.97,0.9783,0.747351,0.695771
1786702146.566003,68.669179,2079,29.39,484.22,64.83,1.0000,0.756588,0.135069,478.31,333.92,0.9778,0.747365,0.695661
1786702146.595527,68.698703,2080,29.39,484.20,64.81,1.0000,0.756561,0.135019,478.21,334.00,0.9765,0.747203,0.695834
1786702146.613003,68.716180,2081,29.39,484.19,64.84,1.0000,0.756549,0.135077,478.23,334.11,0.9757,0.747239,0.696055
1786702146.675506,68.778683,2082,29.39,484.33,64.95,1.0000,0.756763,0.135322,478.22,334.13,0.9759,0.747213,0.696102
1786702146.707919,68.811095,2083,29.39,484.86,64.89,1.0000,0.757601,0.135193,477.72,334.30,0.9755,0.746435,0.696461
1786702146.738644,68.841821,2084,29.39,484.86,64.90,1.0000,0.757595,0.135198,477.89,334.36,0.9757,0.746708,0.696583
1786702146.754382,68.857558,2085,29.39,484.98,65.01,1.0000,0.757778,0.135434,477.89,334.35,0.9759,0.746700,0.696570
1786702146.802804,68.905981,2086,29.39,485.08,65.00,1.0000,0.757944,0.135411,477.81,334.33,0.9762,0.746585,0.696520
1786702146.818301,68.921478,2087,29.39,485.08,64.94,1.0000,0.757935,0.135299,477.88,334.30,0.9762,0.746690,0.696468
1786702146.881988,68.985165,2088,29.39,485.02,64.92,1.0000,0.757844,0.135246,477.91,334.42,0.9762,0.746737,0.696709
1786702146.897812,69.000989,2089,29.39,485.04,64.92,1.0000,0.757871,0.135242,477.96,334.42,0.9768,0.746810,0.696704
1786702146.913593,69.016769,2090,29.39,485.07,64.89,1.0000,0.757923,0.135195,477.93,334.28,0.9766,0.746768,0.696425
1786702146.961687,69.064864,2091,29.39,485.12,64.48,1.0000,0.757993,0.134342,477.85,334.36,0.9762,0.746638,0.696574
1786702146.993568,69.096745,2092,29.39,485.10,64.49,1.0000,0.757974,0.134354,477.89,334.31,0.9762,0.746699,0.696486
1786702147.040555,69.143732,2093,29.39,485.12,64.50,1.0000,0.758003,0.134385,477.89,334.45,0.9763,0.746701,0.696780
1786702147.072947,69.176124,2094,29.39,485.10,64.50,1.0000,0.757970,0.134372,477.90,334.39,0.9763,0.746715,0.696649
1786702147.088489,69.191666,2095,29.39,485.04,64.57,1.0000,0.757868,0.134524,477.89,334.36,0.9759,0.746700,0.696587
1786702147.106569,69.209745,2096,29.39,485.06,64.57,1.0000,0.757909,0.134524,477.72,334.30,0.9756,0.746444,0.696469
1786702147.152555,69.255732,2097,29.39,485.02,64.57,1.0000,0.757842,0.134528,477.74,334.37,0.9756,0.746476,0.696601
1786702147.194249,69.297426,2098,29.39,485.02,64.57,1.0000,0.757840,0.134530,477.75,334.45,0.9753,0.746488,0.696763
1786702147.232471,69.335647,2099,29.39,484.99,64.56,1.0000,0.757792,0.134500,477.79,334.32,0.9754,0.746543,0.696494
1786702147.253768,69.356945,2100,29.39,484.98,64.56,1.0000,0.757774,0.134507,477.80,334.28,0.9752,0.746564,0.696423
1786702147.291149,69.394326,2101,29.39,484.99,64.61,1.0000,0.757793,0.134608,477.82,334.29,0.9752,0.746602,0.696432
1786702147.317075,69.420252,2102,29.39,485.02,64.63,1.0000,0.757849,0.134648,477.79,334.30,0.9753,0.746554,0.696458
1786702147.392644,69.495821,2103,29.39,485.02,64.64,1.0000,0.757848,0.134664,477.69,334.27,0.9754,0.746394,0.696402
1786702147.408543,69.511719,2104,29.39,485.10,64.63,1.0000,0.757966,0.134642,477.70,334.34,0.9753,0.746399,0.696546
1786702147.424713,69.527890,2105,29.39,484.99,64.61,1.0000,0.757804,0.134614,477.73,334.29,0.9757,0.746455,0.696448
1786702147.449263,69.552440,2106,29.39,485.03,64.74,1.0000,0.757852,0.134875,477.71,334.07,0.9759,0.746424,0.695975
1786702147.503447,69.606623,2107,29.50,485.01,64.76,1.0000,0.757835,0.134922,477.77,333.95,0.9759,0.746521,0.695720
1786702147.519125,69.622302,2108,29.50,484.99,64.84,1.0000,0.757804,0.135075,477.77,333.89,0.9759,0.746511,0.695598
1786702147.551268,69.654444,2109,29.50,484.98,64.83,1.0000,0.757784,0.135070,477.81,333.99,0.9762,0.746574,0.695819
1786702147.598196,69.701373,2110,29.50,484.93,64.82,1.0000,0.757706,0.135035,477.95,334.20,0.9765,0.746798,0.696243
1786702147.622662,69.725838,2111,29.50,484.92,64.82,1.0000,0.757683,0.135040,477.96,334.13,0.9766,0.746809,0.696113
1786702147.661350,69.764527,2112,29.50,484.94,64.83,1.0000,0.757716,0.135052,477.89,334.08,0.9763,0.746696,0.696002
1786702147.682182,69.785358,2113,29.50,484.65,64.79,1.0000,0.757268,0.134982,477.93,334.16,0.9763,0.746761,0.696174
1786702147.725348,69.828524,2114,29.50,484.64,64.95,1.0000,0.757244,0.135312,477.96,334.16,0.9761,0.746813,0.696163
1786702147.757450,69.860626,2115,29.50,484.64,64.95,1.0000,0.757245,0.135305,477.77,333.92,0.9759,0.746521,0.695673
1786702147.789543,69.892720,2116,29.50,484.69,64.98,1.0000,0.757325,0.135372,477.89,333.95,0.9761,0.746698,0.695720
1786702147.820901,69.924078,2117,29.50,484.69,65.06,1.0000,0.757321,0.135547,477.91,334.00,0.9760,0.746731,0.695836
1786702147.869170,69.972347,2118,29.50,484.71,65.10,1.0000,0.757362,0.135635,477.86,333.86,0.9761,0.746656,0.695548
1786702147.900776,70.003952,2119,29.50,484.75,65.10,1.0000,0.757420,0.135629,477.89,333.96,0.9755,0.746705,0.695752
1786702147.916546,70.019723,2120,29.50,484.74,65.01,1.0000,0.757402,0.135441,477.91,334.31,0.9759,0.746736,0.696474
1786702147.951703,70.054879,2121,29.50,484.71,65.00,1.0000,0.757366,0.135422,477.96,334.30,0.9763,0.746807,0.696455
1786702147.991481,70.094658,2122,29.59,484.95,64.94,1.0000,0.757727,0.135290,477.78,333.73,0.9761,0.746533,0.695267
1786702148.029234,70.132411,2123,29.59,485.03,64.84,1.0000,0.757860,0.135084,477.74,333.67,0.9765,0.746476,0.695147
1786702148.076269,70.179446,2124,29.59,485.09,64.82,1.0000,0.757949,0.135050,477.93,334.18,0.9765,0.746765,0.696213
1786702148.092386,70.195563,2125,29.59,485.14,64.83,1.0000,0.758036,0.135056,477.84,333.96,0.9764,0.746619,0.695757
1786702148.108084,70.211261,2126,29.59,485.14,64.83,1.0000,0.758033,0.135053,477.87,333.92,0.9766,0.746665,0.695672
1786702148.155706,70.258882,2127,29.59,485.12,64.82,1.0000,0.758000,0.135039,477.91,333.94,0.9770,0.746728,0.695709
1786702148.187565,70.290742,2128,29.59,485.08,64.75,1.0000,0.757937,0.134887,477.92,334.10,0.9773,0.746751,0.696034
1786702148.234861,70.338037,2129,29.59,485.05,64.77,1.0000,0.757891,0.134933,478.07,334.01,0.9773,0.746981,0.695851
1786702148.266986,70.370162,2130,29.59,485.05,64.77,1.0000,0.757887,0.134931,478.05,334.13,0.9774,0.746949,0.696098
1786702148.298890,70.402066,2131,29.59,485.05,64.77,1.0000,0.757891,0.134931,478.05,334.16,0.9772,0.746958,0.696161
1786702148.330768,70.433945,2132,29.59,485.09,64.68,1.0000,0.757957,0.134756,478.14,334.17,0.9773,0.747096,0.696182
1786702148.362633,70.465810,2133,29.59,485.09,64.73,1.0000,0.757959,0.134854,478.14,334.16,0.9776,0.747097,0.696172
1786702148.394041,70.497218,2134,29.59,485.09,64.75,1.0000,0.757954,0.134903,478.07,334.29,0.9777,0.746986,0.696437
1786702148.442069,70.545245,2135,29.59,485.09,64.71,1.0000,0.757958,0.134821,478.01,334.19,0.9774,0.746891,0.696228
1786702148.458180,70.561357,2136,29.59,485.16,64.70,1.0000,0.758058,0.134783,478.00,334.20,0.9772,0.746872,0.696257
1786702148.490144,70.593321,2137,29.59,485.28,64.71,1.0000,0.758257,0.134810,477.81,333.95,0.9771,0.746579,0.695721
1786702148.521420,70.624597,2138,29.85,485.15,64.77,1.0000,0.758046,0.134935,477.82,333.95,0.9770,0.746590,0.695736
1786702148.569466,70.672642,2139,29.85,484.86,64.60,1.0000,0.757600,0.134578,477.79,333.84,0.9768,0.746546,0.695500
1786702148.585199,70.688376,2140,29.85,484.79,64.67,1.0000,0.757485,0.134724,477.78,333.80,0.9765,0.746525,0.695426
1786702148.633811,70.736987,2141,29.85,484.71,64.60,1.0000,0.757352,0.134580,477.80,333.80,0.9768,0.746560,0.695421
1786702148.705380,70.808557,2142,29.85,484.53,64.77,1.0000,0.757083,0.134930,478.00,333.82,0.9769,0.746881,0.695454
1786702148.713067,70.816244,2143,29.85,484.54,64.77,1.0000,0.757086,0.134928,478.06,333.80,0.9766,0.746964,0.695416
1786702148.728980,70.832156,2144,29.85,484.88,64.76,1.0000,0.757622,0.134926,478.07,333.59,0.9765,0.746986,0.694984
1786702148.745065,70.848241,2145,29.85,484.79,64.77,1.0000,0.757477,0.134944,478.08,333.63,0.9764,0.747005,0.695070
1786702148.804038,70.907215,2146,29.85,484.78,64.95,1.0000,0.757474,0.135315,477.66,333.38,0.9760,0.746348,0.694543
1786702148.809146,70.912323,2147,29.85,484.58,64.98,1.0000,0.757149,0.135373,477.66,333.37,0.9763,0.746339,0.694513
1786702148.857196,70.960373,2148,29.85,484.65,64.81,1.0000,0.757260,0.135027,477.71,333.52,0.9766,0.746429,0.694828
1786702148.891814,70.994991,2149,29.85,484.77,64.82,1.0000,0.757446,0.135046,477.73,333.54,0.9769,0.746461,0.694868
1786702148.921188,71.024365,2150,29.85,484.74,64.78,1.0000,0.757404,0.134959,477.66,333.53,0.9771,0.746345,0.694847
1786702148.960756,71.063933,2151,29.85,484.70,64.74,1.0000,0.757342,0.134868,477.95,333.54,0.9768,0.746801,0.694882
1786702148.987474,71.090651,2152,29.85,484.65,64.72,1.0000,0.757260,0.134838,477.97,333.60,0.9772,0.746827,0.694993
1786702149.049418,71.152594,2153,29.58,485.00,64.72,1.0000,0.757808,0.134827,477.85,333.40,0.9766,0.746636,0.694588
1786702149.065173,71.168350,2154,29.58,485.00,64.71,1.0000,0.757807,0.134809,477.84,333.99,0.9768,0.746628,0.695819
1786702149.081021,71.184197,2155,29.58,485.00,64.70,1.0000,0.757806,0.134801,477.94,334.17,0.9765,0.746779,0.696178
1786702149.144262,71.247439,2156,29.58,484.98,64.75,1.0000,0.757779,0.134901,477.92,334.18,0.9770,0.746746,0.696210
1786702149.176572,71.279748,2157,29.58,484.96,64.74,1.0000,0.757743,0.134869,477.66,334.67,0.9764,0.746342,0.697226
1786702149.192508,71.295684,2158,29.58,484.95,64.69,1.0000,0.757731,0.134765,477.79,334.86,0.9762,0.746545,0.697627
1786702149.226638,71.329815,2159,29.58,484.94,64.69,1.0000,0.757718,0.134765,477.81,334.66,0.9764,0.746585,0.697210
1786702149.261896,71.365072,2160,29.58,485.01,64.70,1.0000,0.757833,0.134796,477.89,334.36,0.9760,0.746700,0.696590
1786702149.288271,71.391448,2161,29.58,485.15,64.71,1.0000,0.758041,0.134818,477.87,334.38,0.9762,0.746668,0.696633
1786702149.336994,71.440170,2162,29.58,484.98,64.71,1.0000,0.757787,0.134804,478.00,334.18,0.9761,0.746870,0.696200
1786702149.368716,71.471893,2163,29.58,484.93,64.68,1.0000,0.757700,0.134757,477.90,333.90,0.9760,0.746716,0.695622
1786702149.400278,71.503455,2164,29.58,484.94,64.71,1.0000,0.757718,0.134810,478.03,333.98,0.9764,0.746919,0.695787
1786702149.431972,71.535149,2165,29.58,485.04,64.95,1.0000,0.757876,0.135316,477.57,334.15,0.9754,0.746205,0.696137
1786702149.463358,71.566534,2166,29.58,484.93,64.95,1.0000,0.757710,0.135318,477.58,334.16,0.9758,0.746224,0.696158
1786702149.510082,71.613259,2167,29.58,485.00,64.96,1.0000,0.757807,0.135337,477.64,333.98,0.9760,0.746320,0.695783
1786702149.525855,71.629032,2168,29.58,484.83,64.95,1.0000,0.757552,0.135307,477.76,334.15,0.9761,0.746493,0.696149
1786702149.557791,71.660968,2169,29.96,484.81,64.97,1.0000,0.757520,0.135358,477.74,334.15,0.9758,0.746475,0.696154
1786702149.605694,71.708870,2170,29.96,484.93,64.97,1.0000,0.757699,0.135357,477.67,334.03,0.9761,0.746367,0.695888
1786702149.621604,71.724780,2171,29.96,484.92,64.97,1.0000,0.757689,0.135360,477.77,334.23,0.9764,0.746521,0.696310
1786702149.654083,71.757260,2172,29.96,484.96,65.05,1.0000,0.757746,0.135519,477.80,334.36,0.9765,0.746558,0.696592
1786702149.693071,71.796247,2173,29.96,484.82,65.03,1.0000,0.757526,0.135487,478.02,334.64,0.9764,0.746908,0.697175
1786702149.732672,71.835849,2174,29.96,484.89,65.03,1.0000,0.757647,0.135486,478.03,334.43,0.9763,0.746924,0.696729
1786702149.764971,71.868148,2175,29.96,484.88,65.05,1.0000,0.757624,0.135517,478.04,334.25,0.9760,0.746934,0.696351
1786702149.796850,71.900027,2176,29.96,484.84,65.11,1.0000,0.757558,0.135653,478.11,334.03,0.9761,0.747040,0.695894
1786702149.827912,71.931088,2177,29.96,484.84,65.14,1.0000,0.757559,0.135713,478.13,333.96,0.9760,0.747074,0.695750
1786702149.860225,71.963402,2178,29.96,484.79,65.12,1.0000,0.757491,0.135657,478.26,333.83,0.9760,0.747285,0.695489
1786702149.875883,71.979060,2179,29.96,484.96,65.13,1.0000,0.757754,0.135682,478.21,333.68,0.9760,0.747210,0.695172
1786702149.958864,72.062041,2180,29.96,484.98,65.16,1.0000,0.757789,0.135749,478.09,333.41,0.9759,0.747019,0.694594
1786702149.980260,72.083437,2181,29.96,484.94,65.16,1.0000,0.757717,0.135751,478.12,333.37,0.9761,0.747067,0.694531
1786702149.999415,72.102591,2182,29.96,484.94,65.15,1.0000,0.757724,0.135738,478.01,333.38,0.9757,0.746897,0.694542
1786702150.015500,72.118676,2183,29.96,485.06,65.15,1.0000,0.757905,0.135733,477.77,333.40,0.9753,0.746514,0.694581
1786702150.064041,72.167217,2184,29.82,484.98,65.16,1.0000,0.757786,0.135754,477.77,333.37,0.9751,0.746516,0.694521
1786702150.096056,72.199232,2185,29.82,484.94,65.11,1.0000,0.757718,0.135654,477.78,333.38,0.9757,0.746534,0.694551
1786702150.127954,72.231130,2186,29.82,484.95,65.17,1.0000,0.757734,0.135772,477.78,333.40,0.9759,0.746535,0.694589
1786702150.153521,72.256698,2187,29.82,485.01,65.13,1.0000,0.757829,0.135688,477.63,333.42,0.9759,0.746293,0.694617
1786702150.186484,72.289660,2188,29.82,485.04,65.13,1.0000,0.757878,0.135683,477.52,333.45,0.9760,0.746117,0.694696
1786702150.223905,72.327081,2189,29.82,484.97,65.20,1.0000,0.757771,0.135840,477.53,333.64,0.9761,0.746142,0.695085
1786702150.238671,72.341847,2190,29.82,484.89,65.19,1.0000,0.757646,0.135817,477.55,333.65,0.9765,0.746180,0.695111
1786702150.289993,72.393170,2191,29.82,484.85,65.19,1.0000,0.757580,0.135818,477.57,333.54,0.9764,0.746209,0.694869
1786702150.326526,72.429703,2192,29.82,484.61,65.19,1.0000,0.757204,0.135822,477.85,333.65,0.9767,0.746637,0.695105
1786702150.366363,72.469540,2193,29.82,484.56,65.03,1.0000,0.757126,0.135485,477.86,333.70,0.9760,0.746656,0.695216
1786702150.399310,72.502487,2194,29.82,484.43,65.05,1.0000,0.756927,0.135523,477.71,333.70,0.9760,0.746417,0.695216
1786702150.430487,72.533664,2195,29.82,484.40,65.05,1.0000,0.756876,0.135525,477.83,333.67,0.9764,0.746606,0.695150
1786702150.456425,72.559601,2196,29.82,484.40,65.01,1.0000,0.756878,0.135433,477.83,333.67,0.9765,0.746607,0.695156
1786702150.494158,72.597335,2197,29.82,484.45,65.02,1.0000,0.756946,0.135465,477.86,333.66,0.9761,0.746663,0.695122
1786702150.525778,72.628954,2198,29.82,484.44,65.03,1.0000,0.756932,0.135476,477.89,333.82,0.9765,0.746710,0.695454
1786702150.557686,72.660863,2199,29.82,484.44,65.04,1.0000,0.756932,0.135491,477.91,333.81,0.9769,0.746732,0.695437
1786702150.605662,72.708839,2200,29.73,484.52,65.31,1.0000,0.757059,0.136060,477.98,333.72,0.9769,0.746848,0.695248
1786702150.621371,72.724547,2201,29.73,484.53,65.33,1.0000,0.757074,0.136094,478.03,333.77,0.9770,0.746915,0.695363
1786702150.655706,72.758882,2202,29.73,484.74,65.33,1.0000,0.757400,0.136095,477.84,333.94,0.9767,0.746631,0.695700
1786702150.700756,72.803933,2203,29.73,484.64,65.31,1.0000,0.757246,0.136062,477.88,333.79,0.9767,0.746681,0.695387
1786702150.716391,72.819567,2204,29.73,484.60,65.25,1.0000,0.757185,0.135930,477.79,333.70,0.9766,0.746544,0.695202
1786702150.753104,72.856281,2205,29.73,484.58,65.27,1.0000,0.757164,0.135969,477.79,333.59,0.9765,0.746552,0.694971
1786702150.811298,72.914475,2206,29.73,484.58,65.24,1.0000,0.757161,0.135925,478.07,333.82,0.9763,0.746981,0.695464
1786702150.827108,72.930285,2207,29.73,484.58,65.09,1.0000,0.757152,0.135597,477.79,333.68,0.9757,0.746539,0.695161
1786702150.858993,72.962170,2208,29.73,484.29,65.09,1.0000,0.756703,0.135594,477.82,333.64,0.9756,0.746589,0.695089
1786702150.874767,72.977943,2209,29.73,484.29,65.09,1.0000,0.756702,0.135613,477.79,333.65,0.9757,0.746546,0.695097
1786702150.918410,73.021587,2210,29.73,484.25,65.10,1.0000,0.756644,0.135624,478.00,333.65,0.9754,0.746878,0.695100
1786702150.954949,73.058125,2211,29.73,484.35,65.08,1.0000,0.756796,0.135588,478.06,333.71,0.9756,0.746973,0.695234
1786702150.989000,73.092176,2212,29.73,484.52,64.91,1.0000,0.757062,0.135229,478.07,333.86,0.9757,0.746977,0.695537
1786702151.017991,73.121168,2213,29.73,484.40,64.89,1.0000,0.756868,0.135184,478.06,333.94,0.9756,0.746976,0.695718
1786702151.052142,73.155318,2214,29.73,484.55,64.91,1.0000,0.757115,0.135222,477.90,333.85,0.9757,0.746727,0.695522
1786702151.081338,73.184515,2215,29.73,484.60,64.92,1.0000,0.757191,0.135241,477.88,333.78,0.9758,0.746695,0.695380
1786702151.129985,73.233162,2216,29.86,484.65,64.89,1.0000,0.757265,0.135178,477.90,333.79,0.9757,0.746719,0.695396
1786702151.161944,73.265121,2217,29.86,484.69,64.90,1.0000,0.757324,0.135205,477.92,333.77,0.9755,0.746757,0.695363
1786702151.177609,73.280785,2218,29.86,484.72,64.92,1.0000,0.757379,0.135244,478.04,333.78,0.9756,0.746939,0.695377
1786702151.242241,73.345417,2219,29.86,484.66,64.94,1.0000,0.757278,0.135295,477.78,333.78,0.9756,0.746530,0.695375
1786702151.257337,73.360513,2220,29.86,484.58,65.01,1.0000,0.757151,0.135427,477.62,333.77,0.9754,0.746279,0.695353
1786702151.273356,73.376533,2221,29.86,484.56,65.00,1.0000,0.757125,0.135426,477.92,333.81,0.9754,0.746757,0.695442
1786702151.321584,73.424760,2222,29.86,484.49,64.99,1.0000,0.757008,0.135401,477.80,334.29,0.9756,0.746556,0.696444
1786702151.370806,73.473983,2223,29.86,484.46,65.09,1.0000,0.756977,0.135614,477.98,334.90,0.9756,0.746848,0.697713
1786702151.385558,73.488735,2224,29.86,484.43,65.07,1.0000,0.756923,0.135572,478.12,334.65,0.9752,0.747068,0.697196
1786702151.428240,73.531417,2225,29.86,484.47,65.08,1.0000,0.756989,0.135583,478.25,334.57,0.9752,0.747273,0.697017
1786702151.452379,73.555555,2226,29.86,484.46,65.07,1.0000,0.756964,0.135569,478.26,334.36,0.9755,0.747287,0.696575
1786702151.502769,73.605946,2227,29.86,484.46,65.09,1.0000,0.756963,0.135598,478.19,334.72,0.9754,0.747168,0.697325
1786702151.529856,73.633033,2228,29.86,484.27,65.09,1.0000,0.756675,0.135596,478.19,334.54,0.9754,0.747167,0.696959
1786702151.561622,73.664798,2229,29.86,484.39,65.11,1.0000,0.756858,0.135637,478.03,334.04,0.9757,0.746917,0.695910
1786702151.601539,73.704715,2230,29.86,484.46,64.92,1.0000,0.756964,0.135258,477.89,333.75,0.9754,0.746706,0.695320
1786702151.615007,73.718184,2231,29.86,484.42,64.92,1.0000,0.756910,0.135257,477.93,333.70,0.9756,0.746769,0.695203
1786702151.663258,73.766435,2232,29.94,484.52,64.99,1.0000,0.757064,0.135386,478.07,333.72,0.9759,0.746989,0.695245
1786702151.697177,73.800354,2233,29.94,484.59,64.93,1.0000,0.757170,0.135280,477.93,333.62,0.9758,0.746760,0.695037
1786702151.736598,73.839775,2234,29.94,484.61,64.93,1.0000,0.757205,0.135275,478.03,333.79,0.9758,0.746923,0.695387
1786702151.751817,73.854993,2235,29.94,484.64,64.92,1.0000,0.757246,0.135259,477.79,333.71,0.9752,0.746541,0.695229
1786702151.815136,73.918313,2236,29.94,484.68,64.93,1.0000,0.757320,0.135275,478.09,333.81,0.9752,0.747021,0.695438
1786702151.847501,73.950677,2237,29.94,484.66,64.93,1.0000,0.757275,0.135275,478.09,333.72,0.9755,0.747014,0.695251
1786702151.863376,73.966552,2238,29.94,484.68,64.93,1.0000,0.757306,0.135263,478.08,333.74,0.9753,0.747004,0.695287
1786702151.883033,73.986209,2239,29.94,484.77,64.94,1.0000,0.757449,0.135283,478.13,333.73,0.9756,0.747081,0.695263
1786702151.927569,74.030745,2240,29.94,484.69,64.98,1.0000,0.757325,0.135377,478.00,333.89,0.9754,0.746869,0.695595
1786702151.966998,74.070174,2241,29.94,484.70,64.99,1.0000,0.757338,0.135386,478.14,333.82,0.9756,0.747088,0.695456
1786702151.996987,74.100163,2242,29.94,484.68,65.15,1.0000,0.757318,0.135734,478.14,333.64,0.9757,0.747086,0.695079
1786702152.029559,74.132736,2243,29.94,484.79,65.09,1.0000,0.757487,0.135605,478.14,333.56,0.9754,0.747090,0.694918
1786702152.061406,74.164583,2244,29.94,484.77,65.07,1.0000,0.757450,0.135565,478.14,333.47,0.9758,0.747089,0.694723
1786702152.092315,74.195492,2245,29.94,484.68,65.07,1.0000,0.757318,0.135571,478.18,333.38,0.9763,0.747162,0.694534
1786702152.113693,74.216870,2246,29.94,484.68,65.13,1.0000,0.757316,0.135682,478.14,333.36,0.9764,0.747087,0.694508
1786702152.150755,74.253932,2247,29.94,484.94,64.91,1.0000,0.757714,0.135233,478.13,333.04,0.9766,0.747074,0.693837
1786702152.187737,74.290913,2248,30.14,485.11,64.92,1.0000,0.757991,0.135244,478.24,333.52,0.9769,0.747249,0.694839
1786702152.230359,74.333535,2249,30.14,485.26,64.99,1.0000,0.758218,0.135400,478.12,333.29,0.9772,0.747066,0.694345
1786702152.267637,74.370813,2250,30.14,485.13,65.03,1.0000,0.758017,0.135487,478.16,333.39,0.9774,0.747124,0.694555
1786702152.299340,74.402517,2251,30.14,485.06,65.02,1.0000,0.757908,0.135460,478.17,333.51,0.9773,0.747144,0.694804
1786702152.331827,74.435004,2252,30.14,485.06,65.06,1.0000,0.757907,0.135539,478.41,333.58,0.9777,0.747509,0.694968
1786702152.363592,74.466768,2253,30.14,485.07,65.48,1.0000,0.757918,0.136407,478.22,333.42,0.9777,0.747217,0.694617
1786702152.396034,74.499211,2254,30.14,485.16,65.49,1.0000,0.758059,0.136429,478.22,333.46,0.9777,0.747217,0.694702
1786702152.411137,74.514314,2255,30.14,485.14,65.42,1.0000,0.758027,0.136300,478.21,333.48,0.9774,0.747197,0.694757
1786702152.508000,74.611176,2256,30.14,485.14,65.43,1.0000,0.758025,0.136319,478.26,333.80,0.9772,0.747275,0.695411
1786702152.523746,74.626923,2258,30.14,485.10,65.46,1.0000,0.757976,0.136370,478.20,334.28,0.9769,0.747192,0.696423
1786702152.558060,74.661237,2259,30.14,485.10,65.43,1.0000,0.757976,0.136318,478.22,334.23,0.9768,0.747218,0.696308
1786702152.589087,74.692264,2260,30.14,485.10,65.43,1.0000,0.757977,0.136322,478.12,334.22,0.9769,0.747060,0.696300
1786702152.621140,74.724317,2261,30.14,485.10,65.49,1.0000,0.757962,0.136439,478.08,334.24,0.9767,0.746995,0.696336
1786702152.666043,74.769219,2262,30.14,485.04,65.47,1.0000,0.757876,0.136402,478.33,334.06,0.9770,0.747397,0.695968
1786702152.698318,74.801495,2263,29.60,484.98,65.55,1.0000,0.757778,0.136569,478.24,334.41,0.9766,0.747244,0.696690
1786702152.746569,74.849746,2264,29.60,484.98,65.55,1.0000,0.757785,0.136554,477.83,334.43,0.9765,0.746612,0.696725
1786702152.762816,74.865992,2265,29.60,484.97,65.58,1.0000,0.757761,0.136626,477.73,334.42,0.9764,0.746459,0.696704
1786702152.794996,74.898172,2266,29.60,484.97,65.57,1.0000,0.757769,0.136595,477.82,334.35,0.9767,0.746591,0.696552
1786702152.826573,74.929750,2267,29.60,484.98,65.56,1.0000,0.757776,0.136589,477.66,333.84,0.9770,0.746339,0.695502
1786702152.858758,74.961935,2268,29.60,484.94,65.56,1.0000,0.757713,0.136591,477.67,333.91,0.9773,0.746355,0.695641
1786702152.890784,74.993960,2269,29.60,484.76,65.56,1.0000,0.757437,0.136574,477.64,333.76,0.9771,0.746316,0.695343
1786702152.922788,75.025964,2270,29.60,484.76,65.57,1.0000,0.757436,0.136604,477.68,333.78,0.9770,0.746379,0.695382
1786702152.971215,75.074391,2271,29.60,484.69,65.31,1.0000,0.757327,0.136062,477.96,333.72,0.9770,0.746820,0.695244
1786702153.001521,75.104698,2272,29.60,484.72,65.44,1.0000,0.757369,0.136324,477.98,333.72,0.9773,0.746848,0.695248
1786702153.033336,75.136513,2273,29.60,484.71,65.44,1.0000,0.757359,0.136341,477.98,333.75,0.9770,0.746840,0.695304
1786702153.065220,75.168397,2274,29.60,484.71,65.51,1.0000,0.757366,0.136476,478.16,333.75,0.9771,0.747132,0.695313
1786702153.096781,75.199958,2275,29.60,484.94,65.51,1.0000,0.757719,0.136475,478.14,333.68,0.9770,0.747100,0.695163
1786702153.129031,75.232207,2276,29.60,485.07,65.45,1.0000,0.757928,0.136357,478.12,333.67,0.9767,0.747068,0.695137
1786702153.160395,75.263571,2277,29.60,485.17,65.36,1.0000,0.758072,0.136168,478.19,333.68,0.9767,0.747165,0.695158
1786702153.191862,75.295039,2278,29.64,485.36,65.26,1.0000,0.758371,0.135968,478.22,333.70,0.9768,0.747218,0.695203
1786702153.239809,75.342986,2279,29.64,485.42,65.26,1.0000,0.758463,0.135968,478.21,333.78,0.9768,0.747195,0.695369
1786702153.255270,75.358447,2280,29.64,485.40,65.33,1.0000,0.758443,0.136102,478.40,333.94,0.9761,0.747496,0.695703
1786702153.302914,75.406091,2281,29.64,485.39,65.42,1.0000,0.758422,0.136297,478.31,333.98,0.9763,0.747356,0.695783
1786702153.318998,75.422174,2282,29.64,485.71,65.46,1.0000,0.758925,0.136370,478.37,333.88,0.9768,0.747454,0.695578
1786702153.351046,75.454222,2283,29.64,485.74,65.46,1.0000,0.758970,0.136378,478.40,333.97,0.9767,0.747493,0.695765
1786702153.399072,75.502249,2284,29.64,485.74,65.65,1.0000,0.758969,0.136763,478.33,334.08,0.9769,0.747389,0.695992
1786702153.414847,75.518023,2285,29.64,485.80,65.70,1.0000,0.759058,0.136871,478.33,334.08,0.9769,0.747385,0.695996
1786702153.463351,75.566528,2286,29.64,485.81,65.71,1.0000,0.759074,0.136903,478.33,334.07,0.9767,0.747397,0.695974
1786702153.494132,75.597309,2287,29.64,485.85,65.75,1.0000,0.759145,0.136985,478.31,334.10,0.9767,0.747363,0.696038
1786702153.525992,75.629169,2288,29.64,485.91,65.79,1.0000,0.759238,0.137054,478.41,334.13,0.9763,0.747513,0.696108
1786702153.574239,75.677416,2289,29.64,485.91,65.86,1.0000,0.759240,0.137208,478.35,334.15,0.9764,0.747429,0.696139
1786702153.597696,75.700873,2290,29.64,485.91,65.78,1.0000,0.759234,0.137035,478.38,334.15,0.9769,0.747470,0.696144
1786702153.621879,75.725056,2291,29.64,486.08,65.72,1.0000,0.759507,0.136918,478.38,334.15,0.9766,0.747476,0.696143
1786702153.667085,75.770261,2292,29.64,486.45,65.67,1.0000,0.760070,0.136814,478.37,333.76,0.9772,0.747457,0.695343
1786702153.749571,75.852747,2294,29.09,486.28,65.74,1.0000,0.759814,0.136968,478.09,333.77,0.9768,0.747011,0.695348
1786702153.778482,75.881659,2295,29.09,486.37,65.62,1.0000,0.759950,0.136718,478.06,333.73,0.9769,0.746965,0.695277
1786702153.799524,75.902701,2296,29.09,486.37,65.68,1.0000,0.759950,0.136831,478.11,333.71,0.9771,0.747041,0.695238
1786702153.819723,75.922899,2297,29.09,486.36,65.71,1.0000,0.759931,0.136889,478.23,333.78,0.9769,0.747237,0.695366
1786702153.852557,75.955733,2298,29.09,486.16,65.71,1.0000,0.759617,0.136900,478.28,333.75,0.9769,0.747320,0.695320
1786702153.903585,76.006761,2299,29.09,486.17,65.71,1.0000,0.759633,0.136892,477.80,333.64,0.9767,0.746568,0.695092
1786702153.927306,76.030483,2300,29.09,486.18,65.71,1.0000,0.759657,0.136899,477.81,333.63,0.9765,0.746578,0.695053
1786702153.971051,76.074228,2301,29.09,486.14,65.63,1.0000,0.759592,0.136737,477.42,333.65,0.9766,0.745974,0.695114
1786702154.006443,76.109620,2302,29.09,486.19,65.61,1.0000,0.759669,0.136679,477.30,333.84,0.9766,0.745788,0.695492
1786702154.051642,76.154819,2303,29.09,486.29,65.79,1.0000,0.759824,0.137058,477.30,333.85,0.9764,0.745782,0.695527
1786702154.054209,76.157385,2304,29.09,486.28,65.76,1.0000,0.759817,0.136996,477.19,333.90,0.9760,0.745614,0.695618
1786702154.091363,76.194540,2305,29.09,486.26,65.69,1.0000,0.759780,0.136847,477.31,333.90,0.9758,0.745793,0.695630
1786702154.110488,76.213665,2306,29.09,486.30,65.69,1.0000,0.759850,0.136845,477.32,333.68,0.9761,0.745814,0.695166
1786702154.147504,76.250680,2307,29.09,486.26,65.64,1.0000,0.759774,0.136754,477.50,333.40,0.9761,0.746087,0.694575
1786702154.182788,76.285965,2308,29.09,486.26,65.64,1.0000,0.759780,0.136758,477.67,333.47,0.9762,0.746364,0.694729
1786702154.226857,76.330034,2309,29.09,486.27,65.69,1.0000,0.759803,0.136847,477.82,333.57,0.9757,0.746587,0.694930
1786702154.267222,76.370398,2310,29.38,486.28,65.66,1.0000,0.759817,0.136781,477.87,333.50,0.9755,0.746674,0.694789
1786702154.290274,76.393450,2311,29.38,486.36,65.55,1.0000,0.759934,0.136563,478.03,333.46,0.9758,0.746925,0.694714
1786702154.342262,76.445438,2312,29.38,486.34,65.56,1.0000,0.759906,0.136579,478.26,333.75,0.9760,0.747280,0.695302
1786702154.357656,76.460832,2313,29.38,486.34,65.52,1.0000,0.759904,0.136510,478.22,333.77,0.9759,0.747223,0.695362
1786702154.389840,76.493016,2314,29.38,486.30,65.49,1.0000,0.759839,0.136446,478.23,333.78,0.9762,0.747239,0.695385
1786702154.420720,76.523897,2315,29.38,486.07,65.49,1.0000,0.759479,0.136439,478.26,333.73,0.9766,0.747274,0.695263
1786702154.467376,76.570552,2316,29.38,486.00,65.55,1.0000,0.759380,0.136554,478.30,333.66,0.9766,0.747345,0.695129
1786702154.515505,76.618681,2317,29.38,486.01,65.81,1.0000,0.759395,0.137095,478.33,333.44,0.9761,0.747387,0.694665
1786702154.547197,76.650374,2318,29.38,485.75,66.05,1.0000,0.758978,0.137614,478.22,333.32,0.9760,0.747218,0.694411
1786702154.562547,76.665724,2319,29.38,485.45,66.17,1.0000,0.758523,0.137853,478.43,333.25,0.9764,0.747540,0.694275
1786702154.594258,76.697434,2320,29.38,485.51,66.20,1.0000,0.758614,0.137924,478.48,333.15,0.9766,0.747620,0.694065
1786702154.618862,76.722039,2321,29.38,485.71,66.38,1.0000,0.758923,0.138294,478.56,332.89,0.9769,0.747747,0.693523
1786702154.663252,76.766428,2322,29.38,485.47,66.53,1.0000,0.758544,0.138599,478.55,333.00,0.9765,0.747742,0.693753
1786702154.705601,76.808778,2323,29.38,485.49,66.58,1.0000,0.758584,0.138718,478.37,333.40,0.9772,0.747455,0.694588
1786702154.754004,76.857180,2324,29.38,485.57,66.55,1.0000,0.758702,0.138655,478.28,333.36,0.9777,0.747309,0.694503
1786702154.770009,76.873186,2325,29.50,485.45,66.82,1.0000,0.758521,0.139217,478.29,333.36,0.9779,0.747333,0.694497
1786702154.786044,76.889221,2326,29.50,485.54,66.77,1.0000,0.758651,0.139097,478.27,333.33,0.9778,0.747289,0.694437
1786702154.850685,76.953862,2327,29.50,485.61,66.53,1.0000,0.758771,0.138607,478.19,333.33,0.9781,0.747171,0.694428
1786702154.866943,76.970119,2328,29.50,485.69,66.44,1.0000,0.758890,0.138410,478.18,333.32,0.9783,0.747154,0.694411
1786702154.880518,76.983695,2329,29.50,485.70,66.41,1.0000,0.758911,0.138344,478.14,333.42,0.9779,0.747093,0.694623
1786702154.914436,77.017612,2330,29.50,485.89,66.42,1.0000,0.759202,0.138368,478.16,333.34,0.9784,0.747129,0.694456
1786702154.960758,77.063935,2331,29.50,485.86,66.22,1.0000,0.759162,0.137953,478.08,333.33,0.9785,0.747007,0.694448
1786702154.977880,77.081057,2332,29.50,486.10,66.22,1.0000,0.759537,0.137952,478.43,333.47,0.9786,0.747547,0.694724
1786702155.064677,77.167853,2333,29.50,487.01,66.16,1.0000,0.760949,0.137832,478.19,333.47,0.9788,0.747171,0.694730
1786702155.086204,77.189380,2334,29.50,487.03,66.15,1.0000,0.760987,0.137805,478.20,333.48,0.9783,0.747185,0.694744
1786702155.101589,77.204766,2335,29.50,487.03,66.14,1.0000,0.760985,0.137799,478.04,333.48,0.9785,0.746933,0.694756
1786702155.233150,77.336326,2336,29.50,487.00,66.14,1.0000,0.760939,0.137788,478.32,332.95,0.9789,0.747381,0.693651
1786702155.248621,77.351797,2340,29.50,487.01,66.28,1.0000,0.760949,0.138085,478.26,332.87,0.9791,0.747286,0.693489
1786702155.291236,77.394413,2341,28.62,487.21,66.64,1.0000,0.761273,0.138823,478.22,333.09,0.9792,0.747222,0.693937
1786702155.325668,77.428844,2342,28.62,487.21,66.66,1.0000,0.761259,0.138881,478.01,333.08,0.9790,0.746895,0.693915
1786702155.360639,77.463815,2343,28.62,487.20,66.66,1.0000,0.761254,0.138875,478.00,333.04,0.9790,0.746877,0.693840
1786702155.402770,77.505947,2344,28.62,487.35,66.66,1.0000,0.761491,0.138869,477.94,333.25,0.9790,0.746783,0.694261
1786702155.424168,77.527345,2345,28.62,487.40,66.66,1.0000,0.761564,0.138868,477.90,333.37,0.9788,0.746723,0.694516
1786702155.458275,77.561451,2346,28.62,487.48,66.66,1.0000,0.761685,0.138877,478.07,333.38,0.9788,0.746977,0.694538
1786702155.484638,77.587815,2347,28.62,487.48,66.66,1.0000,0.761692,0.138885,478.04,333.43,0.9786,0.746943,0.694653
1786702155.531375,77.634552,2348,28.62,487.66,66.70,1.0000,0.761966,0.138964,478.02,333.45,0.9790,0.746898,0.694682
1786702155.562650,77.665827,2349,28.62,487.93,66.70,1.0000,0.762394,0.138963,478.20,333.43,0.9793,0.747180,0.694642
1786702155.611021,77.714197,2350,28.62,487.84,66.66,1.0000,0.762257,0.138872,478.49,333.49,0.9790,0.747644,0.694769
1786702155.643072,77.746248,2351,28.62,487.78,66.66,1.0000,0.762150,0.138874,478.51,333.44,0.9787,0.747665,0.694670
1786702155.658358,77.761535,2352,28.62,487.76,66.66,1.0000,0.762120,0.138873,478.47,333.51,0.9788,0.747607,0.694811
1786702155.705652,77.808828,2353,28.62,487.76,66.66,1.0000,0.762120,0.138874,478.50,333.51,0.9789,0.747650,0.694807
1786702155.737297,77.840473,2354,28.62,487.79,66.71,1.0000,0.762174,0.138972,478.56,333.62,0.9786,0.747746,0.695049
1786702155.769513,77.872689,2355,28.62,487.88,66.71,1.0000,0.762312,0.138975,478.56,333.63,0.9786,0.747746,0.695065
1786702155.801059,77.904235,2356,28.77,487.90,66.66,1.0000,0.762343,0.138885,478.61,333.53,0.9787,0.747836,0.694846
1786702155.832991,77.936167,2357,28.77,487.90,66.68,1.0000,0.762350,0.138913,478.59,333.52,0.9782,0.747804,0.694831
1786702155.880256,77.983433,2358,28.77,487.94,66.68,1.0000,0.762413,0.138910,478.03,333.50,0.9775,0.746925,0.694799
1786702155.895418,77.998595,2359,28.77,487.96,66.56,1.0000,0.762430,0.138674,478.24,333.43,0.9774,0.747252,0.694655
1786702155.927796,78.030973,2360,28.77,487.94,66.47,1.0000,0.762399,0.138489,478.27,333.45,0.9769,0.747303,0.694682
1786702155.962174,78.065351,2361,28.77,487.90,66.49,1.0000,0.762350,0.138528,478.29,333.48,0.9771,0.747329,0.694757
1786702155.998201,78.101377,2362,28.77,487.85,66.51,1.0000,0.762262,0.138561,477.92,333.52,0.9767,0.746744,0.694828
1786702156.045293,78.148469,2363,28.77,487.83,66.52,1.0000,0.762237,0.138581,478.23,333.57,0.9768,0.747232,0.694939
1786702156.064476,78.167652,2364,28.77,487.95,66.48,1.0000,0.762421,0.138505,477.81,333.55,0.9773,0.746577,0.694898
1786702156.093116,78.196293,2365,28.77,487.91,66.51,1.0000,0.762359,0.138552,477.80,333.45,0.9772,0.746555,0.694685
1786702156.142444,78.245620,2366,28.77,487.98,66.48,1.0000,0.762474,0.138496,477.70,333.41,0.9774,0.746403,0.694600
1786702156.157153,78.260330,2367,28.77,488.01,66.45,1.0000,0.762514,0.138443,477.77,333.26,0.9779,0.746521,0.694290
1786702156.191495,78.294672,2368,28.77,487.97,66.46,1.0000,0.762451,0.138450,477.85,333.13,0.9783,0.746644,0.694012
1786702156.220834,78.324011,2369,28.77,487.97,66.46,1.0000,0.762448,0.138459,477.84,333.18,0.9784,0.746631,0.694121
1786702156.252534,78.355711,2370,28.77,488.20,66.52,1.0000,0.762814,0.138586,477.89,333.24,0.9785,0.746707,0.694243
1786702156.295097,78.398273,2371,28.77,488.20,66.60,1.0000,0.762810,0.138740,477.72,333.31,0.9780,0.746445,0.694395
1786702156.347945,78.451121,2372,28.85,488.40,66.67,1.0000,0.763125,0.138895,478.19,333.35,0.9777,0.747169,0.694486
1786702156.363053,78.466229,2373,28.85,488.43,66.65,1.0000,0.763165,0.138847,478.11,333.13,0.9779,0.747053,0.694018
1786702156.395907,78.499084,2374,28.85,488.45,66.65,1.0000,0.763200,0.138849,478.22,333.14,0.9783,0.747219,0.694039
1786702156.422713,78.525890,2375,28.85,488.62,66.65,1.0000,0.763468,0.138845,478.29,333.19,0.9784,0.747335,0.694148
1786702156.459648,78.562824,2376,28.85,488.88,66.57,1.0000,0.763882,0.138691,478.38,333.26,0.9785,0.747467,0.694297
1786702156.491759,78.594935,2377,28.85,489.13,66.52,1.0000,0.764272,0.138579,478.40,333.26,0.9785,0.747502,0.694293
1786702156.523703,78.626880,2378,28.85,489.18,66.50,1.0000,0.764349,0.138543,478.41,333.29,0.9785,0.747516,0.694344
1786702156.571139,78.674315,2379,28.85,489.19,66.52,1.0000,0.764363,0.138577,478.16,333.24,0.9785,0.747127,0.694248
1786702156.603068,78.706245,2380,28.85,489.04,66.54,1.0000,0.764126,0.138618,478.17,333.32,0.9785,0.747143,0.694425
1786702156.618583,78.721760,2381,28.85,488.86,66.56,1.0000,0.763839,0.138664,478.20,333.28,0.9785,0.747193,0.694342
1786702156.665596,78.768773,2382,28.85,488.74,66.72,1.0000,0.763649,0.139004,478.21,333.19,0.9785,0.747208,0.694140
1786702156.697838,78.801014,2383,28.85,488.52,66.78,1.0000,0.763318,0.139117,478.47,334.21,0.9784,0.747607,0.696264
1786702156.729561,78.832738,2384,28.85,488.23,66.81,1.0000,0.762856,0.139185,478.25,333.83,0.9788,0.747272,0.695486
1786702156.760871,78.864048,2385,28.85,488.23,66.79,1.0000,0.762852,0.139145,478.25,333.71,0.9788,0.747269,0.695236
1786702156.807484,78.910661,2386,28.85,488.17,66.80,1.0000,0.762770,0.139157,477.97,333.70,0.9785,0.746836,0.695215
1786702156.827399,78.930576,2387,28.85,487.96,66.80,1.0000,0.762440,0.139159,477.98,333.55,0.9787,0.746844,0.694893
1786702156.857930,78.961107,2388,29.38,487.99,66.81,1.0000,0.762485,0.139197,478.24,333.56,0.9784,0.747244,0.694923
1786702156.887307,78.990484,2389,29.38,487.91,66.69,1.0000,0.762361,0.138942,478.46,333.66,0.9781,0.747595,0.695130
1786702156.934247,79.037424,2390,29.38,487.94,66.59,1.0000,0.762411,0.138732,478.39,334.41,0.9777,0.747482,0.696678
1786702156.965912,79.069089,2391,29.38,487.97,66.57,1.0000,0.762458,0.138693,478.41,334.55,0.9773,0.747518,0.696976
1786702157.000469,79.103646,2392,29.38,487.88,66.57,1.0000,0.762309,0.138695,478.40,334.44,0.9765,0.747500,0.696740
1786702157.029953,79.133129,2393,29.38,487.92,66.55,1.0000,0.762374,0.138645,478.46,334.81,0.9761,0.747598,0.697515
1786702157.061599,79.164776,2394,29.38,487.88,66.57,1.0000,0.762315,0.138684,478.47,334.53,0.9764,0.747616,0.696927
1786702157.077414,79.180591,2395,29.38,487.88,66.57,1.0000,0.762316,0.138680,478.08,334.31,0.9767,0.747004,0.696476
1786702157.124931,79.228107,2396,29.38,487.45,66.66,1.0000,0.761640,0.138878,477.99,334.31,0.9769,0.746853,0.696478
1786702157.169948,79.273125,2397,29.38,487.48,66.64,1.0000,0.761691,0.138828,478.24,334.23,0.9772,0.747251,0.696321
1786702157.172525,79.275702,2398,29.38,487.58,66.62,1.0000,0.761848,0.138790,478.27,334.14,0.9769,0.747293,0.696119
1786702157.220708,79.323884,2399,29.38,487.58,66.49,1.0000,0.761851,0.138517,478.10,334.69,0.9763,0.747031,0.697261
1786702157.242039,79.345216,2400,29.38,487.58,66.42,1.0000,0.761851,0.138382,478.18,334.64,0.9763,0.747157,0.697164
1786702157.301054,79.404231,2401,29.38,487.62,66.46,1.0000,0.761903,0.138454,478.17,334.52,0.9755,0.747139,0.696922
1786702157.323992,79.427169,2402,29.38,487.86,66.45,1.0000,0.762284,0.138447,477.96,334.25,0.9756,0.746818,0.696346
1786702157.364700,79.467877,2403,29.45,487.77,66.46,1.0000,0.762144,0.138465,478.05,334.23,0.9757,0.746954,0.696303
1786702157.397255,79.500432,2404,29.45,487.88,66.46,1.0000,0.762310,0.138465,478.07,334.22,0.9754,0.746984,0.696299
1786702157.428964,79.532141,2405,29.45,487.87,66.42,1.0000,0.762302,0.138385,478.14,334.05,0.9757,0.747099,0.695927
1786702157.475912,79.579089,2406,29.45,487.90,66.45,1.0000,0.762349,0.138431,478.14,334.05,0.9758,0.747089,0.695943
1786702157.491917,79.595094,2407,29.45,487.95,66.44,1.0000,0.762416,0.138416,478.12,334.04,0.9757,0.747059,0.695910
1786702157.545445,79.648622,2408,29.45,487.95,66.42,1.0000,0.762427,0.138368,478.21,334.20,0.9751,0.747210,0.696253
1786702157.555465,79.658642,2409,29.45,487.97,66.37,1.0000,0.762454,0.138265,478.21,334.18,0.9752,0.747206,0.696199
1786702157.603692,79.706868,2410,29.45,487.82,66.33,1.0000,0.762223,0.138184,478.16,334.17,0.9748,0.747120,0.696195
1786702157.624579,79.727755,2411,29.45,487.79,66.33,1.0000,0.762178,0.138182,478.19,334.32,0.9746,0.747166,0.696505
1786702157.669765,79.772941,2412,29.45,487.69,66.34,1.0000,0.762018,0.138204,478.19,334.50,0.9739,0.747166,0.696868
1786702157.682878,79.786055,2413,29.45,487.54,66.30,1.0000,0.761785,0.138118,478.38,334.45,0.9741,0.747461,0.696765
1786702157.716941,79.820118,2414,29.45,487.55,66.22,1.0000,0.761795,0.137957,478.36,334.46,0.9743,0.747433,0.696790
1786702157.761875,79.865052,2415,29.45,487.57,66.34,1.0000,0.761836,0.138217,478.49,334.40,0.9747,0.747642,0.696663
1786702157.777641,79.880818,2416,29.45,487.58,66.34,1.0000,0.761837,0.138215,478.46,334.39,0.9749,0.747591,0.696653
1786702157.825174,79.928351,2417,29.45,487.66,66.33,1.0000,0.761963,0.138185,478.33,334.21,0.9747,0.747387,0.696278
1786702157.873254,79.976430,2418,29.43,487.72,66.25,1.0000,0.762055,0.138012,478.32,333.99,0.9752,0.747369,0.695821
1786702157.904744,80.007920,2419,29.43,487.72,66.26,1.0000,0.762058,0.138038,478.42,334.13,0.9752,0.747530,0.696106
1786702157.920709,80.023885,2420,29.43,487.95,66.26,1.0000,0.762417,0.138045,478.66,334.12,0.9756,0.747907,0.696083
1786702157.983511,80.086687,2421,29.43,488.04,66.25,1.0000,0.762561,0.138023,478.63,334.06,0.9764,0.747862,0.695950
1786702157.997909,80.101085,2422,29.43,488.26,66.25,1.0000,0.762908,0.138022,478.52,333.99,0.9766,0.747684,0.695807
1786702158.027504,80.130681,2423,29.43,488.36,66.25,1.0000,0.763069,0.138020,478.50,334.01,0.9765,0.747650,0.695857
1786702158.061153,80.164329,2424,29.43,488.39,66.27,1.0000,0.763115,0.138061,478.52,334.02,0.9765,0.747689,0.695883
1786702158.093247,80.196424,2425,29.43,488.66,66.28,1.0000,0.763524,0.138074,478.49,334.03,0.9768,0.747642,0.695903
1786702158.125461,80.228638,2426,29.43,488.83,66.38,1.0000,0.763790,0.138293,478.47,334.19,0.9765,0.747604,0.696219
1786702158.157614,80.260790,2427,29.43,488.85,66.50,1.0000,0.763835,0.138543,478.49,333.91,0.9771,0.747641,0.695646
1786702158.189110,80.292287,2428,29.43,488.87,66.55,1.0000,0.763861,0.138638,478.43,333.92,0.9766,0.747548,0.695673
1786702158.217330,80.320507,2429,29.43,488.92,66.73,1.0000,0.763931,0.139018,478.33,334.06,0.9768,0.747395,0.695957
1786702158.252941,80.356117,2430,29.43,489.12,66.77,1.0000,0.764246,0.139105,478.33,334.05,0.9765,0.747398,0.695947
1786702158.268373,80.371549,2431,29.43,489.20,66.76,1.0000,0.764375,0.139074,478.41,334.08,0.9767,0.747513,0.695993
1786702158.331997,80.435174,2432,29.43,489.28,66.76,1.0000,0.764507,0.139076,478.50,334.22,0.9765,0.747650,0.696293
1786702158.363883,80.467060,2433,29.43,488.87,66.97,1.0000,0.763855,0.139518,478.47,334.38,0.9760,0.747610,0.696626
1786702158.395585,80.498762,2434,29.69,488.95,67.05,1.0000,0.763984,0.139697,478.50,334.35,0.9763,0.747652,0.696570
1786702158.427547,80.530723,2435,29.69,488.95,67.08,1.0000,0.763990,0.139756,478.56,334.09,0.9768,0.747750,0.696023
1786702158.467178,80.570354,2436,29.69,488.96,67.10,1.0000,0.763997,0.139790,478.65,334.55,0.9765,0.747883,0.696969
1786702158.507136,80.610312,2437,29.69,489.26,67.14,1.0000,0.764473,0.139882,478.56,334.24,0.9768,0.747744,0.696340
1786702158.522649,80.625826,2438,29.69,489.06,67.04,1.0000,0.764160,0.139664,478.58,334.17,0.9771,0.747781,0.696195
1786702158.585960,80.689136,2439,29.69,489.05,66.91,1.0000,0.764135,0.139389,478.58,334.13,0.9772,0.747786,0.696099
1786702158.588699,80.691876,2440,29.69,489.03,67.30,1.0000,0.764109,0.140212,478.58,334.12,0.9772,0.747785,0.696085
1786702158.633957,80.737133,2441,29.69,489.21,67.20,1.0000,0.764389,0.140008,478.58,334.08,0.9773,0.747775,0.696005
1786702158.649273,80.752449,2442,29.69,489.05,66.96,1.0000,0.764145,0.139507,478.59,334.10,0.9776,0.747803,0.696051
1786702158.696549,80.799726,2443,29.69,489.18,66.96,1.0000,0.764344,0.139509,478.61,334.00,0.9776,0.747835,0.695829
1786702158.738812,80.841989,2444,29.69,489.21,66.78,1.0000,0.764383,0.139124,478.57,334.06,0.9776,0.747758,0.695952
1786702158.769851,80.873027,2445,29.69,489.18,66.78,1.0000,0.764340,0.139122,478.52,334.06,0.9776,0.747684,0.695957
1786702158.775770,80.878947,2446,29.69,489.18,66.59,1.0000,0.764348,0.138725,478.52,334.06,0.9776,0.747694,0.695955
1786702158.823890,80.927067,2447,29.69,489.30,66.39,1.0000,0.764530,0.138305,478.52,334.06,0.9779,0.747683,0.695951
1786702158.868439,80.971616,2448,29.69,489.38,66.27,1.0000,0.764659,0.138064,478.51,334.08,0.9779,0.747677,0.695993
1786702158.886766,80.989942,2449,29.69,489.47,66.24,1.0000,0.764794,0.137999,478.51,334.09,0.9778,0.747665,0.696027
1786702158.921334,81.024511,2450,29.80,489.47,66.13,1.0000,0.764795,0.137777,478.52,334.05,0.9781,0.747693,0.695935
1786702158.961748,81.064925,2451,29.80,489.65,66.05,1.0000,0.765078,0.137615,478.49,334.06,0.9779,0.747648,0.695950
1786702158.988037,81.091214,2452,29.80,489.65,65.92,1.0000,0.765075,0.137324,478.42,333.83,0.9781,0.747527,0.695479
1786702159.029654,81.132831,2453,29.80,489.65,65.87,1.0000,0.765076,0.137238,478.62,333.88,0.9779,0.747847,0.695579
1786702159.045513,81.148690,2454,29.80,489.65,65.88,1.0000,0.765079,0.137246,478.48,333.79,0.9776,0.747622,0.695394
1786702159.092812,81.195989,2455,29.80,489.60,65.72,1.0000,0.765005,0.136911,478.35,333.84,0.9779,0.747417,0.695502
1786702159.124629,81.227806,2456,29.80,489.52,65.54,1.0000,0.764882,0.136546,478.31,333.65,0.9780,0.747362,0.695098
1786702159.140492,81.243669,2457,29.80,489.53,66.05,1.0000,0.764889,0.137602,478.36,333.65,0.9780,0.747431,0.695104
1786702159.204750,81.307927,2458,29.80,489.70,65.98,1.0000,0.765164,0.137462,478.01,333.64,0.9776,0.746892,0.695078
1786702159.220268,81.323444,2459,29.80,489.69,65.89,1.0000,0.765146,0.137271,478.03,333.63,0.9776,0.746921,0.695058
1786702159.251912,81.355088,2460,29.80,489.69,65.93,1.0000,0.765144,0.137348,478.07,333.69,0.9775,0.746981,0.695197
1786702159.300338,81.403515,2461,29.80,489.62,66.61,1.0000,0.765039,0.138767,478.10,333.77,0.9775,0.747030,0.695355
1786702159.331671,81.434847,2462,29.80,489.59,66.69,1.0000,0.764992,0.138944,478.21,333.99,0.9776,0.747205,0.695805
1786702159.363527,81.466703,2463,29.80,489.51,66.66,1.0000,0.764861,0.138869,478.39,333.99,0.9775,0.747490,0.695809
1786702159.395592,81.498768,2464,29.80,489.49,66.65,1.0000,0.764822,0.138853,478.39,333.98,0.9778,0.747486,0.695789
1786702159.411541,81.514718,2465,29.80,489.52,67.30,1.0000,0.764876,0.140201,478.36,334.02,0.9779,0.747442,0.695874
1786702159.459637,81.562814,2466,29.80,489.61,67.30,1.0000,0.765015,0.140207,478.63,333.99,0.9781,0.747859,0.695815
1786702159.507277,81.610454,2467,29.80,489.66,66.47,1.0000,0.765092,0.138481,478.85,333.98,0.9779,0.748210,0.695782
1786702159.523094,81.626271,2468,29.80,489.69,66.39,1.0000,0.765145,0.138315,478.95,333.94,0.9780,0.748360,0.695712
1786702159.554906,81.658082,2469,29.80,489.75,66.71,1.0000,0.765228,0.138980,478.95,333.94,0.9779,0.748362,0.695719
1786702159.570315,81.673492,2470,29.80,489.59,66.81,1.0000,0.764983,0.139184,478.69,334.00,0.9781,0.747951,0.695838
1786702159.634962,81.738139,2471,29.80,489.68,66.80,1.0000,0.765119,0.139173,478.72,333.90,0.9778,0.747996,0.695630
1786702159.650506,81.753682,2472,29.80,489.68,66.82,1.0000,0.765118,0.139203,478.49,333.86,0.9778,0.747647,0.695541
1786702159.698749,81.801926,2473,29.80,489.59,66.82,1.0000,0.764988,0.139199,478.50,333.77,0.9777,0.747656,0.695350
1786702159.728517,81.831693,2474,29.80,489.62,66.88,1.0000,0.765027,0.139332,478.88,333.68,0.9778,0.748243,0.695177
1786702159.776522,81.879699,2475,29.80,489.71,66.75,1.0000,0.765165,0.139072,479.11,333.71,0.9776,0.748607,0.695223
1786702159.808073,81.911250,2476,29.80,489.73,66.65,1.0000,0.765196,0.138854,479.14,333.69,0.9777,0.748660,0.695195
1786702159.840454,81.943630,2477,29.80,489.72,66.67,1.0000,0.765185,0.138892,478.81,333.67,0.9780,0.748144,0.695138
1786702159.855839,81.959016,2478,29.80,489.72,66.70,1.0000,0.765186,0.138953,478.71,333.71,0.9777,0.747980,0.695236
1786702159.887667,81.990844,2479,29.80,489.72,66.65,1.0000,0.765182,0.138849,478.65,333.72,0.9775,0.747886,0.695246
1786702159.954542,82.057719,2480,29.80,489.68,66.64,1.0000,0.765130,0.138826,478.49,333.70,0.9777,0.747640,0.695198
1786702159.967016,82.070193,2481,29.68,489.68,66.61,1.0000,0.765127,0.138772,478.40,333.69,0.9780,0.747503,0.695177
1786702160.003927,82.107104,2482,29.68,489.68,66.66,1.0000,0.765119,0.138870,478.41,333.72,0.9783,0.747517,0.695255
1786702160.035375,82.138551,2483,29.68,489.70,66.66,1.0000,0.765153,0.138869,478.36,333.73,0.9783,0.747445,0.695263
1786702160.050508,82.153684,2484,29.68,489.63,66.62,1.0000,0.765053,0.138800,478.34,333.63,0.9781,0.747399,0.695071
1786702160.087815,82.190991,2485,29.68,489.65,67.21,1.0000,0.765072,0.140025,478.18,333.51,0.9782,0.747153,0.694809
1786702160.129527,82.232704,2486,29.68,489.72,67.23,1.0000,0.765193,0.140069,477.66,333.55,0.9778,0.746340,0.694903
1786702160.187269,82.290446,2487,29.68,489.72,66.85,1.0000,0.765194,0.139264,477.82,333.41,0.9779,0.746601,0.694602
1786702160.192675,82.295851,2488,29.68,489.34,66.97,1.0000,0.764601,0.139513,477.87,333.45,0.9775,0.746671,0.694691
1786702160.232660,82.335836,2489,29.68,489.25,67.34,1.0000,0.764460,0.140296,478.28,333.46,0.9773,0.747309,0.694707
1786702160.250877,82.354053,2490,29.68,489.26,67.31,1.0000,0.764462,0.140231,478.27,333.59,0.9775,0.747303,0.694975
1786702160.279937,82.383114,2491,29.68,489.14,67.31,1.0000,0.764278,0.140219,478.24,333.68,0.9772,0.747250,0.695177
1786702160.319995,82.423171,2492,29.68,489.14,67.34,1.0000,0.764282,0.140287,478.27,333.79,0.9763,0.747296,0.695402
1786702160.358843,82.462020,2493,29.68,489.14,67.42,1.0000,0.764277,0.140466,478.27,333.97,0.9764,0.747291,0.695775
1786702160.403509,82.506685,2494,29.68,489.21,67.07,1.0000,0.764391,0.139722,478.27,333.87,0.9765,0.747293,0.695565
1786702160.431644,82.534821,2495,29.68,489.25,67.05,1.0000,0.764459,0.139684,478.30,333.89,0.9769,0.747343,0.695602
1786702160.462902,82.566078,2496,29.68,489.25,67.00,1.0000,0.764448,0.139587,478.36,333.90,0.9770,0.747437,0.695626
1786702160.478710,82.581886,2497,29.90,489.21,67.00,1.0000,0.764397,0.139586,478.42,333.75,0.9770,0.747525,0.695308
1786702160.516188,82.619365,2498,29.90,489.23,66.95,1.0000,0.764427,0.139473,478.47,333.80,0.9772,0.747612,0.695415
1786702160.558269,82.661446,2499,29.90,489.17,66.86,1.0000,0.764328,0.139293,478.52,333.87,0.9772,0.747686,0.695573
1786702160.603372,82.706549,2500,29.90,489.04,67.37,1.0000,0.764118,0.140355,478.58,333.88,0.9767,0.747789,0.695583
1786702160.622295,82.725472,2501,29.90,489.15,67.32,1.0000,0.764295,0.140242,478.62,333.88,0.9761,0.747839,0.695583
1786702160.669486,82.772663,2502,29.90,489.15,67.19,1.0000,0.764299,0.139976,478.60,333.89,0.9764,0.747808,0.695603
1786702160.698708,82.801885,2503,29.90,488.99,67.24,1.0000,0.764054,0.140077,478.61,333.85,0.9765,0.747821,0.695522
1786702160.725659,82.828836,2504,29.90,488.96,67.26,1.0000,0.763997,0.140132,478.57,333.92,0.9769,0.747764,0.695667
1786702160.753766,82.856943,2505,29.90,488.97,67.11,1.0000,0.764017,0.139815,478.56,333.91,0.9772,0.747744,0.695641
1786702160.796832,82.900009,2506,29.90,488.97,67.66,1.0000,0.764011,0.140962,478.62,333.87,0.9775,0.747839,0.695564
1786702160.843892,82.947068,2507,29.90,488.87,67.65,1.0000,0.763860,0.140945,478.63,333.86,0.9778,0.747855,0.695548
1786702160.857389,82.960566,2508,29.90,488.93,67.46,1.0000,0.763952,0.140552,478.63,333.86,0.9779,0.747852,0.695551
1786702160.889565,82.992741,2509,29.90,488.93,67.46,1.0000,0.763949,0.140547,478.66,333.86,0.9779,0.747898,0.695535
1786702160.933620,83.036797,2510,29.90,488.92,67.99,1.0000,0.763945,0.141654,478.71,334.00,0.9774,0.747992,0.695840
1786702160.987438,83.090614,2511,29.90,488.90,68.11,1.0000,0.763899,0.141902,478.69,334.19,0.9777,0.747946,0.696221
1786702161.003231,83.106407,2512,29.65,489.02,67.58,1.0000,0.764087,0.140789,478.65,334.16,0.9779,0.747895,0.696176
1786702161.035563,83.138739,2513,29.65,489.16,67.57,1.0000,0.764313,0.140780,478.62,334.16,0.9782,0.747844,0.696157
1786702161.066645,83.169822,2514,29.65,489.17,67.48,1.0000,0.764335,0.140587,478.73,333.85,0.9788,0.748014,0.695522
1786702161.098449,83.201626,2515,29.65,489.23,67.48,1.0000,0.764417,0.140585,478.74,333.83,0.9787,0.748030,0.695476
1786702161.130456,83.233633,2516,29.65,489.09,67.33,1.0000,0.764204,0.140265,478.74,333.82,0.9789,0.748032,0.695455
1786702161.161629,83.264806,2517,29.65,488.96,68.33,1.0000,0.763995,0.142355,478.74,333.74,0.9789,0.748030,0.695294
1786702161.196154,83.299331,2518,29.65,488.95,68.32,1.0000,0.763988,0.142333,478.76,333.95,0.9790,0.748062,0.695725
1786702161.225297,83.328473,2519,29.65,488.94,68.31,1.0000,0.763962,0.142315,478.76,333.88,0.9791,0.748062,0.695580
1786702161.275057,83.378233,2520,29.65,488.52,68.29,1.0000,0.763314,0.142265,478.74,333.92,0.9787,0.748030,0.695671
1786702161.292089,83.395265,2521,29.65,488.16,68.65,1.0000,0.762755,0.143021,478.74,333.97,0.9786,0.748033,0.695773
1786702161.335253,83.438430,2522,29.65,488.42,68.44,1.0000,0.763156,0.142581,478.65,333.97,0.9788,0.747890,0.695765
1786702161.355479,83.458656,2523,29.65,488.44,68.29,1.0000,0.763194,0.142276,478.67,333.91,0.9789,0.747918,0.695645
1786702161.383137,83.486314,2524,29.65,488.44,68.31,1.0000,0.763189,0.142317,478.66,333.85,0.9788,0.747910,0.695513
1786702161.414897,83.518074,2525,29.65,488.23,68.88,1.0000,0.762852,0.143502,478.67,333.64,0.9788,0.747916,0.695092
1786702161.480215,83.583392,2526,29.65,488.14,68.48,1.0000,0.762727,0.142674,478.65,333.67,0.9790,0.747890,0.695137
1786702161.495265,83.598441,2527,29.65,488.16,68.39,1.0000,0.762746,0.142475,478.63,333.68,0.9788,0.747867,0.695158
1786702161.527001,83.630177,2528,30.11,488.15,68.49,1.0000,0.762732,0.142694,478.66,333.63,0.9784,0.747914,0.695064
1786702161.558943,83.662120,2529,30.11,488.24,68.52,1.0000,0.762875,0.142742,478.68,333.62,0.9786,0.747938,0.695041
1786702161.590573,83.693750,2530,30.11,488.24,68.50,1.0000,0.762876,0.142717,478.68,333.78,0.9786,0.747941,0.695373
1786702161.624651,83.727828,2531,30.11,488.25,68.50,1.0000,0.762891,0.142698,478.74,333.71,0.9785,0.748039,0.695239
1786702161.651831,83.755007,2532,30.11,488.26,68.46,1.0000,0.762912,0.142632,478.75,333.72,0.9786,0.748042,0.695254
1786702161.688662,83.791839,2533,30.11,488.35,68.32,1.0000,0.763052,0.142329,478.80,333.68,0.9786,0.748121,0.695159
1786702161.734262,83.837439,2534,30.11,488.36,68.37,1.0000,0.763055,0.142433,478.86,333.80,0.9785,0.748214,0.695426
1786702161.749700,83.852877,2535,30.11,488.42,68.25,1.0000,0.763157,0.142190,478.86,333.68,0.9784,0.748218,0.695171
1786702161.813807,83.916983,2536,30.11,488.42,68.43,1.0000,0.763161,0.142553,478.87,334.04,0.9785,0.748237,0.695919
1786702161.846141,83.949318,2537,30.11,488.88,67.84,1.0000,0.763879,0.141329,478.89,334.16,0.9784,0.748273,0.696174
1786702161.861360,83.964536,2538,30.11,488.84,67.83,1.0000,0.763815,0.141321,478.86,334.13,0.9784,0.748213,0.696102
1786702161.893543,83.996720,2539,30.11,489.16,67.76,1.0000,0.764313,0.141173,478.81,334.16,0.9783,0.748144,0.696173
1786702161.941117,84.044293,2540,30.11,489.28,67.42,1.0000,0.764494,0.140455,478.87,334.12,0.9784,0.748229,0.696089
1786702161.953808,84.056984,2541,30.11,489.33,67.39,1.0000,0.764577,0.140390,478.84,334.11,0.9786,0.748193,0.696070
1786702161.984130,84.087306,2542,30.11,489.26,67.40,1.0000,0.764473,0.140415,478.84,333.99,0.9787,0.748189,0.695823
1786702162.021704,84.124881,2543,30.08,489.26,67.40,1.0000,0.764476,0.140418,478.82,333.96,0.9784,0.748155,0.695743
1786702162.050606,84.153783,2544,30.08,489.26,67.69,1.0000,0.764473,0.141014,478.85,333.95,0.9783,0.748207,0.695727
1786702162.096727,84.199903,2545,30.08,489.33,67.76,1.0000,0.764578,0.141168,478.84,333.92,0.9783,0.748192,0.695674
1786702162.112456,84.215632,2546,30.08,488.99,67.81,1.0000,0.764051,0.141272,478.85,334.00,0.9777,0.748208,0.695837
1786702162.152083,84.255259,2547,30.08,488.96,67.71,1.0000,0.764003,0.141063,478.86,334.04,0.9777,0.748212,0.695926
1786702162.192762,84.295939,2548,30.08,488.81,67.88,1.0000,0.763759,0.141416,478.80,334.03,0.9778,0.748121,0.695891
1786702162.223962,84.327138,2549,30.08,488.65,68.04,1.0000,0.763520,0.141740,478.79,334.01,0.9781,0.748113,0.695850
1786702162.258093,84.361270,2550,30.08,488.66,68.22,1.0000,0.763526,0.142134,478.77,333.94,0.9784,0.748083,0.695705
1786702162.287026,84.390202,2551,30.08,488.75,68.22,1.0000,0.763675,0.142135,478.80,333.92,0.9785,0.748121,0.695664
1786702162.317568,84.420745,2552,30.08,488.90,68.17,1.0000,0.763901,0.142012,478.85,333.91,0.9785,0.748209,0.695637
1786702162.366375,84.469552,2553,30.08,488.88,68.09,1.0000,0.763877,0.141848,478.88,333.96,0.9783,0.748243,0.695754
1786702162.398593,84.501770,2554,30.08,488.66,68.09,1.0000,0.763532,0.141849,478.88,333.82,0.9784,0.748252,0.695462
1786702162.430400,84.533576,2555,30.08,488.57,68.09,1.0000,0.763384,0.141858,478.89,333.74,0.9787,0.748265,0.695288
1786702162.451930,84.555106,2556,30.08,488.57,68.12,1.0000,0.763387,0.141920,478.96,333.59,0.9790,0.748382,0.694981
1786702162.494179,84.597355,2557,30.08,488.59,68.14,1.0000,0.763430,0.141952,478.86,333.58,0.9789,0.748224,0.694962
1786702162.525418,84.628595,2558,30.01,488.68,68.03,1.0000,0.763559,0.141733,478.86,333.58,0.9791,0.748218,0.694950
1786702162.556997,84.660173,2559,30.01,488.62,68.00,1.0000,0.763468,0.141665,478.85,333.54,0.9795,0.748203,0.694881
1786702162.604903,84.708079,2560,30.01,488.34,68.14,1.0000,0.763026,0.141961,478.81,333.71,0.9783,0.748140,0.695239
1786702162.620088,84.723264,2561,30.01,488.35,68.06,1.0000,0.763046,0.141801,478.76,333.61,0.9785,0.748057,0.695011
1786702162.668219,84.771396,2562,30.01,488.42,67.89,1.0000,0.763154,0.141442,478.73,333.73,0.9783,0.748010,0.695271
1786702162.684192,84.787369,2563,30.01,488.35,67.86,1.0000,0.763054,0.141369,478.72,333.75,0.9782,0.748007,0.695318
1786702162.747243,84.850420,2564,30.01,488.38,67.91,1.0000,0.763094,0.141490,478.71,333.95,0.9774,0.747985,0.695734
1786702162.763024,84.866200,2565,30.01,488.43,67.64,1.0000,0.763168,0.140911,478.72,334.03,0.9772,0.747993,0.695894
1786702162.803018,84.906195,2566,30.01,488.45,67.68,1.0000,0.763197,0.141008,478.72,333.93,0.9767,0.748005,0.695688
1786702162.827348,84.930524,2567,30.01,488.44,67.69,1.0000,0.763183,0.141023,478.76,333.89,0.9771,0.748058,0.695610
1786702162.874957,84.978134,2568,30.01,488.42,67.83,1.0000,0.763156,0.141323,478.71,333.91,0.9768,0.747988,0.695645
1786702162.890504,84.993680,2569,30.01,488.46,67.84,1.0000,0.763219,0.141325,478.69,334.14,0.9766,0.747958,0.696121
1786702162.922967,85.026144,2570,30.01,488.47,67.90,1.0000,0.763227,0.141449,478.69,334.17,0.9767,0.747951,0.696185
1786702162.970387,85.073564,2571,30.01,488.09,67.87,1.0000,0.762633,0.141393,478.62,334.14,0.9770,0.747842,0.696121
1786702163.002749,85.105926,2572,30.01,488.12,67.74,1.0000,0.762695,0.141135,478.60,334.04,0.9768,0.747819,0.695908
1786702163.034526,85.137703,2573,29.85,488.13,67.77,1.0000,0.762702,0.141192,478.66,334.13,0.9768,0.747912,0.696106
1786702163.066099,85.169276,2574,29.85,487.86,67.79,1.0000,0.762288,0.141226,478.70,334.14,0.9772,0.747972,0.696125
1786702163.097912,85.201089,2575,29.85,487.76,68.23,1.0000,0.762123,0.142141,478.72,334.25,0.9770,0.747999,0.696363
1786702163.129787,85.232964,2576,29.85,487.78,68.51,1.0000,0.762158,0.142722,478.69,334.29,0.9771,0.747960,0.696428
1786702163.145267,85.248444,2577,29.85,487.79,68.25,1.0000,0.762167,0.142195,478.71,334.29,0.9771,0.747987,0.696438
1786702163.193279,85.296455,2578,29.85,487.77,68.58,1.0000,0.762143,0.142871,478.90,334.57,0.9771,0.748283,0.697029
1786702163.224974,85.328151,2579,29.85,487.85,68.61,1.0000,0.762272,0.142948,478.89,334.61,0.9773,0.748268,0.697095
1786702163.272803,85.375980,2580,29.85,488.76,68.26,1.0000,0.763684,0.142202,478.90,334.56,0.9777,0.748283,0.696992
1786702163.288972,85.392149,2581,29.85,488.76,68.24,1.0000,0.763681,0.142165,478.79,334.56,0.9778,0.748107,0.696997
1786702163.320366,85.423543,2582,29.85,488.87,68.24,1.0000,0.763857,0.142170,478.76,334.56,0.9781,0.748065,0.696999
1786702163.336134,85.439310,2583,29.85,489.51,68.24,1.0000,0.764854,0.142169,478.76,334.48,0.9785,0.748069,0.696842
1786702163.389156,85.492333,2584,29.85,489.50,68.23,1.0000,0.764837,0.142155,478.76,334.49,0.9786,0.748059,0.696844
1786702163.432409,85.535585,2585,29.85,489.70,68.09,1.0000,0.765158,0.141854,478.76,334.53,0.9789,0.748065,0.696932
1786702163.463900,85.567076,2586,29.85,489.96,67.78,1.0000,0.765558,0.141207,478.90,334.32,0.9791,0.748277,0.696509
1786702163.495879,85.599056,2587,29.85,489.95,67.39,1.0000,0.765546,0.140390,478.90,334.34,0.9791,0.748285,0.696535
1786702163.527396,85.630573,2588,29.85,489.95,67.18,1.0000,0.765547,0.139965,478.82,334.38,0.9793,0.748156,0.696629
1786702163.553248,85.656425,2589,30.03,489.91,67.15,1.0000,0.765492,0.139887,478.82,334.25,0.9795,0.748162,0.696362
1786702163.591180,85.694357,2590,30.03,489.91,66.91,1.0000,0.765484,0.139399,478.78,334.23,0.9795,0.748087,0.696310
1786702163.623191,85.726368,2591,30.03,489.90,66.84,1.0000,0.765467,0.139257,478.78,334.19,0.9794,0.748088,0.696230
1786702163.638803,85.741980,2592,30.03,489.81,66.85,1.0000,0.765331,0.139275,478.76,334.15,0.9793,0.748066,0.696139
1786702163.684431,85.787607,2593,30.03,489.81,66.70,1.0000,0.765335,0.138953,478.75,334.13,0.9794,0.748050,0.696097
1786702163.735460,85.838637,2594,30.03,489.87,66.57,1.0000,0.765423,0.138691,478.76,334.07,0.9795,0.748060,0.695975
1786702163.767689,85.870865,2595,30.03,489.73,66.74,1.0000,0.765200,0.139048,478.75,334.11,0.9793,0.748044,0.696056
1786702163.799298,85.902474,2596,30.03,489.76,66.60,1.0000,0.765245,0.138754,478.74,334.16,0.9792,0.748037,0.696161
1786702163.847179,85.950355,2597,30.03,490.16,66.51,1.0000,0.765879,0.138553,478.72,334.23,0.9790,0.748004,0.696305
1786702163.862422,85.965598,2598,30.03,490.31,66.44,1.0000,0.766109,0.138413,478.72,334.20,0.9792,0.748006,0.696251
1786702163.884248,85.987424,2599,30.03,490.81,66.43,1.0000,0.766888,0.138391,478.72,334.22,0.9787,0.747994,0.696286
1786702163.926471,86.029647,2600,30.03,490.82,66.39,1.0000,0.766899,0.138317,478.25,334.17,0.9783,0.747266,0.696177
1786702163.969199,86.072376,2601,30.03,490.91,66.34,1.0000,0.767044,0.138215,478.32,334.17,0.9781,0.747368,0.696180
1786702163.999156,86.102332,2602,30.03,491.17,66.31,1.0000,0.767445,0.138137,478.35,334.10,0.9782,0.747426,0.696034
1786702164.041280,86.144457,2604,30.03,491.35,66.20,1.0000,0.767728,0.137922,478.11,334.10,0.9775,0.747052,0.696032
1786702164.075994,86.179171,2605,29.80,491.34,66.20,1.0000,0.767721,0.137908,478.07,334.10,0.9775,0.746978,0.696031
1786702164.126371,86.229548,2606,29.80,491.22,66.19,1.0000,0.767524,0.137899,478.23,334.11,0.9779,0.747239,0.696063
1786702164.142153,86.245329,2607,29.80,491.19,66.15,1.0000,0.767490,0.137822,478.21,334.04,0.9780,0.747202,0.695914
1786702164.190189,86.293366,2608,29.80,491.18,66.17,1.0000,0.767470,0.137864,478.25,334.06,0.9781,0.747259,0.695951
1786702164.206159,86.309336,2609,29.80,491.18,65.93,1.0000,0.767471,0.137364,478.19,333.98,0.9778,0.747177,0.695788
1786702164.271054,86.374231,2610,29.80,490.95,65.67,1.0000,0.767117,0.136817,478.30,334.26,0.9777,0.747343,0.696367
1786702164.295163,86.398339,2611,29.80,490.95,65.74,1.0000,0.767113,0.136950,478.32,334.26,0.9778,0.747376,0.696380
1786702164.334982,86.438159,2612,29.80,490.97,65.72,1.0000,0.767146,0.136914,478.39,334.25,0.9781,0.747491,0.696357
1786702164.347011,86.450187,2613,29.80,490.97,65.72,1.0000,0.767137,0.136907,478.46,333.88,0.9781,0.747593,0.695588
1786702164.398643,86.501819,2614,29.80,491.01,65.63,1.0000,0.767199,0.136720,478.47,334.08,0.9779,0.747605,0.695991
1786702164.430330,86.533506,2615,29.80,491.01,65.62,1.0000,0.767203,0.136699,478.46,334.01,0.9780,0.747596,0.695857
1786702164.461690,86.564867,2616,29.80,491.00,65.58,1.0000,0.767192,0.136616,478.47,333.85,0.9780,0.747607,0.695527
1786702164.498261,86.601438,2617,29.80,491.09,65.58,1.0000,0.767325,0.136624,478.53,334.03,0.9779,0.747700,0.695903
1786702164.524892,86.628069,2618,29.80,491.09,65.56,1.0000,0.767327,0.136592,478.56,333.99,0.9780,0.747755,0.695817
1786702164.572395,86.675571,2619,29.80,491.20,65.64,1.0000,0.767504,0.136760,478.63,334.04,0.9782,0.747852,0.695924
1786702164.588321,86.691498,2620,29.67,491.22,65.65,1.0000,0.767525,0.136769,478.62,333.98,0.9783,0.747845,0.695782
1786702164.620557,86.723733,2621,29.67,491.22,65.70,1.0000,0.767532,0.136879,478.62,334.04,0.9783,0.747847,0.695921
1786702164.668145,86.771321,2622,29.67,491.25,66.38,1.0000,0.767584,0.138283,478.61,334.07,0.9782,0.747826,0.695972
1786702164.702311,86.805488,2623,29.67,491.18,66.37,1.0000,0.767473,0.138273,478.63,334.06,0.9782,0.747858,0.695964
1786702164.732265,86.835442,2624,29.67,491.18,66.52,1.0000,0.767461,0.138576,478.73,334.12,0.9786,0.748010,0.696090
1786702164.763736,86.866913,2625,29.67,491.12,66.51,1.0000,0.767380,0.138572,478.87,334.21,0.9777,0.748233,0.696263
1786702164.779489,86.882665,2626,29.67,491.98,67.02,1.0000,0.768720,0.139628,478.80,334.52,0.9778,0.748132,0.696908
1786702164.826674,86.929851,2627,29.67,491.97,67.00,1.0000,0.768703,0.139590,478.69,334.33,0.9778,0.747958,0.696511
1786702164.874721,86.977897,2628,29.67,491.96,67.01,1.0000,0.768681,0.139610,478.70,334.31,0.9780,0.747968,0.696472
1786702164.890033,86.993210,2629,29.67,491.92,67.02,1.0000,0.768618,0.139630,478.72,334.37,0.9778,0.747997,0.696609
1786702164.922855,87.026031,2630,29.67,491.93,67.13,1.0000,0.768639,0.139851,478.74,334.36,0.9779,0.748035,0.696594
1786702164.953881,87.057058,2631,29.67,491.93,67.05,1.0000,0.768636,0.139688,478.99,334.33,0.9779,0.748421,0.696531
1786702164.991058,87.094234,2632,29.67,492.06,66.97,1.0000,0.768837,0.139518,478.99,334.60,0.9779,0.748416,0.697092
1786702165.034227,87.137404,2633,29.67,492.05,67.18,1.0000,0.768830,0.139961,478.94,334.51,0.9775,0.748337,0.696886
1786702165.066067,87.169243,2634,29.67,492.06,67.18,1.0000,0.768841,0.139955,478.92,334.50,0.9776,0.748308,0.696878
1786702165.097309,87.200486,2635,29.67,491.85,67.07,1.0000,0.768521,0.139721,478.93,334.24,0.9776,0.748322,0.696338
1786702165.129486,87.232662,2636,29.68,491.89,67.07,1.0000,0.768584,0.139727,478.88,334.13,0.9779,0.748249,0.696107
1786702165.161524,87.264701,2637,29.68,492.06,67.03,1.0000,0.768844,0.139652,478.84,334.12,0.9779,0.748189,0.696091
1786702165.192572,87.295749,2638,29.68,492.03,67.03,1.0000,0.768799,0.139636,478.58,334.01,0.9780,0.747775,0.695862
1786702165.224857,87.328033,2639,29.68,491.92,67.08,1.0000,0.768628,0.139748,478.57,333.53,0.9781,0.747758,0.694847
1786702165.256325,87.359501,2640,29.68,492.02,67.07,1.0000,0.768784,0.139729,478.54,333.57,0.9782,0.747712,0.694933
1786702165.315396,87.418573,2641,29.68,492.06,66.99,1.0000,0.768850,0.139559,478.65,333.58,0.9780,0.747886,0.694961
1786702165.328695,87.431872,2642,29.68,492.13,67.08,1.0000,0.768947,0.139754,478.70,333.62,0.9780,0.747966,0.695041
1786702165.367903,87.471079,2643,29.68,492.16,67.08,1.0000,0.769000,0.139755,478.66,333.44,0.9777,0.747910,0.694665
1786702165.399788,87.502965,2644,29.68,492.36,68.10,1.0000,0.769311,0.141877,478.72,333.47,0.9775,0.748002,0.694731
1786702165.431271,87.534447,2645,29.68,492.53,67.93,1.0000,0.769573,0.141522,478.84,333.51,0.9775,0.748184,0.694808
1786702165.463339,87.566515,2646,29.68,492.53,68.55,1.0000,0.769576,0.142817,478.77,333.45,0.9773,0.748075,0.694685
1786702165.494962,87.598139,2647,29.68,492.55,68.48,1.0000,0.769603,0.142665,478.75,333.90,0.9775,0.748054,0.695635
1786702165.510272,87.613448,2648,29.68,492.90,68.46,1.0000,0.770153,0.142628,478.85,333.87,0.9774,0.748205,0.695555
1786702165.557687,87.660863,2649,29.68,493.54,68.49,1.0000,0.771163,0.142684,478.97,333.89,0.9773,0.748390,0.695598
1786702165.595143,87.698319,2650,29.68,494.08,68.44,1.0000,0.771998,0.142584,479.01,333.89,0.9775,0.748448,0.695614
1786702165.637244,87.740421,2651,29.63,494.24,68.39,1.0000,0.772252,0.142482,479.08,333.86,0.9776,0.748555,0.695546
1786702165.652993,87.756170,2652,29.63,494.38,68.37,1.0000,0.772463,0.142446,479.03,333.85,0.9775,0.748484,0.695521
1786702165.700520,87.803696,2653,29.63,494.50,68.14,1.0000,0.772651,0.141952,478.96,333.53,0.9774,0.748373,0.694855
1786702165.732189,87.835366,2654,29.63,494.53,68.14,1.0000,0.772698,0.141967,479.02,333.47,0.9771,0.748464,0.694737
1786702165.764216,87.867392,2655,29.63,494.88,68.14,1.0000,0.773246,0.141962,478.96,333.58,0.9771,0.748373,0.694949
1786702165.796444,87.899621,2656,29.63,494.96,68.10,1.0000,0.773373,0.141875,478.52,333.45,0.9771,0.747684,0.694680
1786702165.816159,87.919335,2657,29.63,495.07,68.09,1.0000,0.773547,0.141862,478.52,333.59,0.9773,0.747695,0.694983
1786702165.860280,87.963456,2658,29.63,495.29,68.09,1.0000,0.773897,0.141847,478.48,333.57,0.9768,0.747621,0.694929
1786702165.891950,87.995126,2659,29.63,495.29,68.07,1.0000,0.773891,0.141821,478.47,333.71,0.9767,0.747604,0.695237
1786702165.939662,88.042838,2660,29.63,495.38,67.55,1.0000,0.774035,0.140727,478.49,333.93,0.9768,0.747642,0.695687
1786702165.975699,88.078875,2661,29.63,495.37,67.59,1.0000,0.774018,0.140818,478.43,334.03,0.9766,0.747550,0.695899
1786702165.998337,88.101514,2662,29.63,495.40,67.46,1.0000,0.774070,0.140533,478.46,334.02,0.9769,0.747592,0.695880
1786702166.030460,88.133636,2663,29.63,495.24,67.33,1.0000,0.773815,0.140271,478.56,333.95,0.9768,0.747757,0.695726
1786702166.045833,88.149010,2664,29.63,495.24,67.32,1.0000,0.773814,0.140241,478.51,333.88,0.9771,0.747676,0.695589
1786702166.094103,88.197279,2665,29.63,495.32,67.30,1.0000,0.773940,0.140219,478.44,333.93,0.9768,0.747569,0.695680
1786702166.126554,88.229731,2666,29.63,495.09,67.28,1.0000,0.773574,0.140165,478.42,333.79,0.9770,0.747525,0.695401
1786702166.141693,88.244869,2667,30.03,495.11,67.28,1.0000,0.773613,0.140175,478.36,333.80,0.9770,0.747444,0.695408
1786702166.189664,88.292841,2668,30.03,495.12,67.32,1.0000,0.773625,0.140254,478.17,333.87,0.9769,0.747136,0.695559
1786702166.221007,88.324184,2669,30.03,495.15,67.30,1.0000,0.773671,0.140200,478.19,333.80,0.9769,0.747169,0.695424
1786702166.269310,88.372486,2670,30.03,495.15,67.14,1.0000,0.773679,0.139874,478.34,333.55,0.9769,0.747403,0.694889
1786702166.284343,88.387519,2671,30.03,495.24,66.84,1.0000,0.773811,0.139253,478.34,333.63,0.9772,0.747405,0.695068
1786702166.331737,88.434914,2672,30.03,495.34,66.84,1.0000,0.773964,0.139254,478.48,334.25,0.9773,0.747624,0.696347
1786702166.350962,88.454139,2673,30.03,495.18,66.79,1.0000,0.773715,0.139153,478.54,334.25,0.9772,0.747712,0.696351
1786702166.395788,88.498964,2674,30.03,495.29,66.81,1.0000,0.773889,0.139195,478.54,334.16,0.9773,0.747726,0.696166
1786702166.428223,88.531399,2675,30.03,495.29,66.74,1.0000,0.773898,0.139043,478.54,334.13,0.9773,0.747724,0.696094
1786702166.446104,88.549281,2676,30.03,495.29,66.69,1.0000,0.773896,0.138936,478.83,334.21,0.9773,0.748177,0.696274
1786702166.492733,88.595909,2677,30.03,495.23,66.68,1.0000,0.773804,0.138916,478.90,334.21,0.9773,0.748288,0.696272
1786702166.524367,88.627543,2678,30.03,495.24,66.70,1.0000,0.773817,0.138963,478.96,334.25,0.9776,0.748372,0.696348
1786702166.582633,88.685810,2679,30.03,495.56,66.76,1.0000,0.774305,0.139084,478.94,334.19,0.9776,0.748351,0.696229
1786702166.603274,88.706450,2680,30.03,495.58,66.75,1.0000,0.774351,0.139067,478.96,334.17,0.9777,0.748378,0.696187
1786702166.634888,88.738065,2681,30.03,495.62,66.73,1.0000,0.774410,0.139027,478.91,334.09,0.9776,0.748296,0.696026
1786702166.650738,88.753915,2682,29.83,495.67,66.76,1.0000,0.774485,0.139074,478.87,334.05,0.9776,0.748237,0.695936
1786702166.697853,88.801029,2683,29.83,495.68,66.82,1.0000,0.774508,0.139207,478.71,333.83,0.9772,0.747985,0.695469
1786702166.721318,88.824494,2684,29.83,495.69,66.84,1.0000,0.774519,0.139242,478.63,333.67,0.9770,0.747853,0.695153
1786702166.752871,88.856047,2685,29.83,495.70,66.92,1.0000,0.774534,0.139408,478.64,333.54,0.9764,0.747878,0.694874
1786702166.790804,88.893981,2686,29.83,495.87,66.83,1.0000,0.774790,0.139235,478.64,333.52,0.9764,0.747878,0.694829
1786702166.817726,88.920902,2687,29.83,495.86,66.84,1.0000,0.774778,0.139254,478.61,333.48,0.9765,0.747829,0.694744
1786702166.872182,88.975359,2688,29.83,495.83,66.79,1.0000,0.774742,0.139141,478.64,333.48,0.9767,0.747869,0.694758
1786702166.904149,89.007325,2689,29.83,495.79,66.79,1.0000,0.774667,0.139154,478.69,333.60,0.9766,0.747949,0.694995
1786702166.936119,89.039296,2690,29.83,495.93,66.74,1.0000,0.774886,0.139041,479.04,333.70,0.9765,0.748500,0.695199
1786702166.967107,89.070283,2691,29.83,495.96,66.91,1.0000,0.774936,0.139389,479.04,333.81,0.9757,0.748493,0.695440
1786702166.998931,89.102107,2692,29.83,495.95,67.07,1.0000,0.774925,0.139724,479.02,333.81,0.9753,0.748475,0.695438
1786702167.030416,89.133593,2693,29.83,495.95,67.17,1.0000,0.774921,0.139932,479.03,333.82,0.9754,0.748480,0.695465
1786702167.077926,89.181103,2694,29.83,495.95,67.16,1.0000,0.774919,0.139925,478.86,333.78,0.9754,0.748225,0.695375
1786702167.109783,89.212960,2695,29.83,495.99,67.17,1.0000,0.774980,0.139934,478.71,333.73,0.9754,0.747983,0.695280
1786702167.125520,89.228696,2696,29.83,495.86,67.34,1.0000,0.774779,0.140301,478.71,333.57,0.9756,0.747979,0.694933
1786702167.157291,89.260467,2697,29.83,495.91,67.34,1.0000,0.774867,0.140301,478.71,333.56,0.9760,0.747990,0.694915
1786702167.189184,89.292361,2698,30.06,495.89,67.46,1.0000,0.774829,0.140542,478.77,333.52,0.9764,0.748072,0.694828
1786702167.220879,89.324055,2699,30.06,495.83,67.39,1.0000,0.774728,0.140406,478.90,333.71,0.9765,0.748284,0.695230
1786702167.252582,89.355758,2700,30.06,495.97,67.33,1.0000,0.774951,0.140274,478.81,333.35,0.9765,0.748142,0.694486
1786702167.300059,89.403235,2701,30.06,496.03,67.02,1.0000,0.775049,0.139616,478.94,333.53,0.9767,0.748345,0.694845
1786702167.322621,89.425798,2702,30.06,495.96,67.00,1.0000,0.774935,0.139586,478.98,333.50,0.9765,0.748401,0.694795
1786702167.380743,89.483919,2703,30.06,496.06,66.79,1.0000,0.775096,0.139145,478.98,333.57,0.9763,0.748412,0.694931
1786702167.382747,89.485923,2704,30.06,496.00,66.78,1.0000,0.774999,0.139127,478.48,333.74,0.9758,0.747629,0.695290
1786702167.423434,89.526611,2705,30.06,496.00,66.64,1.0000,0.775003,0.138837,478.50,333.75,0.9758,0.747659,0.695310
1786702167.476321,89.579497,2706,30.06,495.75,66.63,1.0000,0.774616,0.138812,478.41,333.65,0.9755,0.747519,0.695107
1786702167.491660,89.594836,2707,30.06,495.75,67.03,1.0000,0.774616,0.139638,478.50,333.40,0.9757,0.747663,0.694573
1786702167.523870,89.627046,2708,30.06,495.71,67.04,1.0000,0.774539,0.139661,478.55,333.28,0.9759,0.747742,0.694328
1786702167.555826,89.659002,2709,30.06,495.73,67.00,1.0000,0.774575,0.139575,478.65,333.27,0.9761,0.747887,0.694320
1786702167.590028,89.693205,2710,30.06,495.49,67.00,1.0000,0.774207,0.139575,478.67,333.31,0.9757,0.747923,0.694388
1786702167.635569,89.738746,2711,30.06,495.47,66.97,1.0000,0.774176,0.139511,478.58,333.30,0.9756,0.747777,0.694378
1786702167.651558,89.754735,2712,30.06,495.53,66.76,1.0000,0.774270,0.139091,478.74,333.30,0.9760,0.748035,0.694366
1786702167.700005,89.803182,2713,29.92,495.60,66.62,1.0000,0.774375,0.138799,478.88,333.71,0.9760,0.748253,0.695226
1786702167.715466,89.818642,2714,29.92,495.57,66.55,1.0000,0.774332,0.138647,478.91,333.80,0.9759,0.748295,0.695412
1786702167.763448,89.866624,2715,29.92,495.57,66.47,1.0000,0.774332,0.138469,478.94,333.98,0.9763,0.748346,0.695783
1786702167.795834,89.899010,2716,29.92,495.68,66.52,1.0000,0.774502,0.138585,479.02,334.02,0.9766,0.748476,0.695881
1786702167.813181,89.916358,2717,29.92,495.95,66.62,1.0000,0.774925,0.138789,479.07,334.03,0.9765,0.748554,0.695905
1786702167.890452,89.993629,2718,29.92,495.92,66.93,1.0000,0.774873,0.139438,479.03,333.95,0.9768,0.748482,0.695734
1786702167.906135,90.009311,2719,29.92,495.93,66.87,1.0000,0.774896,0.139307,479.07,333.96,0.9764,0.748554,0.695754
1786702167.922104,90.025280,2720,29.92,495.92,66.87,1.0000,0.774868,0.139306,479.06,334.01,0.9752,0.748536,0.695855
1786702167.954600,90.057777,2721,29.92,495.92,66.79,1.0000,0.774881,0.139149,479.06,333.99,0.9751,0.748527,0.695816
1786702167.990116,90.093292,2722,29.92,495.77,66.76,1.0000,0.774636,0.139088,478.72,333.92,0.9739,0.747998,0.695668
1786702168.019333,90.122510,2723,29.92,495.96,66.73,1.0000,0.774939,0.139022,478.93,334.01,0.9730,0.748328,0.695845
1786702168.061586,90.164762,2724,29.92,496.06,67.08,1.0000,0.775097,0.139740,478.97,334.03,0.9731,0.748384,0.695890
1786702168.093737,90.196914,2725,29.92,496.15,67.07,0.9999,0.775238,0.139735,479.05,333.97,0.9734,0.748520,0.695762
1786702168.141006,90.244182,2726,29.92,496.17,67.06,0.9999,0.775268,0.139702,478.95,333.75,0.9737,0.748366,0.695314
1786702168.155578,90.258754,2727,29.92,496.16,67.05,0.9999,0.775256,0.139698,478.83,333.84,0.9735,0.748167,0.695509
1786702168.191087,90.294264,2728,29.90,496.16,66.93,0.9999,0.775256,0.139448,479.00,333.84,0.9738,0.748435,0.695495
1786702168.220411,90.323588,2729,29.90,495.94,66.89,0.9999,0.774901,0.139363,479.00,333.75,0.9744,0.748445,0.695320
1786702168.268464,90.371640,2730,29.90,495.92,66.86,0.9999,0.774878,0.139284,479.31,334.08,0.9748,0.748926,0.696003
1786702168.284220,90.387396,2731,29.90,496.05,67.00,0.9999,0.775076,0.139579,479.36,334.22,0.9751,0.749001,0.696292
1786702168.315895,90.419071,2732,29.90,496.16,67.00,0.9999,0.775247,0.139577,479.37,334.20,0.9752,0.749013,0.696258
1786702168.364304,90.467480,2733,29.90,496.16,67.05,1.0000,0.775254,0.139693,479.40,333.64,0.9753,0.749065,0.695079
1786702168.396106,90.499283,2734,29.90,496.16,67.05,0.9999,0.775245,0.139690,479.43,333.58,0.9751,0.749116,0.694954
1786702168.427922,90.531099,2735,29.90,496.16,67.02,0.9999,0.775247,0.139632,479.44,333.60,0.9753,0.749121,0.694999
1786702168.459546,90.562722,2736,29.90,496.18,67.02,0.9999,0.775276,0.139632,479.43,333.60,0.9753,0.749117,0.695006
1786702168.493789,90.596966,2737,29.90,496.12,67.09,0.9999,0.775189,0.139780,479.28,333.55,0.9754,0.748880,0.694897
1786702168.531144,90.634320,2738,29.90,496.08,66.98,0.9999,0.775118,0.139542,479.32,333.57,0.9755,0.748930,0.694937
1786702168.548581,90.651757,2739,29.90,496.04,66.98,0.9999,0.775068,0.139551,479.25,333.61,0.9756,0.748825,0.695015
1786702168.603734,90.706911,2740,29.90,496.04,66.99,0.9999,0.775067,0.139568,479.24,333.88,0.9761,0.748816,0.695584
1786702168.635236,90.738413,2741,29.90,496.03,66.99,0.9999,0.775040,0.139563,479.15,334.14,0.9762,0.748668,0.696124
1786702168.655310,90.758487,2742,29.90,495.70,67.10,0.9999,0.774525,0.139798,479.04,334.11,0.9763,0.748501,0.696052
1786702168.698499,90.801676,2743,29.87,495.69,67.12,1.0000,0.774511,0.139836,479.06,334.07,0.9765,0.748527,0.695983
1786702168.730033,90.833210,2744,29.87,495.69,67.10,1.0000,0.774512,0.139792,479.04,334.06,0.9769,0.748496,0.695965
1786702168.745347,90.848524,2745,29.87,495.67,67.07,1.0000,0.774478,0.139733,479.04,334.09,0.9769,0.748494,0.696017
1786702168.801599,90.904776,2746,29.87,495.74,67.05,1.0000,0.774593,0.139684,479.12,334.02,0.9773,0.748630,0.695870
1786702168.815224,90.918401,2747,29.87,495.44,66.98,1.0000,0.774118,0.139534,479.12,334.10,0.9773,0.748625,0.696033
1786702168.856407,90.959584,2748,29.87,495.20,66.80,1.0000,0.773749,0.139171,479.17,334.03,0.9774,0.748706,0.695901
1786702168.907197,91.010373,2749,29.87,495.11,67.03,1.0000,0.773609,0.139648,479.24,334.14,0.9773,0.748812,0.696124
1786702168.923680,91.026857,2750,29.87,495.05,66.97,1.0000,0.773515,0.139529,479.48,334.22,0.9774,0.749181,0.696284
1786702168.954338,91.057514,2751,29.87,494.92,66.93,1.0000,0.773311,0.139439,479.48,334.24,0.9777,0.749185,0.696328
1786702168.999225,91.102401,2752,29.87,494.45,66.62,1.0000,0.772575,0.138784,479.50,334.17,0.9780,0.749212,0.696193
1786702169.031425,91.134601,2753,29.87,494.46,66.87,1.0000,0.772598,0.139305,479.57,334.17,0.9780,0.749328,0.696189
1786702169.063248,91.166424,2754,29.87,494.47,66.94,1.0000,0.772617,0.139465,479.61,334.18,0.9781,0.749392,0.696205
1786702169.079042,91.182219,2755,29.87,494.47,67.07,1.0000,0.772609,0.139732,479.63,334.36,0.9782,0.749423,0.696593
1786702169.158424,91.261601,2756,29.87,494.48,67.04,1.0000,0.772631,0.139661,479.48,334.33,0.9780,0.749190,0.696520
1786702169.174287,91.277464,2757,29.87,494.49,67.14,1.0000,0.772640,0.139883,479.53,334.40,0.9774,0.749266,0.696665
1786702169.189935,91.293112,2758,29.87,494.43,67.12,1.0000,0.772545,0.139842,479.53,334.41,0.9770,0.749270,0.696694
1786702169.224134,91.327311,2759,29.95,494.45,67.12,1.0000,0.772571,0.139843,479.50,334.41,0.9770,0.749221,0.696689
1786702169.268790,91.371967,2760,29.95,494.20,67.17,1.0000,0.772180,0.139941,479.46,334.57,0.9767,0.749154,0.697012
1786702169.300333,91.403509,2761,29.95,494.19,67.23,1.0000,0.772171,0.140069,479.39,334.29,0.9765,0.749054,0.696432
1786702169.332654,91.435831,2762,29.95,494.13,67.21,1.0000,0.772079,0.140021,479.33,334.29,0.9764,0.748961,0.696441
1786702169.363639,91.466816,2763,29.95,494.05,67.21,1.0000,0.771958,0.140023,479.53,334.19,0.9763,0.749265,0.696221
1786702169.379382,91.482559,2764,29.95,494.04,67.20,1.0000,0.771937,0.140007,479.64,334.16,0.9762,0.749442,0.696173
1786702169.429345,91.532522,2765,29.95,494.04,67.30,1.0000,0.771945,0.140213,479.41,334.18,0.9763,0.749078,0.696215
1786702169.474353,91.577529,2766,29.95,494.04,67.30,1.0000,0.771931,0.140211,479.45,334.05,0.9764,0.749138,0.695935
1786702169.490042,91.593219,2767,29.95,493.94,67.23,1.0000,0.771775,0.140053,479.17,334.01,0.9764,0.748707,0.695848
1786702169.522571,91.625747,2768,29.95,494.14,67.26,1.0000,0.772101,0.140134,478.89,334.11,0.9762,0.748268,0.696053
1786702169.570230,91.673407,2769,29.95,494.10,67.27,1.0000,0.772039,0.140145,478.89,334.02,0.9756,0.748271,0.695873
1786702169.617865,91.721041,2770,29.95,493.94,67.26,1.0000,0.771778,0.140119,479.23,333.99,0.9754,0.748798,0.695812
1786702169.633502,91.736678,2771,29.95,493.92,67.49,1.0000,0.771749,0.140603,479.24,334.02,0.9756,0.748806,0.695869
1786702169.660938,91.764114,2772,29.95,493.90,67.48,1.0000,0.771711,0.140589,479.29,334.05,0.9755,0.748896,0.695936
1786702169.697033,91.800209,2773,29.95,493.59,67.60,1.0000,0.771234,0.140828,479.34,333.99,0.9757,0.748965,0.695811
1786702169.728593,91.831770,2774,29.88,493.58,67.57,1.0000,0.771222,0.140763,479.24,333.96,0.9761,0.748807,0.695759
1786702169.760407,91.863584,2775,29.88,493.55,67.60,1.0000,0.771178,0.140823,479.07,333.97,0.9763,0.748552,0.695762
1786702169.785963,91.889139,2776,29.88,493.44,67.46,1.0000,0.771006,0.140532,478.96,333.95,0.9760,0.748372,0.695733
1786702169.822979,91.926156,2777,29.88,493.44,67.36,1.0000,0.771000,0.140332,478.89,334.02,0.9757,0.748261,0.695871
1786702169.871197,91.974374,2778,29.88,493.38,67.34,1.0000,0.770914,0.140299,479.07,334.06,0.9759,0.748540,0.695950
1786702169.902378,92.005555,2779,29.88,493.38,67.56,1.0000,0.770912,0.140760,478.99,334.02,0.9760,0.748425,0.695866
1786702169.934277,92.037453,2780,29.88,493.35,67.48,1.0000,0.770853,0.140573,478.85,333.94,0.9757,0.748208,0.695702
1786702169.978522,92.081699,2781,29.88,493.39,67.55,1.0000,0.770921,0.140736,478.66,333.89,0.9756,0.747912,0.695609
1786702169.995249,92.098426,2782,29.88,493.39,67.56,1.0000,0.770920,0.140753,478.63,333.90,0.9757,0.747865,0.695622
1786702170.022367,92.125544,2783,29.88,493.52,67.61,1.0000,0.771133,0.140856,478.67,334.11,0.9759,0.747919,0.696055
1786702170.069926,92.173103,2784,29.88,493.45,67.34,1.0000,0.771011,0.140297,478.51,334.12,0.9757,0.747673,0.696093
1786702170.101910,92.205086,2785,29.88,493.65,67.32,1.0000,0.771325,0.140258,478.50,334.17,0.9756,0.747656,0.696191
1786702170.117543,92.220720,2786,29.88,493.66,67.31,1.0000,0.771343,0.140239,478.39,334.02,0.9758,0.747489,0.695867
1786702170.154987,92.258163,2787,29.88,493.68,67.20,1.0000,0.771368,0.140003,478.42,333.99,0.9762,0.747526,0.695812
1786702170.195356,92.298533,2788,29.88,493.68,67.21,1.0000,0.771375,0.140014,478.34,333.97,0.9762,0.747405,0.695781
1786702170.213423,92.316600,2789,29.88,493.97,67.19,1.0000,0.771835,0.139988,478.39,333.83,0.9764,0.747477,0.695477
1786702170.262721,92.365898,2790,30.05,494.41,67.05,1.0000,0.772518,0.139687,478.25,333.90,0.9765,0.747258,0.695617
1786702170.294165,92.397341,2791,30.05,494.47,67.15,1.0000,0.772608,0.139891,477.88,334.00,0.9745,0.746684,0.695835
1786702170.325760,92.428937,2792,30.05,494.56,67.15,1.0000,0.772744,0.139886,478.03,334.00,0.9749,0.746928,0.695842
1786702170.357549,92.460726,2793,30.05,494.89,67.11,1.0000,0.773259,0.139822,478.25,334.20,0.9747,0.747263,0.696249
1786702170.389980,92.493156,2794,30.05,494.94,67.12,1.0000,0.773347,0.139840,478.27,334.24,0.9743,0.747292,0.696329
1786702170.437527,92.540704,2795,30.05,495.02,67.06,1.0000,0.773465,0.139717,478.33,334.23,0.9749,0.747396,0.696310
1786702170.453071,92.556247,2796,30.05,495.20,67.06,1.0000,0.773757,0.139708,478.33,334.13,0.9752,0.747396,0.696108
1786702170.487638,92.590814,2797,30.05,495.38,66.96,1.0000,0.774030,0.139508,478.32,334.06,0.9753,0.747379,0.695950
1786702170.516375,92.619551,2798,30.05,495.34,66.93,1.0000,0.773965,0.139438,478.20,333.98,0.9752,0.747194,0.695800
1786702170.564002,92.667179,2799,30.05,495.37,66.84,1.0000,0.774012,0.139258,478.14,334.06,0.9752,0.747097,0.695965
1786702170.611227,92.714404,2800,30.05,495.17,66.79,1.0000,0.773700,0.139137,478.18,334.09,0.9755,0.747152,0.696031
1786702170.626935,92.730111,2801,30.05,495.13,66.79,1.0000,0.773646,0.139139,478.12,334.10,0.9746,0.747070,0.696034
1786702170.675575,92.778751,2802,30.05,495.23,66.82,1.0000,0.773794,0.139205,478.05,334.10,0.9748,0.746951,0.696039
1786702170.690769,92.793946,2803,30.05,495.43,66.92,1.0000,0.774108,0.139420,477.96,334.10,0.9746,0.746820,0.696050
1786702170.722784,92.825961,2804,30.05,495.40,66.97,1.0000,0.774065,0.139530,477.97,334.13,0.9743,0.746824,0.696095
1786702170.755010,92.858187,2805,29.99,495.69,66.97,1.0000,0.774521,0.139529,478.03,334.14,0.9740,0.746927,0.696119
1786702170.787355,92.890532,2806,29.99,495.73,67.14,1.0000,0.774572,0.139871,478.02,334.16,0.9741,0.746913,0.696175
1786702170.818730,92.921906,2807,29.99,496.05,67.14,1.0000,0.775079,0.139867,478.08,334.16,0.9746,0.746999,0.696172
1786702170.866021,92.969197,2808,29.99,496.15,67.14,1.0000,0.775233,0.139866,478.09,333.99,0.9747,0.747021,0.695819
1786702170.881965,92.985141,2809,29.99,496.16,67.05,1.0000,0.775254,0.139679,478.10,333.97,0.9749,0.747032,0.695780
1786702170.916091,93.019267,2810,29.99,496.15,67.06,1.0000,0.775233,0.139700,478.01,334.05,0.9746,0.746891,0.695928
1786702170.962043,93.065219,2811,29.99,496.12,67.10,1.0000,0.775180,0.139781,478.36,334.10,0.9749,0.747432,0.696041
1786702170.993683,93.096859,2812,29.99,496.17,67.13,1.0000,0.775270,0.139846,478.46,334.11,0.9751,0.747598,0.696069
1786702171.025167,93.128344,2813,29.99,496.27,67.15,1.0000,0.775420,0.139895,478.44,334.05,0.9753,0.747564,0.695945
1786702171.056494,93.159670,2814,29.99,496.38,67.15,1.0000,0.775598,0.139896,478.42,334.07,0.9752,0.747535,0.695985
1786702171.103772,93.206948,2815,29.99,496.46,67.17,1.0000,0.775711,0.139943,478.52,333.84,0.9752,0.747689,0.695505
1786702171.119515,93.222692,2816,29.99,496.68,67.21,1.0000,0.776067,0.140020,478.49,333.87,0.9748,0.747647,0.695571
1786702171.167128,93.270304,2817,29.99,496.70,67.14,1.0000,0.776089,0.139873,478.45,333.90,0.9747,0.747582,0.695627
1786702171.198936,93.302113,2818,29.99,496.75,67.17,1.0000,0.776165,0.139931,478.46,333.89,0.9748,0.747592,0.695598
1786702171.231084,93.334260,2819,29.99,496.74,67.20,1.0000,0.776157,0.139999,478.45,333.93,0.9747,0.747576,0.695696
1786702171.262585,93.365762,2820,29.88,496.62,67.02,1.0000,0.775964,0.139630,478.42,333.90,0.9747,0.747526,0.695619
1786702171.294209,93.397386,2821,29.88,496.74,67.17,0.9999,0.776152,0.139936,478.48,333.90,0.9742,0.747620,0.695625
1786702171.314139,93.417316,2822,29.88,496.59,67.20,0.9999,0.775916,0.140007,478.48,333.86,0.9744,0.747631,0.695532
1786702171.375034,93.478210,2823,29.88,496.61,67.21,0.9999,0.775953,0.140013,478.60,333.86,0.9741,0.747810,0.695548
1786702171.389814,93.492990,2824,29.88,496.61,67.21,0.9999,0.775958,0.140025,478.39,333.87,0.9743,0.747485,0.695565
1786702171.423677,93.526853,2825,29.88,496.64,67.30,0.9999,0.775993,0.140218,478.21,333.90,0.9744,0.747196,0.695620
1786702171.470085,93.573262,2826,29.88,496.73,67.30,0.9999,0.776147,0.140200,478.29,333.85,0.9744,0.747326,0.695513
1786702171.501896,93.605073,2827,29.88,497.32,67.30,0.9999,0.777060,0.140209,478.21,333.95,0.9746,0.747200,0.695735
1786702171.533643,93.636820,2828,29.88,497.30,67.17,0.9999,0.777027,0.139939,477.97,334.01,0.9741,0.746829,0.695854
1786702171.565027,93.668203,2829,29.88,497.24,67.11,0.9999,0.776936,0.139819,478.12,333.97,0.9743,0.747069,0.695781
1786702171.587682,93.690859,2830,29.88,497.29,67.05,0.9999,0.777023,0.139696,478.27,333.77,0.9747,0.747301,0.695348
1786702171.628316,93.731493,2831,29.88,497.29,66.98,0.9999,0.777021,0.139543,478.24,333.66,0.9748,0.747250,0.695118
1786702171.659966,93.763142,2832,29.88,497.34,66.88,0.9999,0.777095,0.139327,478.25,333.62,0.9746,0.747272,0.695045
1786702171.724152,93.827329,2833,29.88,497.44,66.97,0.9999,0.777254,0.139527,478.37,333.57,0.9744,0.747461,0.694938
1786702171.739932,93.843109,2834,29.88,497.56,66.98,0.9999,0.777443,0.139540,478.36,333.56,0.9746,0.747442,0.694923
1786702171.755580,93.858757,2835,29.88,497.52,66.66,0.9999,0.777376,0.138871,478.38,333.47,0.9748,0.747472,0.694737
1786702171.803564,93.906741,2836,29.98,497.52,66.58,1.0000,0.777371,0.138716,478.50,333.39,0.9747,0.747663,0.694553
1786702171.834775,93.937952,2837,29.98,497.50,66.58,1.0000,0.777340,0.138710,478.47,333.39,0.9748,0.747617,0.694573
1786702171.850881,93.954057,2838,29.98,497.51,66.42,1.0000,0.777354,0.138369,478.67,333.17,0.9752,0.747918,0.694109
1786702171.887842,93.991019,2839,29.98,497.48,66.05,1.0000,0.777314,0.137607,478.71,333.39,0.9756,0.747988,0.694566
1786702171.919162,94.022338,2840,29.98,497.65,66.03,1.0000,0.777580,0.137566,479.00,333.52,0.9756,0.748432,0.694841
1786702171.966825,94.070001,2841,29.98,497.71,65.34,1.0000,0.777672,0.136135,478.99,333.60,0.9755,0.748424,0.694998
1786702171.991110,94.094286,2842,29.98,497.83,65.43,1.0000,0.777861,0.136310,479.03,333.45,0.9759,0.748478,0.694684
1786702172.017370,94.120547,2843,29.98,497.83,65.43,1.0000,0.777854,0.136311,479.00,333.42,0.9759,0.748431,0.694624
1786702172.053944,94.157120,2844,29.98,497.78,65.27,1.0000,0.777774,0.135977,479.01,333.38,0.9760,0.748447,0.694544
1786702172.101503,94.204679,2845,29.98,497.75,65.46,1.0000,0.777742,0.136377,479.39,333.83,0.9764,0.749044,0.695484
1786702172.117318,94.220495,2846,29.98,497.74,65.57,1.0000,0.777723,0.136604,479.37,333.83,0.9764,0.749016,0.695475
1786702172.166152,94.269328,2847,29.98,497.61,65.46,1.0000,0.777517,0.136376,479.39,333.68,0.9766,0.749041,0.695159
1786702172.181837,94.285013,2848,29.98,497.60,65.57,1.0000,0.777494,0.136594,479.42,333.72,0.9765,0.749091,0.695253
1786702172.230098,94.333275,2849,29.98,497.51,65.62,1.0000,0.777358,0.136715,479.34,333.99,0.9762,0.748971,0.695803
1786702172.261436,94.364613,2850,29.98,497.50,65.66,1.0000,0.777338,0.136798,479.32,334.15,0.9755,0.748936,0.696137
1786702172.309091,94.412267,2851,29.78,497.68,65.90,1.0000,0.777621,0.137294,479.37,334.01,0.9746,0.749013,0.695863
1786702172.325177,94.428353,2852,29.78,497.68,66.05,1.0000,0.777619,0.137613,479.02,333.83,0.9739,0.748466,0.695480
1786702172.352653,94.455829,2853,29.78,497.60,66.05,1.0000,0.777503,0.137595,479.02,333.80,0.9739,0.748463,0.695425
1786702172.389135,94.492311,2854,29.78,497.60,66.46,1.0000,0.777506,0.138466,478.99,334.00,0.9739,0.748425,0.695826
1786702172.420789,94.523965,2855,29.78,497.65,66.26,1.0000,0.777576,0.138041,479.14,334.08,0.9740,0.748655,0.696000
1786702172.484584,94.587760,2857,29.78,497.89,66.36,1.0000,0.777959,0.138252,478.91,333.74,0.9744,0.748300,0.695295
1786702172.516395,94.619571,2858,29.78,497.78,66.36,1.0000,0.777788,0.138253,478.89,333.73,0.9750,0.748262,0.695279
1786702172.565240,94.668417,2859,29.78,497.73,65.95,1.0000,0.777702,0.137390,479.10,333.76,0.9752,0.748588,0.695338
1786702172.596028,94.699204,2860,29.78,497.77,65.94,1.0000,0.777761,0.137382,479.15,334.08,0.9755,0.748669,0.696004
1786702172.611814,94.714990,2861,29.78,497.80,66.32,1.0000,0.777813,0.138159,479.15,334.23,0.9755,0.748678,0.696314
1786702172.675603,94.778780,2862,29.78,497.92,66.41,1.0000,0.777999,0.138347,478.83,334.17,0.9758,0.748172,0.696190
1786702172.707393,94.810570,2863,29.78,497.95,66.26,1.0000,0.778041,0.138044,478.84,333.84,0.9757,0.748182,0.695507
1786702172.723194,94.826371,2864,29.78,498.14,66.32,1.0000,0.778347,0.138158,478.94,333.83,0.9756,0.748341,0.695484
1786702172.770797,94.873973,2865,29.78,498.14,66.44,1.0000,0.778346,0.138424,478.72,333.80,0.9759,0.748000,0.695411
1786702172.802241,94.905418,2866,29.78,498.13,66.51,1.0000,0.778325,0.138559,478.49,333.92,0.9762,0.747641,0.695675
1786702172.834125,94.937301,2867,29.66,498.13,66.39,1.0000,0.778328,0.138321,478.58,333.92,0.9763,0.747788,0.695660
1786702172.850541,94.953717,2868,29.66,498.23,66.41,1.0000,0.778477,0.138356,478.68,333.86,0.9765,0.747938,0.695537
1786702172.898248,95.001425,2869,29.66,498.04,66.39,1.0000,0.778192,0.138306,478.45,333.92,0.9767,0.747577,0.695660
1786702172.930474,95.033651,2870,29.66,498.09,66.48,1.0000,0.778259,0.138497,478.57,333.93,0.9770,0.747762,0.695685
1786702172.996743,95.099920,2871,29.66,498.10,66.17,1.0000,0.778287,0.137853,478.80,334.01,0.9770,0.748130,0.695850
1786702173.010389,95.113566,2872,29.66,498.17,66.31,1.0000,0.778385,0.138141,478.79,334.24,0.9769,0.748109,0.696344
1786702173.026039,95.129215,2873,29.66,498.25,66.32,1.0000,0.778523,0.138158,478.78,334.30,0.9769,0.748089,0.696452
1786702173.057714,95.160890,2874,29.66,498.26,66.31,1.0000,0.778533,0.138149,478.91,334.35,0.9772,0.748305,0.696573
1786702173.089650,95.192827,2875,29.66,498.27,66.37,1.0000,0.778544,0.138275,478.97,334.42,0.9772,0.748384,0.696700
1786702173.105573,95.208750,2876,29.66,498.09,66.26,1.0000,0.778267,0.138048,479.00,334.43,0.9771,0.748439,0.696739
1786702173.165078,95.268255,2877,29.66,497.92,66.62,1.0000,0.778001,0.138797,479.00,334.44,0.9768,0.748439,0.696746
1786702173.190638,95.293814,2878,29.66,497.35,66.57,1.0000,0.777103,0.138695,479.03,334.46,0.9767,0.748487,0.696785
1786702173.233324,95.336500,2879,29.66,497.36,66.60,1.0000,0.777126,0.138756,479.18,334.48,0.9766,0.748721,0.696827
1786702173.264886,95.368062,2880,29.66,497.46,66.51,1.0000,0.777283,0.138557,479.18,334.64,0.9767,0.748726,0.697176
1786702173.297168,95.400345,2881,29.66,497.32,66.50,1.0000,0.777064,0.138549,479.13,334.56,0.9769,0.748635,0.697008
1786702173.329157,95.432333,2882,29.66,497.33,66.50,1.0000,0.777072,0.138549,479.25,334.63,0.9769,0.748824,0.697150
1786702173.361020,95.464196,2883,29.79,497.12,66.56,1.0000,0.776754,0.138673,479.24,334.67,0.9769,0.748814,0.697223
1786702173.408166,95.511343,2884,29.79,497.14,66.56,1.0000,0.776774,0.138668,479.22,334.76,0.9770,0.748781,0.697418
1786702173.424180,95.527357,2885,29.79,497.11,66.58,1.0000,0.776741,0.138713,479.26,334.71,0.9773,0.748849,0.697312
1786702173.451707,95.554883,2886,29.79,497.11,66.64,1.0000,0.776734,0.138826,479.28,334.71,0.9773,0.748874,0.697313
1786702173.504540,95.607716,2887,29.79,496.93,66.72,1.0000,0.776454,0.139001,479.28,335.09,0.9774,0.748877,0.698101
1786702173.519976,95.623152,2888,29.79,496.91,66.76,1.0000,0.776420,0.139090,479.31,335.12,0.9771,0.748924,0.698166
1786702173.554507,95.657684,2889,29.79,496.96,66.82,1.0000,0.776494,0.139208,479.26,335.14,0.9770,0.748843,0.698214
1786702173.617023,95.720200,2890,29.79,497.03,66.90,1.0000,0.776608,0.139372,479.28,335.04,0.9768,0.748876,0.698004
1786702173.647779,95.750955,2891,29.79,496.98,66.89,1.0000,0.776534,0.139361,479.26,334.98,0.9768,0.748846,0.697879
1786702173.663726,95.766902,2892,29.79,496.99,66.89,1.0000,0.776554,0.139364,479.26,334.98,0.9769,0.748847,0.697876
1786702173.696156,95.799332,2893,29.79,496.99,66.92,1.0000,0.776540,0.139414,479.29,334.98,0.9769,0.748894,0.697880
1786702173.727862,95.831039,2894,29.79,497.00,67.05,1.0000,0.776557,0.139690,479.36,335.11,0.9770,0.748997,0.698136
1786702173.754125,95.857301,2895,29.79,496.92,67.00,1.0000,0.776437,0.139590,479.39,334.99,0.9768,0.749046,0.697893
1786702173.806878,95.910054,2896,29.79,496.92,67.19,1.0000,0.776438,0.139977,479.31,335.06,0.9766,0.748926,0.698032
1786702173.839030,95.942207,2897,29.79,496.90,67.26,1.0000,0.776402,0.140130,479.32,335.14,0.9769,0.748935,0.698200
1786702173.857803,95.960980,2898,29.63,496.88,67.23,1.0000,0.776369,0.140064,479.33,334.94,0.9770,0.748956,0.697799
1786702173.890965,95.994142,2899,29.63,496.86,67.22,1.0000,0.776351,0.140050,479.36,334.82,0.9772,0.749008,0.697536
1786702173.937033,96.040210,2900,29.63,496.86,67.25,1.0000,0.776342,0.140100,479.37,334.68,0.9771,0.749011,0.697248
1786702173.956473,96.059650,2901,29.63,496.88,67.25,1.0000,0.776375,0.140110,479.37,334.67,0.9769,0.749023,0.697239
1786702173.988824,96.092001,2902,29.63,496.84,67.30,1.0000,0.776314,0.140198,479.33,334.57,0.9768,0.748960,0.697016
1786702174.044281,96.147457,2903,29.63,496.84,66.98,1.0000,0.776317,0.139540,479.31,335.07,0.9768,0.748919,0.698062
1786702174.052664,96.155840,2904,29.63,496.82,66.98,1.0000,0.776285,0.139543,479.31,335.02,0.9758,0.748921,0.697969
1786702174.088428,96.191605,2905,29.63,496.82,67.02,1.0000,0.776280,0.139620,479.31,334.99,0.9755,0.748921,0.697894
1786702174.133646,96.236823,2906,29.63,496.81,67.21,1.0000,0.776265,0.140019,479.32,334.86,0.9755,0.748945,0.697628
1786702174.154981,96.258158,2907,29.63,496.85,67.21,1.0000,0.776326,0.140010,479.38,334.76,0.9759,0.749031,0.697423
1786702174.186451,96.289628,2908,29.63,496.91,67.21,1.0000,0.776426,0.140016,479.41,334.76,0.9760,0.749083,0.697422
1786702174.233608,96.336785,2909,29.63,496.90,67.42,1.0000,0.776410,0.140449,479.46,334.86,0.9760,0.749152,0.697631
1786702174.281839,96.385016,2910,29.63,496.87,67.40,1.0000,0.776361,0.140421,479.26,334.76,0.9756,0.748844,0.697415
1786702174.297775,96.400952,2911,29.63,496.87,67.40,1.0000,0.776353,0.140409,478.97,334.53,0.9758,0.748396,0.696927
1786702174.329840,96.433017,2912,29.63,496.87,67.42,1.0000,0.776358,0.140457,478.99,334.51,0.9760,0.748424,0.696891
1786702174.361922,96.465098,2913,29.63,496.82,67.24,1.0000,0.776283,0.140092,479.03,334.46,0.9759,0.748492,0.696802
1786702174.379184,96.482360,2914,29.85,496.80,67.21,1.0000,0.776255,0.140012,479.01,334.28,0.9759,0.748450,0.696407
1786702174.417513,96.520689,2915,29.85,496.74,67.22,1.0000,0.776161,0.140051,479.09,334.02,0.9761,0.748585,0.695876
1786702174.457418,96.560595,2916,29.85,496.61,67.21,1.0000,0.775955,0.140025,479.26,334.14,0.9764,0.748838,0.696127
1786702174.489603,96.592780,2917,29.85,496.52,67.19,1.0000,0.775818,0.139980,479.33,334.10,0.9763,0.748955,0.696050
1786702174.521464,96.624641,2918,29.85,496.53,67.15,1.0000,0.775824,0.139899,479.32,334.14,0.9762,0.748935,0.696120
1786702174.569217,96.672394,2919,29.85,496.11,67.14,1.0000,0.775167,0.139879,479.27,334.04,0.9759,0.748858,0.695918
1786702174.601601,96.704778,2920,29.85,496.10,67.22,0.9999,0.775162,0.140032,479.34,334.12,0.9759,0.748970,0.696080
1786702174.638192,96.741369,2921,29.85,496.05,67.19,0.9999,0.775086,0.139982,479.34,334.11,0.9760,0.748973,0.696064
1786702174.666995,96.770172,2922,29.85,495.96,67.26,0.9999,0.774935,0.140129,479.30,334.15,0.9756,0.748902,0.696152
1786702174.696129,96.799306,2923,29.85,495.50,67.28,0.9999,0.774224,0.140170,479.30,333.96,0.9752,0.748900,0.695741
1786702174.720353,96.823530,2924,29.85,495.50,67.28,0.9999,0.774226,0.140170,479.32,334.00,0.9755,0.748937,0.695840
1786702174.758452,96.861629,2925,29.85,495.61,67.18,0.9999,0.774397,0.139951,479.49,334.00,0.9758,0.749197,0.695842
1786702174.819080,96.922256,2926,29.85,495.39,67.25,0.9999,0.774042,0.140095,479.10,334.01,0.9757,0.748587,0.695861
1786702174.821716,96.924893,2927,29.85,495.39,67.17,0.9999,0.774040,0.139929,479.07,334.01,0.9756,0.748549,0.695859
1786702174.853205,96.956382,2928,29.85,495.36,67.18,0.9999,0.774003,0.139965,479.04,334.00,0.9755,0.748506,0.695837
1786702174.884584,96.987761,2929,29.85,495.32,67.17,0.9999,0.773938,0.139947,479.10,333.88,0.9758,0.748587,0.695575
1786702174.936166,97.039343,2930,29.71,495.28,67.06,0.9999,0.773871,0.139712,479.14,333.80,0.9761,0.748653,0.695417
1786702174.964365,97.067541,2931,29.71,495.17,66.97,1.0000,0.773696,0.139514,479.14,333.63,0.9764,0.748651,0.695062
1786702174.995658,97.098835,2932,29.71,495.06,67.01,1.0000,0.773536,0.139600,479.10,333.40,0.9771,0.748601,0.694587
1786702175.023197,97.126374,2933,29.71,495.06,67.03,1.0000,0.773528,0.139640,479.07,333.19,0.9773,0.748545,0.694137
1786702175.075445,97.178621,2934,29.71,494.63,67.02,1.0000,0.772867,0.139629,478.95,333.45,0.9774,0.748363,0.694696
1786702175.106837,97.210013,2935,29.71,494.42,67.02,1.0000,0.772532,0.139631,478.94,333.44,0.9774,0.748341,0.694658
1786702175.129739,97.232916,2936,29.71,494.41,67.02,1.0000,0.772514,0.139628,478.85,333.80,0.9770,0.748203,0.695414
1786702175.170636,97.273813,2937,29.71,494.41,67.02,1.0000,0.772510,0.139632,478.95,333.85,0.9769,0.748352,0.695525
1786702175.201263,97.304440,2938,29.71,494.36,67.00,1.0000,0.772441,0.139582,479.04,333.86,0.9767,0.748493,0.695546
1786702175.233464,97.336640,2939,29.71,494.30,67.00,1.0000,0.772349,0.139581,479.04,333.86,0.9766,0.748498,0.695541
1786702175.264783,97.367960,2940,29.71,494.27,67.18,1.0000,0.772295,0.139965,479.16,333.85,0.9764,0.748685,0.695511
1786702175.295761,97.398938,2941,29.71,494.25,67.19,1.0000,0.772261,0.139969,479.02,333.85,0.9762,0.748465,0.695524
1786702175.327733,97.430910,2942,29.71,494.10,67.08,1.0000,0.772026,0.139760,479.36,333.92,0.9761,0.748999,0.695666
1786702175.360211,97.463387,2943,29.71,494.07,67.29,1.0000,0.771982,0.140185,479.19,333.88,0.9759,0.748737,0.695586
1786702175.407247,97.510424,2944,29.71,494.01,67.33,1.0000,0.771890,0.140272,479.48,333.82,0.9761,0.749193,0.695466
1786702175.423285,97.526462,2945,29.71,494.02,67.35,1.0000,0.771914,0.140311,479.61,333.70,0.9756,0.749398,0.695212
1786702175.457219,97.560395,2946,29.94,493.77,67.37,1.0000,0.771519,0.140348,479.50,333.67,0.9759,0.749224,0.695138
1786702175.486295,97.589472,2947,29.94,493.76,67.39,1.0000,0.771502,0.140406,479.47,333.53,0.9760,0.749172,0.694856
1786702175.550752,97.653929,2948,29.94,493.40,67.49,1.0000,0.770941,0.140597,479.00,333.31,0.9761,0.748435,0.694388
1786702175.582254,97.685431,2949,29.94,493.38,67.49,1.0000,0.770912,0.140598,479.06,333.60,0.9760,0.748539,0.694998
1786702175.592278,97.695454,2950,29.94,493.37,67.33,1.0000,0.770889,0.140271,479.05,333.59,0.9763,0.748514,0.694982
1786702175.620268,97.723444,2951,29.94,493.12,67.20,1.0000,0.770507,0.139998,479.15,333.59,0.9764,0.748679,0.694972
1786702175.677557,97.780733,2952,29.94,493.14,67.41,1.0000,0.770523,0.140441,479.25,334.28,0.9754,0.748833,0.696416
1786702175.709396,97.812573,2953,29.94,493.10,67.41,1.0000,0.770469,0.140430,479.26,334.44,0.9759,0.748838,0.696751
1786702175.741462,97.844638,2954,29.94,492.95,67.37,1.0000,0.770230,0.140358,479.36,334.36,0.9761,0.749006,0.696573
1786702175.757160,97.860337,2955,29.94,492.89,67.46,1.0000,0.770147,0.140550,479.41,334.31,0.9761,0.749080,0.696482
1786702175.794403,97.897579,2956,29.94,492.84,67.46,1.0000,0.770070,0.140535,479.50,334.29,0.9764,0.749214,0.696438
1786702175.835973,97.939149,2957,29.94,492.73,67.44,1.0000,0.769898,0.140503,479.49,334.31,0.9767,0.749203,0.696475
1786702175.855722,97.958899,2958,29.94,492.73,67.37,1.0000,0.769883,0.140350,479.49,334.31,0.9771,0.749202,0.696480
1786702175.899824,98.003001,2959,29.94,492.86,67.35,1.0000,0.770097,0.140318,479.45,334.36,0.9773,0.749143,0.696581
1786702175.924041,98.027218,2960,29.94,492.79,67.61,1.0000,0.769991,0.140845,479.40,334.51,0.9777,0.749056,0.696891
1786702175.965916,98.069093,2961,29.84,492.81,67.61,1.0000,0.770018,0.140862,479.43,334.29,0.9777,0.749113,0.696443
1786702175.995790,98.098967,2962,29.84,492.57,67.47,1.0000,0.769647,0.140557,479.53,334.35,0.9778,0.749259,0.696561
1786702176.022614,98.125791,2963,29.84,492.46,67.47,1.0000,0.769462,0.140560,479.49,334.82,0.9773,0.749204,0.697532
1786702176.054291,98.157468,2964,29.84,492.63,67.73,1.0000,0.769730,0.141096,479.50,334.79,0.9773,0.749216,0.697471
1786702176.101477,98.204654,2965,29.84,492.48,67.47,1.0000,0.769495,0.140567,479.54,334.10,0.9777,0.749289,0.696049
1786702176.117181,98.220357,2966,29.84,492.41,67.35,1.0000,0.769388,0.140313,479.55,334.19,0.9778,0.749292,0.696226
1786702176.164636,98.267813,2967,29.84,492.27,67.29,1.0000,0.769168,0.140194,479.39,334.15,0.9780,0.749051,0.696146
1786702176.188975,98.292152,2968,29.84,492.14,67.26,1.0000,0.768966,0.140134,479.43,334.12,0.9781,0.749110,0.696088
1786702176.219993,98.323170,2969,29.84,492.11,67.29,1.0000,0.768925,0.140183,479.43,334.10,0.9784,0.749116,0.696046
1786702176.275245,98.378421,2970,29.84,492.11,67.12,1.0000,0.768921,0.139830,479.45,333.98,0.9782,0.749144,0.695789
1786702176.307206,98.410383,2971,29.84,492.12,67.09,1.0000,0.768941,0.139761,479.45,334.26,0.9781,0.749139,0.696380
1786702176.323123,98.426299,2972,29.84,492.11,67.12,1.0000,0.768916,0.139831,479.50,334.66,0.9780,0.749215,0.697215
1786702176.370737,98.473914,2973,29.84,492.08,67.12,1.0000,0.768882,0.139833,479.65,334.65,0.9784,0.749448,0.697184
1786702176.386400,98.489576,2974,29.84,492.19,67.11,1.0000,0.769051,0.139815,479.61,334.50,0.9786,0.749396,0.696866
1786702176.418241,98.521418,2975,29.84,492.19,67.10,1.0000,0.769045,0.139789,479.62,334.66,0.9789,0.749413,0.697215
1786702176.466011,98.569188,2976,29.84,492.34,67.18,1.0000,0.769283,0.139967,479.53,334.98,0.9787,0.749270,0.697867
1786702176.497585,98.600762,2977,29.91,492.32,67.13,1.0000,0.769248,0.139850,479.53,334.99,0.9783,0.749259,0.697890
1786702176.513597,98.616774,2978,29.91,492.28,67.13,1.0000,0.769193,0.139848,479.52,335.09,0.9775,0.749252,0.698104
1786702176.576982,98.680159,2979,29.91,492.28,67.11,1.0000,0.769185,0.139806,479.55,334.60,0.9776,0.749292,0.697088
1786702176.592861,98.696038,2980,29.91,492.24,67.06,1.0000,0.769121,0.139700,479.54,334.59,0.9776,0.749287,0.697071
1786702176.625120,98.728297,2981,29.91,492.18,67.06,1.0000,0.769035,0.139705,479.51,334.66,0.9775,0.749229,0.697205
1786702176.659389,98.762566,2982,29.91,492.19,67.15,1.0000,0.769046,0.139904,479.46,334.37,0.9768,0.749163,0.696599
1786702176.672103,98.775280,2983,29.91,492.19,67.15,1.0000,0.769047,0.139897,479.41,334.31,0.9767,0.749079,0.696487
1786702176.725628,98.828805,2984,29.91,492.18,67.16,1.0000,0.769033,0.139907,479.33,334.30,0.9763,0.748954,0.696458
1786702176.768522,98.871699,2985,29.91,492.04,67.15,1.0000,0.768806,0.139897,479.35,334.24,0.9767,0.748983,0.696330
1786702176.823511,98.926687,2986,29.91,491.93,67.06,1.0000,0.768643,0.139714,479.27,334.18,0.9755,0.748856,0.696201
1786702176.848106,98.951283,2987,29.91,491.77,67.20,1.0000,0.768390,0.140007,479.27,333.94,0.9753,0.748855,0.695710
1786702176.857121,98.960298,2988,29.91,491.77,67.19,1.0000,0.768389,0.139988,479.29,333.88,0.9751,0.748897,0.695584
1786702176.897496,99.000672,2989,29.91,491.65,67.16,1.0000,0.768207,0.139914,479.30,333.92,0.9751,0.748908,0.695661
1786702176.927455,99.030632,2990,29.91,491.67,67.14,1.0000,0.768240,0.139866,479.28,333.86,0.9755,0.748868,0.695552
1786702176.974631,99.077808,2991,29.91,491.26,66.99,1.0000,0.767599,0.139557,479.21,334.37,0.9755,0.748767,0.696604
1786702177.006647,99.109824,2992,29.80,491.19,66.98,1.0000,0.767488,0.139541,479.25,334.36,0.9757,0.748829,0.696579
1786702177.038594,99.141771,2993,29.80,491.25,66.94,1.0000,0.767577,0.139466,479.24,334.37,0.9755,0.748815,0.696611
1786702177.054067,99.157243,2994,29.80,491.28,67.10,1.0000,0.767626,0.139786,479.27,334.38,0.9756,0.748863,0.696633
1786702177.093322,99.196498,2995,29.80,491.28,67.13,1.0000,0.767630,0.139861,478.87,334.32,0.9757,0.748231,0.696499
1786702177.133704,99.236881,2996,29.80,491.24,67.13,1.0000,0.767556,0.139862,478.70,334.41,0.9761,0.747969,0.696681
1786702177.151787,99.254964,2997,29.80,491.03,67.11,1.0000,0.767241,0.139809,478.73,334.49,0.9763,0.748021,0.696852
1786702177.197306,99.300483,2998,29.80,490.97,67.16,1.0000,0.767134,0.139913,478.94,334.51,0.9758,0.748339,0.696899
1786702177.229057,99.332233,2999,29.80,490.91,67.17,1.0000,0.767049,0.139933,479.25,334.51,0.9757,0.748834,0.696903
1786702177.260671,99.363848,3000,29.80,490.90,67.09,1.0000,0.767036,0.139771,479.26,334.59,0.9753,0.748850,0.697066
1786702177.308044,99.411221,3001,29.80,490.90,66.88,1.0000,0.767038,0.139340,479.31,334.45,0.9757,0.748915,0.696778
1786702177.339910,99.443086,3002,29.80,490.78,66.71,1.0000,0.766849,0.138981,479.24,334.42,0.9759,0.748818,0.696706
1786702177.355638,99.458815,3003,29.80,490.69,66.72,1.0000,0.766701,0.139005,479.24,334.26,0.9763,0.748817,0.696369
1786702177.403025,99.506202,3004,29.80,490.60,66.73,1.0000,0.766562,0.139023,479.26,334.29,0.9761,0.748849,0.696437
1786702177.434773,99.537950,3005,29.80,490.62,66.75,1.0000,0.766592,0.139056,479.25,334.26,0.9762,0.748829,0.696370
1786702177.466608,99.569784,3006,29.80,490.62,66.75,1.0000,0.766593,0.139067,479.32,334.30,0.9761,0.748933,0.696465
1786702177.482393,99.585569,3007,29.80,490.58,66.88,1.0000,0.766533,0.139324,479.36,334.38,0.9756,0.749003,0.696632
1786702177.514190,99.617367,3008,30.18,490.58,66.87,1.0000,0.766534,0.139320,479.38,334.45,0.9745,0.749034,0.696780
1786702177.550867,99.654043,3009,30.18,490.54,66.88,1.0000,0.766473,0.139343,479.31,334.44,0.9743,0.748923,0.696741
1786702177.610382,99.713559,3010,30.18,490.53,67.07,1.0000,0.766461,0.139735,479.25,334.25,0.9747,0.748826,0.696360
1786702177.625365,99.728542,3011,30.18,490.53,66.74,1.0000,0.766452,0.139041,479.27,334.17,0.9750,0.748860,0.696186
1786702177.657118,99.760295,3012,30.18,490.39,66.80,1.0000,0.766236,0.139174,479.21,334.23,0.9747,0.748771,0.696317
1786702177.688967,99.792143,3013,30.18,490.45,66.62,1.0000,0.766333,0.138787,479.19,334.27,0.9750,0.748739,0.696387
1786702177.721852,99.825028,3014,30.18,490.45,66.44,1.0000,0.766325,0.138413,479.20,334.19,0.9750,0.748749,0.696225
1786702177.768051,99.871228,3015,30.18,490.51,66.45,1.0000,0.766423,0.138434,479.17,334.19,0.9750,0.748709,0.696220
1786702177.800235,99.903412,3016,30.18,490.42,66.45,1.0000,0.766275,0.138440,479.18,334.16,0.9754,0.748715,0.696157
1786702177.815867,99.919044,3017,30.18,490.40,66.44,1.0000,0.766253,0.138415,479.26,334.07,0.9753,0.748850,0.695980
1786702177.864327,99.967504,3018,30.18,490.45,66.43,1.0000,0.766332,0.138394,479.19,334.04,0.9753,0.748728,0.695915
1786702177.888732,99.991909,3019,30.18,490.03,66.43,1.0000,0.765665,0.138396,479.23,334.00,0.9754,0.748794,0.695824
1786702177.932018,100.035195,3020,30.18,490.11,66.51,1.0000,0.765803,0.138560,479.22,334.21,0.9753,0.748774,0.696262
1786702177.968221,100.071398,3021,30.18,489.93,66.50,1.0000,0.765516,0.138551,479.23,334.28,0.9751,0.748793,0.696418
1786702177.989230,100.092407,3022,30.18,490.16,66.51,1.0000,0.765873,0.138570,479.22,334.30,0.9752,0.748785,0.696469
1786702178.023278,100.126455,3023,29.98,490.05,66.53,1.0000,0.765708,0.138614,479.15,334.24,0.9755,0.748678,0.696338
1786702178.067733,100.170910,3024,29.98,489.99,67.07,1.0000,0.765610,0.139732,479.15,334.25,0.9755,0.748667,0.696354
1786702178.105979,100.209156,3025,29.98,489.99,67.16,1.0000,0.765606,0.139927,479.43,334.22,0.9752,0.749106,0.696287
1786702178.119583,100.222759,3026,29.98,489.86,67.24,1.0000,0.765409,0.140076,479.42,334.44,0.9747,0.749101,0.696755
1786702178.154949,100.258126,3027,29.98,489.79,67.31,1.0000,0.765294,0.140236,479.43,334.44,0.9748,0.749110,0.696754
1786702178.188959,100.292135,3028,29.98,489.79,67.34,1.0000,0.765294,0.140284,479.46,334.66,0.9745,0.749149,0.697206
1786702178.232069,100.335245,3029,29.98,489.78,67.33,1.0000,0.765282,0.140273,479.43,334.91,0.9746,0.749108,0.697726
1786702178.254293,100.357469,3030,29.98,489.79,67.28,1.0000,0.765303,0.140157,479.41,334.78,0.9749,0.749080,0.697461
1786702178.287447,100.390623,3031,29.98,489.75,67.06,1.0000,0.765231,0.139705,479.45,334.65,0.9752,0.749146,0.697184
1786702178.320873,100.424050,3032,29.98,489.67,67.08,1.0000,0.765110,0.139754,479.45,334.98,0.9752,0.749137,0.697872
1786702178.363784,100.466960,3033,29.98,489.63,67.48,1.0000,0.765046,0.140575,479.22,335.07,0.9754,0.748776,0.698061
1786702178.385413,100.488590,3034,29.98,489.33,67.62,1.0000,0.764572,0.140880,479.24,335.09,0.9757,0.748807,0.698101
1786702178.434264,100.537441,3035,29.98,489.30,67.15,1.0000,0.764534,0.139886,479.25,334.83,0.9762,0.748832,0.697560
1786702178.464000,100.567177,3036,29.98,489.40,67.15,1.0000,0.764686,0.139890,479.25,334.84,0.9763,0.748823,0.697574
1786702178.487983,100.591159,3037,29.98,489.37,67.15,1.0000,0.764647,0.139899,479.24,334.80,0.9766,0.748819,0.697498
1786702178.523350,100.626526,3038,29.98,489.63,67.01,1.0000,0.765053,0.139596,479.31,334.74,0.9763,0.748927,0.697377
1786702178.572855,100.676032,3039,29.82,489.54,66.96,1.0000,0.764908,0.139494,479.32,334.81,0.9767,0.748931,0.697520
1786702178.588243,100.691420,3040,29.82,489.79,66.87,1.0000,0.765298,0.139306,479.23,334.74,0.9771,0.748790,0.697365
1786702178.620820,100.723996,3041,29.82,489.79,66.90,1.0000,0.765298,0.139371,479.21,334.68,0.9773,0.748763,0.697240
1786702178.657740,100.760917,3042,29.82,489.36,66.83,1.0000,0.764618,0.139222,479.19,334.71,0.9773,0.748733,0.697316
1786702178.689006,100.792183,3043,29.82,489.33,66.83,1.0000,0.764579,0.139227,479.19,334.49,0.9774,0.748728,0.696862
1786702178.734657,100.837834,3044,29.82,489.35,66.95,1.0000,0.764609,0.139488,478.92,334.66,0.9768,0.748309,0.697204
1786702178.764614,100.867790,3045,29.82,489.14,67.14,1.0000,0.764278,0.139873,478.84,334.41,0.9767,0.748188,0.696693
1786702178.779350,100.882527,3046,29.82,489.16,67.13,1.0000,0.764314,0.139850,478.84,334.38,0.9771,0.748187,0.696615
1786702178.832711,100.935887,3047,29.82,489.00,67.14,1.0000,0.764060,0.139871,478.90,334.34,0.9773,0.748284,0.696535
1786702178.863547,100.966723,3048,29.82,488.75,67.17,1.0000,0.763664,0.139941,478.88,334.35,0.9772,0.748246,0.696571
1786702178.890305,100.993482,3049,29.82,488.25,67.50,1.0000,0.762893,0.140631,478.92,334.35,0.9775,0.748309,0.696556
1786702178.936439,101.039616,3050,29.82,488.24,67.48,1.0000,0.762881,0.140574,478.93,334.47,0.9780,0.748329,0.696820
1786702178.970350,101.073526,3051,29.82,488.22,67.40,1.0000,0.762838,0.140414,478.95,334.49,0.9781,0.748353,0.696847
1786702178.990530,101.093706,3052,29.82,488.14,67.40,1.0000,0.762726,0.140412,478.84,334.30,0.9783,0.748182,0.696462
1786702179.032906,101.136082,3053,29.82,487.98,67.39,1.0000,0.762465,0.140392,478.64,334.24,0.9783,0.747876,0.696333
1786702179.053417,101.156593,3054,29.82,487.98,67.38,1.0000,0.762467,0.140372,478.57,334.16,0.9782,0.747768,0.696174
1786702179.094754,101.197930,3055,30.00,487.98,67.32,1.0000,0.762466,0.140243,478.56,334.10,0.9780,0.747751,0.696049
1786702179.126174,101.229351,3056,30.00,487.90,67.30,1.0000,0.762348,0.140218,478.67,334.07,0.9782,0.747928,0.695970
1786702179.154208,101.257384,3057,30.00,487.81,67.36,1.0000,0.762202,0.140335,478.71,334.06,0.9785,0.747984,0.695962
1786702179.197338,101.300514,3058,30.00,487.83,67.37,1.0000,0.762233,0.140362,478.83,333.98,0.9786,0.748168,0.695795
1786702179.237966,101.341142,3059,30.00,487.81,67.29,1.0000,0.762209,0.140191,478.78,333.76,0.9786,0.748093,0.695332
1786702179.248094,101.351271,3060,30.00,487.85,67.29,1.0000,0.762261,0.140184,478.93,334.03,0.9789,0.748322,0.695906
1786702179.288754,101.391931,3061,30.00,487.84,67.35,1.0000,0.762257,0.140311,478.78,334.03,0.9781,0.748095,0.695901
1786702179.358609,101.461786,3063,30.00,487.98,67.33,1.0000,0.762466,0.140271,478.81,333.99,0.9785,0.748146,0.695817
1786702179.391937,101.495114,3064,30.00,487.84,67.44,1.0000,0.762256,0.140509,478.85,333.99,0.9784,0.748204,0.695820
1786702179.423672,101.526849,3065,30.00,487.80,67.44,1.0000,0.762191,0.140495,478.86,334.00,0.9787,0.748218,0.695840
1786702179.519152,101.622329,3068,30.00,487.68,67.44,1.0000,0.762002,0.140497,478.79,334.32,0.9786,0.748110,0.696508
1786702179.566972,101.670149,3070,28.21,487.90,67.27,1.0000,0.762350,0.140151,478.71,334.30,0.9787,0.747986,0.696449
1786702179.630753,101.733930,3071,28.21,487.83,67.21,1.0000,0.762230,0.140021,478.71,334.29,0.9787,0.747978,0.696432
1786702179.703939,101.807115,3073,28.21,488.15,67.08,1.0000,0.762731,0.139749,478.87,334.25,0.9785,0.748242,0.696361
1786702179.735764,101.838941,3074,28.21,488.15,67.07,1.0000,0.762727,0.139736,478.87,334.39,0.9787,0.748242,0.696650
1786702179.799258,101.902435,3076,28.21,488.14,66.99,1.0000,0.762714,0.139553,478.89,334.03,0.9791,0.748270,0.695887
1786702179.815194,101.918371,3077,28.21,488.09,67.18,1.0000,0.762647,0.139966,478.90,334.09,0.9795,0.748278,0.696014
1786702179.862600,101.965777,3078,28.21,488.10,67.23,1.0000,0.762650,0.140053,478.70,334.07,0.9795,0.747969,0.695979
1786702179.894793,101.997970,3079,28.21,488.04,67.22,1.0000,0.762558,0.140051,478.70,334.01,0.9793,0.747963,0.695862
1786702179.961287,102.064464,3081,28.21,487.91,67.22,1.0000,0.762359,0.140048,478.70,334.34,0.9797,0.747966,0.696534
1786702180.004869,102.108045,3082,28.21,487.93,67.22,1.0000,0.762390,0.140043,478.70,334.34,0.9799,0.747970,0.696541
1786702180.035724,102.138901,3083,28.21,487.91,67.22,1.0000,0.762357,0.140041,478.68,334.36,0.9800,0.747937,0.696585
1786702180.089469,102.192645,3085,28.21,487.87,67.27,1.0000,0.762301,0.140155,478.68,334.21,0.9800,0.747933,0.696262
1786702180.131070,102.234246,3086,26.95,487.87,67.29,1.0000,0.762297,0.140188,478.77,334.20,0.9796,0.748079,0.696260
1786702180.178668,102.281844,3088,26.95,487.77,67.17,1.0000,0.762137,0.139945,478.54,334.27,0.9794,0.747713,0.696401
1786702180.223829,102.327006,3089,26.95,487.76,67.18,1.0000,0.762117,0.139948,478.38,334.18,0.9791,0.747472,0.696214
1786702180.254806,102.357982,3090,26.95,487.77,67.09,1.0000,0.762137,0.139777,478.43,334.11,0.9789,0.747546,0.696063
1786702180.317830,102.421007,3092,26.95,487.77,67.09,1.0000,0.762146,0.139772,478.43,333.55,0.9790,0.747552,0.694899
1786702180.365417,102.468594,3093,26.95,487.77,67.10,1.0000,0.762144,0.139793,478.36,333.85,0.9788,0.747431,0.695515
1786702180.393825,102.497001,3094,26.95,487.69,67.13,1.0000,0.762019,0.139859,478.38,333.84,0.9790,0.747475,0.695492
1786702180.461276,102.564452,3096,26.95,487.57,67.31,1.0000,0.761832,0.140227,478.15,333.50,0.9788,0.747107,0.694801
1786702180.524901,102.628078,3098,26.95,487.56,67.32,1.0000,0.761814,0.140249,478.13,333.45,0.9787,0.747083,0.694695
1786702180.556527,102.659704,3099,26.95,487.41,67.31,1.0000,0.761582,0.140238,478.36,333.60,0.9790,0.747433,0.695009
1786702180.605363,102.708539,3100,26.95,487.42,67.29,1.0000,0.761588,0.140198,478.31,333.68,0.9782,0.747367,0.695168
1786702180.636475,102.739651,3101,26.95,487.26,67.40,1.0000,0.761348,0.140426,478.25,333.82,0.9781,0.747266,0.695468
1786702180.683959,102.787136,3102,26.03,487.27,67.40,1.0000,0.761356,0.140420,478.33,333.55,0.9781,0.747395,0.694889
1786702180.715364,102.818540,3104,26.03,487.26,67.40,1.0000,0.761341,0.140424,478.30,333.63,0.9778,0.747336,0.695063
1786702180.744573,102.847749,3105,26.03,487.32,67.38,1.0000,0.761433,0.140382,478.42,333.71,0.9779,0.747528,0.695226
1786702180.823508,102.926685,3107,26.03,487.30,67.40,1.0000,0.761414,0.140410,478.16,333.54,0.9782,0.747125,0.694870
1786702180.871049,102.974226,3108,26.03,487.20,67.39,1.0000,0.761247,0.140402,478.39,333.14,0.9783,0.747479,0.694047
1786702180.886906,102.990083,3109,26.03,487.27,67.38,1.0000,0.761361,0.140384,478.42,333.84,0.9784,0.747538,0.695508
1786702180.950684,103.053861,3110,26.03,487.30,67.30,1.0000,0.761410,0.140215,478.42,334.05,0.9782,0.747535,0.695941
1786702180.982702,103.085879,3112,26.03,487.44,67.18,1.0000,0.761632,0.139952,478.47,334.20,0.9785,0.747611,0.696257
1786702181.036004,103.139181,3113,26.03,487.56,67.17,1.0000,0.761816,0.139939,478.43,334.12,0.9786,0.747547,0.696092
1786702181.078625,103.181802,3114,26.03,487.65,67.17,1.0000,0.761947,0.139946,478.28,334.12,0.9782,0.747311,0.696084
1786702181.091548,103.194725,3115,26.03,487.66,67.16,1.0000,0.761963,0.139925,478.30,333.97,0.9781,0.747351,0.695772
1786702181.125064,103.228240,3116,26.03,487.58,67.02,1.0000,0.761840,0.139627,478.23,333.81,0.9783,0.747233,0.695444
1786702181.172505,103.275681,3117,25.58,487.55,67.05,1.0000,0.761802,0.139683,478.16,333.81,0.9783,0.747118,0.695444
1786702181.220347,103.323523,3119,25.58,487.41,67.06,1.0000,0.761573,0.139702,478.16,333.68,0.9781,0.747129,0.695157
1786702181.248749,103.351926,3120,25.58,487.41,67.04,1.0000,0.761573,0.139674,478.30,333.68,0.9784,0.747343,0.695173
1786702181.297384,103.400561,3121,25.58,487.41,67.00,1.0000,0.761583,0.139575,478.22,333.71,0.9776,0.747226,0.695223
1786702181.310458,103.413635,3122,25.58,487.50,67.00,1.0000,0.761722,0.139574,478.18,333.70,0.9780,0.747150,0.695205
1786702181.352782,103.455959,3123,25.58,487.55,67.01,1.0000,0.761792,0.139596,478.20,333.44,0.9778,0.747190,0.694656
1786702181.406295,103.509471,3124,25.58,487.61,67.00,1.0000,0.761890,0.139576,478.25,333.04,0.9779,0.747262,0.693839
1786702181.437529,103.540705,3125,25.58,487.61,67.08,1.0000,0.761890,0.139754,478.26,333.18,0.9780,0.747274,0.694131
1786702181.453254,103.556431,3126,25.58,487.61,67.18,1.0000,0.761896,0.139962,478.18,333.54,0.9774,0.747159,0.694877
1786702181.532907,103.636083,3128,25.58,487.62,67.17,1.0000,0.761908,0.139929,478.18,333.56,0.9771,0.747153,0.694926
1786702181.564873,103.668049,3129,25.58,487.75,67.23,1.0000,0.762105,0.140058,478.17,333.40,0.9774,0.747133,0.694585
1786702181.628393,103.731570,3131,25.58,487.72,67.13,1.0000,0.762066,0.139845,478.18,333.43,0.9773,0.747158,0.694650
1786702181.660280,103.763457,3132,25.22,487.53,67.24,1.0000,0.761761,0.140089,478.15,333.53,0.9763,0.747110,0.694858
1786702181.724409,103.827585,3134,25.22,486.80,67.23,1.0000,0.760623,0.140068,477.85,333.44,0.9750,0.746634,0.694664
1786702181.771966,103.875143,3135,25.22,486.98,67.18,1.0000,0.760913,0.139958,477.82,333.39,0.9754,0.746596,0.694561
1786702181.787807,103.890983,3136,25.22,486.74,67.15,1.0000,0.760527,0.139900,477.83,333.39,0.9749,0.746617,0.694563
1786702181.845223,103.948400,3137,25.22,485.86,67.29,1.0000,0.759159,0.140193,477.76,333.48,0.9742,0.746497,0.694757
1786702181.908736,104.011913,3139,25.22,485.83,66.78,1.0000,0.759104,0.139135,477.57,333.59,0.9741,0.746198,0.694979
1786702181.957458,104.060635,3140,25.22,485.81,66.75,1.0000,0.759086,0.139055,477.58,333.45,0.9740,0.746224,0.694697
1786702181.980809,104.083985,3142,25.22,485.74,66.53,1.0000,0.758973,0.138605,477.65,333.90,0.9738,0.746323,0.695633
1786702182.012335,104.115511,3143,25.22,485.14,66.29,1.0000,0.758037,0.138109,477.97,333.92,0.9740,0.746829,0.695657
1786702182.060148,104.163324,3144,25.22,484.93,66.18,1.0000,0.757708,0.137872,477.98,333.86,0.9741,0.746837,0.695549
1786702182.092268,104.195444,3145,25.22,484.81,66.08,1.0000,0.757510,0.137677,478.00,333.93,0.9747,0.746869,0.695678
1786702182.171630,104.274807,3147,25.22,484.82,66.08,1.0000,0.757524,0.137661,478.04,333.93,0.9750,0.746930,0.695691
1786702182.203677,104.306854,3148,24.60,484.82,66.22,1.0000,0.757535,0.137964,477.66,333.77,0.9751,0.746344,0.695344
1786702182.267828,104.371004,3150,24.60,484.50,66.23,1.0000,0.757038,0.137973,477.47,333.76,0.9755,0.746051,0.695343
1786702182.283943,104.387120,3151,24.60,484.51,66.16,1.0000,0.757041,0.137842,477.56,333.80,0.9759,0.746189,0.695418
1786702182.332413,104.435590,3152,24.60,484.51,66.14,1.0000,0.757050,0.137783,477.58,333.80,0.9763,0.746221,0.695411
1786702182.357635,104.460812,3153,24.60,484.61,66.14,1.0000,0.757210,0.137782,477.58,334.02,0.9765,0.746226,0.695878
1786702182.389145,104.492321,3154,24.60,484.67,66.11,1.0000,0.757293,0.137719,477.63,334.17,0.9765,0.746305,0.696192
1786702182.466148,104.569324,3156,24.60,484.41,65.99,1.0000,0.756897,0.137488,477.70,334.16,0.9766,0.746407,0.696171
1786702182.501053,104.604230,3157,24.60,484.42,65.90,1.0000,0.756903,0.137284,477.76,334.19,0.9767,0.746496,0.696221
1786702182.531701,104.634877,3158,24.60,484.41,65.95,1.0000,0.756886,0.137394,477.88,334.16,0.9770,0.746681,0.696158
1786702182.563084,104.666261,3159,24.60,484.50,65.91,1.0000,0.757026,0.137309,477.94,334.09,0.9770,0.746785,0.696020
1786702182.610666,104.713843,3160,24.60,484.72,65.77,1.0000,0.757371,0.137019,477.92,333.87,0.9771,0.746744,0.695569
1786702182.626459,104.729635,3161,24.60,484.72,65.76,1.0000,0.757374,0.137000,477.85,333.89,0.9767,0.746646,0.695594
