host_epoch,t_rel,frame_number,fps,head_x,head_y,head_confidence,head_x_norm,head_y_norm,feet_x,feet_y,feet_confidence,feet_x_norm,feet_y_norm
1786702240.474019,-0.002153,21,0.00,491.04,87.26,1.0000,0.767248,0.181786,471.83,335.26,0.9906,0.737234,0.698459
1786702240.516027,0.039855,23,0.00,487.97,87.70,1.0000,0.762447,0.182714,471.80,334.87,0.9905,0.737188,0.697650
1786702240.575547,0.099375,24,0.00,485.41,88.02,1.0000,0.758449,0.183374,471.74,334.85,0.9905,0.737100,0.697594
1786702240.678469,0.202297,27,0.00,477.20,87.36,1.0000,0.745617,0.182000,471.37,334.84,0.9906,0.736511,0.697586
1786702240.693360,0.217188,28,0.00,474.15,87.36,0.9999,0.740864,0.182004,470.97,334.86,0.9907,0.735887,0.697627
1786702240.779792,0.303620,29,0.00,472.23,86.36,0.9999,0.737854,0.179924,470.37,334.59,0.9907,0.734954,0.697062
1786702240.794132,0.317960,31,0.00,470.90,86.13,0.9999,0.735783,0.179428,468.81,334.54,0.9907,0.732508,0.696952
1786702240.881683,0.405511,32,0.00,468.16,86.12,0.9999,0.731501,0.179408,467.09,334.74,0.9905,0.729823,0.697372
1786702240.892423,0.416251,33,0.00,467.87,86.09,0.9999,0.731049,0.179344,466.05,334.73,0.9901,0.728210,0.697349
1786702240.984101,0.507929,34,19.46,466.99,85.54,0.9999,0.729668,0.178217,465.23,334.51,0.9897,0.726928,0.696886
1786702240.998952,0.522780,37,19.46,465.41,84.97,0.9999,0.727200,0.177024,463.11,334.51,0.9889,0.723613,0.696901
1786702241.087134,0.610962,39,19.46,465.41,84.66,0.9999,0.727207,0.176378,461.24,336.08,0.9874,0.720683,0.700174
1786702241.102822,0.626650,40,19.46,465.10,83.67,0.9999,0.726713,0.174309,461.05,336.29,0.9861,0.720384,0.700614
1786702241.129492,0.653320,41,19.46,465.30,82.04,0.9999,0.727028,0.170926,461.12,336.35,0.9852,0.720493,0.700727
1786702241.158151,0.681979,42,19.46,465.08,79.87,0.9999,0.726683,0.166398,461.49,335.95,0.9844,0.721079,0.699900
1786702241.192916,0.716744,43,19.46,465.31,78.59,0.9999,0.727044,0.163736,461.46,335.14,0.9836,0.721038,0.698207
1786702241.224213,0.748041,44,19.46,465.46,76.73,0.9999,0.727274,0.159857,461.47,334.84,0.9833,0.721051,0.697584
1786702241.257674,0.781502,45,19.46,466.20,74.14,0.9999,0.728430,0.154464,461.56,334.76,0.9830,0.721189,0.697427
1786702241.292154,0.815982,46,19.46,467.14,72.57,0.9999,0.729905,0.151183,461.58,334.71,0.9829,0.721222,0.697312
1786702241.336923,0.860751,47,19.46,468.08,71.33,0.9999,0.731378,0.148596,461.64,334.72,0.9825,0.721316,0.697335
1786702241.363856,0.887684,48,19.46,468.30,71.16,0.9999,0.731724,0.148241,461.67,334.43,0.9821,0.721358,0.696731
1786702241.379525,0.903353,49,19.46,468.70,70.72,1.0000,0.732349,0.147324,461.72,334.39,0.9819,0.721432,0.696643
1786702241.424437,0.948265,50,19.46,468.98,70.70,1.0000,0.732784,0.147297,461.71,334.43,0.9813,0.721417,0.696739
1786702241.451234,0.975062,51,19.46,469.34,70.15,1.0000,0.733345,0.146138,461.74,334.24,0.9811,0.721462,0.696327
1786702241.499088,1.022916,52,21.43,469.55,70.09,1.0000,0.733676,0.146028,461.76,334.42,0.9812,0.721498,0.696708
1786702241.525298,1.049126,53,21.43,469.86,69.08,1.0000,0.734153,0.143912,461.81,334.55,0.9814,0.721576,0.696978
1786702241.538836,1.062664,54,21.43,470.29,68.54,1.0000,0.734835,0.142799,461.75,334.54,0.9811,0.721487,0.696949
1786702241.597556,1.121384,55,21.43,470.30,68.07,1.0000,0.734839,0.141815,461.92,335.56,0.9810,0.721754,0.699089
1786702241.631499,1.155327,56,21.43,471.17,68.19,1.0000,0.736206,0.142056,461.88,335.57,0.9805,0.721687,0.699100
1786702241.660787,1.184615,57,21.43,471.39,67.96,1.0000,0.736553,0.141587,461.91,335.47,0.9804,0.721742,0.698886
1786702241.692493,1.216321,58,21.43,471.41,67.76,1.0000,0.736579,0.141174,462.00,335.48,0.9808,0.721868,0.698921
1786702241.730504,1.254332,59,21.43,471.94,67.80,1.0000,0.737405,0.141247,462.00,335.49,0.9805,0.721870,0.698938
1786702241.745722,1.269550,60,21.43,472.22,67.60,1.0000,0.737838,0.140827,462.05,335.28,0.9806,0.721948,0.698503
1786702241.800256,1.324084,61,21.43,472.93,67.42,1.0000,0.738957,0.140465,462.02,335.47,0.9807,0.721902,0.698895
1786702241.825723,1.349551,62,21.43,473.25,67.46,1.0000,0.739455,0.140546,462.29,335.76,0.9809,0.722322,0.699507
1786702241.853197,1.377025,63,21.43,473.85,67.27,1.0000,0.740386,0.140146,462.28,335.86,0.9809,0.722320,0.699714
1786702241.892759,1.416587,64,21.43,474.26,66.76,1.0000,0.741039,0.139086,462.67,335.98,0.9812,0.722916,0.699956
1786702241.928413,1.452241,65,21.43,475.37,66.62,1.0000,0.742762,0.138797,462.70,335.47,0.9811,0.722965,0.698890
1786702241.954543,1.478371,66,21.43,475.30,66.65,1.0000,0.742655,0.138851,462.69,335.35,0.9802,0.722956,0.698636
1786702242.002709,1.526537,67,23.13,475.90,66.20,1.0000,0.743594,0.137910,462.76,335.54,0.9802,0.723061,0.699048
1786702242.035149,1.558977,68,23.13,476.13,65.73,1.0000,0.743959,0.136934,462.78,335.57,0.9803,0.723090,0.699103
1786702242.057007,1.580835,69,23.13,476.09,65.73,1.0000,0.743885,0.136937,462.91,335.59,0.9800,0.723303,0.699143
1786702242.116800,1.640628,70,23.13,476.89,65.54,1.0000,0.745147,0.136548,463.25,335.33,0.9801,0.723831,0.698605
1786702242.126223,1.650051,71,23.13,477.82,65.22,1.0000,0.746591,0.135866,463.28,335.34,0.9798,0.723868,0.698631
1786702242.157438,1.681266,72,23.13,478.85,64.97,1.0000,0.748203,0.135346,463.28,335.31,0.9781,0.723875,0.698562
1786702242.192406,1.716234,73,23.13,479.09,64.93,1.0000,0.748579,0.135263,463.43,335.28,0.9776,0.724115,0.698490
1786702242.213682,1.737510,74,23.13,479.23,64.96,1.0000,0.748798,0.135343,463.90,334.54,0.9757,0.724848,0.696968
1786702242.266009,1.789837,75,23.13,479.74,65.11,1.0000,0.749592,0.135637,464.62,334.20,0.9723,0.725970,0.696245
1786702242.296257,1.820085,76,23.13,479.89,65.13,1.0000,0.749833,0.135685,465.19,334.00,0.9684,0.726853,0.695838
1786702242.322359,1.846187,77,23.13,480.18,65.14,1.0000,0.750277,0.135713,465.29,333.88,0.9668,0.727019,0.695593
1786702242.356685,1.880513,78,23.13,480.37,65.15,1.0000,0.750572,0.135731,465.74,334.12,0.9646,0.727718,0.696073
1786702242.403297,1.927125,79,23.13,480.47,65.17,1.0000,0.750742,0.135771,465.61,333.94,0.9605,0.727512,0.695705
1786702242.434388,1.958216,80,23.13,480.54,65.18,1.0000,0.750839,0.135784,465.52,333.97,0.9576,0.727382,0.695776
1786702242.466578,1.990406,81,23.13,480.86,65.19,1.0000,0.751338,0.135817,465.47,333.87,0.9563,0.727289,0.695566
1786702242.508961,2.032789,82,24.34,481.03,65.24,1.0000,0.751608,0.135926,465.45,334.38,0.9516,0.727267,0.696631
1786702242.518128,2.041956,83,24.34,481.01,65.36,0.9999,0.751585,0.136176,465.47,334.41,0.9508,0.727291,0.696685
1786702242.568077,2.091905,84,24.34,480.99,65.30,0.9999,0.751545,0.136040,465.28,334.51,0.9442,0.727002,0.696891
1786702242.589188,2.113016,85,24.34,480.98,65.02,0.9999,0.751537,0.135455,465.22,334.51,0.9403,0.726911,0.696898
1786702242.629310,2.153138,86,24.34,480.76,64.97,0.9999,0.751184,0.135363,465.26,334.78,0.9383,0.726966,0.697455
1786702242.658593,2.182421,87,24.34,480.48,64.94,1.0000,0.750753,0.135283,465.20,334.73,0.9354,0.726874,0.697359
1786702242.687274,2.211102,88,24.34,479.41,65.30,1.0000,0.749080,0.136034,464.96,334.67,0.9344,0.726506,0.697235
1786702242.726980,2.250808,89,24.34,478.16,65.42,1.0000,0.747123,0.136292,464.66,334.83,0.9355,0.726029,0.697570
1786702242.742888,2.266716,90,24.34,477.45,65.85,1.0000,0.746015,0.137182,464.74,334.84,0.9370,0.726163,0.697586
1786702242.788074,2.311902,91,24.34,477.32,65.90,1.0000,0.745815,0.137300,464.36,335.01,0.9375,0.725564,0.697942
1786702242.835608,2.359437,92,24.34,476.22,66.02,1.0000,0.744098,0.137546,464.53,335.35,0.9367,0.725834,0.698645
1786702242.862024,2.385852,93,24.34,475.35,66.34,1.0000,0.742731,0.138218,464.56,335.30,0.9391,0.725871,0.698541
1786702242.892144,2.415972,94,24.34,474.82,66.43,1.0000,0.741903,0.138401,464.71,335.28,0.9409,0.726117,0.698497
1786702242.926201,2.450029,95,24.34,474.95,66.38,1.0000,0.742104,0.138282,464.73,335.23,0.9423,0.726141,0.698400
1786702242.960604,2.484432,96,24.34,474.80,66.45,1.0000,0.741878,0.138448,464.66,335.30,0.9420,0.726024,0.698545
1786702242.990091,2.513919,97,24.34,475.09,66.28,1.0000,0.742325,0.138077,464.15,335.40,0.9391,0.725239,0.698755
1786702243.033237,2.557065,98,25.61,475.16,66.27,1.0000,0.742436,0.138054,463.89,335.41,0.9392,0.724821,0.698779
1786702243.049683,2.573511,99,25.61,474.98,66.25,1.0000,0.742159,0.138028,463.89,335.30,0.9408,0.724836,0.698541
1786702243.091102,2.614930,100,25.61,474.70,66.23,1.0000,0.741716,0.137978,464.05,335.31,0.9425,0.725075,0.698569
1786702243.112577,2.636405,101,25.61,474.08,66.29,1.0000,0.740756,0.138102,464.06,335.25,0.9420,0.725093,0.698445
1786702243.175665,2.699493,102,25.61,473.92,66.30,1.0000,0.740500,0.138121,463.81,335.23,0.9402,0.724708,0.698403
1786702243.192300,2.716128,103,25.61,473.00,66.54,1.0000,0.739067,0.138622,463.81,335.23,0.9414,0.724699,0.698403
1786702243.220816,2.744644,104,25.61,473.05,66.54,1.0000,0.739146,0.138623,463.73,335.29,0.9425,0.724578,0.698525
1786702243.268612,2.792440,105,25.61,472.83,66.68,1.0000,0.738791,0.138908,463.45,335.50,0.9418,0.724143,0.698968
1786702243.299957,2.823785,106,25.61,472.33,66.67,1.0000,0.738016,0.138896,463.20,335.62,0.9404,0.723757,0.699199
1786702243.346886,2.870714,107,25.61,471.73,66.69,1.0000,0.737079,0.138946,462.97,335.81,0.9396,0.723388,0.699606
1786702243.386370,2.910198,108,25.61,471.78,66.61,1.0000,0.737156,0.138765,462.80,335.84,0.9391,0.723132,0.699674
1786702243.410793,2.934621,109,25.61,471.82,66.67,1.0000,0.737221,0.138890,462.74,335.87,0.9370,0.723029,0.699729
1786702243.426031,2.949859,110,25.61,471.69,66.82,1.0000,0.737017,0.139204,462.66,335.40,0.9367,0.722912,0.698758
1786702243.475600,2.999428,111,25.61,471.21,67.06,1.0000,0.736263,0.139705,462.60,335.22,0.9373,0.722811,0.698374
1786702243.490636,3.014464,112,25.61,471.04,67.31,1.0000,0.735996,0.140219,462.53,335.26,0.9372,0.722699,0.698461
1786702243.538799,3.062627,113,26.43,471.07,67.29,1.0000,0.736049,0.140197,462.55,335.36,0.9381,0.722737,0.698662
1786702243.554408,3.078236,114,26.43,470.80,67.46,1.0000,0.735618,0.140539,462.76,335.28,0.9368,0.723064,0.698490
1786702243.586026,3.109854,115,26.43,471.17,67.38,1.0000,0.736198,0.140379,462.80,335.37,0.9366,0.723132,0.698693
1786702243.625694,3.149522,116,26.43,471.44,67.38,1.0000,0.736621,0.140371,462.80,335.67,0.9363,0.723133,0.699315
1786702243.654544,3.178372,117,26.43,471.61,67.39,1.0000,0.736896,0.140397,462.81,335.74,0.9359,0.723144,0.699467
1786702243.697737,3.221565,118,26.43,471.62,67.52,1.0000,0.736904,0.140670,462.73,335.69,0.9361,0.723010,0.699362
1786702243.712491,3.236319,119,26.43,471.64,67.58,1.0000,0.736945,0.140787,462.89,335.68,0.9368,0.723263,0.699339
1786702243.755198,3.279026,120,26.43,471.65,67.57,1.0000,0.736950,0.140776,463.12,335.52,0.9384,0.723633,0.698990
1786702243.791916,3.315744,121,26.43,471.70,67.47,1.0000,0.737029,0.140567,463.28,335.31,0.9393,0.723874,0.698556
1786702243.837265,3.361093,122,26.43,471.71,67.38,1.0000,0.737045,0.140377,463.14,335.13,0.9385,0.723659,0.698187
1786702243.874840,3.398668,123,26.43,471.72,67.37,1.0000,0.737059,0.140359,463.16,335.19,0.9414,0.723693,0.698314
1786702243.890463,3.414291,124,26.43,471.72,67.35,1.0000,0.737067,0.140306,462.93,335.42,0.9381,0.723321,0.698786
1786702243.936608,3.460436,125,26.43,471.42,67.41,1.0000,0.736591,0.140444,462.93,335.44,0.9331,0.723322,0.698836
1786702243.951753,3.475581,126,26.43,471.20,67.44,1.0000,0.736244,0.140502,462.80,335.52,0.9316,0.723118,0.699007
1786702243.986475,3.510303,127,26.43,471.14,67.45,1.0000,0.736162,0.140523,462.70,335.61,0.9308,0.722971,0.699179
1786702244.032954,3.556782,128,26.43,471.31,67.44,1.0000,0.736420,0.140499,462.82,335.14,0.9302,0.723155,0.698200
1786702244.048638,3.572466,129,27.39,471.14,67.42,1.0000,0.736162,0.140466,462.71,334.91,0.9292,0.722982,0.697728
1786702244.111477,3.635305,130,27.39,471.27,67.28,1.0000,0.736365,0.140158,462.71,334.61,0.9288,0.722980,0.697113
1786702244.113705,3.637533,131,27.39,471.41,67.22,1.0000,0.736581,0.140040,462.82,334.72,0.9306,0.723164,0.697344
1786702244.153070,3.676898,132,27.39,471.36,67.18,1.0000,0.736493,0.139963,463.03,334.81,0.9326,0.723487,0.697527
1786702244.192716,3.716544,133,27.39,471.34,67.09,1.0000,0.736467,0.139767,462.85,334.95,0.9344,0.723207,0.697806
1786702244.208676,3.732504,134,27.39,471.35,67.00,1.0000,0.736488,0.139576,462.86,335.14,0.9380,0.723216,0.698214
1786702244.256816,3.780644,135,27.39,471.35,66.89,1.0000,0.736479,0.139354,462.86,335.19,0.9395,0.723219,0.698311
1786702244.290924,3.814752,136,27.39,470.97,66.89,1.0000,0.735890,0.139350,462.86,335.20,0.9399,0.723221,0.698326
1786702244.320855,3.844683,137,27.39,470.91,66.93,1.0000,0.735798,0.139431,462.83,335.19,0.9405,0.723178,0.698305
1786702244.357357,3.881185,138,27.39,470.74,67.44,1.0000,0.735529,0.140496,462.83,334.97,0.9411,0.723165,0.697851
1786702244.384447,3.908275,139,27.39,470.76,67.29,1.0000,0.735565,0.140179,462.87,334.98,0.9429,0.723228,0.697882
1786702244.418824,3.942652,140,27.39,470.69,67.30,1.0000,0.735456,0.140210,462.87,334.76,0.9428,0.723229,0.697423
1786702244.461335,3.985163,141,27.39,470.72,67.23,1.0000,0.735494,0.140072,462.89,334.53,0.9431,0.723258,0.696941
1786702244.498017,4.021845,142,27.39,470.10,67.24,1.0000,0.734535,0.140078,462.90,334.33,0.9438,0.723278,0.696529
1786702244.522316,4.046144,143,27.39,470.04,67.23,1.0000,0.734439,0.140057,462.91,334.20,0.9431,0.723295,0.696244
1786702244.570633,4.094461,144,27.83,469.71,67.32,1.0000,0.733925,0.140244,462.84,334.45,0.9427,0.723180,0.696764
1786702244.597346,4.121174,145,27.83,469.72,67.28,1.0000,0.733932,0.140162,462.84,334.54,0.9434,0.723180,0.696953
1786702244.665571,4.189399,146,27.83,469.49,67.15,1.0000,0.733574,0.139896,462.77,334.54,0.9436,0.723075,0.696954
1786702244.681257,4.205085,147,27.83,469.44,67.18,1.0000,0.733498,0.139968,462.73,334.57,0.9430,0.723018,0.697019
1786702244.706053,4.229881,148,27.83,469.45,67.21,1.0000,0.733512,0.140018,462.73,334.74,0.9436,0.723020,0.697383
1786702244.731028,4.254856,149,27.83,469.39,67.19,1.0000,0.733420,0.139970,462.64,334.70,0.9422,0.722872,0.697300
1786702244.774837,4.298665,150,27.83,468.98,67.42,1.0000,0.732789,0.140454,462.66,334.64,0.9419,0.722907,0.697176
1786702244.787235,4.311063,151,27.83,468.96,67.46,1.0000,0.732747,0.140550,462.61,334.73,0.9425,0.722833,0.697349
1786702244.828455,4.352283,152,27.83,468.94,67.62,1.0000,0.732717,0.140872,462.54,334.73,0.9429,0.722713,0.697358
1786702244.862200,4.386028,153,27.83,468.97,67.60,1.0000,0.732762,0.140824,462.58,334.76,0.9441,0.722785,0.697420
1786702244.898425,4.422253,154,27.83,468.83,67.39,1.0000,0.732542,0.140398,462.66,334.85,0.9437,0.722910,0.697596
1786702244.931371,4.455199,155,27.83,468.71,67.72,1.0000,0.732365,0.141088,462.67,334.88,0.9452,0.722925,0.697675
1786702244.954158,4.477986,156,27.83,468.72,67.68,1.0000,0.732368,0.141010,462.57,335.04,0.9451,0.722761,0.698004
1786702244.997395,4.521223,157,27.83,469.47,67.55,1.0000,0.733553,0.140734,462.70,334.91,0.9456,0.722968,0.697732
1786702245.028282,4.552110,158,27.83,469.49,67.21,1.0000,0.733571,0.140029,462.67,334.93,0.9463,0.722928,0.697765
1786702245.051839,4.575667,159,27.83,469.91,67.23,1.0000,0.734234,0.140071,462.65,335.01,0.9463,0.722888,0.697940
1786702245.091242,4.615070,160,28.39,470.71,67.39,1.0000,0.735484,0.140398,462.44,334.71,0.9454,0.722559,0.697306
1786702245.123899,4.647727,161,28.39,470.78,67.39,1.0000,0.735597,0.140398,462.42,334.59,0.9457,0.722533,0.697054
1786702245.159992,4.683820,162,28.39,471.14,67.39,1.0000,0.736158,0.140397,462.43,334.36,0.9469,0.722547,0.696577
1786702245.203885,4.727713,163,28.39,471.32,67.37,1.0000,0.736434,0.140349,462.33,334.79,0.9472,0.722394,0.697475
1786702245.230067,4.753895,164,28.39,471.17,67.55,1.0000,0.736198,0.140723,462.32,334.84,0.9470,0.722369,0.697589
1786702245.262563,4.786391,165,28.39,471.16,67.55,1.0000,0.736180,0.140722,462.34,334.86,0.9472,0.722412,0.697624
1786702245.297223,4.821051,166,28.39,471.25,67.39,1.0000,0.736328,0.140390,462.34,335.11,0.9468,0.722401,0.698140
1786702245.321707,4.845535,167,28.39,470.46,68.00,1.0000,0.735100,0.141658,462.43,335.03,0.9472,0.722539,0.697982
1786702245.355907,4.879735,168,28.39,470.45,68.66,1.0000,0.735077,0.143040,462.46,334.98,0.9472,0.722599,0.697882
1786702245.401499,4.925327,169,28.39,470.94,68.77,1.0000,0.735841,0.143280,462.46,335.02,0.9466,0.722598,0.697951
1786702245.414516,4.938344,170,28.39,470.94,68.80,1.0000,0.735842,0.143327,462.42,334.61,0.9452,0.722526,0.697102
1786702245.460355,4.984183,171,28.39,470.97,68.45,1.0000,0.735889,0.142605,462.41,334.62,0.9435,0.722510,0.697118
1786702245.495568,5.019396,172,28.39,470.53,69.22,1.0000,0.735200,0.144215,462.47,334.61,0.9432,0.722605,0.697101
1786702245.511214,5.035042,173,28.39,470.53,68.87,1.0000,0.735205,0.143476,462.45,334.62,0.9427,0.722582,0.697134
1786702245.559322,5.083150,174,28.39,470.54,68.52,1.0000,0.735224,0.142755,462.50,334.46,0.9419,0.722649,0.696802
1786702245.600698,5.124526,175,28.44,470.67,68.38,1.0000,0.735419,0.142463,462.64,334.45,0.9425,0.722875,0.696761
1786702245.619720,5.143548,176,28.44,470.69,68.39,1.0000,0.735447,0.142481,462.72,334.47,0.9421,0.723002,0.696805
1786702245.670151,5.193979,177,28.44,470.70,68.50,1.0000,0.735462,0.142700,462.94,334.44,0.9424,0.723345,0.696743
1786702245.685196,5.209024,178,28.44,471.23,68.37,1.0000,0.736289,0.142445,463.00,334.51,0.9412,0.723438,0.696906
1786702245.722488,5.246316,179,28.44,471.28,68.13,1.0000,0.736379,0.141935,462.97,334.54,0.9415,0.723391,0.696950
1786702245.753694,5.277522,180,28.44,471.35,68.32,1.0000,0.736486,0.142335,462.98,334.56,0.9416,0.723402,0.696999
1786702245.809364,5.333192,181,28.44,471.77,68.19,1.0000,0.737139,0.142064,462.92,334.94,0.9417,0.723309,0.697784
1786702245.827150,5.350978,182,28.44,471.74,68.19,1.0000,0.737091,0.142058,462.85,334.96,0.9421,0.723200,0.697836
1786702245.854016,5.377844,183,28.44,471.74,68.19,1.0000,0.737096,0.142055,462.83,335.07,0.9420,0.723168,0.698055
1786702245.903706,5.427534,184,28.44,471.75,68.38,1.0000,0.737106,0.142468,462.84,335.02,0.9417,0.723185,0.697960
1786702245.949396,5.473224,185,28.44,471.75,68.45,1.0000,0.737105,0.142610,462.68,335.00,0.9417,0.722930,0.697921
1786702245.966179,5.490007,186,28.44,471.74,68.40,1.0000,0.737096,0.142493,462.72,334.96,0.9433,0.722999,0.697825
1786702246.002580,5.526408,187,28.44,471.77,68.40,1.0000,0.737134,0.142498,462.65,335.04,0.9433,0.722886,0.697999
1786702246.017965,5.541793,188,28.44,471.93,68.43,1.0000,0.737388,0.142562,462.61,335.30,0.9432,0.722831,0.698543
1786702246.055145,5.578973,189,28.44,471.95,68.49,1.0000,0.737419,0.142681,462.50,335.32,0.9419,0.722660,0.698576
1786702246.097884,5.621712,190,28.44,472.26,69.08,1.0000,0.737906,0.143926,462.24,334.87,0.9421,0.722244,0.697652
1786702246.113651,5.637479,191,28.92,472.26,69.08,1.0000,0.737906,0.143922,462.22,334.88,0.9419,0.722212,0.697661
1786702246.178989,5.702817,192,28.92,472.25,69.26,1.0000,0.737884,0.144295,461.90,334.91,0.9420,0.721713,0.697728
1786702246.178989,5.702817,193,28.92,472.20,69.51,1.0000,0.737817,0.144821,461.87,334.90,0.9412,0.721666,0.697719
1786702246.226156,5.749984,194,28.92,472.00,69.47,1.0000,0.737494,0.144726,461.90,334.92,0.9420,0.721716,0.697759
1786702246.257411,5.781239,195,28.92,472.13,69.07,1.0000,0.737706,0.143896,461.89,334.95,0.9393,0.721707,0.697812
1786702246.289481,5.813309,196,28.92,472.07,69.19,1.0000,0.737610,0.144147,461.89,334.92,0.9403,0.721707,0.697746
1786702246.323981,5.847809,197,28.92,472.05,69.19,1.0000,0.737581,0.144149,461.97,335.07,0.9404,0.721827,0.698062
1786702246.370262,5.894090,198,28.92,472.04,69.21,1.0000,0.737568,0.144193,462.11,334.62,0.9407,0.722052,0.697124
1786702246.402771,5.926599,199,28.92,472.05,68.98,1.0000,0.737574,0.143716,462.04,334.68,0.9399,0.721938,0.697241
1786702246.446839,5.970667,200,28.92,471.69,68.35,1.0000,0.737013,0.142395,462.15,334.37,0.9418,0.722109,0.696595
1786702246.451791,5.975619,201,28.92,471.69,68.36,1.0000,0.737022,0.142419,462.15,334.36,0.9417,0.722108,0.696594
1786702246.504451,6.028279,202,28.92,471.68,68.36,1.0000,0.737005,0.142413,462.06,334.36,0.9394,0.721965,0.696590
1786702246.533779,6.057607,203,28.92,471.79,68.94,1.0000,0.737172,0.143630,462.06,334.51,0.9393,0.721971,0.696898
1786702246.556657,6.080485,204,28.92,471.77,68.76,1.0000,0.737134,0.143245,462.26,334.54,0.9396,0.722285,0.696962
1786702246.598587,6.122415,205,28.92,471.60,68.78,1.0000,0.736878,0.143289,462.43,334.44,0.9414,0.722553,0.696749
1786702246.623024,6.146852,206,28.92,471.87,68.79,1.0000,0.737293,0.143313,462.43,334.51,0.9396,0.722551,0.696895
1786702246.664706,6.188534,207,29.03,471.84,68.80,1.0000,0.737251,0.143328,462.38,334.62,0.9384,0.722461,0.697132
1786702246.696040,6.219868,208,29.03,472.19,68.86,1.0000,0.737795,0.143462,462.33,334.68,0.9381,0.722396,0.697253
1786702246.747614,6.271442,209,29.03,472.32,68.81,1.0000,0.738007,0.143351,462.37,334.68,0.9380,0.722447,0.697249
1786702246.762532,6.286360,210,29.03,472.32,68.72,1.0000,0.738003,0.143162,462.40,334.69,0.9369,0.722494,0.697273
1786702246.797657,6.321485,211,29.03,472.11,69.05,1.0000,0.737672,0.143852,462.38,334.65,0.9353,0.722461,0.697179
1786702246.824398,6.348226,212,29.03,471.88,69.04,1.0000,0.737313,0.143839,462.38,334.70,0.9361,0.722464,0.697282
1786702246.864549,6.388377,213,29.03,471.90,68.85,1.0000,0.737347,0.143437,462.51,334.65,0.9365,0.722679,0.697191
1786702246.896431,6.420259,214,29.03,471.87,68.81,1.0000,0.737303,0.143362,462.62,334.67,0.9359,0.722848,0.697228
1786702246.933792,6.457620,215,29.03,471.49,69.08,1.0000,0.736697,0.143918,462.69,334.84,0.9372,0.722960,0.697573
1786702246.957045,6.480873,216,29.03,471.49,69.05,1.0000,0.736710,0.143860,462.38,334.88,0.9360,0.722463,0.697670
1786702247.016210,6.540038,217,29.03,471.59,69.05,1.0000,0.736860,0.143851,462.33,335.06,0.9344,0.722391,0.698034
1786702247.047316,6.571144,218,29.03,471.61,68.99,1.0000,0.736893,0.143736,462.61,334.87,0.9351,0.722828,0.697654
1786702247.062954,6.586782,219,29.03,471.62,68.97,1.0000,0.736902,0.143695,462.59,334.88,0.9355,0.722798,0.697665
1786702247.079135,6.602963,220,29.03,471.62,69.00,1.0000,0.736902,0.143745,462.67,334.78,0.9368,0.722926,0.697464
1786702247.143620,6.667448,221,29.03,471.60,68.80,1.0000,0.736878,0.143333,462.91,334.29,0.9374,0.723302,0.696446
1786702247.158524,6.682352,222,29.14,471.74,68.80,1.0000,0.737101,0.143329,463.12,333.98,0.9375,0.723618,0.695801
1786702247.186208,6.710037,223,29.14,471.27,68.91,1.0000,0.736365,0.143554,463.14,333.98,0.9390,0.723663,0.695794
1786702247.232687,6.756515,224,29.14,471.28,68.63,1.0000,0.736374,0.142977,463.15,333.99,0.9374,0.723672,0.695817
1786702247.266728,6.790556,225,29.14,471.29,68.63,1.0000,0.736384,0.142978,463.15,333.98,0.9385,0.723669,0.695801
1786702247.316965,6.840793,226,29.14,470.74,68.73,1.0000,0.735529,0.143177,462.68,334.55,0.9364,0.722942,0.696976
1786702247.332848,6.856676,227,29.14,470.86,68.70,1.0000,0.735721,0.143120,462.69,334.70,0.9377,0.722949,0.697283
1786702247.364396,6.888224,228,29.14,470.92,68.56,1.0000,0.735815,0.142823,462.68,334.73,0.9375,0.722933,0.697359
1786702247.380180,6.904008,229,29.14,470.90,68.07,1.0000,0.735782,0.141804,462.62,334.87,0.9353,0.722851,0.697655
1786702247.428956,6.952784,230,29.14,470.75,68.25,1.0000,0.735542,0.142197,462.50,335.02,0.9341,0.722661,0.697949
1786702247.477160,7.000988,231,29.14,470.72,67.90,1.0000,0.735507,0.141459,462.31,335.45,0.9314,0.722353,0.698852
1786702247.494327,7.018155,232,29.14,470.73,67.84,1.0000,0.735510,0.141340,462.39,335.66,0.9316,0.722479,0.699299
1786702247.532161,7.055989,233,29.14,470.67,67.45,1.0000,0.735427,0.140517,462.43,335.46,0.9300,0.722553,0.698872
1786702247.555629,7.079457,234,29.14,470.60,67.51,1.0000,0.735308,0.140655,462.49,335.51,0.9291,0.722647,0.698975
1786702247.600563,7.124391,235,29.14,470.20,67.62,1.0000,0.734681,0.140880,462.53,335.86,0.9283,0.722701,0.699708
1786702247.637692,7.161520,236,29.14,469.93,67.66,0.9999,0.734262,0.140952,462.58,335.99,0.9276,0.722788,0.699982
1786702247.669073,7.192901,237,29.14,469.90,67.37,0.9999,0.734223,0.140356,462.53,335.96,0.9246,0.722703,0.699913
1786702247.693391,7.217219,238,29.57,469.75,67.30,0.9999,0.733981,0.140208,462.55,335.94,0.9227,0.722740,0.699883
1786702247.748304,7.272132,239,29.57,469.93,67.34,0.9999,0.734273,0.140289,462.59,335.93,0.9229,0.722803,0.699856
1786702247.763729,7.287557,240,29.57,469.89,67.41,0.9999,0.734203,0.140448,462.59,335.96,0.9234,0.722790,0.699915
1786702247.785943,7.309771,241,29.57,469.84,67.42,0.9999,0.734123,0.140454,462.60,336.00,0.9220,0.722809,0.700001
1786702247.828687,7.352515,242,29.57,469.84,67.09,0.9999,0.734125,0.139772,462.61,335.95,0.9225,0.722831,0.699892
1786702247.862223,7.386051,243,29.57,469.83,67.19,0.9999,0.734117,0.139988,462.50,335.92,0.9195,0.722653,0.699830
1786702247.894288,7.418116,244,29.57,469.83,67.38,1.0000,0.734104,0.140372,462.40,336.13,0.9196,0.722506,0.700267
1786702247.937186,7.461014,245,29.57,470.05,67.06,1.0000,0.734456,0.139716,462.25,336.12,0.9194,0.722259,0.700244
1786702247.984885,7.508713,246,29.57,470.05,66.99,1.0000,0.734458,0.139573,462.21,335.93,0.9185,0.722210,0.699862
1786702247.999900,7.523728,247,29.57,470.11,67.17,1.0000,0.734552,0.139932,462.33,335.75,0.9208,0.722391,0.699476
1786702248.026178,7.550006,248,29.57,470.22,67.90,1.0000,0.734725,0.141454,462.60,335.78,0.9229,0.722815,0.699549
1786702248.063926,7.587754,249,29.57,471.06,67.74,1.0000,0.736030,0.141120,462.42,335.58,0.9224,0.722538,0.699123
1786702248.109505,7.633333,250,29.57,471.04,67.73,1.0000,0.735995,0.141106,462.45,335.27,0.9233,0.722583,0.698475
1786702248.128151,7.651979,251,29.57,471.11,67.99,1.0000,0.736108,0.141640,462.68,335.29,0.9249,0.722930,0.698522
1786702248.159907,7.683735,252,29.57,471.08,68.41,1.0000,0.736056,0.142531,462.77,335.32,0.9271,0.723078,0.698586
1786702248.191766,7.715594,253,29.54,471.04,68.36,1.0000,0.735994,0.142413,462.50,335.51,0.9275,0.722651,0.698969
1786702248.239370,7.763198,254,29.54,470.28,67.81,1.0000,0.734820,0.141264,462.50,335.38,0.9281,0.722655,0.698704
1786702248.255115,7.778943,255,29.54,470.27,67.92,1.0000,0.734800,0.141502,462.47,335.48,0.9280,0.722607,0.698915
1786702248.292400,7.816228,256,29.54,470.39,68.16,1.0000,0.734988,0.142004,462.49,335.48,0.9286,0.722634,0.698923
1786702248.318361,7.842189,257,29.54,470.47,68.12,1.0000,0.735116,0.141907,462.53,335.57,0.9294,0.722707,0.699099
1786702248.365969,7.889797,258,29.54,470.87,67.89,1.0000,0.735729,0.141433,462.49,335.35,0.9316,0.722643,0.698638
1786702248.381612,7.905440,259,29.54,470.95,67.85,1.0000,0.735866,0.141357,462.50,335.39,0.9294,0.722650,0.698724
1786702248.428969,7.952797,260,29.54,470.95,68.08,1.0000,0.735864,0.141844,462.47,335.72,0.9296,0.722614,0.699421
1786702248.457557,7.981385,261,29.54,471.06,68.26,1.0000,0.736031,0.142218,462.52,335.87,0.9295,0.722689,0.699722
1786702248.519363,8.043191,262,29.54,470.93,68.19,1.0000,0.735830,0.142054,462.31,335.70,0.9297,0.722355,0.699383
1786702248.532023,8.055851,263,29.54,471.17,68.08,1.0000,0.736201,0.141832,462.19,335.45,0.9285,0.722171,0.698846
1786702248.559541,8.083369,264,29.54,471.09,68.09,1.0000,0.736084,0.141858,462.17,335.51,0.9278,0.722135,0.698972
1786702248.596524,8.120352,265,29.54,471.16,68.55,1.0000,0.736181,0.142804,462.19,335.67,0.9293,0.722169,0.699316
1786702248.623303,8.147131,266,29.54,471.19,68.20,1.0000,0.736235,0.142075,462.14,335.65,0.9294,0.722090,0.699274
1786702248.671714,8.195542,267,29.54,471.16,67.79,1.0000,0.736184,0.141238,462.22,335.62,0.9310,0.722219,0.699207
1786702248.719426,8.243254,268,29.46,471.13,68.08,1.0000,0.736134,0.141842,462.18,335.79,0.9310,0.722163,0.699569
1786702248.735394,8.259223,269,29.46,471.12,68.89,1.0000,0.736132,0.143513,462.18,335.92,0.9311,0.722152,0.699835
1786702248.767520,8.291348,270,29.46,471.13,68.85,1.0000,0.736139,0.143446,462.11,335.94,0.9311,0.722047,0.699870
1786702248.799753,8.323581,271,29.46,471.20,68.52,1.0000,0.736253,0.142742,461.98,335.27,0.9278,0.721844,0.698487
1786702248.831714,8.355542,272,29.46,471.20,68.63,1.0000,0.736245,0.142987,462.15,335.54,0.9298,0.722113,0.699046
1786702248.884644,8.408472,273,29.46,471.29,68.62,1.0000,0.736394,0.142961,462.15,335.69,0.9286,0.722117,0.699355
1786702248.899721,8.423549,274,29.46,471.36,68.58,1.0000,0.736505,0.142881,461.97,335.74,0.9279,0.721822,0.699468
1786702248.931651,8.455479,275,29.46,471.42,67.88,1.0000,0.736592,0.141424,462.09,335.53,0.9281,0.722013,0.699019
1786702248.972213,8.496041,276,29.46,471.76,67.89,0.9999,0.737118,0.141428,462.23,335.26,0.9285,0.722233,0.698449
1786702249.006883,8.530711,277,29.46,471.92,67.87,0.9999,0.737376,0.141391,462.27,335.57,0.9273,0.722298,0.699095
1786702249.022550,8.546378,278,29.46,471.89,67.70,0.9999,0.737325,0.141051,462.10,335.25,0.9239,0.722037,0.698444
1786702249.083692,8.607520,279,29.46,472.04,67.77,0.9999,0.737556,0.141192,462.27,335.20,0.9238,0.722290,0.698336
1786702249.094799,8.618627,280,29.46,471.86,67.65,1.0000,0.737287,0.140945,462.28,335.43,0.9241,0.722311,0.698802
1786702249.124280,8.648108,281,29.46,472.23,67.66,1.0000,0.737866,0.140953,462.18,335.48,0.9248,0.722156,0.698922
1786702249.182734,8.706562,282,29.46,472.23,67.61,1.0000,0.737860,0.140848,462.14,335.52,0.9253,0.722096,0.698995
1786702249.197670,8.721498,283,29.46,471.50,67.58,1.0000,0.736721,0.140787,462.14,335.56,0.9246,0.722092,0.699075
1786702249.240282,8.764110,284,29.68,471.68,67.58,1.0000,0.737001,0.140802,462.16,335.66,0.9238,0.722131,0.699294
1786702249.263785,8.787613,285,29.68,471.93,67.59,1.0000,0.737384,0.140805,462.19,335.94,0.9263,0.722177,0.699877
1786702249.309563,8.833391,286,29.68,471.93,67.52,1.0000,0.737395,0.140673,462.01,336.01,0.9244,0.721890,0.700023
1786702249.324666,8.848494,287,29.68,471.97,67.55,1.0000,0.737456,0.140723,461.93,335.82,0.9244,0.721767,0.699626
1786702249.358994,8.882822,288,29.68,472.00,67.62,1.0000,0.737506,0.140883,462.26,335.87,0.9258,0.722285,0.699726
1786702249.402088,8.925916,289,29.68,472.09,68.02,1.0000,0.737638,0.141704,462.27,335.94,0.9255,0.722298,0.699884
1786702249.436563,8.960391,290,29.68,472.12,67.96,1.0000,0.737685,0.141588,462.44,335.82,0.9284,0.722559,0.699620
1786702249.452722,8.976550,291,29.68,472.23,67.26,1.0000,0.737865,0.140119,462.37,335.43,0.9286,0.722450,0.698820
1786702249.499999,9.023827,292,29.68,472.26,68.00,1.0000,0.737900,0.141670,462.40,335.64,0.9295,0.722499,0.699241
1786702249.532457,9.056285,293,29.68,472.25,68.09,1.0000,0.737893,0.141863,462.39,335.79,0.9308,0.722486,0.699557
1786702249.562395,9.086223,294,29.68,472.27,68.06,1.0000,0.737916,0.141784,462.38,335.76,0.9314,0.722465,0.699490
1786702249.596797,9.120625,295,29.68,471.26,68.05,1.0000,0.736350,0.141768,462.76,335.41,0.9323,0.723059,0.698778
1786702249.610292,9.134120,296,29.68,471.22,68.02,1.0000,0.736288,0.141711,462.70,335.36,0.9326,0.722966,0.698664
1786702249.675134,9.198962,297,29.68,471.24,68.79,1.0000,0.736318,0.143316,462.55,335.90,0.9336,0.722732,0.699781
1786702249.690280,9.214108,298,29.68,471.23,68.51,1.0000,0.736291,0.142719,462.57,336.00,0.9363,0.722766,0.700000
1786702249.738565,9.262393,299,29.71,471.24,68.42,1.0000,0.736308,0.142551,462.57,335.42,0.9364,0.722772,0.698789
1786702249.803524,9.327352,300,29.71,471.25,68.29,1.0000,0.736329,0.142273,462.58,335.11,0.9359,0.722787,0.698138
1786702249.819364,9.343192,302,29.71,470.86,68.66,1.0000,0.735718,0.143048,462.28,335.11,0.9370,0.722310,0.698147
1786702249.859525,9.383353,303,29.71,470.86,68.61,1.0000,0.735717,0.142938,462.32,335.38,0.9372,0.722382,0.698710
1786702249.899216,9.423044,304,29.71,471.14,68.19,1.0000,0.736156,0.142057,462.32,335.33,0.9338,0.722381,0.698614
1786702249.936683,9.460511,305,29.71,471.03,68.26,1.0000,0.735977,0.142218,462.38,335.35,0.9349,0.722462,0.698647
1786702249.965427,9.489255,306,29.71,471.02,68.07,1.0000,0.735967,0.141805,462.33,335.36,0.9350,0.722396,0.698677
1786702249.996717,9.520545,307,29.71,470.96,68.03,1.0000,0.735879,0.141719,462.52,335.14,0.9364,0.722685,0.698208
1786702250.025535,9.549363,308,29.71,470.99,67.69,1.0000,0.735927,0.141028,462.65,335.02,0.9363,0.722893,0.697952
1786702250.075997,9.599825,309,29.71,470.97,67.68,1.0000,0.735885,0.140995,462.54,335.10,0.9363,0.722722,0.698124
1786702250.105076,9.628904,310,29.71,471.12,67.51,1.0000,0.736123,0.140655,462.53,335.02,0.9367,0.722708,0.697967
1786702250.136762,9.660590,311,29.71,471.14,67.35,1.0000,0.736160,0.140319,462.53,334.85,0.9375,0.722705,0.697607
1786702250.152688,9.676516,312,29.71,471.15,67.31,1.0000,0.736166,0.140220,462.77,334.95,0.9385,0.723082,0.697812
1786702250.187108,9.710936,313,29.71,471.21,67.41,1.0000,0.736270,0.140430,462.57,334.98,0.9365,0.722770,0.697884
1786702250.245502,9.769330,314,29.27,471.15,67.21,1.0000,0.736170,0.140017,462.33,334.36,0.9369,0.722395,0.696579
1786702250.264568,9.788396,315,29.27,471.14,67.16,1.0000,0.736159,0.139922,462.30,334.36,0.9367,0.722346,0.696586
1786702250.295794,9.819622,316,29.27,471.16,67.15,1.0000,0.736183,0.139893,463.27,334.73,0.9383,0.723859,0.697364
1786702250.327893,9.851721,317,29.27,471.17,67.19,1.0000,0.736197,0.139987,463.21,334.75,0.9379,0.723759,0.697405
1786702250.360765,9.884593,318,29.27,471.13,67.16,1.0000,0.736147,0.139912,463.25,334.71,0.9388,0.723823,0.697306
1786702250.375823,9.899651,319,29.27,471.21,67.03,1.0000,0.736272,0.139648,462.88,334.59,0.9374,0.723247,0.697073
1786702250.421300,9.945128,320,29.27,471.22,67.04,1.0000,0.736287,0.139663,463.08,334.91,0.9384,0.723561,0.697725
1786702250.466107,9.989935,321,29.27,471.19,67.19,1.0000,0.736235,0.139969,462.84,334.91,0.9388,0.723193,0.697720
1786702250.509619,10.033447,322,29.27,471.07,67.18,1.0000,0.736050,0.139962,462.87,334.75,0.9391,0.723231,0.697396
1786702250.525798,10.049626,323,29.27,470.67,67.04,1.0000,0.735429,0.139658,462.93,334.70,0.9380,0.723325,0.697295
1786702250.545854,10.069682,324,29.27,470.69,67.18,1.0000,0.735450,0.139954,463.20,334.67,0.9393,0.723744,0.697235
1786702250.607312,10.131140,325,29.27,471.20,67.19,1.0000,0.736253,0.139989,462.67,334.90,0.9386,0.722929,0.697715
1786702250.628481,10.152309,326,29.27,471.19,67.35,1.0000,0.736238,0.140318,462.78,334.82,0.9380,0.723090,0.697536
1786702250.646049,10.169877,327,29.27,471.37,67.41,1.0000,0.736512,0.140427,462.84,334.81,0.9387,0.723194,0.697531
1786702250.695426,10.219254,328,29.27,471.57,67.50,1.0000,0.736834,0.140625,462.86,335.01,0.9393,0.723219,0.697938
1786702250.730007,10.253835,329,29.27,471.30,67.39,1.0000,0.736401,0.140404,462.84,334.76,0.9401,0.723190,0.697414
1786702250.767428,10.291256,330,29.56,471.24,67.35,1.0000,0.736318,0.140320,463.08,334.77,0.9403,0.723560,0.697446
1786702250.796483,10.320311,331,29.56,471.30,67.36,1.0000,0.736399,0.140330,463.12,334.83,0.9410,0.723619,0.697563
1786702250.831223,10.355051,332,29.56,471.36,67.34,1.0000,0.736506,0.140294,462.89,334.98,0.9412,0.723270,0.697877
1786702250.884737,10.408566,333,29.56,471.34,67.24,1.0000,0.736474,0.140076,462.99,334.76,0.9413,0.723422,0.697417
1786702250.897784,10.421612,334,29.56,471.35,67.32,1.0000,0.736485,0.140251,462.98,334.91,0.9423,0.723403,0.697721
1786702250.925107,10.448935,335,29.56,471.20,67.19,1.0000,0.736256,0.139972,462.89,335.10,0.9408,0.723265,0.698131
1786702250.958525,10.482353,336,29.56,470.83,67.44,0.9999,0.735672,0.140510,462.92,334.64,0.9414,0.723312,0.697169
1786702251.000135,10.523963,337,29.56,470.94,67.55,0.9999,0.735848,0.140739,462.90,334.73,0.9401,0.723287,0.697351
1786702251.028150,10.551978,338,29.56,470.41,67.55,1.0000,0.735010,0.140738,462.91,334.72,0.9416,0.723289,0.697330
1786702251.084585,10.608413,339,29.56,470.06,67.54,0.9999,0.734472,0.140712,463.33,334.70,0.9410,0.723958,0.697299
1786702251.090602,10.614430,340,29.56,469.89,67.51,1.0000,0.734204,0.140644,463.00,334.71,0.9418,0.723434,0.697303
1786702251.132072,10.655900,341,29.56,469.96,67.52,0.9999,0.734312,0.140675,462.91,334.71,0.9411,0.723293,0.697308
1786702251.163103,10.686931,342,29.56,469.99,67.54,1.0000,0.734353,0.140714,462.67,334.87,0.9400,0.722923,0.697656
1786702251.189017,10.712845,343,29.56,469.86,67.32,1.0000,0.734157,0.140243,462.68,334.61,0.9390,0.722938,0.697113
1786702251.228755,10.752583,344,29.56,469.57,67.43,1.0000,0.733710,0.140488,462.70,334.69,0.9398,0.722969,0.697274
1786702251.260568,10.784396,345,29.56,469.58,67.86,1.0000,0.733715,0.141379,462.71,334.66,0.9405,0.722992,0.697210
1786702251.300445,10.824273,346,29.66,469.60,67.74,1.0000,0.733751,0.141133,462.62,334.67,0.9404,0.722847,0.697236
1786702251.329100,10.852928,347,29.66,469.74,67.59,1.0000,0.733967,0.140820,462.79,334.66,0.9420,0.723107,0.697219
1786702251.359850,10.883678,348,29.66,469.60,67.84,1.0000,0.733745,0.141333,462.79,334.73,0.9426,0.723109,0.697356
1786702251.394288,10.918116,349,29.66,469.54,67.77,1.0000,0.733661,0.141182,462.76,334.61,0.9436,0.723066,0.697113
1786702251.440077,10.963905,350,29.66,469.54,67.62,1.0000,0.733661,0.140872,462.75,334.68,0.9451,0.723050,0.697258
1786702251.459130,10.982958,351,29.66,469.14,67.82,1.0000,0.733024,0.141293,462.55,334.64,0.9438,0.722727,0.697168
1786702251.495926,11.019754,352,29.66,469.12,68.16,1.0000,0.733000,0.142010,462.23,334.66,0.9435,0.722239,0.697202
1786702251.525238,11.049066,353,29.66,468.83,68.13,1.0000,0.732550,0.141946,462.19,334.70,0.9431,0.722179,0.697302
1786702251.559804,11.083632,354,29.66,468.86,68.13,0.9999,0.732590,0.141931,462.14,334.91,0.9410,0.722101,0.697725
1786702251.599214,11.123042,355,29.66,468.88,68.09,0.9999,0.732623,0.141859,462.60,334.91,0.9408,0.722817,0.697734
1786702251.638815,11.162643,356,29.66,468.87,68.23,0.9999,0.732611,0.142155,462.60,335.03,0.9419,0.722813,0.697989
1786702251.653207,11.177035,357,29.66,468.86,68.44,0.9999,0.732587,0.142593,462.51,335.04,0.9410,0.722668,0.697994
1786702251.691111,11.214939,358,29.66,468.73,68.40,0.9999,0.732388,0.142506,462.37,335.05,0.9403,0.722460,0.698011
1786702251.741410,11.265238,359,29.66,468.75,68.39,0.9999,0.732418,0.142489,462.35,335.14,0.9404,0.722423,0.698199
1786702251.756283,11.280111,360,29.66,468.75,68.24,0.9999,0.732422,0.142169,462.27,335.34,0.9399,0.722298,0.698628
1786702251.803446,11.327274,361,29.64,468.27,68.61,0.9999,0.731666,0.142935,462.13,335.36,0.9392,0.722074,0.698665
1786702251.836801,11.360629,362,29.64,468.17,68.60,0.9999,0.731509,0.142915,462.13,335.39,0.9379,0.722079,0.698726
1786702251.850462,11.374290,363,29.64,468.17,68.22,0.9999,0.731508,0.142134,462.13,335.43,0.9371,0.722071,0.698819
1786702251.908618,11.432446,364,29.64,467.97,68.24,0.9999,0.731200,0.142166,461.98,335.72,0.9357,0.721842,0.699417
1786702251.918612,11.442441,365,29.64,467.93,68.24,0.9999,0.731135,0.142170,461.92,335.52,0.9352,0.721751,0.699002
1786702251.961912,11.485740,366,29.64,467.67,68.24,0.9999,0.730737,0.142168,461.90,335.49,0.9360,0.721726,0.698932
1786702252.007336,11.531164,367,29.64,467.33,68.25,0.9999,0.730209,0.142186,461.74,335.46,0.9341,0.721464,0.698879
1786702252.033946,11.557774,368,29.64,467.27,68.06,0.9999,0.730113,0.141790,461.86,335.09,0.9343,0.721652,0.698098
1786702252.065680,11.589508,369,29.64,467.30,67.90,0.9999,0.730155,0.141459,461.83,335.02,0.9343,0.721614,0.697963
1786702252.106076,11.629904,370,29.64,467.37,67.43,0.9999,0.730268,0.140480,462.17,335.05,0.9357,0.722148,0.698019
1786702252.122095,11.645923,371,29.64,467.41,67.43,0.9999,0.730327,0.140488,462.26,335.06,0.9365,0.722275,0.698041
1786702252.156788,11.680616,372,29.64,467.45,67.45,0.9999,0.730395,0.140520,462.43,334.96,0.9385,0.722551,0.697835
1786702252.191244,11.715072,373,29.64,468.01,67.27,0.9999,0.731272,0.140146,462.25,335.10,0.9360,0.722263,0.698121
1786702252.228409,11.752237,374,29.64,468.15,66.97,0.9999,0.731485,0.139515,462.30,335.08,0.9357,0.722338,0.698082
1786702252.267891,11.791719,375,29.64,468.15,66.97,0.9999,0.731482,0.139522,462.26,335.24,0.9359,0.722279,0.698407
1786702252.282847,11.806675,376,29.64,468.15,67.07,0.9999,0.731482,0.139727,462.45,335.28,0.9379,0.722584,0.698495
1786702252.344964,11.868792,377,29.65,468.22,67.07,1.0000,0.731597,0.139735,462.55,335.50,0.9391,0.722732,0.698949
1786702252.360376,11.884204,378,29.65,468.25,67.05,1.0000,0.731647,0.139682,462.34,335.41,0.9397,0.722404,0.698761
1786702252.397243,11.921071,379,29.65,468.19,67.28,1.0000,0.731552,0.140167,462.22,335.40,0.9390,0.722212,0.698754
1786702252.408002,11.931830,380,29.65,468.19,67.61,0.9999,0.731546,0.140864,462.22,335.43,0.9381,0.722221,0.698815
1786702252.472203,11.996031,381,29.65,468.36,67.57,1.0000,0.731817,0.140770,462.12,335.54,0.9384,0.722062,0.699034
1786702252.488101,12.011930,382,29.65,468.51,67.57,1.0000,0.732053,0.140774,462.13,335.54,0.9397,0.722076,0.699041
1786702252.527204,12.051032,383,29.65,469.09,67.56,1.0000,0.732948,0.140756,462.25,335.54,0.9399,0.722259,0.699051
1786702252.553678,12.077506,384,29.65,469.10,67.56,1.0000,0.732965,0.140760,462.25,335.54,0.9408,0.722272,0.699047
1786702252.606401,12.130229,385,29.65,469.28,67.56,1.0000,0.733247,0.140758,462.26,335.45,0.9411,0.722275,0.698851
1786702252.614630,12.138458,386,29.65,469.47,67.58,1.0000,0.733541,0.140795,462.26,335.48,0.9409,0.722277,0.698920
1786702252.668396,12.192224,387,29.65,469.52,67.48,1.0000,0.733630,0.140584,462.30,335.51,0.9409,0.722339,0.698980
1786702252.684211,12.208039,388,29.65,469.61,67.48,1.0000,0.733760,0.140583,462.35,335.48,0.9419,0.722421,0.698914
1786702252.736916,12.260744,389,29.65,469.64,67.45,1.0000,0.733816,0.140530,462.37,335.07,0.9407,0.722457,0.698054
1786702252.771446,12.295274,390,29.65,469.67,67.42,1.0000,0.733858,0.140448,462.69,334.93,0.9420,0.722956,0.697781
1786702252.789835,12.313663,391,29.65,469.88,67.44,1.0000,0.734189,0.140504,462.60,334.91,0.9409,0.722812,0.697732
1786702252.839836,12.363664,392,29.65,469.47,67.48,1.0000,0.733552,0.140575,462.56,334.91,0.9401,0.722743,0.697734
1786702252.859420,12.383248,393,29.84,469.52,67.48,1.0000,0.733621,0.140585,462.58,334.89,0.9412,0.722785,0.697686
1786702252.925201,12.449029,394,29.84,469.46,67.23,1.0000,0.733526,0.140069,462.58,334.89,0.9404,0.722785,0.697677
1786702252.927895,12.451723,395,29.84,469.31,67.72,1.0000,0.733301,0.141084,462.70,334.94,0.9415,0.722974,0.697782
1786702252.950697,12.474525,396,29.84,469.09,67.88,1.0000,0.732957,0.141413,462.66,334.87,0.9421,0.722905,0.697646
1786702252.984410,12.508238,397,29.84,469.20,67.80,1.0000,0.733131,0.141240,462.65,334.71,0.9417,0.722895,0.697310
1786702253.024212,12.548040,398,29.84,469.13,67.89,1.0000,0.733016,0.141437,462.83,334.72,0.9414,0.723171,0.697326
1786702253.064463,12.588291,399,29.84,469.28,67.72,1.0000,0.733250,0.141091,462.83,334.72,0.9415,0.723173,0.697331
1786702253.101556,12.625384,400,29.84,469.30,67.72,1.0000,0.733285,0.141083,462.60,334.30,0.9412,0.722819,0.696466
1786702253.127525,12.651353,401,29.84,469.35,67.71,1.0000,0.733367,0.141062,462.43,334.13,0.9414,0.722540,0.696109
1786702253.171849,12.695677,402,29.84,469.34,67.43,1.0000,0.733347,0.140476,462.52,334.30,0.9429,0.722695,0.696449
1786702253.185266,12.709095,403,29.84,469.32,67.38,1.0000,0.733318,0.140370,462.57,334.31,0.9430,0.722762,0.696482
1786702253.228112,12.751940,404,29.84,469.13,67.60,1.0000,0.733008,0.140835,462.30,334.20,0.9420,0.722337,0.696240
1786702253.278141,12.801969,405,29.84,469.09,67.37,1.0000,0.732949,0.140359,462.30,334.35,0.9427,0.722337,0.696571
1786702253.286575,12.810403,406,29.84,469.01,67.49,1.0000,0.732827,0.140614,462.31,334.42,0.9434,0.722357,0.696702
1786702253.325783,12.849611,407,29.84,469.02,67.30,1.0000,0.732849,0.140199,462.27,334.41,0.9439,0.722293,0.696678
1786702253.360516,12.884344,408,29.84,468.97,67.31,1.0000,0.732763,0.140228,462.07,334.82,0.9433,0.721984,0.697545
1786702253.391762,12.915590,409,29.94,468.98,67.18,0.9999,0.732782,0.139966,462.12,335.26,0.9390,0.722055,0.698468
1786702253.426018,12.949846,410,29.94,469.03,67.17,1.0000,0.732865,0.139929,462.11,335.34,0.9392,0.722050,0.698631
1786702253.471471,12.995299,411,29.94,468.93,67.29,1.0000,0.732703,0.140190,461.99,335.36,0.9400,0.721858,0.698673
1786702253.487224,13.011052,412,29.94,469.03,67.28,1.0000,0.732867,0.140172,461.94,335.33,0.9386,0.721786,0.698602
1786702253.521122,13.044950,413,29.94,469.13,67.30,1.0000,0.733017,0.140198,461.94,335.34,0.9388,0.721780,0.698615
1786702253.556066,13.079894,414,29.94,469.48,67.29,1.0000,0.733566,0.140177,462.01,335.19,0.9405,0.721894,0.698308
1786702253.590726,13.114554,415,29.94,469.46,67.29,1.0000,0.733539,0.140184,461.97,335.04,0.9414,0.721835,0.698007
1786702253.625054,13.148882,416,29.94,469.50,67.23,1.0000,0.733597,0.140054,461.83,335.01,0.9392,0.721603,0.697930
1786702253.662080,13.185908,417,29.94,469.52,67.20,1.0000,0.733627,0.140009,461.85,335.05,0.9392,0.721638,0.698014
1786702253.705297,13.229125,418,29.94,469.58,67.12,1.0000,0.733718,0.139824,461.90,334.99,0.9393,0.721718,0.697902
1786702253.729130,13.252958,419,29.94,469.62,67.02,1.0000,0.733781,0.139627,462.03,334.99,0.9397,0.721926,0.697894
1786702253.752108,13.275936,420,29.94,469.67,66.97,1.0000,0.733857,0.139514,462.03,334.95,0.9382,0.721923,0.697812
1786702253.805508,13.329336,421,29.94,470.15,66.84,1.0000,0.734610,0.139242,462.04,334.87,0.9375,0.721940,0.697644
1786702253.839264,13.363092,422,29.94,470.24,66.76,1.0000,0.734752,0.139086,462.07,334.81,0.9378,0.721980,0.697520
1786702253.852490,13.376318,423,29.94,470.26,66.73,1.0000,0.734789,0.139026,462.28,334.72,0.9390,0.722312,0.697328
1786702253.906196,13.430024,424,29.84,470.41,66.74,1.0000,0.735022,0.139040,462.24,334.84,0.9381,0.722245,0.697589
1786702253.933267,13.457095,425,29.84,470.39,66.69,1.0000,0.734989,0.138946,462.43,334.83,0.9393,0.722551,0.697572
1786702253.952827,13.476655,426,29.84,470.63,66.69,1.0000,0.735353,0.138943,462.45,334.85,0.9398,0.722580,0.697595
1786702253.998788,13.522616,427,29.84,470.70,66.71,1.0000,0.735473,0.138976,462.48,334.86,0.9400,0.722625,0.697616
1786702254.019400,13.543228,428,29.84,470.86,66.69,1.0000,0.735713,0.138939,462.56,334.63,0.9389,0.722756,0.697144
1786702254.057537,13.581365,429,29.84,471.04,66.64,1.0000,0.735994,0.138836,462.65,334.65,0.9403,0.722894,0.697180
1786702254.093105,13.616933,430,29.84,471.02,66.66,1.0000,0.735968,0.138881,462.65,334.85,0.9391,0.722893,0.697600
1786702254.124324,13.648152,431,29.84,470.92,66.70,1.0000,0.735807,0.138950,462.57,334.88,0.9386,0.722768,0.697662
1786702254.153445,13.677273,432,29.84,471.03,66.71,1.0000,0.735989,0.138981,462.66,334.93,0.9397,0.722910,0.697765
1786702254.199152,13.722980,433,29.84,470.94,66.71,1.0000,0.735845,0.138976,462.05,334.93,0.9402,0.721960,0.697764
1786702254.220767,13.744595,434,29.84,470.75,66.72,1.0000,0.735551,0.138999,462.08,334.89,0.9399,0.722004,0.697683
1786702254.259845,13.783673,435,29.84,470.75,66.64,1.0000,0.735541,0.138837,461.98,334.87,0.9408,0.721842,0.697656
1786702254.289208,13.813036,436,29.84,470.65,66.78,1.0000,0.735397,0.139134,462.34,334.86,0.9420,0.722402,0.697634
1786702254.340385,13.864213,437,29.84,470.65,66.79,1.0000,0.735397,0.139146,462.45,335.04,0.9424,0.722585,0.698009
1786702254.353645,13.877473,438,29.84,470.72,66.79,1.0000,0.735495,0.139136,462.44,335.10,0.9427,0.722570,0.698134
1786702254.390779,13.914607,439,29.84,470.72,66.90,1.0000,0.735497,0.139372,462.36,335.09,0.9437,0.722437,0.698108
1786702254.424542,13.948370,440,30.00,470.53,66.94,1.0000,0.735210,0.139449,462.37,335.11,0.9441,0.722457,0.698138
1786702254.461941,13.985770,441,30.00,470.18,66.97,1.0000,0.734657,0.139512,462.41,335.11,0.9456,0.722515,0.698147
1786702254.493468,14.017296,442,30.00,470.18,66.97,1.0000,0.734657,0.139512,462.85,334.93,0.9471,0.723196,0.697773
1786702254.516199,14.040027,443,30.00,470.16,66.97,1.0000,0.734631,0.139513,462.77,334.79,0.9464,0.723081,0.697481
1786702254.551989,14.075817,444,30.00,470.13,67.00,1.0000,0.734581,0.139578,462.93,334.82,0.9468,0.723330,0.697542
1786702254.586229,14.110057,445,30.00,470.28,66.92,1.0000,0.734812,0.139414,463.13,335.45,0.9469,0.723645,0.698849
1786702254.625750,14.149578,446,30.00,470.26,66.79,1.0000,0.734779,0.139156,463.03,335.48,0.9466,0.723489,0.698920
1786702254.661016,14.184844,447,30.00,470.42,66.80,1.0000,0.735036,0.139176,462.98,335.48,0.9468,0.723404,0.698922
1786702254.689283,14.213111,448,30.00,470.46,66.80,1.0000,0.735099,0.139168,462.78,335.49,0.9468,0.723101,0.698945
1786702254.728837,14.252666,449,30.00,470.35,66.85,1.0000,0.734928,0.139264,462.79,335.53,0.9466,0.723106,0.699030
1786702254.759870,14.283698,450,30.00,470.36,66.84,1.0000,0.734930,0.139256,462.91,335.47,0.9471,0.723294,0.698887
1786702254.807809,14.331637,451,30.00,470.27,66.91,1.0000,0.734797,0.139402,462.98,335.32,0.9476,0.723411,0.698581
1786702254.823303,14.347131,452,30.00,470.14,66.91,1.0000,0.734595,0.139390,463.00,335.25,0.9477,0.723441,0.698448
1786702254.863633,14.387461,453,30.00,469.78,66.85,1.0000,0.734032,0.139271,462.95,335.27,0.9476,0.723357,0.698473
1786702254.916698,14.440526,454,30.00,469.76,66.75,1.0000,0.733995,0.139068,462.91,335.30,0.9476,0.723300,0.698534
1786702254.934770,14.458598,455,29.75,469.75,66.76,1.0000,0.733986,0.139074,462.92,335.57,0.9470,0.723312,0.699105
1786702254.960799,14.484627,456,29.75,469.76,66.76,1.0000,0.734005,0.139089,462.90,335.47,0.9466,0.723280,0.698892
1786702254.988280,14.512108,457,29.75,469.74,66.98,1.0000,0.733976,0.139533,462.91,335.54,0.9470,0.723304,0.699049
1786702255.028618,14.552446,458,29.75,469.56,67.19,1.0000,0.733684,0.139985,462.62,335.55,0.9452,0.722841,0.699063
1786702255.056859,14.580687,459,29.75,469.65,67.29,1.0000,0.733834,0.140191,462.61,335.48,0.9442,0.722822,0.698920
1786702255.103088,14.626916,460,29.75,469.66,67.70,1.0000,0.733850,0.141033,462.51,335.07,0.9440,0.722669,0.698064
1786702255.131721,14.655549,461,29.75,469.70,67.69,1.0000,0.733908,0.141029,462.50,335.02,0.9422,0.722652,0.697951
1786702255.160254,14.684082,462,29.75,469.70,67.69,1.0000,0.733908,0.141031,462.59,335.10,0.9424,0.722794,0.698120
1786702255.194425,14.718253,463,29.75,469.72,67.69,1.0000,0.733945,0.141022,462.76,335.07,0.9413,0.723059,0.698065
1786702255.226559,14.750387,464,29.75,470.05,67.58,1.0000,0.734459,0.140789,462.72,335.09,0.9424,0.723003,0.698105
1786702255.255213,14.779041,465,29.75,470.08,67.59,1.0000,0.734507,0.140809,462.69,335.02,0.9423,0.722956,0.697969
1786702255.295040,14.818868,466,29.75,470.02,67.57,1.0000,0.734403,0.140779,462.66,335.12,0.9427,0.722913,0.698169
1786702255.331815,14.855644,467,29.75,470.04,67.57,1.0000,0.734442,0.140773,462.72,335.17,0.9430,0.722995,0.698279
1786702255.363047,14.886875,468,29.75,470.15,67.50,1.0000,0.734611,0.140625,462.72,335.24,0.9433,0.722999,0.698410
1786702255.394700,14.918528,469,29.75,469.92,67.55,0.9999,0.734243,0.140733,462.71,335.39,0.9440,0.722984,0.698734
1786702255.432040,14.955868,470,29.75,469.90,67.77,0.9999,0.734227,0.141179,462.71,335.34,0.9445,0.722982,0.698622
1786702255.455462,14.979290,471,30.08,469.99,67.95,1.0000,0.734361,0.141573,462.54,335.33,0.9438,0.722714,0.698599
1786702255.496161,15.019989,472,30.08,470.11,67.68,1.0000,0.734548,0.140995,462.52,335.28,0.9447,0.722685,0.698495
1786702255.535454,15.059282,473,30.08,470.61,67.68,1.0000,0.735333,0.140999,462.18,335.31,0.9430,0.722155,0.698556
1786702255.555510,15.079338,474,30.08,470.63,67.57,1.0000,0.735362,0.140768,462.11,335.46,0.9403,0.722046,0.698879
1786702255.583429,15.107257,475,30.08,470.50,67.58,1.0000,0.735157,0.140790,462.13,335.31,0.9403,0.722080,0.698564
1786702255.620971,15.144799,476,30.08,470.51,67.66,1.0000,0.735175,0.140959,462.19,335.24,0.9410,0.722178,0.698421
1786702255.666114,15.189942,477,30.08,470.76,67.77,1.0000,0.735565,0.141194,462.19,335.88,0.9403,0.722179,0.699749
1786702255.679302,15.203130,478,30.08,470.76,67.82,1.0000,0.735566,0.141286,462.21,335.92,0.9396,0.722201,0.699827
1786702255.727881,15.251709,479,30.08,470.83,67.74,1.0000,0.735676,0.141126,462.34,336.01,0.9394,0.722401,0.700012
1786702255.762012,15.285840,480,30.08,470.83,67.62,1.0000,0.735676,0.140879,462.43,335.41,0.9398,0.722541,0.698778
1786702255.802179,15.326007,481,30.08,470.85,67.52,1.0000,0.735702,0.140657,462.38,335.26,0.9395,0.722472,0.698464
1786702255.814630,15.338458,482,30.08,470.93,67.52,1.0000,0.735822,0.140657,462.39,335.29,0.9389,0.722485,0.698519
1786702255.856117,15.379945,483,30.08,470.85,67.50,1.0000,0.735709,0.140616,462.39,335.32,0.9386,0.722478,0.698583
1786702255.888058,15.411886,484,30.08,470.85,67.53,1.0000,0.735705,0.140683,462.66,335.17,0.9397,0.722910,0.698275
1786702255.932934,15.456762,485,30.08,470.97,67.62,1.0000,0.735884,0.140868,462.62,335.13,0.9403,0.722848,0.698184
1786702255.956476,15.480304,486,30.08,471.11,67.61,1.0000,0.736105,0.140851,462.51,335.33,0.9401,0.722670,0.698598
1786702256.004406,15.528234,487,29.92,471.37,67.28,1.0000,0.736510,0.140170,462.58,335.05,0.9402,0.722787,0.698011
1786702256.033031,15.556859,488,29.92,471.55,67.26,1.0000,0.736793,0.140116,462.50,335.26,0.9386,0.722664,0.698455
1786702256.069712,15.593540,489,29.92,471.63,67.55,1.0000,0.736919,0.140720,462.59,335.11,0.9381,0.722795,0.698153
1786702256.090201,15.614029,490,29.92,471.65,67.55,1.0000,0.736947,0.140727,462.51,335.12,0.9374,0.722678,0.698164
1786702256.130280,15.654108,491,29.92,471.62,67.54,1.0000,0.736901,0.140710,462.56,335.09,0.9380,0.722756,0.698110
1786702256.193683,15.717511,493,29.92,471.99,67.54,1.0000,0.737480,0.140707,462.84,335.12,0.9379,0.723180,0.698164
1786702256.220688,15.744516,494,29.92,472.31,67.55,1.0000,0.737979,0.140720,462.59,335.45,0.9363,0.722799,0.698862
1786702256.251111,15.774939,495,29.92,472.33,67.46,1.0000,0.738010,0.140536,462.38,335.55,0.9337,0.722473,0.699059
1786702256.273716,15.797544,496,29.92,472.32,67.46,1.0000,0.737996,0.140544,462.37,335.57,0.9344,0.722459,0.699096
1786702256.305713,15.829541,497,29.92,472.45,67.45,0.9999,0.738195,0.140521,462.37,335.56,0.9353,0.722450,0.699074
1786702256.343893,15.867721,498,29.92,472.61,67.47,0.9999,0.738450,0.140555,461.85,335.61,0.9332,0.721645,0.699192
1786702256.390813,15.914641,499,29.92,472.40,67.42,0.9999,0.738119,0.140468,461.88,335.48,0.9338,0.721682,0.698924
1786702256.431428,15.955256,500,29.92,472.34,67.87,0.9999,0.738035,0.141405,461.90,335.42,0.9338,0.721715,0.698792
1786702256.456285,15.980114,501,29.92,472.07,67.81,0.9999,0.737612,0.141274,461.80,335.47,0.9343,0.721564,0.698895
1786702256.478896,16.002724,502,29.92,471.59,68.09,0.9999,0.736863,0.141861,461.81,335.52,0.9351,0.721573,0.698998
1786702256.520350,16.044178,503,29.74,471.60,67.99,1.0000,0.736875,0.141641,461.96,335.44,0.9359,0.721809,0.698837
1786702256.552778,16.076606,504,29.74,471.53,67.94,1.0000,0.736772,0.141540,462.09,335.50,0.9371,0.722019,0.698950
1786702256.592898,16.116726,505,29.74,471.80,67.67,1.0000,0.737185,0.140984,462.29,335.55,0.9376,0.722324,0.699062
1786702256.625258,16.149086,506,29.74,471.53,67.57,1.0000,0.736766,0.140766,462.44,335.55,0.9385,0.722562,0.699059
1786702256.659033,16.182861,507,29.74,471.49,67.52,1.0000,0.736707,0.140657,462.51,335.46,0.9391,0.722675,0.698879
1786702256.694073,16.217901,508,29.74,471.34,67.51,1.0000,0.736464,0.140651,462.56,335.44,0.9405,0.722752,0.698835
1786702256.721175,16.245003,509,29.74,471.33,67.54,1.0000,0.736446,0.140704,462.61,335.44,0.9416,0.722822,0.698840
1786702256.755589,16.279417,510,29.74,471.20,67.55,1.0000,0.736245,0.140735,462.64,335.44,0.9417,0.722878,0.698825
1786702256.799191,16.323020,511,29.74,471.10,67.71,1.0000,0.736094,0.141067,462.42,335.55,0.9413,0.722524,0.699070
1786702256.819335,16.343163,512,29.74,471.01,67.72,1.0000,0.735960,0.141091,462.52,335.47,0.9422,0.722687,0.698902
1786702256.880744,16.404572,513,29.74,470.92,67.71,1.0000,0.735818,0.141056,462.46,335.53,0.9423,0.722586,0.699015
1786702256.896379,16.420207,514,29.74,470.92,67.79,1.0000,0.735820,0.141221,462.46,335.39,0.9418,0.722587,0.698727
1786702256.930588,16.454417,515,29.74,470.92,67.78,1.0000,0.735809,0.141216,462.46,335.48,0.9419,0.722600,0.698922
1786702256.943995,16.467823,516,29.74,470.97,67.78,1.0000,0.735889,0.141200,462.47,335.49,0.9418,0.722602,0.698944
1786702256.983952,16.507780,517,29.74,470.98,67.76,1.0000,0.735913,0.141165,462.61,335.50,0.9421,0.722835,0.698962
1786702257.029122,16.552950,518,29.68,471.26,68.50,1.0000,0.736337,0.142705,462.54,335.73,0.9415,0.722721,0.699440
1786702257.073097,16.596925,519,29.68,472.14,68.34,1.0000,0.737725,0.142370,462.51,335.70,0.9401,0.722675,0.699372
1786702257.104261,16.628089,520,29.68,471.86,68.25,1.0000,0.737283,0.142180,462.54,335.47,0.9398,0.722721,0.698904
1786702257.139316,16.663144,521,29.68,471.83,68.27,1.0000,0.737242,0.142232,462.54,335.27,0.9385,0.722714,0.698477
1786702257.159416,16.683244,522,29.68,471.83,68.19,1.0000,0.737230,0.142055,462.60,335.26,0.9384,0.722810,0.698458
1786702257.194386,16.718214,523,29.68,471.82,68.16,1.0000,0.737224,0.142007,462.54,335.30,0.9386,0.722712,0.698543
1786702257.220282,16.744110,524,29.68,471.87,67.96,1.0000,0.737300,0.141576,462.54,335.38,0.9392,0.722713,0.698706
1786702257.276715,16.800543,525,29.68,471.90,67.95,1.0000,0.737352,0.141564,462.92,335.34,0.9408,0.723310,0.698627
1786702257.301256,16.825084,526,29.68,471.89,67.93,1.0000,0.737322,0.141528,463.07,335.15,0.9420,0.723540,0.698232
1786702257.337651,16.861479,527,29.68,471.88,67.93,1.0000,0.737319,0.141522,463.05,335.23,0.9431,0.723516,0.698395
1786702257.370883,16.894711,528,29.68,472.25,67.79,1.0000,0.737884,0.141220,463.09,335.21,0.9441,0.723574,0.698353
1786702257.392745,16.916574,529,29.68,472.11,67.88,1.0000,0.737679,0.141409,463.20,335.33,0.9451,0.723750,0.698606
1786702257.429686,16.953514,530,29.68,472.11,67.88,1.0000,0.737676,0.141409,463.10,335.39,0.9461,0.723592,0.698738
1786702257.489232,17.013060,531,29.68,471.98,67.87,1.0000,0.737462,0.141400,463.11,335.85,0.9473,0.723615,0.699695
1786702257.491902,17.015730,532,29.68,471.96,67.84,1.0000,0.737432,0.141340,463.14,335.87,0.9477,0.723663,0.699720
1786702257.527239,17.051067,533,29.65,471.95,67.86,1.0000,0.737429,0.141368,463.30,335.76,0.9484,0.723900,0.699502
1786702257.553945,17.077773,534,29.65,472.08,67.86,1.0000,0.737623,0.141374,463.22,335.68,0.9486,0.723789,0.699336
1786702257.594687,17.118515,535,29.65,472.01,67.83,1.0000,0.737515,0.141314,462.93,335.85,0.9487,0.723327,0.699684
1786702257.621541,17.145369,536,29.65,472.20,67.85,1.0000,0.737813,0.141349,462.87,335.86,0.9488,0.723234,0.699716
1786702257.659240,17.183068,537,29.65,472.61,67.87,1.0000,0.738456,0.141391,462.86,335.98,0.9490,0.723215,0.699961
1786702257.695589,17.219417,538,29.65,472.55,68.01,1.0000,0.738367,0.141697,462.77,335.97,0.9482,0.723074,0.699942
1786702257.729024,17.252852,539,29.65,472.55,68.15,1.0000,0.738357,0.141970,462.78,336.02,0.9476,0.723087,0.700033
1786702257.761599,17.285427,540,29.65,472.55,67.97,1.0000,0.738361,0.141610,462.71,336.05,0.9473,0.722984,0.700106
1786702257.789280,17.313108,541,29.65,472.54,67.98,1.0000,0.738336,0.141630,462.79,335.90,0.9471,0.723103,0.699788
1786702257.843592,17.367420,542,29.65,472.48,67.86,1.0000,0.738253,0.141366,462.84,335.72,0.9474,0.723180,0.699414
1786702257.876766,17.400594,543,29.65,472.35,67.91,1.0000,0.738043,0.141483,462.84,335.75,0.9466,0.723187,0.699472
1786702257.891883,17.415711,544,29.65,472.48,67.88,1.0000,0.738249,0.141410,462.85,335.63,0.9475,0.723206,0.699233
1786702257.924820,17.448648,545,29.65,472.39,67.86,1.0000,0.738115,0.141369,462.79,335.64,0.9481,0.723109,0.699253
1786702257.962735,17.486563,546,29.65,472.36,67.94,1.0000,0.738063,0.141545,462.71,335.64,0.9477,0.722991,0.699257
1786702257.994664,17.518492,547,29.65,472.35,67.98,1.0000,0.738040,0.141623,462.79,335.68,0.9475,0.723107,0.699332
1786702258.026058,17.549886,548,29.65,472.27,67.98,1.0000,0.737930,0.141624,462.79,335.32,0.9450,0.723117,0.698592
1786702258.063038,17.586866,549,29.80,472.73,67.69,1.0000,0.738643,0.141015,462.79,335.52,0.9448,0.723111,0.698990
1786702258.102512,17.626340,550,29.80,472.75,67.69,1.0000,0.738671,0.141018,462.80,335.41,0.9452,0.723125,0.698769
1786702258.118104,17.641932,551,29.80,472.75,67.75,1.0000,0.738667,0.141146,462.85,335.43,0.9453,0.723207,0.698808
1786702258.149583,17.673411,552,29.80,472.57,67.91,1.0000,0.738396,0.141473,462.92,335.42,0.9463,0.723308,0.698795
1786702258.181563,17.705391,553,29.80,472.58,67.97,1.0000,0.738405,0.141596,462.91,335.36,0.9465,0.723296,0.698663
1786702258.240852,17.764680,554,29.80,472.23,67.80,1.0000,0.737855,0.141260,462.91,335.54,0.9453,0.723301,0.699033
1786702258.256143,17.779971,555,29.80,471.72,68.08,1.0000,0.737059,0.141836,463.06,335.67,0.9445,0.723528,0.699309
1786702258.293876,17.817704,556,29.80,471.72,68.07,1.0000,0.737062,0.141822,463.09,335.66,0.9423,0.723583,0.699296
1786702258.325627,17.849455,557,29.80,471.94,68.01,1.0000,0.737407,0.141697,462.94,335.58,0.9413,0.723339,0.699126
1786702258.355809,17.879637,558,29.80,472.10,68.01,1.0000,0.737662,0.141679,463.00,335.57,0.9397,0.723434,0.699112
1786702258.401289,17.925117,559,29.80,472.39,67.90,1.0000,0.738107,0.141465,462.86,335.84,0.9386,0.723221,0.699666
1786702258.418109,17.941937,560,29.80,472.39,67.90,1.0000,0.738107,0.141456,462.89,335.86,0.9395,0.723258,0.699702
1786702258.445890,17.969718,561,29.80,472.55,67.64,1.0000,0.738364,0.140908,462.92,335.89,0.9404,0.723305,0.699771
1786702258.487873,18.011701,562,29.80,472.46,67.46,1.0000,0.738221,0.140541,462.95,335.97,0.9410,0.723355,0.699942
1786702258.507694,18.031523,563,29.80,472.36,67.52,1.0000,0.738066,0.140657,462.98,335.98,0.9418,0.723412,0.699950
1786702258.541846,18.065674,564,29.80,472.34,67.51,1.0000,0.738028,0.140654,462.89,335.86,0.9398,0.723271,0.699716
1786702258.593158,18.116986,565,29.88,471.69,67.88,1.0000,0.737019,0.141420,462.89,335.65,0.9384,0.723270,0.699269
1786702258.608807,18.132635,566,29.88,471.65,67.84,1.0000,0.736946,0.141340,462.85,335.65,0.9388,0.723206,0.699265
1786702258.661806,18.185634,567,29.88,471.65,67.73,1.0000,0.736948,0.141111,463.12,335.73,0.9396,0.723628,0.699434
1786702258.688197,18.212025,568,29.88,471.65,67.70,1.0000,0.736954,0.141035,463.17,335.72,0.9411,0.723703,0.699421
1786702258.742079,18.265908,569,29.88,471.57,67.75,1.0000,0.736824,0.141145,463.21,335.58,0.9418,0.723761,0.699124
1786702258.754301,18.278129,570,29.88,471.54,67.81,1.0000,0.736783,0.141263,463.21,335.54,0.9422,0.723769,0.699037
1786702258.777087,18.300915,571,29.88,471.56,67.79,1.0000,0.736814,0.141238,463.17,335.54,0.9419,0.723696,0.699045
1786702258.811338,18.335166,572,29.88,471.69,67.76,1.0000,0.737008,0.141164,462.92,335.54,0.9407,0.723312,0.699045
1786702258.847580,18.371408,573,29.88,471.47,67.79,1.0000,0.736675,0.141227,462.99,335.61,0.9401,0.723417,0.699187
1786702258.880359,18.404187,574,29.88,471.47,67.61,1.0000,0.736668,0.140861,462.95,335.65,0.9411,0.723360,0.699267
1786702258.921911,18.445740,575,29.88,471.52,67.70,1.0000,0.736742,0.141048,463.00,335.66,0.9402,0.723435,0.699299
1786702258.956055,18.479883,576,29.88,471.56,67.65,1.0000,0.736807,0.140946,462.94,335.72,0.9408,0.723340,0.699410
1786702258.977049,18.500877,577,29.88,471.55,67.54,1.0000,0.736802,0.140707,463.02,335.61,0.9400,0.723464,0.699192
1786702259.020185,18.544013,578,29.88,471.51,67.89,1.0000,0.736734,0.141436,463.13,335.59,0.9414,0.723633,0.699151
1786702259.050899,18.574727,579,29.88,471.48,67.73,1.0000,0.736688,0.141109,463.15,335.74,0.9425,0.723666,0.699463
1786702259.086174,18.610003,580,29.88,471.36,67.73,1.0000,0.736494,0.141096,463.14,335.46,0.9435,0.723656,0.698871
1786702259.128229,18.652057,581,29.99,471.32,67.70,1.0000,0.736432,0.141034,463.15,335.93,0.9455,0.723676,0.699851
1786702259.151292,18.675120,582,29.99,471.19,67.70,1.0000,0.736237,0.141045,463.04,335.79,0.9459,0.723500,0.699556
1786702259.209826,18.733654,583,29.99,471.35,67.63,1.0000,0.736491,0.140886,463.14,335.85,0.9464,0.723653,0.699683
1786702259.228617,18.752445,584,29.99,471.35,67.63,1.0000,0.736479,0.140888,463.16,335.84,0.9465,0.723689,0.699668
1786702259.245891,18.769719,585,29.99,471.35,67.61,1.0000,0.736478,0.140856,463.12,335.77,0.9473,0.723620,0.699520
1786702259.279046,18.802874,586,29.99,471.37,67.61,1.0000,0.736521,0.140861,462.83,335.75,0.9468,0.723172,0.699483
1786702259.323910,18.847739,587,29.99,471.41,68.20,1.0000,0.736583,0.142076,462.66,335.73,0.9460,0.722904,0.699443
1786702259.348011,18.871839,588,29.99,472.07,68.11,1.0000,0.737617,0.141895,462.66,335.79,0.9450,0.722904,0.699558
1786702259.412144,18.935972,589,29.99,472.10,68.09,1.0000,0.737653,0.141844,462.69,335.70,0.9464,0.722956,0.699381
1786702259.420379,18.944207,590,29.99,472.10,68.18,1.0000,0.737651,0.142039,462.73,335.68,0.9448,0.723011,0.699333
1786702259.460082,18.983910,591,29.99,472.11,68.27,1.0000,0.737674,0.142227,462.70,335.43,0.9432,0.722972,0.698822
1786702259.495481,19.019309,592,29.99,471.90,68.27,1.0000,0.737340,0.142234,462.71,335.45,0.9436,0.722990,0.698854
1786702259.531556,19.055384,593,29.99,471.92,68.24,1.0000,0.737382,0.142158,462.70,335.23,0.9428,0.722975,0.698403
1786702259.565696,19.089524,594,29.99,471.98,68.27,1.0000,0.737476,0.142224,462.62,335.28,0.9423,0.722845,0.698492
1786702259.594332,19.118160,595,29.99,471.96,68.15,1.0000,0.737437,0.141970,462.69,334.89,0.9418,0.722955,0.697687
1786702259.631030,19.154858,596,29.83,472.06,68.10,1.0000,0.737597,0.141868,462.31,334.84,0.9414,0.722361,0.697587
1786702259.648056,19.171884,597,29.83,472.02,68.08,1.0000,0.737530,0.141836,462.33,334.82,0.9420,0.722387,0.697547
1786702259.693357,19.217185,598,29.83,471.96,68.06,1.0000,0.737435,0.141793,462.35,334.88,0.9428,0.722417,0.697662
1786702259.734627,19.258455,599,29.83,472.12,67.83,1.0000,0.737695,0.141305,462.47,335.03,0.9443,0.722613,0.697975
1786702259.760615,19.284443,600,29.83,471.98,67.81,1.0000,0.737465,0.141280,462.41,335.07,0.9440,0.722515,0.698067
1786702259.790879,19.314707,601,29.83,471.98,67.71,1.0000,0.737466,0.141054,462.39,335.12,0.9431,0.722480,0.698175
1786702259.832562,19.356390,602,29.83,471.98,67.70,1.0000,0.737466,0.141048,462.23,335.27,0.9415,0.722237,0.698470
1786702259.860420,19.384248,603,29.83,471.97,67.70,1.0000,0.737452,0.141048,462.22,335.14,0.9418,0.722213,0.698215
1786702259.890604,19.414432,604,29.83,472.20,67.67,1.0000,0.737813,0.140981,462.22,334.91,0.9420,0.722213,0.697724
1786702259.936921,19.460749,605,29.83,472.07,67.84,1.0000,0.737617,0.141332,462.51,334.99,0.9430,0.722674,0.697901
1786702259.960622,19.484450,606,29.83,472.27,68.28,1.0000,0.737920,0.142250,462.60,335.50,0.9436,0.722815,0.698961
1786702260.031633,19.555461,608,29.83,472.26,67.83,1.0000,0.737902,0.141309,462.47,335.22,0.9420,0.722606,0.698380
1786702260.054695,19.578523,609,29.83,472.28,68.05,1.0000,0.737933,0.141779,462.35,335.31,0.9405,0.722423,0.698558
1786702260.088323,19.612151,610,29.83,472.29,68.05,1.0000,0.737955,0.141765,462.35,335.26,0.9405,0.722422,0.698453
1786702260.144281,19.668109,611,29.34,472.26,67.98,1.0000,0.737907,0.141619,462.26,335.22,0.9399,0.722280,0.698385
1786702260.160296,19.684124,612,29.34,472.28,67.97,1.0000,0.737931,0.141602,462.25,335.25,0.9401,0.722271,0.698444
1786702260.191059,19.714887,613,29.34,472.19,67.97,1.0000,0.737795,0.141596,462.25,335.23,0.9405,0.722272,0.698405
1786702260.222305,19.746133,614,29.34,472.11,67.99,1.0000,0.737673,0.141638,462.24,335.25,0.9407,0.722250,0.698441
1786702260.257965,19.781793,615,29.34,472.10,67.92,1.0000,0.737659,0.141490,462.23,335.05,0.9408,0.722232,0.698020
1786702260.295950,19.819778,616,29.34,472.11,67.85,1.0000,0.737678,0.141357,462.30,335.00,0.9404,0.722349,0.697920
1786702260.329203,19.853031,617,29.34,472.10,67.85,1.0000,0.737660,0.141355,462.32,335.03,0.9399,0.722374,0.697979
1786702260.348064,19.871892,618,29.34,472.10,67.84,1.0000,0.737659,0.141325,462.38,335.11,0.9392,0.722464,0.698156
1786702260.390169,19.913997,619,29.34,471.92,67.83,1.0000,0.737375,0.141323,462.37,335.02,0.9391,0.722461,0.697962
1786702260.431308,19.955136,620,29.34,471.67,67.83,1.0000,0.736989,0.141317,462.45,335.12,0.9388,0.722580,0.698162
1786702260.466381,19.990209,621,29.34,471.67,67.80,1.0000,0.736983,0.141251,462.56,335.19,0.9380,0.722754,0.698320
1786702260.495054,20.018883,622,29.34,471.72,67.81,1.0000,0.737067,0.141270,462.58,335.40,0.9386,0.722785,0.698750
1786702260.531362,20.055190,623,29.34,471.61,67.81,1.0000,0.736891,0.141266,462.66,335.29,0.9392,0.722913,0.698527
1786702260.563626,20.087454,624,29.34,471.58,67.79,1.0000,0.736839,0.141238,462.71,334.68,0.9406,0.722981,0.697256
1786702260.598853,20.122681,625,29.34,471.52,67.79,1.0000,0.736745,0.141227,462.68,334.86,0.9379,0.722939,0.697631
1786702260.617136,20.140964,626,29.34,471.53,67.71,1.0000,0.736763,0.141060,462.68,334.87,0.9392,0.722938,0.697637
1786702260.669397,20.193225,627,29.56,471.53,67.72,1.0000,0.736760,0.141089,462.40,335.18,0.9396,0.722495,0.698283
1786702260.687942,20.211770,628,29.56,471.51,67.70,1.0000,0.736742,0.141038,462.37,335.21,0.9382,0.722451,0.698354
1786702260.715813,20.239641,629,29.56,471.54,67.67,1.0000,0.736787,0.140986,462.47,335.14,0.9382,0.722605,0.698207
1786702260.759095,20.282923,630,29.56,471.62,67.66,1.0000,0.736911,0.140966,462.50,335.08,0.9397,0.722663,0.698086
1786702260.801228,20.325056,631,29.56,471.75,67.64,1.0000,0.737105,0.140926,462.48,335.34,0.9405,0.722627,0.698621
1786702260.821345,20.345173,632,29.56,471.69,67.62,1.0000,0.737018,0.140873,462.57,335.34,0.9399,0.722761,0.698633
1786702260.863271,20.387099,633,29.56,471.78,67.69,1.0000,0.737153,0.141019,462.54,335.63,0.9387,0.722719,0.699239
1786702260.910108,20.433936,634,29.56,471.94,67.71,1.0000,0.737408,0.141064,462.49,335.75,0.9386,0.722642,0.699480
1786702260.926532,20.450360,635,29.56,471.83,67.71,1.0000,0.737241,0.141068,462.47,335.77,0.9384,0.722604,0.699528
1786702260.962001,20.485829,636,29.56,472.34,67.63,1.0000,0.738027,0.140904,462.53,335.76,0.9385,0.722697,0.699500
1786702260.988576,20.512404,637,29.56,472.43,67.57,1.0000,0.738171,0.140767,462.53,335.77,0.9393,0.722709,0.699525
1786702261.014589,20.538417,638,29.56,472.61,67.56,1.0000,0.738458,0.140748,462.75,335.67,0.9406,0.723053,0.699305
1786702261.057931,20.581759,639,29.56,472.91,67.56,1.0000,0.738918,0.140748,462.93,335.69,0.9418,0.723321,0.699348
1786702261.089419,20.613247,640,29.56,472.80,67.55,1.0000,0.738757,0.140736,463.18,335.68,0.9433,0.723725,0.699325
1786702261.105051,20.628879,641,29.56,472.80,67.60,1.0000,0.738751,0.140832,463.17,335.67,0.9426,0.723708,0.699303
1786702261.157756,20.681584,642,29.56,472.69,67.62,1.0000,0.738576,0.140872,463.08,335.76,0.9423,0.723565,0.699492
1786702261.177004,20.700832,643,30.04,472.73,67.62,1.0000,0.738639,0.140876,463.21,335.58,0.9432,0.723767,0.699120
1786702261.216436,20.740264,644,30.04,472.77,67.65,1.0000,0.738698,0.140934,463.24,335.57,0.9438,0.723811,0.699102
1786702261.307754,20.831582,646,30.04,472.94,67.69,1.0000,0.738972,0.141023,463.19,335.72,0.9432,0.723738,0.699422
1786702261.310330,20.834158,647,30.04,472.94,67.65,1.0000,0.738975,0.140935,463.23,335.53,0.9446,0.723795,0.699020
1786702261.358274,20.882102,648,30.04,472.93,67.80,1.0000,0.738957,0.141253,463.34,335.78,0.9453,0.723971,0.699550
1786702261.397297,20.921125,649,30.04,472.93,67.99,1.0000,0.738956,0.141647,463.50,335.64,0.9460,0.724213,0.699252
1786702261.426256,20.950084,650,30.04,472.96,67.99,1.0000,0.738993,0.141637,463.32,335.55,0.9460,0.723933,0.699058
1786702261.460937,20.984765,651,30.04,472.96,68.12,1.0000,0.738992,0.141911,463.19,335.63,0.9459,0.723728,0.699233
1786702261.487409,21.011237,652,30.04,473.16,68.22,1.0000,0.739316,0.142116,463.08,335.63,0.9456,0.723563,0.699236
1786702261.536111,21.059939,653,30.04,473.21,68.17,1.0000,0.739392,0.142014,463.12,335.66,0.9457,0.723632,0.699297
1786702261.551379,21.075207,654,30.04,473.22,68.17,1.0000,0.739402,0.142023,463.10,335.41,0.9443,0.723588,0.698781
1786702261.597620,21.121449,655,30.04,472.94,68.23,1.0000,0.738977,0.142145,463.25,335.47,0.9446,0.723824,0.698900
1786702261.632512,21.156340,656,30.04,472.95,68.26,1.0000,0.738987,0.142216,463.25,335.48,0.9438,0.723821,0.698908
1786702261.663652,21.187480,657,30.04,473.04,68.32,1.0000,0.739132,0.142329,463.26,335.47,0.9438,0.723851,0.698904
1786702261.689684,21.213512,658,29.42,473.06,68.11,1.0000,0.739161,0.141901,463.21,335.49,0.9429,0.723769,0.698937
1786702261.722920,21.246748,659,29.42,473.07,68.26,1.0000,0.739170,0.142204,463.29,335.46,0.9441,0.723887,0.698874
1786702261.757723,21.281551,660,29.42,473.05,68.07,1.0000,0.739140,0.141817,463.02,335.45,0.9433,0.723471,0.698854
1786702261.797683,21.321511,661,29.42,472.98,67.73,1.0000,0.739036,0.141101,463.07,335.42,0.9443,0.723541,0.698787
1786702261.840238,21.364066,662,29.42,473.16,67.46,1.0000,0.739313,0.140544,463.09,335.12,0.9441,0.723585,0.698160
1786702261.884659,21.408487,663,29.42,473.16,67.79,1.0000,0.739318,0.141225,462.99,334.84,0.9435,0.723423,0.697586
1786702261.887239,21.411067,664,29.42,473.19,67.82,1.0000,0.739365,0.141297,462.79,334.85,0.9427,0.723111,0.697597
1786702261.923650,21.447478,665,29.42,473.07,67.82,1.0000,0.739177,0.141301,462.77,334.93,0.9423,0.723076,0.697779
1786702261.958556,21.482384,666,29.42,473.25,67.47,1.0000,0.739460,0.140567,462.78,335.14,0.9433,0.723096,0.698216
1786702261.992830,21.516658,667,29.42,473.22,67.54,1.0000,0.739400,0.140712,462.77,335.22,0.9429,0.723077,0.698372
1786702262.024991,21.548819,668,29.42,473.16,67.81,1.0000,0.739307,0.141268,462.72,335.18,0.9430,0.723004,0.698290
1786702262.076101,21.599929,669,29.42,473.16,67.82,1.0000,0.739313,0.141284,462.60,335.21,0.9428,0.722820,0.698351
1786702262.098849,21.622677,670,29.42,473.24,67.73,1.0000,0.739439,0.141103,462.63,335.13,0.9438,0.722857,0.698194
1786702262.123133,21.646961,671,29.42,473.18,68.06,1.0000,0.739349,0.141789,462.70,335.13,0.9444,0.722961,0.698190
1786702262.157120,21.680948,672,29.42,473.21,68.03,1.0000,0.739390,0.141736,462.77,335.39,0.9459,0.723070,0.698726
1786702262.200696,21.724524,673,29.37,473.20,67.94,1.0000,0.739375,0.141551,462.73,335.48,0.9452,0.723017,0.698909
1786702262.218459,21.742287,674,29.37,473.29,67.94,1.0000,0.739508,0.141548,462.71,335.43,0.9450,0.722985,0.698814
1786702262.263616,21.787444,675,29.37,473.41,67.81,1.0000,0.739708,0.141281,462.62,335.44,0.9448,0.722849,0.698824
1786702262.292985,21.816813,676,29.37,473.44,67.81,1.0000,0.739756,0.141265,462.63,335.58,0.9450,0.722859,0.699119
1786702262.321741,21.845569,677,29.37,473.45,67.43,1.0000,0.739761,0.140479,462.94,335.61,0.9449,0.723349,0.699190
1786702262.358646,21.882474,678,29.37,473.56,67.45,1.0000,0.739940,0.140511,463.09,335.41,0.9461,0.723576,0.698767
1786702262.393573,21.917401,679,29.37,473.56,67.46,1.0000,0.739938,0.140551,463.04,335.66,0.9448,0.723501,0.699300
1786702262.426018,21.949846,680,29.37,473.54,67.47,1.0000,0.739913,0.140553,463.06,335.60,0.9463,0.723529,0.699164
1786702262.460485,21.984313,681,29.37,473.46,67.47,1.0000,0.739784,0.140558,463.10,335.95,0.9469,0.723597,0.699894
1786702262.494395,22.018224,682,29.37,473.15,67.55,1.0000,0.739304,0.140722,463.24,336.00,0.9469,0.723805,0.700005
1786702262.530750,22.054578,683,29.37,473.10,67.65,1.0000,0.739222,0.140940,463.37,335.77,0.9463,0.724020,0.699516
1786702262.580398,22.104226,684,29.37,473.11,68.44,1.0000,0.739237,0.142588,463.46,336.16,0.9466,0.724152,0.700330
1786702262.595541,22.119370,685,29.37,473.06,68.41,1.0000,0.739149,0.142523,463.51,336.02,0.9462,0.724241,0.700033
1786702262.636863,22.160691,686,29.37,473.05,68.10,1.0000,0.739148,0.141868,463.50,335.91,0.9457,0.724223,0.699814
1786702262.660699,22.184527,687,29.37,473.19,67.99,1.0000,0.739363,0.141654,463.55,335.91,0.9459,0.724293,0.699816
1786702262.676193,22.200021,688,29.37,473.23,68.04,1.0000,0.739428,0.141747,463.34,335.91,0.9443,0.723971,0.699814
1786702262.731689,22.255517,689,29.57,473.20,68.51,1.0000,0.739368,0.142731,463.14,335.87,0.9441,0.723652,0.699729
1786702262.771794,22.295622,690,29.57,473.20,68.13,1.0000,0.739372,0.141933,463.12,335.51,0.9447,0.723630,0.698988
1786702262.803624,22.327452,691,29.57,472.76,67.98,1.0000,0.738688,0.141629,463.14,335.44,0.9447,0.723649,0.698825
1786702262.818548,22.342376,692,29.57,472.70,68.23,1.0000,0.738594,0.142152,463.17,335.83,0.9435,0.723701,0.699652
1786702262.866610,22.390438,693,29.57,472.67,68.16,1.0000,0.738545,0.141998,463.10,335.94,0.9430,0.723588,0.699883
1786702262.898545,22.422373,694,29.57,472.14,67.90,1.0000,0.737724,0.141465,463.06,335.59,0.9424,0.723528,0.699139
1786702262.946644,22.470472,695,29.57,472.00,67.91,1.0000,0.737507,0.141489,463.11,335.58,0.9424,0.723608,0.699125
1786702262.962422,22.486250,696,29.57,471.81,68.52,1.0000,0.737206,0.142754,463.28,335.87,0.9423,0.723870,0.699727
1786702263.007313,22.531141,697,29.57,471.84,68.33,1.0000,0.737250,0.142361,463.09,335.86,0.9421,0.723582,0.699703
1786702263.036487,22.560315,698,29.57,471.93,67.74,1.0000,0.737384,0.141117,463.00,335.06,0.9411,0.723433,0.698035
1786702263.068048,22.591877,699,29.57,472.06,67.64,1.0000,0.737594,0.140916,463.00,335.08,0.9404,0.723439,0.698090
1786702263.101169,22.624997,700,29.57,471.42,68.98,1.0000,0.736591,0.143717,463.00,335.27,0.9392,0.723432,0.698486
1786702263.126754,22.650582,701,29.57,471.54,68.87,1.0000,0.736775,0.143487,462.78,335.31,0.9382,0.723095,0.698560
1786702263.194622,22.718450,702,29.57,471.59,67.87,1.0000,0.736853,0.141402,462.74,335.08,0.9387,0.723036,0.698079
1786702263.201631,22.725459,703,29.57,471.59,67.82,1.0000,0.736864,0.141284,462.77,335.08,0.9398,0.723077,0.698073
1786702263.230078,22.753906,704,29.65,471.60,68.24,1.0000,0.736875,0.142164,462.78,335.12,0.9388,0.723088,0.698173
1786702263.261544,22.785372,705,29.65,471.69,68.07,1.0000,0.737009,0.141804,462.73,335.12,0.9392,0.723013,0.698177
1786702263.305545,22.829373,706,29.65,471.99,67.73,1.0000,0.737491,0.141102,462.52,335.08,0.9376,0.722680,0.698088
1786702263.331434,22.855262,707,29.65,472.10,67.61,1.0000,0.737655,0.140859,462.55,335.10,0.9371,0.722729,0.698133
1786702263.372875,22.896703,708,29.65,472.28,67.61,1.0000,0.737940,0.140846,462.47,335.14,0.9368,0.722602,0.698203
1786702263.401578,22.925406,709,29.65,472.56,67.35,1.0000,0.738379,0.140310,462.43,335.18,0.9361,0.722540,0.698300
1786702263.434934,22.958762,710,29.65,472.65,67.15,1.0000,0.738511,0.139889,462.54,335.11,0.9364,0.722712,0.698147
1786702263.460754,22.984582,711,29.65,472.92,67.14,1.0000,0.738942,0.139882,462.66,335.20,0.9378,0.722904,0.698340
1786702263.508069,23.031897,712,29.65,473.06,67.03,1.0000,0.739159,0.139656,462.64,335.31,0.9380,0.722878,0.698552
1786702263.535846,23.059674,713,29.65,473.04,67.00,1.0000,0.739131,0.139577,462.63,335.54,0.9366,0.722866,0.699033
1786702263.554672,23.078501,714,29.65,472.91,67.01,1.0000,0.738920,0.139602,462.70,335.50,0.9372,0.722976,0.698966
1786702263.599350,23.123178,715,29.65,472.61,67.01,1.0000,0.738455,0.139598,462.67,335.41,0.9365,0.722921,0.698762
1786702263.630025,23.153853,716,29.65,472.72,66.97,1.0000,0.738620,0.139521,462.58,335.13,0.9360,0.722782,0.698196
1786702263.660057,23.183885,717,29.65,472.72,66.95,1.0000,0.738618,0.139483,462.54,334.87,0.9352,0.722722,0.697653
1786702263.687855,23.211683,718,29.65,472.86,67.13,1.0000,0.738840,0.139864,462.54,334.94,0.9361,0.722713,0.697787
1786702263.718657,23.242485,719,29.65,472.88,67.24,1.0000,0.738876,0.140091,462.58,335.00,0.9370,0.722776,0.697920
1786702263.762707,23.286535,720,29.73,472.88,67.40,1.0000,0.738879,0.140407,462.64,334.80,0.9374,0.722875,0.697492
1786702263.803270,23.327098,721,29.73,472.96,67.39,1.0000,0.738999,0.140386,462.66,335.49,0.9356,0.722906,0.698948
1786702263.823949,23.347777,722,29.73,473.04,67.39,1.0000,0.739119,0.140400,462.63,335.38,0.9363,0.722866,0.698709
1786702263.878631,23.402459,723,29.73,473.04,67.38,1.0000,0.739124,0.140378,463.12,335.44,0.9376,0.723622,0.698842
1786702263.896695,23.420523,724,29.73,473.03,67.38,1.0000,0.739115,0.140369,463.18,335.45,0.9363,0.723719,0.698857
1786702263.930200,23.454028,725,29.73,473.18,67.31,1.0000,0.739340,0.140228,463.16,335.48,0.9363,0.723692,0.698912
1786702263.968328,23.492156,726,29.73,473.52,67.59,1.0000,0.739868,0.140813,463.02,335.49,0.9345,0.723468,0.698935
1786702263.996719,23.520547,727,29.73,473.54,67.53,1.0000,0.739909,0.140682,462.98,335.43,0.9347,0.723409,0.698806
1786702264.030705,23.554533,728,29.73,474.16,67.53,1.0000,0.740882,0.140683,462.92,335.43,0.9343,0.723313,0.698804
1786702264.058705,23.582533,729,29.73,474.16,67.26,1.0000,0.740871,0.140122,462.94,335.42,0.9341,0.723338,0.698788
1786702264.095201,23.619029,730,29.73,474.77,67.35,1.0000,0.741822,0.140304,462.83,335.39,0.9361,0.723171,0.698738
1786702264.127817,23.651645,731,29.73,474.76,67.26,1.0000,0.741814,0.140126,462.92,335.42,0.9355,0.723315,0.698784
1786702264.156384,23.680212,732,29.73,474.76,67.24,1.0000,0.741812,0.140079,463.17,335.55,0.9327,0.723707,0.699060
1786702264.194907,23.718735,733,29.73,474.76,67.19,1.0000,0.741809,0.139972,463.19,335.67,0.9333,0.723735,0.699304
1786702264.212647,23.736475,734,29.73,474.64,67.19,1.0000,0.741620,0.139975,463.07,335.70,0.9327,0.723553,0.699383
1786702264.256836,23.780664,735,29.73,474.63,67.15,1.0000,0.741612,0.139898,462.98,335.76,0.9320,0.723410,0.699502
1786702264.283005,23.806833,736,29.95,474.79,67.34,1.0000,0.741860,0.140286,463.07,335.52,0.9333,0.723554,0.699010
1786702264.314604,23.838432,737,29.95,474.79,67.27,1.0000,0.741853,0.140151,463.05,335.61,0.9329,0.723513,0.699186
1786702264.354395,23.878223,738,29.95,474.80,67.27,1.0000,0.741873,0.140146,463.10,335.11,0.9351,0.723596,0.698145
1786702264.380780,23.904608,739,29.95,474.63,67.27,1.0000,0.741606,0.140143,463.07,335.09,0.9364,0.723552,0.698102
1786702264.417672,23.941500,740,29.95,474.63,67.23,1.0000,0.741604,0.140071,463.28,335.10,0.9379,0.723878,0.698123
1786702264.449761,23.973589,741,29.95,474.64,67.14,1.0000,0.741626,0.139870,463.38,335.11,0.9389,0.724024,0.698139
1786702264.481235,24.005063,742,29.95,474.64,67.25,1.0000,0.741629,0.140094,463.36,335.06,0.9407,0.723996,0.698033
1786702264.510087,24.033915,743,29.95,474.60,67.25,1.0000,0.741560,0.140112,463.31,334.95,0.9403,0.723914,0.697812
1786702264.547459,24.071287,744,29.95,474.60,67.12,1.0000,0.741562,0.139840,463.21,335.22,0.9403,0.723764,0.698368
1786702264.584543,24.108371,745,29.95,474.60,67.18,1.0000,0.741555,0.139957,462.81,335.13,0.9402,0.723134,0.698188
1786702264.632452,24.156280,746,29.95,474.48,67.14,1.0000,0.741368,0.139878,462.85,335.24,0.9411,0.723210,0.698425
1786702264.648253,24.172081,747,29.95,474.48,67.03,1.0000,0.741372,0.139655,462.85,335.13,0.9422,0.723197,0.698186
1786702264.676820,24.200648,748,29.95,474.52,67.00,1.0000,0.741436,0.139577,462.87,335.21,0.9433,0.723235,0.698357
1786702264.715308,24.239136,749,29.95,474.59,67.00,1.0000,0.741540,0.139581,462.87,334.84,0.9433,0.723233,0.697573
1786702264.755814,24.279642,750,29.95,474.58,67.00,1.0000,0.741527,0.139579,462.88,334.76,0.9429,0.723248,0.697425
1786702264.795558,24.319386,751,29.83,474.61,66.89,1.0000,0.741580,0.139352,462.90,334.82,0.9426,0.723277,0.697539
1786702264.812833,24.336661,752,29.83,474.50,66.89,1.0000,0.741404,0.139350,462.90,334.71,0.9433,0.723276,0.697318
1786702264.857600,24.381428,753,29.83,474.39,66.93,1.0000,0.741231,0.139444,462.94,334.86,0.9429,0.723341,0.697620
1786702264.896075,24.419903,754,29.83,474.35,66.95,1.0000,0.741179,0.139485,462.64,335.06,0.9413,0.722880,0.698048
1786702264.921122,24.444950,755,29.83,474.33,66.95,1.0000,0.741133,0.139484,462.69,335.38,0.9415,0.722961,0.698715
1786702264.961485,24.485313,756,29.83,474.08,67.06,1.0000,0.740747,0.139700,462.84,335.39,0.9424,0.723186,0.698723
1786702265.005079,24.528907,757,29.83,473.96,67.28,1.0000,0.740557,0.140176,462.87,335.37,0.9421,0.723239,0.698697
1786702265.035497,24.559325,758,29.83,473.90,67.28,1.0000,0.740468,0.140170,462.93,335.24,0.9430,0.723321,0.698425
1786702265.065039,24.588867,759,29.83,473.89,67.34,1.0000,0.740459,0.140283,462.99,335.28,0.9421,0.723423,0.698499
1786702265.104615,24.628443,760,29.83,473.83,67.79,1.0000,0.740363,0.141233,462.93,335.18,0.9400,0.723323,0.698288
1786702265.145685,24.669513,761,29.83,474.15,67.83,1.0000,0.740857,0.141306,462.91,335.45,0.9386,0.723294,0.698856
1786702265.159722,24.683550,762,29.83,474.12,67.83,1.0000,0.740813,0.141314,462.84,335.34,0.9397,0.723183,0.698620
1786702265.198789,24.722617,763,29.83,474.11,67.81,1.0000,0.740794,0.141277,462.78,335.45,0.9401,0.723091,0.698849
1786702265.224391,24.748219,764,29.83,474.06,67.81,1.0000,0.740726,0.141275,462.74,335.27,0.9385,0.723038,0.698489
1786702265.275125,24.798953,765,29.83,474.00,67.81,1.0000,0.740619,0.141275,462.86,335.08,0.9394,0.723219,0.698079
1786702265.288851,24.812679,766,29.83,473.80,67.84,1.0000,0.740320,0.141334,462.82,335.23,0.9396,0.723156,0.698390
1786702265.336183,24.860011,767,29.83,473.67,67.85,1.0000,0.740115,0.141346,462.67,335.37,0.9404,0.722926,0.698689
1786702265.357970,24.881798,768,29.83,473.67,67.85,1.0000,0.740115,0.141345,462.59,335.48,0.9412,0.722799,0.698912
1786702265.399576,24.923404,769,29.83,474.14,67.81,1.0000,0.740850,0.141276,462.77,335.35,0.9429,0.723076,0.698644
1786702265.417045,24.940873,770,29.83,474.34,67.86,1.0000,0.741149,0.141370,462.79,335.44,0.9425,0.723112,0.698828
1786702265.461474,24.985302,771,29.83,474.22,67.93,1.0000,0.740976,0.141526,462.48,335.45,0.9399,0.722623,0.698851
1786702265.485132,25.008960,772,29.83,474.15,67.98,1.0000,0.740862,0.141630,462.52,335.54,0.9402,0.722688,0.699043
1786702265.519755,25.043583,773,29.83,474.17,67.96,1.0000,0.740893,0.141592,462.53,335.63,0.9400,0.722699,0.699225
1786702265.564367,25.088195,774,29.83,474.02,67.88,1.0000,0.740649,0.141420,462.58,335.57,0.9405,0.722783,0.699096
1786702265.601753,25.125581,775,29.83,474.03,67.86,1.0000,0.740670,0.141371,462.71,335.59,0.9407,0.722977,0.699146
1786702265.628604,25.152432,776,29.83,474.09,67.78,1.0000,0.740768,0.141214,462.73,335.94,0.9406,0.723014,0.699883
1786702265.668089,25.191917,777,29.83,474.29,67.68,1.0000,0.741072,0.141007,462.95,335.83,0.9420,0.723358,0.699650
1786702265.699796,25.223624,778,29.83,474.32,67.63,1.0000,0.741126,0.140902,462.97,335.85,0.9427,0.723398,0.699686
1786702265.715599,25.239427,779,29.83,474.43,67.36,1.0000,0.741300,0.140343,463.08,335.87,0.9421,0.723556,0.699722
1786702265.758593,25.282421,780,29.83,474.43,67.33,1.0000,0.741299,0.140279,463.20,335.77,0.9430,0.723755,0.699513
1786702265.812085,25.335913,781,29.68,474.43,67.49,1.0000,0.741303,0.140614,463.23,335.80,0.9435,0.723802,0.699579
1786702265.823472,25.347300,782,29.68,474.46,67.48,1.0000,0.741345,0.140575,463.60,335.81,0.9459,0.724369,0.699597
1786702265.861979,25.385807,783,29.68,474.60,67.47,1.0000,0.741570,0.140557,463.68,335.80,0.9469,0.724500,0.699587
1786702265.906087,25.429915,784,29.68,474.78,67.47,1.0000,0.741840,0.140554,463.66,335.83,0.9483,0.724468,0.699637
1786702265.926452,25.450280,785,29.68,474.72,67.49,1.0000,0.741748,0.140600,463.66,335.75,0.9481,0.724476,0.699488
1786702265.974856,25.498684,786,29.68,474.59,67.49,1.0000,0.741539,0.140595,463.66,335.60,0.9480,0.724467,0.699173
1786702266.016614,25.540442,787,29.68,474.71,67.42,1.0000,0.741734,0.140452,463.78,335.41,0.9484,0.724661,0.698781
1786702266.032475,25.556304,788,29.68,474.61,67.46,1.0000,0.741574,0.140532,463.81,335.27,0.9473,0.724698,0.698480
1786702266.062317,25.586145,789,29.68,474.52,67.39,1.0000,0.741436,0.140392,463.86,335.34,0.9466,0.724782,0.698635
1786702266.099325,25.623153,790,29.68,474.47,67.27,1.0000,0.741365,0.140144,463.93,335.39,0.9460,0.724887,0.698725
1786702266.115888,25.639716,791,29.68,474.47,67.24,1.0000,0.741362,0.140084,464.00,335.39,0.9464,0.724998,0.698739
1786702266.154281,25.678109,792,29.68,474.46,67.21,1.0000,0.741341,0.140027,463.99,335.33,0.9462,0.724991,0.698608
1786702266.193904,25.717732,793,29.68,474.31,67.22,1.0000,0.741115,0.140037,464.02,335.34,0.9460,0.725025,0.698634
1786702266.236632,25.760460,794,29.68,473.98,67.30,1.0000,0.740597,0.140203,464.12,335.33,0.9462,0.725193,0.698594
1786702266.265723,25.789551,795,29.68,473.95,67.29,1.0000,0.740540,0.140186,464.14,335.47,0.9465,0.725218,0.698890
1786702266.288624,25.812452,796,29.68,474.02,67.29,1.0000,0.740660,0.140193,464.08,335.53,0.9457,0.725131,0.699017
1786702266.322697,25.846525,797,30.03,474.02,67.31,1.0000,0.740658,0.140225,464.16,335.45,0.9443,0.725249,0.698859
1786702266.359700,25.883528,798,30.03,474.02,67.31,1.0000,0.740656,0.140223,464.12,335.46,0.9459,0.725194,0.698881
1786702266.391037,25.914865,799,30.03,474.03,67.28,1.0000,0.740664,0.140165,464.03,335.55,0.9464,0.725049,0.699061
1786702266.431031,25.954859,800,30.03,473.78,67.47,1.0000,0.740286,0.140559,464.03,335.54,0.9467,0.725049,0.699049
1786702266.460097,25.983925,801,30.03,473.81,67.49,1.0000,0.740333,0.140600,463.83,335.43,0.9458,0.724737,0.698804
1786702266.494476,26.018304,802,30.03,473.86,67.52,1.0000,0.740408,0.140661,463.54,335.41,0.9441,0.724278,0.698775
1786702266.534965,26.058793,803,30.03,473.95,67.52,1.0000,0.740548,0.140667,463.46,335.40,0.9455,0.724154,0.698753
1786702266.560112,26.083940,804,30.03,474.09,67.59,1.0000,0.740762,0.140817,463.45,335.41,0.9464,0.724136,0.698772
1786702266.599669,26.123497,805,30.03,474.17,67.53,1.0000,0.740884,0.140689,463.43,335.47,0.9457,0.724106,0.698890
1786702266.637054,26.160882,806,30.03,474.13,67.54,1.0000,0.740822,0.140715,463.53,335.49,0.9458,0.724259,0.698933
1786702266.649596,26.173424,807,30.03,474.13,67.55,1.0000,0.740823,0.140732,463.45,335.60,0.9459,0.724137,0.699168
1786702266.687459,26.211287,808,30.03,474.13,67.48,1.0000,0.740829,0.140578,463.49,335.58,0.9467,0.724203,0.699134
1786702266.730056,26.253884,809,30.03,474.88,67.48,1.0000,0.741997,0.140585,463.17,335.54,0.9452,0.723697,0.699039
1786702266.751570,26.275398,810,30.03,474.83,67.48,1.0000,0.741919,0.140586,463.25,335.51,0.9455,0.723833,0.698983
1786702266.806183,26.330011,811,30.03,474.76,67.50,1.0000,0.741815,0.140620,463.23,335.47,0.9460,0.723802,0.698886
1786702266.861393,26.385221,812,29.58,474.74,67.72,1.0000,0.741784,0.141076,463.24,335.35,0.9445,0.723806,0.698643
1786702266.869560,26.393388,813,29.58,474.72,67.66,1.0000,0.741746,0.140963,463.25,335.36,0.9441,0.723824,0.698663
1786702266.898519,26.422347,814,29.58,474.69,67.66,1.0000,0.741701,0.140950,463.50,335.33,0.9444,0.724214,0.698594
1786702266.927726,26.451554,815,29.58,474.50,67.59,1.0000,0.741404,0.140819,463.58,335.39,0.9449,0.724340,0.698737
1786702266.970425,26.494253,816,29.58,474.48,67.54,1.0000,0.741370,0.140700,463.70,335.41,0.9459,0.724526,0.698779
1786702267.021409,26.545237,817,29.58,474.20,67.33,1.0000,0.740933,0.140261,463.62,335.55,0.9446,0.724404,0.699062
1786702267.028669,26.552497,818,29.58,474.08,67.33,1.0000,0.740752,0.140266,463.71,335.65,0.9457,0.724544,0.699261
1786702267.062974,26.586802,819,29.58,473.95,67.34,1.0000,0.740544,0.140283,463.71,335.64,0.9458,0.724549,0.699254
1786702267.097429,26.621257,820,29.58,473.87,67.33,1.0000,0.740414,0.140271,463.51,335.67,0.9457,0.724238,0.699303
1786702267.128741,26.652569,821,29.58,473.87,67.24,1.0000,0.740416,0.140092,463.34,335.76,0.9453,0.723970,0.699504
1786702267.163376,26.687204,822,29.58,474.15,67.26,1.0000,0.740866,0.140118,463.22,335.81,0.9455,0.723777,0.699597
1786702267.198223,26.722051,823,29.58,474.15,67.29,1.0000,0.740862,0.140193,463.03,335.90,0.9448,0.723478,0.699787
1786702267.232655,26.756483,824,29.58,474.23,67.27,1.0000,0.740978,0.140136,462.98,335.91,0.9421,0.723412,0.699812
1786702267.256725,26.780553,825,29.58,474.31,67.26,1.0000,0.741104,0.140134,463.26,335.70,0.9428,0.723837,0.699385
1786702267.295568,26.819396,826,29.58,474.31,67.27,1.0000,0.741102,0.140137,463.17,335.55,0.9417,0.723704,0.699065
1786702267.330101,26.853929,827,29.58,474.30,67.24,1.0000,0.741089,0.140077,463.19,335.57,0.9412,0.723732,0.699102
1786702267.362190,26.886018,828,29.58,474.30,67.26,1.0000,0.741087,0.140120,463.17,335.72,0.9415,0.723696,0.699421
1786702267.399146,26.922974,829,29.98,474.32,67.23,1.0000,0.741118,0.140065,463.19,335.55,0.9418,0.723739,0.699061
1786702267.426186,26.950014,830,29.98,474.38,67.24,1.0000,0.741214,0.140080,463.16,335.71,0.9424,0.723687,0.699386
1786702267.461029,26.984857,831,29.98,474.36,67.24,1.0000,0.741189,0.140089,463.16,335.72,0.9424,0.723685,0.699412
1786702267.496429,27.020257,832,29.98,474.36,67.24,1.0000,0.741188,0.140089,463.26,335.68,0.9434,0.723848,0.699336
1786702267.530938,27.054766,833,29.98,474.27,67.33,1.0000,0.741042,0.140275,463.51,335.60,0.9435,0.724227,0.699175
1786702267.560977,27.084805,834,29.98,474.27,67.34,1.0000,0.741047,0.140295,463.41,335.50,0.9421,0.724084,0.698949
1786702267.597019,27.120847,835,29.98,474.50,67.38,1.0000,0.741403,0.140367,463.40,335.51,0.9416,0.724058,0.698986
1786702267.620866,27.144694,836,29.98,474.51,67.39,1.0000,0.741419,0.140395,463.39,335.53,0.9423,0.724039,0.699026
1786702267.661163,27.184991,837,29.98,474.62,67.38,1.0000,0.741598,0.140385,463.39,335.53,0.9423,0.724043,0.699019
1786702267.706623,27.230451,838,29.98,474.58,67.36,1.0000,0.741524,0.140338,463.27,335.60,0.9406,0.723859,0.699157
1786702267.727405,27.251233,839,29.98,474.46,67.36,1.0000,0.741345,0.140339,463.12,335.56,0.9396,0.723627,0.699093
1786702267.752720,27.276548,840,29.98,474.41,67.36,1.0000,0.741261,0.140326,463.14,335.58,0.9389,0.723652,0.699117
1786702267.788755,27.312583,841,29.98,474.21,67.38,1.0000,0.740947,0.140384,463.19,335.58,0.9390,0.723740,0.699127
1786702267.833376,27.357204,842,29.98,474.23,67.45,1.0000,0.740978,0.140523,463.25,335.78,0.9392,0.723825,0.699541
1786702267.861762,27.385590,843,29.98,474.24,67.43,1.0000,0.741003,0.140473,463.42,335.78,0.9407,0.724092,0.699546
1786702267.893402,27.417230,844,29.98,474.25,67.46,1.0000,0.741013,0.140545,463.32,335.80,0.9405,0.723944,0.699593
1786702267.931416,27.455244,845,30.06,474.41,67.46,1.0000,0.741261,0.140549,463.39,335.43,0.9403,0.724044,0.698815
1786702267.957527,27.481355,846,30.06,474.47,67.46,1.0000,0.741366,0.140540,463.43,335.41,0.9397,0.724105,0.698764
1786702267.994423,27.518251,847,30.06,474.57,67.50,1.0000,0.741511,0.140627,463.49,335.36,0.9388,0.724198,0.698662
1786702268.026444,27.550272,848,30.06,474.60,67.50,1.0000,0.741569,0.140621,463.40,335.05,0.9387,0.724067,0.698014
1786702268.060777,27.584605,849,30.06,474.61,67.50,1.0000,0.741580,0.140623,463.56,335.11,0.9406,0.724320,0.698154
1786702268.103203,27.627031,850,30.06,474.60,67.50,1.0000,0.741558,0.140623,463.47,335.13,0.9412,0.724180,0.698187
1786702268.132485,27.656313,851,30.06,474.61,67.50,1.0000,0.741583,0.140624,463.39,335.18,0.9419,0.724039,0.698288
1786702268.144521,27.668349,852,30.06,474.68,67.49,1.0000,0.741694,0.140598,463.36,335.19,0.9423,0.724000,0.698311
1786702268.200139,27.723967,853,30.06,474.68,67.25,1.0000,0.741694,0.140114,463.39,335.21,0.9409,0.724053,0.698356
1786702268.229344,27.753172,854,30.06,474.89,67.25,1.0000,0.742008,0.140099,463.39,335.22,0.9395,0.724050,0.698370
1786702268.263698,27.787526,855,30.06,474.89,67.16,1.0000,0.742008,0.139908,463.46,335.17,0.9394,0.724161,0.698280
1786702268.289492,27.813320,856,30.06,474.88,67.17,1.0000,0.742007,0.139947,463.46,335.19,0.9410,0.724163,0.698304
1786702268.333029,27.856857,857,30.06,474.95,67.14,1.0000,0.742102,0.139865,463.46,335.27,0.9412,0.724151,0.698476
1786702268.354311,27.878139,858,30.06,474.94,67.07,1.0000,0.742098,0.139721,463.49,335.26,0.9423,0.724211,0.698449
1786702268.394611,27.918439,859,30.06,474.93,67.07,1.0000,0.742080,0.139727,463.52,335.28,0.9417,0.724255,0.698499
1786702268.421580,27.945408,860,30.06,474.71,67.12,1.0000,0.741739,0.139840,463.52,335.25,0.9424,0.724244,0.698441
1786702268.460341,27.984169,861,30.14,474.72,67.19,1.0000,0.741757,0.139988,463.49,335.10,0.9433,0.724206,0.698122
1786702268.492193,28.016021,862,30.14,474.79,67.44,1.0000,0.741861,0.140496,463.41,335.06,0.9432,0.724080,0.698046
1786702268.515637,28.039465,863,30.14,474.79,67.44,1.0000,0.741863,0.140499,463.24,334.92,0.9424,0.723817,0.697753
1786702268.557006,28.080834,864,30.14,474.34,67.69,1.0000,0.741157,0.141024,463.40,335.18,0.9422,0.724056,0.698286
1786702268.594459,28.118287,865,30.14,474.32,67.68,1.0000,0.741117,0.140997,463.35,335.19,0.9429,0.723983,0.698306
1786702268.642874,28.166702,866,30.14,474.33,67.73,1.0000,0.741143,0.141098,463.31,335.42,0.9433,0.723925,0.698792
1786702268.647782,28.171610,867,30.14,474.35,67.80,1.0000,0.741179,0.141250,463.37,335.21,0.9438,0.724019,0.698356
1786702268.697859,28.221687,868,30.14,474.35,68.17,1.0000,0.741180,0.142025,463.37,335.19,0.9444,0.724022,0.698318
1786702268.729321,28.253149,869,30.14,474.10,68.21,1.0000,0.740777,0.142102,463.35,335.14,0.9431,0.723990,0.698199
1786702268.761381,28.285209,870,30.14,474.06,68.34,1.0000,0.740715,0.142385,463.44,335.12,0.9439,0.724118,0.698174
1786702268.805378,28.329206,871,30.14,474.76,68.35,1.0000,0.741818,0.142403,463.37,334.89,0.9444,0.724010,0.697686
1786702268.836184,28.360012,872,30.14,474.82,68.30,1.0000,0.741912,0.142291,463.54,334.97,0.9461,0.724278,0.697861
1786702268.859919,28.383747,873,30.14,474.86,68.25,1.0000,0.741972,0.142186,463.49,335.13,0.9452,0.724207,0.698197
1786702268.894804,28.418632,874,30.14,474.98,68.25,1.0000,0.742158,0.142183,463.77,335.40,0.9457,0.724648,0.698740
1786702268.932139,28.455967,875,30.14,475.46,68.09,1.0000,0.742899,0.141859,463.80,335.69,0.9469,0.724692,0.699353
1786702268.982360,28.506188,876,29.89,475.53,68.20,1.0000,0.743009,0.142080,463.75,335.79,0.9467,0.724610,0.699562
1786702268.998121,28.521949,877,29.89,475.71,68.28,1.0000,0.743293,0.142241,463.63,335.69,0.9462,0.724425,0.699349
1786702269.014061,28.537889,878,29.89,475.69,68.28,1.0000,0.743261,0.142244,463.60,335.76,0.9469,0.724375,0.699510
1786702269.059137,28.582965,879,29.89,475.69,68.28,1.0000,0.743258,0.142258,463.58,335.75,0.9461,0.724341,0.699473
1786702269.088389,28.612217,880,29.89,475.62,68.31,1.0000,0.743153,0.142323,463.58,335.77,0.9462,0.724346,0.699526
1786702269.142860,28.666688,881,29.89,475.86,68.68,1.0000,0.743536,0.143076,463.49,335.75,0.9459,0.724206,0.699472
1786702269.157590,28.681418,882,29.89,476.00,68.61,1.0000,0.743753,0.142936,463.72,335.79,0.9474,0.724556,0.699553
1786702269.192157,28.715985,883,29.89,476.09,68.64,1.0000,0.743889,0.143001,463.72,335.75,0.9468,0.724557,0.699477
1786702269.205450,28.729278,884,29.89,476.02,68.56,1.0000,0.743780,0.142831,463.80,335.69,0.9452,0.724693,0.699350
1786702269.263596,28.787424,885,29.89,476.08,68.72,1.0000,0.743875,0.143157,463.76,335.58,0.9440,0.724632,0.699117
1786702269.296507,28.820335,886,29.89,476.08,68.72,1.0000,0.743875,0.143164,463.72,335.54,0.9436,0.724557,0.699045
1786702269.330845,28.854673,887,29.89,475.91,68.63,1.0000,0.743608,0.142971,463.77,335.55,0.9446,0.724634,0.699054
1786702269.354084,28.877912,888,29.89,475.76,68.50,1.0000,0.743382,0.142711,463.86,335.56,0.9448,0.724789,0.699074
1786702269.391418,28.915246,889,29.89,475.74,68.50,1.0000,0.743348,0.142715,463.86,335.55,0.9452,0.724779,0.699066
1786702269.434457,28.958285,890,29.89,475.74,68.32,1.0000,0.743347,0.142336,463.99,335.60,0.9464,0.724991,0.699171
1786702269.448858,28.972686,891,29.89,475.71,68.43,1.0000,0.743302,0.142564,464.02,335.49,0.9461,0.725036,0.698928
1786702269.490501,29.014329,892,30.07,475.71,68.43,1.0000,0.743303,0.142564,463.96,335.41,0.9445,0.724941,0.698771
1786702269.531155,29.054983,893,30.07,475.71,68.42,1.0000,0.743299,0.142549,463.95,335.29,0.9453,0.724917,0.698523
1786702269.557163,29.080991,894,30.07,475.84,68.41,1.0000,0.743498,0.142514,463.93,335.32,0.9460,0.724897,0.698575
1786702269.588892,29.112720,895,30.07,475.86,68.41,1.0000,0.743534,0.142520,464.07,335.31,0.9462,0.725117,0.698559
1786702269.631393,29.155221,896,30.07,475.89,68.41,1.0000,0.743585,0.142514,463.81,335.27,0.9447,0.724711,0.698474
1786702269.652808,29.176636,897,30.07,476.02,68.40,1.0000,0.743776,0.142506,464.10,335.32,0.9451,0.725150,0.698588
1786702269.709112,29.232940,898,30.07,476.02,68.32,1.0000,0.743778,0.142333,464.04,335.57,0.9458,0.725056,0.699106
1786702269.717261,29.241089,899,30.07,476.55,68.32,1.0000,0.744603,0.142333,463.80,335.53,0.9457,0.724687,0.699027
1786702269.760364,29.284192,900,30.07,476.53,68.31,1.0000,0.744581,0.142303,463.81,335.47,0.9462,0.724699,0.698890
1786702269.794955,29.318784,901,30.07,476.40,68.45,0.9999,0.744373,0.142603,463.82,335.36,0.9461,0.724714,0.698663
1786702269.830278,29.354106,902,30.07,476.35,68.45,0.9999,0.744304,0.142601,463.80,335.35,0.9463,0.724694,0.698644
1786702269.864471,29.388299,903,30.07,476.33,68.68,0.9999,0.744262,0.143074,463.88,335.35,0.9469,0.724817,0.698636
1786702269.881548,29.405376,904,30.07,476.29,68.67,1.0000,0.744201,0.143057,463.85,335.32,0.9484,0.724770,0.698576
1786702269.929204,29.453032,905,30.07,476.29,68.69,1.0000,0.744200,0.143110,463.75,335.32,0.9467,0.724603,0.698591
1786702269.971269,29.495097,906,30.07,476.28,68.69,1.0000,0.744193,0.143111,463.69,335.24,0.9453,0.724522,0.698413
1786702269.990078,29.513906,907,30.07,476.20,68.68,1.0000,0.744065,0.143077,463.70,335.27,0.9447,0.724532,0.698488
1786702270.032482,29.556310,908,29.98,476.19,68.49,1.0000,0.744046,0.142682,463.70,335.22,0.9429,0.724533,0.698377
1786702270.059602,29.583430,909,29.98,476.08,68.51,1.0000,0.743871,0.142735,463.38,335.24,0.9413,0.724025,0.698423
1786702270.091073,29.614901,910,29.98,475.67,68.51,1.0000,0.743239,0.142734,463.14,335.24,0.9406,0.723657,0.698421
1786702270.123544,29.647372,911,29.98,475.69,68.50,1.0000,0.743263,0.142714,463.12,335.39,0.9397,0.723623,0.698725
1786702270.174017,29.697845,912,29.98,475.70,68.48,1.0000,0.743276,0.142668,463.21,335.49,0.9406,0.723764,0.698934
1786702270.188847,29.712675,913,29.98,475.76,68.48,1.0000,0.743380,0.142659,463.23,335.52,0.9390,0.723795,0.698993
1786702270.221062,29.744890,914,29.98,475.78,68.57,1.0000,0.743401,0.142853,463.39,335.46,0.9401,0.724051,0.698865
1786702270.277311,29.801139,915,29.98,475.87,68.48,1.0000,0.743547,0.142657,463.25,335.48,0.9410,0.723825,0.698919
1786702270.293365,29.817193,916,29.98,475.87,68.45,1.0000,0.743549,0.142613,463.24,335.50,0.9415,0.723815,0.698954
1786702270.325422,29.849250,917,29.98,475.87,68.49,1.0000,0.743554,0.142696,463.22,335.46,0.9407,0.723778,0.698872
1786702270.358965,29.882793,918,29.98,475.89,68.58,1.0000,0.743577,0.142872,463.21,335.55,0.9407,0.723772,0.699065
1786702270.398919,29.922747,919,29.98,475.87,68.49,1.0000,0.743543,0.142683,463.23,335.59,0.9395,0.723796,0.699145
1786702270.426018,29.949847,920,29.98,475.87,68.49,1.0000,0.743540,0.142683,463.35,335.61,0.9401,0.723989,0.699189
1786702270.455465,29.979293,921,29.98,475.87,68.48,1.0000,0.743542,0.142664,463.37,335.65,0.9401,0.724018,0.699262
1786702270.492496,30.016324,922,29.98,475.88,68.48,1.0000,0.743555,0.142665,463.31,335.64,0.9394,0.723915,0.699256
1786702270.528649,30.052477,923,29.98,475.90,68.59,1.0000,0.743591,0.142896,463.30,335.60,0.9391,0.723901,0.699175
1786702270.551113,30.074941,924,30.13,475.93,68.58,1.0000,0.743644,0.142874,463.41,335.61,0.9393,0.724079,0.699188
1786702270.590731,30.114559,925,30.13,476.00,68.55,1.0000,0.743748,0.142821,463.41,335.61,0.9386,0.724077,0.699187
1786702270.617683,30.141511,926,30.13,476.15,68.53,1.0000,0.743983,0.142774,463.48,335.61,0.9399,0.724185,0.699183
1786702270.668290,30.192118,927,30.13,476.15,68.39,1.0000,0.743984,0.142488,463.60,335.63,0.9411,0.724367,0.699222
1786702270.697312,30.221140,928,30.13,476.15,68.22,1.0000,0.743985,0.142131,463.77,335.69,0.9419,0.724635,0.699363
1786702270.726864,30.250692,929,30.13,476.14,68.14,1.0000,0.743968,0.141958,463.99,335.69,0.9432,0.724984,0.699353
1786702270.764281,30.288109,930,30.13,476.05,68.28,1.0000,0.743836,0.142250,463.96,335.74,0.9437,0.724938,0.699464
1786702270.796375,30.320203,931,30.13,475.92,68.28,1.0000,0.743629,0.142246,463.94,335.70,0.9456,0.724909,0.699367
1786702270.825054,30.348882,932,30.13,475.64,68.24,1.0000,0.743190,0.142174,463.99,335.69,0.9465,0.724990,0.699354
1786702270.859690,30.383518,933,30.13,475.68,68.39,1.0000,0.743257,0.142474,463.94,335.64,0.9464,0.724904,0.699254
1786702270.909160,30.432988,934,30.13,475.48,68.40,1.0000,0.742938,0.142509,463.84,335.66,0.9473,0.724742,0.699295
1786702270.926516,30.450344,935,30.13,475.49,68.39,1.0000,0.742952,0.142480,463.82,335.67,0.9485,0.724724,0.699321
1786702270.960740,30.484568,936,30.13,475.49,68.39,1.0000,0.742954,0.142474,463.97,335.59,0.9491,0.724956,0.699154
1786702271.011979,30.535807,937,30.13,475.92,68.47,1.0000,0.743623,0.142653,463.82,335.54,0.9488,0.724712,0.699041
1786702271.035910,30.559738,938,30.13,475.92,68.43,1.0000,0.743632,0.142554,463.81,335.55,0.9478,0.724710,0.699067
1786702271.056715,30.580543,939,30.05,475.67,68.45,1.0000,0.743239,0.142610,463.81,335.56,0.9491,0.724696,0.699082
1786702271.095870,30.619698,940,30.05,475.65,68.34,1.0000,0.743208,0.142382,463.78,335.18,0.9496,0.724655,0.698301
1786702271.127066,30.650894,941,30.05,475.65,68.67,1.0000,0.743202,0.143070,463.81,335.35,0.9500,0.724695,0.698645
1786702271.156473,30.680301,942,30.05,475.45,68.78,1.0000,0.742885,0.143288,463.83,335.37,0.9500,0.724731,0.698693
1786702271.193643,30.717471,943,30.05,475.39,68.86,1.0000,0.742796,0.143462,463.89,335.53,0.9504,0.724823,0.699031
1786702271.221962,30.745790,944,30.05,475.39,68.96,1.0000,0.742795,0.143659,463.90,335.55,0.9507,0.724840,0.699064
1786702271.261838,30.785666,945,30.05,475.26,68.98,1.0000,0.742593,0.143716,463.89,335.35,0.9510,0.724825,0.698637
1786702271.282393,30.806221,946,30.05,474.93,69.04,1.0000,0.742083,0.143827,463.88,335.29,0.9506,0.724808,0.698516
1786702271.328395,30.852223,947,30.05,474.89,68.77,1.0000,0.742010,0.143267,463.49,335.32,0.9503,0.724203,0.698579
1786702271.360136,30.883964,948,30.05,474.88,68.72,1.0000,0.742002,0.143163,463.55,335.13,0.9511,0.724300,0.698193
1786702271.392179,30.916008,949,30.05,474.82,68.71,1.0000,0.741906,0.143149,463.52,335.13,0.9508,0.724249,0.698193
1786702271.432065,30.955893,950,30.05,474.76,68.64,1.0000,0.741808,0.142992,463.45,335.31,0.9508,0.724146,0.698560
1786702271.455224,30.979052,951,30.05,474.68,68.63,1.0000,0.741685,0.142978,463.43,335.40,0.9509,0.724114,0.698746
1786702271.502041,31.025869,952,30.05,474.67,68.62,1.0000,0.741676,0.142966,463.46,335.43,0.9505,0.724159,0.698807
1786702271.546290,31.070118,953,30.05,474.72,68.53,1.0000,0.741748,0.142769,463.70,335.34,0.9493,0.724529,0.698625
1786702271.567344,31.091172,954,29.90,474.37,68.42,1.0000,0.741196,0.142552,463.65,335.56,0.9495,0.724450,0.699080
1786702271.601840,31.125668,955,29.90,473.96,68.45,1.0000,0.740556,0.142611,463.66,335.62,0.9493,0.724470,0.699213
1786702271.632923,31.156751,956,29.90,473.99,68.46,1.0000,0.740609,0.142632,463.52,335.64,0.9497,0.724256,0.699259
1786702271.661879,31.185707,957,29.90,474.06,68.46,1.0000,0.740713,0.142622,463.47,335.67,0.9485,0.724178,0.699308
1786702271.697142,31.220970,958,29.90,473.92,68.46,1.0000,0.740495,0.142622,463.48,335.05,0.9489,0.724189,0.698017
1786702271.737350,31.261178,959,29.90,473.95,68.52,1.0000,0.740540,0.142741,463.58,335.06,0.9489,0.724344,0.698050
1786702271.755973,31.279801,960,29.90,473.99,68.50,1.0000,0.740610,0.142711,463.57,335.17,0.9496,0.724330,0.698270
1786702271.796005,31.319834,961,29.90,474.03,68.49,1.0000,0.740677,0.142694,463.61,335.15,0.9492,0.724394,0.698232
1786702271.827665,31.351493,962,29.90,474.07,68.46,1.0000,0.740729,0.142620,463.48,335.15,0.9478,0.724194,0.698221
1786702271.841394,31.365222,963,29.90,474.06,68.59,1.0000,0.740718,0.142887,463.50,335.20,0.9469,0.724212,0.698332
1786702271.907460,31.431288,964,29.90,474.29,68.58,1.0000,0.741071,0.142880,463.40,335.49,0.9466,0.724067,0.698943
1786702271.936176,31.460004,965,29.90,474.08,68.61,1.0000,0.740754,0.142928,463.41,335.21,0.9464,0.724075,0.698363
1786702271.970596,31.494424,966,29.90,474.06,68.62,1.0000,0.740724,0.142952,463.32,335.21,0.9459,0.723945,0.698344
1786702272.007691,31.531519,967,29.90,474.07,68.62,1.0000,0.740727,0.142950,463.31,335.19,0.9461,0.723924,0.698308
1786702272.022265,31.546093,968,29.90,474.07,68.62,1.0000,0.740732,0.142950,463.31,335.29,0.9454,0.723916,0.698517
1786702272.055225,31.579053,969,29.90,474.07,68.56,1.0000,0.740736,0.142828,463.25,335.30,0.9456,0.723831,0.698545
1786702272.095545,31.619373,970,29.98,474.00,68.53,1.0000,0.740627,0.142776,463.27,335.56,0.9454,0.723861,0.699083
1786702272.122004,31.645832,971,29.98,474.02,68.52,1.0000,0.740662,0.142754,463.24,335.59,0.9471,0.723815,0.699151
1786702272.162036,31.685864,972,29.98,474.03,68.52,1.0000,0.740665,0.142759,463.17,335.55,0.9469,0.723704,0.699055
1786702272.190863,31.714691,973,29.98,474.00,68.49,1.0000,0.740624,0.142681,463.20,335.56,0.9464,0.723751,0.699089
1786702272.222497,31.746325,974,29.98,474.06,68.50,1.0000,0.740718,0.142700,463.19,335.49,0.9456,0.723736,0.698947
1786702272.262141,31.785969,975,29.98,474.07,68.49,1.0000,0.740740,0.142677,463.04,335.55,0.9437,0.723497,0.699073
1786702272.288923,31.812751,976,29.98,474.06,68.43,1.0000,0.740721,0.142565,463.14,335.76,0.9435,0.723659,0.699504
1786702272.326309,31.850137,977,29.98,474.08,68.16,1.0000,0.740744,0.141991,463.28,335.53,0.9433,0.723882,0.699014
1786702272.355921,31.879749,978,29.98,474.05,68.08,1.0000,0.740701,0.141840,463.51,335.50,0.9437,0.724228,0.698968
1786702272.395332,31.919160,979,29.98,473.63,68.08,1.0000,0.740052,0.141837,463.66,335.76,0.9433,0.724463,0.699501
1786702272.427702,31.951530,980,29.98,473.64,68.08,1.0000,0.740056,0.141837,463.73,335.79,0.9440,0.724579,0.699561
1786702272.459316,31.983144,981,29.98,473.64,68.24,1.0000,0.740059,0.142168,463.67,335.70,0.9425,0.724486,0.699365
1786702272.493997,32.017825,982,29.98,473.79,68.34,1.0000,0.740290,0.142374,463.66,335.63,0.9424,0.724463,0.699221
1786702272.532814,32.056642,983,29.98,474.05,68.38,1.0000,0.740710,0.142449,463.51,335.28,0.9429,0.724241,0.698501
1786702272.555010,32.078838,984,29.98,474.20,68.35,1.0000,0.740935,0.142402,463.47,335.40,0.9440,0.724173,0.698752
1786702272.597041,32.120869,985,29.98,474.22,68.36,1.0000,0.740976,0.142408,463.60,335.43,0.9443,0.724372,0.698802
1786702272.629677,32.153505,986,30.03,474.25,68.27,1.0000,0.741014,0.142236,463.59,335.43,0.9444,0.724355,0.698808
1786702272.667594,32.191422,987,30.03,474.28,68.23,1.0000,0.741069,0.142150,463.61,335.35,0.9439,0.724398,0.698636
1786702272.706231,32.230059,988,30.03,474.27,68.23,1.0000,0.741051,0.142142,463.66,335.36,0.9450,0.724474,0.698656
1786702272.745149,32.268977,989,30.03,474.28,68.20,1.0000,0.741056,0.142092,463.65,335.35,0.9456,0.724452,0.698646
1786702272.759768,32.283596,990,30.03,474.35,68.20,1.0000,0.741175,0.142088,463.67,335.22,0.9466,0.724480,0.698380
1786702272.857336,32.381164,993,30.03,474.38,68.20,1.0000,0.741219,0.142081,463.49,335.32,0.9456,0.724210,0.698590
1786702272.900012,32.423840,994,30.03,474.34,68.23,1.0000,0.741160,0.142136,463.36,335.35,0.9451,0.723993,0.698645
1786702272.937675,32.461503,995,30.03,474.36,68.27,1.0000,0.741194,0.142232,463.43,335.07,0.9464,0.724103,0.698066
1786702272.982132,32.505960,996,30.03,474.45,68.27,1.0000,0.741322,0.142219,463.39,335.39,0.9477,0.724051,0.698739
1786702272.997853,32.521681,997,30.03,475.32,68.33,1.0000,0.742692,0.142358,463.38,335.39,0.9484,0.724029,0.698729
1786702273.045733,32.569561,998,30.03,475.54,68.33,1.0000,0.743038,0.142356,463.34,335.62,0.9480,0.723969,0.699200
1786702273.067863,32.591691,999,30.03,475.54,68.35,1.0000,0.743033,0.142401,463.44,335.45,0.9469,0.724131,0.698861
1786702273.093455,32.617283,1000,30.03,475.66,68.18,1.0000,0.743217,0.142035,463.46,335.39,0.9479,0.724153,0.698725
1786702273.125578,32.649406,1001,29.22,475.66,68.70,1.0000,0.743221,0.143119,463.48,335.59,0.9484,0.724183,0.699140
1786702273.173475,32.697303,1002,29.22,475.61,68.49,1.0000,0.743134,0.142697,463.30,335.51,0.9464,0.723901,0.698978
1786702273.189106,32.712934,1003,29.22,475.47,68.37,1.0000,0.742922,0.142448,463.22,335.50,0.9475,0.723784,0.698958
1786702273.237838,32.761666,1004,29.22,475.47,68.45,1.0000,0.742914,0.142594,463.34,335.33,0.9483,0.723973,0.698609
1786702273.270213,32.794041,1005,29.22,475.51,68.50,1.0000,0.742991,0.142711,463.64,335.57,0.9484,0.724443,0.699101
1786702273.302887,32.826715,1006,29.22,475.60,68.48,1.0000,0.743125,0.142674,463.70,335.59,0.9490,0.724526,0.699147
1786702273.349700,32.873528,1007,29.22,475.60,68.36,1.0000,0.743121,0.142422,463.50,335.10,0.9499,0.724215,0.698130
1786702273.365588,32.889416,1008,29.22,475.71,68.52,1.0000,0.743297,0.142751,463.56,335.07,0.9506,0.724319,0.698065
1786702273.398447,32.922275,1009,29.22,475.79,68.52,1.0000,0.743421,0.142754,463.58,335.09,0.9509,0.724344,0.698112
1786702273.432269,32.956097,1010,29.22,475.78,68.56,1.0000,0.743402,0.142839,463.34,335.11,0.9501,0.723969,0.698151
1786702273.477167,33.000995,1011,29.22,475.83,68.58,1.0000,0.743491,0.142879,463.51,335.22,0.9507,0.724236,0.698369
1786702273.496639,33.020467,1012,29.22,475.86,68.86,1.0000,0.743538,0.143459,463.68,335.15,0.9505,0.724496,0.698229
1786702273.542192,33.066020,1013,29.22,475.88,68.82,1.0000,0.743561,0.143383,463.43,335.25,0.9499,0.724107,0.698430
1786702273.573308,33.097136,1014,29.22,475.95,68.90,1.0000,0.743676,0.143549,463.56,335.26,0.9511,0.724314,0.698458
1786702273.588462,33.112290,1015,29.22,475.98,68.88,1.0000,0.743714,0.143507,463.66,335.24,0.9527,0.724461,0.698418
1786702273.635955,33.159783,1016,29.26,475.98,68.86,1.0000,0.743713,0.143455,463.67,335.10,0.9536,0.724490,0.698126
1786702273.667397,33.191225,1017,29.26,475.98,68.86,1.0000,0.743721,0.143454,463.69,335.21,0.9542,0.724511,0.698357
1786702273.701971,33.225799,1018,29.26,476.05,68.86,1.0000,0.743830,0.143453,463.71,335.21,0.9550,0.724540,0.698351
1786702273.730312,33.254140,1019,29.26,476.14,68.86,1.0000,0.743964,0.143452,463.93,335.26,0.9550,0.724884,0.698466
1786702273.767698,33.291526,1020,29.26,476.12,68.90,1.0000,0.743933,0.143550,463.90,335.42,0.9544,0.724849,0.698800
1786702273.799570,33.323398,1021,29.26,476.12,68.96,1.0000,0.743930,0.143676,463.67,335.47,0.9537,0.724489,0.698888
1786702273.831466,33.355294,1022,29.26,476.11,69.03,1.0000,0.743916,0.143803,463.58,335.34,0.9537,0.724346,0.698628
1786702273.862622,33.386450,1023,29.26,476.13,68.92,1.0000,0.743955,0.143575,463.58,335.40,0.9536,0.724348,0.698747
1786702273.891580,33.415408,1024,29.26,476.13,68.86,1.0000,0.743960,0.143453,463.59,335.48,0.9517,0.724354,0.698911
1786702273.925820,33.449648,1025,29.26,476.15,68.84,1.0000,0.743980,0.143418,463.55,335.44,0.9516,0.724303,0.698831
1786702273.971174,33.495002,1026,29.26,476.23,68.98,1.0000,0.744113,0.143705,463.59,335.51,0.9515,0.724366,0.698973
1786702274.014187,33.538015,1027,29.26,476.24,68.75,1.0000,0.744124,0.143229,463.59,335.77,0.9515,0.724364,0.699521
1786702274.035269,33.559097,1028,29.26,476.23,68.77,1.0000,0.744108,0.143266,463.53,335.57,0.9501,0.724260,0.699109
1786702274.066528,33.590356,1029,29.26,476.26,69.14,1.0000,0.744158,0.144042,463.48,335.56,0.9498,0.724191,0.699086
1786702274.105758,33.629586,1030,29.26,476.26,68.93,1.0000,0.744149,0.143608,463.50,335.58,0.9499,0.724213,0.699116
1786702274.127759,33.651587,1031,29.26,476.21,68.81,1.0000,0.744084,0.143358,463.46,335.48,0.9503,0.724164,0.698922
1786702274.152447,33.676275,1032,29.54,476.12,68.80,1.0000,0.743944,0.143341,463.49,335.43,0.9510,0.724199,0.698802
1786702274.191608,33.715436,1033,29.54,476.11,68.79,1.0000,0.743930,0.143310,463.45,335.39,0.9510,0.724138,0.698737
1786702274.225279,33.749107,1034,29.54,476.11,68.79,1.0000,0.743925,0.143307,463.44,335.38,0.9523,0.724129,0.698717
1786702274.262783,33.786611,1035,29.54,476.09,68.76,1.0000,0.743889,0.143245,463.41,335.17,0.9529,0.724074,0.698262
1786702274.297540,33.821368,1036,29.54,475.91,68.70,1.0000,0.743604,0.143124,463.50,335.19,0.9524,0.724219,0.698308
1786702274.334700,33.858528,1037,29.54,475.89,68.98,1.0000,0.743575,0.143710,463.53,335.15,0.9519,0.724260,0.698227
1786702274.350515,33.874343,1038,29.54,475.77,68.99,1.0000,0.743387,0.143724,463.54,335.14,0.9517,0.724286,0.698200
1786702274.399813,33.923641,1039,29.54,475.47,68.99,1.0000,0.742917,0.143720,463.55,335.33,0.9521,0.724298,0.698607
1786702274.430445,33.954273,1040,29.54,475.39,69.42,1.0000,0.742796,0.144625,463.54,335.21,0.9523,0.724277,0.698348
1786702274.475484,33.999312,1041,29.54,475.38,69.33,1.0000,0.742783,0.144430,463.60,335.59,0.9523,0.724368,0.699151
1786702274.488706,34.012534,1042,29.54,475.37,69.17,1.0000,0.742759,0.144105,463.69,335.60,0.9505,0.724509,0.699171
1786702274.522481,34.046309,1043,29.54,475.19,69.20,1.0000,0.742484,0.144170,463.67,335.45,0.9506,0.724490,0.698854
1786702274.544675,34.068503,1044,29.54,475.19,69.20,1.0000,0.742482,0.144163,463.61,335.47,0.9506,0.724392,0.698903
1786702274.598862,34.122690,1045,29.54,475.32,68.90,1.0000,0.742682,0.143535,463.57,335.53,0.9504,0.724333,0.699030
1786702274.624329,34.148157,1046,29.54,475.25,69.17,1.0000,0.742580,0.144099,463.69,335.53,0.9516,0.724508,0.699028
1786702274.660432,34.184260,1047,29.61,475.24,69.16,1.0000,0.742565,0.144091,463.71,335.42,0.9518,0.724547,0.698791
1786702274.697266,34.221094,1048,29.61,475.29,69.11,1.0000,0.742636,0.143978,463.77,335.47,0.9518,0.724634,0.698893
1786702274.724211,34.248039,1049,29.61,475.13,69.10,1.0000,0.742385,0.143968,463.74,335.63,0.9520,0.724591,0.699219
1786702274.764588,34.288416,1050,29.61,475.14,69.10,1.0000,0.742403,0.143958,463.78,335.49,0.9512,0.724653,0.698946
1786702274.793543,34.317371,1051,29.61,475.03,69.14,1.0000,0.742227,0.144034,463.81,335.42,0.9497,0.724706,0.698786
1786702274.832421,34.356249,1052,29.61,475.00,69.13,1.0000,0.742185,0.144025,463.78,335.31,0.9491,0.724658,0.698567
1786702274.847556,34.371384,1053,29.61,474.97,69.13,1.0000,0.742140,0.144020,463.72,335.27,0.9499,0.724565,0.698476
1786702274.893224,34.417052,1054,29.61,474.23,69.07,1.0000,0.740991,0.143903,463.77,335.40,0.9509,0.724648,0.698760
1786702274.925111,34.448939,1055,29.61,474.27,69.08,1.0000,0.741050,0.143925,464.05,335.40,0.9506,0.725085,0.698758
1786702274.956876,34.480704,1056,29.61,474.70,69.32,1.0000,0.741723,0.144406,464.09,335.38,0.9489,0.725136,0.698706
1786702274.996488,34.520316,1057,29.61,474.59,69.34,1.0000,0.741549,0.144455,464.21,335.43,0.9485,0.725324,0.698803
1786702275.034404,34.558232,1058,29.61,474.57,69.33,1.0000,0.741509,0.144438,464.24,335.43,0.9484,0.725375,0.698809
1786702275.061475,34.585303,1059,29.61,474.56,69.25,1.0000,0.741504,0.144275,463.99,335.44,0.9475,0.724987,0.698826
1786702275.090449,34.614277,1060,29.61,474.32,69.22,1.0000,0.741125,0.144204,463.95,335.46,0.9482,0.724927,0.698874
1786702275.135657,34.659485,1061,29.61,474.30,69.20,1.0000,0.741098,0.144170,463.89,335.74,0.9486,0.724832,0.699452
1786702275.173874,34.697702,1062,29.53,474.19,69.24,1.0000,0.740916,0.144244,463.89,335.42,0.9486,0.724827,0.698796
1786702275.187031,34.710859,1063,29.53,474.12,69.24,1.0000,0.740820,0.144244,463.95,335.40,0.9476,0.724927,0.698748
1786702275.229300,34.753128,1064,29.53,474.14,69.17,1.0000,0.740848,0.144113,464.08,335.32,0.9468,0.725123,0.698588
1786702275.261106,34.784934,1065,29.53,474.14,69.17,1.0000,0.740847,0.144110,464.04,335.01,0.9451,0.725062,0.697928
1786702275.284528,34.808356,1066,29.53,474.14,69.16,1.0000,0.740849,0.144084,464.03,334.96,0.9450,0.725041,0.697840
1786702275.334891,34.858719,1067,29.53,474.03,69.16,1.0000,0.740673,0.144074,464.05,334.88,0.9437,0.725079,0.697660
1786702275.408614,34.932442,1069,29.53,473.92,69.17,1.0000,0.740503,0.144109,463.85,334.81,0.9440,0.724773,0.697522
1786702275.424500,34.948328,1070,29.53,473.83,69.16,1.0000,0.740365,0.144090,463.85,334.81,0.9420,0.724759,0.697521
1786702275.458121,34.981949,1071,29.53,473.52,69.17,1.0000,0.739867,0.144099,463.85,334.82,0.9421,0.724758,0.697532
1786702275.513333,35.037161,1072,29.53,473.39,69.16,1.0000,0.739668,0.144077,463.97,334.77,0.9425,0.724956,0.697429
1786702275.537454,35.061282,1073,29.53,473.08,69.15,1.0000,0.739195,0.144059,463.98,334.93,0.9430,0.724967,0.697769
1786702275.554425,35.078253,1074,29.53,473.05,69.15,1.0000,0.739148,0.144068,463.98,334.92,0.9441,0.724967,0.697747
1786702275.598687,35.122515,1075,29.53,473.42,69.23,1.0000,0.739721,0.144226,464.03,335.12,0.9451,0.725043,0.698158
1786702275.620520,35.144348,1076,29.53,473.37,69.23,1.0000,0.739646,0.144223,463.84,335.21,0.9440,0.724745,0.698357
1786702275.675869,35.199697,1077,29.53,473.44,69.15,1.0000,0.739756,0.144052,463.86,335.07,0.9446,0.724779,0.698067
1786702275.723145,35.246974,1078,29.10,473.69,69.13,1.0000,0.740141,0.144017,463.69,335.03,0.9450,0.724508,0.697990
1786702275.736629,35.260457,1079,29.10,473.71,69.12,1.0000,0.740167,0.144001,463.67,335.07,0.9449,0.724485,0.698062
1786702275.773657,35.297485,1080,29.10,473.72,69.12,1.0000,0.740181,0.143998,463.62,335.13,0.9451,0.724404,0.698187
1786702275.811264,35.335092,1081,29.10,473.73,69.15,1.0000,0.740209,0.144068,463.74,335.01,0.9462,0.724599,0.697931
1786702275.826000,35.349828,1082,29.10,473.76,69.15,1.0000,0.740245,0.144065,463.80,334.81,0.9456,0.724682,0.697516
1786702275.853706,35.377534,1083,29.10,474.14,69.17,1.0000,0.740840,0.144112,463.81,334.95,0.9450,0.724707,0.697810
1786702275.891041,35.414869,1084,29.10,474.11,69.17,1.0000,0.740797,0.144104,463.68,335.01,0.9437,0.724498,0.697936
1786702275.935215,35.459043,1085,29.10,474.24,69.17,1.0000,0.741007,0.144098,463.75,335.29,0.9445,0.724606,0.698529
1786702275.968427,35.492255,1086,29.10,474.73,69.26,1.0000,0.741765,0.144289,463.71,335.27,0.9447,0.724554,0.698481
1786702276.016339,35.540167,1087,29.10,474.57,69.67,1.0000,0.741519,0.145152,463.88,335.12,0.9439,0.724810,0.698157
1786702276.026360,35.550188,1088,29.10,474.54,69.69,1.0000,0.741464,0.145181,463.91,334.99,0.9446,0.724867,0.697890
1786702276.069130,35.592958,1089,29.10,474.53,69.66,1.0000,0.741457,0.145132,463.88,334.90,0.9451,0.724816,0.697704
1786702276.093045,35.616873,1090,29.10,474.55,69.78,1.0000,0.741491,0.145373,463.85,334.91,0.9457,0.724771,0.697733
1786702276.138029,35.661857,1091,29.10,474.68,69.87,1.0000,0.741689,0.145553,463.82,335.00,0.9452,0.724717,0.697909
1786702276.156152,35.679981,1092,29.10,474.68,69.85,1.0000,0.741684,0.145512,463.69,334.70,0.9429,0.724513,0.697287
1786702276.217567,35.741395,1093,29.10,474.59,69.90,1.0000,0.741542,0.145627,463.96,334.63,0.9436,0.724934,0.697135
1786702276.220201,35.744029,1094,29.35,474.60,70.11,1.0000,0.741558,0.146060,463.94,334.71,0.9427,0.724911,0.697310
1786702276.268276,35.792104,1095,29.35,474.43,70.13,1.0000,0.741297,0.146111,463.96,335.23,0.9425,0.724944,0.698397
1786702276.282863,35.806691,1096,29.35,474.26,70.07,1.0000,0.741031,0.145987,463.93,335.20,0.9425,0.724888,0.698332
1786702276.325669,35.849497,1097,29.35,474.20,69.90,1.0000,0.740940,0.145629,464.03,335.04,0.9410,0.725050,0.698007
1786702276.360103,35.883931,1098,29.35,474.22,69.92,1.0000,0.740965,0.145674,464.10,335.04,0.9405,0.725158,0.697996
1786702276.407308,35.931136,1099,29.35,474.70,69.93,1.0000,0.741712,0.145683,464.10,335.41,0.9414,0.725153,0.698772
1786702276.439323,35.963151,1100,29.35,474.57,69.86,1.0000,0.741521,0.145545,464.48,335.33,0.9420,0.725753,0.698595
1786702276.472164,35.995992,1101,29.35,474.60,69.85,1.0000,0.741560,0.145519,464.36,335.26,0.9423,0.725567,0.698467
1786702276.511863,36.035691,1102,29.35,474.59,70.01,1.0000,0.741552,0.145854,464.41,335.23,0.9432,0.725644,0.698406
1786702276.528630,36.052458,1103,29.35,474.89,69.97,1.0000,0.742012,0.145780,464.24,335.27,0.9419,0.725370,0.698472
1786702276.576869,36.100697,1104,29.35,474.75,70.05,1.0000,0.741796,0.145943,464.27,334.92,0.9433,0.725421,0.697757
1786702276.608484,36.132312,1105,29.35,474.94,70.07,1.0000,0.742097,0.145977,464.19,335.14,0.9448,0.725299,0.698218
1786702276.640268,36.164096,1106,29.35,474.92,70.05,1.0000,0.742069,0.145932,464.11,335.13,0.9432,0.725174,0.698188
1786702276.688080,36.211908,1107,29.35,475.34,70.01,1.0000,0.742718,0.145844,463.83,335.45,0.9444,0.724740,0.698860
1786702276.703529,36.227357,1108,29.35,475.33,69.99,1.0000,0.742699,0.145817,463.89,335.53,0.9434,0.724821,0.699021
1786702276.735104,36.258932,1109,29.35,475.35,69.85,1.0000,0.742730,0.145525,463.88,335.53,0.9435,0.724809,0.699021
1786702276.750946,36.274774,1110,29.69,475.31,69.84,1.0000,0.742674,0.145506,463.94,335.63,0.9441,0.724913,0.699232
1786702276.790945,36.314773,1111,29.69,475.48,69.51,1.0000,0.742944,0.144809,463.98,335.63,0.9452,0.724962,0.699227
1786702276.836304,36.360132,1112,29.69,475.68,69.38,1.0000,0.743257,0.144533,464.16,335.63,0.9463,0.725251,0.699220
1786702276.862552,36.386380,1113,29.69,475.48,69.14,1.0000,0.742942,0.144043,464.18,335.52,0.9464,0.725282,0.699007
1786702276.894590,36.418418,1114,29.69,475.66,69.14,1.0000,0.743224,0.144044,464.13,335.56,0.9474,0.725202,0.699083
1786702276.910370,36.434198,1115,29.69,475.66,69.16,1.0000,0.743221,0.144079,464.11,335.22,0.9472,0.725164,0.698374
1786702276.942222,36.466050,1116,29.69,475.66,69.17,1.0000,0.743217,0.144111,464.06,335.26,0.9475,0.725094,0.698457
1786702276.976095,36.499923,1117,29.69,475.66,69.18,1.0000,0.743214,0.144133,463.97,335.23,0.9472,0.724950,0.698393
1786702277.008837,36.532665,1118,29.69,475.71,69.15,1.0000,0.743291,0.144068,463.98,335.26,0.9470,0.724974,0.698453
1786702277.053578,36.577406,1119,29.69,475.68,69.41,1.0000,0.743251,0.144608,463.40,335.21,0.9468,0.724062,0.698362
1786702277.077594,36.601422,1120,29.69,475.68,69.30,1.0000,0.743245,0.144371,463.36,335.25,0.9455,0.724004,0.698442
1786702277.118993,36.642821,1121,29.69,475.66,68.87,1.0000,0.743214,0.143485,463.43,335.26,0.9452,0.724102,0.698467
1786702277.162470,36.686298,1122,29.69,475.65,69.53,1.0000,0.743198,0.144845,463.54,335.33,0.9452,0.724280,0.698601
1786702277.183932,36.707760,1123,29.69,475.70,69.28,1.0000,0.743274,0.144342,463.36,335.40,0.9438,0.724001,0.698751
1786702277.254217,36.778045,1124,29.69,475.05,69.29,1.0000,0.742273,0.144344,463.04,335.29,0.9431,0.723501,0.698523
1786702277.265910,36.789738,1125,29.63,475.04,69.29,1.0000,0.742257,0.144344,463.04,335.31,0.9436,0.723503,0.698557
1786702277.292219,36.816047,1126,29.63,475.05,69.28,1.0000,0.742269,0.144333,463.09,335.12,0.9450,0.723584,0.698175
1786702277.332168,36.855996,1127,29.63,474.71,69.26,1.0000,0.741735,0.144284,463.08,335.10,0.9454,0.723558,0.698120
1786702277.363720,36.887548,1128,29.63,474.88,69.26,1.0000,0.742000,0.144282,463.19,335.26,0.9457,0.723741,0.698451
1786702277.400219,36.924047,1129,29.63,474.83,69.26,1.0000,0.741926,0.144302,463.42,335.28,0.9469,0.724094,0.698491
1786702277.424248,36.948076,1130,29.63,474.83,69.42,1.0000,0.741927,0.144635,463.43,335.09,0.9470,0.724110,0.698105
1786702277.460953,36.984781,1131,29.63,474.85,69.38,1.0000,0.741958,0.144547,463.47,335.14,0.9475,0.724173,0.698204
1786702277.492229,37.016057,1132,29.63,475.01,69.22,1.0000,0.742199,0.144207,463.47,335.04,0.9461,0.724172,0.697993
1786702277.519193,37.043021,1133,29.63,475.15,69.20,1.0000,0.742422,0.144168,463.49,335.08,0.9469,0.724207,0.698085
1786702277.564325,37.088153,1134,29.63,475.15,69.37,1.0000,0.742425,0.144527,463.49,335.07,0.9460,0.724205,0.698069
1786702277.596350,37.120178,1135,29.63,475.28,69.26,1.0000,0.742632,0.144294,463.41,335.25,0.9467,0.724086,0.698434
1786702277.642055,37.165883,1136,29.63,475.29,69.14,1.0000,0.742643,0.144034,463.43,335.23,0.9479,0.724110,0.698399
1786702277.689014,37.212842,1137,29.63,475.30,69.14,1.0000,0.742652,0.144049,463.42,335.42,0.9492,0.724097,0.698786
1786702277.706685,37.230513,1138,29.63,475.17,69.59,1.0000,0.742459,0.144976,463.78,335.29,0.9495,0.724650,0.698515
1786702277.732481,37.256309,1139,29.63,475.17,69.57,1.0000,0.742459,0.144941,463.71,335.33,0.9499,0.724550,0.698598
1786702277.765282,37.289110,1140,29.63,475.09,69.47,1.0000,0.742332,0.144723,463.87,335.44,0.9518,0.724800,0.698830
1786702277.800037,37.323865,1141,29.78,475.05,69.37,1.0000,0.742259,0.144522,463.83,335.45,0.9515,0.724737,0.698864
1786702277.815702,37.339530,1142,29.78,475.08,69.37,1.0000,0.742305,0.144525,463.82,335.51,0.9504,0.724721,0.698976
1786702277.863486,37.387314,1143,29.78,475.08,69.39,1.0000,0.742318,0.144565,463.80,335.36,0.9493,0.724694,0.698660
1786702277.894878,37.418706,1144,29.78,475.01,69.31,1.0000,0.742209,0.144406,463.89,335.35,0.9496,0.724830,0.698641
1786702277.970069,37.493897,1145,29.78,475.25,69.31,1.0000,0.742581,0.144396,464.06,335.32,0.9486,0.725090,0.698586
1786702277.982162,37.505991,1146,29.78,475.22,69.33,1.0000,0.742538,0.144428,463.99,335.36,0.9481,0.724983,0.698669
1786702278.001601,37.525429,1147,29.78,475.21,69.32,1.0000,0.742522,0.144426,463.97,335.35,0.9475,0.724951,0.698652
1786702278.029950,37.553778,1148,29.78,474.93,69.22,1.0000,0.742080,0.144208,463.92,335.43,0.9483,0.724874,0.698819
1786702278.057235,37.581063,1149,29.78,474.93,69.05,1.0000,0.742081,0.143859,463.93,335.46,0.9482,0.724895,0.698874
1786702278.101789,37.625617,1150,29.78,474.92,68.88,1.0000,0.742063,0.143491,464.00,335.55,0.9482,0.724998,0.699061
1786702278.133352,37.657180,1151,29.78,474.92,68.86,1.0000,0.742064,0.143459,464.09,335.56,0.9478,0.725143,0.699080
1786702278.194054,37.717882,1152,29.78,474.95,68.60,1.0000,0.742112,0.142918,463.97,335.39,0.9483,0.724959,0.698732
1786702278.212941,37.736769,1153,29.78,474.92,68.57,1.0000,0.742068,0.142853,463.95,335.27,0.9492,0.724925,0.698476
1786702278.228528,37.752357,1154,29.78,474.04,68.46,1.0000,0.740686,0.142634,463.99,335.29,0.9501,0.724989,0.698518
1786702278.252179,37.776007,1155,29.78,473.86,68.48,1.0000,0.740413,0.142663,463.97,335.49,0.9501,0.724947,0.698939
1786702278.284256,37.808084,1156,29.78,473.87,68.30,1.0000,0.740428,0.142287,463.88,335.49,0.9506,0.724810,0.698941
1786702278.334578,37.858406,1157,29.91,473.80,68.30,1.0000,0.740320,0.142292,463.90,335.46,0.9490,0.724841,0.698868
1786702278.366620,37.890448,1158,29.91,473.81,68.37,1.0000,0.740329,0.142434,463.45,335.36,0.9477,0.724145,0.698672
1786702278.387744,37.911572,1159,29.91,473.78,68.49,1.0000,0.740289,0.142683,463.43,335.39,0.9448,0.724109,0.698736
1786702278.434645,37.958473,1160,29.91,473.79,68.35,1.0000,0.740294,0.142389,463.37,335.39,0.9452,0.724015,0.698733
1786702278.473875,37.997703,1161,29.91,473.67,68.31,1.0000,0.740106,0.142307,463.42,335.44,0.9452,0.724087,0.698826
1786702278.498926,38.022754,1162,29.91,473.68,68.30,1.0000,0.740125,0.142286,463.44,335.40,0.9465,0.724122,0.698741
1786702278.523772,38.047601,1163,29.91,473.65,68.40,1.0000,0.740082,0.142493,463.38,335.41,0.9449,0.724034,0.698771
1786702278.543221,38.067049,1164,29.91,473.61,68.31,1.0000,0.740019,0.142307,463.39,335.60,0.9461,0.724054,0.699164
1786702278.588654,38.112482,1165,29.91,473.44,68.53,1.0000,0.739750,0.142767,463.44,335.22,0.9460,0.724128,0.698368
1786702278.631312,38.155140,1166,29.91,472.83,68.83,1.0000,0.738798,0.143391,463.45,335.29,0.9449,0.724145,0.698528
1786702278.657188,38.181016,1167,29.91,472.84,68.83,1.0000,0.738805,0.143387,463.41,335.31,0.9454,0.724076,0.698554
1786702278.694365,38.218193,1168,29.91,472.79,68.81,1.0000,0.738742,0.143349,463.54,335.34,0.9470,0.724287,0.698630
1786702278.734056,38.257884,1169,29.91,472.80,68.75,1.0000,0.738743,0.143235,463.59,335.44,0.9463,0.724364,0.698838
1786702278.760050,38.283878,1170,29.91,472.69,68.90,1.0000,0.738570,0.143547,463.67,335.20,0.9473,0.724478,0.698330
1786702278.792108,38.315936,1171,29.91,472.38,68.97,1.0000,0.738099,0.143679,463.66,335.08,0.9466,0.724472,0.698093
1786702278.829565,38.353393,1172,29.88,472.11,69.13,1.0000,0.737669,0.144029,463.52,335.07,0.9467,0.724248,0.698064
1786702278.866194,38.390022,1173,29.88,472.13,69.13,1.0000,0.737699,0.144026,463.44,335.07,0.9478,0.724131,0.698073
1786702278.898633,38.422461,1174,29.88,472.13,68.97,1.0000,0.737706,0.143695,463.49,335.32,0.9491,0.724197,0.698581
1786702278.924979,38.448807,1175,29.88,472.13,68.95,1.0000,0.737710,0.143655,463.68,335.36,0.9503,0.724507,0.698674
1786702278.956538,38.480366,1176,29.88,471.69,69.03,1.0000,0.737023,0.143807,463.63,335.54,0.9486,0.724417,0.699036
1786702279.017847,38.541675,1177,29.88,471.64,68.57,1.0000,0.736934,0.142848,463.63,335.44,0.9480,0.724419,0.698832
1786702279.033742,38.557570,1178,29.88,471.32,68.61,1.0000,0.736437,0.142934,463.69,335.43,0.9477,0.724511,0.698816
1786702279.057316,38.581144,1179,29.88,471.33,68.57,1.0000,0.736448,0.142844,463.64,335.48,0.9483,0.724437,0.698924
1786702279.092008,38.615836,1180,29.88,471.27,68.57,1.0000,0.736363,0.142858,463.62,335.37,0.9485,0.724408,0.698687
1786702279.129669,38.653497,1181,29.88,471.20,68.58,1.0000,0.736248,0.142882,463.85,335.28,0.9488,0.724758,0.698504
1786702279.179106,38.702935,1182,29.88,471.18,68.58,1.0000,0.736221,0.142865,463.64,335.48,0.9474,0.724431,0.698917
1786702279.234490,38.758318,1183,29.88,471.24,68.65,1.0000,0.736308,0.143027,463.58,335.26,0.9482,0.724341,0.698466
1786702279.242831,38.766659,1184,29.88,471.30,68.95,1.0000,0.736403,0.143638,463.69,335.30,0.9498,0.724513,0.698534
1786702279.262936,38.786764,1185,29.88,471.37,68.89,1.0000,0.736522,0.143527,463.74,335.32,0.9487,0.724587,0.698573
1786702279.292664,38.816492,1186,29.88,470.78,68.94,1.0000,0.735598,0.143632,463.73,335.29,0.9493,0.724571,0.698519
1786702279.337532,38.861360,1187,29.82,470.80,68.96,1.0000,0.735621,0.143665,463.84,335.38,0.9506,0.724751,0.698707
1786702279.353646,38.877474,1188,29.82,470.85,69.01,1.0000,0.735709,0.143779,463.74,335.34,0.9499,0.724587,0.698621
1786702279.401971,38.925799,1189,29.82,470.88,68.64,1.0000,0.735755,0.143002,463.52,335.47,0.9490,0.724255,0.698900
1786702279.433480,38.957308,1190,29.82,471.17,69.02,1.0000,0.736202,0.143796,463.55,335.28,0.9498,0.724298,0.698506
1786702279.465423,38.989251,1191,29.82,471.19,69.12,1.0000,0.736230,0.143995,463.54,335.19,0.9493,0.724286,0.698307
1786702279.481174,39.005002,1192,29.82,471.30,69.14,1.0000,0.736400,0.144051,463.65,335.17,0.9484,0.724456,0.698277
1786702279.530075,39.053903,1193,29.82,471.11,69.13,1.0000,0.736115,0.144029,463.59,335.14,0.9479,0.724354,0.698212
1786702279.577711,39.101539,1194,29.82,471.51,68.64,1.0000,0.736731,0.142991,463.38,334.93,0.9477,0.724039,0.697779
1786702279.617164,39.140992,1195,29.82,471.99,69.11,1.0000,0.737492,0.143974,463.29,334.90,0.9471,0.723891,0.697718
1786702279.625538,39.149366,1196,29.82,472.20,69.04,1.0000,0.737815,0.143832,463.32,334.99,0.9470,0.723934,0.697901
1786702279.653764,39.177592,1197,29.82,472.39,68.69,1.0000,0.738115,0.143109,463.21,334.98,0.9446,0.723767,0.697869
1786702279.705805,39.229633,1198,29.82,472.68,68.05,1.0000,0.738565,0.141763,463.22,334.55,0.9444,0.723778,0.696969
1786702279.734520,39.258348,1199,29.82,472.68,68.00,1.0000,0.738563,0.141663,463.35,334.52,0.9450,0.723989,0.696916
1786702279.764345,39.288173,1200,29.82,473.46,67.97,1.0000,0.739787,0.141611,463.29,334.48,0.9435,0.723892,0.696840
1786702279.792871,39.316699,1201,29.82,473.45,67.95,1.0000,0.739765,0.141568,463.32,334.76,0.9438,0.723938,0.697423
1786702279.825000,39.348828,1202,29.82,473.46,67.88,1.0000,0.739788,0.141417,463.34,334.99,0.9440,0.723971,0.697896
1786702279.851631,39.375459,1203,30.06,473.49,68.03,1.0000,0.739821,0.141726,463.33,335.05,0.9442,0.723951,0.698018
1786702279.906729,39.430557,1204,30.06,473.46,67.80,1.0000,0.739783,0.141248,463.43,335.19,0.9439,0.724103,0.698317
1786702279.930215,39.454043,1205,30.06,473.79,67.80,1.0000,0.740303,0.141248,463.39,335.20,0.9422,0.724044,0.698336
1786702279.948440,39.472268,1206,30.06,473.79,67.70,1.0000,0.740291,0.141051,463.50,335.55,0.9426,0.724219,0.699064
1786702279.997944,39.521772,1207,30.06,473.86,67.78,1.0000,0.740408,0.141209,463.66,335.90,0.9431,0.724464,0.699799
1786702280.039534,39.563362,1208,30.06,473.85,67.78,1.0000,0.740397,0.141210,463.60,335.92,0.9432,0.724372,0.699832
1786702280.054612,39.578440,1209,30.06,473.85,68.25,1.0000,0.740391,0.142181,463.54,336.00,0.9433,0.724282,0.700002
1786702280.097024,39.620852,1210,30.06,473.85,68.47,1.0000,0.740384,0.142636,463.53,336.08,0.9441,0.724269,0.700166
1786702280.134011,39.657839,1211,30.06,473.86,68.36,1.0000,0.740403,0.142412,463.54,336.12,0.9431,0.724285,0.700249
1786702280.182548,39.706376,1212,30.06,473.84,68.18,1.0000,0.740370,0.142048,463.35,335.76,0.9429,0.723992,0.699504
1786702280.197849,39.721677,1213,30.06,473.94,68.13,1.0000,0.740534,0.141947,463.36,335.77,0.9434,0.723995,0.699529
1786702280.223937,39.747765,1214,30.06,473.94,68.29,1.0000,0.740532,0.142272,463.40,335.77,0.9448,0.724065,0.699519
1786702280.264623,39.788451,1215,30.06,473.94,68.27,1.0000,0.740535,0.142234,463.38,335.80,0.9447,0.724026,0.699583
1786702280.282458,39.806286,1216,30.06,473.94,68.08,1.0000,0.740525,0.141840,463.39,335.48,0.9459,0.724052,0.698919
1786702280.323235,39.847063,1217,30.06,474.33,68.16,1.0000,0.741144,0.141990,463.64,335.50,0.9474,0.724431,0.698951
1786702280.360568,39.884396,1218,29.96,474.34,68.76,1.0000,0.741160,0.143248,463.65,336.26,0.9473,0.724449,0.700548
1786702280.405829,39.929657,1219,29.96,474.06,68.54,1.0000,0.740723,0.142790,463.50,335.90,0.9478,0.724212,0.699784
1786702280.423699,39.947527,1220,29.96,474.08,68.29,1.0000,0.740756,0.142277,463.14,335.34,0.9467,0.723652,0.698617
1786702280.470747,39.994575,1221,29.96,474.16,68.40,1.0000,0.740882,0.142490,463.47,335.57,0.9460,0.724168,0.699098
1786702280.538050,40.061878,1222,29.96,473.93,69.26,1.0000,0.740513,0.144283,463.56,335.70,0.9464,0.724310,0.699374
1786702280.552866,40.076694,1223,29.96,473.95,69.02,1.0000,0.740540,0.143796,463.39,335.63,0.9460,0.724043,0.699229
1786702280.567564,40.091392,1224,29.96,473.96,68.63,1.0000,0.740562,0.142977,463.45,335.26,0.9471,0.724134,0.698454
1786702280.592735,40.116563,1225,29.96,473.98,68.65,1.0000,0.740596,0.143022,463.50,335.07,0.9477,0.724226,0.698063
1786702280.625970,40.149798,1226,29.96,473.97,68.95,1.0000,0.740576,0.143645,463.39,335.13,0.9461,0.724044,0.698186
1786702280.659652,40.183480,1227,29.96,474.12,68.81,1.0000,0.740806,0.143364,463.38,334.40,0.9477,0.724033,0.696668
1786702280.702487,40.226315,1228,29.96,474.08,68.66,1.0000,0.740753,0.143042,463.53,334.38,0.9466,0.724261,0.696629
1786702280.736383,40.260211,1229,29.96,474.08,69.15,1.0000,0.740752,0.144055,463.54,334.70,0.9471,0.724289,0.697288
1786702280.786901,40.310729,1230,29.96,474.68,68.34,1.0000,0.741685,0.142375,463.56,334.73,0.9477,0.724309,0.697354
1786702280.802644,40.326473,1231,29.96,474.61,68.07,1.0000,0.741571,0.141810,463.62,334.45,0.9487,0.724409,0.696773
1786702280.818769,40.342597,1232,29.96,475.09,68.21,1.0000,0.742327,0.142099,463.69,334.72,0.9477,0.724515,0.697341
1786702280.866870,40.390698,1233,29.90,474.66,68.46,1.0000,0.741664,0.142622,463.74,334.95,0.9464,0.724595,0.697808
1786702280.906588,40.430416,1234,29.90,474.92,67.71,1.0000,0.742058,0.141053,463.59,335.05,0.9459,0.724360,0.698029
1786702280.933620,40.457448,1235,29.90,474.91,67.61,1.0000,0.742054,0.140856,463.61,335.10,0.9460,0.724394,0.698135
1786702280.962525,40.486353,1236,29.90,474.91,68.46,1.0000,0.742047,0.142625,463.65,335.39,0.9459,0.724454,0.698735
1786702281.010890,40.534718,1237,29.90,474.85,68.40,1.0000,0.741957,0.142496,463.56,335.47,0.9453,0.724320,0.698898
1786702281.042527,40.566355,1238,29.90,474.85,68.07,1.0000,0.741951,0.141820,463.38,335.46,0.9452,0.724036,0.698880
1786702281.058220,40.582048,1239,29.90,474.80,68.12,1.0000,0.741883,0.141907,463.67,335.68,0.9439,0.724489,0.699329
1786702281.106121,40.629949,1240,29.90,474.77,68.31,1.0000,0.741834,0.142303,463.68,335.80,0.9435,0.724493,0.699573
1786702281.122071,40.645899,1241,29.90,474.77,68.07,1.0000,0.741828,0.141809,463.68,335.60,0.9451,0.724506,0.699170
1786702281.162166,40.685994,1242,29.90,474.77,68.08,1.0000,0.741825,0.141824,463.68,335.61,0.9448,0.724507,0.699196
1786702281.201754,40.725582,1243,29.90,474.89,68.49,1.0000,0.742013,0.142692,463.52,335.24,0.9422,0.724243,0.698410
1786702281.247324,40.771152,1244,29.90,474.58,68.41,1.0000,0.741525,0.142520,463.40,335.13,0.9422,0.724066,0.698179
1786702281.271205,40.795033,1245,29.90,474.58,68.36,1.0000,0.741533,0.142407,463.41,335.16,0.9412,0.724078,0.698260
1786702281.297893,40.821721,1246,29.90,474.59,68.45,1.0000,0.741541,0.142609,463.29,335.36,0.9411,0.723887,0.698664
1786702281.342864,40.866692,1247,29.90,474.55,68.45,1.0000,0.741487,0.142611,463.27,335.35,0.9399,0.723854,0.698655
1786702281.377662,40.901490,1248,29.86,474.68,68.35,1.0000,0.741688,0.142388,463.18,335.28,0.9394,0.723724,0.698490
1786702281.384683,40.908511,1249,29.86,474.66,68.20,1.0000,0.741660,0.142079,463.20,335.28,0.9395,0.723748,0.698496
1786702281.433682,40.957510,1250,29.86,474.55,68.36,1.0000,0.741489,0.142406,463.26,335.59,0.9411,0.723843,0.699149
1786702281.468565,40.992393,1251,29.86,474.74,67.99,1.0000,0.741780,0.141645,463.26,335.53,0.9409,0.723840,0.699023
1786702281.505099,41.028927,1252,29.86,474.72,67.73,1.0000,0.741757,0.141106,463.26,335.47,0.9426,0.723839,0.698895
1786702281.536779,41.060607,1253,29.86,474.71,68.21,1.0000,0.741738,0.142114,463.57,335.46,0.9439,0.724327,0.698880
1786702281.584994,41.108822,1254,29.86,474.46,68.29,1.0000,0.741345,0.142269,463.58,335.19,0.9456,0.724348,0.698310
1786702281.617083,41.140911,1255,29.86,474.35,68.03,1.0000,0.741178,0.141724,463.57,335.17,0.9454,0.724332,0.698279
1786702281.632385,41.156213,1256,29.86,474.44,67.80,1.0000,0.741316,0.141242,463.53,335.05,0.9459,0.724271,0.698027
1786702281.664126,41.187954,1257,29.86,474.44,68.01,1.0000,0.741318,0.141693,463.53,335.11,0.9466,0.724268,0.698138
1786702281.695761,41.219589,1258,29.86,474.48,68.12,1.0000,0.741369,0.141925,463.57,335.56,0.9456,0.724322,0.699089
1786702281.744074,41.267902,1259,29.86,474.39,68.05,1.0000,0.741229,0.141768,463.50,335.60,0.9454,0.724216,0.699176
1786702281.794305,41.318133,1260,29.86,474.08,67.81,1.0000,0.740747,0.141265,463.60,335.28,0.9470,0.724373,0.698503
1786702281.807439,41.331267,1261,29.86,473.97,68.07,1.0000,0.740574,0.141805,463.61,335.32,0.9478,0.724396,0.698575
1786702281.841981,41.365809,1262,29.86,474.18,68.14,1.0000,0.740909,0.141962,463.63,335.55,0.9480,0.724425,0.699067
1786702281.854707,41.378535,1263,29.86,474.12,67.92,1.0000,0.740808,0.141491,463.62,335.53,0.9477,0.724401,0.699027
1786702281.903098,41.426926,1264,29.99,473.85,67.88,1.0000,0.740391,0.141408,463.50,335.42,0.9487,0.724214,0.698798
1786702281.919213,41.443041,1265,29.99,473.59,67.88,1.0000,0.739979,0.141426,463.63,335.60,0.9482,0.724417,0.699161
1786702281.961723,41.485551,1266,29.99,473.22,68.48,1.0000,0.739405,0.142657,463.69,335.57,0.9483,0.724515,0.699104
1786702282.009491,41.533319,1267,29.99,472.90,68.47,1.0000,0.738906,0.142652,463.54,335.60,0.9478,0.724283,0.699162
1786702282.046971,41.570799,1268,29.99,472.64,68.28,1.0000,0.738498,0.142255,463.62,335.46,0.9474,0.724399,0.698871
1786702282.062675,41.586503,1269,29.99,472.45,68.49,1.0000,0.738203,0.142688,463.72,335.52,0.9471,0.724569,0.698990
1786702282.102766,41.626594,1270,29.99,472.36,68.89,1.0000,0.738058,0.143512,463.65,335.34,0.9459,0.724454,0.698625
1786702282.133821,41.657649,1271,29.99,472.55,68.66,1.0000,0.738354,0.143035,463.71,335.32,0.9465,0.724550,0.698590
1786702282.158127,41.681955,1272,29.99,472.45,68.47,1.0000,0.738196,0.142653,463.72,335.16,0.9468,0.724560,0.698259
1786702282.205493,41.729321,1273,29.99,471.67,68.47,1.0000,0.736992,0.142643,463.40,334.67,0.9454,0.724060,0.697236
1786702282.231324,41.755152,1274,29.99,471.08,68.58,1.0000,0.736063,0.142883,463.43,334.76,0.9460,0.724108,0.697426
1786702282.261158,41.784986,1275,29.99,470.46,68.62,1.0000,0.735093,0.142955,463.64,334.85,0.9449,0.724430,0.697597
1786702282.295932,41.819760,1276,29.99,470.32,68.53,1.0000,0.734872,0.142761,463.66,334.82,0.9453,0.724472,0.697544
1786702282.325204,41.849032,1277,29.99,470.29,68.31,1.0000,0.734828,0.142303,463.65,334.77,0.9449,0.724448,0.697444
1786702282.359623,41.883451,1278,29.99,470.06,68.34,1.0000,0.734475,0.142371,463.66,334.81,0.9447,0.724472,0.697512
1786702282.397544,41.921372,1279,29.97,470.06,68.33,1.0000,0.734464,0.142354,463.74,334.80,0.9444,0.724599,0.697501
1786702282.412632,41.936460,1280,29.97,469.91,68.26,1.0000,0.734235,0.142209,463.73,334.87,0.9457,0.724582,0.697649
1786702282.463264,41.987092,1281,29.97,469.83,68.08,1.0000,0.734102,0.141840,463.69,335.25,0.9444,0.724510,0.698435
1786702282.487681,42.011509,1282,29.97,469.69,68.19,1.0000,0.733884,0.142061,463.68,335.27,0.9443,0.724493,0.698474
1786702282.529426,42.053254,1283,29.97,469.83,68.35,1.0000,0.734108,0.142389,463.71,335.32,0.9442,0.724547,0.698580
1786702282.565026,42.088854,1284,29.97,469.82,68.31,1.0000,0.734095,0.142303,463.65,335.30,0.9437,0.724458,0.698537
1786702282.589133,42.112961,1285,29.97,469.73,68.08,1.0000,0.733954,0.141842,463.74,335.47,0.9429,0.724588,0.698906
1786702282.636003,42.159831,1286,29.97,469.73,68.14,1.0000,0.733959,0.141968,463.80,335.46,0.9423,0.724683,0.698870
1786702282.666143,42.189971,1287,29.97,469.73,68.16,1.0000,0.733945,0.141997,463.73,335.44,0.9427,0.724582,0.698827
1786702282.697756,42.221584,1288,29.97,469.63,68.16,1.0000,0.733793,0.141999,463.65,335.49,0.9416,0.724446,0.698930
1786702282.717929,42.241757,1289,29.97,469.27,68.41,1.0000,0.733229,0.142520,463.62,335.48,0.9420,0.724412,0.698919
1786702282.772952,42.296780,1290,29.97,469.08,68.53,1.0000,0.732932,0.142767,463.80,335.50,0.9425,0.724681,0.698951
1786702282.794338,42.318166,1291,29.97,469.04,68.56,1.0000,0.732873,0.142823,463.80,335.51,0.9393,0.724693,0.698989
1786702282.823314,42.347142,1292,29.97,469.04,68.59,1.0000,0.732876,0.142902,463.79,335.52,0.9389,0.724667,0.698995
1786702282.857545,42.381373,1293,29.97,469.03,68.59,1.0000,0.732864,0.142890,463.84,335.41,0.9388,0.724755,0.698763
1786702282.892287,42.416116,1294,29.97,469.01,68.59,1.0000,0.732833,0.142890,463.86,335.95,0.9366,0.724774,0.699889
1786702282.923422,42.447250,1295,30.05,469.18,68.59,1.0000,0.733101,0.142888,463.87,335.94,0.9375,0.724792,0.699872
1786702282.958103,42.481931,1296,30.05,469.22,68.55,1.0000,0.733149,0.142817,463.95,335.90,0.9382,0.724914,0.699799
1786702282.992603,42.516431,1297,30.05,469.33,68.56,1.0000,0.733335,0.142828,463.99,335.74,0.9390,0.724989,0.699463
1786702283.015949,42.539777,1298,30.05,469.35,68.55,1.0000,0.733353,0.142820,463.95,335.67,0.9407,0.724925,0.699322
1786702283.080934,42.604762,1299,30.05,469.34,68.73,1.0000,0.733336,0.143197,463.98,335.47,0.9401,0.724976,0.698896
1786702283.100139,42.623967,1300,30.05,469.33,68.71,1.0000,0.733324,0.143145,463.95,335.67,0.9398,0.724915,0.699307
1786702283.125459,42.649287,1301,30.05,469.33,68.75,1.0000,0.733328,0.143220,463.84,335.58,0.9393,0.724751,0.699133
1786702283.141296,42.665124,1302,30.05,469.26,68.73,1.0000,0.733217,0.143196,463.85,335.22,0.9396,0.724760,0.698376
1786702283.205608,42.729436,1303,30.05,469.10,68.74,1.0000,0.732961,0.143205,463.94,335.12,0.9391,0.724913,0.698176
1786702283.221762,42.745590,1304,30.05,469.05,68.69,1.0000,0.732885,0.143100,463.92,335.13,0.9409,0.724882,0.698195
1786702283.258606,42.782434,1305,30.05,469.14,68.61,1.0000,0.733024,0.142947,463.78,335.19,0.9409,0.724661,0.698323
1786702283.289594,42.813422,1306,30.05,469.44,68.58,1.0000,0.733505,0.142879,463.84,335.15,0.9416,0.724743,0.698228
1786702283.330572,42.854400,1307,30.05,469.26,68.74,1.0000,0.733220,0.143208,463.63,335.17,0.9403,0.724425,0.698279
1786702283.362849,42.886677,1308,30.05,469.07,68.74,1.0000,0.732928,0.143205,463.78,335.28,0.9395,0.724655,0.698509
1786702283.392688,42.916516,1309,30.05,469.23,68.74,1.0000,0.733166,0.143204,463.79,335.54,0.9395,0.724675,0.699042
1786702283.427119,42.950947,1310,30.05,469.56,68.69,1.0000,0.733695,0.143111,463.77,335.41,0.9396,0.724642,0.698779
1786702283.461601,42.985429,1311,29.99,470.06,68.55,1.0000,0.734472,0.142818,463.71,335.34,0.9390,0.724548,0.698622
1786702283.493403,43.017231,1312,29.99,470.04,68.54,1.0000,0.734442,0.142796,463.67,335.35,0.9380,0.724490,0.698644
1786702283.527685,43.051513,1313,29.99,470.03,68.56,1.0000,0.734429,0.142829,463.81,335.39,0.9390,0.724696,0.698730
1786702283.565004,43.088832,1314,29.99,469.80,68.56,1.0000,0.734058,0.142831,463.99,335.30,0.9409,0.724988,0.698552
1786702283.591309,43.115137,1315,29.99,469.78,68.78,1.0000,0.734037,0.143299,463.84,335.27,0.9397,0.724757,0.698483
1786702283.631818,43.155646,1316,29.99,469.78,68.73,1.0000,0.734030,0.143196,463.92,335.33,0.9412,0.724867,0.698599
1786702283.660494,43.184322,1317,29.99,469.75,68.64,1.0000,0.733988,0.143006,463.92,335.61,0.9419,0.724874,0.699180
1786702283.691866,43.215694,1318,29.99,469.76,68.42,1.0000,0.734000,0.142547,464.01,335.60,0.9424,0.725021,0.699159
1786702283.724015,43.247843,1319,29.99,469.76,68.38,1.0000,0.733997,0.142467,463.90,335.74,0.9422,0.724837,0.699451
1786702283.758578,43.282406,1320,29.99,469.73,68.38,1.0000,0.733957,0.142448,463.76,335.70,0.9416,0.724632,0.699370
1786702283.808779,43.332607,1321,29.99,469.60,68.32,1.0000,0.733751,0.142339,463.47,335.37,0.9405,0.724167,0.698688
1786702283.830002,43.353830,1322,29.99,469.60,68.34,1.0000,0.733747,0.142379,463.46,335.60,0.9409,0.724152,0.699163
1786702283.851734,43.375562,1323,29.99,469.60,68.40,1.0000,0.733745,0.142493,463.46,335.64,0.9400,0.724154,0.699257
1786702283.891088,43.414916,1324,29.99,469.81,68.38,1.0000,0.734084,0.142450,463.32,335.08,0.9399,0.723943,0.698076
1786702283.933014,43.456842,1325,29.99,469.83,68.36,1.0000,0.734104,0.142408,463.25,335.04,0.9384,0.723825,0.697995
1786702283.959760,43.483588,1326,29.99,469.82,68.28,1.0000,0.734100,0.142259,463.22,335.10,0.9373,0.723779,0.698119
1786702283.994116,43.517944,1327,30.05,469.66,68.36,1.0000,0.733843,0.142412,463.09,335.01,0.9368,0.723577,0.697929
1786702284.028616,43.552444,1328,30.05,469.85,68.30,1.0000,0.734135,0.142288,463.09,334.98,0.9382,0.723583,0.697879
1786702284.057503,43.581331,1329,30.05,469.86,68.28,1.0000,0.734148,0.142243,463.10,334.98,0.9392,0.723597,0.697875
1786702284.104754,43.628582,1330,30.05,470.08,68.18,1.0000,0.734498,0.142035,463.13,335.40,0.9390,0.723648,0.698741
1786702284.131020,43.654848,1331,30.05,470.10,68.17,1.0000,0.734532,0.142031,463.24,335.31,0.9403,0.723820,0.698563
1786702284.148871,43.672699,1332,30.05,470.48,68.07,1.0000,0.735130,0.141803,463.29,335.41,0.9395,0.723893,0.698780
1786702284.191613,43.715441,1333,30.05,470.46,68.12,1.0000,0.735092,0.141927,463.31,335.35,0.9386,0.723928,0.698636
1786702284.227553,43.751381,1334,30.05,470.52,68.13,1.0000,0.735186,0.141936,463.31,335.40,0.9391,0.723927,0.698758
1786702284.256897,43.780725,1335,30.05,470.69,68.08,1.0000,0.735452,0.141838,463.32,335.34,0.9398,0.723933,0.698619
1786702284.301085,43.824914,1336,30.05,471.00,68.07,1.0000,0.735943,0.141805,463.33,335.29,0.9397,0.723946,0.698526
1786702284.348833,43.872661,1337,30.05,470.99,68.09,1.0000,0.735930,0.141850,463.18,335.31,0.9402,0.723717,0.698559
1786702284.357874,43.881702,1338,30.05,471.10,68.07,1.0000,0.736091,0.141809,463.08,335.26,0.9394,0.723558,0.698456
1786702284.397096,43.920924,1339,30.05,471.41,68.13,1.0000,0.736570,0.141944,462.95,335.30,0.9395,0.723358,0.698533
1786702284.413142,43.936970,1340,30.05,471.47,68.11,1.0000,0.736672,0.141899,462.96,335.31,0.9402,0.723381,0.698562
1786702284.457407,43.981236,1341,30.05,471.67,68.05,1.0000,0.736985,0.141765,463.11,335.01,0.9421,0.723605,0.697936
1786702284.493132,44.016960,1342,29.99,471.88,68.06,1.0000,0.737307,0.141783,463.14,334.78,0.9424,0.723655,0.697465
1786702284.523612,44.047440,1343,29.99,471.87,68.04,1.0000,0.737304,0.141757,463.18,334.76,0.9444,0.723721,0.697416
1786702284.564405,44.088233,1344,29.99,472.08,68.12,1.0000,0.737627,0.141909,463.30,334.86,0.9441,0.723905,0.697622
1786702284.587736,44.111564,1345,29.99,471.95,68.12,1.0000,0.737415,0.141910,463.32,334.83,0.9443,0.723944,0.697565
1786702284.625011,44.148839,1346,29.99,472.00,68.09,1.0000,0.737495,0.141846,463.34,334.81,0.9453,0.723961,0.697518
1786702284.660056,44.183884,1347,29.99,472.01,68.06,1.0000,0.737521,0.141798,463.54,334.97,0.9448,0.724283,0.697856
1786702284.712657,44.236485,1348,29.99,471.98,68.08,1.0000,0.737470,0.141827,463.64,335.19,0.9438,0.724445,0.698302
1786702284.728679,44.252507,1349,29.99,472.03,68.08,1.0000,0.737545,0.141826,463.59,335.20,0.9430,0.724357,0.698340
1786702284.766743,44.290571,1350,29.99,472.08,68.10,1.0000,0.737619,0.141865,463.58,335.23,0.9435,0.724347,0.698387
1786702284.801234,44.325062,1351,29.99,472.12,68.05,1.0000,0.737691,0.141769,463.37,335.20,0.9417,0.724010,0.698340
1786702284.834945,44.358773,1352,29.99,472.18,68.18,1.0000,0.737775,0.142043,463.07,335.20,0.9418,0.723545,0.698325
1786702284.874929,44.398757,1353,29.99,472.18,68.20,1.0000,0.737776,0.142084,463.02,335.37,0.9418,0.723463,0.698678
1786702284.885396,44.409224,1354,29.99,472.14,68.23,1.0000,0.737720,0.142138,463.02,335.32,0.9423,0.723473,0.698578
1786702284.938335,44.462163,1355,29.99,471.94,68.22,1.0000,0.737402,0.142117,462.93,335.54,0.9382,0.723322,0.699033
1786702284.951204,44.475032,1356,29.99,471.94,68.18,1.0000,0.737403,0.142046,462.94,335.65,0.9382,0.723344,0.699278
1786702284.994758,44.518586,1357,29.93,471.95,68.19,1.0000,0.737414,0.142059,463.03,335.76,0.9385,0.723487,0.699491
1786702285.039668,44.563496,1358,29.93,472.03,68.14,1.0000,0.737550,0.141956,463.13,335.78,0.9392,0.723639,0.699545
1786702285.065724,44.589552,1359,29.93,472.24,68.08,1.0000,0.737878,0.141832,463.10,335.76,0.9391,0.723600,0.699490
1786702285.109211,44.633039,1360,29.93,472.46,68.64,1.0000,0.738219,0.142998,463.02,335.88,0.9399,0.723471,0.699760
1786702285.140059,44.663887,1361,29.93,472.64,68.84,1.0000,0.738493,0.143410,463.14,335.69,0.9408,0.723659,0.699359
1786702285.155907,44.679735,1362,29.93,472.64,68.84,1.0000,0.738498,0.143412,463.16,335.58,0.9411,0.723692,0.699126
1786702285.195451,44.719279,1363,29.93,472.65,68.83,1.0000,0.738513,0.143394,463.16,335.54,0.9418,0.723691,0.699031
1786702285.224748,44.748576,1364,29.93,472.62,68.79,1.0000,0.738475,0.143308,463.20,335.65,0.9407,0.723755,0.699261
1786702285.259660,44.783489,1365,29.93,472.62,68.82,1.0000,0.738475,0.143377,463.19,335.62,0.9414,0.723732,0.699209
1786702285.294633,44.818461,1366,29.93,472.66,68.90,1.0000,0.738528,0.143542,463.18,335.57,0.9415,0.723723,0.699112
1786702285.325674,44.849502,1367,29.93,472.68,68.83,1.0000,0.738567,0.143396,463.25,335.78,0.9399,0.723829,0.699539
1786702285.363399,44.887227,1368,29.93,472.85,69.19,1.0000,0.738831,0.144138,463.18,335.92,0.9403,0.723727,0.699837
1786702285.400573,44.924401,1369,29.93,472.85,69.18,1.0000,0.738821,0.144122,462.80,335.92,0.9382,0.723130,0.699827
1786702285.426468,44.950296,1370,29.93,472.82,69.01,1.0000,0.738778,0.143766,462.76,335.63,0.9392,0.723065,0.699236
1786702285.469147,44.992975,1371,29.93,472.80,69.01,1.0000,0.738756,0.143764,462.55,335.63,0.9401,0.722730,0.699224
1786702285.497880,45.021708,1372,29.93,472.70,69.01,1.0000,0.738590,0.143761,462.66,335.63,0.9408,0.722914,0.699230
1786702285.524067,45.047895,1373,30.05,472.59,69.00,1.0000,0.738419,0.143748,463.31,335.70,0.9401,0.723921,0.699366
1786702285.569848,45.093676,1374,30.05,472.58,68.90,1.0000,0.738408,0.143547,463.29,335.66,0.9412,0.723895,0.699293
1786702285.585626,45.109454,1375,30.05,472.49,68.86,1.0000,0.738268,0.143469,463.35,335.66,0.9412,0.723989,0.699288
1786702285.630954,45.154782,1376,30.05,472.15,68.67,1.0000,0.737741,0.143054,463.36,335.76,0.9411,0.724005,0.699510
1786702285.658180,45.182008,1377,30.05,472.18,68.64,1.0000,0.737779,0.142991,463.41,335.88,0.9421,0.724085,0.699741
1786702285.701958,45.225786,1378,30.05,472.10,68.50,1.0000,0.737650,0.142705,463.44,335.85,0.9424,0.724125,0.699678
1786702285.712044,45.235872,1379,30.05,472.10,68.43,1.0000,0.737658,0.142569,463.41,335.68,0.9440,0.724083,0.699324
1786702285.775336,45.299164,1380,30.05,472.04,68.41,1.0000,0.737567,0.142512,463.47,335.67,0.9438,0.724169,0.699319
1786702285.796293,45.320121,1381,30.05,472.08,68.39,1.0000,0.737621,0.142472,463.38,335.48,0.9424,0.724026,0.698920
1786702285.825941,45.349769,1382,30.05,472.00,68.40,1.0000,0.737495,0.142490,463.27,335.33,0.9430,0.723864,0.698607
1786702285.858026,45.381854,1383,30.05,471.93,68.46,1.0000,0.737396,0.142621,463.36,335.27,0.9440,0.723998,0.698482
1786702285.897684,45.421512,1384,30.05,471.89,68.46,1.0000,0.737333,0.142615,463.36,335.24,0.9426,0.724005,0.698425
1786702285.932875,45.456703,1385,30.05,471.80,68.51,1.0000,0.737192,0.142721,463.36,334.77,0.9426,0.723999,0.697446
1786702285.959031,45.482859,1386,30.05,471.20,68.49,1.0000,0.736249,0.142691,463.35,334.80,0.9424,0.723990,0.697493
1786702285.990736,45.514564,1387,30.05,470.47,68.46,1.0000,0.735111,0.142631,463.43,335.05,0.9431,0.724104,0.698024
1786702286.025387,45.549215,1388,30.01,470.56,68.43,1.0000,0.735257,0.142554,463.45,335.06,0.9420,0.724137,0.698049
1786702286.059583,45.583411,1389,30.01,470.49,68.51,1.0000,0.735136,0.142721,463.43,335.08,0.9424,0.724108,0.698090
1786702286.093708,45.617536,1390,30.01,470.45,68.52,1.0000,0.735071,0.142751,463.37,335.39,0.9438,0.724014,0.698720
1786702286.128258,45.652086,1391,30.01,470.50,68.43,1.0000,0.735155,0.142572,463.36,335.44,0.9434,0.723998,0.698826
1786702286.162482,45.686310,1392,30.01,470.27,68.50,1.0000,0.734791,0.142708,463.11,335.40,0.9429,0.723602,0.698747
1786702286.196485,45.720313,1393,30.01,470.15,68.50,1.0000,0.734612,0.142708,463.11,335.34,0.9436,0.723609,0.698635
1786702286.231471,45.755299,1394,30.01,470.17,68.56,1.0000,0.734643,0.142832,463.24,335.38,0.9424,0.723816,0.698719
1786702286.257825,45.781653,1395,30.01,470.41,68.55,1.0000,0.735009,0.142815,463.23,335.69,0.9424,0.723804,0.699353
1786702286.296591,45.820419,1396,30.01,470.38,68.55,1.0000,0.734972,0.142807,463.29,335.76,0.9423,0.723884,0.699490
1786702286.325756,45.849584,1397,30.01,470.45,68.58,1.0000,0.735073,0.142867,463.22,335.81,0.9427,0.723776,0.699601
1786702286.360642,45.884470,1398,30.01,470.45,68.56,1.0000,0.735082,0.142833,463.19,335.87,0.9430,0.723728,0.699739
1786702286.389764,45.913592,1399,30.01,470.50,68.58,1.0000,0.735159,0.142876,463.08,335.87,0.9422,0.723560,0.699735
1786702286.426170,45.949998,1400,30.01,470.55,68.57,1.0000,0.735230,0.142857,463.07,335.89,0.9415,0.723551,0.699762
1786702286.458860,45.982688,1401,30.01,470.61,68.41,1.0000,0.735333,0.142511,463.05,335.35,0.9416,0.723510,0.698636
1786702286.491674,46.015502,1402,30.01,470.96,67.73,1.0000,0.735872,0.141112,463.21,335.00,0.9418,0.723763,0.697913
1786702286.521219,46.045047,1403,30.01,471.14,67.73,1.0000,0.736157,0.141094,463.29,335.10,0.9433,0.723886,0.698118
1786702286.563479,46.087307,1404,30.09,471.64,67.72,1.0000,0.736935,0.141078,463.29,335.06,0.9412,0.723884,0.698041
1786702286.587542,46.111370,1405,30.09,472.14,67.65,1.0000,0.737713,0.140931,463.43,335.08,0.9418,0.724104,0.698090
1786702286.617073,46.140901,1406,30.09,472.42,67.71,1.0000,0.738161,0.141063,463.39,335.09,0.9415,0.724045,0.698105
1786702286.661750,46.185578,1407,30.09,472.79,67.58,1.0000,0.738729,0.140801,463.22,335.11,0.9396,0.723777,0.698149
1786702286.690835,46.214664,1408,30.09,472.81,67.59,1.0000,0.738771,0.140803,463.25,335.32,0.9395,0.723824,0.698585
1786702286.725333,46.249161,1409,30.09,472.82,67.55,1.0000,0.738788,0.140739,463.32,335.46,0.9393,0.723933,0.698878
1786702286.759957,46.283785,1410,30.09,472.91,67.41,1.0000,0.738916,0.140443,463.50,335.20,0.9393,0.724216,0.698337
1786702286.797128,46.320956,1411,30.09,472.90,67.57,1.0000,0.738912,0.140771,463.49,335.20,0.9392,0.724210,0.698331
1786702286.825692,46.349520,1412,30.09,473.02,67.56,1.0000,0.739088,0.140740,463.49,335.19,0.9399,0.724211,0.698320
1786702286.860374,46.384202,1413,30.09,473.18,67.50,1.0000,0.739344,0.140634,463.50,335.23,0.9381,0.724217,0.698394
1786702286.915788,46.439616,1414,30.09,473.20,67.58,1.0000,0.739372,0.140794,463.52,335.19,0.9388,0.724248,0.698310
1786702286.931715,46.455543,1415,30.09,473.34,67.63,1.0000,0.739587,0.140891,463.47,335.27,0.9393,0.724177,0.698472
1786702286.963616,46.487444,1416,30.09,473.39,67.80,1.0000,0.739670,0.141244,463.49,335.25,0.9403,0.724197,0.698445
1786702286.979482,46.503310,1417,30.09,473.59,67.80,1.0000,0.739983,0.141244,463.34,335.27,0.9399,0.723967,0.698480
1786702287.030334,46.554162,1418,30.09,473.60,67.74,1.0000,0.739992,0.141120,463.31,335.25,0.9413,0.723926,0.698437
1786702287.066006,46.589834,1419,29.90,473.57,68.00,1.0000,0.739947,0.141662,463.21,335.28,0.9395,0.723758,0.698507
1786702287.093617,46.617445,1420,29.90,473.66,67.98,1.0000,0.740098,0.141616,463.22,335.29,0.9401,0.723786,0.698524
1786702287.136199,46.660027,1421,29.90,473.81,67.97,1.0000,0.740323,0.141613,463.12,335.27,0.9406,0.723618,0.698488
1786702287.170846,46.694674,1422,29.90,473.81,67.91,1.0000,0.740328,0.141474,463.05,335.28,0.9393,0.723510,0.698508
1786702287.202110,46.725938,1423,29.90,474.00,67.99,1.0000,0.740618,0.141641,463.10,335.27,0.9397,0.723590,0.698481
1786702287.244348,46.768176,1424,29.90,474.21,67.94,1.0000,0.740956,0.141551,462.88,335.33,0.9384,0.723250,0.698603
1786702287.265782,46.789610,1425,29.90,474.19,67.94,1.0000,0.740917,0.141551,462.80,335.45,0.9395,0.723128,0.698850
1786702287.297983,46.821811,1426,29.90,474.19,68.13,1.0000,0.740917,0.141933,462.94,335.44,0.9396,0.723337,0.698823
1786702287.313484,46.837312,1427,29.90,474.90,68.01,1.0000,0.742036,0.141678,462.95,335.61,0.9404,0.723361,0.699178
1786702287.347931,46.871759,1428,29.90,474.90,68.07,1.0000,0.742031,0.141808,463.15,335.66,0.9410,0.723676,0.699282
1786702287.395484,46.919312,1429,29.90,475.73,68.05,1.0000,0.743327,0.141769,463.10,335.86,0.9407,0.723594,0.699710
1786702287.425314,46.949142,1430,29.90,475.68,68.02,1.0000,0.743251,0.141710,463.22,335.86,0.9424,0.723787,0.699705
1786702287.450833,46.974661,1431,29.90,475.70,68.12,1.0000,0.743277,0.141907,463.16,335.81,0.9421,0.723694,0.699596
1786702287.484935,47.008763,1432,29.90,475.70,68.09,1.0000,0.743277,0.141846,463.16,335.80,0.9427,0.723690,0.699585
1786702287.520898,47.044726,1433,29.90,475.69,68.08,1.0000,0.743262,0.141839,463.36,335.69,0.9426,0.724003,0.699355
1786702287.559854,47.083682,1434,29.90,475.92,68.09,1.0000,0.743618,0.141855,463.75,335.63,0.9426,0.724612,0.699220
1786702287.585981,47.109809,1435,30.07,476.17,68.14,1.0000,0.744016,0.141953,463.78,335.63,0.9434,0.724656,0.699236
1786702287.628165,47.151993,1436,30.07,476.10,68.28,1.0000,0.743914,0.142257,463.79,335.40,0.9432,0.724677,0.698740
1786702287.684459,47.208287,1437,30.07,476.20,68.28,1.0000,0.744063,0.142246,463.86,335.39,0.9441,0.724785,0.698735
1786702287.699031,47.222859,1438,30.07,476.20,68.28,1.0000,0.744058,0.142245,463.83,335.41,0.9428,0.724740,0.698768
1786702287.735993,47.259821,1439,30.07,476.19,68.26,1.0000,0.744048,0.142217,463.94,335.38,0.9422,0.724910,0.698711
1786702287.780230,47.304058,1440,30.07,475.93,68.24,1.0000,0.743635,0.142168,463.82,335.40,0.9411,0.724723,0.698744
1786702287.799060,47.322888,1441,30.07,476.02,68.23,1.0000,0.743782,0.142136,463.83,335.36,0.9422,0.724731,0.698666
1786702287.842679,47.366507,1442,30.07,476.43,68.24,1.0000,0.744415,0.142173,463.85,335.17,0.9424,0.724759,0.698273
1786702287.871561,47.395389,1443,30.07,476.44,68.24,1.0000,0.744443,0.142173,463.92,335.06,0.9414,0.724877,0.698034
1786702287.902860,47.426688,1444,30.07,476.56,68.42,1.0000,0.744628,0.142539,463.95,335.42,0.9412,0.724916,0.698785
1786702287.923436,47.447264,1445,30.07,476.56,68.41,1.0000,0.744628,0.142523,463.80,335.45,0.9403,0.724684,0.698857
1786702287.966962,47.490790,1446,30.07,476.86,68.72,1.0000,0.745091,0.143176,463.76,335.27,0.9412,0.724618,0.698483
1786702287.999164,47.522992,1447,30.07,476.86,68.70,1.0000,0.745091,0.143133,463.89,335.18,0.9428,0.724829,0.698289
1786702288.024832,47.548661,1448,30.07,476.86,68.62,1.0000,0.745088,0.142961,464.03,334.99,0.9439,0.725046,0.697889
1786702288.059203,47.583031,1449,30.07,476.85,68.56,1.0000,0.745075,0.142829,464.00,334.87,0.9440,0.725001,0.697639
1786702288.104439,47.628267,1450,29.85,476.85,68.55,1.0000,0.745073,0.142817,463.85,334.82,0.9448,0.724770,0.697547
1786702288.141259,47.665087,1451,29.85,476.83,68.46,1.0000,0.745052,0.142629,463.84,334.82,0.9463,0.724750,0.697538
1786702288.189579,47.713407,1452,29.85,476.83,68.74,1.0000,0.745048,0.143214,463.82,335.02,0.9456,0.724723,0.697950
1786702288.201442,47.725271,1453,29.85,477.11,68.69,1.0000,0.745478,0.143102,463.69,335.07,0.9450,0.724523,0.698061
1786702288.221279,47.745107,1454,29.85,477.09,68.65,1.0000,0.745447,0.143020,463.76,335.07,0.9461,0.724625,0.698057
1786702288.255807,47.779635,1455,29.85,477.09,68.64,1.0000,0.745450,0.143007,463.98,335.06,0.9470,0.724965,0.698044
1786702288.291908,47.815736,1456,29.85,477.03,68.62,1.0000,0.745365,0.142959,464.02,335.10,0.9464,0.725034,0.698130
1786702288.320175,47.844003,1457,29.85,477.03,68.61,1.0000,0.745360,0.142945,464.00,335.15,0.9458,0.725006,0.698221
1786702288.355439,47.879267,1458,29.85,477.03,68.55,1.0000,0.745355,0.142804,464.14,335.13,0.9472,0.725222,0.698190
1786702288.405605,47.929433,1459,29.85,477.02,68.46,1.0000,0.745349,0.142628,463.93,335.33,0.9469,0.724890,0.698594
1786702288.427312,47.951140,1460,29.85,476.96,68.36,1.0000,0.745243,0.142422,463.93,335.30,0.9474,0.724888,0.698532
1786702288.473970,47.997798,1461,29.85,476.85,68.36,1.0000,0.745073,0.142424,464.11,335.15,0.9470,0.725167,0.698223
1786702288.506147,48.029975,1462,29.85,476.84,68.30,1.0000,0.745057,0.142289,464.35,334.91,0.9465,0.725552,0.697728
1786702288.525438,48.049266,1463,29.85,476.90,68.29,1.0000,0.745159,0.142274,464.40,334.95,0.9469,0.725621,0.697810
1786702288.562127,48.085955,1464,29.85,476.89,68.10,1.0000,0.745142,0.141868,464.46,335.03,0.9480,0.725721,0.697978
1786702288.598022,48.121850,1465,29.85,476.91,67.72,1.0000,0.745179,0.141090,464.53,335.32,0.9493,0.725830,0.698581
1786702288.632712,48.156540,1466,29.95,476.93,67.67,1.0000,0.745203,0.140970,464.47,335.31,0.9494,0.725736,0.698571
1786702288.661787,48.185615,1467,29.95,477.09,67.42,1.0000,0.745458,0.140454,464.46,335.30,0.9502,0.725720,0.698539
1786702288.693827,48.217655,1468,29.95,477.08,67.39,1.0000,0.745444,0.140401,464.46,335.27,0.9489,0.725723,0.698489
1786702288.742190,48.266018,1469,29.95,477.31,67.40,1.0000,0.745797,0.140409,464.23,335.09,0.9474,0.725354,0.698097
1786702288.758029,48.281857,1470,29.95,477.31,67.69,1.0000,0.745799,0.141021,464.21,335.10,0.9473,0.725326,0.698116
1786702288.794637,48.318465,1471,29.95,477.39,67.69,1.0000,0.745917,0.141016,464.18,335.24,0.9469,0.725286,0.698421
1786702288.838899,48.362727,1472,29.95,477.35,67.72,1.0000,0.745865,0.141094,464.15,335.18,0.9474,0.725238,0.698282
1786702288.858081,48.381909,1473,29.95,477.42,67.71,1.0000,0.745961,0.141062,463.96,335.13,0.9475,0.724944,0.698193
1786702288.902406,48.426234,1474,29.95,477.41,67.77,1.0000,0.745961,0.141180,463.98,335.15,0.9463,0.724965,0.698226
1786702288.918378,48.442206,1475,29.95,477.43,67.91,1.0000,0.745979,0.141483,463.91,335.24,0.9456,0.724864,0.698414
1786702288.961211,48.485039,1476,29.95,477.57,67.95,1.0000,0.746210,0.141558,463.70,335.29,0.9449,0.724534,0.698512
1786702288.995224,48.519052,1477,29.95,477.61,68.26,1.0000,0.746262,0.142215,463.69,335.61,0.9449,0.724523,0.699185
1786702289.034373,48.558201,1478,29.95,477.70,68.34,1.0000,0.746412,0.142382,463.57,335.66,0.9452,0.724325,0.699286
1786702289.063668,48.587496,1479,29.95,477.73,68.35,1.0000,0.746451,0.142393,463.59,335.56,0.9455,0.724362,0.699087
1786702289.097350,48.621178,1480,29.95,477.59,68.56,1.0000,0.746234,0.142830,463.59,335.34,0.9446,0.724364,0.698625
1786702289.142861,48.666689,1481,29.86,477.61,68.62,1.0000,0.746271,0.142957,463.60,335.36,0.9464,0.724378,0.698672
1786702289.173676,48.697504,1482,29.86,477.65,68.64,1.0000,0.746326,0.143006,463.59,335.36,0.9467,0.724362,0.698656
1786702289.204307,48.728135,1483,29.86,477.79,68.36,1.0000,0.746540,0.142419,463.68,335.38,0.9471,0.724501,0.698707
1786702289.219839,48.743667,1484,29.86,477.87,68.08,1.0000,0.746669,0.141823,463.65,335.41,0.9453,0.724461,0.698778
1786702289.253870,48.777698,1485,29.86,477.92,67.94,1.0000,0.746745,0.141546,463.53,335.46,0.9430,0.724264,0.698875
1786702289.299378,48.823206,1486,29.86,478.06,67.80,1.0000,0.746975,0.141259,463.43,335.41,0.9428,0.724110,0.698769
1786702289.329409,48.853237,1487,29.86,478.07,67.72,1.0000,0.746979,0.141082,463.42,335.41,0.9445,0.724101,0.698761
1786702289.364411,48.888239,1488,29.86,478.10,67.72,1.0000,0.747025,0.141075,463.37,335.34,0.9457,0.724020,0.698622
1786702289.395571,48.919399,1489,29.86,478.34,67.64,1.0000,0.747412,0.140925,463.41,335.44,0.9458,0.724084,0.698842
1786702289.444504,48.968333,1490,29.86,478.40,67.64,1.0000,0.747502,0.140919,463.54,335.63,0.9458,0.724284,0.699230
1786702289.476304,49.000132,1491,29.86,478.47,67.42,1.0000,0.747610,0.140457,463.49,335.62,0.9463,0.724201,0.699204
1786702289.491590,49.015418,1492,29.86,478.60,67.45,1.0000,0.747812,0.140526,463.47,335.68,0.9444,0.724180,0.699339
1786702289.522758,49.046586,1493,29.86,478.62,67.36,1.0000,0.747847,0.140330,463.47,335.64,0.9436,0.724166,0.699253
1786702289.556753,49.080581,1494,29.86,478.96,67.63,1.0000,0.748373,0.140899,463.48,335.65,0.9424,0.724187,0.699268
1786702289.606988,49.130816,1495,29.86,479.25,67.55,1.0000,0.748821,0.140726,463.28,335.52,0.9412,0.723869,0.699003
1786702289.624967,49.148795,1496,29.86,479.47,67.86,1.0000,0.749165,0.141385,463.00,335.46,0.9392,0.723444,0.698871
1786702289.656782,49.180610,1497,30.09,479.25,67.76,1.0000,0.748829,0.141176,463.07,335.52,0.9405,0.723542,0.698996
1786702289.700168,49.223996,1498,30.09,479.15,67.72,1.0000,0.748677,0.141087,463.06,335.48,0.9411,0.723525,0.698907
1786702289.744888,49.268716,1499,30.09,479.20,67.88,1.0000,0.748747,0.141426,463.14,335.43,0.9419,0.723650,0.698821
1786702289.776932,49.300760,1500,30.09,479.32,68.23,1.0000,0.748942,0.142139,463.25,335.45,0.9416,0.723828,0.698863
1786702289.809364,49.333192,1501,30.09,479.32,68.29,1.0000,0.748935,0.142281,463.63,335.34,0.9433,0.724424,0.698630
1786702289.840823,49.364651,1502,30.09,479.25,68.27,1.0000,0.748822,0.142232,463.64,335.34,0.9442,0.724442,0.698626
1786702289.871842,49.395670,1503,30.09,479.15,68.26,1.0000,0.748671,0.142215,463.62,335.36,0.9451,0.724402,0.698669
1786702289.904399,49.428227,1504,30.09,479.23,68.40,1.0000,0.748796,0.142493,463.60,335.37,0.9454,0.724378,0.698687
1786702289.943005,49.466833,1505,30.09,479.20,68.54,1.0000,0.748756,0.142788,463.76,335.38,0.9453,0.724623,0.698702
1786702289.951401,49.475229,1506,30.09,479.17,68.54,1.0000,0.748699,0.142798,463.75,335.37,0.9462,0.724603,0.698681
1786702290.007162,49.530990,1507,30.09,479.22,68.58,1.0000,0.748784,0.142878,463.74,335.30,0.9461,0.724591,0.698540
1786702290.025238,49.549066,1508,30.09,479.24,68.69,1.0000,0.748819,0.143113,463.73,335.02,0.9461,0.724583,0.697962
1786702290.063542,49.587370,1509,30.09,479.45,68.46,1.0000,0.749146,0.142625,463.65,334.94,0.9467,0.724458,0.697790
1786702290.095576,49.619404,1510,30.09,479.44,68.45,1.0000,0.749126,0.142610,463.66,334.93,0.9456,0.724463,0.697761
1786702290.127301,49.651129,1511,30.09,479.38,68.45,1.0000,0.749029,0.142611,463.55,334.90,0.9462,0.724303,0.697705
1786702290.174779,49.698607,1512,29.88,479.45,68.53,1.0000,0.749143,0.142775,463.52,334.94,0.9448,0.724257,0.697782
1786702290.206929,49.730757,1513,29.88,479.45,68.53,1.0000,0.749140,0.142776,463.51,334.89,0.9458,0.724228,0.697691
1786702290.238435,49.762263,1514,29.88,479.45,68.48,1.0000,0.749138,0.142661,463.50,334.87,0.9460,0.724212,0.697644
1786702290.270653,49.794481,1515,29.88,479.51,68.48,1.0000,0.749230,0.142673,463.45,334.97,0.9475,0.724143,0.697845
1786702290.302493,49.826321,1516,29.88,479.35,68.48,1.0000,0.748978,0.142671,463.45,334.98,0.9482,0.724144,0.697868
1786702290.334193,49.858021,1517,29.88,479.36,68.48,1.0000,0.748993,0.142664,463.46,334.95,0.9489,0.724150,0.697805
1786702290.365262,49.889090,1518,29.88,479.37,68.61,1.0000,0.749018,0.142947,463.44,335.08,0.9494,0.724127,0.698077
1786702290.380961,49.904789,1519,29.88,479.62,68.55,1.0000,0.749407,0.142808,463.45,335.07,0.9508,0.724142,0.698061
1786702290.428220,49.952048,1520,29.88,479.69,68.51,1.0000,0.749522,0.142722,463.44,335.06,0.9508,0.724129,0.698040
1786702290.459668,49.983496,1521,29.88,480.19,68.48,1.0000,0.750297,0.142658,463.47,335.07,0.9511,0.724166,0.698065
1786702290.506510,50.030339,1522,29.88,480.28,68.35,1.0000,0.750441,0.142405,463.44,335.15,0.9516,0.724120,0.698219
1786702290.525137,50.048965,1523,29.88,480.28,68.47,1.0000,0.750443,0.142637,463.50,335.16,0.9520,0.724217,0.698252
1786702290.577044,50.100872,1524,29.88,480.34,68.45,1.0000,0.750528,0.142610,463.53,335.65,0.9519,0.724270,0.699281
1786702290.591461,50.115289,1525,29.88,480.35,68.52,1.0000,0.750540,0.142743,463.52,335.63,0.9533,0.724247,0.699235
1786702290.629551,50.153379,1526,29.88,480.75,68.51,1.0000,0.751172,0.142737,463.52,335.80,0.9545,0.724246,0.699576
1786702290.678030,50.201858,1527,29.88,480.82,68.51,1.0000,0.751276,0.142732,463.55,335.89,0.9549,0.724301,0.699779
1786702290.693351,50.217179,1528,30.01,480.80,68.51,1.0000,0.751243,0.142724,463.64,335.97,0.9555,0.724442,0.699928
1786702290.756417,50.280245,1529,30.01,480.80,68.51,1.0000,0.751248,0.142720,463.69,335.96,0.9561,0.724518,0.699922
1786702290.759135,50.282963,1530,30.01,480.83,68.51,1.0000,0.751292,0.142723,463.71,336.00,0.9565,0.724547,0.699993
1786702290.799515,50.323343,1531,30.01,480.76,68.45,1.0000,0.751180,0.142595,463.72,335.85,0.9570,0.724567,0.699685
1786702290.830791,50.354619,1532,30.01,480.62,68.27,1.0000,0.750964,0.142235,463.65,335.85,0.9544,0.724446,0.699688
1786702290.875142,50.398970,1533,30.01,480.78,67.81,1.0000,0.751213,0.141267,463.58,335.75,0.9548,0.724337,0.699470
1786702290.899397,50.423225,1534,30.01,480.79,67.73,1.0000,0.751229,0.141114,463.50,335.57,0.9538,0.724215,0.699097
1786702290.936673,50.460501,1535,30.01,481.02,67.58,1.0000,0.751593,0.140793,463.61,335.60,0.9541,0.724392,0.699157
1786702290.978403,50.502231,1536,30.01,481.44,67.56,1.0000,0.752244,0.140742,463.84,335.74,0.9552,0.724755,0.699463
1786702290.993751,50.517579,1537,30.01,481.61,67.65,1.0000,0.752521,0.140927,463.86,335.76,0.9556,0.724777,0.699502
1786702291.014330,50.538158,1538,30.01,481.62,67.66,1.0000,0.752534,0.140959,463.86,335.74,0.9562,0.724781,0.699463
1786702291.063456,50.587284,1539,30.01,481.88,67.66,1.0000,0.752938,0.140959,463.94,336.01,0.9555,0.724911,0.700027
1786702291.104988,50.628816,1540,30.01,482.00,67.66,1.0000,0.753121,0.140960,463.86,335.93,0.9554,0.724778,0.699859
1786702291.149934,50.673762,1541,30.01,482.10,67.55,1.0000,0.753274,0.140732,463.86,336.05,0.9553,0.724776,0.700106
1786702291.170722,50.694550,1542,30.01,482.11,67.55,1.0000,0.753297,0.140731,463.80,336.02,0.9545,0.724688,0.700038
1786702291.196804,50.720632,1543,30.01,482.20,67.55,1.0000,0.753440,0.140738,463.78,336.01,0.9532,0.724654,0.700021
1786702291.227365,50.751193,1544,30.08,482.22,67.57,1.0000,0.753464,0.140771,463.78,335.99,0.9532,0.724655,0.699976
1786702291.274591,50.798419,1545,30.08,482.20,67.75,1.0000,0.753436,0.141155,463.96,335.99,0.9520,0.724942,0.699989
1786702291.312625,50.836453,1546,30.08,482.16,67.76,1.0000,0.753372,0.141159,463.91,335.99,0.9500,0.724865,0.699987
1786702291.334601,50.858429,1547,30.08,482.26,67.87,1.0000,0.753527,0.141402,463.81,335.91,0.9494,0.724710,0.699807
1786702291.367387,50.891215,1548,30.08,482.46,67.88,1.0000,0.753839,0.141418,463.86,335.60,0.9491,0.724780,0.699167
1786702291.398481,50.922309,1549,30.08,482.45,67.88,1.0000,0.753828,0.141421,463.82,335.62,0.9487,0.724723,0.699198
1786702291.435237,50.959065,1550,30.08,482.45,67.87,1.0000,0.753821,0.141402,463.97,335.73,0.9486,0.724959,0.699434
1786702291.463340,50.987168,1551,30.08,482.43,68.06,1.0000,0.753790,0.141787,463.88,335.72,0.9473,0.724813,0.699419
1786702291.504322,51.028150,1552,30.08,482.55,68.09,1.0000,0.753979,0.141861,463.95,335.75,0.9468,0.724922,0.699479
1786702291.535983,51.059811,1553,30.08,482.63,68.09,1.0000,0.754115,0.141857,463.94,335.73,0.9465,0.724914,0.699441
1786702291.563264,51.087092,1554,30.08,482.31,68.44,1.0000,0.753612,0.142582,464.07,335.77,0.9471,0.725110,0.699515
1786702291.596780,51.120608,1555,30.08,482.33,68.44,1.0000,0.753647,0.142575,464.08,335.69,0.9483,0.725128,0.699363
1786702291.628897,51.152725,1556,30.08,482.43,68.42,1.0000,0.753792,0.142547,464.08,335.85,0.9492,0.725128,0.699693
1786702291.651224,51.175052,1557,30.08,482.42,68.46,1.0000,0.753774,0.142631,464.04,335.81,0.9486,0.725067,0.699611
1786702291.701055,51.224883,1558,30.08,482.35,68.37,1.0000,0.753670,0.142446,464.01,335.85,0.9481,0.725023,0.699683
1786702291.739612,51.263440,1559,29.89,482.42,68.44,1.0000,0.753781,0.142585,463.99,335.86,0.9484,0.724979,0.699717
1786702291.755353,51.279181,1560,29.89,482.43,68.43,1.0000,0.753789,0.142552,464.00,335.95,0.9489,0.725006,0.699897
1786702291.797396,51.321224,1561,29.89,482.39,68.43,1.0000,0.753737,0.142554,464.29,335.92,0.9487,0.725454,0.699829
1786702291.832174,51.356002,1562,29.89,482.19,68.56,1.0000,0.753417,0.142835,464.30,335.51,0.9477,0.725469,0.698979
1786702291.863767,51.387595,1563,29.89,482.19,68.57,1.0000,0.753417,0.142849,464.32,335.52,0.9476,0.725508,0.699002
1786702291.895276,51.419104,1564,29.89,482.19,68.52,1.0000,0.753418,0.142752,464.30,335.45,0.9479,0.725475,0.698854
1786702291.927005,51.450833,1565,29.89,482.30,68.49,1.0000,0.753599,0.142692,464.52,335.56,0.9497,0.725816,0.699079
1786702291.990653,51.514481,1566,29.89,482.07,68.46,1.0000,0.753232,0.142620,464.52,335.58,0.9508,0.725807,0.699129
1786702292.024607,51.548435,1567,29.89,482.03,68.52,1.0000,0.753167,0.142742,464.50,335.57,0.9506,0.725774,0.699107
1786702292.037850,51.561678,1568,29.89,482.08,68.60,1.0000,0.753250,0.142911,464.50,335.57,0.9510,0.725774,0.699106
1786702292.064191,51.588019,1569,29.89,481.91,68.59,1.0000,0.752978,0.142889,464.49,335.61,0.9512,0.725768,0.699192
1786702292.088126,51.611954,1570,29.89,481.94,68.58,1.0000,0.753030,0.142885,464.40,335.71,0.9506,0.725626,0.699391
1786702292.120350,51.644178,1571,29.89,481.73,68.51,1.0000,0.752703,0.142725,464.48,335.70,0.9522,0.725748,0.699366
1786702292.164852,51.688680,1572,29.89,481.72,68.53,1.0000,0.752688,0.142768,464.24,335.42,0.9496,0.725373,0.698784
1786702292.180406,51.704234,1573,29.89,481.55,68.50,1.0000,0.752426,0.142712,464.48,335.41,0.9508,0.725747,0.698770
1786702292.225500,51.749328,1574,29.89,481.62,68.50,1.0000,0.752524,0.142710,464.40,335.47,0.9504,0.725619,0.698894
1786702292.316471,51.840299,1576,29.46,482.47,68.38,1.0000,0.753862,0.142465,464.45,335.38,0.9508,0.725703,0.698718
1786702292.335439,51.859267,1577,29.46,482.49,68.38,1.0000,0.753895,0.142451,464.47,335.40,0.9515,0.725729,0.698751
1786702292.364370,51.888198,1578,29.46,482.84,68.38,1.0000,0.754443,0.142448,464.47,335.38,0.9531,0.725727,0.698707
1786702292.393841,51.917669,1579,29.46,482.73,68.33,1.0000,0.754271,0.142364,464.42,335.26,0.9528,0.725650,0.698460
1786702292.438689,51.962517,1580,29.46,482.64,68.02,1.0000,0.754128,0.141703,464.40,335.09,0.9527,0.725630,0.698096
1786702292.462709,51.986537,1581,29.46,483.16,68.02,1.0000,0.754936,0.141703,464.40,335.05,0.9518,0.725618,0.698025
1786702292.499813,52.023641,1582,29.46,483.23,68.05,1.0000,0.755042,0.141763,464.33,335.18,0.9517,0.725511,0.698289
1786702292.528146,52.051974,1583,29.46,483.22,68.02,1.0000,0.755025,0.141701,464.29,335.09,0.9512,0.725449,0.698107
1786702292.559378,52.083206,1584,29.46,483.24,68.01,1.0000,0.755064,0.141678,464.24,335.08,0.9515,0.725383,0.698086
1786702292.595463,52.119291,1585,29.46,483.15,67.98,1.0000,0.754925,0.141622,464.28,335.07,0.9508,0.725439,0.698072
1786702292.620936,52.144764,1586,29.46,483.11,67.97,1.0000,0.754852,0.141614,464.27,335.16,0.9507,0.725421,0.698243
1786702292.674589,52.198417,1587,29.46,482.77,67.98,1.0000,0.754321,0.141631,464.27,335.28,0.9515,0.725415,0.698499
1786702292.701385,52.225213,1588,29.46,482.63,68.04,1.0000,0.754103,0.141742,464.35,335.32,0.9518,0.725543,0.698582
1786702292.721454,52.245282,1589,29.46,482.46,68.04,1.0000,0.753848,0.141742,464.24,335.32,0.9508,0.725375,0.698580
1786702292.759324,52.283152,1590,29.46,482.34,68.06,1.0000,0.753655,0.141785,464.32,335.31,0.9502,0.725497,0.698570
1786702292.812433,52.336261,1591,29.46,482.32,68.05,1.0000,0.753633,0.141781,464.22,335.32,0.9503,0.725342,0.698575
1786702292.833787,52.357615,1592,29.79,482.29,68.06,1.0000,0.753583,0.141786,464.27,335.20,0.9492,0.725423,0.698335
1786702292.876658,52.400486,1593,29.79,482.39,68.06,1.0000,0.753727,0.141786,464.24,335.20,0.9485,0.725372,0.698332
1786702292.908384,52.432212,1594,29.79,482.20,68.05,1.0000,0.753445,0.141775,464.24,335.38,0.9487,0.725378,0.698698
1786702292.940987,52.464815,1595,29.79,482.12,68.14,1.0000,0.753320,0.141962,464.20,335.41,0.9487,0.725319,0.698772
1786702292.974861,52.498689,1596,29.79,481.34,68.42,1.0000,0.752093,0.142543,464.07,335.36,0.9476,0.725113,0.698668
1786702293.019653,52.543481,1597,29.79,481.32,68.51,1.0000,0.752059,0.142736,464.17,335.29,0.9463,0.725265,0.698513
1786702293.051414,52.575242,1598,29.79,480.91,68.52,1.0000,0.751429,0.142747,464.27,335.35,0.9461,0.725425,0.698641
1786702293.066854,52.590683,1599,29.79,480.90,68.53,1.0000,0.751410,0.142768,464.34,335.34,0.9457,0.725529,0.698628
1786702293.106910,52.630738,1600,29.79,480.80,68.52,1.0000,0.751246,0.142758,464.45,335.36,0.9462,0.725707,0.698668
1786702293.133435,52.657264,1601,29.79,480.38,68.53,1.0000,0.750601,0.142762,464.49,335.73,0.9467,0.725758,0.699438
1786702293.162696,52.686524,1602,29.79,480.34,68.51,1.0000,0.750529,0.142733,464.55,335.72,0.9478,0.725856,0.699411
1786702293.210109,52.733937,1603,29.79,480.38,68.56,1.0000,0.750590,0.142841,464.69,335.72,0.9467,0.726071,0.699411
1786702293.249293,52.773121,1604,29.79,480.38,68.50,1.0000,0.750598,0.142713,464.69,335.70,0.9462,0.726076,0.699368
1786702293.273107,52.796935,1605,29.79,480.33,68.32,1.0000,0.750521,0.142332,464.73,335.81,0.9460,0.726142,0.699598
1786702293.338169,52.861997,1606,29.35,480.21,68.44,1.0000,0.750332,0.142594,464.74,335.51,0.9456,0.726150,0.698980
1786702293.351982,52.875810,1608,29.35,480.21,68.38,1.0000,0.750323,0.142450,464.67,335.72,0.9468,0.726046,0.699412
1786702293.394491,52.918319,1609,29.35,480.21,68.39,1.0000,0.750323,0.142489,464.59,335.76,0.9469,0.725923,0.699495
1786702293.448004,52.971832,1610,29.35,480.17,68.21,1.0000,0.750271,0.142106,464.56,335.68,0.9477,0.725880,0.699339
1786702293.463824,52.987652,1611,29.35,480.16,68.10,1.0000,0.750243,0.141878,464.56,335.63,0.9486,0.725882,0.699226
1786702293.515936,53.039764,1612,29.35,479.99,68.29,1.0000,0.749985,0.142275,464.36,335.57,0.9478,0.725566,0.699107
1786702293.558119,53.081947,1613,29.35,479.69,68.27,1.0000,0.749509,0.142228,464.34,335.20,0.9475,0.725525,0.698329
1786702293.573555,53.097383,1614,29.35,479.69,68.21,1.0000,0.749509,0.142105,464.33,335.04,0.9495,0.725519,0.698009
1786702293.601258,53.125086,1615,29.35,479.69,68.18,1.0000,0.749510,0.142050,464.34,334.99,0.9505,0.725526,0.697891
1786702293.645556,53.169384,1616,29.35,479.70,68.19,1.0000,0.749525,0.142055,464.17,335.07,0.9511,0.725265,0.698058
1786702293.671758,53.195586,1617,29.35,479.59,68.19,1.0000,0.749355,0.142059,464.11,335.07,0.9523,0.725166,0.698058
1786702293.700158,53.223986,1618,29.35,479.59,67.93,1.0000,0.749366,0.141513,464.11,334.94,0.9528,0.725168,0.697789
1786702293.731898,53.255726,1619,29.35,479.64,67.83,1.0000,0.749433,0.141323,464.19,334.98,0.9524,0.725296,0.697867
1786702293.780346,53.304174,1620,29.35,479.65,67.82,1.0000,0.749458,0.141289,464.20,334.99,0.9522,0.725309,0.697896
1786702293.811431,53.335259,1621,29.35,479.74,67.76,1.0000,0.749599,0.141164,464.14,335.00,0.9525,0.725224,0.697923
1786702293.842736,53.366564,1622,29.41,479.77,67.66,1.0000,0.749643,0.140958,464.12,335.09,0.9526,0.725183,0.698099
1786702293.858775,53.382603,1623,29.41,479.81,67.65,1.0000,0.749696,0.140945,463.92,335.07,0.9496,0.724869,0.698061
1786702293.906684,53.430512,1624,29.41,479.81,67.64,1.0000,0.749704,0.140914,463.83,335.06,0.9487,0.724738,0.698047
1786702293.944054,53.467882,1625,29.41,479.82,67.64,1.0000,0.749725,0.140914,463.87,335.08,0.9492,0.724795,0.698083
1786702293.958513,53.482341,1626,29.41,479.83,67.56,1.0000,0.749729,0.140758,463.95,335.12,0.9488,0.724925,0.698162
1786702294.003116,53.526944,1627,29.41,479.73,67.52,1.0000,0.749575,0.140677,464.00,335.17,0.9475,0.725006,0.698267
1786702294.034357,53.558185,1628,29.41,479.63,67.53,1.0000,0.749429,0.140686,464.05,335.28,0.9481,0.725073,0.698502
1786702294.052851,53.576679,1629,29.41,479.58,67.54,1.0000,0.749348,0.140708,464.29,335.41,0.9486,0.725454,0.698769
1786702294.177723,53.701551,1630,29.41,479.71,68.48,1.0000,0.749545,0.142676,464.38,335.65,0.9475,0.725593,0.699275
1786702294.193788,53.717616,1633,29.41,479.60,68.60,1.0000,0.749370,0.142919,464.44,335.71,0.9469,0.725692,0.699390
1786702294.215139,53.738967,1634,29.41,479.35,68.40,1.0000,0.748987,0.142499,464.40,335.74,0.9471,0.725627,0.699448
1786702294.262861,53.786689,1635,29.41,478.92,68.39,1.0000,0.748315,0.142485,464.34,335.50,0.9455,0.725529,0.698950
1786702294.290356,53.814184,1636,29.41,478.83,68.43,1.0000,0.748177,0.142569,464.42,335.51,0.9445,0.725655,0.698981
1786702294.329460,53.853288,1637,29.41,478.78,68.42,1.0000,0.748101,0.142536,464.44,335.28,0.9448,0.725680,0.698492
1786702294.364452,53.888280,1638,28.92,478.63,68.35,1.0000,0.747860,0.142405,464.47,335.08,0.9457,0.725739,0.698087
1786702294.384319,53.908147,1639,28.92,478.71,68.11,1.0000,0.747984,0.141896,464.45,334.93,0.9466,0.725700,0.697776
1786702294.432841,53.956669,1640,28.92,478.74,68.10,1.0000,0.748034,0.141874,464.44,334.91,0.9476,0.725690,0.697734
1786702294.464941,53.988769,1641,28.92,478.58,68.23,1.0000,0.747776,0.142137,464.42,334.89,0.9485,0.725657,0.697679
1786702294.496603,54.020431,1642,28.92,478.58,68.21,1.0000,0.747780,0.142097,464.44,334.80,0.9500,0.725688,0.697491
1786702294.521506,54.045334,1643,28.92,478.45,68.22,1.0000,0.747578,0.142117,464.42,334.84,0.9508,0.725658,0.697589
1786702294.587326,54.111154,1644,28.92,478.44,68.24,1.0000,0.747564,0.142173,464.49,334.97,0.9527,0.725760,0.697863
1786702294.597541,54.121369,1645,28.92,478.44,68.22,1.0000,0.747564,0.142127,464.42,334.97,0.9529,0.725650,0.697856
1786702294.634056,54.157884,1646,28.92,478.47,68.19,1.0000,0.747613,0.142069,464.39,334.99,0.9534,0.725611,0.697903
1786702294.661420,54.185248,1647,28.92,478.49,68.15,1.0000,0.747642,0.141978,464.44,334.98,0.9535,0.725687,0.697871
1786702294.695454,54.219282,1648,28.92,478.50,68.15,1.0000,0.747649,0.141976,464.47,334.91,0.9552,0.725732,0.697722
1786702294.732031,54.255859,1649,28.92,478.70,68.08,1.0000,0.747962,0.141830,464.38,334.93,0.9550,0.725591,0.697770
1786702294.766366,54.290194,1650,28.92,478.72,68.05,1.0000,0.747993,0.141781,464.41,335.00,0.9552,0.725635,0.697908
1786702294.820915,54.344743,1651,28.92,478.83,67.96,1.0000,0.748175,0.141592,464.40,334.99,0.9549,0.725626,0.697905
1786702294.836180,54.360008,1652,28.92,478.83,67.97,1.0000,0.748176,0.141596,464.40,335.07,0.9542,0.725618,0.698058
1786702294.877202,54.401030,1653,29.01,478.79,67.99,1.0000,0.748106,0.141643,464.40,335.12,0.9518,0.725625,0.698157
1786702294.907690,54.431518,1654,29.01,478.78,67.99,1.0000,0.748092,0.141650,464.38,335.01,0.9524,0.725600,0.697931
1786702294.949939,54.473767,1655,29.01,478.53,67.99,1.0000,0.747701,0.141644,464.30,334.98,0.9528,0.725463,0.697865
1786702294.970707,54.494535,1656,29.01,478.42,67.99,1.0000,0.747526,0.141646,464.11,334.98,0.9526,0.725174,0.697870
1786702295.001331,54.525159,1657,29.01,478.39,67.99,1.0000,0.747477,0.141653,464.07,335.06,0.9510,0.725117,0.698052
1786702295.028583,54.552411,1658,29.01,478.38,67.99,1.0000,0.747476,0.141654,464.04,335.12,0.9512,0.725069,0.698167
1786702295.074820,54.598648,1659,29.01,478.15,68.11,1.0000,0.747108,0.141897,464.11,335.12,0.9513,0.725169,0.698170
1786702295.113705,54.637533,1660,29.01,478.16,68.11,1.0000,0.747126,0.141895,464.23,335.01,0.9518,0.725362,0.697942
1786702295.128135,54.651963,1661,29.01,478.15,68.09,1.0000,0.747111,0.141853,464.15,335.05,0.9490,0.725230,0.698027
1786702295.156940,54.680768,1662,29.01,478.14,68.08,1.0000,0.747097,0.141843,464.07,335.13,0.9477,0.725110,0.698198
1786702295.205926,54.729754,1663,29.01,478.33,68.08,1.0000,0.747386,0.141832,464.14,335.14,0.9475,0.725225,0.698204
1786702295.226666,54.750494,1664,29.01,478.34,68.03,1.0000,0.747408,0.141737,463.85,335.29,0.9442,0.724771,0.698530
1786702295.265504,54.789332,1665,29.01,478.57,68.00,1.0000,0.747760,0.141661,463.86,335.31,0.9448,0.724776,0.698553
1786702295.291491,54.815319,1666,29.01,478.51,67.99,1.0000,0.747673,0.141644,463.85,335.25,0.9456,0.724758,0.698437
1786702295.329192,54.853020,1667,29.01,478.54,67.99,1.0000,0.747719,0.141651,463.83,335.33,0.9450,0.724741,0.698596
1786702295.387048,54.910876,1668,29.05,478.54,67.89,1.0000,0.747713,0.141437,463.72,335.23,0.9433,0.724567,0.698400
1786702295.402947,54.926775,1669,29.05,478.54,67.89,1.0000,0.747712,0.141430,463.61,335.22,0.9411,0.724390,0.698371
1786702295.440060,54.963888,1670,29.05,478.54,67.89,1.0000,0.747718,0.141428,463.42,335.37,0.9393,0.724092,0.698679
1786702295.483527,55.007355,1671,29.05,478.63,67.91,1.0000,0.747856,0.141484,463.43,335.60,0.9386,0.724106,0.699163
1786702295.498487,55.022316,1672,29.05,478.73,67.93,1.0000,0.748014,0.141516,463.52,335.69,0.9404,0.724248,0.699344
1786702295.521699,55.045527,1673,29.05,478.72,67.94,1.0000,0.747998,0.141547,463.61,335.50,0.9391,0.724398,0.698967
1786702295.572565,55.096393,1674,29.05,478.72,67.93,1.0000,0.747992,0.141525,463.84,335.50,0.9394,0.724743,0.698949
1786702295.609421,55.133250,1675,29.05,479.11,67.80,1.0000,0.748615,0.141242,463.82,335.49,0.9410,0.724720,0.698941
1786702295.650589,55.174417,1676,29.05,479.26,67.90,1.0000,0.748849,0.141466,463.93,335.27,0.9425,0.724886,0.698471
1786702295.676178,55.200006,1677,29.05,479.26,67.89,1.0000,0.748849,0.141432,463.93,335.41,0.9442,0.724893,0.698780
1786702295.689315,55.213143,1678,29.05,479.19,67.89,1.0000,0.748727,0.141438,463.85,335.35,0.9454,0.724766,0.698644
1786702295.733007,55.256835,1679,29.05,479.16,67.88,1.0000,0.748694,0.141420,463.92,335.33,0.9441,0.724873,0.698598
1786702295.766819,55.290647,1680,29.05,479.20,67.88,1.0000,0.748750,0.141422,463.77,335.25,0.9438,0.724636,0.698435
1786702295.800992,55.324820,1681,29.05,479.23,67.92,1.0000,0.748799,0.141492,463.80,335.29,0.9443,0.724684,0.698522
1786702295.814167,55.337995,1682,29.05,479.16,68.05,1.0000,0.748694,0.141761,463.79,335.52,0.9452,0.724677,0.699010
1786702295.878157,55.401985,1683,29.05,479.22,68.02,1.0000,0.748782,0.141702,463.84,335.43,0.9471,0.724757,0.698820
1786702295.893462,55.417290,1684,29.52,479.22,68.02,1.0000,0.748787,0.141709,463.92,335.37,0.9489,0.724875,0.698696
1786702295.935106,55.458934,1685,29.52,479.23,68.02,1.0000,0.748797,0.141708,463.89,335.09,0.9502,0.724828,0.698110
1786702295.970168,55.493996,1686,29.52,479.23,68.02,1.0000,0.748791,0.141707,463.83,335.14,0.9515,0.724740,0.698211
1786702296.005458,55.529286,1687,29.52,479.25,67.93,1.0000,0.748835,0.141512,463.84,335.19,0.9496,0.724746,0.698303
1786702296.021366,55.545194,1688,29.52,479.27,67.91,1.0000,0.748860,0.141476,463.84,335.27,0.9501,0.724751,0.698484
1786702296.074704,55.598532,1689,29.52,479.19,67.74,1.0000,0.748739,0.141134,463.85,335.24,0.9513,0.724760,0.698426
1786702296.085047,55.608875,1690,29.52,479.17,67.74,1.0000,0.748695,0.141133,463.88,335.22,0.9510,0.724817,0.698367
1786702296.133539,55.657367,1691,29.52,478.85,67.83,1.0000,0.748202,0.141317,463.85,335.12,0.9517,0.724770,0.698173
1786702296.180898,55.704726,1692,29.52,478.73,67.94,1.0000,0.748021,0.141538,463.92,335.66,0.9514,0.724869,0.699299
1786702296.213836,55.737664,1693,29.52,478.70,68.07,1.0000,0.747976,0.141821,463.92,335.74,0.9513,0.724871,0.699467
1786702296.226593,55.750421,1694,29.52,478.57,68.08,1.0000,0.747768,0.141835,463.92,335.79,0.9505,0.724878,0.699557
1786702296.254901,55.778729,1695,29.52,478.52,68.14,1.0000,0.747695,0.141956,463.91,335.76,0.9498,0.724854,0.699494
1786702296.292208,55.816036,1696,29.52,478.40,68.24,1.0000,0.747502,0.142168,464.17,335.50,0.9502,0.725270,0.698962
1786702296.324443,55.848271,1697,29.52,478.05,68.29,1.0000,0.746959,0.142264,464.23,335.54,0.9506,0.725355,0.699038
1786702296.372711,55.896539,1698,29.52,478.01,68.27,1.0000,0.746890,0.142226,464.35,335.49,0.9516,0.725543,0.698928
1786702296.392477,55.916305,1699,29.56,477.98,68.27,1.0000,0.746845,0.142229,464.35,335.47,0.9531,0.725539,0.698905
1786702296.426224,55.950052,1700,29.56,477.95,68.27,1.0000,0.746795,0.142227,464.35,335.50,0.9531,0.725544,0.698964
1786702296.451808,55.975636,1701,29.56,477.74,68.20,1.0000,0.746471,0.142091,464.34,335.44,0.9521,0.725527,0.698824
1786702296.502092,56.025920,1702,29.56,477.42,68.10,1.0000,0.745973,0.141866,464.33,335.41,0.9512,0.725522,0.698775
1786702296.528913,56.052741,1703,29.56,477.40,68.09,1.0000,0.745942,0.141862,464.33,335.48,0.9508,0.725519,0.698925
1786702296.571197,56.095025,1704,29.56,477.40,68.09,1.0000,0.745932,0.141863,464.30,335.51,0.9508,0.725468,0.698982
1786702296.593996,56.117824,1705,29.56,477.45,68.09,1.0000,0.746011,0.141863,464.27,335.53,0.9509,0.725429,0.699027
1786702296.631379,56.155207,1706,29.56,477.45,68.08,1.0000,0.746021,0.141836,464.27,335.51,0.9509,0.725428,0.698989
1786702296.676651,56.200479,1707,29.56,477.37,68.02,1.0000,0.745884,0.141712,464.28,335.54,0.9507,0.725443,0.699046
1786702296.697003,56.220831,1708,29.56,477.37,68.01,1.0000,0.745884,0.141695,464.28,335.53,0.9507,0.725443,0.699029
1786702296.739060,56.262888,1709,29.56,477.28,67.98,1.0000,0.745745,0.141634,464.20,335.48,0.9501,0.725307,0.698910
1786702296.778344,56.302172,1710,29.56,477.25,67.95,1.0000,0.745702,0.141559,464.29,335.43,0.9500,0.725446,0.698819
1786702296.801328,56.325156,1711,29.56,477.19,67.96,1.0000,0.745613,0.141584,464.29,335.44,0.9503,0.725458,0.698831
1786702296.843302,56.367130,1712,29.56,477.19,67.96,1.0000,0.745617,0.141580,464.23,335.44,0.9491,0.725366,0.698839
1786702296.871740,56.395568,1713,29.56,477.20,67.94,1.0000,0.745628,0.141550,464.27,335.37,0.9492,0.725424,0.698688
1786702296.907251,56.431079,1714,29.60,477.20,67.91,1.0000,0.745624,0.141485,464.19,335.35,0.9488,0.725293,0.698654
1786702296.938788,56.462616,1715,29.60,477.11,67.91,1.0000,0.745477,0.141482,464.17,335.28,0.9493,0.725271,0.698505
1786702296.970541,56.494369,1716,29.60,477.07,67.91,1.0000,0.745425,0.141478,464.03,335.38,0.9489,0.725055,0.698702
1786702296.999524,56.523352,1717,29.60,477.07,67.88,1.0000,0.745428,0.141424,464.02,335.53,0.9494,0.725024,0.699022
1786702297.036437,56.560265,1718,29.60,476.89,67.69,1.0000,0.745137,0.141016,463.97,335.55,0.9488,0.724946,0.699063
1786702297.071074,56.594902,1719,29.60,476.89,67.63,1.0000,0.745139,0.140897,464.10,335.67,0.9498,0.725161,0.699307
1786702297.097390,56.621218,1720,29.60,476.61,67.62,1.0000,0.744699,0.140873,464.11,335.51,0.9491,0.725176,0.698979
1786702297.159966,56.683794,1721,29.60,476.61,67.68,1.0000,0.744699,0.141009,464.05,335.64,0.9493,0.725076,0.699258
1786702297.177623,56.701451,1723,29.60,476.60,67.68,1.0000,0.744692,0.141008,463.86,335.50,0.9465,0.724774,0.698949
1786702297.229185,56.753013,1724,29.60,476.57,68.38,1.0000,0.744633,0.142455,463.92,335.38,0.9462,0.724871,0.698707
1786702297.272776,56.796604,1725,29.60,476.36,68.47,1.0000,0.744308,0.142647,463.97,335.29,0.9453,0.724961,0.698523
1786702297.304330,56.828158,1726,29.60,476.24,68.34,1.0000,0.744123,0.142380,463.96,335.24,0.9453,0.724937,0.698427
1786702297.336155,56.859983,1727,29.60,476.22,68.34,1.0000,0.744096,0.142371,463.98,335.10,0.9452,0.724964,0.698120
1786702297.359751,56.883579,1728,29.60,476.15,68.31,1.0000,0.743984,0.142303,463.98,335.19,0.9445,0.724975,0.698310
1786702297.391156,56.914984,1729,29.60,476.25,68.20,1.0000,0.744141,0.142074,464.00,335.19,0.9456,0.724999,0.698308
1786702297.430016,56.953844,1730,29.46,476.25,68.19,1.0000,0.744139,0.142067,463.89,335.16,0.9461,0.724823,0.698258
1786702297.451766,56.975594,1731,29.46,476.29,68.19,1.0000,0.744198,0.142059,463.93,335.20,0.9459,0.724890,0.698333
1786702297.491761,57.015589,1732,29.46,476.15,68.19,1.0000,0.743989,0.142065,463.85,335.18,0.9436,0.724773,0.698298
1786702297.542897,57.066725,1733,29.46,476.11,68.41,1.0000,0.743928,0.142517,463.78,335.12,0.9437,0.724660,0.698175
1786702297.574385,57.098213,1734,29.46,475.90,68.41,1.0000,0.743586,0.142518,463.80,335.05,0.9433,0.724695,0.698013
1786702297.606077,57.129905,1735,29.46,475.89,68.33,1.0000,0.743582,0.142345,463.97,335.21,0.9447,0.724960,0.698359
1786702297.637921,57.161749,1736,29.46,476.04,68.33,1.0000,0.743808,0.142344,464.07,335.29,0.9444,0.725102,0.698525
1786702297.653797,57.177625,1737,29.46,476.10,68.33,1.0000,0.743901,0.142347,464.16,335.41,0.9427,0.725256,0.698761
1786702297.701700,57.225528,1738,29.46,476.05,68.51,1.0000,0.743833,0.142730,464.06,335.42,0.9438,0.725101,0.698786
1786702297.717204,57.241032,1739,29.46,476.05,68.51,1.0000,0.743824,0.142728,464.04,335.30,0.9434,0.725069,0.698547
1786702297.784297,57.308125,1740,29.46,476.04,68.45,1.0000,0.743814,0.142608,464.10,334.82,0.9438,0.725153,0.697538
1786702297.796438,57.320266,1741,29.46,475.98,68.44,1.0000,0.743713,0.142586,464.10,334.53,0.9436,0.725150,0.696941
1786702297.844465,57.368294,1742,29.46,475.74,68.42,1.0000,0.743345,0.142544,464.12,334.54,0.9441,0.725180,0.696957
1786702297.860390,57.384218,1743,29.46,475.69,68.41,1.0000,0.743273,0.142514,464.03,334.55,0.9443,0.725053,0.696979
1786702297.908190,57.432018,1744,29.46,475.65,68.43,1.0000,0.743204,0.142558,464.10,334.68,0.9439,0.725151,0.697250
1786702297.924110,57.447938,1745,29.55,475.65,68.45,1.0000,0.743203,0.142614,464.01,334.82,0.9424,0.725020,0.697537
1786702297.966291,57.490119,1746,29.55,475.62,68.47,1.0000,0.743158,0.142639,463.91,334.79,0.9424,0.724855,0.697476
1786702297.997062,57.520890,1747,29.55,475.60,68.43,1.0000,0.743131,0.142553,463.90,334.96,0.9434,0.724844,0.697840
1786702298.032213,57.556041,1748,29.55,475.59,68.38,1.0000,0.743111,0.142465,463.86,335.16,0.9438,0.724783,0.698241
1786702298.060756,57.584584,1749,29.55,475.13,68.39,1.0000,0.742388,0.142475,463.86,335.15,0.9456,0.724788,0.698219
1786702298.103105,57.626933,1750,29.55,474.79,68.57,1.0000,0.741863,0.142849,463.80,335.39,0.9459,0.724695,0.698731
1786702298.132242,57.656070,1751,29.55,474.78,68.57,1.0000,0.741846,0.142854,463.81,335.40,0.9466,0.724704,0.698753
1786702298.171441,57.695269,1752,29.55,475.00,68.54,1.0000,0.742190,0.142791,463.54,335.55,0.9461,0.724285,0.699070
1786702298.192932,57.716760,1753,29.55,474.97,68.52,1.0000,0.742139,0.142744,463.56,335.51,0.9476,0.724317,0.698988
1786702298.217366,57.741194,1754,29.55,474.97,68.38,1.0000,0.742136,0.142459,463.52,335.50,0.9467,0.724252,0.698967
1786702298.260025,57.783853,1755,29.55,474.89,68.40,1.0000,0.742011,0.142507,463.53,335.58,0.9472,0.724265,0.699126
1786702298.302116,57.825944,1756,29.55,474.88,68.19,1.0000,0.742002,0.142066,463.56,335.73,0.9473,0.724316,0.699438
1786702298.323498,57.847326,1757,29.55,474.93,67.97,1.0000,0.742076,0.141601,463.46,335.66,0.9481,0.724155,0.699293
1786702298.386168,57.909996,1758,29.55,474.66,67.84,1.0000,0.741661,0.141343,463.72,335.74,0.9485,0.724563,0.699455
1786702298.424566,57.948394,1759,29.55,474.56,67.83,1.0000,0.741499,0.141318,463.63,335.78,0.9485,0.724427,0.699538
1786702298.438221,57.962049,1760,29.44,474.56,67.84,1.0000,0.741496,0.141326,463.56,335.69,0.9484,0.724319,0.699348
1786702298.457019,57.980847,1761,29.44,474.40,67.84,1.0000,0.741255,0.141327,463.58,335.67,0.9484,0.724350,0.699319
1786702298.494035,58.017864,1762,29.44,474.31,67.98,1.0000,0.741111,0.141622,463.64,335.72,0.9484,0.724432,0.699408
1786702298.541460,58.065288,1763,29.44,473.91,68.00,1.0000,0.740483,0.141662,463.60,335.71,0.9476,0.724371,0.699389
1786702298.554626,58.078454,1764,29.44,473.70,68.00,1.0000,0.740159,0.141666,463.59,335.73,0.9463,0.724361,0.699437
1786702298.590956,58.114784,1765,29.44,473.28,68.07,1.0000,0.739497,0.141812,463.61,335.90,0.9467,0.724389,0.699790
1786702298.632463,58.156291,1766,29.44,472.74,68.22,1.0000,0.738654,0.142126,464.26,336.07,0.9472,0.725408,0.700137
1786702298.670177,58.194005,1767,29.44,471.96,68.56,1.0000,0.737432,0.142836,464.19,336.09,0.9464,0.725294,0.700197
1786702298.694039,58.217867,1768,29.44,471.94,68.55,1.0000,0.737403,0.142812,464.16,336.14,0.9447,0.725245,0.700284
1786702298.741838,58.265666,1769,29.44,471.52,68.55,1.0000,0.736753,0.142823,464.17,336.42,0.9450,0.725270,0.700885
1786702298.761009,58.284837,1770,29.44,471.41,68.55,1.0000,0.736577,0.142817,464.13,336.44,0.9443,0.725202,0.700925
1786702298.805804,58.329632,1771,29.44,471.36,68.79,1.0000,0.736499,0.143302,464.15,336.25,0.9435,0.725228,0.700516
1786702298.821655,58.345483,1772,29.44,471.29,68.79,1.0000,0.736398,0.143303,464.10,336.21,0.9443,0.725162,0.700441
1786702298.858320,58.382148,1773,29.44,471.21,68.76,1.0000,0.736268,0.143246,464.23,335.89,0.9449,0.725361,0.699767
1786702298.892766,58.416594,1774,29.44,471.06,68.72,1.0000,0.736034,0.143165,464.25,335.88,0.9452,0.725397,0.699757
1786702298.940530,58.464358,1775,29.44,470.90,68.86,1.0000,0.735788,0.143450,464.29,335.86,0.9471,0.725460,0.699699
1786702298.966484,58.490312,1776,29.65,470.92,68.81,1.0000,0.735812,0.143354,464.23,335.92,0.9475,0.725366,0.699830
1786702298.995557,58.519385,1777,29.65,471.34,68.81,1.0000,0.736464,0.143353,464.23,335.44,0.9458,0.725366,0.698838
1786702299.032662,58.556490,1778,29.65,471.33,68.84,1.0000,0.736459,0.143424,464.24,335.50,0.9464,0.725369,0.698958
1786702299.064491,58.588319,1779,29.65,471.26,68.84,1.0000,0.736337,0.143417,464.24,335.86,0.9466,0.725379,0.699704
1786702299.098248,58.622076,1780,29.65,471.18,68.85,1.0000,0.736215,0.143432,464.19,335.89,0.9482,0.725299,0.699770
1786702299.127500,58.651328,1781,29.65,471.18,68.75,1.0000,0.736214,0.143226,464.17,335.61,0.9487,0.725272,0.699179
1786702299.164657,58.688485,1782,29.65,471.05,68.75,1.0000,0.736009,0.143232,464.11,335.64,0.9484,0.725167,0.699242
1786702299.195877,58.719705,1783,29.65,471.25,68.46,1.0000,0.736335,0.142621,463.81,335.50,0.9458,0.724708,0.698964
1786702299.246864,58.770692,1784,29.65,471.23,68.46,1.0000,0.736294,0.142624,463.84,335.43,0.9479,0.724749,0.698807
1786702299.284618,58.808446,1785,29.65,471.21,68.46,1.0000,0.736261,0.142624,463.57,335.41,0.9476,0.724328,0.698773
1786702299.313500,58.837328,1786,29.65,471.34,68.42,1.0000,0.736463,0.142539,463.63,335.37,0.9470,0.724421,0.698680
1786702299.329165,58.852993,1787,29.65,471.58,68.40,1.0000,0.736837,0.142507,463.60,335.45,0.9468,0.724381,0.698859
1786702299.366563,58.890391,1788,29.65,471.63,68.40,1.0000,0.736916,0.142508,463.56,335.55,0.9466,0.724315,0.699061
1786702299.381191,58.905019,1789,29.65,471.63,68.41,1.0000,0.736919,0.142527,463.78,335.49,0.9461,0.724649,0.698928
1786702299.440981,58.964809,1790,29.65,471.68,68.47,1.0000,0.737005,0.142636,464.21,335.51,0.9473,0.725320,0.698978
1786702299.472969,58.996797,1791,29.71,472.44,68.39,1.0000,0.738185,0.142472,464.22,335.50,0.9480,0.725342,0.698959
1786702299.501081,59.024909,1792,29.71,472.79,68.33,1.0000,0.738741,0.142348,463.95,335.58,0.9469,0.724929,0.699129
1786702299.551964,59.075792,1793,29.71,472.78,68.35,1.0000,0.738726,0.142395,464.00,335.63,0.9468,0.725004,0.699220
1786702299.576537,59.100365,1794,29.71,472.83,68.33,1.0000,0.738791,0.142348,463.92,335.82,0.9453,0.724872,0.699633
1786702299.599391,59.123219,1795,29.71,473.31,68.12,1.0000,0.739544,0.141926,463.89,335.88,0.9433,0.724831,0.699742
1786702299.631063,59.154891,1796,29.71,473.41,68.10,1.0000,0.739698,0.141873,463.84,335.87,0.9430,0.724745,0.699726
1786702299.657223,59.181051,1797,29.71,473.44,68.10,1.0000,0.739756,0.141869,463.79,335.86,0.9428,0.724668,0.699715
1786702299.730069,59.253897,1799,29.71,473.46,68.04,1.0000,0.739782,0.141741,463.57,335.89,0.9420,0.724326,0.699772
1786702299.767247,59.291075,1800,29.71,473.67,68.13,1.0000,0.740103,0.141941,463.46,335.73,0.9415,0.724150,0.699436
1786702299.796139,59.319967,1801,29.71,473.83,68.13,1.0000,0.740363,0.141946,463.26,335.74,0.9419,0.723851,0.699463
1786702299.833739,59.357567,1802,29.71,473.88,68.10,1.0000,0.740436,0.141882,463.26,335.39,0.9430,0.723844,0.698735
1786702299.871145,59.394973,1803,29.71,473.89,68.19,1.0000,0.740445,0.142064,463.51,335.38,0.9449,0.724234,0.698703
1786702299.896631,59.420459,1804,29.71,474.03,68.54,1.0000,0.740667,0.142784,463.46,335.24,0.9450,0.724154,0.698423
1786702299.933552,59.457380,1805,29.71,474.02,68.61,1.0000,0.740659,0.142937,463.45,335.32,0.9459,0.724138,0.698574
1786702299.964339,59.488167,1806,29.71,474.08,68.61,1.0000,0.740750,0.142929,463.44,335.23,0.9461,0.724122,0.698403
1786702300.005188,59.529016,1807,29.37,474.00,68.64,1.0000,0.740629,0.142996,463.44,335.34,0.9464,0.724120,0.698632
1786702300.028399,59.552227,1808,29.37,474.24,68.72,1.0000,0.740997,0.143164,463.33,335.51,0.9449,0.723961,0.698981
1786702300.069640,59.593468,1809,29.37,474.23,68.93,1.0000,0.740984,0.143602,463.19,335.70,0.9427,0.723739,0.699372
1786702300.100552,59.624380,1810,29.37,474.51,68.56,1.0000,0.741423,0.142832,463.16,335.69,0.9427,0.723688,0.699363
1786702300.131366,59.655194,1811,29.37,474.43,68.53,1.0000,0.741299,0.142768,463.31,335.55,0.9441,0.723922,0.699064
1786702300.168645,59.692473,1812,29.37,474.53,69.03,1.0000,0.741455,0.143808,463.33,335.70,0.9434,0.723949,0.699378
1786702300.204169,59.727997,1813,29.37,474.28,69.05,1.0000,0.741067,0.143853,463.15,335.43,0.9399,0.723672,0.698807
1786702300.224563,59.748391,1814,29.37,474.27,68.92,1.0000,0.741040,0.143581,463.14,335.31,0.9411,0.723660,0.698556
1786702300.260249,59.784077,1815,29.37,474.33,68.92,1.0000,0.741135,0.143585,463.28,334.97,0.9416,0.723880,0.697850
1786702300.293165,59.816993,1816,29.37,474.18,68.95,1.0000,0.740909,0.143654,463.38,335.05,0.9422,0.724037,0.698015
1786702300.326553,59.850381,1817,29.37,474.14,68.95,1.0000,0.740843,0.143646,463.41,335.34,0.9438,0.724078,0.698615
1786702300.365082,59.888910,1818,29.37,474.17,68.92,1.0000,0.740883,0.143580,463.61,335.06,0.9445,0.724395,0.698043
1786702300.406957,59.930785,1819,29.37,474.43,68.94,1.0000,0.741301,0.143627,463.84,335.18,0.9453,0.724757,0.698286
1786702300.435208,59.959036,1820,29.37,474.31,68.91,1.0000,0.741115,0.143566,464.05,335.72,0.9466,0.725083,0.699410
1786702300.455896,59.979724,1821,29.37,474.30,68.91,1.0000,0.741096,0.143563,464.06,335.87,0.9472,0.725090,0.699731
1786702300.498960,60.022788,1822,29.37,474.58,68.91,1.0000,0.741532,0.143568,464.13,335.90,0.9484,0.725199,0.699782
1786702300.533531,60.057359,1823,29.60,474.55,68.97,1.0000,0.741479,0.143681,464.14,335.75,0.9490,0.725211,0.699485
1786702300.558477,60.082305,1824,29.60,474.31,68.97,1.0000,0.741114,0.143680,464.11,335.75,0.9493,0.725176,0.699478
1786702300.606297,60.130126,1825,29.60,474.30,68.96,1.0000,0.741087,0.143670,464.08,335.74,0.9492,0.725120,0.699456
1786702300.638496,60.162324,1826,29.60,474.31,68.84,1.0000,0.741115,0.143426,463.87,335.53,0.9468,0.724801,0.699019
1786702300.656394,60.180222,1827,29.60,474.09,68.81,1.0000,0.740772,0.143364,463.86,335.46,0.9476,0.724779,0.698871
1786702300.702469,60.226297,1828,29.60,474.11,69.00,1.0000,0.740799,0.143760,463.69,335.40,0.9455,0.724516,0.698750
1786702300.734520,60.258348,1829,29.60,474.07,69.00,1.0000,0.740728,0.143740,463.86,335.69,0.9472,0.724777,0.699359
1786702300.765551,60.289379,1830,29.60,474.22,68.68,1.0000,0.740968,0.143081,463.86,335.39,0.9486,0.724786,0.698737
1786702300.813762,60.337590,1831,29.60,474.27,68.69,1.0000,0.741048,0.143095,463.89,335.40,0.9481,0.724832,0.698750
1786702300.835989,60.359817,1832,29.60,474.26,69.15,1.0000,0.741027,0.144064,463.85,335.48,0.9477,0.724767,0.698923
1786702300.877562,60.401390,1833,29.60,474.33,69.12,1.0000,0.741135,0.143992,463.88,335.54,0.9473,0.724811,0.699045
1786702300.909330,60.433158,1834,29.60,474.35,68.87,1.0000,0.741167,0.143477,463.80,335.50,0.9471,0.724692,0.698958
1786702300.941438,60.465266,1835,29.60,474.24,68.85,1.0000,0.741004,0.143442,463.79,335.40,0.9460,0.724674,0.698742
1786702300.986233,60.510061,1836,29.60,474.21,68.95,1.0000,0.740947,0.143638,463.95,335.44,0.9439,0.724916,0.698843
1786702301.000871,60.524699,1837,29.60,474.17,68.96,1.0000,0.740892,0.143674,463.91,335.39,0.9454,0.724860,0.698733
1786702301.037523,60.561351,1838,29.56,474.16,68.96,1.0000,0.740879,0.143672,464.04,335.03,0.9475,0.725065,0.697985
1786702301.070772,60.594600,1839,29.56,474.17,68.88,1.0000,0.740890,0.143491,464.03,335.02,0.9485,0.725042,0.697962
1786702301.094903,60.618731,1840,29.56,473.95,68.89,1.0000,0.740547,0.143514,464.27,335.04,0.9490,0.725415,0.697999
1786702301.131234,60.655062,1841,29.56,473.35,68.98,1.0000,0.739607,0.143717,464.20,335.27,0.9484,0.725307,0.698488
1786702301.168044,60.691872,1842,29.56,473.12,68.90,1.0000,0.739246,0.143535,464.19,335.10,0.9490,0.725293,0.698116
1786702301.200345,60.724173,1843,29.56,472.86,68.95,1.0000,0.738838,0.143653,464.18,335.06,0.9497,0.725284,0.698047
1786702301.242894,60.766722,1844,29.56,472.62,68.88,1.0000,0.738461,0.143492,464.19,334.88,0.9494,0.725296,0.697677
1786702301.258174,60.782002,1845,29.56,472.11,68.89,1.0000,0.737673,0.143515,464.22,335.82,0.9495,0.725347,0.699627
1786702301.306127,60.829955,1846,29.56,472.10,68.81,1.0000,0.737663,0.143359,464.30,335.93,0.9503,0.725461,0.699856
1786702301.321974,60.845802,1847,29.56,471.40,68.82,1.0000,0.736564,0.143370,464.16,335.79,0.9499,0.725248,0.699571
1786702301.370607,60.894435,1848,29.56,471.06,68.69,1.0000,0.736029,0.143095,464.11,335.61,0.9497,0.725171,0.699193
1786702301.385364,60.909192,1849,29.56,470.33,68.69,1.0000,0.734888,0.143105,464.12,335.67,0.9503,0.725188,0.699306
1786702301.438346,60.962174,1850,29.56,469.14,68.74,1.0000,0.733036,0.143200,464.11,335.63,0.9505,0.725171,0.699227
1786702301.464388,60.988216,1851,29.56,469.09,68.72,1.0000,0.732950,0.143177,463.89,335.65,0.9489,0.724830,0.699278
1786702301.507389,61.031217,1852,29.56,468.62,68.66,1.0000,0.732216,0.143051,463.78,335.59,0.9483,0.724654,0.699147
1786702301.548984,61.072812,1853,29.57,468.55,68.75,1.0000,0.732108,0.143231,463.78,335.79,0.9471,0.724657,0.699569
1786702301.559232,61.083061,1854,29.57,468.06,68.75,1.0000,0.731340,0.143231,463.98,335.78,0.9486,0.724967,0.699551
1786702301.596606,61.120434,1855,29.57,468.03,68.80,1.0000,0.731290,0.143334,463.91,335.85,0.9469,0.724865,0.699679
1786702301.631123,61.154951,1856,29.57,468.04,68.78,1.0000,0.731313,0.143282,464.01,335.84,0.9478,0.725020,0.699674
1786702301.674148,61.197976,1857,29.57,468.02,68.85,1.0000,0.731280,0.143429,463.98,335.88,0.9479,0.724975,0.699743
1786702301.689193,61.213021,1858,29.57,468.01,68.85,1.0000,0.731258,0.143432,464.02,335.64,0.9489,0.725031,0.699249
1786702301.730661,61.254489,1859,29.57,468.02,68.94,1.0000,0.731280,0.143619,464.12,335.75,0.9489,0.725181,0.699478
1786702301.770647,61.294475,1860,29.57,468.02,69.00,1.0000,0.731274,0.143745,464.14,335.73,0.9499,0.725221,0.699444
1786702301.783404,61.307232,1861,29.57,468.01,69.04,1.0000,0.731272,0.143831,464.10,335.76,0.9499,0.725150,0.699498
1786702301.831635,61.355464,1862,29.57,467.66,69.07,1.0000,0.730718,0.143890,464.11,335.59,0.9504,0.725166,0.699137
1786702301.847354,61.371182,1863,29.57,468.03,69.03,1.0000,0.731290,0.143822,463.71,335.75,0.9491,0.724540,0.699473
1786702301.902966,61.426794,1864,29.57,467.78,69.07,1.0000,0.730903,0.143904,463.96,335.79,0.9504,0.724940,0.699567
1786702301.943110,61.466938,1865,29.57,467.90,69.07,1.0000,0.731087,0.143901,464.00,335.42,0.9511,0.724995,0.698794
1786702301.972566,61.496394,1866,29.57,468.34,68.94,1.0000,0.731779,0.143628,464.04,335.26,0.9519,0.725065,0.698464
1786702301.991222,61.515050,1867,29.57,467.93,69.00,1.0000,0.731136,0.143760,464.10,335.25,0.9529,0.725150,0.698438
1786702302.031126,61.554955,1868,29.57,467.93,69.01,1.0000,0.731139,0.143762,464.01,335.53,0.9512,0.725021,0.699023
1786702302.070819,61.594647,1869,29.75,467.94,69.02,1.0000,0.731161,0.143787,464.13,335.57,0.9506,0.725202,0.699097
1786702302.102922,61.626750,1870,29.75,467.79,69.04,1.0000,0.730920,0.143840,464.17,335.57,0.9508,0.725272,0.699096
1786702302.137064,61.660892,1871,29.75,467.66,69.04,1.0000,0.730722,0.143832,463.97,335.56,0.9513,0.724947,0.699083
1786702302.150117,61.673945,1872,29.75,467.63,69.00,1.0000,0.730665,0.143758,464.03,335.50,0.9515,0.725054,0.698963
1786702302.189853,61.713681,1873,29.75,468.22,69.00,1.0000,0.731592,0.143758,464.11,335.52,0.9525,0.725167,0.698994
1786702302.222598,61.746426,1874,29.75,467.98,69.18,1.0000,0.731219,0.144123,463.80,335.61,0.9503,0.724686,0.699183
1786702302.266307,61.790135,1875,29.75,467.95,69.06,1.0000,0.731164,0.143867,464.01,335.66,0.9501,0.725014,0.699301
1786702302.293169,61.816997,1876,29.75,468.10,69.01,1.0000,0.731402,0.143762,463.95,335.65,0.9482,0.724915,0.699278
1786702302.322444,61.846272,1877,29.75,468.13,69.07,1.0000,0.731446,0.143904,464.08,335.62,0.9494,0.725124,0.699217
1786702302.353257,61.877085,1878,29.75,468.56,69.10,1.0000,0.732123,0.143953,464.06,335.59,0.9479,0.725096,0.699146
1786702302.390791,61.914619,1879,29.75,468.54,69.10,1.0000,0.732095,0.143962,464.31,335.78,0.9476,0.725482,0.699534
1786702302.429874,61.953702,1880,29.75,468.47,69.30,1.0000,0.731985,0.144381,464.50,336.02,0.9485,0.725786,0.700043
1786702302.457051,61.980879,1881,29.75,469.26,69.29,1.0000,0.733214,0.144355,464.31,335.99,0.9473,0.725487,0.699976
1786702302.491671,62.015499,1882,29.75,469.77,69.21,1.0000,0.734018,0.144189,464.25,336.00,0.9465,0.725397,0.700003
1786702302.525551,62.049379,1883,29.75,469.49,69.23,1.0000,0.733573,0.144234,464.30,336.00,0.9465,0.725471,0.700002
1786702302.560741,62.084569,1884,29.75,469.48,69.17,1.0000,0.733556,0.144108,464.33,336.10,0.9468,0.725514,0.700211
1786702302.574126,62.097955,1885,30.09,469.46,69.17,1.0000,0.733524,0.144100,464.37,336.07,0.9466,0.725585,0.700138
1786702302.627784,62.151612,1886,30.09,469.43,69.16,1.0000,0.733478,0.144074,464.13,336.17,0.9455,0.725206,0.700359
1786702302.686122,62.209950,1887,30.09,469.33,69.07,1.0000,0.733327,0.143904,464.24,336.06,0.9474,0.725370,0.700115
1786702302.688807,62.212635,1888,30.09,469.24,69.13,1.0000,0.733186,0.144018,464.16,336.07,0.9473,0.725257,0.700149
1786702302.750388,62.274216,1889,30.09,469.22,69.03,1.0000,0.733156,0.143804,464.16,335.95,0.9482,0.725249,0.699893
1786702302.766049,62.289877,1890,30.09,469.00,69.02,1.0000,0.732811,0.143799,464.32,335.74,0.9501,0.725496,0.699455
1786702302.782005,62.305833,1891,30.09,468.78,69.13,1.0000,0.732472,0.144030,464.32,335.74,0.9498,0.725507,0.699457
1786702302.827173,62.351001,1892,30.09,468.78,69.13,1.0000,0.732464,0.144016,464.31,335.72,0.9500,0.725479,0.699422
1786702302.859259,62.383087,1893,30.09,469.33,69.14,1.0000,0.733335,0.144037,464.21,335.51,0.9501,0.725326,0.698973
1786702302.899130,62.422958,1894,30.09,469.11,69.16,1.0000,0.732987,0.144078,464.25,335.58,0.9506,0.725385,0.699121
1786702302.925795,62.449623,1895,30.09,469.03,69.23,1.0000,0.732853,0.144231,463.99,335.45,0.9490,0.724980,0.698854
1786702302.957562,62.481390,1896,30.09,468.67,69.22,1.0000,0.732294,0.144210,464.00,335.45,0.9487,0.725006,0.698863
1786702302.997233,62.521061,1897,30.09,468.66,69.20,1.0000,0.732287,0.144171,464.10,335.50,0.9485,0.725154,0.698951
1786702303.033670,62.557498,1898,30.09,468.69,69.34,1.0000,0.732332,0.144458,464.10,335.50,0.9488,0.725159,0.698961
1786702303.060976,62.584804,1899,30.09,468.63,69.36,1.0000,0.732235,0.144497,464.13,335.34,0.9489,0.725211,0.698633
1786702303.093018,62.616846,1900,29.91,468.67,69.34,1.0000,0.732300,0.144454,464.01,335.43,0.9475,0.725011,0.698820
1786702303.140841,62.664669,1901,29.91,468.65,69.36,1.0000,0.732266,0.144504,464.02,335.34,0.9463,0.725034,0.698634
1786702303.148995,62.672823,1902,29.91,468.67,69.37,1.0000,0.732302,0.144513,463.99,335.38,0.9472,0.724988,0.698705
1786702303.199136,62.722964,1903,29.91,468.71,69.37,1.0000,0.732361,0.144515,463.78,334.95,0.9451,0.724655,0.697809
1786702303.228347,62.752175,1904,29.91,468.70,69.36,1.0000,0.732351,0.144496,463.80,334.83,0.9443,0.724687,0.697559
1786702303.266155,62.789983,1905,29.91,468.77,69.31,1.0000,0.732459,0.144394,463.59,334.83,0.9439,0.724352,0.697559
1786702303.297660,62.821488,1906,29.91,468.77,69.30,1.0000,0.732460,0.144372,463.78,334.91,0.9440,0.724656,0.697733
1786702303.343272,62.867100,1907,29.91,468.94,69.12,1.0000,0.732726,0.144005,463.80,335.15,0.9444,0.724691,0.698239
1786702303.375138,62.898966,1908,29.91,468.99,69.03,1.0000,0.732798,0.143816,463.71,334.78,0.9450,0.724552,0.697454
1786702303.388511,62.912339,1909,29.91,468.99,69.06,1.0000,0.732803,0.143880,463.68,334.87,0.9443,0.724505,0.697654
1786702303.430740,62.954568,1910,29.91,469.06,69.03,1.0000,0.732906,0.143812,463.57,334.79,0.9436,0.724325,0.697482
1786702303.459895,62.983723,1911,29.91,469.02,69.03,1.0000,0.732846,0.143821,463.60,334.79,0.9434,0.724378,0.697475
1786702303.498067,63.021895,1912,29.91,469.23,69.06,1.0000,0.733167,0.143880,463.22,335.32,0.9437,0.723780,0.698574
1786702303.557274,63.081102,1913,29.91,469.17,69.06,1.0000,0.733081,0.143868,463.40,335.29,0.9438,0.724070,0.698520
1786702303.571408,63.095236,1914,29.91,469.11,69.08,1.0000,0.732978,0.143926,463.43,335.15,0.9437,0.724102,0.698236
1786702303.595444,63.119272,1915,29.89,469.14,69.07,1.0000,0.733027,0.143896,463.49,335.17,0.9442,0.724197,0.698265
1786702303.627641,63.151469,1916,29.89,469.08,68.70,1.0000,0.732944,0.143127,463.65,335.28,0.9440,0.724446,0.698510
1786702303.678361,63.202189,1917,29.89,469.07,68.57,1.0000,0.732926,0.142848,463.56,335.17,0.9452,0.724315,0.698279
1786702303.691475,63.215303,1918,29.89,468.79,68.59,1.0000,0.732490,0.142887,463.58,335.20,0.9455,0.724340,0.698329
1786702303.722317,63.246145,1919,29.89,468.75,68.58,1.0000,0.732417,0.142879,463.48,334.93,0.9452,0.724188,0.697766
1786702303.769962,63.293790,1920,29.89,468.51,68.57,1.0000,0.732052,0.142865,463.61,335.16,0.9468,0.724387,0.698242
1786702303.785953,63.309781,1921,29.89,468.50,68.54,1.0000,0.732034,0.142782,463.85,335.24,0.9474,0.724768,0.698422
1786702303.822766,63.346594,1922,29.89,468.49,68.54,1.0000,0.732016,0.142801,463.88,335.27,0.9473,0.724808,0.698480
1786702303.871121,63.394949,1923,29.89,468.52,68.55,1.0000,0.732067,0.142802,463.66,335.23,0.9478,0.724463,0.698400
1786702303.885534,63.409362,1924,29.89,468.45,68.55,1.0000,0.731956,0.142805,463.81,335.40,0.9477,0.724708,0.698744
1786702303.930004,63.453832,1925,29.89,468.51,68.51,1.0000,0.732052,0.142721,463.61,335.18,0.9465,0.724385,0.698297
1786702303.967194,63.491022,1926,29.89,468.63,68.44,1.0000,0.732229,0.142581,463.64,335.09,0.9454,0.724433,0.698102
1786702304.006523,63.530351,1927,29.89,468.67,68.41,1.0000,0.732298,0.142511,463.48,334.88,0.9446,0.724181,0.697671
1786702304.009191,63.533019,1928,29.89,468.66,68.47,1.0000,0.732277,0.142654,463.73,334.92,0.9447,0.724584,0.697754
1786702304.062845,63.586673,1929,29.89,468.84,68.68,1.0000,0.732556,0.143090,463.28,334.95,0.9426,0.723872,0.697810
1786702304.097450,63.621279,1930,29.89,468.82,68.76,1.0000,0.732538,0.143256,463.58,335.33,0.9430,0.724347,0.698607
1786702304.126312,63.650140,1931,29.96,469.06,68.55,1.0000,0.732909,0.142804,463.59,335.00,0.9430,0.724361,0.697916
1786702304.171268,63.695096,1932,29.96,469.14,68.45,1.0000,0.733028,0.142612,463.69,335.12,0.9426,0.724509,0.698164
1786702304.188690,63.712518,1933,29.96,469.08,68.46,1.0000,0.732943,0.142623,463.90,335.23,0.9417,0.724840,0.698399
1786702304.224522,63.748350,1934,29.96,469.21,68.37,1.0000,0.733148,0.142447,463.86,335.23,0.9409,0.724780,0.698398
1786702304.250718,63.774546,1935,29.96,469.24,68.37,1.0000,0.733187,0.142444,463.96,335.37,0.9389,0.724938,0.698687
1786702304.287210,63.811038,1936,29.96,469.18,68.49,1.0000,0.733097,0.142679,463.99,335.29,0.9407,0.724979,0.698524
1786702304.327637,63.851465,1937,29.96,469.25,68.47,1.0000,0.733198,0.142644,463.78,335.28,0.9408,0.724654,0.698508
1786702304.358471,63.882299,1938,29.96,469.27,68.47,1.0000,0.733230,0.142654,463.87,335.44,0.9404,0.724797,0.698838
1786702304.396219,63.920047,1939,29.96,470.04,68.43,1.0000,0.734433,0.142554,463.89,335.39,0.9413,0.724835,0.698723
1786702304.428084,63.951912,1940,29.96,470.19,68.42,1.0000,0.734680,0.142552,463.61,335.16,0.9410,0.724392,0.698253
1786702304.467589,63.991417,1941,29.96,470.33,68.41,1.0000,0.734884,0.142518,463.62,334.94,0.9416,0.724403,0.697800
1786702304.488575,64.012403,1942,29.96,470.33,68.41,1.0000,0.734892,0.142521,463.51,334.94,0.9435,0.724234,0.697782
1786702304.528324,64.052152,1943,29.96,470.42,68.34,1.0000,0.735027,0.142369,463.67,335.08,0.9451,0.724484,0.698078
1786702304.560524,64.084352,1944,29.96,470.47,68.31,1.0000,0.735109,0.142322,463.73,335.12,0.9439,0.724581,0.698162
1786702304.596551,64.120379,1945,29.96,470.53,68.28,1.0000,0.735198,0.142249,463.48,335.18,0.9437,0.724182,0.698300
1786702304.612659,64.136487,1946,29.95,470.89,68.06,1.0000,0.735765,0.141794,463.77,335.40,0.9436,0.724648,0.698753
1786702304.664321,64.188149,1947,29.95,470.91,68.03,1.0000,0.735802,0.141723,463.79,335.41,0.9434,0.724676,0.698767
1786702304.695807,64.219635,1948,29.95,470.91,68.06,1.0000,0.735797,0.141794,464.04,335.56,0.9420,0.725058,0.699090
1786702304.725035,64.248863,1949,29.95,470.82,68.00,1.0000,0.735659,0.141677,464.11,335.71,0.9426,0.725180,0.699390
1786702304.771459,64.295287,1950,29.95,470.90,68.00,1.0000,0.735775,0.141674,464.13,335.71,0.9423,0.725199,0.699401
1786702304.788977,64.312805,1951,29.95,471.09,68.01,1.0000,0.736072,0.141681,464.06,335.32,0.9443,0.725091,0.698582
1786702304.826055,64.349883,1952,29.95,470.88,68.00,1.0000,0.735748,0.141677,464.06,335.27,0.9452,0.725094,0.698473
1786702304.863842,64.387670,1953,29.95,470.82,68.03,1.0000,0.735649,0.141721,463.99,335.34,0.9432,0.724985,0.698634
1786702304.909909,64.433738,1954,29.95,470.78,68.05,1.0000,0.735601,0.141764,463.93,335.32,0.9428,0.724884,0.698578
1786702304.935380,64.459208,1955,29.95,470.78,68.06,1.0000,0.735589,0.141800,463.98,335.49,0.9443,0.724972,0.698933
1786702304.969802,64.493630,1956,29.95,470.74,68.14,1.0000,0.735536,0.141966,464.02,335.50,0.9443,0.725036,0.698953
1786702305.004017,64.527845,1957,29.95,470.74,68.20,1.0000,0.735527,0.142092,464.01,335.58,0.9446,0.725021,0.699118
1786702305.052858,64.576686,1958,29.95,470.90,68.21,1.0000,0.735785,0.142100,464.02,335.26,0.9453,0.725031,0.698457
1786702305.062353,64.586181,1959,29.95,470.88,68.27,1.0000,0.735757,0.142232,464.02,335.17,0.9440,0.725028,0.698268
1786702305.099662,64.623490,1960,29.95,470.82,68.28,1.0000,0.735652,0.142242,464.12,335.35,0.9453,0.725194,0.698656
1786702305.132008,64.655836,1961,29.90,470.87,68.29,1.0000,0.735730,0.142271,464.09,335.36,0.9449,0.725147,0.698671
1786702305.174492,64.698320,1962,29.90,470.85,68.78,1.0000,0.735707,0.143291,464.10,335.04,0.9456,0.725159,0.698006
1786702305.206029,64.729857,1963,29.90,470.75,68.79,1.0000,0.735551,0.143310,464.13,335.16,0.9475,0.725196,0.698250
1786702305.235074,64.758902,1964,29.90,470.67,68.80,1.0000,0.735415,0.143335,464.14,335.31,0.9492,0.725225,0.698570
1786702305.250964,64.774792,1965,29.90,470.84,68.77,1.0000,0.735688,0.143268,464.15,335.50,0.9493,0.725239,0.698965
1786702305.301860,64.825688,1966,29.90,470.80,68.78,1.0000,0.735622,0.143301,464.16,335.56,0.9479,0.725245,0.699084
1786702305.333474,64.857302,1967,29.90,470.80,68.70,1.0000,0.735620,0.143132,464.21,335.49,0.9482,0.725332,0.698943
1786702305.370665,64.894493,1968,29.90,470.89,68.70,1.0000,0.735763,0.143134,464.21,335.51,0.9473,0.725323,0.698974
1786702305.397100,64.920928,1969,29.90,470.91,68.65,1.0000,0.735797,0.143015,464.23,335.57,0.9465,0.725365,0.699114
1786702305.438909,64.962737,1970,29.90,470.91,68.64,1.0000,0.735798,0.143004,463.96,335.59,0.9442,0.724943,0.699145
1786702305.468172,64.992000,1971,29.90,470.91,68.64,1.0000,0.735796,0.143003,463.89,335.57,0.9436,0.724835,0.699099
1786702305.500197,65.024025,1972,29.90,471.01,68.62,1.0000,0.735954,0.142956,464.08,335.61,0.9448,0.725118,0.699183
1786702305.534708,65.058536,1973,29.90,471.01,68.62,1.0000,0.735954,0.142954,464.11,335.72,0.9455,0.725179,0.699410
1786702305.574664,65.098492,1974,29.90,470.97,68.60,1.0000,0.735883,0.142912,464.35,335.75,0.9464,0.725547,0.699478
1786702305.606375,65.130203,1975,29.90,470.94,68.59,1.0000,0.735846,0.142903,464.41,335.86,0.9473,0.725642,0.699703
1786702305.620868,65.144696,1976,29.90,470.91,68.55,1.0000,0.735798,0.142816,464.36,335.90,0.9478,0.725563,0.699790
1786702305.659436,65.183264,1977,30.08,470.85,68.53,1.0000,0.735697,0.142778,464.33,335.97,0.9491,0.725510,0.699944
1786702305.696671,65.220499,1978,30.08,470.84,68.53,1.0000,0.735687,0.142775,464.33,336.05,0.9479,0.725510,0.700097
1786702305.728168,65.251996,1979,30.08,470.82,68.44,1.0000,0.735663,0.142593,464.33,336.01,0.9479,0.725512,0.700023
1786702305.762228,65.286057,1980,30.08,470.80,68.43,1.0000,0.735623,0.142556,464.34,335.97,0.9489,0.725528,0.699944
1786702305.808299,65.332127,1981,30.08,470.37,68.46,1.0000,0.734946,0.142625,464.11,335.83,0.9493,0.725172,0.699651
1786702305.823591,65.347419,1982,30.08,470.37,68.48,1.0000,0.734957,0.142664,464.11,335.76,0.9497,0.725175,0.699495
1786702305.860254,65.384082,1983,30.08,470.30,68.48,1.0000,0.734849,0.142674,464.10,335.46,0.9483,0.725154,0.698865
1786702305.890000,65.413828,1984,30.08,470.54,68.48,1.0000,0.735213,0.142671,464.03,335.26,0.9481,0.725053,0.698452
1786702305.927454,65.451282,1985,30.08,470.75,68.57,1.0000,0.735546,0.142863,464.03,335.20,0.9473,0.725051,0.698342
1786702305.972420,65.496248,1986,30.08,470.87,68.58,1.0000,0.735728,0.142876,463.97,335.26,0.9471,0.724958,0.698459
1786702305.986522,65.510350,1987,30.08,470.88,68.58,1.0000,0.735750,0.142874,463.73,335.19,0.9442,0.724575,0.698322
1786702306.025982,65.549810,1988,30.08,470.88,68.65,1.0000,0.735751,0.143017,463.72,334.85,0.9432,0.724564,0.697599
1786702306.061418,65.585246,1989,30.08,470.93,68.67,1.0000,0.735823,0.143053,463.70,334.83,0.9432,0.724526,0.697572
1786702306.112356,65.636184,1990,30.08,470.95,68.57,1.0000,0.735862,0.142852,463.45,334.43,0.9432,0.724144,0.696721
1786702306.130243,65.654071,1991,30.08,470.93,68.57,1.0000,0.735824,0.142860,463.64,334.57,0.9439,0.724442,0.697027
1786702306.165455,65.689283,1992,29.89,470.93,68.57,1.0000,0.735821,0.142860,463.44,334.56,0.9431,0.724127,0.697008
1786702306.194173,65.718001,1993,29.89,470.60,68.57,1.0000,0.735315,0.142863,463.59,334.58,0.9421,0.724359,0.697046
1786702306.231631,65.755459,1994,29.89,470.65,68.56,1.0000,0.735389,0.142826,463.24,334.71,0.9413,0.723818,0.697313
1786702306.255113,65.778941,1995,29.89,470.73,68.56,1.0000,0.735509,0.142837,463.24,334.71,0.9416,0.723806,0.697322
1786702306.295866,65.819694,1996,29.89,470.61,68.56,1.0000,0.735324,0.142825,463.25,334.79,0.9404,0.723825,0.697483
1786702306.335284,65.859112,1997,29.89,470.28,68.72,1.0000,0.734807,0.143159,463.31,334.89,0.9391,0.723929,0.697681
1786702306.353019,65.876848,1998,29.89,470.39,68.83,1.0000,0.734986,0.143386,463.32,334.86,0.9387,0.723943,0.697631
1786702306.388264,65.912092,1999,29.89,470.39,68.75,1.0000,0.734988,0.143234,463.52,334.96,0.9402,0.724249,0.697841
1786702306.434622,65.958450,2000,29.89,470.42,68.69,1.0000,0.735028,0.143110,463.53,334.78,0.9400,0.724269,0.697467
1786702306.448694,65.972522,2001,29.89,470.05,68.69,1.0000,0.734459,0.143107,463.62,334.95,0.9398,0.724403,0.697805
1786702306.495617,66.019445,2002,29.89,470.07,68.70,1.0000,0.734480,0.143135,463.76,334.90,0.9417,0.724620,0.697702
1786702306.522382,66.046210,2003,29.89,470.07,68.69,1.0000,0.734489,0.143100,463.78,334.81,0.9422,0.724657,0.697527
1786702306.564326,66.088154,2004,29.89,470.08,68.65,1.0000,0.734506,0.143030,463.84,334.72,0.9437,0.724751,0.697329
1786702306.600075,66.123903,2005,29.89,469.95,68.65,1.0000,0.734303,0.143030,463.97,334.90,0.9449,0.724960,0.697712
1786702306.628928,66.152756,2006,29.89,470.05,68.59,1.0000,0.734456,0.142898,463.91,334.91,0.9455,0.724858,0.697737
1786702306.664042,66.187870,2007,29.89,470.27,68.44,1.0000,0.734792,0.142582,463.89,334.90,0.9453,0.724827,0.697701
1786702306.696006,66.219834,2008,29.99,470.47,68.37,1.0000,0.735102,0.142445,463.65,334.80,0.9461,0.724450,0.697495
1786702306.732399,66.256227,2009,29.99,470.38,68.37,1.0000,0.734976,0.142442,463.77,334.71,0.9463,0.724642,0.697308
1786702306.762087,66.285915,2010,29.99,470.39,68.36,1.0000,0.734977,0.142426,463.62,334.71,0.9473,0.724404,0.697309
1786702306.804493,66.328321,2011,29.99,470.68,68.36,1.0000,0.735431,0.142410,463.68,335.03,0.9481,0.724498,0.697971
1786702306.833886,66.357714,2012,29.99,470.64,68.36,1.0000,0.735367,0.142415,463.70,334.91,0.9484,0.724533,0.697726
1786702306.858452,66.382280,2013,29.99,470.65,68.53,1.0000,0.735394,0.142770,463.49,334.73,0.9481,0.724202,0.697352
1786702306.897770,66.421598,2014,29.99,470.65,68.54,1.0000,0.735395,0.142784,463.64,334.76,0.9491,0.724434,0.697416
1786702306.934796,66.458624,2015,29.99,470.74,68.52,1.0000,0.735531,0.142758,463.46,334.71,0.9500,0.724150,0.697311
1786702306.961535,66.485363,2016,29.99,470.83,68.52,1.0000,0.735673,0.142751,463.38,334.70,0.9495,0.724027,0.697302
1786702306.995011,66.518839,2017,29.99,470.79,68.49,1.0000,0.735607,0.142695,463.47,334.80,0.9493,0.724169,0.697495
1786702307.032338,66.556166,2018,29.99,471.19,68.37,1.0000,0.736238,0.142445,463.09,334.52,0.9474,0.723577,0.696920
1786702307.059224,66.583052,2019,29.99,470.92,68.32,1.0000,0.735806,0.142327,463.07,334.53,0.9477,0.723549,0.696945
1786702307.101022,66.624851,2020,29.99,470.43,68.47,1.0000,0.735050,0.142647,463.23,334.51,0.9479,0.723801,0.696895
1786702307.130174,66.654002,2021,29.99,470.43,68.51,1.0000,0.735052,0.142738,463.37,334.71,0.9496,0.724012,0.697312
1786702307.167840,66.691669,2022,29.99,470.43,68.52,1.0000,0.735044,0.142757,463.24,334.73,0.9484,0.723816,0.697354
1786702307.194059,66.717887,2023,29.99,470.52,68.51,1.0000,0.735190,0.142733,463.41,334.74,0.9472,0.724073,0.697368
1786702307.236518,66.760346,2024,29.90,470.67,68.47,1.0000,0.735427,0.142653,463.39,334.70,0.9467,0.724051,0.697290
1786702307.264090,66.787918,2025,29.90,470.68,68.43,1.0000,0.735439,0.142566,463.36,334.62,0.9472,0.723993,0.697130
1786702307.279520,66.803348,2026,29.90,470.69,68.41,1.0000,0.735453,0.142517,463.45,334.65,0.9456,0.724139,0.697188
1786702307.324990,66.848818,2027,29.90,470.69,68.40,1.0000,0.735456,0.142504,463.46,334.34,0.9468,0.724162,0.696536
1786702307.387532,66.911360,2028,29.90,470.87,68.37,1.0000,0.735731,0.142433,463.45,334.09,0.9451,0.724137,0.696028
1786702307.402250,66.926078,2029,29.90,470.96,68.36,1.0000,0.735871,0.142422,463.56,334.26,0.9444,0.724312,0.696378
1786702307.426453,66.950281,2030,29.90,470.96,68.33,1.0000,0.735880,0.142362,463.68,334.42,0.9455,0.724504,0.696707
1786702307.461372,66.985200,2031,29.90,471.15,68.33,1.0000,0.736173,0.142361,463.56,334.42,0.9450,0.724320,0.696704
1786702307.496740,67.020568,2032,29.90,471.03,68.28,1.0000,0.735982,0.142257,463.54,334.59,0.9452,0.724276,0.697061
1786702307.525815,67.049644,2033,29.90,471.03,68.25,1.0000,0.735983,0.142188,463.21,334.73,0.9439,0.723765,0.697355
1786702307.565820,67.089648,2034,29.90,470.89,68.29,1.0000,0.735765,0.142279,463.29,334.73,0.9443,0.723885,0.697347
1786702307.595451,67.119279,2035,29.90,470.80,68.29,1.0000,0.735632,0.142275,463.34,334.81,0.9433,0.723963,0.697511
1786702307.630060,67.153888,2036,29.90,470.73,68.28,1.0000,0.735518,0.142259,463.54,334.91,0.9431,0.724284,0.697721
1786702307.677125,67.200953,2037,29.90,470.72,68.23,1.0000,0.735507,0.142147,463.48,335.00,0.9418,0.724181,0.697909
1786702307.689724,67.213552,2038,29.90,470.74,68.23,1.0000,0.735531,0.142144,463.34,335.21,0.9421,0.723962,0.698363
1786702307.745039,67.268867,2039,29.82,471.24,68.23,1.0000,0.736319,0.142137,463.82,335.79,0.9452,0.724717,0.699558
1786702307.767231,67.291059,2040,29.82,471.43,68.44,1.0000,0.736611,0.142593,463.62,335.78,0.9445,0.724399,0.699531
1786702307.796385,67.320213,2041,29.82,471.58,68.45,1.0000,0.736844,0.142600,463.72,335.70,0.9451,0.724556,0.699375
1786702307.830779,67.354607,2042,29.82,471.58,68.46,1.0000,0.736840,0.142623,463.64,335.76,0.9442,0.724438,0.699495
1786702307.873257,67.397085,2043,29.82,471.59,68.73,1.0000,0.736865,0.143178,463.77,335.94,0.9447,0.724647,0.699879
1786702307.897225,67.421053,2044,29.82,471.93,68.72,1.0000,0.737398,0.143158,463.71,335.95,0.9441,0.724540,0.699894
1786702307.942208,67.466036,2045,29.82,471.96,68.53,1.0000,0.737442,0.142762,463.66,335.96,0.9449,0.724464,0.699907
1786702307.952907,67.476735,2046,29.82,472.10,68.51,1.0000,0.737659,0.142728,463.62,335.95,0.9459,0.724403,0.699905
1786702308.000680,67.524508,2047,29.82,472.10,68.54,1.0000,0.737652,0.142791,463.63,335.92,0.9473,0.724423,0.699840
1786702308.016708,67.540536,2048,29.82,472.38,68.48,1.0000,0.738089,0.142661,463.82,335.91,0.9492,0.724715,0.699810
1786702308.069379,67.593207,2049,29.82,472.53,68.47,1.0000,0.738336,0.142648,463.94,336.02,0.9509,0.724903,0.700035
1786702308.101825,67.625653,2050,29.82,472.66,68.41,1.0000,0.738529,0.142517,463.97,336.06,0.9515,0.724952,0.700125
1786702308.130833,67.654661,2051,29.82,472.78,68.15,1.0000,0.738717,0.141972,463.98,336.04,0.9514,0.724965,0.700083
1786702308.144197,67.668025,2052,29.82,472.78,68.13,1.0000,0.738717,0.141946,463.96,335.92,0.9514,0.724935,0.699833
1786702308.195182,67.719010,2053,29.82,472.80,68.28,1.0000,0.738742,0.142244,463.93,335.67,0.9514,0.724893,0.699305
1786702308.228714,67.752542,2054,29.82,472.85,68.23,1.0000,0.738824,0.142153,463.93,335.75,0.9512,0.724889,0.699472
1786702308.261601,67.785429,2055,30.07,473.16,67.96,1.0000,0.739306,0.141580,463.85,335.73,0.9502,0.724759,0.699439
1786702308.292529,67.816357,2056,30.07,473.53,67.86,1.0000,0.739892,0.141373,463.99,335.79,0.9503,0.724985,0.699571
1786702308.324801,67.848629,2057,30.07,473.68,67.74,1.0000,0.740133,0.141130,464.10,335.78,0.9514,0.725162,0.699549
1786702308.353806,67.877634,2058,30.07,473.81,67.73,1.0000,0.740326,0.141107,464.19,335.80,0.9514,0.725297,0.699574
1786702308.394579,67.918407,2059,30.07,473.94,67.71,1.0000,0.740533,0.141057,464.14,335.70,0.9512,0.725224,0.699385
1786702308.420658,67.944486,2060,30.07,473.86,68.01,1.0000,0.740400,0.141690,463.99,335.69,0.9513,0.724987,0.699354
1786702308.468134,67.991962,2061,30.07,474.07,67.87,1.0000,0.740735,0.141398,463.81,335.31,0.9511,0.724704,0.698565
1786702308.508655,68.032483,2062,30.07,473.82,67.95,1.0000,0.740338,0.141566,463.91,335.29,0.9524,0.724858,0.698530
1786702308.531864,68.055692,2063,30.07,473.47,67.96,1.0000,0.739801,0.141573,463.96,335.32,0.9520,0.724939,0.698590
1786702308.563807,68.087635,2064,30.07,473.62,67.95,1.0000,0.740036,0.141564,463.85,335.36,0.9522,0.724770,0.698662
1786702308.593567,68.117395,2065,30.07,473.91,67.93,1.0000,0.740484,0.141521,463.67,335.08,0.9531,0.724480,0.698085
1786702308.661382,68.185210,2066,30.07,473.86,67.95,1.0000,0.740401,0.141569,463.60,335.03,0.9529,0.724382,0.697981
1786702308.674249,68.198077,2067,30.07,473.88,67.97,1.0000,0.740436,0.141600,463.49,334.95,0.9515,0.724199,0.697818
1786702308.697996,68.221824,2068,30.07,473.79,67.99,1.0000,0.740292,0.141645,463.46,335.02,0.9513,0.724155,0.697960
1786702308.726846,68.250674,2069,30.07,473.87,68.00,1.0000,0.740429,0.141658,463.45,335.01,0.9516,0.724143,0.697941
1786702308.771096,68.294924,2070,29.93,474.16,68.03,1.0000,0.740871,0.141737,463.22,334.88,0.9497,0.723781,0.697665
1786702308.815634,68.339463,2071,29.93,474.14,68.29,1.0000,0.740839,0.142278,463.16,334.87,0.9496,0.723691,0.697642
1786702308.836112,68.359940,2072,29.93,474.03,68.32,1.0000,0.740673,0.142326,463.24,335.02,0.9499,0.723815,0.697949
1786702308.879445,68.403273,2073,29.93,473.99,68.76,1.0000,0.740616,0.143242,463.42,335.12,0.9498,0.724089,0.698176
1786702308.889924,68.413752,2074,29.93,473.90,68.79,1.0000,0.740463,0.143316,463.58,335.14,0.9518,0.724341,0.698205
1786702308.932131,68.455959,2075,29.93,473.52,68.82,1.0000,0.739869,0.143372,463.59,335.08,0.9514,0.724353,0.698077
1786702308.961640,68.485468,2076,29.93,473.62,68.70,1.0000,0.740029,0.143122,463.91,335.21,0.9530,0.724865,0.698351
1786702309.006236,68.530064,2077,29.93,473.12,68.75,1.0000,0.739253,0.143236,463.91,335.26,0.9515,0.724857,0.698462
1786702309.022808,68.546636,2078,29.93,472.88,68.93,1.0000,0.738879,0.143610,464.13,335.42,0.9529,0.725206,0.698791
1786702309.062442,68.586270,2079,29.93,472.68,69.10,1.0000,0.738561,0.143962,464.28,335.45,0.9541,0.725432,0.698854
1786702309.096281,68.620109,2080,29.93,472.53,69.68,1.0000,0.738325,0.145159,464.17,335.47,0.9531,0.725266,0.698893
1786702309.128121,68.651949,2081,29.93,472.49,69.62,1.0000,0.738262,0.145034,464.30,335.69,0.9554,0.725472,0.699360
1786702309.166721,68.690549,2082,29.93,472.36,69.65,1.0000,0.738064,0.145109,464.27,335.31,0.9544,0.725418,0.698552
1786702309.193888,68.717716,2083,29.93,472.62,69.64,1.0000,0.738469,0.145073,464.17,335.31,0.9533,0.725260,0.698558
1786702309.228976,68.752804,2084,29.93,472.66,69.63,1.0000,0.738527,0.145069,464.12,335.07,0.9527,0.725187,0.698054
1786702309.265742,68.789570,2085,29.93,473.45,69.51,1.0000,0.739767,0.144816,464.02,335.36,0.9519,0.725039,0.698676
1786702309.297174,68.821002,2086,30.08,473.65,69.53,1.0000,0.740075,0.144852,464.08,335.14,0.9521,0.725132,0.698205
1786702309.328268,68.852096,2087,30.08,474.17,69.28,1.0000,0.740883,0.144324,464.05,335.31,0.9520,0.725077,0.698565
1786702309.362416,68.886244,2088,30.08,474.16,69.25,1.0000,0.740874,0.144270,464.12,335.43,0.9542,0.725187,0.698814
1786702309.394359,68.918187,2089,30.08,474.18,69.14,1.0000,0.740901,0.144032,464.19,335.36,0.9548,0.725303,0.698667
1786702309.431751,68.955580,2090,30.08,474.26,69.14,1.0000,0.741036,0.144034,464.13,335.36,0.9530,0.725207,0.698673
1786702309.469161,68.992989,2091,30.08,474.26,69.07,1.0000,0.741028,0.143902,464.30,335.34,0.9541,0.725464,0.698616
1786702309.483777,69.007605,2092,30.08,474.26,69.04,1.0000,0.741027,0.143833,464.32,335.32,0.9550,0.725500,0.698591
1786702309.525160,69.048988,2093,30.08,474.36,69.05,1.0000,0.741190,0.143851,464.19,335.29,0.9548,0.725299,0.698519
1786702309.562954,69.086782,2094,30.08,474.14,69.04,1.0000,0.740841,0.143842,464.28,335.29,0.9552,0.725436,0.698523
1786702309.595025,69.118853,2095,30.08,474.17,69.09,1.0000,0.740885,0.143945,464.11,335.16,0.9544,0.725179,0.698253
1786702309.636785,69.160613,2096,30.08,474.18,69.11,1.0000,0.740904,0.143978,464.12,335.61,0.9525,0.725183,0.699182
1786702309.654506,69.178334,2097,30.08,474.14,69.14,1.0000,0.740838,0.144042,464.29,336.16,0.9543,0.725446,0.700332
1786702309.693885,69.217713,2098,30.08,473.81,69.15,1.0000,0.740333,0.144066,464.17,335.81,0.9534,0.725267,0.699607
1786702309.731886,69.255714,2099,30.08,473.81,69.15,1.0000,0.740334,0.144064,463.96,335.60,0.9525,0.724945,0.699163
1786702309.763474,69.287302,2100,30.08,473.83,69.10,1.0000,0.740354,0.143967,464.03,335.46,0.9537,0.725039,0.698881
1786702309.811028,69.334856,2101,29.95,473.93,69.20,1.0000,0.740514,0.144170,463.62,335.22,0.9523,0.724406,0.698376
1786702309.831656,69.355484,2102,29.95,473.97,69.16,1.0000,0.740573,0.144077,463.64,335.27,0.9525,0.724430,0.698471
1786702309.871543,69.395371,2103,29.95,474.08,69.15,1.0000,0.740750,0.144068,463.64,335.01,0.9517,0.724433,0.697942
1786702309.897829,69.421657,2104,29.95,474.10,69.16,1.0000,0.740775,0.144075,463.51,335.01,0.9511,0.724241,0.697929
1786702309.984663,69.508491,2106,29.95,474.36,69.18,1.0000,0.741192,0.144134,463.62,335.54,0.9509,0.724413,0.699039
1786702309.997770,69.521598,2107,29.95,474.33,69.18,1.0000,0.741148,0.144135,463.62,335.52,0.9489,0.724413,0.699002
1786702310.031250,69.555079,2108,29.95,474.34,69.18,1.0000,0.741151,0.144132,463.46,335.38,0.9484,0.724158,0.698707
1786702310.063071,69.586899,2109,29.95,474.34,69.13,1.0000,0.741154,0.144020,463.44,335.31,0.9487,0.724120,0.698560
1786702310.104987,69.628815,2110,29.95,474.45,69.11,1.0000,0.741328,0.143985,463.45,335.24,0.9476,0.724142,0.698416
1786702310.123264,69.647092,2111,29.95,474.47,69.10,1.0000,0.741359,0.143948,463.45,335.10,0.9466,0.724136,0.698133
1786702310.168866,69.692694,2112,29.95,474.47,69.10,1.0000,0.741363,0.143957,463.27,335.44,0.9457,0.723866,0.698840
1786702310.188905,69.712733,2113,29.95,474.53,69.10,1.0000,0.741451,0.143955,463.31,335.61,0.9453,0.723919,0.699186
1786702310.224330,69.748158,2114,29.95,474.60,69.10,1.0000,0.741569,0.143962,463.35,335.64,0.9456,0.723985,0.699254
1786702310.258788,69.782616,2115,29.95,474.83,69.08,1.0000,0.741927,0.143914,463.35,335.64,0.9459,0.723992,0.699249
1786702310.291045,69.814873,2116,29.95,474.75,69.10,1.0000,0.741803,0.143948,463.36,335.23,0.9445,0.723997,0.698390
1786702310.327055,69.850883,2117,29.66,474.71,69.10,1.0000,0.741727,0.143949,463.23,335.23,0.9443,0.723790,0.698404
1786702310.369431,69.893259,2118,29.66,474.71,69.08,1.0000,0.741731,0.143914,463.45,335.20,0.9445,0.724134,0.698324
1786702310.391058,69.914886,2119,29.66,474.83,69.00,1.0000,0.741918,0.143755,463.42,335.17,0.9448,0.724087,0.698273
1786702310.421731,69.945559,2120,29.66,474.51,69.01,1.0000,0.741428,0.143773,463.47,335.00,0.9454,0.724166,0.697908
1786702310.467400,69.991228,2121,29.66,474.56,69.00,1.0000,0.741503,0.143754,463.47,334.98,0.9460,0.724170,0.697867
1786702310.496154,70.019982,2122,29.66,474.67,69.00,1.0000,0.741666,0.143754,463.51,334.97,0.9478,0.724232,0.697861
1786702310.525566,70.049394,2123,29.66,474.66,69.00,1.0000,0.741664,0.143754,463.50,335.00,0.9487,0.724222,0.697918
1786702310.556416,70.080244,2124,29.66,474.67,69.06,1.0000,0.741666,0.143880,463.55,335.02,0.9491,0.724298,0.697949
1786702310.597975,70.121803,2125,29.66,474.66,69.11,1.0000,0.741659,0.143984,463.51,335.15,0.9498,0.724236,0.698235
1786702310.621915,70.145743,2126,29.66,474.66,69.09,1.0000,0.741662,0.143942,463.56,335.13,0.9506,0.724308,0.698179
1786702310.663589,70.187417,2127,29.66,474.92,69.08,1.0000,0.742057,0.143921,463.67,335.00,0.9511,0.724482,0.697912
1786702310.713665,70.237493,2128,29.66,474.86,69.08,1.0000,0.741962,0.143919,463.81,335.23,0.9508,0.724707,0.698397
1786702310.732172,70.256000,2129,29.66,474.82,69.15,1.0000,0.741913,0.144059,463.79,335.28,0.9500,0.724679,0.698502
1786702310.766134,70.289962,2130,29.66,474.82,69.13,1.0000,0.741900,0.144023,463.73,335.01,0.9503,0.724571,0.697931
1786702310.809297,70.333125,2131,29.66,474.87,69.15,1.0000,0.741983,0.144067,463.61,335.21,0.9489,0.724394,0.698348
1786702310.846591,70.370419,2132,29.53,474.87,69.15,1.0000,0.741980,0.144067,463.59,335.29,0.9487,0.724354,0.698530
1786702310.856869,70.380697,2133,29.53,474.85,69.15,1.0000,0.741960,0.144063,463.54,335.31,0.9473,0.724280,0.698569
1786702310.913559,70.437387,2134,29.53,474.60,69.18,1.0000,0.741565,0.144128,463.54,335.36,0.9477,0.724282,0.698665
1786702310.928771,70.452600,2135,29.53,474.60,69.18,1.0000,0.741568,0.144120,463.58,335.41,0.9479,0.724349,0.698767
1786702310.958410,70.482238,2136,29.53,474.50,69.19,1.0000,0.741414,0.144154,463.60,335.45,0.9471,0.724379,0.698858
1786702311.003614,70.527442,2137,29.53,474.48,69.23,1.0000,0.741378,0.144222,463.49,335.31,0.9460,0.724207,0.698572
1786702311.049010,70.572838,2138,29.53,474.63,69.15,1.0000,0.741611,0.144060,463.36,335.31,0.9460,0.724000,0.698560
1786702311.064647,70.588475,2139,29.53,474.63,69.12,1.0000,0.741612,0.143994,463.58,335.40,0.9467,0.724343,0.698748
1786702311.102041,70.625869,2140,29.53,474.63,69.13,1.0000,0.741609,0.144031,463.74,335.22,0.9477,0.724593,0.698378
1786702311.131078,70.654907,2141,29.53,474.61,69.15,1.0000,0.741572,0.144064,463.83,335.19,0.9483,0.724742,0.698305
1786702311.165003,70.688831,2142,29.53,474.44,69.18,1.0000,0.741313,0.144117,464.02,335.17,0.9490,0.725030,0.698275
1786702311.249515,70.773343,2144,29.53,474.44,69.19,1.0000,0.741310,0.144141,463.97,334.94,0.9485,0.724959,0.697787
1786702311.264492,70.788320,2145,29.53,474.37,69.15,1.0000,0.741200,0.144060,463.98,335.03,0.9479,0.724963,0.697989
1786702311.302134,70.825962,2146,29.53,473.90,69.15,1.0000,0.740475,0.144068,464.01,335.04,0.9483,0.725016,0.698006
1786702311.335635,70.859463,2147,29.53,473.70,69.17,1.0000,0.740154,0.144100,463.85,334.98,0.9471,0.724758,0.697873
1786702311.349195,70.873023,2148,29.50,473.70,69.18,1.0000,0.740155,0.144116,463.82,335.09,0.9463,0.724725,0.698107
1786702311.394225,70.918053,2149,29.50,473.65,69.28,1.0000,0.740075,0.144339,463.79,335.25,0.9477,0.724679,0.698444
1786702311.450455,70.974283,2150,29.50,473.52,69.28,1.0000,0.739877,0.144334,463.82,335.37,0.9467,0.724723,0.698678
1786702311.465051,70.988879,2151,29.50,473.46,69.27,1.0000,0.739788,0.144320,463.98,335.21,0.9473,0.724970,0.698361
1786702311.492807,71.016635,2152,29.50,473.45,69.33,1.0000,0.739766,0.144439,463.96,335.15,0.9473,0.724943,0.698226
1786702311.534858,71.058686,2153,29.50,473.45,69.28,1.0000,0.739765,0.144339,463.92,335.20,0.9485,0.724870,0.698330
1786702311.572757,71.096585,2154,29.50,473.45,69.26,1.0000,0.739762,0.144300,463.97,335.31,0.9502,0.724957,0.698566
1786702311.588546,71.112374,2155,29.50,473.44,69.27,1.0000,0.739750,0.144302,463.93,335.25,0.9508,0.724897,0.698442
1786702311.641682,71.165510,2156,29.50,473.44,69.30,1.0000,0.739750,0.144384,463.82,335.28,0.9514,0.724724,0.698508
1786702311.677072,71.200900,2157,29.50,473.33,69.35,1.0000,0.739579,0.144485,463.85,335.28,0.9521,0.724765,0.698505
1786702311.699738,71.223566,2158,29.50,473.33,69.25,1.0000,0.739580,0.144275,463.90,335.28,0.9523,0.724849,0.698503
1786702311.733589,71.257417,2159,29.50,473.71,69.17,1.0000,0.740171,0.144099,463.97,335.34,0.9531,0.724960,0.698627
1786702311.759771,71.283599,2160,29.50,473.71,69.21,1.0000,0.740171,0.144181,463.78,335.50,0.9534,0.724656,0.698952
1786702311.794871,71.318699,2161,29.50,473.93,69.16,1.0000,0.740521,0.144088,464.04,335.58,0.9545,0.725061,0.699120
1786702311.844832,71.368660,2162,29.50,473.98,69.13,1.0000,0.740596,0.144026,464.03,335.56,0.9546,0.725051,0.699083
1786702311.857352,71.381180,2163,29.39,473.98,69.17,1.0000,0.740590,0.144095,463.90,335.11,0.9535,0.724839,0.698151
1786702311.894489,71.418317,2164,29.39,473.98,69.03,1.0000,0.740594,0.143807,463.91,335.10,0.9538,0.724860,0.698120
1786702311.937201,71.461030,2165,29.39,473.96,69.03,1.0000,0.740557,0.143810,463.85,335.12,0.9532,0.724761,0.698171
1786702311.952952,71.476780,2166,29.39,474.00,69.02,1.0000,0.740630,0.143794,463.73,335.13,0.9534,0.724572,0.698196
1786702311.995824,71.519652,2167,29.39,473.92,69.15,1.0000,0.740493,0.144057,463.73,335.19,0.9544,0.724579,0.698305
1786702312.026589,71.550417,2168,29.39,473.91,69.20,1.0000,0.740492,0.144169,463.68,335.25,0.9549,0.724504,0.698438
1786702312.063384,71.587212,2169,29.39,473.95,69.17,1.0000,0.740544,0.144108,463.64,335.29,0.9551,0.724437,0.698519
1786702312.099696,71.623524,2170,29.39,474.10,69.06,1.0000,0.740787,0.143876,463.52,335.36,0.9550,0.724248,0.698659
1786702312.132247,71.656075,2171,29.39,474.11,69.01,1.0000,0.740791,0.143772,463.51,335.39,0.9548,0.724237,0.698723
1786702312.169010,71.692838,2172,29.39,474.26,69.01,1.0000,0.741034,0.143770,463.51,335.39,0.9547,0.724237,0.698728
1786702312.197449,71.721277,2173,29.39,474.40,69.04,1.0000,0.741251,0.143838,463.51,335.47,0.9543,0.724232,0.698897
1786702312.235612,71.759440,2174,29.39,474.45,69.14,1.0000,0.741331,0.144034,463.50,335.05,0.9542,0.724215,0.698025
1786702312.267258,71.791086,2175,29.39,474.46,69.14,1.0000,0.741348,0.144038,463.64,335.06,0.9531,0.724441,0.698043
1786702312.299889,71.823717,2176,29.39,474.47,69.13,1.0000,0.741353,0.144030,463.64,335.13,0.9532,0.724445,0.698188
1786702312.335385,71.859213,2177,29.39,474.47,69.02,1.0000,0.741356,0.143787,463.65,334.98,0.9524,0.724455,0.697879
1786702312.358468,71.882296,2178,29.39,474.46,68.98,1.0000,0.741347,0.143709,463.63,334.81,0.9505,0.724428,0.697523
1786702312.390816,71.914644,2179,29.73,474.58,68.59,1.0000,0.741538,0.142890,463.64,334.77,0.9511,0.724440,0.697434
1786702312.430101,71.953929,2180,29.73,474.58,68.45,1.0000,0.741539,0.142601,463.63,334.88,0.9495,0.724424,0.697672
1786702312.461655,71.985483,2181,29.73,474.59,68.45,1.0000,0.741539,0.142598,463.56,334.88,0.9503,0.724306,0.697672
1786702312.524826,72.048654,2182,29.73,474.76,68.41,1.0000,0.741813,0.142530,463.44,334.94,0.9506,0.724121,0.697800
1786702312.536713,72.060541,2183,29.73,474.76,68.45,1.0000,0.741816,0.142614,463.43,334.62,0.9486,0.724111,0.697135
1786702312.557273,72.081101,2184,29.73,474.77,68.56,1.0000,0.741827,0.142832,463.44,334.75,0.9499,0.724128,0.697387
1786702312.604996,72.128824,2185,29.73,474.73,68.63,1.0000,0.741769,0.142982,463.43,334.75,0.9488,0.724110,0.697405
1786702312.631481,72.155309,2186,29.73,474.73,68.68,1.0000,0.741758,0.143090,463.48,334.74,0.9485,0.724180,0.697373
1786702312.673602,72.197430,2187,29.73,474.78,68.72,1.0000,0.741843,0.143173,463.47,334.82,0.9475,0.724179,0.697534
1786702312.709312,72.233140,2188,29.73,475.12,68.65,1.0000,0.742380,0.143024,463.47,334.91,0.9479,0.724179,0.697726
1786702312.726907,72.250735,2189,29.73,475.17,68.66,1.0000,0.742451,0.143037,463.48,334.93,0.9464,0.724191,0.697767
1786702312.760830,72.284658,2190,29.73,475.30,68.65,1.0000,0.742663,0.143027,463.52,334.97,0.9472,0.724253,0.697858
1786702312.802423,72.326251,2191,29.73,475.41,68.69,1.0000,0.742829,0.143105,463.48,334.99,0.9470,0.724189,0.697904
1786702312.830960,72.354788,2192,29.73,475.66,68.64,1.0000,0.743219,0.143003,463.45,335.01,0.9474,0.724139,0.697936
1786702312.870208,72.394036,2193,29.73,475.64,68.75,1.0000,0.743189,0.143236,463.51,335.04,0.9478,0.724232,0.697997
1786702312.899780,72.423608,2194,29.76,475.64,68.75,1.0000,0.743189,0.143230,463.55,335.21,0.9482,0.724290,0.698347
1786702312.939344,72.463172,2195,29.76,475.64,68.79,1.0000,0.743192,0.143307,463.51,335.22,0.9477,0.724227,0.698384
1786702312.976362,72.500190,2196,29.76,475.85,68.80,1.0000,0.743522,0.143326,463.54,335.07,0.9477,0.724283,0.698063
1786702313.004781,72.528609,2197,29.76,475.89,68.74,1.0000,0.743574,0.143208,463.56,335.04,0.9477,0.724310,0.698009
1786702313.058615,72.582443,2198,29.76,475.74,68.74,1.0000,0.743350,0.143216,463.59,335.08,0.9487,0.724358,0.698090
1786702313.074310,72.598138,2199,29.76,475.75,68.80,1.0000,0.743353,0.143324,463.59,335.18,0.9478,0.724361,0.698298
1786702313.111415,72.635243,2200,29.76,475.75,68.82,1.0000,0.743358,0.143369,463.68,335.12,0.9489,0.724495,0.698171
1786702313.122148,72.645976,2201,29.76,475.75,68.83,1.0000,0.743357,0.143393,463.69,335.09,0.9506,0.724510,0.698104
1786702313.173915,72.697743,2202,29.76,475.73,68.86,1.0000,0.743329,0.143458,463.70,335.12,0.9498,0.724532,0.698158
1786702313.191847,72.715675,2203,29.76,475.77,68.86,1.0000,0.743396,0.143461,463.68,335.05,0.9501,0.724499,0.698029
1786702313.230556,72.754384,2204,29.76,475.83,68.71,1.0000,0.743480,0.143140,463.50,335.22,0.9492,0.724214,0.698384
1786702313.262816,72.786644,2205,29.76,475.82,68.69,1.0000,0.743465,0.143103,463.46,335.16,0.9479,0.724158,0.698243
1786702313.379753,72.903581,2206,29.76,475.81,68.66,1.0000,0.743450,0.143042,463.63,335.41,0.9459,0.724414,0.698774
1786702313.395260,72.919088,2208,28.82,475.99,68.65,1.0000,0.743735,0.143013,463.57,335.34,0.9470,0.724330,0.698619
1786702313.409135,72.932963,2209,28.82,476.14,68.67,1.0000,0.743969,0.143055,463.57,335.33,0.9473,0.724322,0.698606
1786702313.437018,72.960846,2210,28.82,476.16,68.66,1.0000,0.743997,0.143036,463.60,335.29,0.9477,0.724381,0.698525
1786702313.461612,72.985440,2211,28.82,476.16,68.54,1.0000,0.744008,0.142798,463.63,335.14,0.9480,0.724429,0.698218
1786702313.501878,73.025706,2212,28.82,476.22,68.54,1.0000,0.744092,0.142799,463.60,334.97,0.9477,0.724377,0.697864
1786702313.530096,73.053924,2213,28.82,476.14,68.49,1.0000,0.743976,0.142682,463.60,335.03,0.9475,0.724370,0.697988
1786702313.564769,73.088597,2214,28.82,476.36,68.49,1.0000,0.744312,0.142695,463.73,335.07,0.9465,0.724584,0.698059
1786702313.593751,73.117579,2215,28.82,476.33,68.44,1.0000,0.744260,0.142585,463.74,334.98,0.9462,0.724590,0.697878
1786702313.630867,73.154695,2216,28.82,476.29,68.45,1.0000,0.744202,0.142606,463.65,334.96,0.9448,0.724449,0.697823
1786702313.646606,73.170434,2217,28.82,476.31,68.47,1.0000,0.744227,0.142642,463.70,334.97,0.9447,0.724539,0.697846
1786702313.708042,73.231870,2218,28.82,476.47,68.61,1.0000,0.744491,0.142928,463.67,334.97,0.9450,0.724482,0.697861
1786702313.728659,73.252487,2219,28.82,476.40,68.61,1.0000,0.744380,0.142930,463.62,334.98,0.9466,0.724400,0.697866
1786702313.787709,73.311538,2220,28.82,476.42,68.58,1.0000,0.744411,0.142882,463.63,335.05,0.9479,0.724417,0.698029
1786702313.790314,73.314142,2221,28.82,476.41,68.59,1.0000,0.744393,0.142894,463.60,335.06,0.9491,0.724371,0.698032
1786702313.824277,73.348105,2222,28.82,476.31,68.52,1.0000,0.744230,0.142757,463.53,335.06,0.9500,0.724258,0.698044
1786702313.861355,73.385183,2223,28.82,476.30,68.37,1.0000,0.744218,0.142440,463.56,335.10,0.9508,0.724312,0.698129
1786702313.893590,73.417418,2224,28.82,476.30,68.34,1.0000,0.744219,0.142384,463.48,335.03,0.9519,0.724188,0.697975
1786702313.936858,73.460686,2225,29.48,476.03,68.39,1.0000,0.743804,0.142488,463.48,335.08,0.9531,0.724188,0.698077
1786702313.960511,73.484339,2226,29.48,475.77,68.42,1.0000,0.743390,0.142537,463.38,335.11,0.9531,0.724037,0.698143
1786702313.997118,73.520946,2227,29.48,475.68,68.42,1.0000,0.743258,0.142551,463.34,335.02,0.9534,0.723968,0.697967
1786702314.032103,73.555931,2228,29.48,475.71,68.42,1.0000,0.743290,0.142552,463.05,334.65,0.9521,0.723520,0.697196
1786702314.061338,73.585166,2229,29.48,475.51,68.46,1.0000,0.742980,0.142631,463.11,334.66,0.9511,0.723615,0.697203
1786702314.095556,73.619385,2230,29.48,475.51,68.46,1.0000,0.742981,0.142617,463.03,334.70,0.9501,0.723491,0.697300
1786702314.130133,73.653961,2231,29.48,474.96,68.49,1.0000,0.742122,0.142679,463.08,334.69,0.9500,0.723562,0.697269
1786702314.162129,73.685957,2232,29.48,475.06,68.55,1.0000,0.742289,0.142807,463.09,334.92,0.9501,0.723573,0.697750
1786702314.194529,73.718357,2233,29.48,475.19,68.53,1.0000,0.742485,0.142767,463.08,335.11,0.9499,0.723560,0.698153
1786702314.205081,73.728909,2234,29.48,475.20,68.65,1.0000,0.742498,0.143019,463.07,335.15,0.9501,0.723554,0.698225
1786702314.260971,73.784799,2235,29.48,475.20,68.91,1.0000,0.742499,0.143559,463.29,335.03,0.9503,0.723887,0.697970
1786702314.292267,73.816095,2236,29.48,475.17,69.20,1.0000,0.742449,0.144159,463.36,334.98,0.9497,0.724004,0.697882
1786702314.318933,73.842761,2237,29.48,475.17,69.16,1.0000,0.742453,0.144092,463.39,334.99,0.9496,0.724054,0.697904
1786702314.359080,73.882908,2238,29.48,475.21,69.22,1.0000,0.742523,0.144207,463.41,335.04,0.9500,0.724077,0.697996
1786702314.385387,73.909215,2239,29.48,475.22,69.21,1.0000,0.742526,0.144194,463.52,335.04,0.9509,0.724257,0.698009
1786702314.425148,73.948977,2240,29.48,475.49,69.12,1.0000,0.742958,0.144002,463.40,335.17,0.9493,0.724055,0.698273
1786702314.464618,73.988446,2241,29.66,475.72,69.08,1.0000,0.743308,0.143915,463.32,335.19,0.9490,0.723939,0.698317
1786702314.494101,74.017929,2242,29.66,475.77,69.06,1.0000,0.743390,0.143883,463.30,335.23,0.9477,0.723906,0.698401
1786702314.528636,74.052464,2243,29.66,475.80,69.06,1.0000,0.743436,0.143879,463.27,335.24,0.9484,0.723859,0.698422
1786702314.565435,74.089263,2244,29.66,475.78,68.99,1.0000,0.743407,0.143735,463.36,335.18,0.9484,0.724005,0.698292
1786702314.592168,74.115996,2245,29.66,475.86,68.98,1.0000,0.743536,0.143710,463.46,335.18,0.9488,0.724149,0.698283
1786702314.621116,74.144944,2246,29.66,475.90,68.96,1.0000,0.743591,0.143671,463.43,335.17,0.9482,0.724117,0.698264
1786702314.655881,74.179709,2247,29.66,475.91,68.94,1.0000,0.743608,0.143630,463.44,335.02,0.9475,0.724123,0.697956
1786702314.713145,74.236974,2248,29.66,475.92,68.94,1.0000,0.743618,0.143621,463.38,334.75,0.9487,0.724024,0.697399
1786702314.723747,74.247575,2249,29.66,476.21,68.72,1.0000,0.744082,0.143174,463.40,334.77,0.9496,0.724064,0.697432
1786702314.764294,74.288122,2250,29.66,476.21,68.61,1.0000,0.744084,0.142944,463.44,334.86,0.9488,0.724117,0.697623
1786702314.793067,74.316895,2251,29.66,476.07,68.54,1.0000,0.743862,0.142800,463.45,334.94,0.9479,0.724135,0.697782
1786702314.834794,74.358622,2252,29.66,476.06,68.73,1.0000,0.743849,0.143187,463.46,334.94,0.9462,0.724159,0.697789
1786702314.866403,74.390231,2253,29.66,475.91,68.76,1.0000,0.743604,0.143241,463.44,334.90,0.9463,0.724125,0.697718
1786702314.897755,74.421583,2254,29.66,476.01,68.75,1.0000,0.743759,0.143236,463.43,334.90,0.9473,0.724116,0.697717
1786702314.930046,74.453874,2255,29.66,475.92,68.75,1.0000,0.743633,0.143220,463.38,335.03,0.9470,0.724036,0.697973
1786702314.978817,74.502645,2256,29.62,475.92,68.53,1.0000,0.743617,0.142767,463.37,335.05,0.9469,0.724023,0.698017
1786702314.998900,74.522728,2257,29.62,475.91,68.65,1.0000,0.743615,0.143023,463.36,335.02,0.9472,0.724005,0.697953
1786702315.033238,74.557066,2258,29.62,475.97,68.63,1.0000,0.743709,0.142973,463.45,334.98,0.9486,0.724148,0.697881
1786702315.067455,74.591283,2259,29.62,475.97,68.59,1.0000,0.743709,0.142899,463.37,334.96,0.9477,0.724011,0.697833
1786702315.099159,74.622987,2260,29.62,475.91,68.49,1.0000,0.743612,0.142686,463.46,334.82,0.9488,0.724160,0.697544
1786702315.122438,74.646266,2261,29.62,475.87,68.56,1.0000,0.743550,0.142823,463.40,334.76,0.9477,0.724059,0.697426
1786702315.164534,74.688362,2262,29.62,475.61,68.55,1.0000,0.743144,0.142804,463.60,335.07,0.9475,0.724379,0.698061
1786702315.207705,74.731533,2263,29.62,475.44,68.54,1.0000,0.742875,0.142801,463.61,335.33,0.9482,0.724397,0.698599
1786702315.234411,74.758240,2264,29.62,475.44,68.87,1.0000,0.742879,0.143473,463.69,335.19,0.9455,0.724512,0.698307
1786702315.267987,74.791815,2265,29.62,475.61,68.86,1.0000,0.743134,0.143466,463.53,335.07,0.9436,0.724271,0.698070
1786702315.294322,74.818150,2266,29.62,475.54,68.85,1.0000,0.743026,0.143429,463.42,334.87,0.9443,0.724093,0.697647
1786702315.329643,74.853471,2267,29.62,475.54,68.88,1.0000,0.743026,0.143492,463.45,334.75,0.9451,0.724140,0.697406
1786702315.373384,74.897212,2268,29.62,475.44,68.83,1.0000,0.742874,0.143388,463.71,334.76,0.9446,0.724553,0.697416
1786702315.394731,74.918559,2269,29.62,475.44,68.81,1.0000,0.742873,0.143359,463.73,334.48,0.9460,0.724585,0.696829
1786702315.429516,74.953344,2270,29.62,475.42,68.69,1.0000,0.742840,0.143100,463.65,334.38,0.9460,0.724447,0.696615
1786702315.461334,74.985162,2271,29.62,475.36,68.73,1.0000,0.742750,0.143188,463.86,334.63,0.9475,0.724779,0.697143
1786702315.500942,75.024770,2272,29.86,475.36,68.74,1.0000,0.742748,0.143201,463.69,334.72,0.9470,0.724512,0.697327
1786702315.543134,75.066962,2273,29.86,475.37,68.81,1.0000,0.742760,0.143356,463.78,334.93,0.9465,0.724663,0.697765
1786702315.556862,75.080690,2274,29.86,475.46,68.90,1.0000,0.742899,0.143542,463.75,335.03,0.9461,0.724617,0.697978
1786702315.612062,75.135890,2275,29.86,475.43,68.90,1.0000,0.742863,0.143533,463.69,334.88,0.9458,0.724511,0.697657
1786702315.636032,75.159860,2276,29.86,475.75,68.87,1.0000,0.743358,0.143475,463.76,334.89,0.9443,0.724627,0.697686
1786702315.660203,75.184031,2277,29.86,475.91,68.77,1.0000,0.743615,0.143269,463.73,334.87,0.9447,0.724574,0.697640
1786702315.694766,75.218594,2278,29.86,476.04,68.77,1.0000,0.743816,0.143275,463.82,335.02,0.9455,0.724726,0.697960
1786702315.708011,75.231839,2279,29.86,476.04,68.61,1.0000,0.743815,0.142947,463.77,335.17,0.9455,0.724641,0.698263
1786702315.774099,75.297927,2280,29.86,476.04,68.62,1.0000,0.743812,0.142949,463.86,335.13,0.9468,0.724783,0.698196
1786702315.793989,75.317817,2281,29.86,476.04,68.70,1.0000,0.743811,0.143117,463.60,335.09,0.9473,0.724372,0.698096
1786702315.835336,75.359164,2282,29.86,476.07,68.55,1.0000,0.743857,0.142812,463.40,335.14,0.9460,0.724062,0.698215
1786702315.866687,75.390515,2283,29.86,476.05,68.49,1.0000,0.743836,0.142695,463.48,334.96,0.9461,0.724190,0.697833
1786702315.891472,75.415300,2284,29.86,476.02,68.54,1.0000,0.743784,0.142799,463.48,334.84,0.9460,0.724189,0.697587
1786702315.927779,75.451607,2285,29.86,476.05,68.57,1.0000,0.743825,0.142863,463.61,334.82,0.9452,0.724390,0.697543
1786702315.971359,75.495187,2286,29.86,476.12,68.43,1.0000,0.743942,0.142565,463.69,334.80,0.9456,0.724509,0.697506
1786702315.996593,75.520421,2287,29.83,476.09,68.34,1.0000,0.743898,0.142373,463.70,334.62,0.9457,0.724525,0.697132
1786702316.016259,75.540087,2288,29.83,476.10,68.32,1.0000,0.743908,0.142333,463.79,334.89,0.9463,0.724666,0.697690
1786702316.062566,75.586394,2289,29.83,476.18,68.32,1.0000,0.744037,0.142332,463.80,334.99,0.9476,0.724695,0.697891
1786702316.096817,75.620645,2290,29.83,475.62,68.32,1.0000,0.743156,0.142331,463.81,335.05,0.9476,0.724707,0.698011
1786702316.125584,75.649412,2291,29.83,475.55,68.33,1.0000,0.743049,0.142358,463.86,335.11,0.9484,0.724784,0.698147
1786702316.162809,75.686637,2292,29.83,475.43,68.30,1.0000,0.742865,0.142283,463.91,335.18,0.9495,0.724856,0.698282
1786702316.192226,75.716054,2293,29.83,475.08,68.29,1.0000,0.742314,0.142279,463.86,335.04,0.9489,0.724775,0.697998
1786702316.217088,75.740916,2294,29.83,474.91,68.29,1.0000,0.742051,0.142264,463.83,335.17,0.9461,0.724735,0.698277
1786702316.259292,75.783120,2295,29.83,474.80,68.27,1.0000,0.741878,0.142221,463.62,335.44,0.9439,0.724410,0.698835
1786702316.293328,75.817156,2296,29.83,474.79,68.10,1.0000,0.741853,0.141871,463.55,335.44,0.9449,0.724303,0.698830
1786702316.355903,75.879731,2297,29.83,474.34,68.10,1.0000,0.741149,0.141878,463.54,335.53,0.9454,0.724288,0.699016
1786702316.370610,75.894438,2298,29.83,474.37,68.13,1.0000,0.741208,0.141941,463.29,335.45,0.9452,0.723892,0.698851
1786702316.394718,75.918546,2299,29.83,474.33,68.06,1.0000,0.741141,0.141784,463.18,335.50,0.9458,0.723716,0.698966
1786702316.423703,75.947531,2300,29.83,473.92,67.98,1.0000,0.740502,0.141624,463.33,335.52,0.9458,0.723951,0.699006
1786702316.463760,75.987588,2301,29.83,473.48,68.24,1.0000,0.739806,0.142177,463.36,335.48,0.9464,0.723996,0.698917
1786702316.490367,76.014195,2302,29.83,473.60,68.02,1.0000,0.740007,0.141698,463.40,335.48,0.9462,0.724055,0.698919
1786702316.527125,76.050953,2303,29.87,473.54,68.08,1.0000,0.739902,0.141825,463.29,335.46,0.9458,0.723885,0.698878
1786702316.556253,76.080081,2304,29.87,473.22,68.43,1.0000,0.739412,0.142562,463.25,335.46,0.9446,0.723825,0.698868
1786702316.590372,76.114200,2305,29.87,473.05,68.44,1.0000,0.739142,0.142590,463.29,335.38,0.9446,0.723888,0.698713
1786702316.630313,76.154141,2306,29.87,472.70,68.73,1.0000,0.738589,0.143192,463.22,335.31,0.9444,0.723789,0.698563
1786702316.654280,76.178108,2307,29.87,472.03,68.87,1.0000,0.737545,0.143470,463.28,335.31,0.9450,0.723874,0.698570
1786702316.696317,76.220145,2308,29.87,471.65,68.91,1.0000,0.736955,0.143565,463.57,335.70,0.9463,0.724321,0.699367
1786702316.728166,76.251994,2309,29.87,471.04,69.12,1.0000,0.736001,0.143992,463.73,335.62,0.9460,0.724580,0.699201
1786702316.760443,76.284271,2310,29.87,470.95,69.30,1.0000,0.735867,0.144368,463.74,335.62,0.9465,0.724587,0.699212
1786702316.802972,76.326800,2311,29.87,470.34,69.43,1.0000,0.734906,0.144654,463.94,335.67,0.9468,0.724908,0.699317
1786702316.831370,76.355198,2312,29.87,470.38,69.45,1.0000,0.734961,0.144694,463.85,335.65,0.9461,0.724769,0.699264
1786702316.863417,76.387245,2313,29.87,470.47,69.52,1.0000,0.735106,0.144826,463.83,335.64,0.9461,0.724736,0.699248
1786702316.898403,76.422231,2314,29.87,470.01,69.51,1.0000,0.734387,0.144803,463.86,335.53,0.9457,0.724781,0.699027
1786702316.929593,76.453421,2315,29.87,470.07,69.39,1.0000,0.734485,0.144557,463.79,335.65,0.9463,0.724675,0.699275
1786702316.961097,76.484925,2316,29.87,470.09,69.22,1.0000,0.734512,0.144199,463.66,335.63,0.9467,0.724476,0.699228
1786702317.003864,76.527692,2317,29.87,470.45,69.05,1.0000,0.735072,0.143858,463.66,335.84,0.9464,0.724474,0.699667
1786702317.035123,76.558951,2318,29.83,470.46,68.92,1.0000,0.735086,0.143590,463.55,335.76,0.9460,0.724301,0.699505
1786702317.064205,76.588033,2319,29.83,470.47,69.02,1.0000,0.735102,0.143789,463.36,335.61,0.9464,0.723998,0.699178
1786702317.080004,76.603832,2320,29.83,470.36,68.89,1.0000,0.734938,0.143516,463.37,335.70,0.9468,0.724008,0.699381
1786702317.135923,76.659751,2321,29.83,470.26,68.82,1.0000,0.734780,0.143380,463.31,335.73,0.9468,0.723928,0.699431
1786702317.177687,76.701515,2322,29.83,470.26,69.18,1.0000,0.734784,0.144129,463.26,335.81,0.9471,0.723850,0.699598
1786702317.190395,76.714223,2323,29.83,470.06,68.97,1.0000,0.734468,0.143680,463.41,336.01,0.9473,0.724073,0.700020
1786702317.235261,76.759089,2324,29.83,470.11,68.94,1.0000,0.734552,0.143621,463.17,336.00,0.9477,0.723702,0.700001
1786702317.274966,76.798794,2325,29.83,470.12,68.76,1.0000,0.734564,0.143256,463.15,336.00,0.9466,0.723677,0.700002
1786702317.309924,76.833752,2326,29.83,469.60,68.88,1.0000,0.733746,0.143501,463.09,336.00,0.9456,0.723578,0.700010
1786702317.339016,76.862844,2327,29.83,469.60,68.89,1.0000,0.733755,0.143517,463.15,335.86,0.9460,0.723679,0.699710
1786702317.360606,76.884434,2328,29.83,469.66,68.91,1.0000,0.733850,0.143568,463.17,335.74,0.9460,0.723700,0.699458
1786702317.391636,76.915464,2329,29.83,469.82,68.82,1.0000,0.734098,0.143373,463.59,335.74,0.9478,0.724363,0.699462
1786702317.429822,76.953650,2330,29.83,469.83,68.79,1.0000,0.734115,0.143314,463.60,335.48,0.9486,0.724375,0.698914
1786702317.452712,76.976540,2331,29.83,469.88,68.81,1.0000,0.734185,0.143351,463.86,335.49,0.9483,0.724784,0.698932
1786702317.493118,77.016946,2332,29.83,469.62,68.68,1.0000,0.733775,0.143081,464.22,335.45,0.9497,0.725341,0.698853
1786702317.532971,77.056799,2333,29.83,469.92,68.49,1.0000,0.734249,0.142691,464.26,335.59,0.9498,0.725402,0.699149
1786702317.561985,77.085813,2334,29.92,469.92,68.46,1.0000,0.734254,0.142633,464.15,335.63,0.9512,0.725239,0.699235
1786702317.604862,77.128690,2335,29.92,469.91,68.55,1.0000,0.734231,0.142813,463.92,335.74,0.9489,0.724877,0.699455
1786702317.620832,77.144660,2336,29.92,470.07,68.56,1.0000,0.734483,0.142836,463.88,335.74,0.9491,0.724809,0.699465
1786702317.662800,77.186628,2337,29.92,470.56,68.48,1.0000,0.735248,0.142674,463.88,335.52,0.9498,0.724815,0.698999
1786702317.702457,77.226285,2338,29.92,470.49,68.35,1.0000,0.735136,0.142387,463.93,335.52,0.9494,0.724898,0.699009
1786702317.736770,77.260598,2339,29.92,470.89,68.34,1.0000,0.735770,0.142384,463.88,335.51,0.9506,0.724813,0.698985
1786702317.762210,77.286038,2340,29.92,470.89,68.37,1.0000,0.735766,0.142441,463.73,335.42,0.9499,0.724576,0.698793
1786702317.802407,77.326235,2341,29.92,471.56,68.15,1.0000,0.736815,0.141969,463.67,335.42,0.9495,0.724487,0.698792
1786702317.826202,77.350030,2342,29.92,471.55,68.14,1.0000,0.736801,0.141954,463.62,335.36,0.9498,0.724413,0.698657
1786702317.864907,77.388735,2343,29.92,471.55,68.05,1.0000,0.736797,0.141777,463.51,335.18,0.9497,0.724240,0.698289
1786702317.894104,77.417932,2344,29.92,471.73,68.01,1.0000,0.737075,0.141688,463.51,335.36,0.9500,0.724234,0.698659
1786702317.934005,77.457834,2345,29.92,471.74,67.99,1.0000,0.737099,0.141655,463.50,335.19,0.9494,0.724215,0.698303
1786702317.966079,77.489907,2346,29.92,471.77,68.00,1.0000,0.737140,0.141675,463.27,334.99,0.9470,0.723856,0.697891
1786702317.994871,77.518699,2347,29.92,471.78,68.01,1.0000,0.737158,0.141685,463.29,335.11,0.9472,0.723885,0.698141
1786702318.027252,77.551080,2348,29.92,471.91,68.01,1.0000,0.737361,0.141697,463.28,335.09,0.9461,0.723878,0.698110
1786702318.061004,77.584832,2349,29.92,471.97,68.01,1.0000,0.737448,0.141677,463.29,334.99,0.9464,0.723887,0.697898
1786702318.098666,77.622494,2350,29.92,472.01,68.00,1.0000,0.737521,0.141673,463.41,334.91,0.9458,0.724075,0.697721
1786702318.130666,77.654494,2351,29.92,471.53,68.06,1.0000,0.736763,0.141799,463.42,335.21,0.9452,0.724092,0.698351
1786702318.167146,77.690974,2352,29.92,471.21,68.27,1.0000,0.736265,0.142233,463.43,335.20,0.9441,0.724103,0.698326
1786702318.193864,77.717692,2353,29.92,471.21,68.43,1.0000,0.736265,0.142570,463.32,335.18,0.9445,0.723931,0.698294
1786702318.225433,77.749261,2354,29.92,471.20,68.43,1.0000,0.736246,0.142553,463.39,335.25,0.9426,0.724041,0.698428
1786702318.257674,77.781502,2355,29.92,471.14,68.43,1.0000,0.736156,0.142571,463.38,335.10,0.9424,0.724038,0.698133
1786702318.294459,77.818287,2356,29.92,471.45,68.34,1.0000,0.736637,0.142381,463.36,335.10,0.9396,0.724007,0.698134
1786702318.329217,77.853045,2357,29.92,471.44,68.34,1.0000,0.736625,0.142375,463.32,335.23,0.9391,0.723930,0.698386
1786702318.369575,77.893403,2358,29.92,471.57,68.19,1.0000,0.736827,0.142066,463.32,335.28,0.9391,0.723930,0.698508
1786702318.393634,77.917462,2359,29.92,471.36,68.35,1.0000,0.736504,0.142389,463.28,335.39,0.9394,0.723880,0.698725
1786702318.427533,77.951361,2360,29.92,471.35,68.35,1.0000,0.736477,0.142390,463.27,335.39,0.9395,0.723866,0.698734
1786702318.451664,77.975492,2361,29.92,471.16,68.36,1.0000,0.736192,0.142427,463.32,335.25,0.9412,0.723936,0.698435
1786702318.512958,78.036786,2362,29.92,470.88,68.39,1.0000,0.735753,0.142485,463.32,335.29,0.9418,0.723937,0.698531
1786702318.528797,78.052625,2363,29.92,470.88,68.36,1.0000,0.735751,0.142417,463.32,335.33,0.9431,0.723932,0.698609
1786702318.555793,78.079621,2364,29.92,470.89,68.35,1.0000,0.735761,0.142400,463.32,335.44,0.9443,0.723934,0.698825
1786702318.590501,78.114329,2365,29.92,470.84,68.50,1.0000,0.735685,0.142714,463.33,335.39,0.9444,0.723956,0.698723
1786702318.627337,78.151165,2366,30.02,470.72,68.50,1.0000,0.735499,0.142713,463.41,335.37,0.9450,0.724086,0.698691
1786702318.665111,78.188939,2367,30.02,470.71,68.50,1.0000,0.735484,0.142700,463.41,335.41,0.9452,0.724075,0.698768
1786702318.699050,78.222878,2368,30.02,470.70,68.48,1.0000,0.735468,0.142668,463.43,335.42,0.9447,0.724104,0.698789
1786702318.715146,78.238974,2369,30.02,470.67,68.49,1.0000,0.735419,0.142679,463.43,335.44,0.9443,0.724106,0.698827
1786702318.760375,78.284203,2370,30.02,470.69,68.52,1.0000,0.735446,0.142757,463.37,335.37,0.9432,0.724022,0.698696
1786702318.807900,78.331728,2371,30.02,470.69,68.66,1.0000,0.735450,0.143039,463.38,335.40,0.9434,0.724027,0.698744
1786702318.831715,78.355543,2372,30.02,470.71,68.67,1.0000,0.735483,0.143055,463.31,335.47,0.9423,0.723923,0.698903
1786702318.871727,78.395555,2373,30.02,470.71,68.64,1.0000,0.735480,0.143009,463.31,335.67,0.9446,0.723920,0.699304
1786702318.906942,78.430770,2374,30.02,470.41,68.61,1.0000,0.735012,0.142938,463.36,335.59,0.9446,0.723999,0.699140
1786702318.922042,78.445870,2375,30.02,470.31,68.61,1.0000,0.734861,0.142939,463.29,335.66,0.9428,0.723888,0.699284
1786702318.964148,78.487976,2376,30.02,470.31,68.63,1.0000,0.734862,0.142969,463.23,335.56,0.9437,0.723800,0.699080
1786702318.994212,78.518040,2377,30.02,470.48,68.63,1.0000,0.735126,0.142970,463.51,335.49,0.9450,0.724228,0.698935
1786702319.030686,78.554514,2378,30.02,470.73,68.59,1.0000,0.735513,0.142891,463.48,335.21,0.9455,0.724190,0.698346
1786702319.060427,78.584255,2379,30.02,470.78,68.59,1.0000,0.735588,0.142898,463.48,335.20,0.9445,0.724195,0.698324
1786702319.113180,78.637008,2380,30.02,470.31,68.60,1.0000,0.734853,0.142927,463.47,335.16,0.9440,0.724174,0.698241
1786702319.129197,78.653025,2381,29.80,470.35,68.66,1.0000,0.734919,0.143048,463.47,335.19,0.9438,0.724170,0.698319
1786702319.160805,78.684633,2382,29.80,470.35,68.66,1.0000,0.734917,0.143048,463.54,335.25,0.9432,0.724279,0.698436
1786702319.187525,78.711353,2383,29.80,470.43,68.62,1.0000,0.735041,0.142967,463.53,335.46,0.9429,0.724259,0.698872
1786702319.236404,78.760232,2384,29.80,470.45,68.69,1.0000,0.735085,0.143102,463.54,335.52,0.9435,0.724285,0.698993
1786702319.263670,78.787498,2385,29.80,470.47,68.73,1.0000,0.735110,0.143186,463.54,335.52,0.9451,0.724281,0.699003
1786702319.303840,78.827668,2386,29.80,470.58,68.70,1.0000,0.735283,0.143131,463.61,335.53,0.9456,0.724391,0.699014
1786702319.335860,78.859689,2387,29.80,470.42,68.78,1.0000,0.735032,0.143294,463.75,335.57,0.9469,0.724615,0.699094
1786702319.356976,78.880804,2388,29.80,471.25,68.78,1.0000,0.736327,0.143286,463.54,335.57,0.9482,0.724275,0.699097
1786702319.397433,78.921261,2389,29.80,471.24,68.74,1.0000,0.736309,0.143199,463.69,335.50,0.9473,0.724519,0.698968
1786702319.440482,78.964310,2390,29.80,470.97,68.92,1.0000,0.735893,0.143593,463.76,335.40,0.9469,0.724622,0.698748
1786702319.464015,78.987843,2391,29.80,470.67,68.92,1.0000,0.735428,0.143588,463.86,335.30,0.9464,0.724780,0.698535
1786702319.495911,79.019739,2392,29.80,470.76,68.92,1.0000,0.735566,0.143581,463.76,335.21,0.9473,0.724623,0.698362
1786702319.527121,79.050949,2393,29.80,470.77,68.91,1.0000,0.735577,0.143556,463.92,335.47,0.9485,0.724879,0.698888
1786702319.570324,79.094152,2394,29.80,470.77,68.81,1.0000,0.735576,0.143353,463.86,335.62,0.9476,0.724788,0.699207
1786702319.590730,79.114558,2395,29.80,470.63,68.81,1.0000,0.735364,0.143347,463.93,335.80,0.9480,0.724896,0.699590
1786702319.633447,79.157275,2396,29.80,470.70,68.74,1.0000,0.735462,0.143211,463.80,335.84,0.9472,0.724695,0.699671
1786702319.661953,79.185781,2397,30.07,470.70,68.67,1.0000,0.735474,0.143064,463.60,336.10,0.9476,0.724376,0.700219
1786702319.694706,79.218534,2398,30.07,470.50,68.67,1.0000,0.735162,0.143064,463.73,336.12,0.9490,0.724571,0.700255
1786702319.729846,79.253674,2399,30.07,470.51,68.70,1.0000,0.735170,0.143127,463.48,335.81,0.9487,0.724187,0.699598
1786702319.766000,79.289828,2400,30.07,470.20,68.73,1.0000,0.734680,0.143196,463.47,335.92,0.9484,0.724170,0.699837
1786702319.781990,79.305818,2401,30.07,470.32,68.67,1.0000,0.734871,0.143058,463.40,335.85,0.9474,0.724061,0.699678
1786702319.822194,79.346022,2402,30.07,470.32,68.67,1.0000,0.734872,0.143069,463.24,335.92,0.9457,0.723813,0.699833
1786702319.856227,79.380055,2403,30.07,470.32,68.67,1.0000,0.734874,0.143071,463.05,335.87,0.9449,0.723518,0.699735
1786702319.890049,79.413877,2404,30.07,470.32,68.67,1.0000,0.734876,0.143072,462.91,335.77,0.9428,0.723302,0.699526
1786702319.925866,79.449694,2405,30.07,470.46,68.60,1.0000,0.735093,0.142907,462.92,335.88,0.9416,0.723316,0.699744
1786702319.963277,79.487105,2406,30.07,470.33,68.68,1.0000,0.734898,0.143081,462.95,335.88,0.9397,0.723359,0.699750
1786702320.013203,79.537031,2407,30.07,470.31,68.71,1.0000,0.734865,0.143152,463.08,335.60,0.9406,0.723565,0.699171
1786702320.021227,79.545055,2408,30.07,469.77,68.79,1.0000,0.734011,0.143314,463.36,335.55,0.9407,0.723995,0.699053
1786702320.072806,79.596634,2409,30.07,469.77,68.81,1.0000,0.734023,0.143354,463.32,335.64,0.9396,0.723936,0.699248
1786702320.105959,79.629787,2410,30.07,469.83,68.82,1.0000,0.734108,0.143370,463.37,335.64,0.9393,0.724011,0.699259
1786702320.134904,79.658732,2411,30.07,469.81,68.98,1.0000,0.734084,0.143698,463.32,335.65,0.9378,0.723936,0.699272
1786702320.192732,79.716560,2412,29.67,469.80,69.00,1.0000,0.734056,0.143746,463.25,335.62,0.9378,0.723821,0.699210
1786702320.195305,79.719133,2413,29.67,469.79,69.00,1.0000,0.734054,0.143749,463.25,335.81,0.9385,0.723825,0.699613
1786702320.226914,79.750742,2414,29.67,469.75,68.99,1.0000,0.733978,0.143724,463.24,335.82,0.9373,0.723811,0.699630
1786702320.261417,79.785245,2415,29.67,469.71,68.99,1.0000,0.733925,0.143725,463.24,335.79,0.9377,0.723811,0.699567
1786702320.292943,79.816771,2416,29.67,469.51,68.99,1.0000,0.733615,0.143735,463.31,335.54,0.9373,0.723915,0.699037
1786702320.325657,79.849485,2417,29.67,469.37,69.02,1.0000,0.733385,0.143791,463.32,335.45,0.9384,0.723938,0.698845
1786702320.359363,79.883191,2418,29.67,469.61,69.02,1.0000,0.733773,0.143800,463.33,335.36,0.9384,0.723947,0.698669
1786702320.393923,79.917751,2419,29.67,469.62,69.03,1.0000,0.733778,0.143821,463.35,335.28,0.9398,0.723983,0.698496
1786702320.424923,79.948751,2420,29.67,469.63,69.03,1.0000,0.733801,0.143813,463.57,335.31,0.9397,0.724332,0.698554
1786702320.459397,79.983225,2421,29.67,470.01,69.02,1.0000,0.734396,0.143800,463.57,335.26,0.9390,0.724326,0.698465
1786702320.491622,80.015450,2422,29.67,470.12,69.03,1.0000,0.734560,0.143807,463.59,335.29,0.9396,0.724363,0.698522
1786702320.530030,80.053858,2423,29.67,470.08,69.02,1.0000,0.734496,0.143796,463.62,335.28,0.9393,0.724406,0.698507
1786702320.561857,80.085685,2424,29.67,470.04,68.94,1.0000,0.734436,0.143631,463.67,335.31,0.9398,0.724492,0.698554
1786702320.596607,80.120435,2425,29.67,470.09,68.94,1.0000,0.734520,0.143631,463.69,335.31,0.9422,0.724522,0.698557
1786702320.628090,80.151918,2426,29.67,470.21,68.95,1.0000,0.734706,0.143636,463.64,335.23,0.9437,0.724445,0.698394
1786702320.662911,80.186739,2427,29.67,470.22,68.94,1.0000,0.734714,0.143623,463.60,335.14,0.9435,0.724371,0.698208
1786702320.697294,80.221122,2428,30.10,470.26,68.84,1.0000,0.734780,0.143419,463.61,335.30,0.9439,0.724386,0.698533
1786702320.759368,80.283196,2429,30.10,470.42,68.79,1.0000,0.735035,0.143321,463.45,335.15,0.9439,0.724134,0.698221
1786702320.775770,80.299598,2430,30.10,470.52,68.78,1.0000,0.735183,0.143289,463.43,335.12,0.9443,0.724116,0.698172
1786702320.798523,80.322351,2431,30.10,470.61,68.75,1.0000,0.735328,0.143235,463.41,335.18,0.9437,0.724075,0.698292
1786702320.811779,80.335607,2432,30.10,471.01,68.63,1.0000,0.735955,0.142983,463.42,335.14,0.9430,0.724098,0.698199
1786702320.873372,80.397200,2433,30.10,471.36,68.63,1.0000,0.736496,0.142970,463.41,335.20,0.9445,0.724071,0.698342
1786702320.916058,80.439886,2434,30.10,471.39,68.64,1.0000,0.736549,0.143005,463.41,335.11,0.9452,0.724084,0.698143
1786702320.925647,80.449475,2435,30.10,471.44,68.62,1.0000,0.736617,0.142955,463.45,334.99,0.9459,0.724137,0.697893
1786702320.966432,80.490260,2436,30.10,471.50,68.62,1.0000,0.736724,0.142963,463.52,334.97,0.9476,0.724246,0.697848
1786702321.004045,80.527873,2437,30.10,471.50,68.62,1.0000,0.736726,0.142964,463.47,335.20,0.9482,0.724172,0.698341
1786702321.032444,80.556272,2438,30.10,471.53,68.71,1.0000,0.736767,0.143144,463.40,334.74,0.9469,0.724067,0.697379
1786702321.063110,80.586938,2439,30.10,471.65,68.67,1.0000,0.736949,0.143067,463.43,335.02,0.9454,0.724109,0.697953
1786702321.107249,80.631078,2440,30.10,471.73,68.64,1.0000,0.737085,0.143008,463.54,335.19,0.9466,0.724276,0.698306
1786702321.140195,80.664023,2441,30.10,471.73,68.67,1.0000,0.737084,0.143066,463.49,335.19,0.9468,0.724198,0.698306
1786702321.168393,80.692221,2442,30.10,471.75,68.60,1.0000,0.737116,0.142917,463.48,335.08,0.9479,0.724181,0.698082
1786702321.194310,80.718138,2443,30.08,471.73,68.60,1.0000,0.737078,0.142912,463.47,335.09,0.9484,0.724169,0.698114
1786702321.231652,80.755480,2444,30.08,471.73,68.59,1.0000,0.737072,0.142891,463.35,335.07,0.9472,0.723990,0.698058
1786702321.265548,80.789376,2445,30.08,471.68,68.60,1.0000,0.737006,0.142908,463.35,335.44,0.9479,0.723983,0.698824
1786702321.291711,80.815539,2446,30.08,471.67,68.60,1.0000,0.736992,0.142920,463.32,335.33,0.9487,0.723940,0.698603
1786702321.328351,80.852179,2447,30.08,471.62,68.64,1.0000,0.736910,0.142991,463.50,335.31,0.9493,0.724223,0.698566
1786702321.365868,80.889696,2448,30.08,471.76,68.64,1.0000,0.737118,0.142994,463.45,335.30,0.9506,0.724141,0.698536
1786702321.404943,80.928771,2449,30.08,471.77,68.61,1.0000,0.737135,0.142935,463.42,335.21,0.9510,0.724100,0.698356
1786702321.432022,80.955850,2450,30.08,471.72,68.64,1.0000,0.737055,0.142990,463.42,335.17,0.9496,0.724092,0.698266
1786702321.473643,80.997471,2451,30.08,471.75,68.58,1.0000,0.737104,0.142885,463.38,335.33,0.9494,0.724033,0.698597
1786702321.490526,81.014354,2452,30.08,471.73,68.58,1.0000,0.737084,0.142881,463.42,335.79,0.9492,0.724096,0.699552
1786702321.536403,81.060231,2453,30.08,471.76,68.62,1.0000,0.737118,0.142948,463.46,335.79,0.9499,0.724156,0.699555
1786702321.573640,81.097468,2454,30.08,471.59,68.49,1.0000,0.736865,0.142697,463.49,335.79,0.9498,0.724202,0.699555
1786702321.596707,81.120535,2455,30.08,471.58,68.49,1.0000,0.736839,0.142688,463.48,335.79,0.9488,0.724194,0.699554
1786702321.630841,81.154669,2456,30.08,471.51,68.72,1.0000,0.736730,0.143172,463.33,335.72,0.9483,0.723946,0.699412
1786702321.665510,81.189338,2457,30.08,471.14,68.73,1.0000,0.736154,0.143186,463.44,335.43,0.9486,0.724120,0.698805
1786702321.700881,81.224710,2458,29.98,471.43,68.73,1.0000,0.736604,0.143193,463.54,335.36,0.9494,0.724276,0.698659
1786702321.736962,81.260790,2459,29.98,471.64,68.68,1.0000,0.736936,0.143089,463.39,335.40,0.9489,0.724040,0.698752
1786702321.760423,81.284251,2460,29.98,471.69,68.71,1.0000,0.737012,0.143137,463.36,335.56,0.9488,0.724000,0.699088
1786702321.802771,81.326599,2461,29.98,471.67,68.72,1.0000,0.736983,0.143160,463.38,335.71,0.9474,0.724038,0.699392
1786702321.836915,81.360743,2462,29.98,471.46,68.72,1.0000,0.736656,0.143160,463.41,335.47,0.9478,0.724083,0.698894
1786702321.860444,81.384272,2463,29.98,471.47,68.69,1.0000,0.736667,0.143105,463.13,335.46,0.9468,0.723637,0.698873
1786702321.900351,81.424179,2464,29.98,471.49,68.69,1.0000,0.736695,0.143103,462.90,335.07,0.9469,0.723283,0.698054
1786702321.935136,81.458964,2465,29.98,471.47,68.69,1.0000,0.736675,0.143103,462.89,335.09,0.9475,0.723267,0.698107
1786702321.981975,81.505803,2466,29.98,471.40,68.69,1.0000,0.736568,0.143108,463.10,335.08,0.9473,0.723587,0.698079
1786702322.014235,81.538064,2467,29.98,471.42,68.70,1.0000,0.736601,0.143131,463.05,335.37,0.9467,0.723516,0.698691
1786702322.029903,81.553731,2468,29.98,471.49,68.73,1.0000,0.736696,0.143184,463.05,335.49,0.9451,0.723515,0.698935
1786702322.078473,81.602301,2469,29.98,471.46,68.73,1.0000,0.736652,0.143186,463.16,335.19,0.9471,0.723685,0.698315
1786702322.094274,81.618102,2470,29.98,471.49,68.73,1.0000,0.736709,0.143194,463.16,335.21,0.9470,0.723686,0.698364
1786702322.128918,81.652746,2471,29.98,471.58,68.75,1.0000,0.736840,0.143237,463.16,335.24,0.9483,0.723684,0.698425
1786702322.174760,81.698588,2472,29.98,471.55,68.74,1.0000,0.736789,0.143216,462.89,335.25,0.9486,0.723261,0.698438
1786702322.189881,81.713709,2473,29.96,471.22,68.73,1.0000,0.736287,0.143182,462.89,335.51,0.9479,0.723269,0.698981
1786702322.237691,81.761519,2474,29.96,471.22,68.62,1.0000,0.736287,0.142968,462.94,335.52,0.9471,0.723348,0.698992
1786702322.261624,81.785452,2475,29.96,471.43,68.59,1.0000,0.736617,0.142898,462.91,335.52,0.9471,0.723303,0.699002
1786702322.301201,81.825029,2476,29.96,471.30,68.70,1.0000,0.736414,0.143118,462.90,335.54,0.9460,0.723288,0.699043
1786702322.317183,81.841012,2477,29.96,471.30,68.69,1.0000,0.736409,0.143107,463.03,335.53,0.9474,0.723486,0.699025
1786702322.358783,81.882611,2478,29.96,471.30,68.68,1.0000,0.736413,0.143089,463.04,335.63,0.9470,0.723501,0.699220
1786702322.402495,81.926323,2479,29.96,471.17,68.76,1.0000,0.736199,0.143243,463.04,335.36,0.9464,0.723500,0.698670
1786702322.429122,81.952950,2480,29.96,471.13,68.76,1.0000,0.736147,0.143254,463.08,335.24,0.9470,0.723562,0.698426
1786702322.453528,81.977356,2481,29.96,471.12,68.76,1.0000,0.736121,0.143255,463.11,335.24,0.9461,0.723616,0.698415
1786702322.494629,82.018457,2482,29.96,470.99,68.76,1.0000,0.735919,0.143258,463.37,335.20,0.9475,0.724015,0.698337
1786702322.530377,82.054205,2483,29.96,470.89,68.74,1.0000,0.735772,0.143217,463.29,334.76,0.9467,0.723885,0.697420
1786702322.550002,82.073830,2484,29.96,470.87,68.74,1.0000,0.735733,0.143215,463.42,334.59,0.9467,0.724097,0.697073
1786702322.596770,82.120598,2485,29.96,470.65,68.83,1.0000,0.735386,0.143395,463.12,335.15,0.9455,0.723617,0.698234
1786702322.628237,82.152066,2486,29.96,470.58,68.80,1.0000,0.735280,0.143341,463.32,335.03,0.9456,0.723936,0.697974
1786702322.653702,82.177530,2487,29.96,470.57,68.81,1.0000,0.735265,0.143345,463.30,335.15,0.9454,0.723903,0.698230
1786702322.700181,82.224009,2488,29.96,470.67,68.70,1.0000,0.735418,0.143129,463.32,335.14,0.9463,0.723936,0.698212
1786702322.762576,82.286404,2489,29.73,470.46,68.74,1.0000,0.735098,0.143202,463.46,335.03,0.9469,0.724152,0.697973
1786702322.772161,82.295989,2490,29.73,470.33,68.74,1.0000,0.734889,0.143201,463.48,335.03,0.9470,0.724184,0.697989
1786702322.788285,82.312113,2491,29.73,470.33,68.73,1.0000,0.734889,0.143196,463.46,335.06,0.9470,0.724153,0.698037
1786702322.825047,82.348875,2492,29.73,470.33,68.75,1.0000,0.734888,0.143221,463.42,335.11,0.9470,0.724092,0.698137
1786702322.863773,82.387601,2493,29.73,470.38,68.82,1.0000,0.734966,0.143381,463.29,335.02,0.9449,0.723889,0.697955
1786702322.891982,82.415810,2494,29.73,470.38,68.82,1.0000,0.734974,0.143370,463.12,335.28,0.9450,0.723618,0.698498
1786702322.942835,82.466663,2495,29.73,470.41,68.66,1.0000,0.735018,0.143037,463.46,335.57,0.9456,0.724154,0.699094
1786702322.966036,82.489864,2496,29.73,470.57,68.60,1.0000,0.735260,0.142912,463.38,335.57,0.9451,0.724031,0.699114
1786702322.979125,82.502953,2497,29.73,470.46,68.65,1.0000,0.735097,0.143028,463.39,335.67,0.9441,0.724040,0.699310
1786702323.036138,82.559966,2498,29.73,470.51,68.66,1.0000,0.735167,0.143032,463.30,335.59,0.9442,0.723911,0.699154
1786702323.051857,82.575685,2499,29.73,470.50,68.71,1.0000,0.735158,0.143152,463.30,335.47,0.9453,0.723909,0.698892
1786702323.103357,82.627185,2500,29.73,470.45,68.74,1.0000,0.735072,0.143214,463.27,335.83,0.9458,0.723860,0.699656
1786702323.137791,82.661619,2501,29.73,470.44,68.74,1.0000,0.735055,0.143206,463.36,335.84,0.9463,0.723997,0.699660
1786702323.175412,82.699240,2502,29.73,470.52,68.79,1.0000,0.735194,0.143302,463.25,335.65,0.9456,0.723831,0.699267
1786702323.194100,82.717928,2503,29.73,470.53,68.79,1.0000,0.735198,0.143307,463.28,335.77,0.9462,0.723873,0.699514
1786702323.236932,82.760760,2504,29.73,470.46,68.78,1.0000,0.735090,0.143300,463.64,335.98,0.9466,0.724440,0.699964
1786702323.252569,82.776397,2505,30.13,470.45,68.79,1.0000,0.735073,0.143310,463.59,335.87,0.9475,0.724365,0.699734
1786702323.298008,82.821836,2506,30.13,470.38,68.78,1.0000,0.734969,0.143300,463.74,335.95,0.9479,0.724595,0.699891
1786702323.327534,82.851362,2507,30.13,470.38,68.78,1.0000,0.734964,0.143292,463.70,335.92,0.9491,0.724537,0.699843
1786702323.364642,82.888470,2508,30.13,470.28,68.77,1.0000,0.734814,0.143278,463.69,335.91,0.9468,0.724513,0.699806
1786702323.400784,82.924612,2509,30.13,470.28,68.73,1.0000,0.734813,0.143190,463.56,335.77,0.9468,0.724313,0.699514
1786702323.430615,82.954443,2510,30.13,470.07,68.76,1.0000,0.734487,0.143249,463.62,335.82,0.9476,0.724410,0.699632
1786702323.464983,82.988811,2511,30.13,470.06,68.76,1.0000,0.734472,0.143253,463.62,335.51,0.9481,0.724400,0.698979
1786702323.499686,83.023514,2512,30.13,469.98,68.77,1.0000,0.734343,0.143274,463.58,335.38,0.9478,0.724346,0.698705
1786702323.526791,83.050619,2513,30.13,469.96,68.74,1.0000,0.734310,0.143202,463.58,335.30,0.9459,0.724348,0.698534
1786702323.570632,83.094460,2514,30.13,469.82,68.83,1.0000,0.734094,0.143390,463.65,335.29,0.9445,0.724452,0.698528
1786702323.592453,83.116282,2515,30.13,469.89,68.83,1.0000,0.734208,0.143389,463.61,335.29,0.9423,0.724397,0.698521
1786702323.632730,83.156558,2516,30.13,469.67,68.77,1.0000,0.733859,0.143265,463.58,335.08,0.9431,0.724337,0.698091
1786702323.664936,83.188764,2517,30.13,469.56,68.76,1.0000,0.733695,0.143244,463.52,334.89,0.9430,0.724248,0.697688
1786702323.694355,83.218183,2518,30.13,469.50,68.79,1.0000,0.733600,0.143309,463.48,334.86,0.9438,0.724188,0.697634
1786702323.734214,83.258042,2519,30.13,469.55,68.77,1.0000,0.733676,0.143276,463.52,334.87,0.9434,0.724245,0.697650
1786702323.763239,83.287067,2520,30.13,469.65,68.85,1.0000,0.733832,0.143433,463.34,334.67,0.9436,0.723962,0.697238
1786702323.795172,83.319000,2521,30.14,469.50,68.85,1.0000,0.733598,0.143440,463.33,334.64,0.9414,0.723953,0.697175
1786702323.826688,83.350516,2522,30.14,469.69,68.85,1.0000,0.733893,0.143439,463.35,334.72,0.9416,0.723986,0.697336
1786702323.863590,83.387418,2523,30.14,469.72,68.84,1.0000,0.733938,0.143413,463.25,334.78,0.9419,0.723825,0.697450
1786702323.895628,83.419456,2524,30.14,469.97,68.84,1.0000,0.734327,0.143412,463.17,335.21,0.9403,0.723710,0.698353
1786702323.929389,83.453218,2525,30.14,470.37,68.84,1.0000,0.734951,0.143412,463.17,335.21,0.9408,0.723702,0.698353
1786702323.963924,83.487752,2526,30.14,470.26,68.76,1.0000,0.734788,0.143252,463.24,335.23,0.9403,0.723815,0.698390
1786702324.020336,83.544164,2527,30.14,470.31,68.70,1.0000,0.734857,0.143124,463.33,335.13,0.9419,0.723955,0.698194
1786702324.033476,83.557304,2528,30.14,470.36,68.70,1.0000,0.734933,0.143119,463.27,335.10,0.9419,0.723859,0.698117
1786702324.060903,83.584731,2529,30.14,470.49,68.70,1.0000,0.735133,0.143118,463.26,335.04,0.9431,0.723839,0.698001
1786702324.096875,83.620703,2530,30.14,470.50,68.70,1.0000,0.735149,0.143117,463.34,335.06,0.9433,0.723972,0.698045
1786702324.130875,83.654703,2531,30.14,470.58,68.69,1.0000,0.735278,0.143099,463.14,335.12,0.9439,0.723660,0.698174
1786702324.166337,83.690166,2532,30.14,470.56,68.68,1.0000,0.735246,0.143093,463.12,335.22,0.9425,0.723619,0.698376
1786702324.197044,83.720872,2533,30.14,470.91,68.68,1.0000,0.735799,0.143091,463.11,335.23,0.9418,0.723608,0.698404
1786702324.223067,83.746895,2534,30.14,471.05,68.68,1.0000,0.736021,0.143090,463.07,335.27,0.9411,0.723539,0.698474
1786702324.258322,83.782151,2535,30.14,471.08,68.64,1.0000,0.736068,0.143007,462.95,335.36,0.9391,0.723360,0.698659
1786702324.294554,83.818382,2536,30.14,471.20,68.64,1.0000,0.736243,0.143004,462.93,335.51,0.9384,0.723325,0.698982
1786702324.334469,83.858297,2537,30.02,470.89,68.64,1.0000,0.735767,0.143005,462.96,335.40,0.9388,0.723374,0.698741
1786702324.349997,83.873825,2538,30.02,470.90,68.71,1.0000,0.735774,0.143154,462.95,335.43,0.9391,0.723363,0.698811
1786702324.408026,83.931854,2539,30.02,470.90,68.68,1.0000,0.735776,0.143074,462.99,335.49,0.9385,0.723417,0.698934
1786702324.425015,83.948843,2540,30.02,471.01,68.67,1.0000,0.735949,0.143070,462.99,335.45,0.9387,0.723429,0.698862
1786702324.439879,83.963707,2541,30.02,470.99,68.67,1.0000,0.735921,0.143072,462.90,335.46,0.9384,0.723284,0.698872
1786702324.482865,84.006693,2542,30.02,471.23,68.41,1.0000,0.736294,0.142523,462.80,335.56,0.9391,0.723128,0.699077
1786702324.521615,84.045443,2543,30.02,471.23,68.24,1.0000,0.736289,0.142158,462.84,335.58,0.9397,0.723188,0.699119
1786702324.561242,84.085070,2544,30.02,471.30,68.15,1.0000,0.736402,0.141984,462.84,335.68,0.9393,0.723194,0.699331
1786702324.590834,84.114662,2545,30.02,471.47,68.03,1.0000,0.736668,0.141720,462.98,335.52,0.9413,0.723399,0.698996
1786702324.624134,84.147962,2546,30.02,471.24,68.06,1.0000,0.736320,0.141796,462.95,335.50,0.9404,0.723355,0.698953
1786702324.661800,84.185628,2547,30.02,471.25,68.07,1.0000,0.736321,0.141809,463.07,335.50,0.9426,0.723544,0.698967
1786702324.698680,84.222508,2548,30.02,471.25,68.07,1.0000,0.736334,0.141810,463.12,335.54,0.9426,0.723629,0.699041
1786702324.732684,84.256512,2549,30.02,471.13,68.23,1.0000,0.736143,0.142149,463.32,335.48,0.9422,0.723933,0.698921
1786702324.770128,84.293957,2550,30.02,471.24,68.22,1.0000,0.736320,0.142121,463.48,335.22,0.9437,0.724182,0.698371
1786702324.804523,84.328351,2551,30.02,471.28,68.20,1.0000,0.736375,0.142074,463.58,335.42,0.9427,0.724342,0.698791
1786702324.818258,84.342086,2552,30.02,471.40,68.17,1.0000,0.736567,0.142025,463.48,335.54,0.9434,0.724193,0.699036
1786702324.845749,84.369577,2553,30.24,471.85,68.17,1.0000,0.737263,0.142014,463.49,335.60,0.9430,0.724196,0.699177
1786702324.881884,84.405712,2554,30.24,472.36,68.16,1.0000,0.738062,0.141993,463.46,335.67,0.9428,0.724149,0.699306
1786702324.921652,84.445480,2555,30.24,472.38,68.07,1.0000,0.738091,0.141808,463.24,335.67,0.9434,0.723814,0.699317
1786702324.950770,84.474598,2556,30.24,472.58,67.88,1.0000,0.738403,0.141410,463.18,335.58,0.9432,0.723723,0.699133
1786702324.982934,84.506763,2557,30.24,472.60,67.85,1.0000,0.738438,0.141364,463.37,335.54,0.9449,0.724020,0.699035
1786702325.009356,84.533184,2558,30.24,472.81,67.86,1.0000,0.738759,0.141372,463.34,335.49,0.9447,0.723973,0.698941
1786702325.050828,84.574656,2559,30.24,472.75,67.86,1.0000,0.738679,0.141372,463.39,335.25,0.9465,0.724047,0.698430
1786702325.080536,84.604364,2560,30.24,472.64,67.86,1.0000,0.738504,0.141375,463.40,335.21,0.9474,0.724067,0.698352
1786702325.126782,84.650610,2561,30.24,472.66,67.88,1.0000,0.738527,0.141411,463.52,335.51,0.9487,0.724247,0.698969
1786702325.165657,84.689485,2562,30.24,472.67,67.82,1.0000,0.738539,0.141297,463.45,335.53,0.9484,0.724140,0.699022
1786702325.189365,84.713193,2563,30.24,472.56,67.95,1.0000,0.738368,0.141568,463.44,335.91,0.9497,0.724124,0.699817
1786702325.220420,84.744248,2564,30.24,472.43,67.99,1.0000,0.738167,0.141642,463.46,335.97,0.9492,0.724160,0.699938
1786702325.254791,84.778620,2565,30.24,472.11,68.04,1.0000,0.737664,0.141745,463.41,335.96,0.9507,0.724084,0.699908
1786702325.321999,84.845827,2567,30.24,471.86,68.05,1.0000,0.737277,0.141768,463.27,335.78,0.9500,0.723864,0.699536
1786702325.345342,84.869170,2568,30.24,471.85,68.18,1.0000,0.737268,0.142035,463.21,335.78,0.9496,0.723772,0.699537
1786702325.380224,84.904052,2569,29.83,471.85,68.28,1.0000,0.737266,0.142243,463.26,335.51,0.9498,0.723845,0.698989
1786702325.411875,84.935703,2570,29.83,471.71,68.36,1.0000,0.737040,0.142424,463.30,335.29,0.9497,0.723907,0.698526
1786702325.462410,84.986238,2571,29.83,471.24,68.37,1.0000,0.736308,0.142444,463.37,335.29,0.9490,0.724017,0.698528
1786702325.484586,85.008414,2572,29.83,471.24,68.38,1.0000,0.736305,0.142458,463.39,335.30,0.9475,0.724041,0.698531
1786702325.513056,85.036884,2573,29.83,471.23,68.36,1.0000,0.736294,0.142418,463.37,335.24,0.9469,0.724014,0.698407
1786702325.541366,85.065194,2574,29.83,471.16,68.36,1.0000,0.736185,0.142418,463.43,335.21,0.9463,0.724114,0.698349
1786702325.591248,85.115076,2575,29.83,470.95,68.36,1.0000,0.735862,0.142418,463.48,335.24,0.9449,0.724187,0.698419
1786702325.607922,85.131750,2576,29.83,470.96,68.36,1.0000,0.735869,0.142408,463.48,335.25,0.9452,0.724183,0.698434
1786702325.644073,85.167901,2577,29.83,470.96,68.70,1.0000,0.735871,0.143118,463.47,335.27,0.9428,0.724169,0.698476
1786702325.688266,85.212094,2578,29.83,470.87,68.70,1.0000,0.735732,0.143122,463.33,335.19,0.9426,0.723947,0.698320
1786702325.715393,85.239221,2579,29.83,470.92,68.62,1.0000,0.735807,0.142950,463.46,335.47,0.9441,0.724153,0.698902
1786702325.762280,85.286108,2580,29.83,470.92,68.62,1.0000,0.735810,0.142960,463.51,335.38,0.9456,0.724228,0.698710
1786702325.788101,85.311929,2581,29.83,470.92,68.60,1.0000,0.735809,0.142920,463.54,335.39,0.9470,0.724275,0.698722
1786702325.825994,85.349822,2582,29.83,471.22,68.60,1.0000,0.736279,0.142913,463.58,335.39,0.9472,0.724351,0.698724
1786702325.839525,85.363353,2583,29.83,471.34,68.60,1.0000,0.736467,0.142915,463.58,335.24,0.9482,0.724337,0.698419
1786702325.886470,85.410298,2584,29.81,471.35,68.71,1.0000,0.736485,0.143145,463.57,335.16,0.9492,0.724322,0.698241
1786702325.923526,85.447354,2585,29.81,471.30,68.55,1.0000,0.736406,0.142822,463.47,335.14,0.9490,0.724172,0.698200
1786702325.945985,85.469813,2586,29.81,471.25,68.48,1.0000,0.736322,0.142660,463.46,335.10,0.9483,0.724152,0.698131
1786702325.978462,85.502290,2587,29.81,471.19,68.39,1.0000,0.736228,0.142486,463.38,335.09,0.9488,0.724025,0.698113
1786702326.026337,85.550165,2588,29.81,470.98,68.46,1.0000,0.735902,0.142616,463.34,334.77,0.9472,0.723962,0.697443
1786702326.070537,85.594365,2589,29.81,470.72,68.38,1.0000,0.735495,0.142458,463.45,334.79,0.9483,0.724147,0.697487
1786702326.075266,85.599094,2590,29.81,470.49,68.40,1.0000,0.735134,0.142506,463.12,334.78,0.9468,0.723632,0.697463
1786702326.122868,85.646696,2591,29.81,470.48,68.40,1.0000,0.735128,0.142506,462.97,334.88,0.9450,0.723385,0.697668
1786702326.149772,85.673600,2592,29.81,470.04,68.47,1.0000,0.734434,0.142641,462.97,334.76,0.9452,0.723389,0.697420
1786702326.169402,85.693230,2593,29.81,470.06,68.52,1.0000,0.734462,0.142740,462.84,334.74,0.9437,0.723184,0.697381
1786702326.216791,85.740619,2594,29.81,470.00,68.66,1.0000,0.734376,0.143043,462.98,334.39,0.9436,0.723413,0.696637
1786702326.253587,85.777415,2595,29.81,470.02,68.45,1.0000,0.734408,0.142601,463.20,334.36,0.9449,0.723757,0.696589
1786702326.307231,85.831059,2596,29.81,470.02,68.45,1.0000,0.734414,0.142595,463.38,334.32,0.9452,0.724039,0.696501
1786702326.315245,85.839073,2597,29.81,470.32,68.32,1.0000,0.734877,0.142334,463.39,334.33,0.9455,0.724049,0.696511
1786702326.371346,85.895174,2598,29.81,470.60,68.24,1.0000,0.735309,0.142158,463.40,334.37,0.9458,0.724058,0.696605
1786702326.440694,85.964522,2599,29.25,470.64,68.28,1.0000,0.735373,0.142260,463.64,334.44,0.9464,0.724431,0.696742
1786702326.486447,86.010275,2600,29.25,469.83,68.31,1.0000,0.734116,0.142304,463.45,334.63,0.9466,0.724148,0.697140
1786702326.501892,86.025720,2602,29.25,470.20,68.31,1.0000,0.734694,0.142309,463.41,334.65,0.9467,0.724083,0.697196
1786702326.542507,86.066335,2603,29.25,470.38,68.40,1.0000,0.734965,0.142507,463.39,334.68,0.9465,0.724041,0.697244
1786702326.587506,86.111334,2604,29.25,471.03,68.26,1.0000,0.735982,0.142215,463.32,334.64,0.9465,0.723934,0.697170
1786702326.650590,86.174418,2605,29.25,471.42,68.33,1.0000,0.736589,0.142360,463.28,334.58,0.9464,0.723867,0.697032
1786702326.670286,86.194114,2606,29.25,471.61,68.37,1.0000,0.736885,0.142435,463.27,334.61,0.9471,0.723861,0.697101
1786702326.686065,86.209893,2607,29.25,471.61,68.37,1.0000,0.736885,0.142434,463.40,334.64,0.9455,0.724065,0.697166
1786702326.784113,86.307941,2608,29.25,471.64,68.45,1.0000,0.736933,0.142605,463.46,334.65,0.9461,0.724153,0.697192
1786702326.810592,86.334420,2609,29.25,471.63,68.52,1.0000,0.736920,0.142742,463.47,334.68,0.9451,0.724165,0.697244
1786702326.818870,86.342698,2610,29.25,471.62,68.60,1.0000,0.736907,0.142921,463.40,334.84,0.9441,0.724057,0.697587
1786702326.897107,86.420935,2611,29.25,471.61,68.63,1.0000,0.736886,0.142985,463.43,335.02,0.9440,0.724116,0.697960
1786702326.957442,86.481270,2612,28.03,471.80,68.60,1.0000,0.737184,0.142913,463.26,335.39,0.9447,0.723839,0.698738
1786702326.972190,86.496018,2613,28.03,471.83,68.47,1.0000,0.737231,0.142642,463.27,335.41,0.9442,0.723856,0.698779
1786702327.031819,86.555647,2614,28.03,471.95,68.48,1.0000,0.737422,0.142676,463.37,335.74,0.9456,0.724016,0.699450
1786702327.034477,86.558305,2615,28.03,471.97,68.26,1.0000,0.737446,0.142207,463.37,335.73,0.9465,0.724017,0.699439
1786702327.174504,86.698332,2617,28.03,472.88,68.27,1.0000,0.738871,0.142223,463.46,335.98,0.9474,0.724160,0.699953
1786702327.201981,86.725809,2618,28.03,473.18,68.01,1.0000,0.739340,0.141698,463.41,335.97,0.9480,0.724072,0.699945
1786702327.321533,86.845361,2619,28.03,473.45,68.02,1.0000,0.739766,0.141716,463.13,336.03,0.9492,0.723641,0.700055
1786702327.335429,86.859257,2621,28.03,473.54,67.90,1.0000,0.739900,0.141453,463.25,336.02,0.9499,0.723828,0.700047
1786702327.361449,86.885278,2622,28.03,473.76,67.82,1.0000,0.740250,0.141287,463.29,336.04,0.9505,0.723897,0.700086
1786702327.389016,86.912844,2623,28.03,473.80,67.82,1.0000,0.740311,0.141291,463.32,335.98,0.9521,0.723938,0.699956
1786702327.424125,86.947953,2624,28.03,473.79,67.83,1.0000,0.740300,0.141304,463.34,336.17,0.9522,0.723968,0.700361
1786702327.455682,86.979510,2625,28.03,473.95,67.81,1.0000,0.740541,0.141277,463.33,336.03,0.9525,0.723955,0.700054
1786702327.502234,87.026062,2626,26.84,474.08,67.82,1.0000,0.740744,0.141285,463.71,336.15,0.9533,0.724552,0.700303
1786702327.518224,87.042052,2627,26.84,474.10,67.81,1.0000,0.740780,0.141267,463.77,336.13,0.9549,0.724637,0.700263
1786702327.545449,87.069277,2628,26.84,474.12,67.81,1.0000,0.740817,0.141278,463.77,336.06,0.9553,0.724635,0.700118
1786702327.577299,87.101127,2629,26.84,474.16,67.72,1.0000,0.740867,0.141074,463.77,336.08,0.9553,0.724635,0.700160
1786702327.610975,87.134803,2630,26.84,474.20,67.72,1.0000,0.740930,0.141091,463.84,336.02,0.9565,0.724757,0.700038
1786702327.643643,87.167471,2631,26.84,474.13,67.75,1.0000,0.740832,0.141143,463.82,336.07,0.9543,0.724719,0.700141
1786702327.678348,87.202176,2632,26.84,474.13,67.77,1.0000,0.740832,0.141195,463.74,336.07,0.9527,0.724589,0.700143
1786702327.723051,87.246879,2633,26.84,474.22,67.83,1.0000,0.740974,0.141317,463.85,336.07,0.9534,0.724761,0.700140
1786702327.749446,87.273274,2634,26.84,474.26,67.83,1.0000,0.741034,0.141316,464.01,335.98,0.9541,0.725019,0.699967
1786702327.785403,87.309231,2635,26.84,474.36,67.86,1.0000,0.741189,0.141375,464.06,336.14,0.9553,0.725092,0.700298
1786702327.863865,87.387693,2636,26.84,474.42,67.87,1.0000,0.741285,0.141386,463.98,336.02,0.9559,0.724968,0.700040
1786702327.878819,87.402647,2637,26.84,474.47,67.85,1.0000,0.741359,0.141357,464.06,336.02,0.9567,0.725094,0.700047
1786702327.883952,87.407780,2638,26.84,474.48,67.85,1.0000,0.741367,0.141361,463.99,336.04,0.9558,0.724979,0.700078
1786702327.921650,87.445478,2639,26.84,474.52,67.90,1.0000,0.741433,0.141455,463.68,336.04,0.9558,0.724495,0.700084
1786702327.935950,87.459778,2640,26.84,474.43,67.91,1.0000,0.741303,0.141478,463.55,336.08,0.9549,0.724294,0.700157
1786702327.982676,87.506504,2641,26.84,474.42,67.91,1.0000,0.741284,0.141469,463.47,336.14,0.9547,0.724165,0.700290
1786702328.019953,87.543782,2642,27.70,474.32,67.90,1.0000,0.741130,0.141451,463.36,335.82,0.9516,0.724008,0.699623
1786702328.043834,87.567662,2643,27.70,474.32,67.90,1.0000,0.741122,0.141453,463.33,335.82,0.9521,0.723953,0.699630
1786702328.091798,87.615626,2644,27.70,474.33,67.84,1.0000,0.741135,0.141330,463.25,335.65,0.9520,0.723835,0.699273
1786702328.125612,87.649440,2645,27.70,474.33,67.76,1.0000,0.741134,0.141156,463.31,335.63,0.9511,0.723919,0.699229
1786702328.159978,87.683806,2646,27.70,474.26,67.76,1.0000,0.741038,0.141176,463.29,335.71,0.9502,0.723891,0.699393
1786702328.194845,87.718673,2647,27.70,474.36,67.76,1.0000,0.741191,0.141168,463.37,335.73,0.9508,0.724010,0.699432
1786702328.218685,87.742513,2648,27.70,474.39,67.76,1.0000,0.741232,0.141167,463.37,335.77,0.9515,0.724015,0.699530
1786702328.255544,87.779372,2649,27.70,474.39,67.75,1.0000,0.741233,0.141147,463.49,335.71,0.9529,0.724200,0.699387
1786702328.287161,87.810989,2650,27.70,474.39,67.73,1.0000,0.741234,0.141113,463.42,335.70,0.9527,0.724095,0.699369
1786702328.327489,87.851317,2651,27.70,474.32,67.78,1.0000,0.741120,0.141210,463.35,335.63,0.9519,0.723983,0.699224
1786702328.362594,87.886422,2652,27.70,474.19,67.77,1.0000,0.740918,0.141197,463.40,335.55,0.9519,0.724058,0.699058
1786702328.394550,87.918378,2653,27.70,473.94,67.87,1.0000,0.740528,0.141391,463.43,335.51,0.9526,0.724103,0.698982
1786702328.434378,87.958206,2654,27.70,473.86,67.77,1.0000,0.740413,0.141182,463.34,335.43,0.9517,0.723963,0.698803
1786702328.458763,87.982591,2655,27.70,473.49,67.86,1.0000,0.739836,0.141368,463.33,335.45,0.9513,0.723948,0.698854
1786702328.492715,88.016543,2656,27.70,473.37,67.91,1.0000,0.739642,0.141478,463.59,335.73,0.9513,0.724362,0.699431
1786702328.541727,88.065555,2657,27.94,473.31,67.82,1.0000,0.739547,0.141302,463.54,335.73,0.9512,0.724276,0.699434
1786702328.565091,88.088919,2658,27.94,473.47,67.90,1.0000,0.739801,0.141461,463.48,335.75,0.9516,0.724190,0.699485
1786702328.586766,88.110594,2659,27.94,473.56,67.92,1.0000,0.739935,0.141495,463.48,335.78,0.9529,0.724191,0.699541
1786702328.634132,88.157960,2660,27.94,473.61,67.98,1.0000,0.740023,0.141624,463.56,336.00,0.9533,0.724318,0.700001
1786702328.663404,88.187232,2661,27.94,473.65,67.98,1.0000,0.740073,0.141624,463.50,336.09,0.9530,0.724220,0.700186
1786702328.700361,88.224189,2662,27.94,473.49,68.14,1.0000,0.739827,0.141958,463.15,336.18,0.9518,0.723673,0.700369
1786702328.737325,88.261153,2663,27.94,473.50,68.14,1.0000,0.739848,0.141958,463.23,336.20,0.9513,0.723800,0.700410
1786702328.769500,88.293328,2664,27.94,473.69,68.65,1.0000,0.740142,0.143028,462.95,336.30,0.9503,0.723358,0.700619
1786702328.798731,88.322559,2665,27.94,473.63,68.61,1.0000,0.740049,0.142945,462.95,336.35,0.9504,0.723364,0.700733
1786702328.824762,88.348590,2666,27.94,473.35,68.61,1.0000,0.739608,0.142940,462.91,336.18,0.9497,0.723300,0.700371
1786702328.862366,88.386194,2667,27.94,473.05,68.62,1.0000,0.739147,0.142955,462.99,335.97,0.9502,0.723426,0.699941
1786702328.903668,88.427496,2668,27.94,472.90,68.60,1.0000,0.738905,0.142926,463.02,335.98,0.9489,0.723474,0.699955
1786702328.915587,88.439415,2669,27.94,472.89,68.60,1.0000,0.738897,0.142924,463.06,336.04,0.9498,0.723530,0.700088
1786702328.963416,88.487244,2670,27.94,472.78,68.60,1.0000,0.738723,0.142920,463.13,335.85,0.9488,0.723645,0.699692
1786702329.008184,88.532012,2671,27.94,472.68,68.60,1.0000,0.738570,0.142915,463.13,335.82,0.9476,0.723637,0.699618
1786702329.029518,88.553346,2672,27.94,472.51,68.60,1.0000,0.738298,0.142919,463.13,335.81,0.9477,0.723636,0.699614
1786702329.064230,88.588058,2673,28.45,472.51,68.60,1.0000,0.738296,0.142917,463.15,335.79,0.9477,0.723667,0.699564
1786702329.097673,88.621501,2674,28.45,472.51,68.57,1.0000,0.738295,0.142848,463.03,335.90,0.9480,0.723487,0.699785
1786702329.152564,88.676392,2675,28.45,472.43,68.73,1.0000,0.738164,0.143194,463.47,336.10,0.9473,0.724179,0.700209
1786702329.154578,88.678406,2676,28.45,472.44,68.71,1.0000,0.738182,0.143150,463.50,336.06,0.9480,0.724215,0.700129
1786702329.194257,88.718085,2677,28.45,472.46,68.80,1.0000,0.738216,0.143330,463.60,336.02,0.9479,0.724375,0.700049
1786702329.225651,88.749479,2678,28.45,472.50,68.80,1.0000,0.738282,0.143340,463.82,336.02,0.9467,0.724712,0.700044
1786702329.257620,88.781448,2679,28.45,472.29,68.81,1.0000,0.737956,0.143355,463.69,335.90,0.9461,0.724522,0.699790
1786702329.309142,88.832970,2680,28.45,472.21,68.77,1.0000,0.737824,0.143270,464.13,335.82,0.9473,0.725196,0.699634
1786702329.314087,88.837915,2681,28.45,472.20,68.94,1.0000,0.737805,0.143618,464.05,335.79,0.9473,0.725075,0.699569
1786702329.361835,88.885663,2682,28.45,472.12,68.89,1.0000,0.737695,0.143518,463.94,335.44,0.9484,0.724909,0.698834
1786702329.394582,88.918410,2683,28.45,472.12,68.86,1.0000,0.737681,0.143462,463.89,335.38,0.9478,0.724830,0.698716
1786702329.427999,88.951828,2684,28.45,472.39,68.84,1.0000,0.738105,0.143426,463.92,335.27,0.9471,0.724876,0.698487
1786702329.465333,88.989161,2685,28.45,472.39,68.94,1.0000,0.738104,0.143622,463.62,335.29,0.9464,0.724412,0.698520
1786702329.491738,89.015566,2686,28.45,472.39,68.97,1.0000,0.738103,0.143684,463.55,335.25,0.9461,0.724290,0.698446
1786702329.527438,89.051266,2687,28.45,472.30,68.96,1.0000,0.737976,0.143662,463.28,335.16,0.9461,0.723876,0.698245
1786702329.561556,89.085384,2688,28.75,472.33,68.94,1.0000,0.738023,0.143635,463.26,335.19,0.9457,0.723846,0.698303
1786702329.595985,89.119813,2689,28.75,472.33,68.96,1.0000,0.738021,0.143675,463.28,335.24,0.9474,0.723876,0.698407
1786702329.624545,89.148373,2690,28.75,472.30,68.96,1.0000,0.737964,0.143661,463.28,335.32,0.9478,0.723875,0.698587
1786702329.653486,89.177314,2691,28.75,472.29,68.82,1.0000,0.737960,0.143369,463.31,335.42,0.9485,0.723919,0.698796
1786702329.697040,89.220868,2692,28.75,472.05,68.79,1.0000,0.737579,0.143322,463.29,335.42,0.9490,0.723891,0.698791
1786702329.732523,89.256351,2693,28.75,472.07,68.89,1.0000,0.737603,0.143516,463.22,335.49,0.9482,0.723785,0.698933
1786702329.767494,89.291322,2694,28.75,472.06,68.89,1.0000,0.737591,0.143515,463.29,335.89,0.9494,0.723895,0.699764
1786702329.810853,89.334681,2695,28.75,472.03,68.87,1.0000,0.737539,0.143480,463.28,335.95,0.9492,0.723878,0.699892
1786702329.850146,89.373974,2696,28.75,471.86,68.92,1.0000,0.737287,0.143586,463.28,335.89,0.9492,0.723870,0.699765
1786702329.857597,89.381425,2697,28.75,471.86,68.92,1.0000,0.737285,0.143590,463.25,335.86,0.9474,0.723821,0.699706
1786702329.898750,89.422578,2698,28.75,471.86,68.92,1.0000,0.737276,0.143583,463.21,335.82,0.9460,0.723764,0.699617
1786702329.929921,89.453749,2699,28.75,471.87,68.83,1.0000,0.737295,0.143404,463.17,335.65,0.9463,0.723697,0.699261
1786702329.967603,89.491431,2700,28.75,471.92,68.83,1.0000,0.737381,0.143388,463.21,335.70,0.9469,0.723771,0.699366
1786702329.996758,89.520586,2701,28.75,472.09,68.82,1.0000,0.737634,0.143382,463.16,335.69,0.9475,0.723693,0.699345
1786702330.029550,89.553378,2702,28.75,471.92,68.73,1.0000,0.737383,0.143178,463.03,335.53,0.9469,0.723484,0.699013
1786702330.067038,89.590866,2703,29.00,472.20,68.73,1.0000,0.737819,0.143178,463.01,335.47,0.9477,0.723453,0.698894
1786702330.098440,89.622268,2704,29.00,472.32,68.82,1.0000,0.738007,0.143385,462.94,335.48,0.9468,0.723340,0.698921
1786702330.130108,89.653936,2705,29.00,472.37,68.84,1.0000,0.738074,0.143426,463.58,335.50,0.9480,0.724338,0.698957
1786702330.167589,89.691417,2706,29.00,472.64,68.93,1.0000,0.738501,0.143600,463.70,335.59,0.9489,0.724539,0.699136
1786702330.202426,89.726254,2707,29.00,472.70,68.92,1.0000,0.738599,0.143589,463.75,335.68,0.9498,0.724614,0.699323
1786702330.209993,89.733821,2708,29.00,472.71,68.96,1.0000,0.738613,0.143673,463.76,335.68,0.9510,0.724629,0.699328
1786702330.255979,89.779807,2709,29.00,473.20,68.93,1.0000,0.739370,0.143602,463.83,335.70,0.9522,0.724731,0.699368
1786702330.296362,89.820190,2710,29.00,473.37,68.95,1.0000,0.739646,0.143652,463.82,335.71,0.9528,0.724723,0.699396
1786702330.341541,89.865369,2711,29.00,473.58,68.77,1.0000,0.739963,0.143271,463.81,335.67,0.9527,0.724710,0.699315
1786702330.355055,89.878883,2712,29.00,473.61,68.78,1.0000,0.740018,0.143286,463.78,335.68,0.9532,0.724658,0.699340
1786702330.402443,89.926271,2713,29.00,474.20,68.64,1.0000,0.740935,0.143001,463.70,335.71,0.9534,0.724537,0.699391
1786702330.418208,89.942036,2714,29.00,474.19,68.80,1.0000,0.740926,0.143336,463.76,335.40,0.9542,0.724620,0.698744
1786702330.458370,89.982198,2715,29.00,474.19,68.87,1.0000,0.740924,0.143486,463.63,335.40,0.9542,0.724416,0.698757
1786702330.493079,90.016907,2716,29.00,474.19,68.65,1.0000,0.740924,0.143021,463.56,335.25,0.9543,0.724316,0.698437
1786702330.538855,90.062683,2717,29.00,474.15,69.02,1.0000,0.740854,0.143794,463.54,335.23,0.9552,0.724273,0.698395
1786702330.555621,90.079449,2718,29.19,474.03,69.05,1.0000,0.740670,0.143857,463.44,335.28,0.9554,0.724118,0.698503
1786702330.592682,90.116510,2719,29.19,474.04,69.22,1.0000,0.740684,0.144206,463.53,335.29,0.9548,0.724269,0.698513
1786702330.635654,90.159482,2720,29.19,474.34,69.23,1.0000,0.741163,0.144226,463.50,335.28,0.9556,0.724216,0.698500
1786702330.653293,90.177121,2721,29.19,474.27,69.27,1.0000,0.741049,0.144305,463.61,335.26,0.9552,0.724387,0.698469
1786702330.696803,90.220631,2722,29.19,474.27,69.22,1.0000,0.741043,0.144202,463.69,335.34,0.9554,0.724522,0.698632
1786702330.748737,90.272565,2723,29.19,474.36,69.19,1.0000,0.741189,0.144139,463.72,335.68,0.9554,0.724562,0.699342
1786702330.763796,90.287624,2724,29.19,474.34,69.05,1.0000,0.741160,0.143845,463.70,335.69,0.9562,0.724534,0.699360
1786702330.808129,90.331957,2725,29.19,474.30,69.15,1.0000,0.741090,0.144067,463.70,335.69,0.9560,0.724534,0.699351
1786702330.829030,90.352858,2726,29.19,474.28,69.15,1.0000,0.741056,0.144063,463.69,335.67,0.9554,0.724520,0.699312
1786702330.874238,90.398067,2727,29.19,474.36,69.07,1.0000,0.741185,0.143899,463.64,335.68,0.9551,0.724432,0.699331
1786702330.909165,90.432993,2728,29.19,474.36,69.13,1.0000,0.741194,0.144026,463.66,335.55,0.9546,0.724476,0.699059
1786702330.922093,90.445921,2729,29.19,474.36,69.13,1.0000,0.741184,0.144024,463.67,335.50,0.9540,0.724480,0.698968
1786702330.961676,90.485504,2730,29.19,474.36,69.18,1.0000,0.741183,0.144128,463.68,335.70,0.9550,0.724503,0.699377
1786702330.998776,90.522604,2731,29.19,474.36,69.33,1.0000,0.741184,0.144444,463.75,335.80,0.9549,0.724604,0.699587
1786702331.038211,90.562039,2732,29.19,474.47,69.33,1.0000,0.741361,0.144443,463.70,335.81,0.9545,0.724527,0.699601
1786702331.068063,90.591891,2733,29.29,474.41,69.39,1.0000,0.741266,0.144573,463.54,335.80,0.9544,0.724288,0.699585
1786702331.097523,90.621351,2734,29.29,474.38,69.39,1.0000,0.741221,0.144570,463.55,335.52,0.9521,0.724302,0.699009
1786702331.136660,90.660488,2735,29.29,474.30,69.40,1.0000,0.741091,0.144573,463.56,335.47,0.9526,0.724315,0.698906
1786702331.157511,90.681339,2736,29.29,474.10,69.39,1.0000,0.740786,0.144572,463.45,335.45,0.9496,0.724135,0.698849
1786702331.208518,90.732346,2737,29.29,474.16,69.39,1.0000,0.740879,0.144558,463.45,335.43,0.9506,0.724144,0.698819
1786702331.228449,90.752277,2738,29.29,474.18,69.28,1.0000,0.740899,0.144338,463.30,335.40,0.9508,0.723902,0.698760
1786702331.261046,90.784874,2739,29.29,474.18,69.31,1.0000,0.740900,0.144404,463.25,335.40,0.9504,0.723826,0.698744
1786702331.304150,90.827978,2740,29.29,474.17,69.18,1.0000,0.740897,0.144127,463.29,335.38,0.9518,0.723886,0.698704
1786702331.345401,90.869229,2741,29.29,474.24,69.15,1.0000,0.740998,0.144070,463.26,335.25,0.9518,0.723837,0.698427
1786702331.365764,90.889592,2742,29.29,474.24,69.22,1.0000,0.740993,0.144204,463.26,335.21,0.9519,0.723841,0.698361
1786702331.399862,90.923690,2743,29.29,474.26,68.99,1.0000,0.741035,0.143735,463.26,335.19,0.9531,0.723836,0.698318
1786702331.413341,90.937169,2744,29.29,474.29,68.94,1.0000,0.741071,0.143629,463.27,335.32,0.9540,0.723860,0.698579
1786702331.488160,91.011988,2745,29.29,474.09,68.87,1.0000,0.740768,0.143489,463.25,335.10,0.9541,0.723827,0.698129
1786702331.502116,91.025944,2746,29.29,474.08,68.88,1.0000,0.740747,0.143495,463.22,335.05,0.9534,0.723789,0.698013
1786702331.525870,91.049698,2747,29.29,474.08,68.81,1.0000,0.740748,0.143357,463.22,334.76,0.9538,0.723783,0.697414
1786702331.557952,91.081780,2748,29.29,474.08,68.83,1.0000,0.740747,0.143389,463.34,335.11,0.9550,0.723964,0.698142
1786702331.602776,91.126604,2749,29.44,474.08,68.84,1.0000,0.740753,0.143427,463.44,335.22,0.9547,0.724121,0.698384
1786702331.626835,91.150663,2750,29.44,474.07,68.90,1.0000,0.740740,0.143550,463.63,335.23,0.9528,0.724423,0.698395
1786702331.661507,91.185335,2751,29.44,474.08,68.79,1.0000,0.740757,0.143303,463.58,335.24,0.9539,0.724340,0.698409
1786702331.717751,91.241579,2752,29.44,474.14,68.65,1.0000,0.740842,0.143026,463.47,335.18,0.9539,0.724168,0.698290
1786702331.737282,91.261110,2753,29.44,474.10,68.82,1.0000,0.740778,0.143372,463.45,335.16,0.9534,0.724144,0.698260
1786702331.773701,91.297529,2754,29.44,474.18,68.78,1.0000,0.740899,0.143287,463.46,335.16,0.9510,0.724149,0.698254
1786702331.787771,91.311599,2755,29.44,474.18,68.78,1.0000,0.740899,0.143290,463.45,335.14,0.9513,0.724147,0.698206
1786702331.815892,91.339720,2756,29.44,474.32,68.75,1.0000,0.741118,0.143220,463.47,335.16,0.9515,0.724169,0.698248
1786702331.848007,91.371835,2757,29.44,474.50,68.73,1.0000,0.741413,0.143188,463.46,335.28,0.9505,0.724151,0.698491
1786702331.894233,91.418061,2758,29.44,474.54,68.73,1.0000,0.741467,0.143185,463.42,335.19,0.9511,0.724087,0.698320
1786702331.925370,91.449198,2759,29.44,474.57,68.70,1.0000,0.741512,0.143119,463.48,335.18,0.9512,0.724181,0.698292
1786702331.957638,91.481466,2760,29.44,474.57,68.69,1.0000,0.741511,0.143113,463.50,335.23,0.9501,0.724212,0.698402
1786702331.978760,91.502588,2761,29.44,474.74,68.69,1.0000,0.741774,0.143110,463.49,335.34,0.9494,0.724202,0.698626
1786702332.020768,91.544596,2762,29.44,474.79,68.69,1.0000,0.741863,0.143096,463.25,335.44,0.9496,0.723826,0.698842
1786702332.063418,91.587246,2763,29.44,474.71,68.67,1.0000,0.741741,0.143069,462.90,335.37,0.9472,0.723278,0.698679
1786702332.091670,91.615498,2764,29.44,474.76,68.66,1.0000,0.741820,0.143033,462.87,335.50,0.9475,0.723233,0.698964
1786702332.132408,91.656236,2765,29.55,474.78,68.67,1.0000,0.741847,0.143072,462.94,335.51,0.9480,0.723342,0.698985
1786702332.148410,91.672238,2766,29.55,474.76,68.67,1.0000,0.741811,0.143071,462.85,335.62,0.9487,0.723199,0.699208
1786702332.211967,91.735795,2767,29.55,474.73,68.64,1.0000,0.741770,0.143009,462.91,335.54,0.9503,0.723295,0.699034
1786702332.227952,91.751781,2768,29.55,474.67,68.47,1.0000,0.741665,0.142641,463.05,335.62,0.9505,0.723510,0.699200
1786702332.254785,91.778613,2769,29.55,474.77,68.33,1.0000,0.741822,0.142358,463.05,335.57,0.9490,0.723511,0.699095
1786702332.294734,91.818562,2770,29.55,475.02,68.12,1.0000,0.742224,0.141927,463.20,335.55,0.9505,0.723753,0.699066
1786702332.325586,91.849414,2771,29.55,475.02,68.11,1.0000,0.742222,0.141899,463.22,335.25,0.9490,0.723784,0.698442
1786702332.370845,91.894673,2772,29.55,475.02,68.13,1.0000,0.742216,0.141941,463.45,335.17,0.9501,0.724148,0.698276
1786702332.390929,91.914757,2773,29.55,475.10,68.14,1.0000,0.742346,0.141953,463.50,335.25,0.9505,0.724223,0.698431
1786702332.421033,91.944861,2774,29.55,475.16,68.16,1.0000,0.742439,0.141998,463.55,335.28,0.9515,0.724300,0.698497
1786702332.465896,91.989724,2775,29.55,475.16,68.19,1.0000,0.742431,0.142057,463.55,335.26,0.9517,0.724293,0.698468
1786702332.513929,92.037757,2776,29.55,475.21,68.22,1.0000,0.742515,0.142120,463.53,335.28,0.9510,0.724266,0.698491
1786702332.531322,92.055150,2777,29.55,475.21,68.22,1.0000,0.742513,0.142121,463.53,335.31,0.9517,0.724266,0.698563
1786702332.561690,92.085518,2778,29.55,475.35,68.21,1.0000,0.742735,0.142102,463.56,335.38,0.9517,0.724314,0.698715
1786702332.593831,92.117659,2779,29.55,475.34,68.24,1.0000,0.742725,0.142168,463.61,335.61,0.9515,0.724386,0.699195
1786702332.633014,92.156842,2780,29.55,475.20,68.32,1.0000,0.742507,0.142327,463.61,335.62,0.9508,0.724383,0.699212
1786702332.659722,92.183550,2781,29.79,474.77,68.69,1.0000,0.741824,0.143096,463.63,335.53,0.9493,0.724419,0.699015
1786702332.697016,92.220845,2782,29.79,474.65,68.71,1.0000,0.741644,0.143141,463.61,335.58,0.9487,0.724391,0.699116
1786702332.729498,92.253326,2783,29.79,474.66,68.71,1.0000,0.741652,0.143145,463.60,335.62,0.9493,0.724372,0.699218
1786702332.781114,92.304942,2784,29.79,474.73,68.65,1.0000,0.741769,0.143014,463.71,335.32,0.9491,0.724543,0.698590
1786702332.796583,92.320411,2785,29.79,474.76,68.64,1.0000,0.741820,0.143009,463.70,335.29,0.9478,0.724534,0.698516
1786702332.828727,92.352556,2786,29.79,474.76,68.64,1.0000,0.741820,0.143001,463.68,335.15,0.9459,0.724506,0.698221
1786702332.844356,92.368184,2787,29.79,474.77,68.64,1.0000,0.741821,0.143002,463.61,335.10,0.9457,0.724394,0.698128
1786702332.887798,92.411626,2788,29.79,474.77,68.64,1.0000,0.741831,0.143002,463.61,335.16,0.9457,0.724389,0.698259
1786702332.921997,92.445825,2789,29.79,474.79,68.59,1.0000,0.741862,0.142904,463.60,335.36,0.9455,0.724381,0.698665
1786702332.982369,92.506197,2790,29.79,475.25,68.60,1.0000,0.742582,0.142912,463.61,335.40,0.9453,0.724384,0.698759
1786702332.997847,92.521675,2791,29.79,475.29,68.60,1.0000,0.742635,0.142908,463.63,335.44,0.9463,0.724427,0.698827
1786702333.030968,92.554796,2792,29.79,475.48,68.56,1.0000,0.742945,0.142838,463.65,335.39,0.9462,0.724458,0.698722
1786702333.064386,92.588214,2793,29.79,475.54,68.48,1.0000,0.743031,0.142659,463.64,335.33,0.9460,0.724432,0.698597
1786702333.098902,92.622730,2794,29.79,475.58,68.55,1.0000,0.743087,0.142810,463.57,335.17,0.9446,0.724325,0.698279
1786702333.130829,92.654657,2795,29.79,475.54,68.55,1.0000,0.743024,0.142808,463.64,335.17,0.9448,0.724443,0.698279
1786702333.162699,92.686527,2796,29.79,475.53,68.57,1.0000,0.743019,0.142859,463.75,335.18,0.9448,0.724604,0.698292
1786702333.210037,92.733865,2797,29.70,475.52,68.60,1.0000,0.742999,0.142910,463.86,335.06,0.9454,0.724775,0.698037
1786702333.242171,92.765999,2798,29.70,475.52,68.60,1.0000,0.743004,0.142921,463.88,335.08,0.9459,0.724811,0.698080
1786702333.264469,92.788297,2799,29.70,475.50,68.60,1.0000,0.742972,0.142920,463.96,334.83,0.9461,0.724939,0.697573
1786702333.302643,92.826471,2800,29.70,475.42,68.58,1.0000,0.742837,0.142885,463.95,334.65,0.9461,0.724926,0.697196
1786702333.339775,92.863603,2801,29.70,475.40,68.54,1.0000,0.742819,0.142796,463.94,334.65,0.9456,0.724899,0.697187
1786702333.369195,92.893023,2802,29.70,475.48,68.43,1.0000,0.742940,0.142569,463.98,334.70,0.9457,0.724972,0.697285
1786702333.392830,92.916658,2803,29.70,475.51,68.17,1.0000,0.742980,0.142017,464.04,334.71,0.9463,0.725065,0.697308
1786702333.432883,92.956711,2804,29.70,475.49,68.17,1.0000,0.742956,0.142022,464.07,334.67,0.9471,0.725113,0.697233
1786702333.464492,92.988320,2805,29.70,475.49,68.18,1.0000,0.742959,0.142039,463.92,334.69,0.9479,0.724878,0.697279
1786702333.511369,93.035197,2806,29.70,475.50,68.18,1.0000,0.742969,0.142049,463.80,334.73,0.9491,0.724687,0.697351
1786702333.543789,93.067617,2807,29.70,475.51,68.15,1.0000,0.742981,0.141973,463.55,334.83,0.9489,0.724304,0.697569
1786702333.559168,93.082996,2808,29.70,475.50,68.36,1.0000,0.742962,0.142410,463.52,334.85,0.9471,0.724242,0.697602
1786702333.610483,93.134311,2809,29.70,475.64,68.44,1.0000,0.743185,0.142586,463.49,334.94,0.9465,0.724208,0.697786
1786702333.623014,93.146842,2810,29.70,475.48,68.46,1.0000,0.742931,0.142632,463.52,335.14,0.9465,0.724255,0.698203
1786702333.670909,93.194737,2811,29.70,475.46,68.50,1.0000,0.742906,0.142704,463.53,335.13,0.9468,0.724267,0.698182
1786702333.686923,93.210751,2812,29.70,475.46,68.57,1.0000,0.742913,0.142845,463.48,335.22,0.9454,0.724181,0.698373
1786702333.734803,93.258631,2813,29.74,475.51,68.58,1.0000,0.742987,0.142873,463.51,335.27,0.9455,0.724235,0.698488
1786702333.783195,93.307023,2814,29.74,475.59,68.56,1.0000,0.743116,0.142833,463.48,335.19,0.9446,0.724182,0.698310
1786702333.798610,93.322438,2815,29.74,475.57,68.60,1.0000,0.743080,0.142911,463.64,335.21,0.9459,0.724439,0.698360
1786702333.846598,93.370426,2816,29.74,475.67,68.64,1.0000,0.743238,0.143003,463.60,335.41,0.9468,0.724374,0.698766
1786702333.867507,93.391335,2817,29.74,475.68,68.64,1.0000,0.743244,0.143005,463.34,335.40,0.9456,0.723967,0.698750
1786702333.910440,93.434268,2818,29.74,475.90,68.52,1.0000,0.743593,0.142741,463.37,335.42,0.9462,0.724023,0.698796
1786702333.942772,93.466600,2819,29.74,475.95,68.49,1.0000,0.743673,0.142692,463.58,335.44,0.9473,0.724345,0.698826
1786702333.974884,93.498712,2820,29.74,475.93,68.49,1.0000,0.743647,0.142692,463.68,335.40,0.9468,0.724494,0.698746
1786702333.992547,93.516375,2821,29.74,475.93,68.49,1.0000,0.743640,0.142693,463.65,335.35,0.9457,0.724453,0.698640
1786702334.027711,93.551539,2822,29.74,475.98,68.55,1.0000,0.743717,0.142810,463.65,335.35,0.9467,0.724460,0.698639
1786702334.085931,93.609759,2823,29.74,475.91,68.58,1.0000,0.743617,0.142875,463.78,335.41,0.9478,0.724650,0.698763
1786702334.102047,93.625875,2824,29.74,475.67,68.62,1.0000,0.743234,0.142960,463.76,335.40,0.9460,0.724623,0.698759
1786702334.129356,93.653184,2825,29.74,475.67,68.62,1.0000,0.743235,0.142951,463.75,335.35,0.9443,0.724608,0.698651
1786702334.182347,93.706175,2826,29.74,475.60,68.64,1.0000,0.743125,0.142999,463.89,335.39,0.9446,0.724825,0.698729
1786702334.213330,93.737158,2827,29.74,475.62,68.64,1.0000,0.743151,0.142994,463.67,335.34,0.9425,0.724487,0.698617
1786702334.228940,93.752768,2828,29.74,475.62,68.66,1.0000,0.743152,0.143046,463.67,335.28,0.9424,0.724481,0.698505
1786702334.276568,93.800396,2829,29.78,475.52,69.03,1.0000,0.743006,0.143814,463.76,335.30,0.9432,0.724629,0.698539
1786702334.294654,93.818482,2830,29.78,475.62,68.96,1.0000,0.743152,0.143670,463.77,335.17,0.9422,0.724638,0.698268
1786702334.329795,93.853623,2831,29.78,475.58,68.97,1.0000,0.743089,0.143694,463.81,335.17,0.9412,0.724709,0.698274
1786702334.367127,93.890955,2832,29.78,475.58,68.98,1.0000,0.743087,0.143710,463.85,335.19,0.9413,0.724767,0.698306
1786702334.393553,93.917382,2833,29.78,475.80,68.91,1.0000,0.743442,0.143566,463.83,335.19,0.9417,0.724738,0.698309
1786702334.420326,93.944155,2834,29.78,475.90,68.86,1.0000,0.743594,0.143455,463.82,335.28,0.9434,0.724715,0.698495
1786702334.468093,93.991921,2835,29.78,475.95,68.86,1.0000,0.743666,0.143453,464.00,335.53,0.9439,0.725004,0.699012
1786702334.500168,94.023996,2836,29.78,475.92,68.85,1.0000,0.743622,0.143441,463.99,335.34,0.9451,0.724982,0.698615
1786702334.534543,94.058371,2837,29.78,475.96,68.82,1.0000,0.743684,0.143366,464.01,335.28,0.9444,0.725016,0.698491
1786702334.571280,94.095108,2838,29.78,475.97,68.80,1.0000,0.743702,0.143334,464.06,335.27,0.9438,0.725100,0.698489
1786702334.611446,94.135274,2839,29.78,475.96,68.75,1.0000,0.743693,0.143238,464.09,335.27,0.9431,0.725140,0.698479
1786702334.643686,94.167514,2840,29.78,476.08,68.73,1.0000,0.743880,0.143198,464.10,335.26,0.9429,0.725150,0.698461
1786702334.659328,94.183156,2841,29.78,476.08,68.73,1.0000,0.743879,0.143188,464.09,335.20,0.9432,0.725142,0.698335
1786702334.712746,94.236574,2842,29.78,476.10,68.59,1.0000,0.743900,0.142904,464.09,335.13,0.9435,0.725138,0.698191
1786702334.755559,94.279387,2843,29.78,476.10,68.59,1.0000,0.743901,0.142903,464.01,335.04,0.9425,0.725011,0.698006
1786702334.782534,94.306362,2844,29.77,476.18,68.58,1.0000,0.744035,0.142874,464.07,334.98,0.9432,0.725110,0.697874
1786702334.786568,94.310396,2845,29.77,476.16,68.57,1.0000,0.744006,0.142854,464.03,335.03,0.9440,0.725042,0.697975
1786702334.835731,94.359559,2846,29.77,476.16,68.62,1.0000,0.743996,0.142951,463.96,335.07,0.9445,0.724931,0.698054
1786702334.855665,94.379493,2847,29.77,476.11,68.62,1.0000,0.743929,0.142953,463.96,335.09,0.9448,0.724932,0.698097
1786702334.915655,94.439483,2848,29.77,476.15,68.62,1.0000,0.743985,0.142950,463.97,335.09,0.9457,0.724953,0.698108
1786702334.946510,94.470338,2849,29.77,476.18,68.61,1.0000,0.744036,0.142932,463.96,335.10,0.9471,0.724937,0.698117
1786702334.962296,94.486124,2850,29.77,476.10,68.63,1.0000,0.743903,0.142970,463.87,335.07,0.9473,0.724798,0.698068
1786702335.010720,94.534548,2851,29.77,476.10,68.63,1.0000,0.743912,0.142978,463.80,335.20,0.9474,0.724688,0.698328
1786702335.026266,94.550094,2852,29.77,476.10,68.63,1.0000,0.743901,0.142972,463.83,335.21,0.9477,0.724729,0.698357
1786702335.073810,94.597638,2853,29.77,476.07,68.85,1.0000,0.743858,0.143433,463.80,335.17,0.9476,0.724692,0.698263
1786702335.105883,94.629711,2854,29.77,476.02,68.87,1.0000,0.743776,0.143476,463.78,335.17,0.9466,0.724659,0.698273
1786702335.137307,94.661135,2855,29.77,475.97,69.01,1.0000,0.743707,0.143764,463.86,335.09,0.9472,0.724778,0.698109
1786702335.169634,94.693462,2856,29.77,476.00,68.96,1.0000,0.743746,0.143676,463.89,335.05,0.9483,0.724825,0.698013
1786702335.195247,94.719075,2857,29.77,476.00,68.97,1.0000,0.743750,0.143682,463.73,335.14,0.9490,0.724582,0.698201
1786702335.250134,94.773962,2858,29.77,475.94,69.00,1.0000,0.743653,0.143753,463.66,335.08,0.9496,0.724475,0.698090
1786702335.281405,94.805233,2859,29.73,475.98,68.92,1.0000,0.743716,0.143591,463.70,335.27,0.9497,0.724534,0.698484
1786702335.297613,94.821441,2860,29.73,476.07,68.85,1.0000,0.743856,0.143437,463.82,335.27,0.9497,0.724726,0.698489
1786702335.345741,94.869569,2861,29.73,476.25,68.78,1.0000,0.744138,0.143299,463.87,335.37,0.9508,0.724800,0.698686
1786702335.377434,94.901262,2862,29.73,476.38,68.78,1.0000,0.744341,0.143283,463.97,335.50,0.9519,0.724952,0.698966
1786702335.397905,94.921733,2863,29.73,476.44,68.77,1.0000,0.744432,0.143281,463.76,335.53,0.9514,0.724623,0.699019
1786702335.440945,94.964773,2864,29.73,476.67,68.90,1.0000,0.744801,0.143538,463.72,335.49,0.9517,0.724567,0.698938
1786702335.458976,94.982804,2865,29.73,476.67,68.84,1.0000,0.744802,0.143413,463.84,335.59,0.9528,0.724752,0.699144
1786702335.497072,95.020900,2866,29.73,476.68,68.83,1.0000,0.744815,0.143400,463.94,335.61,0.9530,0.724905,0.699191
1786702335.553048,95.076876,2867,29.73,476.56,68.80,1.0000,0.744621,0.143339,464.03,335.68,0.9523,0.725049,0.699341
1786702335.565103,95.088931,2868,29.73,476.56,68.66,1.0000,0.744618,0.143037,463.98,335.69,0.9526,0.724972,0.699347
1786702335.595355,95.119183,2869,29.73,476.55,68.66,1.0000,0.744616,0.143036,463.98,335.60,0.9521,0.724964,0.699166
1786702335.643845,95.167673,2870,29.73,476.65,68.69,1.0000,0.744768,0.143102,463.89,335.35,0.9512,0.724830,0.698641
1786702335.660241,95.184069,2871,29.73,476.76,68.69,1.0000,0.744934,0.143099,463.91,335.01,0.9522,0.724863,0.697932
1786702335.715330,95.239158,2872,29.73,476.97,68.61,1.0000,0.745260,0.142945,463.78,335.01,0.9510,0.724658,0.697939
1786702335.746366,95.270194,2873,29.73,477.23,68.61,1.0000,0.745672,0.142943,463.89,335.04,0.9513,0.724830,0.697996
1786702335.762366,95.286194,2874,29.73,477.23,68.70,1.0000,0.745677,0.143121,463.83,335.20,0.9503,0.724737,0.698332
1786702335.810638,95.334466,2875,29.83,477.24,68.71,1.0000,0.745683,0.143142,463.75,335.05,0.9487,0.724607,0.698015
1786702335.843323,95.367151,2876,29.83,477.26,68.56,1.0000,0.745712,0.142826,463.63,334.96,0.9479,0.724430,0.697823
1786702335.875044,95.398872,2877,29.83,477.27,68.54,1.0000,0.745729,0.142782,463.64,334.96,0.9476,0.724430,0.697828
1786702335.898439,95.422267,2878,29.83,477.33,68.53,1.0000,0.745828,0.142778,463.66,334.87,0.9477,0.724476,0.697650
1786702335.938557,95.462385,2879,29.83,477.39,68.53,1.0000,0.745919,0.142765,463.75,335.11,0.9475,0.724607,0.698156
1786702335.969923,95.493752,2880,29.83,477.55,68.54,1.0000,0.746179,0.142786,463.85,335.15,0.9477,0.724767,0.698220
1786702336.002114,95.525942,2881,29.83,477.57,68.62,1.0000,0.746199,0.142966,463.87,335.00,0.9477,0.724803,0.697927
1786702336.033866,95.557694,2882,29.83,477.57,68.68,1.0000,0.746201,0.143083,463.87,334.92,0.9483,0.724803,0.697749
1786702336.065999,95.589827,2883,29.83,477.74,68.66,1.0000,0.746466,0.143036,463.97,334.91,0.9495,0.724952,0.697721
1786702336.118116,95.641944,2884,29.83,477.81,68.65,1.0000,0.746583,0.143018,464.04,334.92,0.9502,0.725055,0.697749
1786702336.131524,95.655352,2885,29.83,478.00,68.42,1.0000,0.746872,0.142549,463.97,334.95,0.9508,0.724946,0.697811
1786702336.172172,95.696000,2886,29.83,477.99,68.45,1.0000,0.746866,0.142615,464.01,335.06,0.9518,0.725022,0.698039
1786702336.201023,95.724851,2887,29.83,478.25,68.41,1.0000,0.747265,0.142516,464.10,335.08,0.9523,0.725160,0.698075
1786702336.240659,95.764487,2888,29.83,478.33,68.45,1.0000,0.747385,0.142614,464.10,335.11,0.9522,0.725150,0.698136
1786702336.259201,95.783029,2889,29.83,478.31,68.46,1.0000,0.747355,0.142616,464.12,335.13,0.9533,0.725192,0.698197
1786702336.304109,95.827937,2890,29.83,478.32,68.46,1.0000,0.747370,0.142619,464.26,335.18,0.9547,0.725403,0.698297
1786702336.336561,95.860389,2891,29.95,478.25,68.46,1.0000,0.747272,0.142625,464.27,335.17,0.9552,0.725430,0.698263
1786702336.368274,95.892102,2892,29.95,478.26,68.53,1.0000,0.747274,0.142769,464.26,335.16,0.9555,0.725404,0.698259
1786702336.399804,95.923632,2893,29.95,478.47,68.40,1.0000,0.747608,0.142506,464.27,335.16,0.9542,0.725417,0.698253
1786702336.415643,95.939471,2894,29.95,478.41,68.42,1.0000,0.747511,0.142537,464.13,335.10,0.9533,0.725202,0.698123
1786702336.480572,96.004400,2895,29.95,477.86,68.49,1.0000,0.746653,0.142677,464.19,335.17,0.9531,0.725296,0.698269
1786702336.511890,96.035718,2896,29.95,477.86,68.48,1.0000,0.746653,0.142660,464.12,335.19,0.9529,0.725189,0.698323
1786702336.531775,96.055603,2897,29.95,477.86,68.42,1.0000,0.746656,0.142549,464.15,335.19,0.9534,0.725227,0.698315
1786702336.572711,96.096539,2898,29.95,477.78,68.39,1.0000,0.746523,0.142482,464.14,335.20,0.9516,0.725212,0.698328
1786702336.604311,96.128139,2899,29.95,477.65,68.41,1.0000,0.746324,0.142530,464.14,335.21,0.9502,0.725215,0.698353
1786702336.636003,96.159832,2900,29.95,477.55,68.49,1.0000,0.746179,0.142681,464.27,335.27,0.9500,0.725421,0.698487
1786702336.654732,96.178560,2901,29.95,477.56,68.49,1.0000,0.746180,0.142683,464.47,335.46,0.9518,0.725739,0.698884
1786702336.699738,96.223566,2902,29.95,477.43,68.49,1.0000,0.745980,0.142684,464.50,335.46,0.9518,0.725780,0.698883
1786702336.743827,96.267655,2903,29.95,477.37,68.48,1.0000,0.745893,0.142677,464.31,335.43,0.9512,0.725485,0.698806
1786702336.768440,96.292268,2904,29.95,477.38,68.47,1.0000,0.745906,0.142644,464.34,335.40,0.9518,0.725524,0.698756
1786702336.827356,96.351184,2905,29.95,477.38,68.49,1.0000,0.745914,0.142695,464.41,335.46,0.9518,0.725644,0.698882
1786702336.843150,96.366978,2906,29.71,477.31,68.61,1.0000,0.745797,0.142937,464.42,335.47,0.9526,0.725660,0.698896
1786702336.865290,96.389118,2907,29.71,477.28,68.63,1.0000,0.745752,0.142985,464.40,335.44,0.9524,0.725623,0.698824
1786702336.906466,96.430295,2908,29.71,477.35,68.69,1.0000,0.745858,0.143111,464.40,335.34,0.9528,0.725625,0.698615
1786702336.938693,96.462521,2909,29.71,477.38,68.71,1.0000,0.745913,0.143151,464.40,335.22,0.9533,0.725631,0.698381
1786702336.960507,96.484335,2910,29.71,477.43,68.72,1.0000,0.745981,0.143161,464.32,335.17,0.9532,0.725499,0.698260
1786702337.001256,96.525084,2911,29.71,477.36,68.62,1.0000,0.745874,0.142967,464.12,335.17,0.9530,0.725187,0.698269
1786702337.032945,96.556773,2912,29.71,477.29,68.66,1.0000,0.745759,0.143033,464.15,335.17,0.9531,0.725228,0.698264
1786702337.064475,96.588303,2913,29.71,477.26,68.65,1.0000,0.745724,0.143026,464.17,335.03,0.9534,0.725260,0.697984
1786702337.094014,96.617842,2914,29.71,477.28,68.62,1.0000,0.745757,0.142964,464.21,335.14,0.9538,0.725326,0.698204
1786702337.144955,96.668783,2915,29.71,477.25,68.67,1.0000,0.745705,0.143057,464.23,335.37,0.9524,0.725363,0.698687
1786702337.162131,96.685959,2916,29.71,477.28,68.67,1.0000,0.745751,0.143053,464.23,335.51,0.9529,0.725355,0.698973
1786702337.200012,96.723840,2917,29.71,477.30,68.61,1.0000,0.745783,0.142927,464.23,335.27,0.9512,0.725356,0.698474
1786702337.240260,96.764088,2918,29.71,477.33,68.61,1.0000,0.745821,0.142936,464.10,335.14,0.9488,0.725161,0.698206
1786702337.261259,96.785087,2919,29.71,477.33,68.64,1.0000,0.745826,0.142994,464.13,335.12,0.9489,0.725206,0.698163
1786702337.303387,96.827215,2920,29.71,477.08,68.58,1.0000,0.745438,0.142868,464.11,335.12,0.9491,0.725176,0.698165
1786702337.351355,96.875183,2921,29.71,476.13,68.49,1.0000,0.743955,0.142687,464.04,334.72,0.9484,0.725058,0.697323
1786702337.376228,96.900056,2922,29.88,476.12,68.48,1.0000,0.743937,0.142670,463.96,334.91,0.9476,0.724933,0.697722
1786702337.415394,96.939222,2923,29.88,475.54,68.48,1.0000,0.743026,0.142667,463.77,335.25,0.9480,0.724648,0.698446
1786702337.433344,96.957172,2924,29.88,475.54,68.40,1.0000,0.743038,0.142502,463.70,335.24,0.9473,0.724537,0.698426
1786702337.478741,97.002569,2925,29.88,475.58,68.37,1.0000,0.743094,0.142435,463.88,335.29,0.9480,0.724815,0.698520
1786702337.494666,97.018494,2926,29.88,475.69,68.63,1.0000,0.743261,0.142981,463.96,335.28,0.9482,0.724931,0.698493
1786702337.536945,97.060773,2927,29.88,475.66,68.62,1.0000,0.743220,0.142953,463.94,335.25,0.9493,0.724913,0.698436
1786702337.558336,97.082164,2928,29.88,475.63,68.44,1.0000,0.743179,0.142592,463.77,335.14,0.9466,0.724644,0.698201
1786702337.595279,97.119107,2929,29.88,475.61,68.54,1.0000,0.743143,0.142782,463.91,335.07,0.9462,0.724861,0.698069
1786702337.635737,97.159565,2930,29.88,475.62,69.04,1.0000,0.743155,0.143836,463.97,335.22,0.9481,0.724954,0.698369
1786702337.654109,97.177937,2931,29.88,475.55,69.04,1.0000,0.743039,0.143830,463.82,335.27,0.9470,0.724715,0.698473
1786702337.701409,97.225237,2932,29.88,474.61,68.87,1.0000,0.741586,0.143481,463.79,334.89,0.9461,0.724679,0.697697
1786702337.733349,97.257177,2933,29.88,474.68,68.91,1.0000,0.741682,0.143557,463.74,335.12,0.9469,0.724596,0.698175
1786702337.777950,97.301778,2934,29.88,474.70,69.07,1.0000,0.741724,0.143903,463.74,335.21,0.9482,0.724588,0.698355
1786702337.796267,97.320095,2935,29.88,474.70,69.08,1.0000,0.741718,0.143925,463.51,335.20,0.9483,0.724236,0.698343
1786702337.833657,97.357485,2936,29.88,474.65,68.89,1.0000,0.741634,0.143521,463.36,335.23,0.9467,0.723996,0.698402
1786702337.875784,97.399612,2937,29.88,474.65,69.01,1.0000,0.741645,0.143765,463.40,335.22,0.9460,0.724055,0.698368
1786702337.891524,97.415352,2938,30.02,474.68,69.46,1.0000,0.741690,0.144705,463.39,335.22,0.9434,0.724045,0.698367
1786702337.936482,97.460310,2939,30.02,474.79,69.34,1.0000,0.741857,0.144456,463.38,335.34,0.9413,0.724028,0.698622
1786702337.971230,97.495058,2940,30.02,474.79,69.07,1.0000,0.741864,0.143905,463.37,335.49,0.9410,0.724022,0.698941
1786702338.003991,97.527819,2941,30.02,474.59,68.67,1.0000,0.741555,0.143070,463.69,335.35,0.9413,0.724512,0.698653
1786702338.051008,97.574836,2942,30.02,474.59,68.69,1.0000,0.741552,0.143096,463.63,335.31,0.9420,0.724424,0.698557
1786702338.066988,97.590816,2943,30.02,474.30,68.70,1.0000,0.741092,0.143131,463.60,335.24,0.9402,0.724373,0.698418
1786702338.123092,97.646920,2944,30.02,474.58,68.68,1.0000,0.741536,0.143081,463.61,335.23,0.9391,0.724387,0.698392
1786702338.139883,97.663711,2945,30.02,474.59,68.42,1.0000,0.741540,0.142549,463.56,335.28,0.9385,0.724311,0.698508
1786702338.171515,97.695343,2946,30.02,474.58,68.27,1.0000,0.741527,0.142221,463.50,335.52,0.9351,0.724217,0.698993
1786702338.197487,97.721315,2947,30.02,474.59,68.27,1.0000,0.741542,0.142220,463.51,335.65,0.9373,0.724233,0.699269
1786702338.243109,97.766937,2948,30.02,474.35,68.39,1.0000,0.741168,0.142476,463.45,335.63,0.9377,0.724138,0.699224
1786702338.275136,97.798964,2949,30.02,474.35,68.39,1.0000,0.741171,0.142476,463.45,335.61,0.9390,0.724134,0.699189
1786702338.300324,97.824152,2950,30.02,474.29,68.38,1.0000,0.741081,0.142459,463.46,335.53,0.9401,0.724157,0.699019
1786702338.329917,97.853745,2951,30.02,474.31,68.38,1.0000,0.741108,0.142460,463.41,335.68,0.9401,0.724074,0.699337
1786702338.358835,97.882663,2952,30.02,474.21,68.42,1.0000,0.740951,0.142545,463.21,335.72,0.9408,0.723765,0.699418
1786702338.401148,97.924976,2953,30.02,474.25,68.21,1.0000,0.741021,0.142101,463.18,335.26,0.9413,0.723716,0.698452
1786702338.419514,97.943342,2954,30.11,474.26,68.23,1.0000,0.741025,0.142151,463.11,335.16,0.9420,0.723615,0.698243
1786702338.465372,97.989200,2955,30.11,474.28,68.23,1.0000,0.741057,0.142152,463.17,335.16,0.9427,0.723704,0.698246
1786702338.499670,98.023498,2956,30.11,474.25,68.28,1.0000,0.741022,0.142252,463.20,335.18,0.9434,0.723751,0.698294
1786702338.530564,98.054392,2957,30.11,474.27,68.11,1.0000,0.741053,0.141895,463.25,335.15,0.9449,0.723821,0.698233
1786702338.564178,98.088006,2958,30.11,474.35,68.07,1.0000,0.741168,0.141809,463.25,335.27,0.9466,0.723834,0.698472
1786702338.596177,98.120005,2959,30.11,474.44,68.06,1.0000,0.741312,0.141798,463.16,335.27,0.9461,0.723680,0.698475
1786702338.628098,98.151927,2960,30.11,474.45,68.04,1.0000,0.741327,0.141751,463.09,335.34,0.9475,0.723571,0.698629
1786702338.663927,98.187755,2961,30.11,474.45,68.03,1.0000,0.741322,0.141737,463.15,335.37,0.9480,0.723664,0.698678
1786702338.693990,98.217818,2962,30.11,474.48,68.01,1.0000,0.741368,0.141695,463.09,335.22,0.9488,0.723577,0.698372
1786702338.742563,98.266392,2963,30.11,474.65,67.99,1.0000,0.741645,0.141649,463.26,335.29,0.9496,0.723844,0.698528
1786702338.763249,98.287077,2964,30.11,474.65,68.01,1.0000,0.741643,0.141686,463.33,335.30,0.9508,0.723960,0.698538
1786702338.794809,98.318637,2965,30.11,474.83,67.96,1.0000,0.741927,0.141588,463.42,335.31,0.9517,0.724089,0.698567
1786702338.837431,98.361259,2966,30.11,474.84,67.96,1.0000,0.741931,0.141585,463.31,335.07,0.9502,0.723918,0.698054
1786702338.865605,98.389433,2967,30.11,474.78,67.96,1.0000,0.741849,0.141577,463.18,335.07,0.9497,0.723723,0.698054
1786702338.905994,98.429822,2968,30.11,474.59,68.00,1.0000,0.741544,0.141659,463.17,335.14,0.9491,0.723710,0.698209
1786702338.926378,98.450206,2969,30.00,474.59,68.06,1.0000,0.741545,0.141791,463.23,335.15,0.9501,0.723798,0.698219
1786702338.967311,98.491139,2970,30.00,474.60,68.00,1.0000,0.741568,0.141671,462.98,335.04,0.9481,0.723412,0.698003
1786702338.999382,98.523210,2971,30.00,474.56,67.99,1.0000,0.741502,0.141649,463.10,334.97,0.9489,0.723587,0.697850
1786702339.028120,98.551948,2972,30.00,474.66,68.00,1.0000,0.741649,0.141666,463.09,334.85,0.9475,0.723572,0.697614
1786702339.061064,98.584892,2973,30.00,474.59,68.04,1.0000,0.741551,0.141748,463.11,334.91,0.9472,0.723603,0.697736
1786702339.097235,98.621063,2974,30.00,474.65,68.04,1.0000,0.741641,0.141749,463.16,334.95,0.9475,0.723693,0.697822
1786702339.131771,98.655599,2975,30.00,474.72,68.09,1.0000,0.741750,0.141849,463.14,335.09,0.9484,0.723654,0.698107
1786702339.161028,98.684856,2976,30.00,474.64,68.10,1.0000,0.741619,0.141865,463.14,335.30,0.9482,0.723651,0.698552
1786702339.211487,98.735315,2977,30.00,474.60,68.13,1.0000,0.741559,0.141946,463.14,335.46,0.9477,0.723659,0.698878
1786702339.232233,98.756061,2978,30.00,474.58,68.12,1.0000,0.741537,0.141914,463.15,335.28,0.9476,0.723678,0.698509
1786702339.272950,98.796778,2979,30.00,474.78,68.23,1.0000,0.741850,0.142152,463.15,335.11,0.9468,0.723673,0.698156
1786702339.309991,98.833819,2980,30.00,474.77,68.21,1.0000,0.741828,0.142109,463.18,335.28,0.9452,0.723715,0.698506
1786702339.333320,98.857148,2981,30.00,474.80,68.24,1.0000,0.741879,0.142173,463.17,335.28,0.9460,0.723698,0.698506
1786702339.408499,98.932327,2982,30.00,474.84,68.10,1.0000,0.741944,0.141871,463.39,335.10,0.9458,0.724054,0.698133
1786702339.416624,98.940452,2983,30.00,474.87,68.25,1.0000,0.741977,0.142187,463.39,334.99,0.9447,0.724049,0.697893
1786702339.444767,98.968596,2984,29.89,474.85,68.21,1.0000,0.741948,0.142108,463.39,335.19,0.9448,0.724043,0.698313
1786702339.477687,99.001515,2985,29.89,474.88,68.21,1.0000,0.742003,0.142109,463.39,335.21,0.9454,0.724052,0.698347
1786702339.501351,99.025179,2986,29.89,474.95,68.17,1.0000,0.742107,0.142012,463.34,335.41,0.9466,0.723970,0.698776
1786702339.533019,99.056847,2987,29.89,475.05,68.14,1.0000,0.742268,0.141967,463.31,335.47,0.9462,0.723920,0.698901
1786702339.572461,99.096289,2988,29.89,474.90,68.13,1.0000,0.742026,0.141940,463.24,335.56,0.9461,0.723816,0.699088
1786702339.604182,99.128011,2989,29.89,474.83,68.18,1.0000,0.741917,0.142034,463.30,335.42,0.9458,0.723912,0.698796
1786702339.638776,99.162604,2990,29.89,474.85,68.22,1.0000,0.741955,0.142124,463.28,335.44,0.9445,0.723882,0.698835
1786702339.661106,99.184934,2991,29.89,474.80,68.22,1.0000,0.741873,0.142124,463.20,335.59,0.9443,0.723758,0.699138
1786702339.697549,99.221377,2992,29.89,474.74,68.22,1.0000,0.741777,0.142124,463.18,335.60,0.9420,0.723724,0.699177
1786702339.738431,99.262259,2993,29.89,474.74,68.31,1.0000,0.741782,0.142304,462.99,335.84,0.9413,0.723414,0.699677
1786702339.764308,99.288136,2994,29.89,474.68,68.27,1.0000,0.741690,0.142235,462.99,335.84,0.9406,0.723422,0.699662
1786702339.806836,99.330664,2995,29.89,474.68,68.24,1.0000,0.741690,0.142161,463.02,335.88,0.9410,0.723475,0.699756
1786702339.836985,99.360813,2996,29.89,474.80,68.17,1.0000,0.741875,0.142031,463.07,335.93,0.9396,0.723540,0.699848
1786702339.865026,99.388854,2997,29.89,474.81,68.16,1.0000,0.741896,0.142006,463.09,335.74,0.9401,0.723573,0.699452
1786702339.903028,99.426856,2998,29.89,474.64,68.15,1.0000,0.741622,0.141986,463.11,335.75,0.9392,0.723611,0.699486
1786702339.945105,99.468933,2999,29.91,474.56,68.13,1.0000,0.741501,0.141939,463.39,335.82,0.9406,0.724051,0.699624
1786702339.964243,99.488071,3000,29.91,474.58,68.11,1.0000,0.741524,0.141888,463.35,335.88,0.9388,0.723989,0.699742
1786702340.011113,99.534941,3001,29.91,474.49,68.14,1.0000,0.741391,0.141968,463.19,335.68,0.9389,0.723728,0.699326
1786702340.034748,99.558576,3002,29.91,474.49,68.15,1.0000,0.741394,0.141972,463.17,335.69,0.9396,0.723701,0.699350
1786702340.063343,99.587171,3003,29.91,474.66,68.14,1.0000,0.741655,0.141949,463.14,335.70,0.9392,0.723659,0.699378
1786702340.109535,99.633363,3004,29.91,474.61,68.28,1.0000,0.741585,0.142249,463.10,335.73,0.9392,0.723587,0.699434
1786702340.147942,99.671770,3005,29.91,474.62,68.25,1.0000,0.741593,0.142191,463.15,335.72,0.9408,0.723676,0.699418
1786702340.167108,99.690936,3006,29.91,474.71,68.20,1.0000,0.741738,0.142089,463.14,335.70,0.9408,0.723656,0.699374
1786702340.212620,99.736448,3007,29.91,474.58,68.18,1.0000,0.741538,0.142050,463.14,335.76,0.9410,0.723658,0.699507
1786702340.244041,99.767869,3008,29.91,474.58,68.19,1.0000,0.741537,0.142053,463.17,335.18,0.9419,0.723697,0.698300
1786702340.260069,99.783897,3009,29.91,474.58,68.18,1.0000,0.741527,0.142051,463.37,335.21,0.9444,0.724015,0.698359
1786702340.296829,99.820657,3010,29.91,474.71,68.18,1.0000,0.741739,0.142049,463.41,335.24,0.9460,0.724086,0.698422
1786702340.341933,99.865761,3011,29.91,474.64,68.18,1.0000,0.741621,0.142032,463.27,335.32,0.9470,0.723852,0.698584
1786702340.357349,99.881177,3012,29.91,474.66,68.15,1.0000,0.741649,0.141984,463.35,335.44,0.9467,0.723983,0.698833
1786702340.404490,99.928318,3013,29.91,474.84,68.02,1.0000,0.741943,0.141717,463.21,335.47,0.9451,0.723769,0.698900
1786702340.436172,99.960000,3014,29.53,474.84,68.02,1.0000,0.741934,0.141717,463.34,335.55,0.9455,0.723961,0.699062
1786702340.484030,100.007858,3015,29.53,474.82,68.02,1.0000,0.741910,0.141712,463.25,335.19,0.9457,0.723825,0.698315
1786702340.531898,100.055726,3017,29.53,474.84,68.03,1.0000,0.741944,0.141726,463.24,335.32,0.9452,0.723816,0.698589
1786702340.578625,100.102453,3019,29.53,474.75,68.03,1.0000,0.741795,0.141726,463.19,335.40,0.9447,0.723737,0.698749
1786702340.657825,100.181653,3021,29.53,474.77,67.93,1.0000,0.741826,0.141516,463.25,335.86,0.9459,0.723827,0.699715
1786702340.695151,100.218979,3022,29.53,474.77,67.88,1.0000,0.741825,0.141423,462.99,335.68,0.9442,0.723426,0.699332
1786702340.720987,100.244815,3023,29.53,474.85,67.78,1.0000,0.741959,0.141218,463.09,335.69,0.9441,0.723578,0.699347
1786702340.816332,100.340160,3026,29.53,474.70,67.79,1.0000,0.741725,0.141229,463.18,335.62,0.9415,0.723713,0.699208
1786702340.848322,100.372150,3027,29.53,474.69,67.95,1.0000,0.741701,0.141558,463.56,335.60,0.9420,0.724318,0.699162
1786702340.896518,100.420346,3028,29.53,474.69,67.95,1.0000,0.741699,0.141561,463.52,335.66,0.9416,0.724244,0.699299
1786702340.937368,100.461196,3029,27.62,474.67,67.94,1.0000,0.741676,0.141536,463.65,335.51,0.9411,0.724447,0.698974
1786702340.995374,100.519202,3031,27.62,474.57,67.94,1.0000,0.741512,0.141533,463.57,335.48,0.9398,0.724335,0.698913
1786702341.054219,100.578047,3033,27.62,474.54,67.85,1.0000,0.741463,0.141353,463.64,335.11,0.9406,0.724444,0.698149
1786702341.095436,100.619264,3034,27.62,474.53,67.88,1.0000,0.741450,0.141414,463.64,335.12,0.9396,0.724432,0.698175
1786702341.117899,100.641727,3035,27.62,474.43,67.94,1.0000,0.741303,0.141544,463.57,335.14,0.9404,0.724326,0.698208
1786702341.165864,100.689692,3036,27.62,474.30,68.08,1.0000,0.741095,0.141839,463.35,334.83,0.9415,0.723978,0.697557
1786702341.229240,100.753068,3038,27.62,474.16,68.06,1.0000,0.740879,0.141796,463.49,335.32,0.9436,0.724209,0.698590
1786702341.261259,100.785087,3039,27.62,474.49,68.02,1.0000,0.741385,0.141716,463.49,335.63,0.9434,0.724210,0.699233
1786702341.324940,100.848768,3041,27.62,474.47,68.03,1.0000,0.741356,0.141726,463.52,335.64,0.9426,0.724246,0.699242
1786702341.383602,100.907430,3042,27.62,474.63,67.99,1.0000,0.741607,0.141649,463.16,335.63,0.9395,0.723680,0.699220
1786702341.399428,100.923256,3043,27.62,474.57,68.01,1.0000,0.741519,0.141696,463.04,335.62,0.9395,0.723500,0.699217
1786702341.431123,100.954951,3044,26.50,474.50,67.99,1.0000,0.741412,0.141656,462.97,335.70,0.9389,0.723395,0.699371
1786702341.480530,101.004358,3045,26.50,474.57,67.87,1.0000,0.741515,0.141392,462.95,335.62,0.9383,0.723355,0.699205
1786702341.558695,101.082523,3048,26.50,474.53,67.87,1.0000,0.741453,0.141394,463.09,335.84,0.9393,0.723581,0.699657
1786702341.605971,101.129799,3049,26.50,474.45,67.86,1.0000,0.741334,0.141368,463.02,335.69,0.9397,0.723467,0.699354
1786702341.654329,101.178157,3051,26.50,474.41,67.86,1.0000,0.741269,0.141370,463.00,335.75,0.9388,0.723443,0.699469
1786702341.696014,101.219842,3052,26.50,474.39,67.85,1.0000,0.741240,0.141352,462.99,335.74,0.9374,0.723420,0.699459
1786702341.733860,101.257688,3053,26.50,474.37,67.90,1.0000,0.741207,0.141457,462.97,335.67,0.9379,0.723390,0.699303
1786702341.781767,101.305595,3055,26.50,474.61,67.89,1.0000,0.741577,0.141448,463.00,335.26,0.9378,0.723431,0.698454
1786702341.829778,101.353606,3056,26.50,474.60,67.91,1.0000,0.741570,0.141484,463.04,335.31,0.9397,0.723504,0.698569
1786702341.861591,101.385419,3057,26.50,474.63,67.91,1.0000,0.741617,0.141490,463.00,335.47,0.9399,0.723441,0.698888
1786702341.918623,101.442451,3058,26.50,474.61,67.91,1.0000,0.741581,0.141475,462.93,335.27,0.9398,0.723331,0.698471
1786702341.950451,101.474279,3060,25.45,474.62,67.90,1.0000,0.741597,0.141464,462.93,335.16,0.9401,0.723327,0.698256
1786702341.997655,101.521483,3061,25.45,474.55,67.90,1.0000,0.741484,0.141460,463.22,335.25,0.9417,0.723777,0.698441
1786702342.060898,101.584726,3063,25.45,474.58,67.90,1.0000,0.741528,0.141458,463.17,335.27,0.9423,0.723711,0.698476
1786702342.140224,101.664052,3065,25.45,474.58,67.74,1.0000,0.741535,0.141122,463.16,335.25,0.9422,0.723690,0.698435
1786702342.172151,101.695979,3066,25.45,474.67,67.64,1.0000,0.741672,0.140927,463.17,335.36,0.9417,0.723700,0.698671
1786702342.219489,101.743317,3067,25.45,474.70,67.57,1.0000,0.741723,0.140778,463.09,335.42,0.9403,0.723582,0.698799
1786702342.267156,101.790984,3069,25.45,474.71,67.57,1.0000,0.741729,0.140772,463.23,335.55,0.9418,0.723795,0.699064
1786702342.283273,101.807101,3070,25.45,474.71,67.59,1.0000,0.741733,0.140819,463.27,335.60,0.9424,0.723854,0.699169
1786702342.331282,101.855110,3071,25.45,474.70,67.61,1.0000,0.741722,0.140864,463.25,335.60,0.9428,0.723822,0.699168
1786702342.397477,101.921305,3073,25.45,474.77,67.63,1.0000,0.741822,0.140895,463.12,335.58,0.9409,0.723620,0.699122
1786702342.452536,101.976364,3075,25.45,474.49,67.64,1.0000,0.741397,0.140908,463.16,335.51,0.9408,0.723687,0.698985
1786702342.497532,102.021360,3076,24.40,474.50,67.63,1.0000,0.741406,0.140901,463.07,335.42,0.9404,0.723547,0.698790
1786702342.536443,102.060272,3077,24.40,474.51,67.63,1.0000,0.741422,0.140891,463.13,334.97,0.9414,0.723634,0.697863
1786702342.569798,102.093626,3078,24.40,474.54,67.62,1.0000,0.741473,0.140870,463.08,334.97,0.9404,0.723559,0.697851
1786702342.665146,102.188974,3081,24.40,474.47,67.69,1.0000,0.741356,0.141017,463.10,335.33,0.9396,0.723593,0.698613
1786702342.698160,102.221988,3082,24.40,474.27,67.69,1.0000,0.741043,0.141016,462.98,335.32,0.9394,0.723402,0.698583
1786702342.760680,102.284508,3084,24.40,474.45,67.74,1.0000,0.741330,0.141116,463.03,335.04,0.9400,0.723479,0.698002
1786702342.798492,102.322320,3085,24.40,474.64,67.73,1.0000,0.741617,0.141101,463.34,334.85,0.9411,0.723972,0.697611
1786702342.856088,102.379916,3087,24.40,474.76,67.81,1.0000,0.741812,0.141279,463.51,335.08,0.9410,0.724235,0.698077
1786702342.887809,102.411637,3088,24.40,474.70,67.83,1.0000,0.741711,0.141317,463.52,335.12,0.9429,0.724243,0.698168
1786702342.963924,102.487752,3090,24.40,474.63,67.86,1.0000,0.741608,0.141379,463.34,335.12,0.9421,0.723971,0.698163
1786702342.999928,102.523757,3091,24.40,474.77,67.91,1.0000,0.741826,0.141482,463.38,335.24,0.9425,0.724030,0.698407
1786702343.029068,102.552896,3092,23.89,474.73,67.93,1.0000,0.741772,0.141528,463.73,335.12,0.9440,0.724577,0.698175
1786702343.061017,102.584845,3093,23.89,474.71,68.02,1.0000,0.741737,0.141704,463.61,334.80,0.9438,0.724398,0.697496
1786702343.125448,102.649276,3095,23.89,474.65,68.26,1.0000,0.741636,0.142203,463.48,334.44,0.9438,0.724192,0.696742
1786702343.156925,102.680753,3096,23.89,474.59,68.20,1.0000,0.741545,0.142073,463.46,334.52,0.9435,0.724157,0.696917
1786702343.237099,102.760927,3098,23.89,474.67,68.09,1.0000,0.741673,0.141861,463.43,334.15,0.9442,0.724106,0.696146
1786702343.268766,102.792594,3099,23.89,474.67,68.09,1.0000,0.741669,0.141860,463.57,333.99,0.9455,0.724333,0.695820
1786702343.300806,102.824634,3100,23.89,474.71,67.98,1.0000,0.741735,0.141635,463.61,334.05,0.9459,0.724390,0.695934
1786702343.336876,102.860704,3101,23.89,474.74,67.99,1.0000,0.741787,0.141637,463.37,334.65,0.9461,0.724010,0.697181
1786702343.399179,102.923007,3103,23.89,474.46,67.97,1.0000,0.741344,0.141603,463.86,334.96,0.9484,0.724787,0.697830
1786702343.411909,102.935737,3104,23.89,474.43,68.00,1.0000,0.741292,0.141664,463.72,334.94,0.9472,0.724562,0.697794
1786702343.459993,102.983821,3105,23.89,474.53,68.00,1.0000,0.741452,0.141662,463.62,335.08,0.9462,0.724399,0.698090
1786702343.499457,103.023285,3106,23.89,474.53,67.98,1.0000,0.741457,0.141624,463.55,335.10,0.9465,0.724303,0.698120
1786702343.531087,103.054915,3107,23.87,474.53,67.99,1.0000,0.741452,0.141650,463.73,335.09,0.9467,0.724571,0.698094
1786702343.581935,103.105763,3108,23.87,474.50,67.94,1.0000,0.741413,0.141538,463.64,335.14,0.9456,0.724435,0.698218
1786702343.614680,103.138508,3109,23.87,474.47,67.94,1.0000,0.741356,0.141532,463.62,335.35,0.9471,0.724401,0.698654
1786702343.645647,103.169475,3110,23.87,474.46,67.98,1.0000,0.741340,0.141616,463.49,335.34,0.9473,0.724202,0.698615
1786702343.692867,103.216695,3112,23.87,474.42,68.20,1.0000,0.741282,0.142094,463.44,335.49,0.9472,0.724124,0.698938
1786702343.740572,103.264400,3113,23.87,474.44,68.24,1.0000,0.741305,0.142170,463.38,335.41,0.9477,0.724027,0.698772
1786702343.803863,103.327691,3115,23.87,474.96,68.28,1.0000,0.742118,0.142249,463.29,335.50,0.9470,0.723887,0.698958
1786702343.819760,103.343588,3116,23.87,474.97,68.19,1.0000,0.742135,0.142053,463.26,335.55,0.9469,0.723849,0.699066
1786702343.867805,103.391633,3117,23.87,474.98,68.19,1.0000,0.742164,0.142056,463.23,335.43,0.9459,0.723796,0.698813
1786702343.899126,103.422954,3118,23.87,475.07,68.15,1.0000,0.742293,0.141973,463.22,335.21,0.9469,0.723776,0.698362
1786702343.948853,103.472681,3119,23.87,475.15,68.15,1.0000,0.742428,0.141974,463.19,335.21,0.9474,0.723733,0.698350
1786702343.978049,103.501877,3120,23.87,475.11,68.37,1.0000,0.742366,0.142435,463.32,335.29,0.9467,0.723930,0.698527
1786702344.010602,103.534430,3121,23.87,475.12,68.37,1.0000,0.742379,0.142434,463.43,335.43,0.9472,0.724112,0.698817
1786702344.067838,103.591666,3123,23.87,475.12,68.01,1.0000,0.742376,0.141678,463.43,335.24,0.9483,0.724112,0.698415
1786702344.100542,103.624370,3124,23.87,475.18,68.08,1.0000,0.742462,0.141827,463.44,335.17,0.9487,0.724125,0.698267
1786702344.162971,103.686800,3126,23.87,475.20,68.01,1.0000,0.742500,0.141695,463.55,335.36,0.9498,0.724297,0.698658
1786702344.210666,103.734494,3127,23.87,475.24,68.01,1.0000,0.742566,0.141681,463.78,335.13,0.9497,0.724656,0.698178
1786702344.226307,103.750135,3128,23.87,475.45,68.00,1.0000,0.742894,0.141677,463.77,335.23,0.9510,0.724636,0.698403
1786702344.300990,103.824818,3130,23.87,475.71,68.01,1.0000,0.743303,0.141686,463.80,335.16,0.9517,0.724684,0.698252
1786702344.321367,103.845195,3131,23.87,475.72,68.12,1.0000,0.743315,0.141922,463.78,335.23,0.9510,0.724662,0.698392
1786702344.337162,103.860990,3132,23.87,475.78,68.13,1.0000,0.743403,0.141948,463.70,335.47,0.9514,0.724528,0.698886
1786702344.429219,103.953047,3134,23.87,475.64,68.28,1.0000,0.743187,0.142249,463.82,335.46,0.9513,0.724716,0.698873
1786702344.463787,103.987615,3135,23.87,475.62,68.31,1.0000,0.743155,0.142315,463.79,335.23,0.9513,0.724674,0.698404
1786702344.512173,104.036001,3136,23.87,475.66,68.37,1.0000,0.743217,0.142433,463.80,335.28,0.9516,0.724680,0.698501
1786702344.555670,104.079498,3138,23.71,475.68,68.39,1.0000,0.743245,0.142483,463.77,335.46,0.9524,0.724636,0.698866
1786702344.603549,104.127377,3139,23.71,475.84,68.42,1.0000,0.743495,0.142534,463.59,335.50,0.9523,0.724360,0.698964
1786702344.651312,104.175140,3141,23.71,475.70,68.41,1.0000,0.743278,0.142524,463.60,335.66,0.9512,0.724383,0.699298
1786702344.683295,104.207123,3142,23.71,475.68,68.32,1.0000,0.743256,0.142342,463.62,335.76,0.9515,0.724400,0.699495
1786702344.714972,104.238801,3143,23.71,475.66,68.32,1.0000,0.743219,0.142337,463.77,335.51,0.9509,0.724637,0.698972
1786702344.794531,104.318359,3145,23.71,475.60,68.35,1.0000,0.743128,0.142390,463.53,335.57,0.9492,0.724262,0.699102
1786702344.842278,104.366107,3146,23.71,475.60,68.35,1.0000,0.743122,0.142391,463.46,335.55,0.9488,0.724153,0.699059
1786702344.858255,104.382083,3147,23.71,475.60,68.31,1.0000,0.743120,0.142313,463.43,335.49,0.9473,0.724110,0.698933
1786702344.890006,104.413834,3148,23.71,475.77,68.38,1.0000,0.743386,0.142458,463.31,335.43,0.9469,0.723925,0.698813
1786702344.969623,104.493451,3150,23.71,475.79,68.32,1.0000,0.743420,0.142329,463.30,335.42,0.9465,0.723900,0.698788
1786702345.002768,104.526596,3151,23.71,475.79,68.10,1.0000,0.743415,0.141876,463.12,335.32,0.9461,0.723624,0.698581
1786702345.033614,104.557442,3152,23.08,475.70,67.78,1.0000,0.743278,0.141218,463.35,335.40,0.9477,0.723984,0.698757
1786702345.091885,104.615713,3154,23.08,475.65,67.71,1.0000,0.743202,0.141062,463.36,335.39,0.9477,0.723996,0.698735
1786702345.155654,104.679482,3156,23.08,475.48,67.70,1.0000,0.742942,0.141047,463.09,335.45,0.9470,0.723576,0.698844
1786702345.218599,104.742427,3157,23.08,475.57,67.86,1.0000,0.743071,0.141384,463.07,335.12,0.9446,0.723547,0.698162
1786702345.234313,104.758141,3158,23.08,475.58,67.79,1.0000,0.743093,0.141221,463.07,335.04,0.9456,0.723540,0.698004
1786702345.297897,104.821725,3160,23.08,475.45,67.85,1.0000,0.742898,0.141358,462.99,335.13,0.9459,0.723422,0.698180
1786702345.329782,104.853610,3161,23.08,475.39,67.87,1.0000,0.742799,0.141389,462.97,335.17,0.9450,0.723384,0.698276
1786702345.361791,104.885619,3162,23.08,475.01,67.86,1.0000,0.742208,0.141375,462.88,335.13,0.9450,0.723253,0.698186
1786702345.425677,104.949505,3164,23.08,474.76,67.86,1.0000,0.741807,0.141376,462.93,335.62,0.9456,0.723323,0.699210
1786702345.457136,104.980964,3165,23.08,474.62,68.11,1.0000,0.741592,0.141895,462.92,335.60,0.9455,0.723313,0.699175
1786702345.520439,105.044267,3167,23.08,474.05,68.23,1.0000,0.740706,0.142155,463.03,335.54,0.9462,0.723489,0.699031
1786702345.568385,105.092213,3168,23.08,473.97,68.40,1.0000,0.740571,0.142498,463.13,335.51,0.9468,0.723640,0.698990
1786702345.595738,105.119566,3169,23.24,473.92,68.40,1.0000,0.740502,0.142492,463.12,335.64,0.9476,0.723626,0.699260
1786702345.625950,105.149778,3170,23.24,473.73,68.42,1.0000,0.740196,0.142540,463.07,335.61,0.9484,0.723541,0.699181
1786702345.673359,105.197187,3171,23.24,473.71,68.40,1.0000,0.740170,0.142510,463.10,335.61,0.9484,0.723594,0.699195
1786702345.689344,105.213172,3172,23.24,473.71,68.49,1.0000,0.740177,0.142691,463.15,335.55,0.9476,0.723670,0.699053
1786702345.736574,105.260402,3173,23.24,473.71,68.49,1.0000,0.740170,0.142688,463.16,335.54,0.9458,0.723695,0.699044
1786702345.806042,105.329870,3174,23.24,473.60,68.67,1.0000,0.740005,0.143054,463.31,335.41,0.9461,0.723926,0.698780
1786702345.818635,105.342463,3176,23.24,473.37,68.74,1.0000,0.739647,0.143207,463.23,335.51,0.9446,0.723799,0.698971
1786702345.864526,105.388354,3177,23.24,472.76,68.74,1.0000,0.738690,0.143210,463.20,335.64,0.9430,0.723748,0.699247
1786702345.928009,105.451837,3179,23.24,472.54,68.77,1.0000,0.738336,0.143274,463.19,335.67,0.9443,0.723729,0.699302
1786702345.959857,105.483685,3180,23.24,472.59,68.73,1.0000,0.738428,0.143191,463.15,335.60,0.9432,0.723680,0.699167
1786702345.991478,105.515306,3181,23.24,472.52,68.74,1.0000,0.738308,0.143218,463.09,335.11,0.9415,0.723580,0.698144
1786702346.071041,105.594869,3183,23.24,472.52,68.80,1.0000,0.738311,0.143325,463.08,334.90,0.9426,0.723563,0.697711
1786702346.105019,105.628847,3184,23.08,472.44,68.75,1.0000,0.738194,0.143225,463.02,334.88,0.9420,0.723469,0.697664
1786702346.161079,105.684907,3186,23.08,472.35,68.75,1.0000,0.738051,0.143225,463.07,335.04,0.9426,0.723554,0.698002
1786702346.208606,105.732434,3188,23.08,472.34,68.75,1.0000,0.738029,0.143232,463.17,334.99,0.9426,0.723704,0.697901
1786702346.240557,105.764385,3189,23.08,472.49,68.75,1.0000,0.738269,0.143237,463.06,335.34,0.9430,0.723532,0.698629
1786702346.336133,105.859962,3191,23.08,472.75,68.38,1.0000,0.738668,0.142453,463.04,335.63,0.9436,0.723499,0.699223
1786702346.352087,105.875915,3192,23.08,472.76,68.42,1.0000,0.738688,0.142547,462.90,335.78,0.9441,0.723275,0.699545
1786702346.415803,105.939631,3193,23.08,472.95,68.35,1.0000,0.738989,0.142386,463.34,335.72,0.9465,0.723975,0.699427
1786702346.447290,105.971118,3194,23.08,473.58,68.34,1.0000,0.739967,0.142382,463.28,335.67,0.9466,0.723876,0.699312
1786702346.478956,106.002784,3195,23.08,473.68,68.17,1.0000,0.740118,0.142015,463.82,335.36,0.9453,0.724716,0.698670
1786702346.549170,106.072999,3198,23.08,473.74,68.14,1.0000,0.740215,0.141958,463.57,335.30,0.9459,0.724333,0.698545
1786702346.585193,106.109021,3199,22.43,473.85,68.16,1.0000,0.740396,0.142001,463.50,335.31,0.9455,0.724214,0.698569
1786702346.648099,106.171927,3201,22.43,473.98,68.09,1.0000,0.740597,0.141853,463.47,335.63,0.9447,0.724164,0.699221
1786702346.705820,106.229648,3203,22.43,474.05,68.05,1.0000,0.740698,0.141766,463.35,335.64,0.9438,0.723986,0.699251
1786702346.735806,106.259634,3204,22.43,474.17,68.01,1.0000,0.740891,0.141683,463.13,335.58,0.9425,0.723647,0.699129
1786702346.815140,106.338968,3205,22.43,474.17,68.00,1.0000,0.740885,0.141664,463.08,335.66,0.9430,0.723565,0.699288
1786702346.847057,106.370885,3207,22.43,473.91,67.97,1.0000,0.740489,0.141613,463.16,335.81,0.9428,0.723690,0.699607
1786702346.894687,106.418515,3208,22.43,474.05,67.97,1.0000,0.740708,0.141611,463.28,335.83,0.9433,0.723872,0.699647
1786702346.942558,106.466386,3210,22.43,473.99,68.02,1.0000,0.740609,0.141709,463.26,335.67,0.9430,0.723838,0.699313
1786702347.007015,106.530843,3211,22.43,474.10,67.89,1.0000,0.740788,0.141432,463.48,335.67,0.9441,0.724190,0.699317
1786702347.009028,106.532856,3212,22.43,474.10,67.89,1.0000,0.740784,0.141446,463.50,335.62,0.9461,0.724221,0.699217
1786702347.053963,106.577791,3213,22.43,474.12,67.92,1.0000,0.740814,0.141495,463.50,335.60,0.9465,0.724215,0.699158
1786702347.101630,106.625458,3214,22.34,474.12,67.89,1.0000,0.740815,0.141438,463.72,335.82,0.9477,0.724567,0.699632
1786702347.165215,106.689044,3216,22.34,474.60,67.89,1.0000,0.741570,0.141441,463.72,335.93,0.9488,0.724556,0.699847
