host_epoch,t_rel,frame_number,fps,head_x,head_y,head_confidence,head_x_norm,head_y_norm,feet_x,feet_y,feet_confidence,feet_x_norm,feet_y_norm
1786703337.399152,-0.015966,19,0.00,282.53,70.29,1.0000,0.441460,0.146432,292.68,332.83,0.9812,0.457315,0.693398
1786703337.503418,0.088299,22,0.00,282.53,70.29,1.0000,0.441460,0.146442,292.60,332.82,0.9811,0.457192,0.693378
1786703337.518762,0.103644,23,0.00,282.56,70.29,1.0000,0.441493,0.146443,292.59,332.92,0.9813,0.457178,0.693578
1786703337.604190,0.189071,25,0.00,282.49,70.25,1.0000,0.441396,0.146359,292.59,332.89,0.9814,0.457169,0.693512
1786703337.707742,0.292624,27,0.00,282.47,70.30,1.0000,0.441358,0.146465,292.52,333.05,0.9814,0.457068,0.693855
1786703337.710489,0.295371,28,0.00,282.47,70.31,1.0000,0.441357,0.146470,292.49,333.06,0.9814,0.457008,0.693866
1786703337.812780,0.397661,29,0.00,282.43,70.33,1.0000,0.441305,0.146523,292.48,333.09,0.9814,0.457000,0.693935
1786703337.830379,0.415260,32,0.00,282.25,70.31,1.0000,0.441010,0.146485,292.49,333.09,0.9819,0.457014,0.693933
1786703337.911007,0.495888,34,17.81,282.25,70.30,1.0000,0.441016,0.146453,292.51,333.10,0.9820,0.457040,0.693968
1786703337.928380,0.513261,35,17.81,282.10,70.29,1.0000,0.440780,0.146445,292.49,333.10,0.9821,0.457011,0.693948
1786703338.013868,0.598749,36,17.81,282.06,70.25,1.0000,0.440725,0.146350,292.41,333.13,0.9819,0.456885,0.694023
1786703338.031665,0.616546,38,17.81,281.96,70.25,1.0000,0.440561,0.146357,292.44,333.17,0.9818,0.456931,0.694101
1786703338.070283,0.655165,39,17.81,281.91,70.25,1.0000,0.440484,0.146352,292.46,333.23,0.9817,0.456961,0.694236
1786703338.117167,0.702048,40,17.81,281.90,70.27,1.0000,0.440474,0.146387,292.46,333.28,0.9816,0.456970,0.694338
1786703338.129544,0.714425,41,17.81,281.90,70.32,1.0000,0.440472,0.146504,292.43,333.29,0.9815,0.456927,0.694345
1786703338.218802,0.803683,43,17.81,281.85,70.25,1.0000,0.440390,0.146349,292.46,333.53,0.9816,0.456961,0.694845
1786703338.240409,0.825290,44,17.81,281.85,70.24,1.0000,0.440397,0.146340,292.44,333.45,0.9815,0.456941,0.694694
1786703338.261949,0.846830,45,17.81,281.86,70.26,1.0000,0.440411,0.146383,292.45,333.45,0.9816,0.456953,0.694689
1786703338.296160,0.881042,46,17.81,281.86,70.26,1.0000,0.440410,0.146380,292.43,333.44,0.9815,0.456929,0.694674
1786703338.314469,0.899351,47,17.81,281.84,70.26,1.0000,0.440376,0.146377,292.45,333.43,0.9814,0.456946,0.694641
1786703338.351859,0.936740,48,17.81,281.78,70.24,1.0000,0.440278,0.146337,292.43,333.48,0.9816,0.456928,0.694746
1786703338.387652,0.972533,49,17.81,281.80,70.25,1.0000,0.440314,0.146355,292.44,333.37,0.9810,0.456938,0.694521
1786703338.435005,1.019886,50,19.59,281.69,70.24,1.0000,0.440140,0.146336,292.51,333.37,0.9811,0.457042,0.694521
1786703338.476541,1.061422,51,19.59,281.69,70.07,1.0000,0.440138,0.145989,292.53,333.33,0.9810,0.457076,0.694447
1786703338.497363,1.082244,52,19.59,281.68,70.08,1.0000,0.440128,0.145990,292.51,333.35,0.9810,0.457053,0.694476
1786703338.527973,1.112854,53,19.59,281.68,70.10,1.0000,0.440124,0.146051,292.55,333.28,0.9810,0.457111,0.694340
1786703338.569927,1.154808,54,19.59,281.43,70.09,1.0000,0.439738,0.146030,292.56,333.28,0.9811,0.457132,0.694341
1786703338.594390,1.179271,55,19.59,281.41,70.09,1.0000,0.439706,0.146024,292.56,333.28,0.9811,0.457127,0.694324
1786703338.640849,1.225730,56,19.59,281.34,70.15,1.0000,0.439601,0.146139,292.58,333.32,0.9814,0.457157,0.694422
1786703338.665401,1.250282,57,19.59,281.35,70.15,1.0000,0.439611,0.146153,292.57,333.32,0.9813,0.457136,0.694414
1786703338.702705,1.287586,58,19.59,281.15,70.19,1.0000,0.439290,0.146219,292.56,332.99,0.9812,0.457126,0.693721
1786703338.737769,1.322651,59,19.59,281.13,70.19,1.0000,0.439271,0.146220,292.58,333.13,0.9813,0.457155,0.694030
1786703338.758002,1.342883,60,19.59,281.19,70.18,1.0000,0.439366,0.146214,292.58,333.11,0.9813,0.457155,0.693970
1786703338.819009,1.403890,61,19.59,280.99,70.14,1.0000,0.439048,0.146133,292.58,333.12,0.9816,0.457159,0.693994
1786703338.836217,1.421098,62,19.59,281.04,70.14,1.0000,0.439122,0.146132,292.54,333.12,0.9816,0.457092,0.694005
1786703338.868597,1.453479,63,19.59,281.05,70.14,1.0000,0.439143,0.146133,292.53,333.17,0.9815,0.457079,0.694099
1786703338.899789,1.484670,64,19.59,281.07,70.14,1.0000,0.439177,0.146115,292.57,333.04,0.9815,0.457134,0.693836
1786703338.936311,1.521192,65,21.59,281.00,70.13,1.0000,0.439058,0.146114,292.48,333.07,0.9816,0.457005,0.693893
1786703338.968251,1.553132,66,21.59,281.18,70.12,1.0000,0.439349,0.146080,292.49,332.86,0.9817,0.457023,0.693450
1786703338.984108,1.568989,67,21.59,281.21,70.13,1.0000,0.439396,0.146103,292.49,333.03,0.9816,0.457018,0.693820
1786703339.032525,1.617407,68,21.59,281.20,70.12,1.0000,0.439382,0.146073,292.48,333.04,0.9816,0.456993,0.693834
1786703339.096969,1.681851,69,21.59,281.19,69.91,1.0000,0.439355,0.145641,292.48,333.21,0.9818,0.456997,0.694195
1786703339.113633,1.698514,70,21.59,281.19,69.91,1.0000,0.439360,0.145642,292.49,333.18,0.9816,0.457011,0.694122
1786703339.144435,1.729316,71,21.59,281.22,69.90,1.0000,0.439406,0.145633,292.50,333.41,0.9812,0.457036,0.694614
1786703339.160420,1.745301,72,21.59,281.29,69.90,1.0000,0.439523,0.145635,292.50,333.46,0.9811,0.457032,0.694717
1786703339.192567,1.777448,73,21.59,281.31,69.92,1.0000,0.439547,0.145659,292.50,333.51,0.9807,0.457029,0.694804
1786703339.229840,1.814721,74,21.59,281.31,70.00,1.0000,0.439546,0.145834,292.50,333.45,0.9807,0.457037,0.694688
1786703339.258563,1.843444,75,21.59,281.38,70.00,1.0000,0.439655,0.145843,292.48,333.45,0.9806,0.457004,0.694680
1786703339.292571,1.877452,76,21.59,281.38,69.99,1.0000,0.439656,0.145821,292.48,333.40,0.9806,0.457005,0.694577
1786703339.329911,1.914793,77,21.59,281.42,69.96,1.0000,0.439726,0.145750,292.42,333.40,0.9804,0.456906,0.694580
1786703339.366737,1.951618,78,21.59,281.63,69.96,1.0000,0.440040,0.145749,292.40,333.32,0.9803,0.456883,0.694416
1786703339.398599,1.983481,79,21.59,281.62,70.02,1.0000,0.440038,0.145874,292.43,333.36,0.9805,0.456918,0.694496
1786703339.431497,2.016378,80,21.59,281.67,69.92,1.0000,0.440114,0.145674,292.51,333.07,0.9808,0.457039,0.693889
1786703339.465569,2.050451,81,23.34,281.82,69.90,1.0000,0.440339,0.145633,292.52,333.10,0.9808,0.457065,0.693950
1786703339.494400,2.079281,82,23.34,281.95,69.93,1.0000,0.440552,0.145679,292.52,333.04,0.9812,0.457065,0.693840
1786703339.526524,2.111405,83,23.34,281.97,69.94,1.0000,0.440583,0.145701,292.50,332.98,0.9810,0.457025,0.693707
1786703339.574418,2.159299,84,23.34,282.00,69.97,1.0000,0.440627,0.145764,292.51,333.15,0.9809,0.457052,0.694053
1786703339.605932,2.190813,85,23.34,282.18,69.97,1.0000,0.440904,0.145763,292.56,333.20,0.9805,0.457129,0.694164
1786703339.637842,2.222724,86,23.34,282.13,70.04,1.0000,0.440830,0.145917,292.57,333.22,0.9806,0.457137,0.694208
1786703339.670825,2.255707,87,23.34,282.11,69.98,1.0000,0.440796,0.145799,292.62,333.23,0.9806,0.457213,0.694220
1786703339.701007,2.285888,88,23.34,282.16,69.98,1.0000,0.440879,0.145787,292.62,333.24,0.9801,0.457217,0.694241
1786703339.720373,2.305255,89,23.34,282.31,70.11,1.0000,0.441116,0.146059,292.61,333.24,0.9799,0.457197,0.694246
1786703339.782006,2.366888,90,23.34,282.21,70.08,1.0000,0.440956,0.145991,292.65,332.75,0.9803,0.457259,0.693230
1786703339.813277,2.398159,91,23.34,282.21,70.07,1.0000,0.440957,0.145981,292.60,332.80,0.9801,0.457189,0.693334
1786703339.828786,2.413667,92,23.34,282.21,70.09,1.0000,0.440960,0.146019,292.60,332.79,0.9800,0.457184,0.693303
1786703339.860702,2.445583,93,23.34,282.23,70.12,1.0000,0.440984,0.146080,292.58,332.80,0.9799,0.457154,0.693327
1786703339.908498,2.493379,94,23.34,282.25,70.12,1.0000,0.441017,0.146076,292.53,332.80,0.9797,0.457085,0.693325
1786703339.924113,2.508994,95,23.34,282.25,70.12,1.0000,0.441009,0.146074,292.56,333.02,0.9799,0.457125,0.693800
1786703339.960742,2.545623,96,23.34,282.25,70.12,1.0000,0.441019,0.146092,292.56,332.95,0.9801,0.457129,0.693637
1786703340.004604,2.589485,97,24.73,282.25,70.11,1.0000,0.441020,0.146065,292.56,332.74,0.9802,0.457121,0.693204
1786703340.019836,2.604717,98,24.73,282.27,70.09,1.0000,0.441044,0.146020,292.54,332.73,0.9804,0.457094,0.693191
1786703340.067833,2.652715,99,24.73,282.28,70.11,1.0000,0.441057,0.146059,292.54,332.78,0.9803,0.457100,0.693290
1786703340.083807,2.668689,100,24.73,282.36,70.10,1.0000,0.441194,0.146048,292.54,332.85,0.9803,0.457088,0.693440
1786703340.132030,2.716911,101,24.73,282.32,70.09,1.0000,0.441133,0.146029,292.53,333.00,0.9804,0.457078,0.693744
1786703340.163875,2.748756,102,24.73,282.22,70.07,1.0000,0.440975,0.145976,292.50,332.98,0.9802,0.457036,0.693712
1786703340.195386,2.780267,103,24.73,282.29,70.07,1.0000,0.441071,0.145976,292.52,333.05,0.9802,0.457062,0.693844
1786703340.227366,2.812248,104,24.73,282.30,70.07,1.0000,0.441086,0.145974,292.51,333.05,0.9804,0.457052,0.693857
1786703340.274641,2.859522,105,24.73,282.27,70.05,1.0000,0.441046,0.145942,292.54,333.07,0.9802,0.457092,0.693886
1786703340.306875,2.891757,106,24.73,282.20,70.04,1.0000,0.440936,0.145926,292.58,333.23,0.9804,0.457149,0.694227
1786703340.338921,2.923802,107,24.73,282.18,70.04,1.0000,0.440901,0.145922,292.59,333.26,0.9802,0.457173,0.694301
1786703340.386404,2.971285,108,24.73,282.19,70.08,1.0000,0.440918,0.145999,292.61,333.23,0.9803,0.457201,0.694231
1786703340.418195,3.003076,109,24.73,282.19,70.08,1.0000,0.440920,0.145992,292.59,333.19,0.9807,0.457166,0.694139
1786703340.434040,3.018921,110,24.73,282.20,70.13,1.0000,0.440940,0.146104,292.60,333.25,0.9809,0.457194,0.694265
1786703340.456101,3.040982,111,24.73,282.21,70.13,1.0000,0.440951,0.146102,292.60,333.24,0.9810,0.457190,0.694259
1786703340.515871,3.100752,112,25.52,282.21,70.16,1.0000,0.440947,0.146161,292.57,333.44,0.9806,0.457146,0.694664
1786703340.530150,3.115031,113,25.52,281.99,70.20,1.0000,0.440610,0.146258,292.57,333.50,0.9807,0.457141,0.694801
1786703340.592524,3.177406,114,25.52,282.01,70.12,1.0000,0.440639,0.146076,292.53,333.49,0.9804,0.457080,0.694768
1786703340.610198,3.195079,115,25.52,281.95,70.16,1.0000,0.440542,0.146164,292.54,333.49,0.9803,0.457099,0.694768
1786703340.625871,3.210752,116,25.52,281.89,70.16,1.0000,0.440456,0.146167,292.51,333.35,0.9802,0.457044,0.694478
1786703340.691299,3.276180,117,25.52,281.94,70.15,1.0000,0.440524,0.146152,292.48,333.35,0.9799,0.456994,0.694472
1786703340.706378,3.291259,118,25.52,281.88,70.19,1.0000,0.440444,0.146226,292.47,333.49,0.9802,0.456986,0.694780
1786703340.724340,3.309221,119,25.52,281.90,70.19,1.0000,0.440468,0.146226,292.48,333.43,0.9804,0.456997,0.694653
1786703340.785884,3.370765,120,25.52,282.08,70.19,1.0000,0.440755,0.146235,292.47,333.48,0.9806,0.456981,0.694744
1786703340.801927,3.386809,121,25.52,282.12,70.23,1.0000,0.440815,0.146307,292.49,333.58,0.9807,0.457018,0.694957
1786703340.818035,3.402916,122,25.52,282.13,70.26,1.0000,0.440831,0.146369,292.50,333.57,0.9806,0.457027,0.694947
1786703340.884230,3.469112,123,25.52,282.14,70.26,1.0000,0.440850,0.146371,292.51,333.57,0.9807,0.457044,0.694946
1786703340.914809,3.499691,124,25.52,282.22,70.21,1.0000,0.440961,0.146275,292.47,333.54,0.9802,0.456983,0.694881
1786703340.930498,3.515380,125,25.52,282.22,70.20,1.0000,0.440963,0.146255,292.45,333.59,0.9802,0.456948,0.694974
1786703340.970576,3.555457,126,25.52,282.22,70.27,1.0000,0.440967,0.146406,292.45,333.62,0.9802,0.456960,0.695039
1786703340.994675,3.579556,127,25.52,282.32,70.28,1.0000,0.441131,0.146411,292.42,333.51,0.9805,0.456905,0.694804
1786703341.031127,3.616008,128,26.67,282.33,70.27,1.0000,0.441143,0.146401,292.40,333.52,0.9805,0.456879,0.694831
1786703341.060287,3.645169,129,26.67,282.33,70.27,1.0000,0.441138,0.146400,292.43,333.46,0.9804,0.456916,0.694715
1786703341.094563,3.679444,130,26.67,282.34,70.32,1.0000,0.441152,0.146500,292.58,333.42,0.9806,0.457155,0.694634
1786703341.138557,3.723438,131,26.67,282.35,70.30,1.0000,0.441176,0.146466,292.58,332.86,0.9808,0.457158,0.693452
1786703341.169861,3.754742,132,26.67,282.34,70.30,1.0000,0.441158,0.146450,292.57,332.88,0.9811,0.457145,0.693503
1786703341.203910,3.788792,133,26.67,282.52,70.30,1.0000,0.441435,0.146450,292.59,332.97,0.9810,0.457165,0.693684
1786703341.233044,3.817925,134,26.67,282.54,70.36,1.0000,0.441461,0.146580,292.59,333.11,0.9809,0.457174,0.693988
1786703341.265304,3.850186,135,26.67,282.54,70.36,1.0000,0.441463,0.146575,292.60,333.12,0.9811,0.457184,0.694005
1786703341.313430,3.898311,136,26.67,282.27,70.26,1.0000,0.441054,0.146374,292.59,332.99,0.9811,0.457173,0.693729
1786703341.328599,3.913480,137,26.67,282.24,70.25,1.0000,0.440992,0.146356,292.61,332.98,0.9812,0.457204,0.693703
1786703341.361200,3.946081,138,26.67,282.31,70.24,1.0000,0.441110,0.146325,292.54,333.05,0.9808,0.457099,0.693862
1786703341.392812,3.977693,139,26.67,282.31,70.17,1.0000,0.441111,0.146196,292.46,332.83,0.9808,0.456972,0.693401
1786703341.440570,4.025451,140,26.67,282.28,70.16,1.0000,0.441069,0.146164,292.53,332.91,0.9808,0.457074,0.693553
1786703341.457977,4.042858,141,26.67,282.26,70.18,1.0000,0.441034,0.146207,292.52,332.90,0.9809,0.457069,0.693545
1786703341.504037,4.088919,142,26.67,282.27,70.17,1.0000,0.441048,0.146186,292.50,333.18,0.9809,0.457033,0.694117
1786703341.516954,4.101835,143,27.29,282.29,70.17,1.0000,0.441071,0.146195,292.50,333.21,0.9806,0.457024,0.694188
1786703341.560521,4.145402,144,27.29,282.28,70.15,1.0000,0.441065,0.146138,292.52,333.16,0.9807,0.457059,0.694079
1786703341.597486,4.182368,145,27.29,282.06,70.29,1.0000,0.440715,0.146433,292.51,332.65,0.9812,0.457040,0.693021
1786703341.648891,4.233772,146,27.29,281.75,70.28,1.0000,0.440227,0.146406,292.51,332.73,0.9816,0.457040,0.693181
1786703341.677859,4.262741,147,27.29,281.72,70.29,1.0000,0.440192,0.146429,292.48,332.85,0.9812,0.456997,0.693438
1786703341.710447,4.295328,148,27.29,281.71,70.30,1.0000,0.440172,0.146454,292.48,332.70,0.9813,0.456998,0.693118
1786703341.725968,4.310849,149,27.29,281.48,70.38,1.0000,0.439816,0.146619,292.47,332.74,0.9815,0.456979,0.693211
1786703341.773726,4.358608,150,27.29,281.42,70.37,1.0000,0.439719,0.146612,292.43,332.81,0.9815,0.456915,0.693346
1786703341.822320,4.407202,151,27.29,281.45,70.37,1.0000,0.439759,0.146614,292.42,332.94,0.9817,0.456913,0.693621
1786703341.854134,4.439015,152,27.29,281.44,70.38,1.0000,0.439747,0.146633,292.42,332.97,0.9817,0.456908,0.693692
1786703341.870181,4.455062,153,27.29,281.28,70.39,1.0000,0.439498,0.146650,292.46,332.72,0.9818,0.456966,0.693172
1786703341.902905,4.487786,154,27.29,281.19,70.39,1.0000,0.439363,0.146652,292.48,332.79,0.9819,0.457002,0.693310
1786703341.920410,4.505291,155,27.29,281.14,70.42,1.0000,0.439274,0.146707,292.47,332.80,0.9817,0.456988,0.693334
1786703341.967201,4.552082,156,27.29,280.92,70.44,1.0000,0.438939,0.146746,292.48,332.81,0.9816,0.457003,0.693358
1786703341.983180,4.568061,157,27.29,280.83,70.44,1.0000,0.438793,0.146744,292.47,332.81,0.9818,0.456981,0.693354
1786703342.047680,4.632561,158,27.64,280.83,70.42,1.0000,0.438793,0.146714,292.46,332.86,0.9819,0.456966,0.693454
1786703342.062623,4.647504,159,27.64,280.83,70.42,1.0000,0.438795,0.146711,292.46,333.24,0.9819,0.456971,0.694254
1786703342.126531,4.711412,160,27.64,280.83,70.42,1.0000,0.438796,0.146710,292.45,333.30,0.9819,0.456954,0.694378
1786703342.141572,4.726453,161,27.64,280.83,70.46,1.0000,0.438798,0.146784,292.46,333.24,0.9820,0.456966,0.694257
1786703342.173444,4.758325,162,27.64,280.79,70.45,1.0000,0.438738,0.146761,292.46,333.26,0.9818,0.456961,0.694298
1786703342.205392,4.790273,163,27.64,280.79,70.44,1.0000,0.438730,0.146753,292.46,333.04,0.9822,0.456966,0.693841
1786703342.242239,4.827120,164,27.64,280.74,70.44,1.0000,0.438656,0.146754,292.49,332.82,0.9821,0.457014,0.693372
1786703342.256917,4.841798,165,27.64,280.74,70.48,1.0000,0.438656,0.146828,292.50,332.89,0.9825,0.457032,0.693529
1786703342.303237,4.888119,166,27.64,280.72,70.52,1.0000,0.438628,0.146922,292.50,332.88,0.9826,0.457033,0.693506
1786703342.332652,4.917533,167,27.64,280.76,70.49,1.0000,0.438683,0.146859,292.50,332.85,0.9827,0.457028,0.693445
1786703342.380652,4.965533,168,27.64,280.71,70.48,1.0000,0.438603,0.146840,292.43,332.94,0.9825,0.456922,0.693628
1786703342.412099,4.996980,169,27.64,280.71,70.48,1.0000,0.438602,0.146841,292.51,332.76,0.9828,0.457044,0.693253
1786703342.427775,5.012656,170,27.64,280.69,70.39,1.0000,0.438575,0.146640,292.51,332.79,0.9830,0.457045,0.693316
1786703342.474922,5.059803,171,27.64,280.69,70.39,1.0000,0.438573,0.146648,292.48,332.85,0.9828,0.457000,0.693443
1786703342.494358,5.079239,172,27.64,280.69,70.33,1.0000,0.438575,0.146520,292.45,332.96,0.9826,0.456953,0.693656
1786703342.537688,5.122569,173,27.64,280.69,70.34,1.0000,0.438574,0.146532,292.48,332.95,0.9828,0.456994,0.693655
1786703342.569677,5.154558,174,28.34,280.72,70.32,1.0000,0.438625,0.146491,292.48,332.97,0.9829,0.457002,0.693692
1786703342.617030,5.201911,175,28.34,280.70,70.35,1.0000,0.438598,0.146569,292.49,332.98,0.9831,0.457009,0.693711
1786703342.632194,5.217075,176,28.34,280.74,70.35,1.0000,0.438653,0.146570,292.50,332.95,0.9831,0.457029,0.693640
1786703342.666364,5.251246,177,28.34,280.76,70.40,1.0000,0.438681,0.146664,292.45,332.95,0.9831,0.456950,0.693651
1786703342.712367,5.297249,178,28.34,280.80,70.39,1.0000,0.438745,0.146643,292.41,332.85,0.9832,0.456898,0.693447
1786703342.732074,5.316955,179,28.34,280.86,70.41,1.0000,0.438843,0.146680,292.41,332.91,0.9832,0.456893,0.693571
1786703342.776076,5.360958,180,28.34,280.87,70.41,1.0000,0.438852,0.146679,292.34,333.04,0.9830,0.456786,0.693833
1786703342.807751,5.392632,181,28.34,280.85,70.42,1.0000,0.438827,0.146716,292.36,333.01,0.9831,0.456806,0.693772
1786703342.854980,5.439861,182,28.34,281.22,70.29,1.0000,0.439413,0.146431,292.48,332.99,0.9831,0.456995,0.693729
1786703342.871064,5.455945,183,28.34,281.23,70.34,1.0000,0.439418,0.146543,292.46,332.94,0.9831,0.456967,0.693620
1786703342.940569,5.525451,184,28.34,281.21,70.47,1.0000,0.439395,0.146821,292.47,333.13,0.9831,0.456992,0.694026
1786703342.951082,5.535964,185,28.34,281.39,70.46,1.0000,0.439675,0.146796,292.41,333.21,0.9830,0.456898,0.694179
1786703342.978120,5.563001,186,28.34,281.39,70.49,1.0000,0.439677,0.146856,292.42,333.17,0.9831,0.456901,0.694107
1786703342.999329,5.584210,187,28.34,281.39,70.49,1.0000,0.439678,0.146859,292.36,333.22,0.9830,0.456814,0.694202
1786703343.044136,5.629018,188,28.34,281.46,70.51,1.0000,0.439787,0.146902,292.39,333.08,0.9831,0.456863,0.693925
1786703343.062327,5.647209,189,28.67,281.46,70.52,1.0000,0.439783,0.146919,292.38,333.10,0.9831,0.456845,0.693963
1786703343.109748,5.694630,190,28.67,281.45,70.58,1.0000,0.439769,0.147041,292.36,333.23,0.9830,0.456808,0.694223
1786703343.125647,5.710528,191,28.67,281.46,70.61,1.0000,0.439787,0.147102,292.57,333.20,0.9832,0.457138,0.694160
1786703343.152383,5.737264,192,28.67,281.46,70.66,1.0000,0.439785,0.147214,292.57,333.20,0.9832,0.457137,0.694176
1786703343.205089,5.789970,193,28.67,281.53,70.66,1.0000,0.439888,0.147218,292.53,333.24,0.9833,0.457072,0.694248
1786703343.221122,5.806003,194,28.67,281.52,70.66,1.0000,0.439876,0.147210,292.45,333.38,0.9825,0.456948,0.694537
1786703343.269315,5.854196,195,28.67,281.53,70.63,1.0000,0.439889,0.147139,292.47,333.36,0.9823,0.456978,0.694496
1786703343.291853,5.876734,196,28.67,281.52,70.63,1.0000,0.439877,0.147141,292.50,333.31,0.9823,0.457038,0.694405
1786703343.332415,5.917296,197,28.67,281.53,70.59,1.0000,0.439889,0.147068,292.48,333.32,0.9825,0.457000,0.694426
1786703343.364036,5.948918,198,28.67,281.52,70.60,1.0000,0.439882,0.147091,292.47,333.32,0.9824,0.456990,0.694412
1786703343.395836,5.980718,199,28.67,281.53,70.60,1.0000,0.439894,0.147081,292.46,333.28,0.9823,0.456971,0.694339
1786703343.433582,6.018463,200,28.67,281.54,70.60,1.0000,0.439901,0.147090,292.47,333.29,0.9821,0.456991,0.694358
1786703343.470440,6.055321,201,28.67,281.54,70.65,1.0000,0.439900,0.147198,292.42,332.98,0.9820,0.456910,0.693709
1786703343.480942,6.065824,202,28.67,281.53,70.65,1.0000,0.439898,0.147197,292.41,332.99,0.9819,0.456883,0.693731
1786703343.527301,6.112183,203,28.67,281.72,70.70,1.0000,0.440195,0.147298,292.40,333.14,0.9814,0.456878,0.694047
1786703343.547255,6.132137,204,28.67,281.75,70.70,1.0000,0.440230,0.147296,292.45,333.11,0.9813,0.456956,0.693987
1786703343.591494,6.176375,205,28.97,281.90,70.71,1.0000,0.440463,0.147303,292.49,333.10,0.9813,0.457021,0.693956
1786703343.642775,6.227656,206,28.97,281.90,70.76,1.0000,0.440464,0.147426,292.50,333.21,0.9811,0.457024,0.694195
1786703343.670573,6.255455,207,28.97,282.05,70.76,1.0000,0.440708,0.147414,292.59,333.21,0.9809,0.457171,0.694190
1786703343.702146,6.287027,208,28.97,282.06,70.76,1.0000,0.440712,0.147418,292.68,333.13,0.9812,0.457308,0.694012
1786703343.733839,6.318721,209,28.97,282.07,70.76,1.0000,0.440728,0.147408,292.61,333.07,0.9812,0.457211,0.693887
1786703343.765334,6.350215,210,28.97,282.21,70.80,1.0000,0.440950,0.147492,292.59,333.18,0.9811,0.457177,0.694128
1786703343.805303,6.390184,211,28.97,282.16,70.78,1.0000,0.440879,0.147457,292.55,333.18,0.9811,0.457109,0.694129
1786703343.845665,6.430546,212,28.97,282.16,70.78,1.0000,0.440879,0.147458,292.49,333.28,0.9809,0.457016,0.694336
1786703343.878273,6.463155,213,28.97,282.18,70.81,1.0000,0.440902,0.147514,292.49,333.40,0.9807,0.457014,0.694576
1786703343.909590,6.494471,214,28.97,282.17,70.80,1.0000,0.440892,0.147504,292.55,333.26,0.9808,0.457113,0.694289
1786703343.925589,6.510470,215,28.97,282.18,70.76,1.0000,0.440900,0.147407,292.48,333.39,0.9804,0.457005,0.694568
1786703343.974228,6.559110,216,28.97,282.26,70.72,1.0000,0.441034,0.147339,292.41,333.39,0.9805,0.456898,0.694562
1786703343.993414,6.578295,217,28.97,282.26,70.76,1.0000,0.441026,0.147425,292.40,333.37,0.9806,0.456869,0.694515
1786703344.039190,6.624071,218,28.97,282.26,70.86,1.0000,0.441030,0.147616,292.37,333.45,0.9803,0.456821,0.694679
1786703344.085788,6.670669,219,28.97,282.34,70.82,1.0000,0.441155,0.147550,292.28,333.56,0.9800,0.456687,0.694914
1786703344.101907,6.686788,220,28.98,282.33,70.63,1.0000,0.441137,0.147147,292.26,333.53,0.9798,0.456653,0.694850
1786703344.123498,6.708379,221,28.98,282.33,70.63,1.0000,0.441139,0.147147,292.24,333.54,0.9796,0.456618,0.694879
1786703344.164100,6.748981,222,28.98,282.32,70.56,1.0000,0.441119,0.147006,292.24,333.48,0.9796,0.456621,0.694757
1786703344.222103,6.806985,223,28.98,282.20,70.57,1.0000,0.440939,0.147029,292.25,333.45,0.9796,0.456640,0.694678
1786703344.226765,6.811647,224,28.98,282.17,70.57,1.0000,0.440886,0.147016,292.29,333.23,0.9800,0.456703,0.694235
1786703344.277784,6.862665,225,28.98,282.17,70.60,1.0000,0.440886,0.147085,292.31,333.13,0.9802,0.456733,0.694029
1786703344.297054,6.881935,226,28.98,282.06,70.59,1.0000,0.440725,0.147060,292.27,333.16,0.9802,0.456679,0.694081
1786703344.346859,6.931740,227,28.98,282.17,70.42,1.0000,0.440893,0.146709,292.27,333.15,0.9802,0.456677,0.694061
1786703344.357359,6.942240,228,28.98,282.06,70.42,1.0000,0.440724,0.146711,292.26,333.07,0.9805,0.456661,0.693895
1786703344.405785,6.990666,229,28.98,282.06,70.40,1.0000,0.440715,0.146658,292.21,333.27,0.9805,0.456584,0.694306
1786703344.439941,7.024822,230,28.98,282.05,70.28,1.0000,0.440706,0.146417,292.22,333.23,0.9804,0.456590,0.694219
1786703344.473787,7.058668,231,28.98,282.01,70.37,1.0000,0.440638,0.146602,292.18,333.23,0.9804,0.456527,0.694229
1786703344.500027,7.084908,232,28.98,281.93,70.38,1.0000,0.440511,0.146626,292.17,333.24,0.9804,0.456522,0.694249
1786703344.531327,7.116208,233,28.98,281.80,70.38,1.0000,0.440311,0.146628,292.21,333.19,0.9807,0.456577,0.694151
1786703344.563405,7.148286,234,28.98,281.77,70.38,1.0000,0.440267,0.146632,292.24,333.12,0.9810,0.456620,0.694005
1786703344.610751,7.195632,235,29.14,281.74,70.38,1.0000,0.440226,0.146632,292.35,333.26,0.9810,0.456793,0.694282
1786703344.629429,7.214310,236,29.14,281.74,70.40,1.0000,0.440223,0.146660,292.39,333.29,0.9809,0.456858,0.694360
1786703344.658895,7.243776,237,29.14,281.73,70.41,1.0000,0.440210,0.146694,292.47,333.07,0.9812,0.456986,0.693893
1786703344.693498,7.278380,238,29.14,281.73,70.43,1.0000,0.440208,0.146727,292.47,333.00,0.9814,0.456987,0.693755
1786703344.737677,7.322558,239,29.14,281.73,70.43,1.0000,0.440206,0.146723,292.48,333.02,0.9815,0.457000,0.693802
1786703344.775109,7.359991,240,29.14,281.66,70.45,1.0000,0.440099,0.146764,292.49,332.89,0.9816,0.457014,0.693524
1786703344.801389,7.386270,241,29.14,281.65,70.52,1.0000,0.440082,0.146921,292.50,333.02,0.9815,0.457026,0.693789
1786703344.832725,7.417606,242,29.14,281.62,70.54,1.0000,0.440034,0.146951,292.51,333.02,0.9816,0.457043,0.693795
1786703344.864700,7.449582,243,29.14,281.63,70.54,1.0000,0.440050,0.146952,292.51,332.99,0.9816,0.457043,0.693736
1786703344.912655,7.497536,244,29.14,281.51,70.53,1.0000,0.439852,0.146944,292.52,332.96,0.9819,0.457070,0.693660
1786703344.944842,7.529724,245,29.14,281.52,70.53,1.0000,0.439878,0.146931,292.57,332.85,0.9821,0.457144,0.693428
1786703344.960350,7.545231,246,29.14,281.52,70.54,1.0000,0.439877,0.146956,292.57,332.76,0.9822,0.457147,0.693253
1786703344.997118,7.582000,247,29.14,281.52,70.48,1.0000,0.439876,0.146840,292.59,332.76,0.9822,0.457176,0.693252
1786703345.040618,7.625500,248,29.14,281.52,70.51,1.0000,0.439870,0.146892,292.59,332.76,0.9822,0.457171,0.693253
1786703345.055910,7.640791,249,29.14,281.56,70.51,1.0000,0.439932,0.146893,292.57,332.90,0.9821,0.457138,0.693548
1786703345.104218,7.689099,250,29.14,281.56,70.50,1.0000,0.439937,0.146868,292.56,332.89,0.9825,0.457121,0.693513
1786703345.150908,7.735789,251,29.25,281.54,70.49,1.0000,0.439907,0.146854,292.55,332.90,0.9826,0.457117,0.693542
1786703345.166989,7.751870,252,29.25,281.53,70.49,1.0000,0.439891,0.146857,292.55,332.84,0.9825,0.457106,0.693422
1786703345.196878,7.781759,253,29.25,281.53,70.49,1.0000,0.439884,0.146861,292.50,332.81,0.9826,0.457037,0.693356
1786703345.222496,7.807378,254,29.25,281.51,70.48,1.0000,0.439865,0.146840,292.50,332.81,0.9826,0.457028,0.693363
1786703345.263160,7.848042,255,29.25,281.51,70.48,1.0000,0.439856,0.146830,292.48,332.79,0.9828,0.456999,0.693304
1786703345.294726,7.879607,256,29.25,281.52,70.48,1.0000,0.439872,0.146834,292.47,332.78,0.9830,0.456984,0.693296
1786703345.326502,7.911383,257,29.25,281.52,70.45,1.0000,0.439879,0.146762,292.50,332.71,0.9834,0.457038,0.693143
1786703345.358099,7.942980,258,29.25,281.52,70.35,1.0000,0.439880,0.146562,292.52,332.78,0.9834,0.457060,0.693300
1786703345.395345,7.980227,259,29.25,281.54,70.34,1.0000,0.439901,0.146534,292.49,332.81,0.9833,0.457017,0.693354
1786703345.438763,8.023644,260,29.25,281.57,70.27,1.0000,0.439960,0.146396,292.50,332.69,0.9835,0.457035,0.693111
1786703345.500392,8.085273,261,29.25,281.57,70.23,1.0000,0.439960,0.146314,292.50,332.50,0.9835,0.457024,0.692714
1786703345.530465,8.115346,263,29.25,281.57,70.22,1.0000,0.439956,0.146297,292.49,332.60,0.9832,0.457023,0.692908
1786703345.558082,8.142964,264,29.25,281.54,70.18,1.0000,0.439909,0.146214,292.51,332.61,0.9830,0.457045,0.692937
1786703345.595847,8.180728,265,29.25,281.50,70.16,1.0000,0.439841,0.146161,292.49,332.69,0.9829,0.457013,0.693102
1786703345.631543,8.216425,266,29.25,281.42,70.20,1.0000,0.439723,0.146253,292.40,332.75,0.9826,0.456870,0.693222
1786703345.663349,8.248230,267,29.26,281.42,70.21,1.0000,0.439719,0.146261,292.39,332.75,0.9824,0.456864,0.693229
1786703345.710135,8.295017,268,29.26,281.30,70.25,1.0000,0.439534,0.146352,292.38,332.76,0.9821,0.456842,0.693243
1786703345.726107,8.310988,269,29.26,281.30,70.25,1.0000,0.439530,0.146350,292.38,332.79,0.9822,0.456851,0.693310
1786703345.774132,8.359013,270,29.26,281.23,70.34,1.0000,0.439427,0.146532,292.39,332.66,0.9823,0.456865,0.693038
1786703345.806105,8.390986,271,29.26,281.10,70.33,1.0000,0.439223,0.146523,292.39,332.69,0.9821,0.456852,0.693106
1786703345.838055,8.422936,272,29.26,281.02,70.33,1.0000,0.439101,0.146522,292.43,332.64,0.9823,0.456916,0.693006
1786703345.853705,8.438586,273,29.26,281.02,70.29,1.0000,0.439091,0.146429,292.42,332.70,0.9824,0.456912,0.693122
1786703345.904370,8.489251,274,29.26,280.94,70.37,1.0000,0.438976,0.146597,292.43,332.66,0.9826,0.456928,0.693035
1786703345.932976,8.517858,275,29.26,280.94,70.36,1.0000,0.438973,0.146587,292.43,332.73,0.9825,0.456929,0.693190
1786703345.967614,8.552495,276,29.26,280.94,70.36,1.0000,0.438969,0.146586,292.45,332.74,0.9825,0.456948,0.693210
1786703345.996524,8.581406,277,29.26,280.94,70.37,1.0000,0.438969,0.146606,292.42,332.75,0.9825,0.456905,0.693232
1786703346.044347,8.629228,278,29.26,280.88,70.39,1.0000,0.438878,0.146641,292.36,332.92,0.9821,0.456809,0.693575
1786703346.076399,8.661280,279,29.26,280.88,70.39,1.0000,0.438879,0.146642,292.34,332.97,0.9817,0.456778,0.693687
1786703346.109707,8.694589,280,29.26,280.89,70.28,1.0000,0.438897,0.146413,292.33,332.96,0.9816,0.456768,0.693675
1786703346.140001,8.724882,281,29.26,280.86,70.37,1.0000,0.438850,0.146613,292.34,332.86,0.9816,0.456778,0.693458
1786703346.170348,8.755229,282,29.26,280.90,70.32,1.0000,0.438913,0.146499,292.34,332.82,0.9818,0.456783,0.693381
1786703346.201647,8.786528,283,29.35,280.94,70.36,1.0000,0.438968,0.146579,292.36,332.82,0.9819,0.456805,0.693375
1786703346.224554,8.809436,284,29.35,280.96,70.31,1.0000,0.438993,0.146478,292.33,332.82,0.9819,0.456770,0.693381
1786703346.264438,8.849319,285,29.35,280.96,70.32,1.0000,0.439007,0.146503,292.33,332.83,0.9818,0.456771,0.693387
1786703346.313572,8.898453,286,29.35,280.97,70.34,1.0000,0.439012,0.146545,292.32,332.82,0.9817,0.456751,0.693374
1786703346.328217,8.913098,287,29.35,281.00,70.36,1.0000,0.439062,0.146594,292.33,332.82,0.9818,0.456772,0.693374
1786703346.348637,8.933518,288,29.35,281.02,70.37,1.0000,0.439098,0.146594,292.33,332.80,0.9819,0.456760,0.693330
1786703346.392502,8.977383,289,29.35,281.03,70.37,1.0000,0.439103,0.146614,292.35,332.81,0.9820,0.456791,0.693360
1786703346.440965,9.025847,290,29.35,281.05,70.41,1.0000,0.439145,0.146693,292.37,332.82,0.9821,0.456834,0.693370
1786703346.472645,9.057527,291,29.35,281.05,70.41,1.0000,0.439139,0.146694,292.38,332.87,0.9822,0.456843,0.693484
1786703346.487977,9.072859,292,29.35,281.08,70.42,1.0000,0.439189,0.146712,292.31,332.91,0.9819,0.456740,0.693557
1786703346.536878,9.121759,293,29.35,281.10,70.36,1.0000,0.439215,0.146577,292.32,332.85,0.9819,0.456755,0.693440
1786703346.567238,9.152119,294,29.35,281.10,70.36,1.0000,0.439216,0.146577,292.31,332.84,0.9821,0.456739,0.693425
1786703346.598752,9.183634,295,29.35,281.09,70.32,1.0000,0.439206,0.146493,292.27,332.86,0.9817,0.456665,0.693466
1786703346.622049,9.206931,296,29.35,281.10,70.30,1.0000,0.439224,0.146456,292.26,332.87,0.9816,0.456654,0.693487
1786703346.677942,9.262823,297,29.35,281.11,70.37,1.0000,0.439231,0.146596,292.24,332.84,0.9814,0.456631,0.693425
1786703346.709703,9.294585,298,29.43,281.11,70.36,1.0000,0.439232,0.146581,292.30,332.91,0.9814,0.456722,0.693556
1786703346.741620,9.326501,299,29.43,281.10,70.39,1.0000,0.439221,0.146642,292.28,332.74,0.9816,0.456683,0.693215
1786703346.773916,9.358798,300,29.43,281.07,70.39,1.0000,0.439177,0.146650,292.30,332.69,0.9816,0.456722,0.693099
1786703346.805515,9.390396,301,29.43,281.06,70.41,1.0000,0.439153,0.146690,292.35,332.64,0.9819,0.456801,0.692990
1786703346.821374,9.406255,302,29.43,281.06,70.42,1.0000,0.439152,0.146698,292.35,332.64,0.9818,0.456796,0.692992
1786703346.869354,9.454235,303,29.43,281.05,70.40,1.0000,0.439144,0.146669,292.36,332.73,0.9816,0.456814,0.693181
1786703346.901808,9.486689,304,29.43,281.01,70.42,1.0000,0.439080,0.146707,292.36,332.68,0.9821,0.456813,0.693079
1786703346.932630,9.517511,305,29.43,281.01,70.49,1.0000,0.439074,0.146849,292.36,332.67,0.9824,0.456806,0.693066
1786703346.980541,9.565422,306,29.43,281.00,70.45,1.0000,0.439069,0.146763,292.39,332.70,0.9826,0.456867,0.693130
1786703346.996583,9.581465,307,29.43,280.99,70.45,1.0000,0.439046,0.146762,292.40,332.76,0.9830,0.456869,0.693250
1786703347.044794,9.629675,308,29.43,280.99,70.50,1.0000,0.439052,0.146865,292.39,332.75,0.9832,0.456865,0.693220
1786703347.060036,9.644917,309,29.43,280.99,70.49,1.0000,0.439042,0.146851,292.40,332.82,0.9830,0.456868,0.693366
1786703347.107605,9.692486,310,29.43,280.97,70.34,1.0000,0.439017,0.146535,292.40,332.86,0.9833,0.456879,0.693454
1786703347.126725,9.711606,311,29.43,280.97,70.33,1.0000,0.439022,0.146528,292.38,332.85,0.9833,0.456836,0.693437
1786703347.163212,9.748093,312,29.43,281.01,70.33,1.0000,0.439075,0.146527,292.36,332.83,0.9832,0.456808,0.693398
1786703347.191651,9.776532,313,29.43,281.11,70.37,1.0000,0.439238,0.146611,292.36,332.89,0.9832,0.456813,0.693516
1786703347.236073,9.820955,314,29.57,281.16,70.32,1.0000,0.439313,0.146504,292.37,332.89,0.9831,0.456833,0.693521
1786703347.268560,9.853441,315,29.57,281.32,70.32,1.0000,0.439559,0.146504,292.36,332.89,0.9832,0.456819,0.693521
1786703347.299200,9.884081,316,29.57,281.39,70.33,1.0000,0.439676,0.146525,292.32,332.89,0.9831,0.456744,0.693527
1786703347.331611,9.916492,317,29.57,281.43,70.33,1.0000,0.439741,0.146511,292.33,332.81,0.9829,0.456760,0.693363
1786703347.363662,9.948543,318,29.57,281.44,70.33,1.0000,0.439746,0.146511,292.32,332.83,0.9829,0.456749,0.693391
1786703347.396032,9.980913,319,29.57,281.43,70.30,1.0000,0.439731,0.146462,292.30,332.84,0.9829,0.456711,0.693416
1786703347.426632,10.011513,320,29.57,281.44,70.32,1.0000,0.439744,0.146495,292.33,332.66,0.9829,0.456762,0.693039
1786703347.471106,10.055987,321,29.57,281.40,70.34,1.0000,0.439680,0.146535,292.29,332.81,0.9824,0.456705,0.693353
1786703347.518871,10.103752,322,29.57,281.40,70.42,1.0000,0.439680,0.146718,292.27,332.84,0.9822,0.456669,0.693427
1786703347.534967,10.119848,323,29.57,281.51,70.46,1.0000,0.439859,0.146794,292.42,332.70,0.9824,0.456912,0.693133
1786703347.567686,10.152567,324,29.57,281.51,70.46,1.0000,0.439853,0.146793,292.43,332.72,0.9823,0.456917,0.693170
1786703347.582798,10.167679,325,29.57,281.54,70.53,1.0000,0.439912,0.146946,292.42,332.73,0.9819,0.456910,0.693185
1786703347.614599,10.199480,326,29.57,281.62,70.61,1.0000,0.440030,0.147113,292.42,332.73,0.9820,0.456900,0.693197
1786703347.661859,10.246740,327,29.57,281.63,70.61,1.0000,0.440040,0.147107,292.42,332.84,0.9822,0.456899,0.693412
1786703347.698660,10.283541,328,29.57,281.73,70.62,1.0000,0.440210,0.147121,292.41,332.86,0.9824,0.456888,0.693453
1786703347.733642,10.318523,329,29.57,281.77,70.75,1.0000,0.440262,0.147390,292.40,332.94,0.9823,0.456872,0.693634
1786703347.773689,10.358570,330,29.67,281.77,70.85,1.0000,0.440273,0.147597,292.39,332.92,0.9821,0.456864,0.693586
1786703347.805063,10.389945,331,29.67,281.75,70.86,1.0000,0.440234,0.147629,292.37,332.97,0.9820,0.456831,0.693687
1786703347.824476,10.409357,332,29.67,281.77,70.87,1.0000,0.440271,0.147649,292.38,332.96,0.9816,0.456849,0.693665
1786703347.869344,10.454225,333,29.67,281.82,70.87,1.0000,0.440336,0.147651,292.44,332.86,0.9816,0.456936,0.693454
1786703347.900908,10.485789,334,29.67,281.91,70.87,1.0000,0.440488,0.147654,292.40,332.86,0.9817,0.456882,0.693453
1786703347.932497,10.517378,335,29.67,281.98,70.88,1.0000,0.440601,0.147663,292.40,332.77,0.9816,0.456881,0.693275
1786703347.991097,10.575978,336,29.67,282.08,70.85,1.0000,0.440745,0.147613,292.37,332.86,0.9816,0.456825,0.693453
1786703348.012345,10.597226,337,29.67,282.14,70.86,1.0000,0.440842,0.147620,292.37,332.97,0.9817,0.456833,0.693680
1786703348.076473,10.661354,339,29.67,282.22,70.84,1.0000,0.440976,0.147573,292.37,332.76,0.9816,0.456828,0.693249
1786703348.092178,10.677059,340,29.67,282.30,70.82,1.0000,0.441086,0.147543,292.37,332.73,0.9815,0.456831,0.693179
1786703348.129485,10.714366,341,29.67,282.39,70.74,1.0000,0.441242,0.147365,292.37,332.67,0.9816,0.456829,0.693061
1786703348.164634,10.749516,342,29.67,282.56,70.77,1.0000,0.441501,0.147441,292.37,332.65,0.9816,0.456835,0.693019
1786703348.188174,10.773056,343,29.67,282.57,70.73,1.0000,0.441515,0.147349,292.38,332.81,0.9816,0.456840,0.693353
1786703348.230517,10.815398,344,29.67,282.64,70.73,1.0000,0.441618,0.147347,292.38,332.70,0.9816,0.456847,0.693134
1786703348.283412,10.868294,345,29.17,282.85,70.80,1.0000,0.441947,0.147508,292.39,332.62,0.9817,0.456866,0.692968
1786703348.299087,10.883968,346,29.17,282.89,70.79,1.0000,0.442023,0.147488,292.42,332.64,0.9817,0.456903,0.693006
1786703348.346828,10.931710,347,29.17,282.91,70.83,1.0000,0.442051,0.147572,292.43,332.65,0.9816,0.456927,0.693022
1786703348.362818,10.947699,348,29.17,282.92,70.94,1.0000,0.442065,0.147782,292.45,332.69,0.9815,0.456955,0.693110
1786703348.394797,10.979679,349,29.17,282.92,71.01,1.0000,0.442066,0.147932,292.45,332.63,0.9816,0.456959,0.692969
1786703348.442415,11.027296,350,29.17,282.95,71.01,1.0000,0.442110,0.147944,292.45,332.55,0.9817,0.456958,0.692814
1786703348.474431,11.059312,351,29.17,282.95,71.09,1.0000,0.442116,0.148099,292.47,332.64,0.9817,0.456991,0.693001
1786703348.490190,11.075072,352,29.17,282.96,71.09,1.0000,0.442121,0.148098,292.51,332.47,0.9819,0.457047,0.692653
1786703348.532923,11.117805,353,29.17,282.96,71.06,1.0000,0.442127,0.148041,292.51,332.58,0.9818,0.457048,0.692866
1786703348.586053,11.170934,354,29.17,282.98,71.04,1.0000,0.442150,0.148002,292.57,332.54,0.9822,0.457139,0.692789
1786703348.589152,11.174033,355,29.17,282.98,71.02,1.0000,0.442153,0.147968,292.46,332.68,0.9821,0.456968,0.693075
1786703348.630391,11.215272,356,29.17,282.98,71.02,1.0000,0.442155,0.147965,292.48,332.67,0.9822,0.457007,0.693068
1786703348.680813,11.265694,357,29.17,283.03,70.96,1.0000,0.442240,0.147841,292.49,332.70,0.9821,0.457010,0.693129
1786703348.696571,11.281452,358,29.17,283.04,70.96,1.0000,0.442246,0.147831,292.49,332.71,0.9822,0.457013,0.693142
1786703348.728805,11.313686,359,29.17,283.04,70.96,1.0000,0.442249,0.147830,292.53,332.73,0.9822,0.457074,0.693181
1786703348.771439,11.356320,360,29.17,283.08,70.97,1.0000,0.442316,0.147857,292.49,332.76,0.9821,0.457017,0.693242
1786703348.810573,11.395454,361,29.42,283.15,70.94,1.0000,0.442424,0.147797,292.49,332.78,0.9820,0.457009,0.693300
1786703348.824806,11.409688,362,29.42,283.20,70.97,1.0000,0.442498,0.147855,292.48,332.81,0.9820,0.457005,0.693361
1786703348.856073,11.440954,363,29.42,283.24,70.96,1.0000,0.442561,0.147840,292.49,332.82,0.9821,0.457023,0.693385
1786703348.903779,11.488661,364,29.42,283.27,70.84,1.0000,0.442607,0.147576,292.50,332.83,0.9821,0.457028,0.693388
1786703348.924903,11.509785,365,29.42,283.27,70.81,1.0000,0.442614,0.147513,292.53,332.88,0.9818,0.457076,0.693503
1786703348.967767,11.552649,366,29.42,283.28,70.81,1.0000,0.442621,0.147528,292.55,332.89,0.9820,0.457114,0.693516
1786703349.015736,11.600617,367,29.42,283.36,70.81,1.0000,0.442744,0.147526,292.54,332.83,0.9820,0.457095,0.693398
1786703349.047406,11.632288,368,29.42,283.36,70.81,1.0000,0.442752,0.147525,292.54,332.91,0.9818,0.457098,0.693571
1786703349.063591,11.648472,369,29.42,283.36,70.81,1.0000,0.442757,0.147530,292.50,332.80,0.9821,0.457032,0.693331
1786703349.096216,11.681098,370,29.42,283.38,70.81,1.0000,0.442784,0.147530,292.51,332.80,0.9822,0.457048,0.693332
1786703349.132282,11.717163,371,29.42,283.37,70.80,1.0000,0.442768,0.147499,292.53,332.80,0.9822,0.457073,0.693337
1786703349.177552,11.762433,372,29.42,283.37,70.79,1.0000,0.442764,0.147482,292.50,332.86,0.9823,0.457029,0.693459
1786703349.190912,11.775793,373,29.42,283.37,70.80,1.0000,0.442767,0.147494,292.49,332.89,0.9824,0.457017,0.693520
1786703349.215067,11.799948,374,29.42,283.37,70.75,1.0000,0.442765,0.147390,292.49,332.92,0.9823,0.457012,0.693584
1786703349.271153,11.856034,375,29.42,283.36,70.72,1.0000,0.442742,0.147343,292.50,333.30,0.9822,0.457033,0.694371
1786703349.287241,11.872122,376,29.42,283.36,70.75,1.0000,0.442748,0.147388,292.50,333.30,0.9822,0.457028,0.694368
1786703349.331943,11.916824,377,29.71,283.37,70.84,1.0000,0.442758,0.147584,292.44,333.27,0.9823,0.456938,0.694316
1786703349.358575,11.943456,378,29.71,283.28,70.84,1.0000,0.442630,0.147584,292.46,333.25,0.9823,0.456969,0.694261
1786703349.398780,11.983662,379,29.71,283.18,70.87,1.0000,0.442461,0.147651,292.44,333.13,0.9825,0.456944,0.694023
1786703349.441866,12.026748,380,29.71,283.19,70.82,1.0000,0.442478,0.147532,292.44,333.10,0.9822,0.456930,0.693958
1786703349.462088,12.046969,381,29.71,283.17,70.82,1.0000,0.442454,0.147533,292.44,333.09,0.9826,0.456945,0.693942
1786703349.509569,12.094450,382,29.71,283.10,70.84,1.0000,0.442345,0.147575,292.53,333.00,0.9829,0.457083,0.693751
1786703349.544387,12.129269,383,29.71,283.04,70.83,1.0000,0.442248,0.147561,292.48,332.95,0.9832,0.457002,0.693653
1786703349.573567,12.158448,384,29.71,282.99,70.82,1.0000,0.442177,0.147550,292.52,332.91,0.9834,0.457055,0.693563
1786703349.605543,12.190425,385,29.71,282.94,70.83,1.0000,0.442088,0.147560,292.52,332.91,0.9833,0.457062,0.693553
1786703349.636800,12.221682,386,29.71,282.93,70.85,1.0000,0.442081,0.147610,292.51,332.97,0.9831,0.457042,0.693692
1786703349.652434,12.237315,387,29.71,282.85,70.98,1.0000,0.441948,0.147875,292.52,332.97,0.9831,0.457069,0.693693
1786703349.703073,12.287954,388,29.71,282.75,70.98,1.0000,0.441796,0.147870,292.51,332.95,0.9830,0.457050,0.693653
1786703349.732549,12.317431,389,29.71,282.74,70.97,1.0000,0.441787,0.147855,292.46,333.11,0.9828,0.456966,0.693985
1786703349.767767,12.352648,390,29.71,282.71,70.97,1.0000,0.441729,0.147851,292.45,333.02,0.9827,0.456947,0.693796
1786703349.780401,12.365283,391,29.71,282.70,71.03,1.0000,0.441723,0.147975,292.41,333.08,0.9826,0.456893,0.693913
1786703349.843622,12.428504,392,29.62,282.59,71.19,1.0000,0.441543,0.148308,292.42,333.00,0.9827,0.456902,0.693741
1786703349.876461,12.461342,393,29.62,282.59,71.20,1.0000,0.441541,0.148325,292.36,333.03,0.9827,0.456812,0.693815
1786703349.907105,12.491987,394,29.62,282.58,71.21,1.0000,0.441536,0.148361,292.37,332.84,0.9827,0.456827,0.693421
1786703349.927102,12.511983,395,29.62,282.57,71.34,1.0000,0.441522,0.148624,292.31,332.83,0.9826,0.456737,0.693400
1786703349.970863,12.555745,396,29.62,282.37,71.29,1.0000,0.441211,0.148521,292.28,332.85,0.9827,0.456694,0.693433
1786703349.986990,12.571872,397,29.62,282.38,71.29,1.0000,0.441213,0.148522,292.27,332.91,0.9826,0.456669,0.693552
1786703350.035668,12.620549,398,29.62,282.34,71.26,1.0000,0.441161,0.148462,292.27,332.90,0.9825,0.456675,0.693534
1786703350.067131,12.652012,399,29.62,282.39,71.28,1.0000,0.441235,0.148494,292.42,332.84,0.9828,0.456901,0.693419
1786703350.109570,12.694451,400,29.62,282.60,71.30,1.0000,0.441560,0.148535,292.33,333.01,0.9826,0.456765,0.693771
1786703350.147435,12.732317,401,29.62,282.77,71.35,1.0000,0.441823,0.148641,292.33,333.01,0.9825,0.456765,0.693776
1786703350.180096,12.764977,402,29.62,282.84,71.35,1.0000,0.441933,0.148638,292.34,333.00,0.9826,0.456775,0.693746
1786703350.195566,12.780448,403,29.62,282.99,71.32,1.0000,0.442171,0.148592,292.39,333.03,0.9826,0.456862,0.693820
1786703350.227542,12.812423,404,29.62,283.07,71.32,1.0000,0.442295,0.148587,292.40,333.06,0.9824,0.456871,0.693873
1786703350.275044,12.859926,405,29.62,283.14,71.30,1.0000,0.442405,0.148544,292.40,333.10,0.9822,0.456870,0.693952
1786703350.306774,12.891655,406,29.62,283.38,71.31,1.0000,0.442782,0.148554,292.43,333.10,0.9820,0.456922,0.693964
1786703350.343738,12.928619,407,29.67,283.44,71.31,1.0000,0.442869,0.148553,292.41,333.10,0.9820,0.456898,0.693960
1786703350.358135,12.943017,408,29.67,283.44,71.29,1.0000,0.442880,0.148519,292.43,333.10,0.9820,0.456920,0.693955
1786703350.402942,12.987823,409,29.67,283.47,71.29,1.0000,0.442916,0.148520,292.40,333.11,0.9822,0.456874,0.693977
1786703350.434293,13.019174,410,29.67,283.42,71.29,1.0000,0.442850,0.148521,292.40,333.19,0.9820,0.456876,0.694151
1786703350.465534,13.050415,411,29.67,283.42,71.17,1.0000,0.442840,0.148265,292.37,333.20,0.9816,0.456829,0.694157
1786703350.496734,13.081615,412,29.67,283.40,71.12,1.0000,0.442818,0.148162,292.35,333.21,0.9815,0.456802,0.694183
1786703350.530854,13.115736,413,29.67,283.36,71.11,1.0000,0.442745,0.148140,292.33,333.19,0.9816,0.456766,0.694141
1786703350.576900,13.161781,414,29.67,283.25,71.00,1.0000,0.442571,0.147926,292.31,333.18,0.9814,0.456737,0.694134
1786703350.609456,13.194338,415,29.67,283.25,70.96,1.0000,0.442574,0.147830,292.40,333.29,0.9816,0.456874,0.694361
1786703350.628085,13.212966,416,29.67,283.27,70.85,1.0000,0.442613,0.147608,292.38,333.29,0.9817,0.456842,0.694362
1786703350.664470,13.249352,417,29.67,283.30,70.78,1.0000,0.442663,0.147448,292.38,333.29,0.9815,0.456844,0.694360
1786703350.692517,13.277399,418,29.67,283.31,70.76,1.0000,0.442678,0.147425,292.37,333.28,0.9817,0.456832,0.694338
1786703350.734261,13.319142,419,29.67,283.33,70.75,1.0000,0.442696,0.147389,292.34,333.14,0.9814,0.456774,0.694043
1786703350.750133,13.335014,420,29.67,283.33,70.73,1.0000,0.442707,0.147360,292.33,333.14,0.9814,0.456761,0.694048
1786703350.814267,13.399148,421,29.67,283.36,70.71,1.0000,0.442755,0.147303,292.33,333.14,0.9813,0.456762,0.694034
1786703350.829837,13.414718,422,29.67,283.36,70.70,1.0000,0.442756,0.147298,292.32,333.11,0.9811,0.456755,0.693984
1786703350.878168,13.463049,423,29.75,283.32,70.75,1.0000,0.442685,0.147392,292.32,333.07,0.9811,0.456753,0.693886
1786703350.893649,13.478530,424,29.75,283.31,70.76,1.0000,0.442667,0.147416,292.38,333.03,0.9814,0.456843,0.693807
1786703350.957716,13.542597,425,29.75,283.31,70.80,1.0000,0.442665,0.147505,292.39,333.07,0.9817,0.456858,0.693889
1786703350.972930,13.557811,426,29.75,283.32,70.85,1.0000,0.442691,0.147595,292.36,333.06,0.9815,0.456814,0.693884
1786703350.989038,13.573920,427,29.75,283.33,70.86,1.0000,0.442698,0.147625,292.37,333.06,0.9819,0.456833,0.693870
1786703351.036625,13.621507,428,29.75,283.32,70.87,1.0000,0.442688,0.147637,292.43,333.04,0.9820,0.456929,0.693836
1786703351.052497,13.637378,429,29.75,283.41,70.87,1.0000,0.442821,0.147639,292.43,333.08,0.9820,0.456923,0.693917
1786703351.101249,13.686130,430,29.75,283.40,70.91,1.0000,0.442818,0.147721,292.43,333.07,0.9820,0.456921,0.693900
1786703351.151851,13.736733,431,29.75,283.51,70.90,1.0000,0.442987,0.147719,292.37,333.18,0.9820,0.456828,0.694122
1786703351.181067,13.765949,432,29.75,283.51,70.91,1.0000,0.442982,0.147720,292.37,333.12,0.9820,0.456821,0.693994
1786703351.197158,13.782040,433,29.75,283.50,70.90,1.0000,0.442976,0.147700,292.38,333.05,0.9818,0.456839,0.693856
1786703351.217243,13.802124,434,29.75,283.52,70.91,1.0000,0.442995,0.147724,292.37,332.95,0.9820,0.456825,0.693656
1786703351.258355,13.843236,435,29.75,283.52,71.15,1.0000,0.442998,0.148220,292.43,332.65,0.9821,0.456917,0.693029
1786703351.295789,13.880670,436,29.75,283.52,71.13,1.0000,0.442996,0.148188,292.44,332.93,0.9823,0.456931,0.693607
1786703351.332781,13.917663,437,29.75,283.51,71.19,1.0000,0.442988,0.148320,292.45,332.81,0.9826,0.456953,0.693352
1786703351.362315,13.947196,438,29.75,283.48,71.30,1.0000,0.442938,0.148533,292.39,332.82,0.9825,0.456865,0.693382
1786703351.407518,13.992399,439,29.82,283.41,71.31,1.0000,0.442824,0.148566,292.38,332.80,0.9826,0.456839,0.693343
1786703351.436778,14.021660,440,29.82,283.39,71.32,1.0000,0.442793,0.148584,292.34,332.82,0.9829,0.456789,0.693373
1786703351.461541,14.046422,441,29.82,283.42,71.32,1.0000,0.442838,0.148584,292.34,332.81,0.9829,0.456777,0.693348
1786703351.511544,14.096425,442,29.82,283.43,71.32,1.0000,0.442852,0.148580,292.33,332.90,0.9829,0.456769,0.693535
1786703351.527258,14.112139,443,29.82,283.53,71.32,1.0000,0.443021,0.148574,292.32,332.81,0.9831,0.456744,0.693351
1786703351.574368,14.159250,444,29.82,283.51,71.31,1.0000,0.442992,0.148573,292.32,332.81,0.9830,0.456745,0.693347
1786703351.605982,14.190864,445,29.82,283.56,71.33,1.0000,0.443065,0.148598,292.32,332.88,0.9830,0.456751,0.693490
1786703351.637584,14.222465,446,29.82,283.46,71.33,1.0000,0.442903,0.148598,292.31,332.90,0.9829,0.456739,0.693549
1786703351.670130,14.255012,447,29.82,283.51,71.33,1.0000,0.442990,0.148595,292.33,332.81,0.9832,0.456763,0.693363
1786703351.717774,14.302655,448,29.82,283.30,71.34,1.0000,0.442649,0.148624,292.34,332.81,0.9831,0.456785,0.693354
1786703351.729617,14.314498,449,29.82,283.29,71.43,1.0000,0.442637,0.148805,292.34,332.79,0.9830,0.456786,0.693320
1786703351.764256,14.349137,450,29.82,282.98,71.43,1.0000,0.442152,0.148804,292.34,332.78,0.9830,0.456784,0.693293
1786703351.811967,14.396849,451,29.82,282.98,71.56,1.0000,0.442157,0.149080,292.30,332.84,0.9832,0.456722,0.693415
1786703351.827974,14.412855,452,29.82,282.94,71.55,1.0000,0.442088,0.149063,292.31,332.63,0.9833,0.456737,0.692989
1786703351.885368,14.470249,453,29.82,283.22,71.58,1.0000,0.442529,0.149119,292.31,332.70,0.9833,0.456730,0.693127
1786703351.892145,14.477027,454,29.82,283.17,71.58,1.0000,0.442458,0.149120,292.29,332.73,0.9831,0.456708,0.693182
1786703351.939993,14.524874,455,30.00,283.24,71.63,1.0000,0.442560,0.149219,292.29,332.69,0.9832,0.456707,0.693098
1786703351.955707,14.540588,456,30.00,283.20,71.58,1.0000,0.442504,0.149125,292.31,332.61,0.9831,0.456729,0.692940
1786703352.003861,14.588742,457,30.00,283.18,71.52,1.0000,0.442466,0.148993,292.31,332.69,0.9830,0.456736,0.693095
1786703352.035900,14.620781,458,30.00,283.04,71.44,1.0000,0.442242,0.148825,292.34,332.73,0.9828,0.456773,0.693194
1786703352.068322,14.653203,459,30.00,282.79,71.45,1.0000,0.441853,0.148850,292.39,332.80,0.9829,0.456858,0.693328
1786703352.099055,14.683936,460,30.00,282.79,71.50,1.0000,0.441863,0.148950,292.36,332.95,0.9828,0.456813,0.693636
1786703352.147059,14.731941,461,30.00,282.77,71.49,1.0000,0.441835,0.148939,292.35,332.82,0.9826,0.456793,0.693377
1786703352.162940,14.747821,462,30.00,282.80,71.49,1.0000,0.441872,0.148947,292.37,332.84,0.9826,0.456828,0.693424
1786703352.194891,14.779773,463,30.00,282.77,71.49,1.0000,0.441829,0.148948,292.37,332.94,0.9823,0.456829,0.693627
1786703352.240022,14.824903,464,30.00,282.98,71.51,1.0000,0.442161,0.148982,292.37,333.00,0.9825,0.456829,0.693752
1786703352.273932,14.858814,465,30.00,282.98,71.53,1.0000,0.442161,0.149016,292.40,332.99,0.9822,0.456877,0.693738
1786703352.306900,14.891781,466,30.00,283.03,71.52,1.0000,0.442230,0.148997,292.40,333.04,0.9822,0.456875,0.693830
1786703352.337162,14.922043,467,30.00,283.03,71.52,1.0000,0.442231,0.149008,292.40,333.09,0.9822,0.456872,0.693944
1786703352.369162,14.954043,468,30.00,283.03,71.53,1.0000,0.442232,0.149012,292.38,333.13,0.9822,0.456850,0.694030
1786703352.384660,14.969542,469,30.00,283.21,71.52,1.0000,0.442517,0.149005,292.36,333.08,0.9823,0.456816,0.693913
1786703352.430388,15.015270,470,30.00,283.11,71.54,1.0000,0.442363,0.149043,292.38,333.04,0.9825,0.456837,0.693831
1786703352.462195,15.047076,471,29.99,283.11,71.53,1.0000,0.442362,0.149012,292.38,333.05,0.9825,0.456837,0.693848
1786703352.502947,15.087828,472,29.99,283.11,71.54,1.0000,0.442363,0.149046,292.38,332.97,0.9826,0.456840,0.693690
1786703352.545291,15.130173,473,29.99,283.11,71.54,1.0000,0.442363,0.149045,292.38,332.99,0.9825,0.456837,0.693727
1786703352.577243,15.162124,474,29.99,283.11,71.53,1.0000,0.442354,0.149026,292.38,333.05,0.9822,0.456840,0.693845
1786703352.592942,15.177823,475,29.99,283.21,71.63,1.0000,0.442510,0.149228,292.37,333.05,0.9822,0.456826,0.693853
1786703352.640959,15.225840,476,29.99,283.20,71.62,1.0000,0.442501,0.149211,292.37,333.11,0.9822,0.456823,0.693975
1786703352.673028,15.257909,477,29.99,283.30,71.62,1.0000,0.442659,0.149208,292.36,333.09,0.9822,0.456814,0.693935
1786703352.688483,15.273364,478,29.99,283.30,71.59,1.0000,0.442650,0.149151,292.35,333.03,0.9820,0.456794,0.693807
1786703352.730919,15.315800,479,29.99,283.35,71.58,1.0000,0.442742,0.149134,292.46,333.01,0.9819,0.456962,0.693778
1786703352.768071,15.352952,480,29.99,283.26,71.54,1.0000,0.442601,0.149046,292.44,332.94,0.9817,0.456930,0.693632
1786703352.783421,15.368302,481,29.99,283.24,71.54,1.0000,0.442569,0.149050,292.45,332.90,0.9817,0.456954,0.693547
1786703352.832429,15.417310,482,29.99,283.29,71.56,1.0000,0.442646,0.149081,292.46,332.92,0.9817,0.456976,0.693577
1786703352.878073,15.462955,483,29.99,283.25,71.54,1.0000,0.442584,0.149044,292.47,332.85,0.9815,0.456988,0.693443
1786703352.894137,15.479019,484,29.99,283.21,71.54,1.0000,0.442513,0.149040,292.49,332.87,0.9815,0.457014,0.693475
1786703352.937203,15.522084,485,29.99,283.18,71.53,1.0000,0.442467,0.149016,292.46,332.90,0.9813,0.456964,0.693533
1786703352.974176,15.559058,486,29.86,283.22,71.51,1.0000,0.442534,0.148969,292.47,332.66,0.9813,0.456981,0.693046
1786703353.006154,15.591036,487,29.86,283.19,71.44,1.0000,0.442491,0.148828,292.46,333.01,0.9812,0.456961,0.693770
1786703353.037847,15.622728,488,29.86,283.31,71.44,1.0000,0.442675,0.148827,292.40,333.02,0.9809,0.456880,0.693792
1786703353.056472,15.641354,489,29.86,283.30,71.40,1.0000,0.442655,0.148750,292.41,333.05,0.9811,0.456884,0.693864
1786703353.095777,15.680658,490,29.86,283.35,71.40,1.0000,0.442730,0.148747,292.43,333.05,0.9809,0.456917,0.693846
1786703353.133358,15.718239,491,29.86,283.33,71.37,1.0000,0.442708,0.148679,292.42,333.08,0.9809,0.456905,0.693917
1786703353.197063,15.781945,492,29.86,283.33,71.36,1.0000,0.442706,0.148671,292.45,333.10,0.9806,0.456955,0.693968
1786703353.212751,15.797632,493,29.86,283.33,71.35,1.0000,0.442702,0.148643,292.45,333.08,0.9807,0.456952,0.693927
1786703353.228442,15.813323,494,29.86,283.35,71.35,1.0000,0.442729,0.148641,292.46,333.02,0.9810,0.456964,0.693790
1786703353.263047,15.847928,495,29.86,283.35,71.35,1.0000,0.442732,0.148639,292.46,332.99,0.9811,0.456976,0.693734
1786703353.276312,15.861194,496,29.86,283.39,71.35,1.0000,0.442789,0.148637,292.48,332.97,0.9811,0.457008,0.693684
1786703353.327353,15.912234,497,29.86,283.34,71.34,1.0000,0.442717,0.148627,292.47,332.82,0.9812,0.456983,0.693366
1786703353.356723,15.941604,498,29.86,283.45,71.34,1.0000,0.442887,0.148630,292.47,332.78,0.9813,0.456981,0.693297
1786703353.404310,15.989191,499,29.86,283.42,71.34,1.0000,0.442845,0.148631,292.45,332.79,0.9814,0.456955,0.693318
1786703353.436379,16.021260,500,29.86,283.39,71.41,1.0000,0.442800,0.148763,292.45,332.83,0.9814,0.456951,0.693405
1786703353.462543,16.047424,501,29.86,283.33,71.48,1.0000,0.442704,0.148913,292.48,332.83,0.9816,0.456995,0.693404
1786703353.496157,16.081039,502,30.01,283.33,71.47,1.0000,0.442709,0.148900,292.48,332.96,0.9817,0.457006,0.693659
1786703353.525076,16.109957,503,30.01,283.33,71.47,1.0000,0.442696,0.148896,292.50,332.96,0.9815,0.457036,0.693672
1786703353.559617,16.144499,504,30.01,283.36,71.47,1.0000,0.442742,0.148895,292.53,333.00,0.9817,0.457078,0.693752
1786703353.596237,16.181119,505,30.01,283.36,71.47,1.0000,0.442752,0.148887,292.52,332.99,0.9817,0.457066,0.693720
1786703353.627796,16.212677,506,30.01,283.36,71.47,1.0000,0.442747,0.148892,292.52,333.00,0.9816,0.457064,0.693746
1786703353.662076,16.246957,507,30.01,283.37,71.58,1.0000,0.442758,0.149125,292.57,332.92,0.9817,0.457134,0.693583
1786703353.707801,16.292682,508,30.01,283.37,71.52,1.0000,0.442766,0.149006,292.53,332.94,0.9818,0.457073,0.693618
1786703353.725972,16.310854,509,30.01,283.37,71.59,1.0000,0.442765,0.149149,292.55,332.89,0.9818,0.457112,0.693521
1786703353.794292,16.379173,510,30.01,283.37,71.56,1.0000,0.442770,0.149086,292.56,332.99,0.9819,0.457130,0.693737
1786703353.813715,16.398597,511,30.01,283.37,71.56,1.0000,0.442771,0.149080,292.54,332.98,0.9820,0.457092,0.693717
1786703353.833226,16.418108,512,30.01,283.38,71.56,1.0000,0.442776,0.149080,292.54,333.00,0.9821,0.457099,0.693745
1786703353.880691,16.465573,513,30.01,283.40,71.54,1.0000,0.442806,0.149046,292.55,333.01,0.9821,0.457110,0.693761
1786703353.896706,16.481587,514,30.01,283.40,71.57,1.0000,0.442816,0.149101,292.55,333.01,0.9822,0.457111,0.693762
1786703353.928565,16.513447,515,30.01,283.40,71.57,1.0000,0.442817,0.149101,292.55,333.01,0.9817,0.457104,0.693774
1786703353.976462,16.561343,516,30.01,283.38,71.47,1.0000,0.442775,0.148897,292.53,333.03,0.9817,0.457074,0.693806
1786703354.007310,16.592192,517,29.88,283.41,71.50,1.0000,0.442821,0.148965,292.53,333.05,0.9816,0.457085,0.693849
1786703354.023412,16.608293,518,29.88,283.42,71.46,1.0000,0.442843,0.148875,292.51,333.09,0.9818,0.457054,0.693936
1786703354.070583,16.655465,519,29.88,283.50,71.45,1.0000,0.442965,0.148864,292.50,333.08,0.9818,0.457032,0.693924
1786703354.107694,16.692576,520,29.88,283.61,71.41,1.0000,0.443134,0.148763,292.62,333.10,0.9817,0.457212,0.693959
1786703354.149359,16.734241,521,29.88,283.72,71.41,1.0000,0.443308,0.148768,292.64,333.13,0.9818,0.457253,0.694025
1786703354.165066,16.749947,522,29.88,283.85,71.40,1.0000,0.443510,0.148756,292.64,333.15,0.9818,0.457256,0.694054
1786703354.197394,16.782275,523,29.88,283.88,71.43,1.0000,0.443557,0.148819,292.64,333.14,0.9817,0.457243,0.694046
1786703354.229806,16.814687,524,29.88,283.88,71.37,1.0000,0.443566,0.148696,292.63,333.19,0.9817,0.457237,0.694137
1786703354.268631,16.853513,525,29.88,283.88,71.40,1.0000,0.443569,0.148744,292.64,333.26,0.9815,0.457245,0.694300
1786703354.307818,16.892700,526,29.88,283.88,71.34,1.0000,0.443559,0.148618,292.64,333.30,0.9816,0.457251,0.694367
1786703354.339708,16.924590,527,29.88,283.88,71.34,1.0000,0.443564,0.148615,292.63,333.24,0.9814,0.457228,0.694254
1786703354.360476,16.945358,528,29.88,283.89,71.28,1.0000,0.443572,0.148506,292.64,333.23,0.9814,0.457252,0.694219
1786703354.397972,16.982853,529,29.88,283.92,71.27,1.0000,0.443623,0.148484,292.58,333.28,0.9812,0.457151,0.694333
1786703354.450486,17.035367,530,29.88,283.97,71.26,1.0000,0.443698,0.148460,292.57,333.29,0.9812,0.457144,0.694355
1786703354.463805,17.048686,531,29.88,283.98,71.26,1.0000,0.443716,0.148463,292.54,333.25,0.9807,0.457091,0.694277
1786703354.494177,17.079059,532,29.88,283.98,71.26,1.0000,0.443719,0.148462,292.53,333.23,0.9808,0.457073,0.694234
1786703354.532576,17.117457,533,30.01,283.95,71.26,1.0000,0.443671,0.148453,292.53,333.22,0.9809,0.457079,0.694216
1786703354.562005,17.146886,534,30.01,284.01,71.26,1.0000,0.443760,0.148464,292.53,333.09,0.9807,0.457085,0.693930
1786703354.596601,17.181483,535,30.01,284.01,71.27,1.0000,0.443763,0.148476,292.57,333.09,0.9807,0.457137,0.693933
1786703354.640622,17.225503,536,30.01,284.09,71.27,1.0000,0.443889,0.148472,292.57,332.94,0.9807,0.457147,0.693631
1786703354.672371,17.257252,537,30.01,284.11,71.27,1.0000,0.443927,0.148488,292.59,332.94,0.9803,0.457166,0.693629
1786703354.705061,17.289943,538,30.01,284.10,71.24,1.0000,0.443904,0.148422,292.56,332.93,0.9799,0.457131,0.693597
1786703354.735929,17.320810,539,30.01,284.10,71.24,1.0000,0.443906,0.148417,292.58,332.88,0.9799,0.457160,0.693500
1786703354.764828,17.349710,540,30.01,284.05,71.24,1.0000,0.443826,0.148426,292.62,332.78,0.9798,0.457223,0.693288
1786703354.815796,17.400677,541,30.01,284.05,71.25,1.0000,0.443832,0.148433,292.62,332.78,0.9798,0.457224,0.693287
1786703354.831480,17.416361,542,30.01,284.06,71.23,1.0000,0.443850,0.148388,292.67,332.74,0.9799,0.457290,0.693217
1786703354.879652,17.464533,543,30.01,284.10,71.24,1.0000,0.443902,0.148412,292.62,332.83,0.9797,0.457220,0.693387
1786703354.911869,17.496750,544,30.01,284.11,71.30,1.0000,0.443925,0.148550,292.59,332.79,0.9798,0.457169,0.693316
1786703354.943077,17.527958,545,30.01,284.11,71.31,1.0000,0.443920,0.148554,292.56,332.83,0.9796,0.457128,0.693395
1786703354.974540,17.559421,546,30.01,284.10,71.28,1.0000,0.443907,0.148506,292.58,332.82,0.9796,0.457152,0.693378
1786703355.022696,17.607577,547,30.01,284.10,71.25,1.0000,0.443903,0.148432,292.61,332.84,0.9797,0.457200,0.693407
1786703355.038398,17.623280,548,29.77,284.09,71.26,1.0000,0.443890,0.148450,292.61,332.84,0.9799,0.457204,0.693418
1786703355.070323,17.655204,549,29.77,284.08,71.28,1.0000,0.443875,0.148499,292.61,332.87,0.9796,0.457209,0.693472
1786703355.089299,17.674180,550,29.77,284.08,71.25,1.0000,0.443874,0.148435,292.63,332.87,0.9796,0.457233,0.693486
1786703355.148650,17.733531,551,29.77,284.08,71.25,1.0000,0.443868,0.148430,292.62,332.90,0.9795,0.457223,0.693531
1786703355.164705,17.749586,552,29.77,284.10,71.31,1.0000,0.443899,0.148565,292.59,332.93,0.9795,0.457166,0.693611
1786703355.217916,17.802798,553,29.77,284.10,71.30,1.0000,0.443901,0.148550,292.58,332.94,0.9795,0.457163,0.693617
1786703355.228465,17.813347,554,29.77,284.04,71.29,1.0000,0.443812,0.148525,292.58,332.94,0.9795,0.457159,0.693633
1786703355.260520,17.845402,555,29.77,284.02,71.33,1.0000,0.443780,0.148614,292.58,332.92,0.9795,0.457158,0.693593
1786703355.307909,17.892790,556,29.77,284.02,71.33,1.0000,0.443776,0.148608,292.53,332.80,0.9795,0.457072,0.693335
1786703355.332126,17.917007,557,29.77,284.02,71.33,1.0000,0.443775,0.148608,292.53,332.85,0.9797,0.457071,0.693438
1786703355.370194,17.955075,558,29.77,284.00,71.31,1.0000,0.443755,0.148569,292.54,332.78,0.9799,0.457087,0.693283
1786703355.389617,17.974499,559,29.77,284.00,71.25,1.0000,0.443755,0.148439,292.54,332.82,0.9800,0.457094,0.693373
1786703355.434002,18.018884,560,29.77,284.00,71.25,1.0000,0.443755,0.148439,292.56,332.57,0.9801,0.457128,0.692864
1786703355.470053,18.054934,561,29.77,284.01,71.32,1.0000,0.443764,0.148587,292.54,332.80,0.9798,0.457098,0.693329
1786703355.494084,18.078965,562,29.77,284.03,71.31,1.0000,0.443804,0.148561,292.56,332.82,0.9799,0.457123,0.693368
1786703355.541914,18.126795,563,29.77,284.09,71.31,1.0000,0.443896,0.148562,292.59,332.82,0.9802,0.457166,0.693380
1786703355.561447,18.146328,564,30.01,284.11,71.31,1.0000,0.443916,0.148560,292.51,332.23,0.9804,0.457049,0.692152
1786703355.605527,18.190409,565,30.01,284.03,71.30,1.0000,0.443800,0.148547,292.53,332.27,0.9804,0.457082,0.692224
1786703355.653858,18.238739,566,30.01,284.05,71.28,1.0000,0.443830,0.148503,292.57,332.28,0.9803,0.457136,0.692249
1786703355.669700,18.254581,567,30.01,284.02,71.28,1.0000,0.443788,0.148500,292.54,332.50,0.9798,0.457099,0.692702
1786703355.728408,18.313290,568,30.01,284.00,71.26,1.0000,0.443750,0.148456,292.51,332.50,0.9797,0.457042,0.692718
1786703355.745287,18.330168,569,30.01,283.96,71.26,1.0000,0.443681,0.148453,292.51,332.59,0.9797,0.457044,0.692887
1786703355.761360,18.346241,570,30.01,283.89,71.26,1.0000,0.443576,0.148452,292.54,332.57,0.9798,0.457099,0.692858
1786703355.795341,18.380222,571,30.01,283.72,71.26,0.9999,0.443308,0.148456,292.58,332.51,0.9797,0.457153,0.692739
1786703355.846711,18.431593,572,30.01,283.63,71.25,0.9999,0.443177,0.148443,292.58,332.52,0.9798,0.457161,0.692742
1786703355.862663,18.447544,573,30.01,283.65,71.25,0.9999,0.443206,0.148434,292.59,332.53,0.9796,0.457170,0.692763
1786703355.894114,18.478996,574,30.01,283.47,71.23,0.9999,0.442924,0.148386,292.61,332.57,0.9797,0.457201,0.692861
1786703355.942527,18.527408,575,30.01,283.47,71.34,0.9999,0.442922,0.148626,292.61,332.69,0.9795,0.457199,0.693111
1786703355.973796,18.558677,576,30.01,283.45,71.34,0.9999,0.442889,0.148623,292.64,332.69,0.9798,0.457257,0.693105
1786703355.989256,18.574137,577,30.01,283.45,71.35,0.9999,0.442884,0.148646,292.60,332.80,0.9798,0.457191,0.693333
1786703356.044710,18.629592,578,30.01,283.04,71.34,0.9999,0.442256,0.148627,292.61,332.62,0.9800,0.457196,0.692948
1786703356.054872,18.639753,579,30.01,283.04,71.31,0.9999,0.442256,0.148562,292.62,332.62,0.9801,0.457213,0.692966
1786703356.097708,18.682589,580,30.08,283.10,71.31,1.0000,0.442344,0.148565,292.64,332.58,0.9803,0.457256,0.692884
1786703356.132972,18.717853,581,30.08,283.10,71.28,1.0000,0.442343,0.148507,292.65,332.65,0.9804,0.457269,0.693020
1786703356.177020,18.761901,582,30.08,282.99,71.22,1.0000,0.442176,0.148374,292.62,332.64,0.9807,0.457213,0.692997
1786703356.195841,18.780723,583,30.08,283.00,71.17,1.0000,0.442183,0.148264,292.61,332.65,0.9809,0.457210,0.693013
1786703356.230000,18.814881,584,30.08,282.98,71.08,1.0000,0.442159,0.148074,292.65,332.55,0.9812,0.457262,0.692803
1786703356.258701,18.843582,585,30.08,282.98,71.04,1.0000,0.442157,0.147991,292.62,332.57,0.9811,0.457226,0.692858
1786703356.299009,18.883890,586,30.08,282.98,70.99,1.0000,0.442150,0.147898,292.62,332.41,0.9813,0.457211,0.692514
1786703356.330883,18.915764,587,30.08,282.97,70.98,1.0000,0.442144,0.147884,292.62,332.45,0.9813,0.457221,0.692601
1786703356.370160,18.955041,588,30.08,282.97,71.00,1.0000,0.442143,0.147921,292.64,332.48,0.9812,0.457248,0.692665
1786703356.390376,18.975257,589,30.08,282.97,71.02,1.0000,0.442143,0.147956,292.65,332.52,0.9814,0.457259,0.692755
1786703356.428108,19.012989,590,30.08,282.97,71.02,1.0000,0.442142,0.147954,292.65,332.58,0.9816,0.457273,0.692873
1786703356.464141,19.049022,591,30.08,282.87,71.08,1.0000,0.441979,0.148092,292.61,332.72,0.9817,0.457208,0.693166
1786703356.495611,19.080493,592,30.08,282.92,71.01,1.0000,0.442059,0.147940,292.61,332.81,0.9813,0.457204,0.693356
1786703356.543529,19.128410,593,30.08,282.96,70.95,1.0000,0.442126,0.147804,292.64,333.02,0.9815,0.457253,0.693790
1786703356.567719,19.152600,594,30.08,282.97,70.95,1.0000,0.442137,0.147809,292.64,332.92,0.9814,0.457247,0.693591
1786703356.605974,19.190855,595,30.08,282.97,70.98,1.0000,0.442136,0.147866,292.63,332.94,0.9814,0.457236,0.693619
1786703356.638399,19.223280,596,30.05,282.98,71.01,1.0000,0.442151,0.147937,292.65,332.98,0.9812,0.457270,0.693714
1786703356.668762,19.253644,597,30.05,283.00,71.21,1.0000,0.442185,0.148354,292.60,332.99,0.9812,0.457188,0.693720
1786703356.700809,19.285690,598,30.05,283.00,71.23,1.0000,0.442186,0.148390,292.62,333.01,0.9813,0.457224,0.693780
1786703356.748521,19.333403,599,30.05,283.00,71.05,1.0000,0.442188,0.148024,292.53,332.94,0.9810,0.457077,0.693628
1786703356.781172,19.366053,600,30.05,283.02,70.99,1.0000,0.442213,0.147895,292.60,332.96,0.9811,0.457182,0.693664
1786703356.796407,19.381289,601,30.05,283.14,71.00,1.0000,0.442402,0.147924,292.61,332.92,0.9815,0.457200,0.693582
1786703356.827815,19.412696,602,30.05,283.17,70.88,1.0000,0.442451,0.147669,292.64,332.97,0.9812,0.457243,0.693695
1786703356.859315,19.444196,603,30.05,283.22,70.89,1.0000,0.442538,0.147682,292.61,332.99,0.9810,0.457211,0.693723
1786703356.899357,19.484238,604,30.05,283.23,70.89,1.0000,0.442547,0.147686,292.60,332.96,0.9807,0.457184,0.693660
1786703356.938838,19.523720,605,30.05,283.39,70.80,1.0000,0.442795,0.147496,292.60,332.99,0.9810,0.457194,0.693733
1786703356.989428,19.574310,606,30.05,283.42,70.78,1.0000,0.442848,0.147468,292.54,333.00,0.9809,0.457099,0.693749
1786703357.018601,19.603482,607,30.05,283.44,70.69,1.0000,0.442868,0.147261,292.54,333.08,0.9807,0.457093,0.693911
1786703357.030366,19.615247,608,30.05,283.46,70.69,1.0000,0.442902,0.147269,292.54,332.98,0.9809,0.457099,0.693699
1786703357.060478,19.645359,609,30.05,283.47,70.69,1.0000,0.442922,0.147269,292.54,332.88,0.9810,0.457101,0.693500
1786703357.098425,19.683306,610,30.05,283.48,70.69,1.0000,0.442942,0.147281,292.55,332.92,0.9811,0.457113,0.693582
1786703357.132366,19.717247,611,30.04,283.49,70.79,1.0000,0.442950,0.147489,292.50,332.93,0.9810,0.457030,0.693607
1786703357.161464,19.746345,612,30.04,283.49,70.80,1.0000,0.442959,0.147497,292.48,332.95,0.9809,0.457002,0.693636
1786703357.208507,19.793388,613,30.04,283.53,70.87,1.0000,0.443014,0.147654,292.48,333.04,0.9804,0.456993,0.693827
1786703357.211209,19.796091,614,30.04,283.56,70.88,1.0000,0.443062,0.147657,292.48,333.00,0.9803,0.456999,0.693742
1786703357.272755,19.857636,615,30.04,283.61,70.91,1.0000,0.443135,0.147723,292.50,332.95,0.9803,0.457036,0.693647
1786703357.288164,19.873045,616,30.04,283.63,70.90,1.0000,0.443172,0.147718,292.49,333.02,0.9798,0.457021,0.693786
1786703357.336104,19.920985,617,30.04,283.68,71.01,1.0000,0.443257,0.147941,292.50,332.88,0.9801,0.457026,0.693496
1786703357.368409,19.953290,618,30.04,283.77,71.14,1.0000,0.443394,0.148213,292.51,332.89,0.9800,0.457045,0.693528
1786703357.399634,19.984515,619,30.04,283.77,71.10,1.0000,0.443396,0.148131,292.50,332.94,0.9800,0.457031,0.693622
1786703357.415637,20.000518,620,30.04,283.86,71.11,1.0000,0.443530,0.148144,292.46,332.97,0.9797,0.456973,0.693686
1786703357.470064,20.054945,621,30.04,283.90,71.15,1.0000,0.443594,0.148232,292.48,332.84,0.9799,0.457007,0.693420
1786703357.509071,20.093953,622,30.04,283.94,71.15,1.0000,0.443657,0.148227,292.52,332.95,0.9800,0.457064,0.693653
1786703357.541698,20.126579,623,30.04,283.92,71.15,1.0000,0.443617,0.148222,292.54,333.10,0.9801,0.457097,0.693953
1786703357.572854,20.157735,624,30.04,283.92,71.18,1.0000,0.443623,0.148286,292.55,333.10,0.9801,0.457113,0.693953
1786703357.605034,20.189915,625,30.04,283.91,71.15,1.0000,0.443608,0.148225,292.55,333.12,0.9800,0.457109,0.694005
1786703357.636334,20.221215,626,29.97,283.91,71.12,1.0000,0.443611,0.148165,292.53,333.15,0.9797,0.457085,0.694071
1786703357.668174,20.253056,627,29.97,283.92,71.14,1.0000,0.443619,0.148199,292.55,333.15,0.9796,0.457116,0.694053
1786703357.716223,20.301105,628,29.97,283.91,71.08,1.0000,0.443614,0.148085,292.50,333.33,0.9796,0.457036,0.694448
1786703357.732316,20.317197,629,29.97,283.92,71.11,1.0000,0.443623,0.148137,292.49,333.28,0.9795,0.457021,0.694335
1786703357.764201,20.349083,630,29.97,283.91,71.17,1.0000,0.443607,0.148279,292.50,333.27,0.9795,0.457033,0.694313
1786703357.811330,20.396211,631,29.97,283.90,71.36,1.0000,0.443590,0.148661,292.50,333.22,0.9796,0.457036,0.694208
1786703357.832183,20.417064,632,29.97,283.91,71.39,1.0000,0.443603,0.148738,292.51,333.19,0.9795,0.457053,0.694147
1786703357.875236,20.460117,633,29.97,283.89,71.40,1.0000,0.443577,0.148743,292.47,333.17,0.9797,0.456986,0.694114
1786703357.901293,20.486174,634,29.97,283.90,71.41,1.0000,0.443597,0.148780,292.42,333.11,0.9797,0.456910,0.693977
1786703357.925284,20.510165,635,29.97,283.92,71.46,1.0000,0.443632,0.148871,292.42,333.07,0.9794,0.456912,0.693903
1786703357.982304,20.567185,636,29.97,284.00,71.52,1.0000,0.443755,0.148991,292.42,333.09,0.9794,0.456906,0.693937
1786703358.003245,20.588126,637,29.97,284.07,71.54,1.0000,0.443864,0.149047,292.42,333.09,0.9791,0.456905,0.693940
1786703358.018639,20.603520,638,29.97,284.12,71.52,1.0000,0.443936,0.148995,292.49,333.05,0.9792,0.457009,0.693856
1786703358.065953,20.650834,639,29.97,284.19,71.47,1.0000,0.444049,0.148888,292.49,333.04,0.9791,0.457015,0.693837
1786703358.098151,20.683032,640,29.97,284.29,71.48,1.0000,0.444196,0.148918,292.49,333.01,0.9789,0.457023,0.693777
1786703358.129723,20.714604,641,29.97,284.38,71.51,1.0000,0.444343,0.148976,292.53,333.00,0.9790,0.457080,0.693752
1786703358.161193,20.746074,642,30.07,284.38,71.51,1.0000,0.444345,0.148973,292.58,333.01,0.9791,0.457158,0.693780
1786703358.208868,20.793749,643,30.07,284.40,71.49,1.0000,0.444374,0.148933,292.55,333.03,0.9790,0.457117,0.693816
1786703358.239841,20.824722,644,30.07,284.46,71.63,1.0000,0.444462,0.149219,292.55,333.03,0.9791,0.457102,0.693816
1786703358.304425,20.889306,645,30.07,284.54,71.66,1.0000,0.444591,0.149285,292.57,333.09,0.9790,0.457139,0.693932
1786703358.326778,20.911660,647,30.07,284.53,71.65,1.0000,0.444582,0.149274,292.60,333.18,0.9794,0.457193,0.694117
1786703358.369162,20.954043,648,30.07,284.54,71.60,1.0000,0.444586,0.149175,292.59,333.18,0.9793,0.457168,0.694119
1786703358.400585,20.985467,649,30.07,284.58,71.51,1.0000,0.444651,0.148975,292.49,333.25,0.9792,0.457021,0.694262
1786703358.448679,21.033561,650,30.07,284.59,71.63,1.0000,0.444665,0.149236,292.47,333.02,0.9792,0.456985,0.693800
1786703358.479966,21.064848,651,30.07,284.59,71.65,1.0000,0.444677,0.149281,292.48,332.93,0.9790,0.456999,0.693594
1786703358.495739,21.080621,652,30.07,284.60,71.66,1.0000,0.444681,0.149282,292.51,333.01,0.9791,0.457052,0.693766
1786703358.542914,21.127795,653,30.07,284.60,71.76,1.0000,0.444684,0.149504,292.52,333.05,0.9793,0.457056,0.693860
1786703358.574553,21.159435,654,30.07,284.60,71.78,1.0000,0.444685,0.149538,292.52,333.02,0.9796,0.457068,0.693797
1786703358.606014,21.190895,655,30.07,284.60,71.80,1.0000,0.444690,0.149578,292.53,333.01,0.9798,0.457076,0.693772
1786703358.621315,21.206197,656,30.07,284.61,71.80,1.0000,0.444705,0.149580,292.55,332.98,0.9797,0.457102,0.693702
1786703358.669014,21.253895,657,30.07,284.64,71.78,1.0000,0.444750,0.149536,292.55,332.90,0.9797,0.457102,0.693533
1786703358.716561,21.301442,658,29.47,284.64,71.80,1.0000,0.444754,0.149590,292.59,332.65,0.9799,0.457167,0.693011
1786703358.758935,21.343817,659,29.47,284.67,71.80,1.0000,0.444797,0.149587,292.62,332.71,0.9797,0.457212,0.693137
1786703358.780229,21.365110,660,29.47,284.67,71.81,1.0000,0.444795,0.149601,292.61,332.72,0.9797,0.457206,0.693165
1786703358.812425,21.397306,661,29.47,284.67,71.82,1.0000,0.444797,0.149633,292.60,332.72,0.9798,0.457189,0.693168
1786703358.828010,21.412892,662,29.47,284.68,71.82,1.0000,0.444819,0.149634,292.53,332.71,0.9793,0.457084,0.693151
1786703358.876195,21.461077,663,29.47,284.72,71.82,1.0000,0.444883,0.149631,292.53,332.66,0.9791,0.457081,0.693043
1786703358.892235,21.477116,664,29.47,284.73,71.72,1.0000,0.444886,0.149424,292.53,332.68,0.9791,0.457071,0.693089
1786703358.932081,21.516962,665,29.47,284.66,71.68,1.0000,0.444782,0.149336,292.53,332.62,0.9794,0.457072,0.692962
1786703358.972867,21.557749,666,29.47,284.66,71.26,1.0000,0.444785,0.148455,292.55,332.65,0.9792,0.457107,0.693019
1786703358.990494,21.575375,667,29.47,284.66,71.25,1.0000,0.444780,0.148444,292.46,332.67,0.9792,0.456971,0.693073
1786703359.033765,21.618646,668,29.47,284.65,71.24,1.0000,0.444770,0.148420,292.47,332.67,0.9793,0.456983,0.693064
1786703359.068593,21.653474,669,29.47,284.65,71.23,1.0000,0.444771,0.148403,292.48,332.74,0.9792,0.457007,0.693202
1786703359.116858,21.701740,670,29.47,284.65,71.23,1.0000,0.444772,0.148400,292.46,332.72,0.9791,0.456973,0.693159
1786703359.132924,21.717806,671,29.47,284.81,71.27,1.0000,0.445022,0.148482,292.47,332.67,0.9791,0.456977,0.693070
1786703359.165216,21.750098,672,29.47,284.81,71.27,1.0000,0.445023,0.148478,292.50,332.70,0.9792,0.457034,0.693121
1786703359.198558,21.783439,673,29.47,284.90,71.41,1.0000,0.445153,0.148763,292.51,332.56,0.9794,0.457043,0.692830
1786703359.228232,21.813114,674,29.81,284.94,71.41,1.0000,0.445215,0.148774,292.52,332.59,0.9795,0.457059,0.692901
1786703359.276337,21.861218,675,29.81,284.92,71.65,1.0000,0.445194,0.149262,292.53,332.47,0.9795,0.457073,0.692636
1786703359.292300,21.877181,676,29.81,284.92,71.73,1.0000,0.445194,0.149445,292.53,332.56,0.9795,0.457082,0.692826
1786703359.339098,21.923980,677,29.81,284.92,71.76,1.0000,0.445188,0.149500,292.48,332.57,0.9794,0.456996,0.692857
1786703359.354970,21.939851,678,29.81,284.89,71.77,1.0000,0.445148,0.149524,292.48,332.57,0.9798,0.457002,0.692854
1786703359.403156,21.988038,679,29.81,284.83,71.79,1.0000,0.445053,0.149562,292.49,332.65,0.9799,0.457009,0.693026
1786703359.435119,22.020000,680,29.81,284.82,71.78,1.0000,0.445025,0.149551,292.51,332.79,0.9800,0.457048,0.693306
1786703359.470456,22.055337,681,29.81,284.80,71.79,1.0000,0.444996,0.149559,292.51,332.77,0.9798,0.457047,0.693274
1786703359.509935,22.094816,682,29.81,284.77,71.79,1.0000,0.444952,0.149562,292.52,332.21,0.9802,0.457066,0.692101
1786703359.534549,22.119430,683,29.81,284.76,71.75,1.0000,0.444940,0.149489,292.55,332.37,0.9801,0.457112,0.692445
1786703359.574347,22.159228,684,29.81,284.68,71.85,1.0000,0.444810,0.149692,292.57,332.39,0.9802,0.457134,0.692472
1786703359.667329,22.252210,685,29.81,284.73,71.85,1.0000,0.444890,0.149695,292.59,332.21,0.9804,0.457177,0.692114
1786703359.694569,22.279450,688,29.81,284.57,71.80,1.0000,0.444634,0.149586,292.60,332.29,0.9803,0.457189,0.692263
1786703359.725923,22.310804,689,29.81,284.51,71.81,1.0000,0.444553,0.149599,292.63,332.25,0.9804,0.457230,0.692196
1786703359.761503,22.346384,690,29.20,284.48,71.81,1.0000,0.444493,0.149605,292.63,332.26,0.9805,0.457233,0.692214
1786703359.777739,22.362620,691,29.20,284.18,71.82,1.0000,0.444036,0.149632,292.63,332.43,0.9808,0.457239,0.692560
1786703359.834771,22.419652,692,29.20,283.93,71.83,1.0000,0.443644,0.149646,292.59,332.43,0.9807,0.457168,0.692556
1786703359.857435,22.442317,693,29.20,283.94,71.79,1.0000,0.443649,0.149573,292.57,332.43,0.9806,0.457136,0.692571
1786703359.889015,22.473896,694,29.20,283.72,71.82,1.0000,0.443311,0.149627,292.56,332.48,0.9809,0.457123,0.692661
1786703359.937991,22.522873,695,29.20,283.73,71.81,1.0000,0.443327,0.149608,292.58,332.17,0.9811,0.457155,0.692028
1786703359.953542,22.538424,696,29.20,283.75,71.75,1.0000,0.443355,0.149470,292.54,332.18,0.9813,0.457099,0.692045
1786703360.001360,22.586241,697,29.20,283.74,71.75,1.0000,0.443345,0.149469,292.51,332.12,0.9810,0.457043,0.691910
1786703360.033135,22.618016,698,29.20,283.74,71.69,1.0000,0.443345,0.149345,292.52,332.03,0.9813,0.457068,0.691731
1786703360.064283,22.649164,699,29.20,283.74,71.68,1.0000,0.443346,0.149344,292.50,332.19,0.9811,0.457024,0.692069
1786703360.100773,22.685654,700,29.20,283.74,71.70,1.0000,0.443347,0.149366,292.46,332.19,0.9815,0.456961,0.692068
1786703360.142982,22.727864,701,29.20,283.75,71.48,1.0000,0.443360,0.148924,292.46,332.05,0.9817,0.456961,0.691780
1786703360.175159,22.760040,702,29.20,283.74,71.49,1.0000,0.443347,0.148927,292.41,332.24,0.9813,0.456894,0.692165
1786703360.191010,22.775892,703,29.20,283.75,71.48,1.0000,0.443365,0.148915,292.41,332.30,0.9813,0.456883,0.692282
1786703360.233889,22.818770,704,29.20,283.75,71.47,1.0000,0.443359,0.148903,292.41,332.48,0.9812,0.456895,0.692677
1786703360.265166,22.850048,705,29.31,283.71,71.51,1.0000,0.443291,0.148975,292.41,332.44,0.9813,0.456898,0.692587
1786703360.297134,22.882015,706,29.31,283.70,71.48,1.0000,0.443289,0.148913,292.45,332.20,0.9813,0.456953,0.692092
1786703360.325608,22.910489,707,29.31,283.80,71.44,1.0000,0.443440,0.148828,292.39,332.29,0.9811,0.456864,0.692268
1786703360.365821,22.950703,708,29.31,283.90,71.43,1.0000,0.443587,0.148814,292.38,332.44,0.9813,0.456851,0.692582
1786703360.417641,23.002522,709,29.31,283.89,71.29,1.0000,0.443583,0.148519,292.34,332.46,0.9812,0.456787,0.692623
1786703360.431181,23.016062,710,29.31,283.90,71.30,1.0000,0.443588,0.148533,292.34,332.51,0.9806,0.456785,0.692729
1786703360.463644,23.048525,711,29.31,283.90,71.30,1.0000,0.443589,0.148546,292.34,332.46,0.9808,0.456787,0.692632
1786703360.509532,23.094414,712,29.31,283.87,71.42,1.0000,0.443540,0.148782,292.39,332.47,0.9802,0.456852,0.692644
1786703360.526827,23.111708,713,29.31,283.87,71.41,1.0000,0.443540,0.148777,292.37,332.54,0.9802,0.456836,0.692784
1786703360.562078,23.146960,714,29.31,283.86,71.48,1.0000,0.443539,0.148906,292.37,332.51,0.9801,0.456831,0.692730
1786703360.605207,23.190088,715,29.31,283.89,71.49,1.0000,0.443577,0.148937,292.35,332.58,0.9801,0.456794,0.692873
1786703360.637800,23.222682,716,29.31,283.89,71.50,1.0000,0.443570,0.148951,292.44,332.30,0.9802,0.456945,0.692299
1786703360.652961,23.237843,717,29.31,283.88,71.49,1.0000,0.443566,0.148939,292.45,332.39,0.9802,0.456946,0.692476
1786703360.703637,23.288518,718,29.31,283.88,71.49,1.0000,0.443567,0.148947,292.45,332.46,0.9798,0.456956,0.692632
1786703360.733293,23.318174,719,29.31,283.95,71.50,1.0000,0.443666,0.148950,292.46,332.61,0.9798,0.456963,0.692939
1786703360.780684,23.365566,720,29.18,283.95,71.57,1.0000,0.443669,0.149099,292.46,332.64,0.9796,0.456973,0.692997
1786703360.796522,23.381404,721,29.18,283.97,71.61,1.0000,0.443701,0.149181,292.47,332.60,0.9793,0.456977,0.692922
1786703360.896710,23.481591,722,29.18,283.99,71.61,1.0000,0.443736,0.149188,292.48,332.69,0.9797,0.457003,0.693095
1786703360.911450,23.496331,724,29.18,283.99,71.60,1.0000,0.443741,0.149158,292.49,332.72,0.9796,0.457019,0.693162
1786703360.927681,23.512562,725,29.18,284.02,71.59,1.0000,0.443785,0.149154,292.49,332.86,0.9796,0.457022,0.693456
1786703360.967557,23.552438,726,29.18,284.02,71.59,1.0000,0.443783,0.149139,292.50,332.94,0.9794,0.457024,0.693629
1786703360.999180,23.584061,727,29.18,284.02,71.61,1.0000,0.443784,0.149194,292.53,332.96,0.9795,0.457075,0.693669
1786703361.022256,23.607137,728,29.18,284.03,71.61,1.0000,0.443800,0.149188,292.53,332.88,0.9796,0.457072,0.693510
1786703361.064519,23.649400,729,29.18,284.10,71.66,1.0000,0.443901,0.149283,292.57,332.74,0.9800,0.457145,0.693204
1786703361.099597,23.684478,730,29.18,284.12,71.66,1.0000,0.443933,0.149282,292.63,332.77,0.9802,0.457227,0.693265
1786703361.133854,23.718736,731,29.18,284.15,71.78,1.0000,0.443978,0.149541,292.64,332.81,0.9801,0.457244,0.693362
1786703361.189171,23.774052,732,29.18,284.25,71.64,1.0000,0.444143,0.149258,292.65,332.69,0.9800,0.457269,0.693106
1786703361.191800,23.776681,733,29.18,284.29,71.65,1.0000,0.444196,0.149266,292.65,332.71,0.9803,0.457270,0.693154
1786703361.217790,23.802671,734,29.18,284.36,71.60,1.0000,0.444320,0.149162,292.61,332.90,0.9800,0.457206,0.693542
1786703361.273353,23.858234,735,29.18,284.37,71.62,1.0000,0.444330,0.149200,292.58,332.88,0.9800,0.457155,0.693506
1786703361.305647,23.890528,736,29.18,284.40,71.62,1.0000,0.444382,0.149216,292.58,332.88,0.9798,0.457158,0.693510
1786703361.321191,23.906072,737,29.18,284.41,71.73,1.0000,0.444387,0.149443,292.58,332.89,0.9800,0.457162,0.693514
1786703361.371810,23.956692,738,29.18,284.44,71.74,1.0000,0.444444,0.149464,292.54,332.88,0.9799,0.457097,0.693509
1786703361.400527,23.985409,739,29.18,284.44,71.74,1.0000,0.444434,0.149461,292.57,332.99,0.9800,0.457138,0.693720
1786703361.433933,24.018815,740,29.18,284.49,71.74,1.0000,0.444523,0.149467,292.54,333.00,0.9800,0.457098,0.693741
1786703361.472330,24.057211,741,29.18,284.41,71.79,1.0000,0.444389,0.149565,292.51,333.06,0.9800,0.457051,0.693878
1786703361.493360,24.078241,742,29.18,284.42,71.81,1.0000,0.444401,0.149601,292.51,333.16,0.9802,0.457051,0.694087
1786703361.532479,24.117360,743,29.18,284.60,71.81,1.0000,0.444680,0.149604,292.51,333.18,0.9803,0.457053,0.694120
1786703361.572823,24.157704,744,29.18,284.65,71.81,1.0000,0.444767,0.149607,292.51,333.18,0.9802,0.457051,0.694117
1786703361.588645,24.173527,745,29.18,284.70,72.02,1.0000,0.444840,0.150046,292.53,333.17,0.9801,0.457083,0.694101
1786703361.628795,24.213676,746,29.18,284.70,72.01,1.0000,0.444840,0.150029,292.52,333.17,0.9801,0.457067,0.694110
1786703361.667562,24.252443,747,29.18,284.69,72.05,1.0000,0.444823,0.150102,292.55,333.26,0.9797,0.457113,0.694302
1786703361.715117,24.299998,748,29.18,284.68,72.05,1.0000,0.444819,0.150104,292.63,333.27,0.9796,0.457239,0.694307
1786703361.731257,24.316138,749,29.18,284.69,72.00,1.0000,0.444834,0.150010,292.71,333.26,0.9799,0.457360,0.694293
1786703361.778944,24.363826,750,29.18,284.74,71.85,1.0000,0.444903,0.149695,292.72,333.28,0.9797,0.457367,0.694330
1786703361.810449,24.395331,751,29.17,284.76,71.85,1.0000,0.444941,0.149697,292.71,333.49,0.9797,0.457364,0.694777
1786703361.826164,24.411045,752,29.17,284.83,71.85,1.0000,0.445051,0.149697,292.73,333.46,0.9799,0.457383,0.694713
1786703361.874467,24.459348,753,29.17,284.93,71.86,1.0000,0.445206,0.149707,292.72,333.53,0.9801,0.457379,0.694860
1786703361.906557,24.491438,754,29.17,284.92,71.85,1.0000,0.445192,0.149691,292.73,333.53,0.9801,0.457383,0.694857
1786703361.921886,24.506768,755,29.17,284.92,71.86,1.0000,0.445193,0.149699,292.73,333.53,0.9801,0.457388,0.694860
1786703361.964405,24.549286,756,29.17,284.93,71.92,1.0000,0.445201,0.149826,292.74,333.53,0.9803,0.457407,0.694857
1786703361.999009,24.583891,757,29.17,285.08,71.96,1.0000,0.445433,0.149918,292.62,333.51,0.9807,0.457219,0.694807
1786703362.031229,24.616110,758,29.17,285.18,72.04,1.0000,0.445592,0.150086,292.59,333.48,0.9804,0.457179,0.694751
1786703362.063353,24.648235,759,29.17,285.20,71.98,1.0000,0.445626,0.149956,292.61,333.42,0.9808,0.457199,0.694615
1786703362.097462,24.682343,760,29.17,285.22,71.98,1.0000,0.445653,0.149952,292.60,333.29,0.9807,0.457189,0.694350
1786703362.141247,24.726128,761,29.17,285.25,71.98,1.0000,0.445711,0.149966,292.60,333.23,0.9803,0.457191,0.694231
1786703362.160129,24.745010,762,29.17,285.28,72.06,1.0000,0.445752,0.150134,292.61,333.14,0.9803,0.457205,0.694033
1786703362.199757,24.784639,763,29.17,285.28,72.11,1.0000,0.445756,0.150222,292.62,333.21,0.9802,0.457223,0.694189
1786703362.224107,24.808988,764,29.17,285.33,72.13,1.0000,0.445826,0.150280,292.62,333.27,0.9803,0.457221,0.694321
1786703362.272324,24.857206,765,29.17,285.26,72.27,1.0000,0.445719,0.150573,292.60,333.36,0.9806,0.457181,0.694495
1786703362.288049,24.872930,766,29.17,285.31,72.25,1.0000,0.445794,0.150515,292.59,333.41,0.9806,0.457165,0.694605
1786703362.327186,24.912067,767,29.52,285.30,72.27,1.0000,0.445785,0.150553,292.60,333.43,0.9805,0.457186,0.694637
1786703362.367949,24.952830,768,29.52,285.30,72.27,1.0000,0.445788,0.150553,292.57,333.45,0.9806,0.457148,0.694688
1786703362.415433,25.000314,769,29.52,285.33,72.28,1.0000,0.445834,0.150586,292.57,333.42,0.9805,0.457147,0.694629
1786703362.431366,25.016248,770,29.52,285.35,72.24,1.0000,0.445856,0.150506,292.59,333.35,0.9807,0.457179,0.694484
1786703362.478844,25.063726,771,29.52,285.31,72.25,1.0000,0.445796,0.150519,292.59,333.36,0.9806,0.457174,0.694500
1786703362.526921,25.111803,772,29.52,285.22,72.30,1.0000,0.445657,0.150626,292.57,333.27,0.9805,0.457144,0.694317
1786703362.558827,25.143708,773,29.52,285.22,72.29,1.0000,0.445657,0.150609,292.61,333.10,0.9808,0.457201,0.693950
1786703362.574434,25.159315,774,29.52,285.11,72.31,1.0000,0.445485,0.150642,292.62,333.12,0.9808,0.457223,0.694007
1786703362.596628,25.181510,775,29.52,285.11,72.26,1.0000,0.445485,0.150539,292.63,333.10,0.9809,0.457229,0.693955
1786703362.638397,25.223278,776,29.52,285.06,72.27,1.0000,0.445408,0.150553,292.62,333.11,0.9807,0.457214,0.693982
1786703362.654040,25.238921,777,29.52,285.10,72.23,1.0000,0.445469,0.150478,292.69,333.04,0.9809,0.457330,0.693832
1786703362.696287,25.281169,778,29.52,284.99,72.23,1.0000,0.445296,0.150485,292.69,333.10,0.9808,0.457327,0.693963
1786703362.748432,25.333313,779,29.52,284.84,72.31,1.0000,0.445060,0.150651,292.70,333.15,0.9807,0.457338,0.694067
1786703362.780596,25.365477,780,29.52,284.83,72.34,1.0000,0.445050,0.150716,292.73,333.25,0.9805,0.457394,0.694261
1786703362.811841,25.396723,781,29.52,284.94,72.23,1.0000,0.445222,0.150477,292.73,333.40,0.9806,0.457391,0.694579
1786703362.843549,25.428430,782,29.42,284.89,72.59,1.0000,0.445133,0.151238,292.75,333.30,0.9807,0.457423,0.694385
1786703362.875234,25.460115,783,29.42,284.88,72.72,1.0000,0.445126,0.151498,292.74,333.30,0.9808,0.457402,0.694367
1786703362.906977,25.491858,784,29.42,284.88,72.72,1.0000,0.445123,0.151502,292.74,333.23,0.9810,0.457407,0.694225
1786703362.938479,25.523360,785,29.42,284.89,72.64,1.0000,0.445143,0.151331,292.73,333.21,0.9807,0.457392,0.694187
1786703362.986558,25.571440,786,29.42,284.86,72.66,1.0000,0.445101,0.151373,292.73,333.22,0.9806,0.457390,0.694200
1786703362.999540,25.584421,787,29.42,284.84,72.66,1.0000,0.445065,0.151369,292.72,333.21,0.9806,0.457371,0.694194
1786703363.034612,25.619493,788,29.42,284.83,72.65,1.0000,0.445048,0.151362,292.71,333.19,0.9802,0.457360,0.694139
1786703363.050015,25.634896,789,29.42,284.83,72.65,1.0000,0.445046,0.151352,292.71,333.17,0.9802,0.457363,0.694095
1786703363.114577,25.699458,790,29.42,284.77,72.62,1.0000,0.444946,0.151283,292.70,333.10,0.9801,0.457350,0.693950
1786703363.129950,25.714832,791,29.42,284.76,72.61,1.0000,0.444944,0.151277,292.67,333.04,0.9801,0.457293,0.693842
1786703363.178321,25.763202,792,29.42,284.79,72.58,1.0000,0.444978,0.151209,292.69,333.07,0.9803,0.457332,0.693890
1786703363.209864,25.794746,793,29.42,284.76,72.50,1.0000,0.444936,0.151044,292.68,333.20,0.9802,0.457315,0.694173
1786703363.227024,25.811905,794,29.42,284.76,72.45,1.0000,0.444931,0.150930,292.67,333.11,0.9801,0.457297,0.693969
1786703363.259579,25.844461,795,29.42,284.76,72.51,1.0000,0.444933,0.151053,292.68,333.09,0.9803,0.457320,0.693928
1786703363.288584,25.873466,796,29.42,284.76,72.49,1.0000,0.444938,0.151031,292.67,333.10,0.9797,0.457300,0.693966
1786703363.339869,25.924750,797,29.42,284.73,72.50,1.0000,0.444896,0.151048,292.59,333.10,0.9793,0.457174,0.693966
1786703363.386046,25.970927,798,29.43,284.73,72.50,1.0000,0.444894,0.151046,292.63,333.10,0.9792,0.457236,0.693964
1786703363.418008,26.002889,799,29.43,284.74,72.50,1.0000,0.444903,0.151046,292.60,333.11,0.9792,0.457186,0.693989
1786703363.426463,26.011344,800,29.43,284.69,72.50,1.0000,0.444835,0.151033,292.59,333.11,0.9792,0.457178,0.693983
1786703363.459991,26.044872,801,29.43,284.70,72.45,1.0000,0.444846,0.150940,292.59,332.97,0.9791,0.457177,0.693684
1786703363.509918,26.094800,802,29.43,284.73,72.45,1.0000,0.444892,0.150938,292.60,332.77,0.9792,0.457184,0.693261
1786703363.525962,26.110843,803,29.43,284.72,72.37,1.0000,0.444873,0.150777,292.59,332.79,0.9790,0.457177,0.693310
1786703363.558193,26.143074,804,29.43,284.71,72.37,1.0000,0.444867,0.150776,292.51,332.81,0.9790,0.457041,0.693347
1786703363.595060,26.179941,805,29.43,284.46,72.20,1.0000,0.444466,0.150420,292.52,332.78,0.9790,0.457056,0.693300
1786703363.637557,26.222438,806,29.43,284.42,72.14,1.0000,0.444406,0.150293,292.51,332.95,0.9789,0.457054,0.693655
1786703363.653344,26.238225,807,29.43,284.34,72.09,1.0000,0.444277,0.150190,292.53,332.95,0.9788,0.457071,0.693656
1786703363.700797,26.285678,808,29.43,284.28,72.08,1.0000,0.444190,0.150165,292.51,332.90,0.9788,0.457041,0.693536
1786703363.747468,26.332349,809,29.43,284.28,72.04,1.0000,0.444189,0.150076,292.51,332.90,0.9791,0.457042,0.693543
1786703363.779888,26.364769,810,29.43,284.20,72.02,1.0000,0.444056,0.150045,292.52,333.03,0.9791,0.457060,0.693819
1786703363.827725,26.412606,812,29.43,284.20,71.97,1.0000,0.444064,0.149930,292.46,333.04,0.9792,0.456968,0.693833
1786703363.874816,26.459698,813,29.43,284.23,71.96,1.0000,0.444108,0.149921,292.49,333.12,0.9791,0.457012,0.694005
1786703363.906458,26.491339,814,29.30,284.23,71.94,1.0000,0.444108,0.149865,292.49,333.12,0.9792,0.457011,0.694001
1786703363.938664,26.523545,815,29.30,284.23,71.94,1.0000,0.444111,0.149866,292.50,333.15,0.9794,0.457030,0.694059
1786703363.970219,26.555100,816,29.30,284.14,71.93,1.0000,0.443973,0.149862,292.54,333.20,0.9791,0.457089,0.694164
1786703363.985609,26.570491,817,29.30,284.14,71.94,1.0000,0.443966,0.149876,292.53,333.24,0.9789,0.457083,0.694248
1786703364.049860,26.634741,818,29.30,283.88,71.91,1.0000,0.443564,0.149814,292.55,333.20,0.9787,0.457113,0.694162
1786703364.081196,26.666077,819,29.30,283.89,71.98,1.0000,0.443579,0.149951,292.65,333.20,0.9791,0.457259,0.694175
1786703364.096986,26.681867,820,29.30,283.90,72.08,1.0000,0.443595,0.150160,292.64,333.20,0.9794,0.457254,0.694176
1786703364.145786,26.730667,821,29.30,283.89,72.21,1.0000,0.443584,0.150431,292.58,332.63,0.9799,0.457159,0.692987
1786703364.178201,26.763083,822,29.30,284.00,72.22,1.0000,0.443752,0.150454,292.61,332.63,0.9801,0.457209,0.692973
1786703364.209762,26.794644,823,29.30,284.11,72.25,1.0000,0.443916,0.150530,292.63,332.83,0.9805,0.457234,0.693392
1786703364.242185,26.827066,824,29.30,284.18,72.34,1.0000,0.444024,0.150710,292.59,332.89,0.9805,0.457168,0.693525
1786703364.256913,26.841794,825,29.30,284.38,72.33,1.0000,0.444341,0.150688,292.60,332.89,0.9807,0.457181,0.693512
1786703364.305100,26.889982,826,29.30,284.47,72.36,1.0000,0.444491,0.150743,292.60,332.94,0.9806,0.457192,0.693624
1786703364.336749,26.921630,827,29.30,284.52,72.38,1.0000,0.444570,0.150800,292.62,333.00,0.9805,0.457214,0.693751
1786703364.368152,26.953034,828,29.30,284.53,72.37,1.0000,0.444581,0.150780,292.63,333.08,0.9806,0.457232,0.693909
1786703364.399803,26.984685,829,29.30,284.44,72.37,1.0000,0.444439,0.150780,292.64,333.06,0.9806,0.457245,0.693867
1786703364.428325,27.013206,830,29.57,284.47,72.39,1.0000,0.444481,0.150811,292.62,333.07,0.9806,0.457212,0.693895
1786703364.455066,27.039948,831,29.57,284.46,72.39,1.0000,0.444471,0.150803,292.61,333.04,0.9805,0.457205,0.693835
1786703364.510397,27.095278,832,29.57,284.44,72.49,1.0000,0.444433,0.151031,292.64,333.10,0.9805,0.457242,0.693957
1786703364.542702,27.127583,833,29.57,284.44,72.47,1.0000,0.444434,0.150986,292.67,333.10,0.9803,0.457294,0.693954
1786703364.565174,27.150056,834,29.57,284.41,72.47,1.0000,0.444386,0.150984,292.67,333.10,0.9801,0.457293,0.693956
1786703364.599801,27.184682,835,29.57,284.41,72.47,1.0000,0.444389,0.150986,292.65,333.11,0.9797,0.457270,0.693980
1786703364.632044,27.216925,836,29.57,284.39,72.47,1.0000,0.444363,0.150978,292.64,333.12,0.9794,0.457249,0.694005
1786703364.697034,27.281915,837,29.57,284.42,72.41,1.0000,0.444409,0.150857,292.68,333.12,0.9793,0.457313,0.694006
1786703364.717015,27.301896,838,29.57,284.40,72.43,1.0000,0.444378,0.150895,292.66,333.15,0.9793,0.457286,0.694059
1786703364.732980,27.317861,839,29.57,284.44,72.40,1.0000,0.444439,0.150838,292.66,333.15,0.9790,0.457283,0.694060
1786703364.769825,27.354706,840,29.57,284.44,72.36,1.0000,0.444440,0.150746,292.66,333.17,0.9788,0.457281,0.694102
1786703364.796581,27.381463,841,29.57,284.54,72.42,1.0000,0.444597,0.150869,292.62,333.17,0.9793,0.457215,0.694097
1786703364.844892,27.429773,842,29.57,284.33,72.42,1.0000,0.444267,0.150882,292.62,333.34,0.9795,0.457221,0.694463
1786703364.860620,27.445502,843,29.57,284.33,72.50,1.0000,0.444263,0.151047,292.59,333.21,0.9798,0.457178,0.694187
1786703364.908271,27.493152,844,29.57,284.33,72.35,1.0000,0.444265,0.150737,292.60,333.20,0.9797,0.457181,0.694171
1786703364.939621,27.524503,845,29.56,284.30,72.39,1.0000,0.444223,0.150820,292.54,333.24,0.9799,0.457091,0.694257
1786703364.962348,27.547230,846,29.56,284.30,72.34,1.0000,0.444221,0.150703,292.54,333.19,0.9797,0.457090,0.694138
1786703365.003999,27.588881,847,29.56,284.29,72.36,1.0000,0.444199,0.150745,292.58,333.20,0.9800,0.457160,0.694172
1786703365.040447,27.625328,848,29.56,284.24,72.44,1.0000,0.444125,0.150920,292.54,333.18,0.9802,0.457101,0.694132
1786703365.054583,27.639464,849,29.56,284.17,72.45,1.0000,0.444019,0.150939,292.54,333.11,0.9801,0.457100,0.693986
1786703365.095916,27.680797,850,29.56,284.16,72.42,1.0000,0.443998,0.150881,292.55,333.08,0.9802,0.457107,0.693923
1786703365.130626,27.715508,851,29.56,284.12,72.32,1.0000,0.443940,0.150665,292.55,333.06,0.9805,0.457106,0.693882
1786703365.178197,27.763078,852,29.56,284.09,72.10,1.0000,0.443890,0.150209,292.63,333.11,0.9803,0.457236,0.693978
1786703365.194088,27.778969,853,29.56,284.09,72.11,1.0000,0.443888,0.150228,292.69,333.15,0.9807,0.457336,0.694056
1786703365.238734,27.823615,854,29.56,283.81,72.13,1.0000,0.443455,0.150277,292.64,333.14,0.9801,0.457250,0.694039
1786703365.262599,27.847480,855,29.56,283.81,72.12,1.0000,0.443455,0.150247,292.70,333.14,0.9805,0.457341,0.694048
1786703365.305866,27.890747,856,29.56,283.81,72.13,1.0000,0.443460,0.150278,292.68,333.17,0.9808,0.457319,0.694106
1786703365.337413,27.922294,857,29.56,283.79,72.09,1.0000,0.443426,0.150193,292.65,333.16,0.9802,0.457258,0.694083
1786703365.352628,27.937509,858,29.56,283.79,72.03,1.0000,0.443425,0.150062,292.67,333.19,0.9801,0.457289,0.694143
1786703365.397932,27.982813,859,29.56,283.80,72.02,1.0000,0.443432,0.150052,292.70,333.19,0.9801,0.457342,0.694140
1786703365.426835,28.011716,860,29.56,283.82,72.00,1.0000,0.443476,0.150003,292.70,333.18,0.9803,0.457342,0.694127
1786703365.470937,28.055819,861,29.71,283.81,72.00,1.0000,0.443458,0.149990,292.68,333.24,0.9803,0.457318,0.694250
1786703365.494773,28.079655,862,29.71,283.78,71.99,1.0000,0.443410,0.149984,292.64,333.24,0.9804,0.457254,0.694251
1786703365.526523,28.111405,863,29.71,283.78,72.04,1.0000,0.443409,0.150073,292.63,333.28,0.9804,0.457231,0.694329
1786703365.574353,28.159234,864,29.71,283.73,72.21,1.0000,0.443335,0.150442,292.61,333.24,0.9802,0.457206,0.694252
1786703365.606283,28.191165,865,29.71,283.82,72.30,1.0000,0.443470,0.150629,292.61,333.24,0.9799,0.457205,0.694257
1786703365.626769,28.211650,866,29.71,283.91,72.31,1.0000,0.443611,0.150642,292.64,333.31,0.9801,0.457248,0.694396
1786703365.685962,28.270844,867,29.71,283.89,72.20,1.0000,0.443580,0.150414,292.66,333.29,0.9798,0.457282,0.694364
1786703365.702036,28.286918,868,29.71,283.90,72.18,1.0000,0.443586,0.150367,292.67,333.23,0.9798,0.457293,0.694226
1786703365.722774,28.307655,869,29.71,283.89,72.17,1.0000,0.443577,0.150364,292.67,333.20,0.9799,0.457295,0.694177
1786703365.768079,28.352960,870,29.71,283.45,72.25,1.0000,0.442892,0.150526,292.60,333.08,0.9801,0.457192,0.693924
1786703365.813323,28.398204,871,29.71,283.46,72.25,1.0000,0.442903,0.150522,292.66,332.94,0.9802,0.457285,0.693617
1786703365.861856,28.446737,872,29.71,283.46,72.28,1.0000,0.442901,0.150587,292.63,332.93,0.9805,0.457241,0.693602
1786703365.879622,28.464503,873,29.71,283.49,72.25,1.0000,0.442960,0.150522,292.62,332.94,0.9804,0.457221,0.693624
1786703365.895105,28.479986,874,29.71,283.51,72.21,1.0000,0.442985,0.150442,292.59,332.88,0.9802,0.457174,0.693491
1786703365.940738,28.525619,875,29.71,283.51,72.14,1.0000,0.442985,0.150295,292.59,332.87,0.9802,0.457173,0.693480
1786703365.989504,28.574386,876,29.48,283.59,72.14,1.0000,0.443102,0.150293,292.62,333.07,0.9802,0.457223,0.693903
1786703366.004529,28.589410,877,29.48,283.59,72.11,1.0000,0.443104,0.150232,292.62,333.04,0.9800,0.457220,0.693831
1786703366.022389,28.607270,878,29.48,283.59,72.08,1.0000,0.443111,0.150157,292.63,333.08,0.9802,0.457239,0.693908
1786703366.084117,28.668998,879,29.48,283.60,72.09,1.0000,0.443118,0.150193,292.63,333.06,0.9802,0.457228,0.693872
1786703366.117041,28.701922,880,29.48,283.71,72.01,1.0000,0.443301,0.150013,292.64,332.93,0.9804,0.457245,0.693604
1786703366.131274,28.716155,881,29.48,283.71,72.00,1.0000,0.443302,0.150000,292.64,332.95,0.9806,0.457254,0.693650
1786703366.154972,28.739853,882,29.48,283.67,71.97,1.0000,0.443240,0.149939,292.66,332.95,0.9804,0.457274,0.693646
1786703366.198110,28.782991,883,29.48,283.71,71.95,1.0000,0.443293,0.149906,292.64,332.95,0.9805,0.457248,0.693643
1786703366.229286,28.814168,884,29.48,283.91,71.97,1.0000,0.443612,0.149930,292.61,332.95,0.9803,0.457196,0.693647
1786703366.269326,28.854207,885,29.48,283.86,71.96,1.0000,0.443538,0.149910,292.59,332.95,0.9801,0.457167,0.693644
1786703366.297751,28.882632,886,29.48,283.89,72.13,1.0000,0.443570,0.150275,292.60,332.71,0.9803,0.457184,0.693152
1786703366.337513,28.922395,887,29.48,283.89,72.13,1.0000,0.443572,0.150275,292.60,332.72,0.9804,0.457188,0.693175
1786703366.355549,28.940431,888,29.48,283.86,72.13,1.0000,0.443528,0.150273,292.60,332.74,0.9801,0.457184,0.693213
1786703366.404064,28.988945,889,29.48,283.87,72.15,1.0000,0.443548,0.150309,292.60,332.72,0.9798,0.457183,0.693177
1786703366.433366,29.018247,890,29.48,283.89,72.14,1.0000,0.443574,0.150302,292.53,332.71,0.9796,0.457083,0.693146
1786703366.455626,29.040508,891,29.48,284.01,72.14,1.0000,0.443761,0.150286,292.53,332.62,0.9793,0.457077,0.692957
1786703366.512774,29.097655,892,29.71,284.08,72.18,1.0000,0.443876,0.150380,292.53,332.74,0.9794,0.457082,0.693202
1786703366.545126,29.130008,893,29.71,284.20,72.21,1.0000,0.444061,0.150446,292.53,332.71,0.9792,0.457076,0.693147
1786703366.576796,29.161677,894,29.71,284.33,72.20,1.0000,0.444269,0.150424,292.55,332.75,0.9793,0.457115,0.693227
1786703366.608861,29.193742,895,29.71,284.37,72.20,1.0000,0.444336,0.150408,292.57,332.96,0.9794,0.457137,0.693659
1786703366.623885,29.208767,896,29.71,284.44,72.18,1.0000,0.444434,0.150380,292.53,332.98,0.9795,0.457080,0.693717
1786703366.672677,29.257558,897,29.71,284.44,72.14,1.0000,0.444437,0.150284,292.53,332.93,0.9797,0.457078,0.693614
1786703366.704573,29.289455,898,29.71,284.45,72.09,1.0000,0.444454,0.150182,292.56,332.76,0.9798,0.457125,0.693260
1786703366.720014,29.304895,899,29.71,284.42,72.08,1.0000,0.444409,0.150168,292.54,332.98,0.9798,0.457100,0.693698
1786703366.768946,29.353827,900,29.71,284.43,72.04,1.0000,0.444428,0.150091,292.47,332.98,0.9798,0.456977,0.693708
1786703366.818965,29.403846,901,29.71,284.28,72.11,1.0000,0.444182,0.150235,292.46,332.95,0.9797,0.456962,0.693648
1786703366.848334,29.433215,902,29.71,284.19,72.11,1.0000,0.444041,0.150227,292.46,332.95,0.9800,0.456961,0.693649
1786703366.863855,29.448736,903,29.71,284.19,72.11,1.0000,0.444047,0.150220,292.51,332.96,0.9803,0.457049,0.693660
1786703366.910759,29.495641,904,29.71,284.19,72.07,1.0000,0.444054,0.150155,292.57,332.96,0.9805,0.457147,0.693668
1786703366.943006,29.527887,905,29.71,284.20,72.06,1.0000,0.444065,0.150130,292.64,333.03,0.9808,0.457248,0.693816
1786703366.975080,29.559962,906,29.71,284.20,71.85,1.0000,0.444063,0.149691,292.56,333.04,0.9807,0.457126,0.693842
1786703366.990845,29.575726,907,29.71,284.22,71.92,1.0000,0.444086,0.149836,292.52,333.04,0.9807,0.457061,0.693839
1786703367.037870,29.622751,908,30.00,284.23,71.92,1.0000,0.444113,0.149839,292.53,332.98,0.9807,0.457080,0.693701
1786703367.069689,29.654570,909,30.00,284.25,71.94,1.0000,0.444137,0.149874,292.53,332.86,0.9807,0.457078,0.693460
1786703367.084855,29.669736,910,30.00,284.25,71.92,1.0000,0.444137,0.149823,292.62,332.93,0.9807,0.457225,0.693596
1786703367.148072,29.732953,911,30.00,284.17,71.80,1.0000,0.444017,0.149593,292.65,332.94,0.9809,0.457268,0.693625
1786703367.180570,29.765451,912,30.00,284.15,71.79,1.0000,0.443988,0.149552,292.75,332.95,0.9812,0.457420,0.693656
1786703367.227794,29.812676,913,30.00,283.98,71.79,1.0000,0.443724,0.149560,292.82,332.98,0.9813,0.457526,0.693706
1786703367.272765,29.857646,914,30.00,283.87,71.79,1.0000,0.443543,0.149567,292.81,333.02,0.9813,0.457522,0.693796
1786703367.277485,29.862367,916,30.00,283.80,71.86,1.0000,0.443436,0.149707,292.76,333.02,0.9813,0.457445,0.693799
1786703367.331605,29.916487,917,30.00,283.75,72.34,1.0000,0.443354,0.150715,292.67,333.00,0.9814,0.457298,0.693756
1786703367.371545,29.956426,918,30.00,283.71,72.34,1.0000,0.443301,0.150704,292.61,333.01,0.9814,0.457202,0.693780
1786703367.387046,29.971927,919,30.00,283.71,72.43,1.0000,0.443291,0.150898,292.60,333.00,0.9814,0.457191,0.693740
1786703367.438910,30.023791,920,30.00,283.67,72.40,1.0000,0.443235,0.150839,292.60,332.84,0.9817,0.457186,0.693420
1786703367.478696,30.063577,921,30.00,283.67,72.49,1.0000,0.443232,0.151011,292.68,332.86,0.9817,0.457314,0.693448
1786703367.499351,30.084232,922,30.00,283.67,72.44,1.0000,0.443231,0.150920,292.70,332.50,0.9822,0.457341,0.692703
1786703367.528634,30.113515,923,29.58,283.65,72.52,1.0000,0.443209,0.151081,292.73,332.56,0.9822,0.457386,0.692834
1786703367.561491,30.146373,924,29.58,283.61,72.48,1.0000,0.443144,0.151007,292.71,332.72,0.9822,0.457357,0.693171
1786703367.610120,30.195001,925,29.58,283.61,72.47,1.0000,0.443140,0.150971,292.68,332.82,0.9821,0.457307,0.693375
1786703367.623652,30.208533,926,29.58,283.61,72.46,1.0000,0.443139,0.150953,292.67,332.87,0.9820,0.457298,0.693483
1786703367.669416,30.254297,927,29.58,283.56,72.46,1.0000,0.443055,0.150951,292.67,332.80,0.9819,0.457291,0.693337
1786703367.717206,30.302087,928,29.58,283.41,72.45,1.0000,0.442828,0.150946,292.68,332.72,0.9820,0.457308,0.693174
1786703367.749304,30.334185,929,29.58,283.41,72.42,1.0000,0.442825,0.150878,292.71,332.67,0.9821,0.457363,0.693056
1786703367.781864,30.366745,930,29.58,283.30,72.41,1.0000,0.442653,0.150848,292.77,332.73,0.9822,0.457460,0.693192
1786703367.796691,30.381572,931,29.58,283.19,72.54,1.0000,0.442491,0.151116,292.80,332.73,0.9822,0.457496,0.693197
1786703367.828066,30.412948,932,29.58,283.19,72.54,1.0000,0.442487,0.151128,292.75,332.69,0.9823,0.457427,0.693110
1786703367.872697,30.457578,933,29.58,283.10,72.54,1.0000,0.442340,0.151131,292.73,332.82,0.9824,0.457398,0.693382
1786703367.907241,30.492122,934,29.58,283.13,72.58,1.0000,0.442392,0.151211,292.72,332.82,0.9823,0.457380,0.693385
1786703367.923267,30.508148,935,29.58,283.15,72.59,1.0000,0.442415,0.151238,292.78,332.58,0.9825,0.457466,0.692867
1786703367.971424,30.556305,936,29.58,283.15,72.49,1.0000,0.442425,0.151025,292.78,332.57,0.9825,0.457465,0.692863
1786703368.003950,30.588831,937,29.58,283.15,72.48,1.0000,0.442414,0.151003,292.79,332.68,0.9825,0.457477,0.693080
1786703368.019465,30.604346,938,29.60,283.15,72.40,1.0000,0.442428,0.150836,292.67,332.69,0.9828,0.457294,0.693101
1786703368.067797,30.652678,939,29.60,283.15,72.40,1.0000,0.442426,0.150836,292.67,332.77,0.9826,0.457297,0.693281
1786703368.115098,30.699980,940,29.60,283.04,72.34,1.0000,0.442244,0.150707,292.71,332.75,0.9828,0.457360,0.693227
1786703368.131060,30.715941,941,29.60,283.02,72.42,1.0000,0.442216,0.150871,292.69,332.49,0.9829,0.457321,0.692678
1786703368.179363,30.764244,942,29.60,283.02,72.19,1.0000,0.442216,0.150389,292.81,332.54,0.9829,0.457521,0.692785
1786703368.195288,30.780170,943,29.60,283.03,71.98,1.0000,0.442232,0.149962,292.80,332.33,0.9833,0.457499,0.692363
1786703368.247019,30.831900,944,29.60,283.00,71.96,1.0000,0.442192,0.149914,292.80,332.37,0.9833,0.457499,0.692436
1786703368.264818,30.849699,945,29.60,282.93,71.90,1.0000,0.442078,0.149801,292.80,332.40,0.9834,0.457497,0.692508
1786703368.306637,30.891519,946,29.60,282.85,71.95,1.0000,0.441948,0.149900,292.80,332.39,0.9834,0.457500,0.692484
1786703368.324712,30.909593,947,29.60,282.85,71.83,1.0000,0.441947,0.149646,292.81,332.36,0.9833,0.457508,0.692411
1786703368.365619,30.950500,948,29.60,282.83,71.84,1.0000,0.441922,0.149658,292.81,332.28,0.9833,0.457510,0.692242
1786703368.401922,30.986803,949,29.60,282.82,71.84,1.0000,0.441902,0.149658,292.80,332.31,0.9831,0.457504,0.692311
1786703368.433943,31.018824,950,29.60,282.83,71.78,1.0000,0.441915,0.149540,292.78,332.31,0.9831,0.457470,0.692315
1786703368.465808,31.050689,951,29.60,282.83,71.78,1.0000,0.441922,0.149539,292.75,332.32,0.9826,0.457429,0.692335
1786703368.524542,31.109423,952,29.60,282.83,71.78,1.0000,0.441919,0.149538,292.73,331.93,0.9826,0.457396,0.691521
1786703368.545283,31.130164,953,29.60,282.83,71.78,1.0000,0.441916,0.149542,292.73,332.00,0.9825,0.457394,0.691677
1786703368.563246,31.148127,954,29.73,282.80,71.88,1.0000,0.441873,0.149753,292.72,331.98,0.9823,0.457381,0.691631
1786703368.602536,31.187418,955,29.73,282.60,71.89,1.0000,0.441560,0.149767,292.71,331.98,0.9822,0.457354,0.691630
1786703368.637591,31.222472,956,29.73,282.15,72.00,1.0000,0.440864,0.150010,292.71,331.91,0.9821,0.457353,0.691477
1786703368.672307,31.257189,957,29.73,282.02,72.05,1.0000,0.440654,0.150097,292.71,332.26,0.9817,0.457366,0.692217
1786703368.704154,31.289035,958,29.73,281.87,72.04,1.0000,0.440422,0.150093,292.71,332.02,0.9820,0.457365,0.691706
1786703368.751004,31.335885,959,29.73,281.83,72.04,1.0000,0.440363,0.150088,292.70,332.13,0.9818,0.457344,0.691942
1786703368.766983,31.351865,960,29.73,281.83,72.04,1.0000,0.440361,0.150086,292.68,332.13,0.9819,0.457318,0.691947
1786703368.804686,31.389567,961,29.73,281.76,72.08,1.0000,0.440246,0.150170,292.67,332.07,0.9821,0.457301,0.691808
1786703368.847176,31.432057,962,29.73,281.73,72.05,1.0000,0.440198,0.150101,292.71,332.07,0.9821,0.457362,0.691810
1786703368.863443,31.448324,963,29.73,281.55,72.06,1.0000,0.439927,0.150121,292.69,332.02,0.9821,0.457335,0.691700
1786703368.895537,31.480418,964,29.73,281.44,72.06,1.0000,0.439745,0.150124,292.74,332.08,0.9823,0.457410,0.691830
1786703368.932023,31.516904,965,29.73,281.37,72.07,1.0000,0.439644,0.150142,292.74,332.04,0.9821,0.457405,0.691747
1786703368.975063,31.559944,966,29.73,281.40,72.04,1.0000,0.439688,0.150074,292.50,332.20,0.9819,0.457029,0.692084
1786703369.006827,31.591708,967,29.73,281.36,72.12,1.0000,0.439629,0.150245,292.49,332.55,0.9818,0.457020,0.692822
1786703369.038522,31.623403,968,29.73,281.34,72.12,1.0000,0.439593,0.150245,292.49,332.57,0.9816,0.457023,0.692858
1786703369.071501,31.656382,969,29.70,281.12,72.07,1.0000,0.439255,0.150147,292.54,332.57,0.9816,0.457088,0.692856
1786703369.118984,31.703865,970,29.70,281.12,72.07,1.0000,0.439248,0.150151,292.53,332.64,0.9814,0.457080,0.693007
1786703369.150195,31.735076,971,29.70,280.95,72.00,1.0000,0.438977,0.149991,292.51,332.64,0.9815,0.457040,0.693007
1786703369.173026,31.757907,972,29.70,280.91,72.00,1.0000,0.438921,0.149992,292.48,332.75,0.9814,0.457003,0.693223
1786703369.191846,31.776727,973,29.70,280.92,71.97,1.0000,0.438930,0.149948,292.50,332.73,0.9814,0.457034,0.693191
1786703369.220719,31.805600,974,29.70,280.87,71.95,1.0000,0.438852,0.149902,292.51,332.71,0.9815,0.457044,0.693152
1786703369.261121,31.846002,975,29.70,280.86,72.00,1.0000,0.438850,0.150010,292.52,332.78,0.9814,0.457062,0.693295
1786703369.308900,31.893781,976,29.70,280.87,72.00,1.0000,0.438856,0.150007,292.54,332.76,0.9815,0.457100,0.693247
1786703369.325057,31.909938,977,29.70,280.87,72.00,1.0000,0.438863,0.150002,292.57,332.82,0.9815,0.457140,0.693379
1786703369.373751,31.958633,978,29.70,280.89,71.97,1.0000,0.438886,0.149947,292.56,332.82,0.9815,0.457133,0.693372
1786703369.405022,31.989903,979,29.70,280.88,72.02,1.0000,0.438877,0.150036,292.60,332.93,0.9816,0.457194,0.693613
1786703369.437272,32.022153,980,29.70,280.89,72.01,1.0000,0.438892,0.150013,292.62,332.82,0.9815,0.457212,0.693384
1786703369.462873,32.047754,981,29.70,280.88,72.05,1.0000,0.438872,0.150097,292.61,332.84,0.9816,0.457205,0.693419
1786703369.500164,32.085045,982,29.70,280.94,72.05,1.0000,0.438968,0.150094,292.60,332.79,0.9816,0.457180,0.693310
1786703369.536619,32.121500,983,29.70,280.97,72.05,1.0000,0.439016,0.150094,292.56,332.80,0.9814,0.457125,0.693325
1786703369.562314,32.147195,984,29.70,280.97,72.06,1.0000,0.439010,0.150119,292.54,332.70,0.9814,0.457089,0.693117
1786703369.595367,32.180249,985,29.84,280.98,72.05,1.0000,0.439029,0.150114,292.50,332.32,0.9814,0.457031,0.692336
1786703369.636425,32.221307,986,29.84,281.08,72.05,1.0000,0.439186,0.150114,292.46,332.33,0.9814,0.456967,0.692348
1786703369.651012,32.235893,987,29.84,281.07,72.05,1.0000,0.439177,0.150097,292.45,332.41,0.9815,0.456958,0.692518
1786703369.699589,32.284470,988,29.84,281.07,72.04,1.0000,0.439169,0.150079,292.46,332.42,0.9817,0.456976,0.692539
1786703369.739184,32.324065,989,29.84,281.15,71.97,1.0000,0.439293,0.149936,292.43,332.22,0.9820,0.456924,0.692133
1786703369.784581,32.369463,990,29.84,281.07,71.99,1.0000,0.439179,0.149986,292.44,332.25,0.9820,0.456937,0.692185
1786703369.815837,32.400719,991,29.84,281.11,71.99,1.0000,0.439229,0.149988,292.44,332.26,0.9818,0.456939,0.692216
1786703369.833869,32.418751,992,29.84,281.07,72.05,1.0000,0.439168,0.150102,292.44,332.35,0.9817,0.456943,0.692405
1786703369.866030,32.450911,993,29.84,281.09,72.05,1.0000,0.439205,0.150100,292.45,332.30,0.9818,0.456948,0.692299
1786703369.901118,32.485999,994,29.84,280.57,72.04,1.0000,0.438387,0.150093,292.47,332.56,0.9817,0.456977,0.692827
1786703369.943228,32.528109,995,29.84,280.51,72.05,1.0000,0.438298,0.150099,292.56,332.38,0.9818,0.457125,0.692453
1786703369.964400,32.549281,996,29.84,280.51,72.07,1.0000,0.438303,0.150138,292.53,332.38,0.9818,0.457080,0.692449
1786703370.001705,32.586586,997,29.84,280.52,72.06,1.0000,0.438313,0.150126,292.53,332.54,0.9818,0.457085,0.692787
1786703370.038985,32.623866,998,29.84,280.52,72.08,1.0000,0.438316,0.150173,292.57,332.55,0.9816,0.457138,0.692806
1786703370.071182,32.656064,999,29.84,280.48,72.06,1.0000,0.438258,0.150127,292.56,332.21,0.9817,0.457132,0.692096
1786703370.086900,32.671781,1000,29.81,280.55,72.23,1.0000,0.438366,0.150489,292.56,332.37,0.9816,0.457121,0.692431
1786703370.130343,32.715225,1001,29.81,280.56,72.23,1.0000,0.438374,0.150484,292.62,332.38,0.9815,0.457226,0.692453
1786703370.161334,32.746215,1002,29.81,280.58,72.19,1.0000,0.438403,0.150394,292.61,332.36,0.9814,0.457206,0.692415
1786703370.199380,32.784261,1003,29.81,280.50,72.11,1.0000,0.438286,0.150230,292.61,332.36,0.9813,0.457201,0.692421
1786703370.236197,32.821079,1004,29.81,280.51,72.06,1.0000,0.438290,0.150122,292.61,332.39,0.9815,0.457206,0.692475
1786703370.278702,32.863583,1005,29.81,280.52,72.05,1.0000,0.438309,0.150114,292.61,332.45,0.9816,0.457203,0.692598
1786703370.310493,32.895375,1006,29.81,280.62,72.01,1.0000,0.438469,0.150015,292.60,332.47,0.9814,0.457181,0.692647
1786703370.342622,32.927503,1007,29.81,280.68,72.02,1.0000,0.438565,0.150038,292.56,332.46,0.9815,0.457130,0.692635
1786703370.357920,32.942801,1008,29.81,280.99,72.02,1.0000,0.439040,0.150033,292.58,332.41,0.9817,0.457154,0.692514
1786703370.397135,32.982017,1009,29.81,281.03,72.02,1.0000,0.439110,0.150043,292.58,332.32,0.9817,0.457157,0.692323
1786703370.421186,33.006067,1010,29.81,281.19,72.00,1.0000,0.439367,0.149997,292.58,332.39,0.9817,0.457157,0.692480
1786703370.460692,33.045573,1011,29.81,281.18,71.99,1.0000,0.439343,0.149988,292.58,332.38,0.9820,0.457152,0.692449
1786703370.501540,33.086421,1012,29.81,281.20,71.95,1.0000,0.439372,0.149890,292.59,332.53,0.9820,0.457172,0.692771
1786703370.548916,33.133798,1013,29.81,281.36,71.93,1.0000,0.439624,0.149863,292.61,332.44,0.9822,0.457205,0.692582
1786703370.579590,33.164472,1014,29.81,281.42,71.95,1.0000,0.439724,0.149887,292.61,332.38,0.9820,0.457205,0.692452
1786703370.595236,33.180117,1015,29.75,281.53,71.91,1.0000,0.439892,0.149812,292.62,332.53,0.9820,0.457212,0.692780
1786703370.644515,33.229396,1016,29.75,281.53,71.96,1.0000,0.439892,0.149922,292.62,332.66,0.9818,0.457218,0.693035
1786703370.676108,33.260989,1017,29.75,281.52,71.97,1.0000,0.439869,0.149929,292.63,332.76,0.9816,0.457231,0.693242
1786703370.707528,33.292409,1018,29.75,281.51,72.06,1.0000,0.439862,0.150118,292.62,332.73,0.9816,0.457225,0.693186
1786703370.723104,33.307986,1019,29.75,281.57,72.06,1.0000,0.439949,0.150115,292.64,332.47,0.9819,0.457243,0.692650
1786703370.768524,33.353405,1020,29.75,281.56,72.06,1.0000,0.439945,0.150134,292.64,332.32,0.9822,0.457245,0.692327
1786703370.800629,33.385510,1021,29.75,281.58,71.97,1.0000,0.439962,0.149933,292.65,332.38,0.9820,0.457264,0.692450
1786703370.862667,33.447548,1023,29.75,281.53,72.11,1.0000,0.439891,0.150226,292.65,332.31,0.9821,0.457261,0.692305
1786703370.915668,33.500549,1024,29.75,281.40,72.11,1.0000,0.439693,0.150227,292.69,332.53,0.9821,0.457321,0.692778
1786703370.930266,33.515147,1025,29.75,281.38,72.14,1.0000,0.439654,0.150289,292.69,332.53,0.9824,0.457333,0.692774
1786703370.978021,33.562902,1026,29.75,281.42,72.19,1.0000,0.439724,0.150390,292.69,332.26,0.9823,0.457324,0.692201
1786703370.993713,33.578594,1027,29.75,281.63,72.22,1.0000,0.440049,0.150456,292.62,332.34,0.9822,0.457220,0.692374
1786703371.041934,33.626815,1028,29.75,281.77,72.23,1.0000,0.440268,0.150475,292.68,332.39,0.9825,0.457307,0.692476
1786703371.083035,33.667916,1029,29.75,281.77,72.23,1.0000,0.440261,0.150474,292.69,332.15,0.9827,0.457323,0.691989
1786703371.096374,33.681255,1030,29.75,281.77,72.20,1.0000,0.440260,0.150426,292.69,332.37,0.9829,0.457330,0.692438
1786703371.127411,33.712292,1031,29.59,281.76,72.22,1.0000,0.440256,0.150461,292.71,332.50,0.9831,0.457360,0.692718
1786703371.169397,33.754278,1032,29.59,281.75,72.24,1.0000,0.440242,0.150499,292.68,332.34,0.9832,0.457308,0.692368
1786703371.206618,33.791499,1033,29.59,281.73,72.24,1.0000,0.440202,0.150496,292.68,332.64,0.9833,0.457313,0.693006
1786703371.233122,33.818003,1034,29.59,281.73,72.23,1.0000,0.440202,0.150481,292.65,332.60,0.9831,0.457264,0.692925
1786703371.264504,33.849385,1035,29.59,281.79,72.14,1.0000,0.440295,0.150298,292.66,332.58,0.9831,0.457274,0.692872
1786703371.310779,33.895660,1036,29.59,281.76,72.15,1.0000,0.440254,0.150307,292.69,332.53,0.9832,0.457328,0.692767
1786703371.342717,33.927598,1037,29.59,281.94,72.13,1.0000,0.440530,0.150269,292.67,332.51,0.9833,0.457305,0.692738
1786703371.358130,33.943011,1038,29.59,281.98,72.20,1.0000,0.440589,0.150412,292.63,332.37,0.9828,0.457230,0.692441
1786703371.400886,33.985767,1039,29.59,281.87,72.19,1.0000,0.440424,0.150401,292.62,332.72,0.9828,0.457219,0.693171
1786703371.421307,34.006188,1040,29.59,281.79,72.25,1.0000,0.440304,0.150513,292.63,332.70,0.9828,0.457234,0.693134
1786703371.463593,34.048474,1041,29.59,281.84,72.19,1.0000,0.440369,0.150400,292.64,332.98,0.9826,0.457246,0.693700
1786703371.508100,34.092981,1042,29.59,281.84,72.24,1.0000,0.440367,0.150495,292.62,332.78,0.9824,0.457224,0.693295
1786703371.539836,34.124717,1043,29.59,281.78,72.24,1.0000,0.440286,0.150496,292.68,333.04,0.9824,0.457315,0.693844
1786703371.571698,34.156579,1044,29.59,281.81,72.25,1.0000,0.440320,0.150526,292.69,332.94,0.9822,0.457334,0.693617
1786703371.603914,34.188796,1045,29.59,281.89,72.18,1.0000,0.440456,0.150378,292.76,332.89,0.9823,0.457433,0.693511
1786703371.635115,34.219996,1046,29.57,281.89,72.19,1.0000,0.440456,0.150399,292.72,332.85,0.9821,0.457373,0.693443
1786703371.666956,34.251837,1047,29.57,281.88,72.12,1.0000,0.440438,0.150249,292.68,333.29,0.9821,0.457312,0.694360
1786703371.682650,34.267531,1048,29.57,282.04,72.10,1.0000,0.440689,0.150203,292.68,333.29,0.9822,0.457313,0.694358
1786703371.731439,34.316320,1049,29.57,282.07,72.10,1.0000,0.440740,0.150200,292.67,333.20,0.9824,0.457305,0.694169
1786703371.779089,34.363970,1050,29.57,282.34,71.85,1.0000,0.441149,0.149683,292.68,333.38,0.9825,0.457316,0.694535
1786703371.809806,34.394687,1051,29.57,282.34,71.88,1.0000,0.441150,0.149751,292.67,333.35,0.9824,0.457304,0.694486
1786703371.841958,34.426839,1052,29.57,282.36,71.88,1.0000,0.441187,0.149753,292.68,333.35,0.9825,0.457306,0.694479
1786703371.868978,34.453859,1053,29.57,282.35,71.95,1.0000,0.441175,0.149898,292.67,333.33,0.9825,0.457297,0.694431
1786703371.905372,34.490253,1054,29.57,282.48,71.91,1.0000,0.441375,0.149806,292.71,333.42,0.9827,0.457355,0.694616
1786703371.952857,34.537738,1055,29.57,282.47,72.02,1.0000,0.441360,0.150045,292.73,333.05,0.9826,0.457394,0.693850
1786703371.955437,34.540319,1056,29.57,282.46,71.97,1.0000,0.441350,0.149930,292.73,333.18,0.9825,0.457392,0.694126
1786703372.001588,34.586469,1057,29.57,282.45,71.97,1.0000,0.441334,0.149940,292.73,333.15,0.9824,0.457384,0.694072
1786703372.016727,34.601609,1058,29.57,282.45,71.96,1.0000,0.441334,0.149912,292.73,333.08,0.9825,0.457388,0.693914
1786703372.072458,34.657339,1059,29.57,282.47,71.88,1.0000,0.441364,0.149755,292.75,333.06,0.9825,0.457415,0.693877
1786703372.106778,34.691659,1060,29.57,282.47,71.91,1.0000,0.441365,0.149812,292.75,332.88,0.9824,0.457423,0.693498
1786703372.132754,34.717636,1061,29.57,282.49,71.88,1.0000,0.441385,0.149756,292.76,332.84,0.9824,0.457433,0.693409
1786703372.170648,34.755530,1062,29.75,282.51,71.51,1.0000,0.441415,0.148983,292.82,332.83,0.9824,0.457533,0.693394
1786703372.207221,34.792103,1063,29.75,282.40,71.56,1.0000,0.441245,0.149084,292.54,333.04,0.9824,0.457086,0.693827
1786703372.238568,34.823450,1064,29.75,282.31,71.48,1.0000,0.441116,0.148922,292.56,332.88,0.9824,0.457120,0.693496
1786703372.254214,34.839096,1065,29.75,282.29,71.45,1.0000,0.441082,0.148858,292.53,332.86,0.9824,0.457075,0.693455
1786703372.302078,34.886960,1066,29.75,282.29,71.45,1.0000,0.441076,0.148854,292.55,332.95,0.9826,0.457107,0.693641
1786703372.349836,34.934718,1067,29.75,282.31,71.47,1.0000,0.441103,0.148887,292.51,332.84,0.9828,0.457051,0.693414
1786703372.381199,34.966080,1068,29.75,282.30,71.47,1.0000,0.441100,0.148891,292.52,332.82,0.9827,0.457056,0.693378
1786703372.397091,34.981972,1069,29.75,282.32,71.33,1.0000,0.441121,0.148613,292.53,332.76,0.9826,0.457078,0.693254
1786703372.428775,35.013656,1070,29.75,282.31,71.35,1.0000,0.441105,0.148641,292.55,332.71,0.9826,0.457110,0.693146
1786703372.465826,35.050708,1071,29.75,282.29,71.35,1.0000,0.441082,0.148642,292.54,333.05,0.9827,0.457086,0.693863
1786703372.503016,35.087898,1072,29.75,282.27,71.35,1.0000,0.441054,0.148643,292.58,332.75,0.9827,0.457154,0.693234
1786703372.534900,35.119781,1073,29.75,282.27,71.33,1.0000,0.441050,0.148610,292.60,332.89,0.9826,0.457193,0.693513
1786703372.558377,35.143258,1074,29.75,282.27,71.32,1.0000,0.441053,0.148582,292.61,332.83,0.9827,0.457197,0.693386
1786703372.603619,35.188501,1075,29.75,282.28,71.35,1.0000,0.441056,0.148638,292.65,333.12,0.9826,0.457261,0.694008
1786703372.619867,35.204748,1076,29.75,282.22,71.41,1.0000,0.440962,0.148767,292.66,333.03,0.9822,0.457277,0.693810
1786703372.667201,35.252083,1077,29.75,282.22,71.37,1.0000,0.440973,0.148694,292.68,333.18,0.9820,0.457311,0.694133
1786703372.714552,35.299433,1078,29.75,282.21,71.49,1.0000,0.440959,0.148946,292.65,333.03,0.9821,0.457273,0.693822
1786703372.746775,35.331657,1079,29.75,282.21,71.43,1.0000,0.440950,0.148817,292.69,332.97,0.9821,0.457332,0.693696
1786703372.759070,35.343951,1080,29.75,282.21,71.45,1.0000,0.440951,0.148849,292.71,332.88,0.9821,0.457357,0.693491
1786703372.809914,35.394796,1081,29.75,282.21,71.45,1.0000,0.440953,0.148860,292.73,332.97,0.9822,0.457391,0.693680
1786703372.828648,35.413529,1082,29.75,282.16,71.51,1.0000,0.440878,0.148973,292.71,332.83,0.9823,0.457362,0.693405
1786703372.872831,35.457712,1083,29.75,281.97,71.65,1.0000,0.440582,0.149278,292.71,332.93,0.9825,0.457353,0.693594
1786703372.904601,35.489482,1084,29.75,281.97,71.70,1.0000,0.440575,0.149375,292.67,332.71,0.9826,0.457299,0.693150
1786703372.936237,35.521118,1085,29.75,281.99,71.62,1.0000,0.440604,0.149207,292.70,332.90,0.9828,0.457337,0.693549
1786703372.960090,35.544971,1086,29.75,281.99,71.66,1.0000,0.440615,0.149299,292.71,332.86,0.9831,0.457363,0.693452
1786703372.999545,35.584426,1087,29.75,282.17,71.69,1.0000,0.440887,0.149352,292.70,332.84,0.9831,0.457351,0.693425
1786703373.033709,35.618591,1088,29.75,282.25,71.69,1.0000,0.441020,0.149355,292.69,332.83,0.9833,0.457324,0.693402
1786703373.063028,35.647910,1089,29.75,282.25,71.68,1.0000,0.441015,0.149341,292.70,332.84,0.9833,0.457350,0.693411
1786703373.109553,35.694434,1090,29.75,282.28,71.65,1.0000,0.441061,0.149280,292.70,332.46,0.9833,0.457351,0.692632
1786703373.142194,35.727075,1091,29.75,282.28,71.65,1.0000,0.441060,0.149265,292.70,332.58,0.9831,0.457337,0.692868
1786703373.189048,35.773930,1092,29.56,282.15,71.69,1.0000,0.440866,0.149345,292.78,332.57,0.9830,0.457469,0.692852
1786703373.205084,35.789965,1093,29.56,282.01,71.69,1.0000,0.440640,0.149362,292.75,332.53,0.9830,0.457418,0.692771
1786703373.220982,35.805863,1094,29.56,281.83,71.71,1.0000,0.440364,0.149390,292.76,332.66,0.9831,0.457431,0.693037
1786703373.270063,35.854944,1095,29.56,281.59,71.77,1.0000,0.439981,0.149519,292.68,332.99,0.9829,0.457314,0.693737
1786703373.301274,35.886155,1096,29.56,281.59,71.82,1.0000,0.439980,0.149629,292.70,333.14,0.9829,0.457344,0.694037
1786703373.333375,35.918257,1097,29.56,281.41,72.00,1.0000,0.439699,0.149998,292.70,333.17,0.9828,0.457341,0.694096
1786703373.370290,35.955171,1098,29.56,281.40,72.00,1.0000,0.439689,0.149995,292.64,332.79,0.9828,0.457252,0.693311
1786703373.412246,35.997127,1099,29.56,281.20,72.00,1.0000,0.439382,0.149997,292.66,332.95,0.9827,0.457281,0.693647
1786703373.428270,36.013151,1100,29.56,281.08,72.00,1.0000,0.439190,0.150000,292.66,333.02,0.9828,0.457281,0.693794
1786703373.465028,36.049909,1101,29.56,281.06,72.02,1.0000,0.439161,0.150035,292.65,333.09,0.9825,0.457261,0.693935
1786703373.491690,36.076572,1102,29.56,281.06,72.00,1.0000,0.439164,0.150005,292.64,333.09,0.9826,0.457249,0.693935
1786703373.539935,36.124816,1103,29.56,280.89,72.03,1.0000,0.438885,0.150065,292.64,333.19,0.9823,0.457255,0.694153
1786703373.572097,36.156978,1104,29.56,280.94,72.06,1.0000,0.438968,0.150134,292.64,333.22,0.9823,0.457251,0.694210
1786703373.587717,36.172598,1105,29.56,280.75,72.08,1.0000,0.438671,0.150175,292.63,333.23,0.9822,0.457240,0.694236
1786703373.652234,36.237115,1106,29.56,280.69,72.15,1.0000,0.438574,0.150320,292.61,333.23,0.9821,0.457204,0.694231
1786703373.667922,36.252804,1107,29.56,280.71,72.17,1.0000,0.438607,0.150350,292.60,333.24,0.9821,0.457186,0.694252
1786703373.705096,36.289978,1108,29.81,280.71,72.17,1.0000,0.438609,0.150352,292.59,333.21,0.9823,0.457176,0.694189
1786703373.733462,36.318343,1109,29.81,280.96,72.12,1.0000,0.439000,0.150245,292.63,333.14,0.9825,0.457228,0.694046
1786703373.779226,36.364107,1110,29.81,280.98,72.13,1.0000,0.439025,0.150277,292.62,333.23,0.9826,0.457216,0.694227
1786703373.795080,36.379961,1111,29.81,281.18,72.14,1.0000,0.439336,0.150286,292.60,333.25,0.9827,0.457191,0.694274
1786703373.832577,36.417458,1112,29.81,281.17,72.14,1.0000,0.439333,0.150289,292.60,333.26,0.9826,0.457193,0.694298
1786703373.858622,36.443503,1113,29.81,281.27,72.11,1.0000,0.439485,0.150229,292.60,333.33,0.9826,0.457195,0.694438
1786703373.906450,36.491331,1114,29.81,281.27,72.10,1.0000,0.439483,0.150218,292.60,333.37,0.9825,0.457183,0.694531
1786703373.938356,36.523237,1115,29.81,281.27,72.11,1.0000,0.439486,0.150219,292.61,333.36,0.9826,0.457202,0.694505
1786703373.969609,36.554491,1116,29.81,281.28,72.02,1.0000,0.439497,0.150047,292.61,333.34,0.9827,0.457210,0.694449
1786703374.004265,36.589147,1117,29.81,281.25,72.11,1.0000,0.439446,0.150238,292.61,333.39,0.9825,0.457204,0.694556
1786703374.019235,36.604116,1118,29.81,281.24,72.15,1.0000,0.439430,0.150312,292.58,333.40,0.9825,0.457156,0.694585
1786703374.079606,36.664487,1119,29.81,281.17,72.15,1.0000,0.439332,0.150321,292.56,333.19,0.9826,0.457126,0.694148
1786703374.114172,36.699053,1120,29.81,281.15,72.25,1.0000,0.439302,0.150526,292.54,333.21,0.9828,0.457100,0.694184
1786703374.146171,36.731052,1121,29.81,281.01,72.26,1.0000,0.439078,0.150547,292.52,333.31,0.9827,0.457065,0.694390
1786703374.161487,36.746368,1122,29.81,280.82,72.30,1.0000,0.438778,0.150619,292.52,333.31,0.9828,0.457055,0.694386
1786703374.196151,36.781033,1123,29.81,280.81,72.37,1.0000,0.438765,0.150761,292.54,333.25,0.9830,0.457089,0.694280
1786703374.241819,36.826700,1124,29.87,280.81,72.34,1.0000,0.438763,0.150717,292.56,333.29,0.9832,0.457118,0.694353
1786703374.273238,36.858119,1125,29.87,280.72,72.35,1.0000,0.438626,0.150722,292.54,333.28,0.9834,0.457101,0.694339
1786703374.317887,36.902769,1126,29.87,280.72,72.08,1.0000,0.438624,0.150160,292.57,333.35,0.9837,0.457141,0.694480
1786703374.330724,36.915605,1127,29.87,280.60,72.09,1.0000,0.438438,0.150178,292.56,333.24,0.9839,0.457127,0.694247
1786703374.362853,36.947734,1128,29.87,280.38,72.06,1.0000,0.438090,0.150120,292.55,333.14,0.9839,0.457113,0.694043
1786703374.397404,36.982285,1129,29.87,280.36,71.97,1.0000,0.438057,0.149938,292.52,333.12,0.9837,0.457057,0.693990
1786703374.448660,37.033541,1130,29.87,280.36,72.02,1.0000,0.438062,0.150038,292.49,332.87,0.9838,0.457021,0.693471
1786703374.465072,37.049953,1131,29.87,280.36,72.02,1.0000,0.438061,0.150045,292.49,332.91,0.9835,0.457010,0.693567
1786703374.494961,37.079842,1132,29.87,280.36,71.95,1.0000,0.438062,0.149900,292.49,332.92,0.9835,0.457008,0.693586
1786703374.536994,37.121875,1133,29.87,280.31,71.95,1.0000,0.437979,0.149902,292.46,332.85,0.9836,0.456966,0.693437
1786703374.587656,37.172538,1134,29.87,280.18,71.98,1.0000,0.437786,0.149959,292.46,332.81,0.9836,0.456961,0.693353
1786703374.606410,37.191291,1135,29.87,280.18,71.96,1.0000,0.437786,0.149916,292.45,332.96,0.9835,0.456952,0.693662
1786703374.622011,37.206893,1136,29.87,280.16,71.96,1.0000,0.437746,0.149908,292.42,332.96,0.9837,0.456907,0.693668
1786703374.661232,37.246114,1137,29.87,280.20,71.93,1.0000,0.437809,0.149855,292.40,332.87,0.9836,0.456868,0.693487
1786703374.701900,37.286781,1138,29.87,280.20,71.86,1.0000,0.437807,0.149707,292.36,332.84,0.9832,0.456814,0.693421
1786703374.748922,37.333803,1139,29.79,280.26,71.85,1.0000,0.437909,0.149686,292.36,332.93,0.9834,0.456807,0.693597
1786703374.781015,37.365897,1140,29.79,280.27,71.85,1.0000,0.437917,0.149690,292.35,332.92,0.9834,0.456796,0.693585
1786703374.796707,37.381588,1141,29.79,280.23,71.86,1.0000,0.437863,0.149710,292.39,332.97,0.9833,0.456852,0.693684
1786703374.834530,37.419412,1142,29.79,280.26,71.90,1.0000,0.437903,0.149782,292.39,333.01,0.9831,0.456860,0.693762
1786703374.876508,37.461389,1143,29.79,280.39,71.90,1.0000,0.438107,0.149783,292.43,333.05,0.9831,0.456920,0.693864
1786703374.924548,37.509429,1144,29.79,280.39,71.94,1.0000,0.438104,0.149882,292.46,333.04,0.9832,0.456975,0.693840
1786703374.939925,37.524807,1145,29.79,280.38,71.95,1.0000,0.438096,0.149898,292.46,333.00,0.9831,0.456966,0.693757
1786703374.958024,37.542906,1146,29.79,280.46,71.95,1.0000,0.438225,0.149900,292.46,333.01,0.9831,0.456964,0.693776
1786703374.995473,37.580354,1147,29.79,280.64,71.98,1.0000,0.438502,0.149963,292.45,333.01,0.9830,0.456956,0.693765
1786703375.024674,37.609556,1148,29.79,280.78,72.00,1.0000,0.438712,0.150003,292.45,332.97,0.9833,0.456954,0.693693
1786703375.069483,37.654364,1149,29.79,280.87,72.13,1.0000,0.438855,0.150276,292.47,332.95,0.9833,0.456992,0.693639
1786703375.114188,37.699069,1150,29.79,280.89,72.19,1.0000,0.438892,0.150396,292.48,332.87,0.9834,0.457001,0.693485
1786703375.145890,37.730771,1151,29.79,280.90,72.16,1.0000,0.438905,0.150337,292.48,332.88,0.9834,0.457005,0.693500
1786703375.163976,37.748857,1152,29.79,280.90,72.18,1.0000,0.438908,0.150382,292.51,333.03,0.9834,0.457054,0.693807
1786703375.225688,37.810570,1153,29.79,281.02,72.18,1.0000,0.439101,0.150373,292.54,332.98,0.9836,0.457095,0.693710
1786703375.241363,37.826245,1154,29.79,281.01,72.21,1.0000,0.439071,0.150439,292.50,333.00,0.9830,0.457037,0.693759
1786703375.257033,37.841914,1155,29.95,281.00,72.26,1.0000,0.439064,0.150549,292.51,333.00,0.9829,0.457052,0.693743
1786703375.305679,37.890560,1156,29.95,281.00,72.29,1.0000,0.439065,0.150600,292.51,333.00,0.9830,0.457042,0.693745
1786703375.323609,37.908491,1157,29.95,281.06,72.30,1.0000,0.439150,0.150632,292.46,333.01,0.9831,0.456966,0.693768
1786703375.368931,37.953812,1158,29.95,281.09,72.35,1.0000,0.439196,0.150730,292.46,333.00,0.9831,0.456968,0.693759
1786703375.400893,37.985774,1159,29.95,281.11,72.36,1.0000,0.439236,0.150760,292.45,332.97,0.9829,0.456953,0.693691
1786703375.432984,38.017866,1160,29.95,281.13,72.34,1.0000,0.439271,0.150716,292.44,332.98,0.9830,0.456937,0.693701
1786703375.478602,38.063484,1161,29.95,281.14,72.36,1.0000,0.439281,0.150740,292.44,332.95,0.9828,0.456942,0.693655
1786703375.515038,38.099919,1162,29.95,281.13,72.37,1.0000,0.439271,0.150764,292.49,332.96,0.9827,0.457011,0.693658
1786703375.523284,38.108165,1163,29.95,281.10,72.37,1.0000,0.439213,0.150778,292.49,332.97,0.9828,0.457016,0.693684
1786703375.565013,38.149894,1164,29.95,281.11,72.39,1.0000,0.439239,0.150816,292.47,333.02,0.9828,0.456982,0.693784
1786703375.608191,38.193073,1165,29.95,281.12,72.41,1.0000,0.439254,0.150844,292.51,333.06,0.9826,0.457043,0.693867
1786703375.634897,38.219779,1166,29.95,281.11,72.42,1.0000,0.439240,0.150876,292.51,333.08,0.9825,0.457051,0.693914
1786703375.663154,38.248035,1167,29.95,281.12,72.42,1.0000,0.439242,0.150875,292.52,333.21,0.9821,0.457059,0.694185
1786703375.693625,38.278506,1168,29.95,281.08,72.43,1.0000,0.439180,0.150900,292.52,333.24,0.9822,0.457065,0.694248
1786703375.725216,38.310097,1169,29.95,281.08,72.44,1.0000,0.439193,0.150908,292.53,333.24,0.9824,0.457071,0.694243
1786703375.778320,38.363201,1170,29.85,281.13,72.51,1.0000,0.439268,0.151066,292.59,333.24,0.9824,0.457174,0.694244
1786703375.825599,38.410481,1171,29.85,281.23,72.49,1.0000,0.439424,0.151015,292.60,333.28,0.9826,0.457181,0.694336
1786703375.839944,38.424825,1172,29.85,281.23,72.48,1.0000,0.439421,0.151009,292.60,333.17,0.9828,0.457183,0.694111
1786703375.870564,38.455445,1173,29.85,281.22,72.48,1.0000,0.439414,0.151002,292.60,333.18,0.9828,0.457185,0.694120
1786703375.894806,38.479688,1174,29.85,281.22,72.48,1.0000,0.439414,0.151003,292.60,333.08,0.9827,0.457183,0.693924
1786703375.928656,38.513538,1175,29.85,281.26,72.48,1.0000,0.439476,0.151004,292.59,333.20,0.9826,0.457174,0.694159
1786703375.973651,38.558532,1176,29.85,281.35,72.53,1.0000,0.439613,0.151100,292.58,333.20,0.9826,0.457163,0.694161
1786703376.010491,38.595372,1177,29.85,281.35,72.55,1.0000,0.439616,0.151136,292.59,333.19,0.9827,0.457169,0.694154
1786703376.047409,38.632291,1178,29.85,281.37,72.56,1.0000,0.439644,0.151170,292.58,333.19,0.9826,0.457150,0.694147
1786703376.079746,38.664628,1179,29.85,281.37,72.57,1.0000,0.439644,0.151187,292.56,333.15,0.9826,0.457121,0.694073
1786703376.110770,38.695651,1180,29.85,281.45,72.49,1.0000,0.439759,0.151027,292.55,333.21,0.9826,0.457113,0.694191
1786703376.128772,38.713654,1181,29.85,281.46,72.49,1.0000,0.439784,0.151026,292.50,333.21,0.9825,0.457036,0.694186
1786703376.166563,38.751445,1182,29.85,281.42,72.49,1.0000,0.439715,0.151011,292.51,333.06,0.9827,0.457046,0.693869
1786703376.222799,38.807680,1183,29.85,281.44,72.40,1.0000,0.439745,0.150842,292.52,333.43,0.9829,0.457058,0.694640
1786703376.238265,38.823146,1184,29.85,281.43,72.36,1.0000,0.439731,0.150748,292.47,333.37,0.9830,0.456991,0.694512
1786703376.264271,38.849152,1185,29.85,281.41,72.36,1.0000,0.439701,0.150745,292.49,333.37,0.9829,0.457015,0.694517
1786703376.296538,38.881419,1186,30.14,281.24,72.33,1.0000,0.439430,0.150687,292.50,333.25,0.9829,0.457028,0.694281
1786703376.330994,38.915875,1187,30.14,281.26,72.24,1.0000,0.439476,0.150509,292.43,333.20,0.9829,0.456927,0.694164
1786703376.363204,38.948086,1188,30.14,281.26,72.32,1.0000,0.439472,0.150667,292.43,333.20,0.9830,0.456924,0.694166
1786703376.392013,38.976894,1189,30.14,281.14,72.33,1.0000,0.439287,0.150697,292.45,333.17,0.9829,0.456950,0.694111
1786703376.446236,39.031117,1190,30.14,281.21,72.56,1.0000,0.439395,0.151173,292.43,333.18,0.9829,0.456927,0.694124
1786703376.477886,39.062768,1191,30.14,281.21,72.61,1.0000,0.439394,0.151260,292.43,333.20,0.9828,0.456916,0.694173
1786703376.510077,39.094959,1192,30.14,281.22,72.56,1.0000,0.439402,0.151173,292.52,333.03,0.9831,0.457057,0.693806
1786703376.541901,39.126782,1193,30.14,281.23,72.57,1.0000,0.439421,0.151178,292.52,333.05,0.9832,0.457060,0.693864
1786703376.557671,39.142553,1194,30.14,281.20,72.55,1.0000,0.439379,0.151139,292.58,333.04,0.9833,0.457164,0.693828
1786703376.605559,39.190440,1195,30.14,281.20,72.54,1.0000,0.439380,0.151131,292.59,332.97,0.9833,0.457178,0.693688
1786703376.637582,39.222463,1196,30.14,281.17,72.57,1.0000,0.439333,0.151181,292.57,333.12,0.9832,0.457136,0.694002
1786703376.669390,39.254271,1197,30.14,281.17,72.57,1.0000,0.439322,0.151184,292.59,333.14,0.9833,0.457179,0.694043
1786703376.717261,39.302142,1198,30.14,281.18,72.57,1.0000,0.439351,0.151193,292.60,333.23,0.9832,0.457191,0.694231
1786703376.732895,39.317776,1199,30.14,281.20,72.60,1.0000,0.439376,0.151254,292.61,333.26,0.9832,0.457196,0.694282
1786703376.769134,39.354015,1200,30.14,280.96,72.59,1.0000,0.438995,0.151231,292.59,333.27,0.9830,0.457167,0.694302
1786703376.795851,39.380732,1201,30.03,280.84,72.59,1.0000,0.438816,0.151231,292.57,332.94,0.9829,0.457148,0.693629
1786703376.833166,39.418048,1202,30.03,280.88,72.37,1.0000,0.438870,0.150765,292.60,332.98,0.9829,0.457193,0.693712
1786703376.876209,39.461090,1203,30.03,280.78,72.34,1.0000,0.438713,0.150713,292.60,332.98,0.9830,0.457184,0.693716
1786703376.891451,39.476332,1204,30.03,280.80,72.29,1.0000,0.438745,0.150605,292.60,333.00,0.9828,0.457181,0.693747
1786703376.928852,39.513733,1205,30.03,280.82,72.32,1.0000,0.438789,0.150661,292.56,332.99,0.9825,0.457128,0.693719
1786703376.972971,39.557853,1206,30.03,280.65,72.32,1.0000,0.438517,0.150661,292.47,333.01,0.9825,0.456990,0.693764
1786703377.003244,39.588125,1207,30.03,280.88,72.31,1.0000,0.438876,0.150645,292.48,332.93,0.9823,0.456993,0.693602
1786703377.034235,39.619116,1208,30.03,280.88,72.31,1.0000,0.438882,0.150645,292.47,333.00,0.9823,0.456979,0.693751
1786703377.066877,39.651758,1209,30.03,280.98,72.26,1.0000,0.439025,0.150543,292.50,333.06,0.9823,0.457033,0.693883
1786703377.098602,39.683483,1210,30.03,281.01,72.25,1.0000,0.439073,0.150530,292.50,333.09,0.9822,0.457027,0.693933
1786703377.138476,39.723357,1211,30.03,281.04,72.23,1.0000,0.439126,0.150478,292.50,333.09,0.9821,0.457031,0.693931
1786703377.164169,39.749050,1212,30.03,281.09,72.13,1.0000,0.439203,0.150266,292.46,333.10,0.9819,0.456967,0.693948
1786703377.201292,39.786173,1213,30.03,281.25,72.12,1.0000,0.439459,0.150258,292.48,333.10,0.9820,0.456995,0.693954
1786703377.243130,39.828012,1214,30.03,281.26,72.07,1.0000,0.439471,0.150148,292.51,333.16,0.9821,0.457045,0.694083
1786703377.273764,39.858645,1215,30.03,281.41,72.00,1.0000,0.439703,0.150009,292.50,333.07,0.9821,0.457029,0.693904
1786703377.306087,39.890969,1216,29.90,281.38,71.97,1.0000,0.439659,0.149935,292.51,333.15,0.9821,0.457046,0.694056
1786703377.337544,39.922425,1217,29.90,281.60,71.94,1.0000,0.439994,0.149885,292.51,333.13,0.9822,0.457049,0.694019
1786703377.369896,39.954777,1218,29.90,281.60,72.09,1.0000,0.439996,0.150188,292.42,333.16,0.9822,0.456912,0.694092
1786703377.400865,39.985746,1219,29.90,281.60,72.04,1.0000,0.439997,0.150092,292.42,333.09,0.9824,0.456913,0.693936
1786703377.433321,40.018202,1220,29.90,281.60,72.17,1.0000,0.439996,0.150360,292.46,333.04,0.9824,0.456969,0.693830
1786703377.499485,40.084367,1221,29.90,281.92,71.89,1.0000,0.440499,0.149762,292.45,333.09,0.9825,0.456954,0.693939
1786703377.512599,40.097480,1222,29.90,281.85,71.89,1.0000,0.440398,0.149761,292.45,333.09,0.9824,0.456953,0.693942
1786703377.533927,40.118809,1223,29.90,281.88,71.77,1.0000,0.440436,0.149516,292.43,333.13,0.9824,0.456929,0.694020
1786703377.558876,40.143757,1224,29.90,281.85,71.78,1.0000,0.440391,0.149532,292.41,333.04,0.9823,0.456885,0.693842
1786703377.595924,40.180805,1225,29.90,281.89,71.52,1.0000,0.440460,0.148996,292.40,333.10,0.9823,0.456878,0.693967
1786703377.641032,40.225913,1226,29.90,282.02,71.29,1.0000,0.440652,0.148527,292.41,333.12,0.9823,0.456889,0.694007
1786703377.655490,40.240372,1227,29.90,282.03,71.29,1.0000,0.440673,0.148518,292.47,333.13,0.9824,0.456982,0.694012
1786703377.706471,40.291352,1228,29.90,282.11,71.29,1.0000,0.440797,0.148517,292.51,333.01,0.9825,0.457044,0.693781
1786703377.733167,40.318049,1229,29.90,282.13,71.23,1.0000,0.440821,0.148406,292.57,333.00,0.9826,0.457141,0.693756
1786703377.775614,40.360495,1230,29.90,282.13,71.23,1.0000,0.440824,0.148403,292.63,333.00,0.9825,0.457239,0.693748
1786703377.822949,40.407831,1231,29.74,282.23,71.20,1.0000,0.440982,0.148332,292.58,333.09,0.9825,0.457164,0.693941
1786703377.840097,40.424978,1232,29.74,282.22,71.21,1.0000,0.440977,0.148361,292.59,333.09,0.9823,0.457168,0.693943
1786703377.873356,40.458237,1233,29.74,282.23,71.30,1.0000,0.440979,0.148540,292.56,333.05,0.9822,0.457132,0.693856
1786703377.917902,40.502783,1234,29.74,282.23,71.31,1.0000,0.440986,0.148562,292.54,333.07,0.9822,0.457094,0.693892
1786703377.935854,40.520736,1235,29.74,282.23,71.30,1.0000,0.440988,0.148536,292.55,333.05,0.9823,0.457106,0.693855
1786703377.981340,40.566221,1236,29.74,282.48,71.26,1.0000,0.441379,0.148461,292.58,333.08,0.9823,0.457163,0.693908
1786703377.996480,40.581361,1237,29.74,282.48,71.26,1.0000,0.441382,0.148448,292.59,332.31,0.9824,0.457179,0.692322
1786703378.044176,40.629057,1238,29.74,282.58,71.24,1.0000,0.441528,0.148411,292.65,332.51,0.9822,0.457272,0.692719
1786703378.075889,40.660770,1239,29.74,282.60,71.21,1.0000,0.441559,0.148351,292.69,332.14,0.9824,0.457330,0.691962
1786703378.091638,40.676519,1240,29.74,282.60,71.10,1.0000,0.441569,0.148117,292.67,332.34,0.9825,0.457305,0.692371
1786703378.133530,40.718412,1241,29.74,282.61,71.05,1.0000,0.441571,0.148019,292.67,332.43,0.9825,0.457293,0.692558
1786703378.167665,40.752546,1242,29.74,282.66,71.00,1.0000,0.441650,0.147926,292.64,332.49,0.9826,0.457253,0.692678
1786703378.217346,40.802227,1243,29.74,282.65,71.00,1.0000,0.441635,0.147917,292.66,332.49,0.9828,0.457288,0.692696
1786703378.233048,40.817930,1244,29.74,282.64,70.98,1.0000,0.441625,0.147884,292.68,332.45,0.9827,0.457308,0.692612
1786703378.265377,40.850258,1245,29.74,282.63,70.98,1.0000,0.441616,0.147879,292.65,332.48,0.9824,0.457269,0.692660
1786703378.298702,40.883584,1246,29.74,282.63,70.97,1.0000,0.441614,0.147851,292.72,332.42,0.9825,0.457374,0.692552
1786703378.346716,40.931598,1247,29.88,282.52,71.07,1.0000,0.441441,0.148069,292.69,332.27,0.9825,0.457333,0.692226
1786703378.375649,40.960530,1248,29.88,282.41,71.22,1.0000,0.441264,0.148380,292.66,332.36,0.9823,0.457279,0.692416
1786703378.395967,40.980848,1249,29.88,282.44,71.22,1.0000,0.441312,0.148383,292.69,332.36,0.9819,0.457325,0.692409
1786703378.437640,41.022521,1250,29.88,282.45,71.20,1.0000,0.441322,0.148329,292.72,332.46,0.9819,0.457379,0.692634
1786703378.476356,41.061237,1251,29.88,282.45,71.20,1.0000,0.441335,0.148324,292.72,332.49,0.9817,0.457381,0.692688
1786703378.503584,41.088465,1252,29.88,282.45,71.14,1.0000,0.441332,0.148216,292.77,332.51,0.9819,0.457445,0.692733
1786703378.535390,41.120271,1253,29.88,282.45,71.08,1.0000,0.441325,0.148080,292.73,332.18,0.9821,0.457385,0.692032
1786703378.582079,41.166960,1254,29.88,282.44,71.08,1.0000,0.441306,0.148075,292.73,332.65,0.9820,0.457384,0.693011
1786703378.597413,41.182295,1255,29.88,282.57,71.07,1.0000,0.441510,0.148071,292.71,332.58,0.9819,0.457365,0.692869
1786703378.631737,41.216619,1256,29.88,282.62,71.07,1.0000,0.441591,0.148069,292.73,332.55,0.9818,0.457395,0.692822
1786703378.677224,41.262105,1257,29.88,282.63,71.07,1.0000,0.441614,0.148064,292.76,332.82,0.9818,0.457441,0.693383
1786703378.708779,41.293661,1258,29.88,282.68,71.07,1.0000,0.441687,0.148071,292.78,332.80,0.9819,0.457474,0.693329
1786703378.724280,41.309162,1259,29.88,282.86,71.08,1.0000,0.441967,0.148074,292.90,332.85,0.9821,0.457658,0.693438
1786703378.769834,41.354716,1260,29.88,282.85,71.20,1.0000,0.441955,0.148342,292.78,332.82,0.9822,0.457474,0.693367
1786703378.801849,41.386730,1261,29.88,282.85,71.21,1.0000,0.441946,0.148356,292.74,332.82,0.9820,0.457405,0.693371
1786703378.826153,41.411034,1262,29.88,282.82,71.22,1.0000,0.441909,0.148368,292.74,332.85,0.9822,0.457408,0.693442
1786703378.865873,41.450755,1263,30.08,282.83,71.25,1.0000,0.441920,0.148434,292.74,332.89,0.9821,0.457409,0.693512
1786703378.900716,41.485597,1264,30.08,282.98,71.24,1.0000,0.442162,0.148420,292.72,332.76,0.9823,0.457373,0.693260
1786703378.948559,41.533441,1265,30.08,282.97,71.25,1.0000,0.442148,0.148428,292.76,332.93,0.9824,0.457438,0.693613
1786703378.981420,41.566301,1266,30.08,282.98,71.19,1.0000,0.442161,0.148312,292.87,332.74,0.9824,0.457612,0.693217
1786703378.996563,41.581444,1267,30.08,283.12,71.14,1.0000,0.442370,0.148212,292.95,332.79,0.9822,0.457733,0.693322
1786703379.022273,41.607154,1268,30.08,283.15,71.13,1.0000,0.442428,0.148191,292.95,332.78,0.9822,0.457730,0.693295
1786703379.076118,41.660999,1269,30.08,283.16,71.19,1.0000,0.442444,0.148303,292.87,333.06,0.9822,0.457607,0.693872
1786703379.107859,41.692741,1270,30.08,283.14,71.28,1.0000,0.442401,0.148502,292.86,333.02,0.9818,0.457599,0.693792
1786703379.123089,41.707971,1271,30.08,283.14,71.30,1.0000,0.442401,0.148538,292.86,333.02,0.9818,0.457594,0.693797
1786703379.187399,41.772280,1272,30.08,283.28,71.30,1.0000,0.442621,0.148540,292.82,333.01,0.9820,0.457526,0.693779
1786703379.203447,41.788328,1273,30.08,283.28,71.32,1.0000,0.442622,0.148575,292.86,333.14,0.9819,0.457588,0.694038
1786703379.219084,41.803965,1274,30.08,283.21,71.32,1.0000,0.442518,0.148578,292.86,333.17,0.9821,0.457589,0.694099
1786703379.253260,41.838142,1275,30.08,283.22,71.32,1.0000,0.442528,0.148574,292.86,333.16,0.9821,0.457594,0.694088
1786703379.298609,41.883491,1276,30.08,283.23,71.33,1.0000,0.442549,0.148597,292.85,333.16,0.9822,0.457572,0.694090
1786703379.318209,41.903090,1277,30.08,283.28,71.33,1.0000,0.442624,0.148598,292.83,333.22,0.9821,0.457549,0.694214
1786703379.350997,41.935878,1278,30.08,283.35,71.34,1.0000,0.442729,0.148629,292.80,333.23,0.9819,0.457498,0.694229
1786703379.412946,41.997828,1279,29.84,283.35,71.41,1.0000,0.442733,0.148768,292.90,333.20,0.9821,0.457655,0.694166
1786703379.442191,42.027072,1280,29.84,283.35,71.42,1.0000,0.442728,0.148786,292.91,333.25,0.9820,0.457665,0.694275
1786703379.481694,42.066575,1281,29.84,283.37,71.42,1.0000,0.442762,0.148797,292.86,333.01,0.9821,0.457590,0.693781
1786703379.495235,42.080116,1282,29.84,283.36,71.43,1.0000,0.442748,0.148816,292.84,333.07,0.9819,0.457566,0.693906
1786703379.529814,42.114695,1283,29.84,283.36,71.61,1.0000,0.442745,0.149196,292.87,333.12,0.9817,0.457616,0.694010
1786703379.561748,42.146630,1284,29.84,283.35,71.61,1.0000,0.442740,0.149198,292.88,333.17,0.9817,0.457627,0.694108
1786703379.612420,42.197301,1285,29.84,283.33,71.60,1.0000,0.442706,0.149168,292.88,333.19,0.9816,0.457626,0.694152
1786703379.644073,42.228954,1286,29.84,283.20,71.60,1.0000,0.442493,0.149169,292.85,333.16,0.9815,0.457576,0.694088
1786703379.676243,42.261125,1287,29.84,283.20,71.64,1.0000,0.442499,0.149257,292.74,333.16,0.9814,0.457410,0.694083
1786703379.691522,42.276403,1288,29.84,283.19,71.64,1.0000,0.442488,0.149248,292.71,333.16,0.9814,0.457365,0.694094
1786703379.734107,42.318988,1289,29.84,283.17,71.65,1.0000,0.442452,0.149275,292.66,333.15,0.9812,0.457285,0.694070
1786703379.776992,42.361873,1290,29.84,283.15,71.65,1.0000,0.442421,0.149271,292.66,333.05,0.9813,0.457279,0.693855
1786703379.804352,42.389233,1291,29.84,283.10,71.65,1.0000,0.442340,0.149272,292.68,333.05,0.9814,0.457314,0.693859
1786703379.835406,42.420287,1292,29.84,282.96,71.64,1.0000,0.442120,0.149240,292.68,332.94,0.9814,0.457318,0.693619
1786703379.867514,42.452395,1293,29.84,282.94,71.67,1.0000,0.442093,0.149322,292.72,332.93,0.9812,0.457374,0.693603
1786703379.915350,42.500232,1294,29.84,282.81,71.69,1.0000,0.441887,0.149361,292.71,332.96,0.9811,0.457360,0.693657
1786703379.930786,42.515668,1295,30.00,282.80,71.67,1.0000,0.441877,0.149321,292.72,332.95,0.9811,0.457369,0.693651
1786703379.979106,42.563987,1296,30.00,282.90,71.64,1.0000,0.442038,0.149247,292.71,332.95,0.9808,0.457356,0.693651
1786703379.998219,42.583100,1297,30.00,282.97,71.63,1.0000,0.442134,0.149227,292.71,332.80,0.9807,0.457354,0.693323
1786703380.059095,42.643976,1298,30.00,282.69,71.88,1.0000,0.441702,0.149757,292.72,332.92,0.9810,0.457381,0.693579
1786703380.084741,42.669622,1299,30.00,282.63,71.88,1.0000,0.441615,0.149756,292.72,332.97,0.9810,0.457381,0.693691
1786703380.107271,42.692152,1300,30.00,282.41,71.90,1.0000,0.441273,0.149795,292.73,332.95,0.9811,0.457391,0.693652
1786703380.130415,42.715296,1301,30.00,282.42,71.88,1.0000,0.441280,0.149757,292.72,332.96,0.9811,0.457380,0.693664
1786703380.171679,42.756560,1302,30.00,282.42,71.90,1.0000,0.441287,0.149798,292.77,332.61,0.9812,0.457447,0.692941
1786703380.202956,42.787838,1303,30.00,282.13,71.90,1.0000,0.440824,0.149798,292.78,332.65,0.9811,0.457473,0.693029
1786703380.220647,42.805528,1304,30.00,282.11,71.92,1.0000,0.440791,0.149829,292.78,332.66,0.9812,0.457472,0.693045
1786703380.272324,42.857205,1305,30.00,281.79,71.93,1.0000,0.440302,0.149847,292.73,332.75,0.9811,0.457384,0.693222
1786703380.315009,42.899890,1306,30.00,281.70,71.98,1.0000,0.440154,0.149956,292.71,332.93,0.9812,0.457353,0.693602
1786703380.329976,42.914858,1307,30.00,281.66,71.99,1.0000,0.440099,0.149970,292.73,332.95,0.9814,0.457383,0.693645
1786703380.380033,42.964914,1308,30.00,281.65,72.02,1.0000,0.440086,0.150038,292.73,333.03,0.9815,0.457385,0.693809
1786703380.395543,42.980424,1309,30.00,281.66,72.05,1.0000,0.440087,0.150102,292.73,333.06,0.9814,0.457396,0.693870
1786703380.425815,43.010696,1310,30.00,281.66,72.04,1.0000,0.440091,0.150081,292.74,332.81,0.9816,0.457411,0.693347
1786703380.463291,43.048172,1311,30.14,281.62,72.04,1.0000,0.440036,0.150078,292.78,332.85,0.9818,0.457476,0.693434
1786703380.489385,43.074266,1312,30.14,281.66,71.98,1.0000,0.440091,0.149951,292.77,332.88,0.9818,0.457454,0.693500
1786703380.528419,43.113300,1313,30.14,281.65,71.94,1.0000,0.440077,0.149884,292.73,332.78,0.9819,0.457398,0.693300
1786703380.561122,43.146004,1314,30.14,281.69,71.95,1.0000,0.440140,0.149896,292.72,332.79,0.9820,0.457369,0.693307
1786703380.615917,43.200799,1315,30.14,281.77,71.90,1.0000,0.440266,0.149787,292.69,332.88,0.9819,0.457325,0.693491
1786703380.631562,43.216443,1316,30.14,281.74,71.96,1.0000,0.440220,0.149918,292.66,332.85,0.9819,0.457286,0.693428
1786703380.670885,43.255766,1317,30.14,281.72,71.97,1.0000,0.440184,0.149940,292.66,332.93,0.9818,0.457283,0.693599
1786703380.712370,43.297251,1318,30.14,281.69,71.95,1.0000,0.440135,0.149887,292.66,332.94,0.9818,0.457281,0.693615
1786703380.737252,43.322133,1319,30.14,281.47,71.97,1.0000,0.439801,0.149928,292.69,332.82,0.9819,0.457329,0.693380
1786703380.774567,43.359449,1320,30.14,281.45,71.94,1.0000,0.439758,0.149873,292.69,332.83,0.9817,0.457324,0.693403
1786703380.790402,43.375283,1321,30.14,281.29,71.92,1.0000,0.439512,0.149843,292.71,332.83,0.9818,0.457359,0.693385
1786703380.833298,43.418180,1322,30.14,281.28,71.93,1.0000,0.439495,0.149849,292.73,332.60,0.9818,0.457388,0.692915
1786703380.870379,43.455261,1323,30.14,281.13,71.98,1.0000,0.439273,0.149967,292.76,332.70,0.9817,0.457438,0.693122
1786703380.918401,43.503282,1324,30.14,281.34,71.98,1.0000,0.439591,0.149957,292.75,332.52,0.9819,0.457414,0.692751
1786703380.934512,43.519394,1325,30.14,281.36,71.98,1.0000,0.439626,0.149952,292.76,332.48,0.9819,0.457430,0.692669
1786703380.968575,43.553457,1326,30.03,281.33,71.97,1.0000,0.439576,0.149946,292.75,332.40,0.9820,0.457419,0.692492
1786703381.002930,43.587811,1327,30.03,281.33,71.98,1.0000,0.439574,0.149948,292.73,332.39,0.9820,0.457385,0.692484
1786703381.042027,43.626908,1328,30.03,281.26,71.98,1.0000,0.439461,0.149950,292.72,332.40,0.9820,0.457370,0.692493
1786703381.060903,43.645785,1329,30.03,281.28,72.00,1.0000,0.439500,0.150006,292.72,332.46,0.9822,0.457367,0.692619
1786703381.164953,43.749834,1330,30.03,281.46,71.94,1.0000,0.439777,0.149875,292.75,332.60,0.9823,0.457418,0.692920
1786703381.181569,43.766451,1332,30.03,281.42,72.00,1.0000,0.439717,0.149992,292.75,332.60,0.9823,0.457419,0.692924
1786703381.198149,43.783031,1333,30.03,281.47,72.00,1.0000,0.439803,0.150003,292.71,332.71,0.9822,0.457359,0.693143
1786703381.238758,43.823640,1334,30.03,281.50,72.02,1.0000,0.439848,0.150033,292.63,332.75,0.9824,0.457232,0.693220
1786703381.251987,43.836868,1335,30.03,281.53,72.01,1.0000,0.439886,0.150023,292.61,332.71,0.9824,0.457209,0.693145
1786703381.289707,43.874588,1336,30.03,281.51,72.03,1.0000,0.439857,0.150061,292.59,332.77,0.9824,0.457167,0.693269
1786703381.325531,43.910413,1337,30.03,281.51,72.05,1.0000,0.439859,0.150095,292.57,332.77,0.9822,0.457144,0.693271
1786703381.371333,43.956214,1338,30.03,281.53,72.02,1.0000,0.439885,0.150036,292.57,332.83,0.9821,0.457148,0.693387
1786703381.400731,43.985613,1339,30.03,281.53,71.99,1.0000,0.439897,0.149981,292.58,332.87,0.9819,0.457151,0.693489
1786703381.440556,44.025437,1340,30.03,281.67,71.96,1.0000,0.440106,0.149924,292.57,332.98,0.9820,0.457136,0.693715
1786703381.468987,44.053868,1341,30.03,281.70,71.92,1.0000,0.440156,0.149835,292.57,332.98,0.9820,0.457135,0.693705
1786703381.490291,44.075172,1342,29.79,281.71,71.88,1.0000,0.440173,0.149751,292.58,333.08,0.9820,0.457150,0.693921
1786703381.521986,44.106868,1343,29.79,281.72,71.88,1.0000,0.440192,0.149753,292.58,333.09,0.9821,0.457153,0.693941
1786703381.581128,44.166009,1344,29.79,281.67,72.03,1.0000,0.440110,0.150066,292.59,332.96,0.9822,0.457172,0.693659
1786703381.604986,44.189868,1345,29.79,281.66,72.15,1.0000,0.440089,0.150318,292.55,332.96,0.9820,0.457114,0.693659
1786703381.630544,44.215425,1346,29.79,281.65,72.25,1.0000,0.440073,0.150530,292.55,332.89,0.9820,0.457106,0.693513
1786703381.660033,44.244914,1347,29.79,281.55,72.25,1.0000,0.439917,0.150528,292.52,332.90,0.9822,0.457070,0.693551
1786703381.702399,44.287281,1348,29.79,281.58,72.16,1.0000,0.439973,0.150342,292.55,332.96,0.9821,0.457104,0.693671
1786703381.756687,44.341568,1349,29.79,281.58,72.18,1.0000,0.439973,0.150375,292.54,333.05,0.9822,0.457097,0.693851
1786703381.787962,44.372844,1350,29.79,281.50,72.17,1.0000,0.439851,0.150354,292.52,333.03,0.9823,0.457056,0.693821
1786703381.818549,44.403430,1351,29.79,281.62,72.13,1.0000,0.440027,0.150261,292.51,332.83,0.9824,0.457040,0.693392
1786703381.834623,44.419504,1352,29.79,281.59,72.14,1.0000,0.439990,0.150283,292.48,332.82,0.9824,0.456997,0.693385
1786703381.881856,44.466738,1353,29.79,281.56,72.13,1.0000,0.439933,0.150268,292.48,332.76,0.9824,0.457002,0.693255
1786703381.913784,44.498665,1354,29.79,281.62,72.13,1.0000,0.440032,0.150267,292.47,332.75,0.9825,0.456983,0.693224
1786703381.945399,44.530281,1355,29.79,281.59,72.27,1.0000,0.439984,0.150557,292.46,332.72,0.9824,0.456976,0.693164
1786703381.961043,44.545924,1356,29.79,281.61,72.26,1.0000,0.440014,0.150540,292.48,332.55,0.9822,0.457001,0.692804
1786703382.008762,44.593643,1357,29.64,281.54,72.26,1.0000,0.439905,0.150546,292.47,332.54,0.9822,0.456983,0.692800
1786703382.055933,44.640814,1358,29.64,281.58,72.23,1.0000,0.439968,0.150476,292.54,332.54,0.9820,0.457099,0.692781
1786703382.088290,44.673172,1359,29.64,281.58,72.29,1.0000,0.439969,0.150598,292.46,332.60,0.9817,0.456971,0.692910
1786703382.103699,44.688580,1360,29.64,281.57,72.12,1.0000,0.439948,0.150246,292.42,332.56,0.9815,0.456908,0.692834
1786703382.119849,44.704731,1361,29.64,281.52,72.11,1.0000,0.439881,0.150223,292.47,332.53,0.9818,0.456982,0.692778
1786703382.170583,44.755464,1362,29.64,281.52,72.11,1.0000,0.439881,0.150223,292.49,332.53,0.9821,0.457019,0.692775
1786703382.200029,44.784910,1363,29.64,281.53,72.07,1.0000,0.439885,0.150148,292.50,332.48,0.9821,0.457038,0.692667
1786703382.232153,44.817035,1364,29.64,281.56,72.01,1.0000,0.439936,0.150014,292.56,332.50,0.9821,0.457133,0.692699
1786703382.263411,44.848293,1365,29.64,281.53,72.01,1.0000,0.439893,0.150022,292.59,332.57,0.9822,0.457167,0.692856
1786703382.286611,44.871492,1366,29.64,281.38,72.03,1.0000,0.439664,0.150065,292.61,332.59,0.9824,0.457206,0.692889
1786703382.327800,44.912682,1367,29.64,281.39,72.11,1.0000,0.439668,0.150228,292.59,332.42,0.9826,0.457173,0.692542
1786703382.388798,44.973679,1368,29.64,281.55,72.11,1.0000,0.439920,0.150236,292.55,332.65,0.9823,0.457103,0.693025
1786703382.407785,44.992666,1369,29.64,281.55,72.12,1.0000,0.439916,0.150243,292.56,332.51,0.9825,0.457120,0.692731
1786703382.423296,45.008178,1370,29.64,281.58,72.17,1.0000,0.439966,0.150346,292.59,332.40,0.9828,0.457176,0.692500
1786703382.468453,45.053334,1371,29.64,281.62,72.21,1.0000,0.440028,0.150428,292.61,332.69,0.9827,0.457199,0.693101
1786703382.497803,45.082685,1372,29.64,281.98,72.21,1.0000,0.440588,0.150440,292.59,332.79,0.9825,0.457168,0.693315
1786703382.551643,45.136525,1373,29.64,282.11,71.84,1.0000,0.440801,0.149661,292.59,332.94,0.9826,0.457175,0.693623
1786703382.566749,45.151630,1374,29.64,282.23,71.84,1.0000,0.440991,0.149675,292.57,332.99,0.9822,0.457136,0.693723
1786703382.630944,45.215825,1375,29.64,282.24,71.73,1.0000,0.440997,0.149438,292.57,332.98,0.9821,0.457146,0.693718
1786703382.634953,45.219835,1376,29.64,282.18,71.94,1.0000,0.440911,0.149868,292.58,332.99,0.9822,0.457148,0.693737
1786703382.661710,45.246592,1377,29.64,282.16,71.93,1.0000,0.440879,0.149864,292.57,332.96,0.9821,0.457144,0.693659
1786703382.693986,45.278867,1378,29.64,282.13,71.90,1.0000,0.440833,0.149798,292.58,332.93,0.9822,0.457152,0.693606
1786703382.728012,45.312893,1379,29.64,281.99,71.92,1.0000,0.440609,0.149824,292.58,332.90,0.9822,0.457157,0.693550
1786703382.774134,45.359015,1380,29.64,281.86,71.90,1.0000,0.440414,0.149787,292.61,332.84,0.9822,0.457202,0.693417
1786703382.805110,45.389991,1381,29.64,281.75,71.91,1.0000,0.440227,0.149815,292.51,332.92,0.9822,0.457043,0.693589
1786703382.837153,45.422034,1382,29.64,281.66,71.91,1.0000,0.440095,0.149813,292.51,333.02,0.9824,0.457053,0.693790
1786703382.869370,45.454252,1383,29.64,281.51,71.97,1.0000,0.439853,0.149939,292.52,333.01,0.9824,0.457066,0.693770
1786703382.894268,45.479149,1384,29.64,281.43,71.95,1.0000,0.439732,0.149890,292.52,333.04,0.9825,0.457062,0.693843
1786703382.929749,45.514630,1385,29.64,281.29,71.95,1.0000,0.439519,0.149905,292.47,333.12,0.9824,0.456984,0.693997
1786703382.979056,45.563937,1386,29.64,281.07,72.07,1.0000,0.439172,0.150154,292.47,333.05,0.9823,0.456979,0.693860
1786703383.000802,45.585683,1387,29.64,281.02,72.34,1.0000,0.439096,0.150698,292.47,333.02,0.9824,0.456986,0.693788
1786703383.032073,45.616954,1388,29.64,281.03,72.27,1.0000,0.439104,0.150560,292.47,333.03,0.9823,0.456986,0.693815
1786703383.071414,45.656296,1389,29.95,281.18,72.02,1.0000,0.439342,0.150038,292.42,332.97,0.9821,0.456913,0.693693
1786703383.097563,45.682444,1390,29.95,281.28,72.02,1.0000,0.439499,0.150032,292.42,333.04,0.9819,0.456899,0.693833
1786703383.124030,45.708911,1391,29.95,281.28,72.02,1.0000,0.439496,0.150046,292.42,333.02,0.9818,0.456899,0.693790
1786703383.170274,45.755156,1392,29.95,281.19,72.09,1.0000,0.439363,0.150178,292.42,332.99,0.9820,0.456902,0.693722
1786703383.201016,45.785897,1393,29.95,281.09,72.01,1.0000,0.439209,0.150020,292.43,332.96,0.9823,0.456922,0.693674
1786703383.216923,45.801805,1394,29.95,281.07,71.97,1.0000,0.439174,0.149936,292.47,332.84,0.9822,0.456978,0.693408
1786703383.261985,45.846866,1395,29.95,281.18,71.98,1.0000,0.439337,0.149950,292.49,332.92,0.9821,0.457011,0.693583
1786703383.299561,45.884442,1396,29.95,281.18,71.97,1.0000,0.439340,0.149944,292.31,332.92,0.9820,0.456742,0.693586
1786703383.332838,45.917719,1397,29.95,281.24,71.93,1.0000,0.439441,0.149850,292.31,332.85,0.9818,0.456741,0.693444
1786703383.359658,45.944540,1398,29.95,281.25,71.94,1.0000,0.439450,0.149879,292.29,332.84,0.9817,0.456698,0.693416
1786703383.391220,45.976101,1399,29.95,281.33,71.93,1.0000,0.439585,0.149860,292.23,332.75,0.9815,0.456615,0.693229
1786703383.431184,46.016065,1400,29.95,281.35,72.00,1.0000,0.439606,0.150003,292.33,332.66,0.9817,0.456767,0.693044
1786703383.457566,46.042447,1401,29.95,281.50,72.00,1.0000,0.439846,0.149998,292.36,332.73,0.9816,0.456805,0.693190
1786703383.488729,46.073610,1402,29.95,281.55,72.01,1.0000,0.439915,0.150014,292.36,332.66,0.9818,0.456809,0.693049
1786703383.528563,46.113445,1403,29.95,281.68,72.00,1.0000,0.440118,0.150006,292.33,332.71,0.9819,0.456764,0.693145
1786703383.563538,46.148419,1404,29.92,281.73,72.00,1.0000,0.440196,0.150000,292.33,332.78,0.9820,0.456770,0.693294
1786703383.595252,46.180133,1405,29.92,281.73,72.04,1.0000,0.440205,0.150084,292.33,332.80,0.9821,0.456771,0.693327
1786703383.629190,46.214072,1406,29.92,281.73,72.04,1.0000,0.440207,0.150074,292.40,333.01,0.9820,0.456876,0.693762
1786703383.664526,46.249407,1407,29.92,281.73,72.05,1.0000,0.440203,0.150094,292.38,333.02,0.9819,0.456846,0.693801
1786703383.700870,46.285751,1408,29.92,281.83,71.90,1.0000,0.440367,0.149785,292.35,332.94,0.9819,0.456794,0.693622
1786703383.730273,46.315154,1409,29.92,281.85,71.89,1.0000,0.440397,0.149780,292.31,332.96,0.9820,0.456730,0.693669
1786703383.762132,46.347014,1410,29.92,281.79,71.90,1.0000,0.440294,0.149800,292.34,333.01,0.9818,0.456781,0.693781
1786703383.796298,46.381179,1411,29.92,281.66,72.08,1.0000,0.440090,0.150161,292.34,333.11,0.9821,0.456779,0.693978
1786703383.830710,46.415591,1412,29.92,281.68,72.07,1.0000,0.440128,0.150136,292.32,333.17,0.9821,0.456747,0.694098
1786703383.909127,46.494008,1414,29.92,281.98,71.81,1.0000,0.440600,0.149603,292.31,333.19,0.9820,0.456742,0.694154
1786703383.930679,46.515560,1415,29.92,281.95,71.95,1.0000,0.440549,0.149903,292.30,333.18,0.9821,0.456726,0.694128
1786703383.966662,46.551544,1416,29.92,282.14,71.83,1.0000,0.440849,0.149648,292.36,333.27,0.9817,0.456812,0.694311
1786703383.986996,46.571877,1417,29.92,282.19,71.78,1.0000,0.440919,0.149550,292.36,333.28,0.9815,0.456809,0.694333
1786703384.026131,46.611012,1418,29.92,282.20,71.81,1.0000,0.440940,0.149601,292.34,333.26,0.9815,0.456786,0.694287
1786703384.089802,46.674684,1419,29.26,282.19,71.89,1.0000,0.440926,0.149780,292.45,332.92,0.9816,0.456948,0.693591
1786703384.105469,46.690350,1420,29.26,282.18,71.90,1.0000,0.440899,0.149797,292.43,332.92,0.9816,0.456924,0.693590
1786703384.133295,46.718176,1421,29.26,282.14,71.92,1.0000,0.440850,0.149839,292.46,332.93,0.9817,0.456962,0.693605
1786703384.163515,46.748396,1422,29.26,282.17,71.90,1.0000,0.440891,0.149795,292.46,332.97,0.9818,0.456975,0.693690
1786703384.201081,46.785962,1423,29.26,282.15,71.81,1.0000,0.440852,0.149599,292.50,333.04,0.9817,0.457024,0.693826
1786703384.227276,46.812157,1424,29.26,282.15,71.81,1.0000,0.440862,0.149599,292.50,333.02,0.9818,0.457031,0.693789
1786703384.272449,46.857330,1425,29.26,282.11,71.81,1.0000,0.440802,0.149598,292.55,332.50,0.9821,0.457115,0.692717
1786703384.312222,46.897103,1426,29.26,282.11,71.80,1.0000,0.440791,0.149580,292.53,332.49,0.9822,0.457083,0.692696
1786703384.343807,46.928689,1427,29.26,282.13,71.62,1.0000,0.440823,0.149213,292.48,332.51,0.9824,0.457007,0.692726
1786703384.359527,46.944409,1428,29.26,282.13,71.59,1.0000,0.440822,0.149151,292.51,332.35,0.9824,0.457052,0.692395
1786703384.406997,46.991879,1429,29.26,282.09,71.60,1.0000,0.440768,0.149170,292.52,332.43,0.9822,0.457067,0.692572
1786703384.438567,47.023448,1430,29.26,282.09,71.62,1.0000,0.440769,0.149203,292.45,332.44,0.9822,0.456959,0.692574
1786703384.470348,47.055229,1431,29.26,282.03,71.67,1.0000,0.440667,0.149316,292.52,332.50,0.9823,0.457056,0.692709
1786703384.501997,47.086878,1432,29.26,282.02,71.67,1.0000,0.440659,0.149317,292.55,332.50,0.9823,0.457109,0.692715
1786703384.536277,47.121158,1433,29.26,282.13,71.68,1.0000,0.440829,0.149334,292.57,332.56,0.9824,0.457148,0.692833
1786703384.571088,47.155969,1434,29.26,282.20,71.68,1.0000,0.440941,0.149336,292.61,332.31,0.9825,0.457201,0.692310
1786703384.614478,47.199360,1435,29.64,282.21,71.68,1.0000,0.440955,0.149334,292.51,332.36,0.9824,0.457047,0.692413
1786703384.636146,47.221027,1436,29.64,282.28,71.65,1.0000,0.441056,0.149273,292.50,332.38,0.9824,0.457039,0.692450
1786703384.684993,47.269875,1437,29.64,282.39,71.65,1.0000,0.441233,0.149266,292.48,332.45,0.9825,0.457002,0.692611
1786703384.709335,47.294217,1438,29.64,282.44,71.65,1.0000,0.441309,0.149271,292.49,332.45,0.9825,0.457017,0.692598
1786703384.741165,47.326047,1439,29.64,282.44,71.66,1.0000,0.441316,0.149282,292.46,332.52,0.9825,0.456975,0.692754
1786703384.788626,47.373508,1440,29.64,282.72,71.54,1.0000,0.441754,0.149043,292.43,332.58,0.9823,0.456920,0.692885
1786703384.804572,47.389453,1441,29.64,282.79,71.54,1.0000,0.441861,0.149040,292.41,332.64,0.9822,0.456884,0.692991
1786703384.830216,47.415097,1442,29.64,282.81,71.54,1.0000,0.441898,0.149037,292.37,332.69,0.9822,0.456824,0.693100
1786703384.860393,47.445274,1443,29.64,282.81,71.56,1.0000,0.441897,0.149075,292.33,332.68,0.9824,0.456773,0.693089
1786703384.900167,47.485049,1444,29.64,282.69,71.56,1.0000,0.441700,0.149073,292.38,332.68,0.9825,0.456846,0.693092
1786703384.934769,47.519650,1445,29.64,282.73,71.51,1.0000,0.441761,0.148989,292.36,332.69,0.9825,0.456818,0.693095
1786703384.968898,47.553779,1446,29.64,282.73,71.51,1.0000,0.441763,0.148988,292.41,332.71,0.9824,0.456887,0.693137
1786703385.011483,47.596364,1447,29.64,282.73,71.59,1.0000,0.441764,0.149144,292.45,332.71,0.9823,0.456956,0.693141
1786703385.043003,47.627884,1448,29.64,282.73,71.58,1.0000,0.441765,0.149127,292.45,332.82,0.9822,0.456956,0.693369
1786703385.070086,47.654968,1449,29.64,282.72,71.64,1.0000,0.441744,0.149254,292.26,332.94,0.9822,0.456654,0.693623
1786703385.098413,47.683294,1450,29.64,282.79,71.64,1.0000,0.441860,0.149256,292.32,332.94,0.9822,0.456748,0.693623
1786703385.138180,47.723061,1451,29.68,282.76,71.69,1.0000,0.441814,0.149349,292.37,332.95,0.9819,0.456831,0.693637
1786703385.160968,47.745850,1452,29.68,282.73,71.68,1.0000,0.441766,0.149340,292.42,332.99,0.9817,0.456909,0.693736
1786703385.199041,47.783923,1453,29.68,282.72,71.71,1.0000,0.441758,0.149406,292.41,333.17,0.9816,0.456893,0.694100
1786703385.232909,47.817790,1454,29.68,282.58,71.75,1.0000,0.441539,0.149479,292.41,333.17,0.9817,0.456890,0.694109
1786703385.261915,47.846797,1455,29.68,282.58,71.73,1.0000,0.441529,0.149447,292.40,333.18,0.9819,0.456875,0.694115
1786703385.292705,47.877586,1456,29.68,282.57,71.69,1.0000,0.441523,0.149355,292.39,333.19,0.9819,0.456855,0.694153
1786703385.334471,47.919352,1457,29.68,282.51,71.62,1.0000,0.441427,0.149206,292.43,333.37,0.9819,0.456923,0.694513
1786703385.361003,47.945884,1458,29.68,282.51,71.66,1.0000,0.441427,0.149299,292.41,333.32,0.9818,0.456894,0.694420
1786703385.401547,47.986429,1459,29.68,282.36,71.61,1.0000,0.441189,0.149180,292.43,333.42,0.9822,0.456923,0.694628
1786703385.429459,48.014340,1460,29.68,282.12,71.60,1.0000,0.440818,0.149163,292.42,333.42,0.9823,0.456901,0.694630
1786703385.461697,48.046579,1461,29.68,282.03,71.61,1.0000,0.440672,0.149191,292.42,333.44,0.9823,0.456900,0.694657
1786703385.496088,48.080969,1462,29.68,281.97,71.59,1.0000,0.440579,0.149153,292.42,333.46,0.9822,0.456906,0.694711
1786703385.533667,48.118548,1463,29.68,281.72,71.60,1.0000,0.440194,0.149157,292.45,333.41,0.9821,0.456949,0.694597
1786703385.575789,48.160671,1464,29.68,281.69,71.65,1.0000,0.440138,0.149280,292.45,333.44,0.9823,0.456957,0.694672
1786703385.599405,48.184286,1465,29.68,281.57,71.66,1.0000,0.439952,0.149281,292.48,333.36,0.9824,0.457008,0.694508
1786703385.628720,48.213601,1466,29.68,281.54,71.65,1.0000,0.439899,0.149280,292.47,333.30,0.9824,0.456978,0.694380
1786703385.660519,48.245400,1467,29.89,281.52,71.70,1.0000,0.439878,0.149378,292.45,333.30,0.9823,0.456960,0.694366
1786703385.697872,48.282753,1468,29.89,281.51,71.72,1.0000,0.439857,0.149411,292.49,333.19,0.9823,0.457011,0.694139
1786703385.732917,48.317798,1469,29.89,281.47,71.96,1.0000,0.439800,0.149916,292.49,333.17,0.9826,0.457018,0.694110
1786703385.772122,48.357003,1470,29.89,281.42,72.01,1.0000,0.439712,0.150025,292.48,333.11,0.9829,0.457005,0.693973
1786703385.803881,48.388762,1471,29.89,281.31,71.99,1.0000,0.439549,0.149981,292.48,333.11,0.9829,0.457002,0.693989
1786703385.836063,48.420945,1472,29.89,281.26,72.04,1.0000,0.439461,0.150093,292.50,332.95,0.9828,0.457038,0.693652
1786703385.870367,48.455248,1473,29.89,281.26,72.00,1.0000,0.439473,0.149998,292.54,333.23,0.9826,0.457098,0.694238
1786703385.896795,48.481677,1474,29.89,281.27,72.00,1.0000,0.439486,0.150006,292.52,333.26,0.9826,0.457059,0.694290
1786703385.936995,48.521876,1475,29.89,281.57,71.98,1.0000,0.439956,0.149965,292.51,333.17,0.9829,0.457054,0.694104
1786703385.968842,48.553723,1476,29.89,281.57,71.99,1.0000,0.439951,0.149972,292.47,333.20,0.9828,0.456988,0.694177
1786703386.000567,48.585448,1477,29.89,281.55,71.99,1.0000,0.439929,0.149969,292.49,332.93,0.9830,0.457021,0.693598
1786703386.026778,48.611659,1478,29.89,281.68,71.90,1.0000,0.440133,0.149801,292.48,332.99,0.9830,0.457007,0.693722
1786703386.071935,48.656816,1479,29.89,281.68,71.91,1.0000,0.440129,0.149804,292.47,333.00,0.9832,0.456977,0.693749
1786703386.094026,48.678907,1480,29.89,281.68,71.94,1.0000,0.440127,0.149873,292.48,332.80,0.9833,0.456993,0.693343
1786703386.130442,48.715324,1481,29.89,281.71,71.94,1.0000,0.440164,0.149876,292.45,332.81,0.9835,0.456956,0.693348
1786703386.162271,48.747152,1482,29.89,281.84,71.93,1.0000,0.440371,0.149864,292.40,332.83,0.9836,0.456878,0.693403
1786703386.198299,48.783180,1483,29.98,281.88,71.93,1.0000,0.440440,0.149863,292.41,333.08,0.9833,0.456886,0.693919
1786703386.232394,48.817275,1484,29.98,281.96,71.92,1.0000,0.440561,0.149840,292.34,333.11,0.9832,0.456779,0.693987
1786703386.253674,48.838555,1485,29.98,282.00,71.90,1.0000,0.440625,0.149798,292.34,333.11,0.9832,0.456780,0.693989
1786703386.314995,48.899877,1486,29.98,282.00,71.84,1.0000,0.440629,0.149669,292.56,332.93,0.9834,0.457131,0.693608
1786703386.330887,48.915769,1487,29.98,282.02,71.83,1.0000,0.440653,0.149642,292.55,332.93,0.9835,0.457104,0.693612
1786703386.362184,48.947066,1488,29.98,282.02,71.82,1.0000,0.440653,0.149617,292.53,332.91,0.9836,0.457077,0.693571
1786703386.396454,48.981335,1489,29.98,282.01,71.81,1.0000,0.440648,0.149613,292.57,332.84,0.9836,0.457144,0.693426
1786703386.454533,49.039414,1490,29.98,282.03,71.81,1.0000,0.440669,0.149597,292.57,332.78,0.9837,0.457134,0.693302
1786703386.457181,49.042062,1491,29.98,282.03,71.79,1.0000,0.440664,0.149565,292.55,332.87,0.9836,0.457113,0.693487
1786703386.506895,49.091776,1492,29.98,281.93,71.81,1.0000,0.440509,0.149606,292.56,332.87,0.9836,0.457127,0.693481
1786703386.536398,49.121279,1493,29.98,281.77,71.82,1.0000,0.440264,0.149619,292.61,332.96,0.9836,0.457197,0.693673
1786703386.572628,49.157509,1494,29.98,281.60,71.82,1.0000,0.440007,0.149634,292.61,333.18,0.9835,0.457196,0.694126
1786703386.602653,49.187534,1495,29.98,281.58,71.83,1.0000,0.439965,0.149636,292.60,333.16,0.9838,0.457191,0.694081
1786703386.635304,49.220185,1496,29.98,281.62,71.82,1.0000,0.440025,0.149627,292.63,333.27,0.9835,0.457233,0.694315
1786703386.663042,49.247923,1497,29.98,281.50,71.84,1.0000,0.439836,0.149658,292.65,333.22,0.9835,0.457265,0.694207
1786703386.716486,49.301368,1498,29.64,281.39,71.84,1.0000,0.439670,0.149665,292.64,333.32,0.9831,0.457257,0.694414
1786703386.740181,49.325063,1499,29.64,281.44,71.86,1.0000,0.439756,0.149704,292.62,333.33,0.9829,0.457217,0.694432
1786703386.780782,49.365663,1500,29.64,281.45,71.86,1.0000,0.439759,0.149714,292.62,333.36,0.9828,0.457219,0.694495
1786703386.816484,49.401366,1501,29.64,281.49,71.76,1.0000,0.439828,0.149493,292.60,333.20,0.9828,0.457180,0.694158
1786703386.832395,49.417276,1502,29.64,281.57,71.75,1.0000,0.439948,0.149472,292.59,333.17,0.9827,0.457165,0.694113
1786703386.866961,49.451842,1503,29.64,281.61,71.74,1.0000,0.440018,0.149466,292.59,333.18,0.9826,0.457164,0.694132
1786703386.909638,49.494519,1504,29.64,281.87,71.74,1.0000,0.440418,0.149454,292.57,333.11,0.9825,0.457148,0.693977
1786703386.933581,49.518462,1505,29.64,282.03,71.70,1.0000,0.440671,0.149383,292.66,333.11,0.9826,0.457282,0.693984
1786703386.962654,49.547535,1506,29.64,282.12,71.67,1.0000,0.440809,0.149309,292.65,333.11,0.9825,0.457265,0.693971
1786703387.008540,49.593421,1507,29.64,282.19,71.67,1.0000,0.440928,0.149307,292.62,333.09,0.9826,0.457224,0.693934
1786703387.032006,49.616887,1508,29.64,282.20,71.65,1.0000,0.440944,0.149263,292.62,333.13,0.9825,0.457216,0.694025
1786703387.073524,49.658406,1509,29.64,282.21,71.64,1.0000,0.440946,0.149258,292.61,333.14,0.9824,0.457198,0.694049
1786703387.107850,49.692731,1510,29.64,282.22,71.64,1.0000,0.440975,0.149244,292.50,333.17,0.9822,0.457033,0.694099
1786703387.137124,49.722006,1511,29.64,282.28,71.67,1.0000,0.441058,0.149311,292.50,333.19,0.9821,0.457029,0.694142
1786703387.150302,49.735183,1512,29.64,282.29,71.67,1.0000,0.441076,0.149319,292.50,333.23,0.9820,0.457031,0.694231
1786703387.197882,49.782764,1513,29.64,282.28,71.90,1.0000,0.441069,0.149802,292.47,333.15,0.9818,0.456988,0.694066
1786703387.239918,49.824800,1514,29.91,282.39,71.92,1.0000,0.441234,0.149840,292.46,333.15,0.9815,0.456963,0.694053
1786703387.263726,49.848608,1515,29.91,282.35,71.97,1.0000,0.441172,0.149934,292.48,333.14,0.9813,0.457008,0.694047
1786703387.292908,49.877789,1516,29.91,282.31,71.99,1.0000,0.441114,0.149976,292.50,333.13,0.9812,0.457039,0.694014
1786703387.330385,49.915266,1517,29.91,282.16,72.01,1.0000,0.440867,0.150030,292.57,333.17,0.9812,0.457135,0.694110
1786703387.373160,49.958042,1518,29.91,282.23,72.10,1.0000,0.440987,0.150204,292.56,333.29,0.9807,0.457131,0.694354
1786703387.396396,49.981277,1519,29.91,282.21,72.10,1.0000,0.440953,0.150201,292.56,333.27,0.9809,0.457123,0.694305
1786703387.436348,50.021230,1520,29.91,282.42,72.05,1.0000,0.441287,0.150102,292.59,333.03,0.9810,0.457171,0.693815
1786703387.461793,50.046674,1521,29.91,282.47,71.91,1.0000,0.441358,0.149816,292.59,333.06,0.9811,0.457171,0.693872
1786703387.487720,50.072601,1522,29.91,282.47,72.00,1.0000,0.441360,0.149999,292.62,333.07,0.9811,0.457224,0.693899
1786703387.524252,50.109134,1523,29.91,282.47,72.00,1.0000,0.441362,0.150007,292.63,333.08,0.9811,0.457230,0.693918
1786703387.569870,50.154751,1524,29.91,282.64,71.97,1.0000,0.441625,0.149933,292.65,333.08,0.9812,0.457271,0.693907
1786703387.585939,50.170820,1525,29.91,282.65,71.96,1.0000,0.441642,0.149921,292.66,333.14,0.9812,0.457275,0.694035
1786703387.628045,50.212926,1526,29.91,282.65,71.96,1.0000,0.441637,0.149922,292.66,333.16,0.9813,0.457285,0.694081
1786703387.665950,50.250831,1527,29.91,282.67,71.96,1.0000,0.441678,0.149921,292.66,333.17,0.9812,0.457283,0.694101
1786703387.721910,50.306791,1528,29.91,282.68,72.10,1.0000,0.441680,0.150218,292.56,333.21,0.9811,0.457131,0.694185
1786703387.737650,50.322531,1529,29.81,282.68,72.10,1.0000,0.441689,0.150213,292.54,333.21,0.9808,0.457088,0.694187
1786703387.761920,50.346802,1530,29.81,282.67,72.09,1.0000,0.441678,0.150196,292.53,333.31,0.9807,0.457075,0.694393
1786703387.795836,50.380717,1531,29.81,282.68,72.33,1.0000,0.441682,0.150680,292.49,333.14,0.9809,0.457013,0.694040
1786703387.837584,50.422465,1532,29.81,282.70,72.13,1.0000,0.441712,0.150279,292.47,333.09,0.9811,0.456992,0.693937
1786703387.877711,50.462592,1533,29.81,282.73,72.42,1.0000,0.441766,0.150873,292.48,333.03,0.9813,0.456996,0.693809
1786703387.908172,50.493054,1534,29.81,282.73,72.41,1.0000,0.441769,0.150859,292.50,333.05,0.9812,0.457032,0.693863
1786703387.923586,50.508467,1535,29.81,282.75,72.38,1.0000,0.441803,0.150783,292.52,333.05,0.9812,0.457062,0.693858
1786703387.969012,50.553893,1536,29.81,282.75,72.33,1.0000,0.441800,0.150690,292.53,333.06,0.9810,0.457080,0.693871
1786703388.000147,50.585028,1537,29.81,282.75,72.28,1.0000,0.441801,0.150582,292.53,333.07,0.9809,0.457072,0.693896
1786703388.013844,50.598726,1538,29.81,282.81,72.23,1.0000,0.441887,0.150488,292.53,333.11,0.9809,0.457073,0.693983
1786703388.077483,50.662365,1539,29.81,282.81,72.36,1.0000,0.441886,0.150749,292.51,333.09,0.9810,0.457051,0.693948
1786703388.093315,50.678196,1540,29.81,282.78,72.30,1.0000,0.441846,0.150617,292.48,332.98,0.9811,0.457006,0.693706
1786703388.130110,50.714991,1541,29.81,282.72,72.29,1.0000,0.441752,0.150611,292.49,332.96,0.9811,0.457015,0.693668
1786703388.165132,50.750013,1542,29.81,282.75,72.02,1.0000,0.441794,0.150044,292.49,333.12,0.9810,0.457022,0.694005
1786703388.198021,50.782902,1543,29.81,282.76,72.04,1.0000,0.441819,0.150075,292.51,333.15,0.9810,0.457043,0.694067
1786703388.236243,50.821125,1544,29.81,282.69,72.07,1.0000,0.441702,0.150147,292.51,333.12,0.9813,0.457053,0.694007
1786703388.263715,50.848596,1545,30.00,282.65,72.06,1.0000,0.441642,0.150133,292.54,333.09,0.9815,0.457096,0.693942
1786703388.294666,50.879548,1546,30.00,282.53,72.06,1.0000,0.441448,0.150130,292.56,333.15,0.9812,0.457127,0.694066
1786703388.329970,50.914851,1547,30.00,282.49,72.06,1.0000,0.441393,0.150126,292.57,333.14,0.9810,0.457133,0.694038
1786703388.370557,50.955438,1548,30.00,282.52,72.06,1.0000,0.441434,0.150124,292.54,333.10,0.9812,0.457089,0.693956
1786703388.396802,50.981683,1549,30.00,282.54,72.06,1.0000,0.441463,0.150124,292.57,333.03,0.9812,0.457142,0.693819
1786703388.445851,51.030732,1550,30.00,282.70,72.13,1.0000,0.441713,0.150278,292.61,333.15,0.9809,0.457204,0.694071
1786703388.461105,51.045986,1551,30.00,282.70,72.30,1.0000,0.441715,0.150616,292.58,333.08,0.9812,0.457164,0.693927
1786703388.508977,51.093858,1552,30.00,282.70,72.35,1.0000,0.441711,0.150727,292.59,332.92,0.9814,0.457166,0.693585
1786703388.524985,51.109867,1553,30.00,282.71,72.35,1.0000,0.441732,0.150740,292.58,332.92,0.9813,0.457149,0.693576
1786703388.573044,51.157925,1554,30.00,282.71,72.35,1.0000,0.441738,0.150728,292.60,332.91,0.9814,0.457181,0.693569
1786703388.598482,51.183363,1555,30.00,282.57,72.28,1.0000,0.441519,0.150587,292.60,332.94,0.9816,0.457191,0.693618
1786703388.635248,51.220129,1556,30.00,282.54,72.27,1.0000,0.441464,0.150567,292.64,332.94,0.9816,0.457258,0.693620
1786703388.661341,51.246223,1557,30.00,282.48,72.29,1.0000,0.441367,0.150595,292.56,332.91,0.9816,0.457117,0.693572
1786703388.701534,51.286416,1558,30.00,282.34,72.30,1.0000,0.441160,0.150627,292.50,332.88,0.9817,0.457025,0.693493
1786703388.732883,51.317765,1559,30.00,282.12,72.26,1.0000,0.440813,0.150535,292.46,332.91,0.9818,0.456969,0.693558
1786703388.748836,51.333717,1560,30.00,282.02,72.26,1.0000,0.440664,0.150535,292.45,332.92,0.9820,0.456961,0.693584
1786703388.806878,51.391759,1561,29.95,281.99,72.17,1.0000,0.440607,0.150347,292.42,332.91,0.9821,0.456908,0.693563
1786703388.833850,51.418731,1562,29.95,282.02,72.11,1.0000,0.440663,0.150236,292.42,332.82,0.9822,0.456911,0.693376
1786703388.873631,51.458512,1563,29.95,281.93,72.17,1.0000,0.440510,0.150363,292.43,332.91,0.9823,0.456923,0.693554
1786703388.903275,51.488156,1564,29.95,281.91,72.18,1.0000,0.440481,0.150378,292.43,332.91,0.9822,0.456927,0.693564
1786703388.932642,51.517523,1565,29.95,281.90,72.24,1.0000,0.440476,0.150491,292.45,332.89,0.9822,0.456961,0.693516
1786703388.971672,51.556553,1566,29.95,281.91,72.17,1.0000,0.440486,0.150350,292.46,332.88,0.9821,0.456961,0.693510
1786703389.025430,51.610312,1567,29.95,281.87,72.17,1.0000,0.440417,0.150350,292.51,332.89,0.9821,0.457053,0.693513
1786703389.037790,51.622671,1568,29.95,281.86,72.17,1.0000,0.440408,0.150347,292.52,332.63,0.9822,0.457063,0.692972
1786703389.072709,51.657590,1569,29.95,281.85,72.16,1.0000,0.440398,0.150328,292.52,332.70,0.9820,0.457068,0.693132
1786703389.115376,51.700258,1570,29.95,281.93,72.17,1.0000,0.440516,0.150352,292.55,332.66,0.9820,0.457102,0.693042
1786703389.135080,51.719961,1571,29.95,281.86,72.21,1.0000,0.440413,0.150448,292.53,332.72,0.9818,0.457074,0.693168
1786703389.159535,51.744417,1572,29.95,281.86,72.26,1.0000,0.440414,0.150552,292.50,332.73,0.9816,0.457032,0.693188
1786703389.195463,51.780344,1573,29.95,281.88,72.27,1.0000,0.440432,0.150553,292.47,332.78,0.9815,0.456991,0.693300
1786703389.229999,51.814880,1574,29.95,281.84,72.29,1.0000,0.440375,0.150606,292.49,332.78,0.9814,0.457020,0.693298
1786703389.275279,51.860160,1575,29.95,281.83,72.26,1.0000,0.440364,0.150539,292.56,332.66,0.9816,0.457122,0.693036
1786703389.290618,51.875499,1576,29.95,281.83,72.26,1.0000,0.440365,0.150534,292.57,332.69,0.9816,0.457133,0.693110
1786703389.338294,51.923176,1577,30.05,281.84,72.09,1.0000,0.440369,0.150191,292.58,332.73,0.9814,0.457151,0.693188
1786703389.354186,51.939067,1578,30.05,281.87,72.09,1.0000,0.440417,0.150191,292.54,332.80,0.9814,0.457100,0.693330
1786703389.391298,51.976180,1579,30.05,281.83,72.10,1.0000,0.440354,0.150209,292.57,332.85,0.9815,0.457148,0.693438
1786703389.430837,52.015718,1580,30.05,281.83,72.07,1.0000,0.440356,0.150139,292.57,332.87,0.9815,0.457139,0.693476
1786703389.461944,52.046825,1581,30.05,281.81,72.08,1.0000,0.440327,0.150157,292.54,332.85,0.9815,0.457088,0.693434
1786703389.501841,52.086722,1582,30.05,281.77,72.07,1.0000,0.440262,0.150147,292.54,332.75,0.9815,0.457095,0.693229
1786703389.530930,52.115812,1583,30.05,281.78,72.07,1.0000,0.440276,0.150151,292.56,332.86,0.9815,0.457118,0.693468
1786703389.559640,52.144522,1584,30.05,281.98,72.14,1.0000,0.440597,0.150283,292.53,332.94,0.9814,0.457078,0.693617
1786703389.596617,52.181499,1585,30.05,281.93,71.95,1.0000,0.440508,0.149902,292.52,333.06,0.9814,0.457067,0.693873
1786703389.633931,52.218812,1586,30.05,281.98,72.25,1.0000,0.440599,0.150512,292.52,333.11,0.9814,0.457065,0.693969
1786703389.655515,52.240396,1587,30.05,281.95,72.24,1.0000,0.440546,0.150504,292.51,333.10,0.9817,0.457039,0.693955
1786703389.708772,52.293653,1588,30.05,281.95,72.26,1.0000,0.440551,0.150551,292.49,333.08,0.9817,0.457021,0.693911
1786703389.751292,52.336174,1589,30.05,282.00,72.10,1.0000,0.440620,0.150214,292.51,333.17,0.9819,0.457052,0.694111
1786703389.765738,52.350619,1590,30.05,282.00,72.10,1.0000,0.440618,0.150203,292.54,333.19,0.9820,0.457099,0.694154
1786703389.798537,52.383418,1591,30.05,281.88,72.09,1.0000,0.440435,0.150181,292.55,333.22,0.9822,0.457110,0.694216
1786703389.832950,52.417832,1592,29.97,281.88,72.09,1.0000,0.440434,0.150184,292.57,332.82,0.9823,0.457135,0.693376
1786703389.868021,52.452902,1593,29.97,281.79,72.07,1.0000,0.440290,0.150140,292.57,332.87,0.9826,0.457138,0.693474
1786703389.934699,52.519581,1594,29.97,281.77,72.07,1.0000,0.440266,0.150136,292.58,332.88,0.9828,0.457163,0.693491
1786703389.948849,52.533730,1595,29.97,281.77,72.06,1.0000,0.440267,0.150123,292.58,332.88,0.9829,0.457162,0.693505
1786703389.968720,52.553601,1596,29.97,281.75,72.05,1.0000,0.440242,0.150101,292.58,332.90,0.9827,0.457151,0.693541
1786703390.002892,52.587774,1597,29.97,281.75,71.89,1.0000,0.440236,0.149769,292.59,332.94,0.9827,0.457179,0.693629
1786703390.036873,52.621754,1598,29.97,281.76,71.61,1.0000,0.440247,0.149189,292.62,332.99,0.9829,0.457222,0.693721
1786703390.069040,52.653921,1599,29.97,281.75,71.49,1.0000,0.440240,0.148939,292.62,332.98,0.9828,0.457218,0.693718
1786703390.095160,52.680042,1600,29.97,281.72,71.49,1.0000,0.440183,0.148941,292.62,332.98,0.9829,0.457214,0.693708
1786703390.126768,52.711649,1601,29.97,281.69,71.48,1.0000,0.440135,0.148917,292.63,332.87,0.9826,0.457228,0.693479
1786703390.161101,52.745982,1602,29.97,281.62,71.48,1.0000,0.440037,0.148924,292.62,332.88,0.9825,0.457223,0.693499
1786703390.198133,52.783014,1603,29.97,281.57,71.49,1.0000,0.439948,0.148944,292.62,332.85,0.9824,0.457219,0.693439
1786703390.245506,52.830387,1604,29.97,281.56,71.50,1.0000,0.439944,0.148955,292.63,332.93,0.9824,0.457229,0.693607
1786703390.286261,52.871143,1605,29.97,281.53,71.53,1.0000,0.439891,0.149015,292.55,333.00,0.9822,0.457112,0.693742
1786703390.302366,52.887248,1606,29.97,281.54,71.57,1.0000,0.439899,0.149102,292.57,333.06,0.9821,0.457144,0.693883
1786703390.350298,52.935179,1607,29.78,281.59,71.61,1.0000,0.439990,0.149179,292.58,333.22,0.9820,0.457153,0.694204
1786703390.368104,52.952985,1608,29.78,281.58,71.61,1.0000,0.439972,0.149178,292.56,333.25,0.9818,0.457118,0.694264
1786703390.397616,52.982497,1609,29.78,281.58,71.58,1.0000,0.439967,0.149115,292.55,333.22,0.9819,0.457109,0.694204
1786703390.440671,53.025553,1610,29.78,281.58,71.49,1.0000,0.439964,0.148935,292.57,333.10,0.9821,0.457146,0.693963
1786703390.463530,53.048411,1611,29.78,281.45,71.48,1.0000,0.439772,0.148924,292.56,333.19,0.9820,0.457129,0.694145
1786703390.500906,53.085787,1612,29.78,281.37,71.49,1.0000,0.439641,0.148927,292.55,333.21,0.9820,0.457114,0.694183
1786703390.540724,53.125605,1613,29.78,281.37,71.49,1.0000,0.439639,0.148928,292.56,332.99,0.9822,0.457122,0.693736
1786703390.556549,53.141430,1614,29.78,281.37,71.52,1.0000,0.439646,0.149008,292.56,333.06,0.9822,0.457132,0.693866
1786703390.595900,53.180782,1615,29.78,281.36,71.55,1.0000,0.439632,0.149056,292.56,333.05,0.9819,0.457125,0.693845
1786703390.641902,53.226783,1616,29.78,281.36,71.65,1.0000,0.439630,0.149273,292.54,333.15,0.9818,0.457093,0.694057
1786703390.652138,53.237019,1617,29.78,281.41,71.63,1.0000,0.439701,0.149227,292.52,333.09,0.9817,0.457056,0.693935
1786703390.710790,53.295671,1618,29.78,281.31,71.75,1.0000,0.439549,0.149483,292.51,333.17,0.9816,0.457055,0.694113
1786703390.727453,53.312334,1619,29.78,281.31,71.78,1.0000,0.439548,0.149532,292.52,333.07,0.9818,0.457055,0.693897
1786703390.763589,53.348470,1620,29.78,281.37,71.77,1.0000,0.439637,0.149515,292.52,333.08,0.9817,0.457060,0.693910
1786703390.797881,53.382763,1621,29.78,281.37,71.80,1.0000,0.439640,0.149581,292.50,333.08,0.9815,0.457032,0.693911
1786703390.839985,53.424867,1622,29.78,281.38,71.80,1.0000,0.439659,0.149584,292.52,333.08,0.9814,0.457068,0.693913
1786703390.863694,53.448576,1623,30.10,281.39,71.81,1.0000,0.439678,0.149614,292.51,332.99,0.9814,0.457043,0.693726
1786703390.901310,53.486192,1624,30.10,281.44,71.82,1.0000,0.439758,0.149617,292.50,333.01,0.9815,0.457029,0.693781
1786703390.934551,53.519432,1625,30.10,281.47,71.79,1.0000,0.439802,0.149560,292.48,332.98,0.9816,0.457005,0.693708
1786703390.966116,53.550997,1626,30.10,281.47,71.66,1.0000,0.439801,0.149289,292.50,332.91,0.9817,0.457037,0.693560
1786703391.004265,53.589147,1627,30.10,281.50,71.67,1.0000,0.439844,0.149309,292.54,333.00,0.9815,0.457092,0.693759
1786703391.032756,53.617637,1628,30.10,281.50,71.71,1.0000,0.439836,0.149388,292.53,333.00,0.9815,0.457080,0.693752
1786703391.066976,53.651857,1629,30.10,281.50,71.69,1.0000,0.439838,0.149358,292.53,332.95,0.9818,0.457086,0.693639
1786703391.113997,53.698878,1630,30.10,281.49,71.72,1.0000,0.439832,0.149420,292.55,333.10,0.9820,0.457117,0.693950
1786703391.140188,53.725069,1631,30.10,281.46,71.81,1.0000,0.439785,0.149603,292.56,333.08,0.9819,0.457120,0.693909
1786703391.166253,53.751135,1632,30.10,281.46,71.81,1.0000,0.439789,0.149613,292.56,333.07,0.9821,0.457121,0.693897
1786703391.200145,53.785026,1633,30.10,281.50,71.80,1.0000,0.439840,0.149575,292.56,333.00,0.9822,0.457122,0.693758
1786703391.240405,53.825286,1634,30.10,281.55,71.81,1.0000,0.439920,0.149597,292.56,333.14,0.9821,0.457127,0.694035
1786703391.274516,53.859397,1635,30.10,281.64,71.84,1.0000,0.440068,0.149676,292.54,333.14,0.9820,0.457097,0.694032
1786703391.287513,53.872394,1636,30.10,281.70,71.79,1.0000,0.440154,0.149553,292.56,332.87,0.9820,0.457121,0.693481
1786703391.324077,53.908959,1637,30.10,281.70,71.87,1.0000,0.440156,0.149732,292.57,332.89,0.9820,0.457137,0.693524
1786703391.358308,53.943189,1638,30.10,281.83,71.83,1.0000,0.440361,0.149635,292.58,332.91,0.9816,0.457150,0.693573
1786703391.389899,53.974780,1639,30.13,281.85,71.82,1.0000,0.440396,0.149634,292.58,332.96,0.9817,0.457153,0.693669
1786703391.429889,54.014770,1640,30.13,281.89,71.81,1.0000,0.440453,0.149594,292.59,332.69,0.9818,0.457175,0.693104
1786703391.465878,54.050759,1641,30.13,281.81,71.87,1.0000,0.440329,0.149725,292.58,332.83,0.9816,0.457162,0.693393
1786703391.482560,54.067442,1642,30.13,281.80,71.91,1.0000,0.440311,0.149806,292.55,332.91,0.9817,0.457108,0.693554
1786703391.566629,54.151511,1644,30.13,281.75,71.97,1.0000,0.440238,0.149943,292.52,332.84,0.9816,0.457068,0.693410
1786703391.599763,54.184644,1645,30.13,281.76,71.97,1.0000,0.440248,0.149944,292.53,332.93,0.9816,0.457074,0.693608
1786703391.631048,54.215929,1646,30.13,281.70,71.97,1.0000,0.440160,0.149942,292.48,332.93,0.9815,0.457004,0.693595
1786703391.668322,54.253203,1647,30.13,281.91,71.78,1.0000,0.440477,0.149540,292.49,333.08,0.9815,0.457023,0.693926
1786703391.707441,54.292323,1648,30.13,281.97,71.81,1.0000,0.440577,0.149605,292.48,333.13,0.9813,0.457004,0.694022
1786703391.736837,54.321718,1649,30.13,282.10,71.74,1.0000,0.440789,0.149460,292.48,333.16,0.9812,0.456992,0.694093
1786703391.768224,54.353105,1650,30.13,282.09,71.76,1.0000,0.440759,0.149494,292.52,333.17,0.9813,0.457064,0.694099
1786703391.791096,54.375977,1651,30.13,282.16,71.64,1.0000,0.440869,0.149254,292.56,333.19,0.9815,0.457118,0.694151
1786703391.831541,54.416422,1652,30.13,282.36,71.68,1.0000,0.441190,0.149330,292.55,333.09,0.9816,0.457102,0.693929
1786703391.849315,54.434196,1653,30.13,282.44,71.58,1.0000,0.441313,0.149119,292.54,333.09,0.9818,0.457095,0.693928
1786703391.897963,54.482844,1654,29.59,282.47,71.61,1.0000,0.441359,0.149195,292.53,333.14,0.9816,0.457077,0.694032
1786703391.933740,54.518621,1655,29.59,282.46,71.61,1.0000,0.441349,0.149198,292.48,333.13,0.9814,0.457006,0.694022
1786703391.965122,54.550003,1656,29.59,282.46,71.74,1.0000,0.441340,0.149466,292.42,333.22,0.9813,0.456902,0.694208
1786703392.004112,54.588993,1657,29.59,282.32,71.74,1.0000,0.441124,0.149466,292.40,333.23,0.9811,0.456881,0.694234
1786703392.030455,54.615337,1658,29.59,282.23,71.77,1.0000,0.440990,0.149524,292.42,333.24,0.9808,0.456908,0.694258
1786703392.062577,54.647459,1659,29.59,282.17,71.78,1.0000,0.440884,0.149542,292.42,333.18,0.9806,0.456908,0.694135
1786703392.113260,54.698141,1660,29.59,282.16,71.80,1.0000,0.440879,0.149586,292.39,333.21,0.9805,0.456859,0.694183
1786703392.125870,54.710751,1661,29.59,282.13,71.83,1.0000,0.440829,0.149643,292.41,333.20,0.9806,0.456888,0.694170
1786703392.160147,54.745028,1662,29.59,282.02,71.83,1.0000,0.440659,0.149648,292.43,333.17,0.9805,0.456928,0.694102
1786703392.203881,54.788762,1663,29.59,281.94,71.83,1.0000,0.440527,0.149653,292.37,333.17,0.9806,0.456828,0.694115
1786703392.231413,54.816295,1664,29.59,281.77,71.90,1.0000,0.440265,0.149785,292.37,333.16,0.9809,0.456829,0.694083
1786703392.269114,54.853995,1665,29.59,281.77,71.90,1.0000,0.440263,0.149791,292.40,333.11,0.9811,0.456880,0.693989
1786703392.308064,54.892945,1666,29.59,281.76,71.92,1.0000,0.440248,0.149835,292.35,333.15,0.9813,0.456791,0.694062
1786703392.327963,54.912844,1667,29.59,281.76,71.94,1.0000,0.440242,0.149866,292.44,332.85,0.9814,0.456944,0.693435
1786703392.374836,54.959717,1668,29.59,281.75,71.94,1.0000,0.440233,0.149866,292.46,333.00,0.9817,0.456973,0.693743
1786703392.391979,54.976860,1669,29.66,281.79,71.95,1.0000,0.440292,0.149899,292.47,333.00,0.9818,0.456979,0.693759
1786703392.433319,55.018200,1670,29.66,281.80,72.07,1.0000,0.440317,0.150142,292.46,332.85,0.9815,0.456965,0.693432
1786703392.483938,55.068820,1671,29.66,281.85,72.20,1.0000,0.440387,0.150420,292.54,332.87,0.9816,0.457094,0.693481
1786703392.500003,55.084884,1672,29.66,282.03,72.29,1.0000,0.440676,0.150606,292.53,332.90,0.9813,0.457085,0.693548
1786703392.534342,55.119224,1673,29.66,282.03,72.28,1.0000,0.440676,0.150591,292.55,332.99,0.9811,0.457109,0.693724
1786703392.571992,55.156874,1674,29.66,282.04,72.24,1.0000,0.440688,0.150508,292.57,332.99,0.9812,0.457138,0.693736
1786703392.623920,55.208801,1675,29.66,282.05,72.12,1.0000,0.440701,0.150251,292.45,333.00,0.9814,0.456959,0.693741
1786703392.631760,55.216642,1676,29.66,282.13,72.04,1.0000,0.440831,0.150093,292.46,333.01,0.9815,0.456967,0.693780
1786703392.660923,55.245805,1677,29.66,282.43,72.05,1.0000,0.441301,0.150097,292.49,333.04,0.9815,0.457010,0.693840
1786703392.705057,55.289938,1678,29.66,282.62,72.09,1.0000,0.441595,0.150196,292.48,333.21,0.9809,0.456993,0.694179
1786703392.720841,55.305723,1679,29.66,282.84,72.01,1.0000,0.441945,0.150031,292.51,333.22,0.9810,0.457040,0.694218
1786703392.766363,55.351244,1680,29.66,282.89,71.99,1.0000,0.442019,0.149977,292.52,333.22,0.9809,0.457069,0.694218
1786703392.801268,55.386149,1681,29.66,282.89,71.98,1.0000,0.442018,0.149965,292.53,333.24,0.9810,0.457076,0.694250
1786703392.849677,55.434558,1682,29.66,282.90,72.01,1.0000,0.442031,0.150012,292.56,333.24,0.9812,0.457128,0.694256
1786703392.881334,55.466215,1683,29.66,282.90,72.01,1.0000,0.442030,0.150012,292.56,333.23,0.9813,0.457132,0.694230
1786703392.897248,55.482129,1684,29.66,282.89,72.01,1.0000,0.442008,0.150029,292.60,333.27,0.9818,0.457195,0.694312
1786703392.929413,55.514294,1685,29.73,282.93,72.01,1.0000,0.442074,0.150030,292.64,333.13,0.9816,0.457246,0.694028
1786703392.968810,55.553691,1686,29.73,282.96,71.96,1.0000,0.442132,0.149918,292.66,333.14,0.9816,0.457279,0.694033
1786703393.025445,55.610327,1687,29.73,282.88,72.01,1.0000,0.441998,0.150018,292.65,333.15,0.9815,0.457267,0.694058
1786703393.040443,55.625324,1688,29.73,282.87,72.03,1.0000,0.441984,0.150056,292.64,333.14,0.9815,0.457249,0.694051
1786703393.082720,55.667601,1689,29.73,282.87,72.09,1.0000,0.441984,0.150183,292.63,333.13,0.9813,0.457240,0.694021
1786703393.106235,55.691116,1690,29.73,282.85,72.10,1.0000,0.441960,0.150214,292.56,333.13,0.9817,0.457126,0.694017
1786703393.119549,55.704431,1691,29.73,282.88,72.05,1.0000,0.442000,0.150113,292.56,333.04,0.9818,0.457119,0.693831
1786703393.169951,55.754833,1692,29.73,282.59,72.06,1.0000,0.441540,0.150120,292.48,333.04,0.9820,0.457006,0.693829
1786703393.205363,55.790244,1693,29.73,282.59,72.03,1.0000,0.441552,0.150057,292.47,333.08,0.9820,0.456992,0.693927
1786703393.223864,55.808745,1694,29.73,282.54,72.10,1.0000,0.441474,0.150205,292.50,332.96,0.9821,0.457030,0.693674
1786703393.257605,55.842486,1695,29.73,282.58,72.04,1.0000,0.441533,0.150087,292.51,333.05,0.9821,0.457047,0.693852
1786703393.292044,55.876925,1696,29.73,282.42,72.12,1.0000,0.441277,0.150257,292.45,333.03,0.9822,0.456951,0.693804
1786703393.328690,55.913572,1697,29.73,282.48,72.08,1.0000,0.441381,0.150167,292.46,333.08,0.9821,0.456976,0.693911
1786703393.360721,55.945603,1698,29.73,282.48,72.05,1.0000,0.441379,0.150100,292.47,333.17,0.9819,0.456985,0.694099
1786703393.395081,55.979962,1699,29.73,282.36,72.04,1.0000,0.441191,0.150094,292.43,333.14,0.9819,0.456919,0.694049
1786703393.430414,56.015295,1700,29.73,282.36,72.04,1.0000,0.441185,0.150093,292.44,332.85,0.9819,0.456945,0.693446
1786703393.461952,56.046833,1701,29.83,282.32,72.02,1.0000,0.441122,0.150037,292.43,332.82,0.9819,0.456915,0.693384
1786703393.499405,56.084286,1702,29.83,282.11,71.97,1.0000,0.440797,0.149942,292.37,332.93,0.9819,0.456832,0.693596
1786703393.531318,56.116200,1703,29.83,281.88,71.94,1.0000,0.440435,0.149884,292.43,333.01,0.9817,0.456924,0.693771
1786703393.565704,56.150586,1704,29.83,281.88,72.18,1.0000,0.440444,0.150365,292.42,333.02,0.9814,0.456913,0.693795
1786703393.580495,56.165376,1705,29.83,281.70,72.18,1.0000,0.440150,0.150373,292.41,333.02,0.9814,0.456888,0.693789
1786703393.629377,56.214259,1706,29.83,281.53,72.08,1.0000,0.439891,0.150170,292.41,333.05,0.9813,0.456888,0.693847
1786703393.675219,56.260100,1707,29.83,281.34,72.07,1.0000,0.439592,0.150152,292.36,333.07,0.9812,0.456812,0.693888
1786703393.694460,56.279342,1708,29.83,281.30,72.08,1.0000,0.439535,0.150157,292.39,332.95,0.9815,0.456864,0.693654
1786703393.730037,56.314918,1709,29.83,281.44,72.09,1.0000,0.439748,0.150186,292.39,333.03,0.9817,0.456859,0.693806
1786703393.770017,56.354899,1710,29.83,281.45,72.34,1.0000,0.439766,0.150716,292.45,333.02,0.9817,0.456946,0.693800
1786703393.790286,56.375168,1711,29.83,281.56,72.32,1.0000,0.439937,0.150666,292.51,333.11,0.9816,0.457050,0.693980
1786703393.836283,56.421165,1712,29.83,281.54,72.42,1.0000,0.439907,0.150876,292.50,333.11,0.9815,0.457025,0.693984
1786703393.869978,56.454859,1713,29.83,281.54,72.42,1.0000,0.439903,0.150874,292.49,333.17,0.9814,0.457011,0.694099
1786703393.909779,56.494661,1714,29.83,281.54,72.36,1.0000,0.439905,0.150743,292.49,333.18,0.9815,0.457010,0.694131
1786703393.933635,56.518516,1715,29.83,281.35,72.32,1.0000,0.439617,0.150661,292.53,333.10,0.9812,0.457077,0.693954
1786703393.968240,56.553122,1716,29.85,281.25,72.32,1.0000,0.439450,0.150657,292.55,333.11,0.9810,0.457108,0.693986
1786703394.010093,56.594975,1717,29.85,281.22,72.21,1.0000,0.439404,0.150446,292.55,333.13,0.9810,0.457102,0.694026
1786703394.039220,56.624101,1718,29.85,281.10,72.21,1.0000,0.439223,0.150443,292.58,332.95,0.9809,0.457154,0.693640
1786703394.071692,56.656573,1719,29.85,281.30,72.19,1.0000,0.439532,0.150390,292.60,333.10,0.9808,0.457182,0.693958
1786703394.136511,56.721393,1720,29.85,281.39,72.26,1.0000,0.439668,0.150543,292.63,333.09,0.9812,0.457228,0.693937
1786703394.151620,56.736501,1721,29.85,281.48,72.26,1.0000,0.439813,0.150537,292.64,332.60,0.9815,0.457245,0.692921
1786703394.167376,56.752258,1722,29.85,281.51,72.23,1.0000,0.439861,0.150473,292.61,332.67,0.9814,0.457202,0.693065
1786703394.193724,56.778606,1723,29.85,281.49,72.28,1.0000,0.439825,0.150583,292.62,332.62,0.9815,0.457220,0.692968
1786703394.228742,56.813624,1724,29.85,281.50,72.28,1.0000,0.439837,0.150583,292.62,332.62,0.9818,0.457224,0.692948
1786703394.263443,56.848325,1725,29.85,281.60,72.27,1.0000,0.440005,0.150557,292.62,332.60,0.9817,0.457222,0.692906
1786703394.311019,56.895900,1726,29.85,281.54,72.42,1.0000,0.439911,0.150876,292.62,332.61,0.9819,0.457222,0.692934
1786703394.342015,56.926896,1727,29.85,281.52,72.42,1.0000,0.439880,0.150871,292.63,332.61,0.9818,0.457229,0.692945
1786703394.390930,56.975812,1728,29.85,281.61,72.54,1.0000,0.440012,0.151133,292.51,332.88,0.9817,0.457048,0.693501
1786703394.421918,57.006799,1729,29.85,281.48,72.55,1.0000,0.439811,0.151152,292.57,332.77,0.9820,0.457133,0.693276
1786703394.424011,57.008892,1730,29.85,281.34,72.55,1.0000,0.439596,0.151151,292.53,332.81,0.9819,0.457081,0.693345
1786703394.461229,57.046110,1731,29.84,281.35,72.58,1.0000,0.439614,0.151201,292.53,332.82,0.9820,0.457084,0.693379
1786703394.515283,57.100165,1732,29.84,281.43,72.41,1.0000,0.439731,0.150847,292.50,332.83,0.9820,0.457028,0.693386
1786703394.544345,57.129226,1733,29.84,281.43,72.38,1.0000,0.439737,0.150799,292.52,332.93,0.9820,0.457055,0.693602
1786703394.575555,57.160436,1734,29.84,281.48,72.39,1.0000,0.439808,0.150807,292.49,332.82,0.9823,0.457022,0.693367
1786703394.599452,57.184334,1735,29.84,281.49,72.44,1.0000,0.439835,0.150912,292.48,332.87,0.9823,0.456997,0.693488
1786703394.639706,57.224587,1736,29.84,281.51,72.54,1.0000,0.439854,0.151134,292.44,332.92,0.9822,0.456945,0.693581
1786703394.668823,57.253704,1737,29.84,281.51,72.54,1.0000,0.439853,0.151125,292.48,332.92,0.9823,0.457005,0.693578
1786703394.700405,57.285286,1738,29.84,281.56,72.55,1.0000,0.439937,0.151139,292.40,333.11,0.9823,0.456880,0.693969
1786703394.735661,57.320543,1739,29.84,281.61,72.61,1.0000,0.440020,0.151267,292.35,333.10,0.9823,0.456790,0.693965
1786703394.761846,57.346727,1740,29.84,281.64,72.58,1.0000,0.440064,0.151205,292.36,333.20,0.9819,0.456815,0.694174
1786703394.812336,57.397217,1741,29.84,281.52,72.45,1.0000,0.439882,0.150931,292.42,333.27,0.9817,0.456905,0.694307
1786703394.819996,57.404877,1742,29.84,281.52,72.40,1.0000,0.439873,0.150839,292.46,333.23,0.9816,0.456961,0.694223
1786703394.865425,57.450306,1743,29.84,281.53,72.44,1.0000,0.439892,0.150911,292.49,333.20,0.9816,0.457022,0.694177
1786703394.903224,57.488106,1744,29.84,281.52,72.44,1.0000,0.439868,0.150926,292.52,333.04,0.9818,0.457069,0.693843
1786703394.932204,57.517085,1745,29.84,281.52,72.44,1.0000,0.439869,0.150924,292.53,333.05,0.9815,0.457071,0.693847
1786703394.963715,57.548597,1746,29.84,281.58,72.43,1.0000,0.439971,0.150902,292.46,333.04,0.9816,0.456966,0.693842
1786703395.001291,57.586173,1747,29.91,281.59,72.47,1.0000,0.439985,0.150978,292.48,333.07,0.9816,0.457001,0.693904
1786703395.052091,57.636972,1748,29.91,281.93,72.61,1.0000,0.440514,0.151279,292.58,333.01,0.9819,0.457156,0.693766
1786703395.061982,57.646863,1749,29.91,281.93,72.61,1.0000,0.440514,0.151261,292.61,333.09,0.9818,0.457209,0.693944
1786703395.094107,57.678988,1750,29.91,281.93,72.61,1.0000,0.440521,0.151270,292.61,332.86,0.9820,0.457207,0.693449
1786703395.136277,57.721159,1751,29.91,281.93,72.58,1.0000,0.440511,0.151202,292.61,332.99,0.9818,0.457202,0.693721
1786703395.166059,57.750941,1752,29.91,281.93,72.63,1.0000,0.440510,0.151311,292.58,332.96,0.9820,0.457150,0.693668
1786703395.220178,57.805059,1753,29.91,281.97,72.59,1.0000,0.440579,0.151225,292.45,333.06,0.9818,0.456946,0.693877
1786703395.235354,57.820235,1754,29.91,282.10,72.60,1.0000,0.440782,0.151247,292.55,332.87,0.9820,0.457108,0.693487
1786703395.251030,57.835912,1755,29.91,282.11,72.54,1.0000,0.440796,0.151120,292.58,332.88,0.9821,0.457151,0.693490
1786703395.290809,57.875690,1756,29.91,282.07,72.57,1.0000,0.440737,0.151189,292.68,332.51,0.9821,0.457312,0.692726
1786703395.333363,57.918245,1757,29.91,282.07,72.54,1.0000,0.440740,0.151131,292.63,332.65,0.9820,0.457232,0.693031
1786703395.379227,57.964108,1758,29.91,282.15,72.49,1.0000,0.440858,0.151014,292.64,332.29,0.9819,0.457254,0.692275
1786703395.413441,57.998322,1759,29.91,282.17,72.46,1.0000,0.440883,0.150951,292.64,332.60,0.9817,0.457255,0.692916
1786703395.426031,58.010912,1760,29.91,282.22,72.41,1.0000,0.440961,0.150852,292.63,332.70,0.9816,0.457229,0.693117
1786703395.466525,58.051406,1761,29.91,282.23,72.41,1.0000,0.440983,0.150854,292.59,332.67,0.9816,0.457167,0.693056
1786703395.498312,58.083193,1762,29.92,282.24,72.38,1.0000,0.441002,0.150794,292.62,332.76,0.9816,0.457215,0.693248
1786703395.514474,58.099355,1763,29.92,282.32,72.42,1.0000,0.441120,0.150872,292.58,332.78,0.9818,0.457161,0.693290
1786703395.560087,58.144968,1764,29.92,282.43,72.30,1.0000,0.441291,0.150634,292.62,332.89,0.9819,0.457218,0.693518
1786703395.598026,58.182907,1765,29.92,282.40,72.40,1.0000,0.441249,0.150823,292.64,332.89,0.9820,0.457243,0.693517
1786703395.613053,58.197934,1766,29.92,282.43,72.27,1.0000,0.441290,0.150559,292.67,332.91,0.9819,0.457295,0.693565
1786703395.672587,58.257468,1767,29.92,282.33,72.24,1.0000,0.441133,0.150495,292.65,332.89,0.9820,0.457271,0.693513
1786703395.706962,58.291843,1768,29.92,282.19,72.23,1.0000,0.440924,0.150489,292.60,332.92,0.9817,0.457181,0.693591
1786703395.765152,58.350033,1769,29.92,282.17,72.38,1.0000,0.440897,0.150797,292.60,332.93,0.9814,0.457191,0.693601
1786703395.769730,58.354611,1770,29.92,282.19,72.38,1.0000,0.440921,0.150792,292.60,333.01,0.9812,0.457191,0.693778
1786703395.803903,58.388784,1771,29.92,282.19,72.38,1.0000,0.440921,0.150790,292.59,333.01,0.9814,0.457176,0.693767
1786703395.833117,58.417998,1772,29.92,282.24,72.34,1.0000,0.440994,0.150708,292.62,333.07,0.9811,0.457218,0.693904
1786703395.849117,58.433998,1773,29.92,282.31,72.29,1.0000,0.441106,0.150595,292.60,333.05,0.9811,0.457189,0.693858
1786703395.905430,58.490312,1774,29.92,282.20,72.31,1.0000,0.440944,0.150638,292.60,333.13,0.9812,0.457183,0.694013
1786703395.934016,58.518898,1775,29.92,282.38,72.31,1.0000,0.441212,0.150636,292.61,333.13,0.9811,0.457207,0.694014
1786703395.965819,58.550700,1776,29.92,282.40,72.26,1.0000,0.441257,0.150532,292.60,333.11,0.9810,0.457193,0.693984
1786703395.997475,58.582356,1777,29.92,282.34,72.26,1.0000,0.441158,0.150532,292.60,333.12,0.9810,0.457186,0.693993
1786703396.031152,58.616034,1778,30.00,282.36,72.15,1.0000,0.441187,0.150321,292.63,333.13,0.9813,0.457231,0.694014
1786703396.068191,58.653073,1779,30.00,282.36,72.13,1.0000,0.441194,0.150261,292.63,333.13,0.9812,0.457233,0.694017
1786703396.097418,58.682299,1780,30.00,282.44,72.10,1.0000,0.441309,0.150202,292.61,333.12,0.9813,0.457196,0.693998
1786703396.134354,58.719236,1781,30.00,282.40,72.16,1.0000,0.441244,0.150343,292.54,333.09,0.9813,0.457100,0.693942
1786703396.166077,58.750959,1782,30.00,282.45,72.14,1.0000,0.441329,0.150288,292.57,333.07,0.9811,0.457137,0.693905
1786703396.214272,58.799154,1783,30.00,282.45,72.13,1.0000,0.441321,0.150266,292.59,333.17,0.9814,0.457178,0.694107
1786703396.230371,58.815252,1784,30.00,282.47,72.09,1.0000,0.441365,0.150191,292.60,333.19,0.9817,0.457187,0.694146
1786703396.277966,58.862848,1785,30.00,282.71,72.09,1.0000,0.441742,0.150187,292.63,333.20,0.9819,0.457235,0.694164
1786703396.313116,58.897997,1786,30.00,282.70,72.07,1.0000,0.441722,0.150139,292.63,333.19,0.9820,0.457236,0.694150
1786703396.341786,58.926667,1787,30.00,282.75,72.02,1.0000,0.441792,0.150038,292.65,333.19,0.9822,0.457267,0.694156
1786703396.357638,58.942519,1788,30.00,282.73,72.01,1.0000,0.441770,0.150013,292.63,333.20,0.9819,0.457240,0.694169
1786703396.394297,58.979178,1789,30.00,282.86,71.93,1.0000,0.441966,0.149848,292.69,333.11,0.9819,0.457327,0.693979
1786703396.436586,59.021468,1790,30.00,282.85,71.94,1.0000,0.441959,0.149874,292.69,333.11,0.9813,0.457330,0.693988
1786703396.456349,59.041230,1791,30.00,282.91,71.89,1.0000,0.442047,0.149769,292.75,333.15,0.9813,0.457417,0.694052
1786703396.500180,59.085062,1792,30.00,282.64,72.01,1.0000,0.441620,0.150015,292.77,333.08,0.9813,0.457447,0.693921
1786703396.547783,59.132664,1793,29.83,282.65,72.00,1.0000,0.441638,0.150004,292.74,333.09,0.9814,0.457403,0.693947
1786703396.563475,59.148356,1794,29.83,282.62,72.00,1.0000,0.441594,0.149990,292.74,333.09,0.9814,0.457404,0.693937
1786703396.608970,59.193852,1795,29.83,282.63,71.96,0.9999,0.441606,0.149918,292.73,333.06,0.9817,0.457391,0.693881
1786703396.635446,59.220328,1796,29.83,282.40,71.96,0.9999,0.441255,0.149915,292.73,333.05,0.9813,0.457391,0.693860
1786703396.721232,59.306113,1798,29.83,282.69,71.82,0.9999,0.441696,0.149620,292.63,333.10,0.9814,0.457238,0.693951
1786703396.733955,59.318836,1799,29.83,282.71,71.82,0.9999,0.441728,0.149617,292.63,333.06,0.9814,0.457231,0.693883
1786703396.763408,59.348289,1800,29.83,282.76,71.70,1.0000,0.441814,0.149369,292.71,333.09,0.9816,0.457355,0.693941
1786703396.800717,59.385598,1801,29.83,282.76,71.75,0.9999,0.441816,0.149483,292.67,333.10,0.9812,0.457293,0.693953
1786703396.838176,59.423058,1802,29.83,282.77,71.74,0.9999,0.441824,0.149452,292.64,333.10,0.9807,0.457246,0.693951
1786703396.851665,59.436547,1803,29.83,282.82,71.73,0.9999,0.441903,0.149440,292.65,333.10,0.9808,0.457273,0.693950
1786703396.907951,59.492833,1804,29.83,282.97,71.71,0.9999,0.442141,0.149404,292.74,333.26,0.9809,0.457411,0.694284
1786703396.915540,59.500421,1805,29.83,282.90,71.73,0.9999,0.442033,0.149435,292.74,333.31,0.9809,0.457411,0.694399
1786703396.963703,59.548584,1806,29.83,282.87,71.76,0.9999,0.441981,0.149492,292.78,333.26,0.9809,0.457467,0.694293
1786703397.000694,59.585575,1807,29.83,282.88,71.76,0.9999,0.442008,0.149490,292.71,333.24,0.9808,0.457354,0.694260
1786703397.035442,59.620324,1808,29.83,282.89,71.80,0.9999,0.442010,0.149581,292.72,333.21,0.9807,0.457376,0.694185
1786703397.067991,59.652872,1809,29.59,282.89,71.78,0.9999,0.442020,0.149550,292.72,333.23,0.9809,0.457383,0.694220
1786703397.113621,59.698502,1810,29.59,282.81,71.82,1.0000,0.441898,0.149623,292.71,333.25,0.9806,0.457362,0.694263
1786703397.128248,59.713130,1811,29.59,282.78,71.82,1.0000,0.441851,0.149624,292.70,333.23,0.9805,0.457341,0.694238
1786703397.164087,59.748968,1812,29.59,282.69,71.87,1.0000,0.441705,0.149729,292.70,333.23,0.9805,0.457343,0.694238
1786703397.224499,59.809380,1813,29.59,282.64,71.88,1.0000,0.441631,0.149752,292.71,333.24,0.9804,0.457366,0.694249
1786703397.238983,59.823864,1814,29.59,282.49,71.90,1.0000,0.441393,0.149787,292.72,333.24,0.9806,0.457376,0.694260
1786703397.263134,59.848016,1815,29.59,282.54,71.89,1.0000,0.441472,0.149765,292.72,333.24,0.9809,0.457368,0.694245
1786703397.298770,59.883651,1816,29.59,282.54,71.90,1.0000,0.441471,0.149795,292.70,333.23,0.9809,0.457340,0.694231
1786703397.330099,59.914980,1817,29.59,282.55,71.90,1.0000,0.441486,0.149799,292.73,333.23,0.9812,0.457389,0.694239
1786703397.369610,59.954491,1818,29.59,282.67,71.94,1.0000,0.441669,0.149875,292.73,333.20,0.9813,0.457383,0.694173
1786703397.401416,59.986298,1819,29.59,282.68,71.90,1.0000,0.441682,0.149786,292.78,333.17,0.9817,0.457466,0.694100
1786703397.435546,60.020427,1820,29.59,282.79,71.87,1.0000,0.441860,0.149722,292.73,333.09,0.9817,0.457390,0.693931
1786703397.462572,60.047453,1821,29.59,282.77,71.85,1.0000,0.441827,0.149695,292.75,333.07,0.9819,0.457416,0.693887
1786703397.497262,60.082143,1822,29.59,282.80,71.86,1.0000,0.441874,0.149718,292.77,333.06,0.9819,0.457455,0.693872
1786703397.527682,60.112564,1823,29.59,282.66,71.83,1.0000,0.441655,0.149655,292.79,333.04,0.9818,0.457486,0.693839
1786703397.556952,60.141833,1824,29.59,282.75,71.80,1.0000,0.441800,0.149591,292.77,333.00,0.9817,0.457459,0.693758
1786703397.607030,60.191911,1825,29.63,282.82,71.80,1.0000,0.441901,0.149586,292.82,332.95,0.9818,0.457532,0.693651
1786703397.641344,60.226225,1826,29.63,282.92,71.82,1.0000,0.442057,0.149627,292.82,332.92,0.9820,0.457537,0.693576
1786703397.673329,60.258210,1827,29.63,282.87,71.73,1.0000,0.441991,0.149437,292.83,332.95,0.9818,0.457544,0.693653
1786703397.688856,60.273738,1828,29.63,282.92,71.72,1.0000,0.442070,0.149410,292.82,333.07,0.9817,0.457526,0.693894
1786703397.731382,60.316264,1829,29.63,282.90,71.71,1.0000,0.442031,0.149400,292.82,333.00,0.9817,0.457534,0.693751
1786703397.760789,60.345671,1830,29.63,282.95,71.71,1.0000,0.442105,0.149401,292.82,333.05,0.9815,0.457526,0.693864
1786703397.824852,60.409733,1831,29.63,283.01,71.74,1.0000,0.442207,0.149457,292.75,332.91,0.9817,0.457424,0.693564
1786703397.847487,60.432368,1832,29.63,283.01,71.69,1.0000,0.442203,0.149347,292.83,332.93,0.9817,0.457540,0.693595
1786703397.894524,60.479405,1833,29.63,283.30,71.70,1.0000,0.442649,0.149377,292.87,332.99,0.9815,0.457615,0.693731
1786703397.926740,60.511621,1834,29.63,283.28,71.69,1.0000,0.442628,0.149350,292.68,332.94,0.9816,0.457308,0.693635
1786703397.942027,60.526908,1835,29.63,283.27,71.69,1.0000,0.442616,0.149359,292.69,332.95,0.9815,0.457322,0.693642
1786703397.976613,60.561495,1836,29.63,283.52,71.69,1.0000,0.442996,0.149356,292.67,332.92,0.9809,0.457302,0.693577
1786703398.005407,60.590288,1837,29.63,283.61,71.69,1.0000,0.443143,0.149356,292.79,332.92,0.9813,0.457481,0.693578
1786703398.037719,60.622600,1838,29.63,283.62,71.69,1.0000,0.443151,0.149350,292.84,332.90,0.9810,0.457556,0.693540
1786703398.071952,60.656833,1839,29.63,283.66,71.70,1.0000,0.443222,0.149371,292.67,332.89,0.9807,0.457298,0.693521
1786703398.095312,60.680194,1840,29.63,283.67,71.71,1.0000,0.443229,0.149389,292.72,332.94,0.9808,0.457378,0.693618
1786703398.134853,60.719734,1841,29.71,283.67,71.74,1.0000,0.443228,0.149452,292.71,332.91,0.9808,0.457365,0.693553
1786703398.154552,60.739433,1842,29.71,283.63,71.74,1.0000,0.443175,0.149458,292.71,332.97,0.9808,0.457364,0.693683
1786703398.211496,60.796377,1843,29.71,283.81,71.78,1.0000,0.443458,0.149545,292.78,332.99,0.9808,0.457470,0.693733
1786703398.227297,60.812178,1844,29.71,283.77,71.79,1.0000,0.443389,0.149566,292.83,333.07,0.9809,0.457541,0.693889
1786703398.261522,60.846404,1845,29.71,283.57,71.79,1.0000,0.443082,0.149561,292.82,333.06,0.9809,0.457537,0.693869
1786703398.307266,60.892148,1846,29.71,283.57,71.78,1.0000,0.443071,0.149540,292.85,333.17,0.9810,0.457578,0.694110
1786703398.339276,60.924157,1847,29.71,283.57,71.63,1.0000,0.443071,0.149238,292.82,333.11,0.9811,0.457536,0.693977
1786703398.364696,60.949578,1848,29.71,283.58,71.63,1.0000,0.443094,0.149230,292.75,333.12,0.9810,0.457419,0.694000
1786703398.405484,60.990366,1849,29.71,283.57,71.66,1.0000,0.443079,0.149291,292.75,333.16,0.9806,0.457416,0.694082
1786703398.434862,61.019743,1850,29.71,283.59,71.62,1.0000,0.443113,0.149204,292.75,333.15,0.9807,0.457428,0.694054
1786703398.450136,61.035018,1851,29.71,283.59,71.62,1.0000,0.443114,0.149200,292.77,333.27,0.9807,0.457449,0.694308
1786703398.502884,61.087765,1852,29.71,283.56,71.65,1.0000,0.443056,0.149269,292.75,333.19,0.9806,0.457421,0.694140
1786703398.516214,61.101095,1853,29.71,283.55,71.65,1.0000,0.443053,0.149262,292.78,333.25,0.9809,0.457463,0.694277
1786703398.560719,61.145600,1854,29.71,283.55,71.63,1.0000,0.443053,0.149232,292.71,333.25,0.9808,0.457365,0.694273
1786703398.597684,61.182565,1855,29.71,283.54,71.66,1.0000,0.443024,0.149288,292.76,333.49,0.9807,0.457437,0.694779
1786703398.635803,61.220685,1856,29.71,283.53,71.66,1.0000,0.443022,0.149295,292.72,333.37,0.9806,0.457383,0.694517
1786703398.664380,61.249261,1857,29.87,283.61,71.65,1.0000,0.443134,0.149272,292.73,333.34,0.9807,0.457394,0.694457
1786703398.724900,61.309782,1858,29.87,283.61,71.64,1.0000,0.443147,0.149256,292.71,333.25,0.9807,0.457353,0.694267
1786703398.739727,61.324608,1859,29.87,283.61,71.64,1.0000,0.443147,0.149257,292.69,333.00,0.9808,0.457327,0.693759
1786703398.773063,61.357944,1860,29.87,283.68,71.61,1.0000,0.443257,0.149181,292.68,333.02,0.9807,0.457310,0.693801
1786703398.802121,61.387003,1861,29.87,283.78,71.58,1.0000,0.443400,0.149124,292.65,333.03,0.9807,0.457270,0.693806
1786703398.833802,61.418684,1862,29.87,283.94,71.56,1.0000,0.443662,0.149088,292.64,333.09,0.9802,0.457255,0.693942
1786703398.873732,61.458613,1863,29.87,283.95,71.55,1.0000,0.443673,0.149065,292.64,333.05,0.9803,0.457249,0.693863
1786703398.910805,61.495686,1864,29.87,283.94,71.53,1.0000,0.443659,0.149012,292.65,333.09,0.9800,0.457268,0.693945
1786703398.935515,61.520397,1865,29.87,283.97,71.51,1.0000,0.443706,0.148981,292.66,333.07,0.9799,0.457283,0.693897
1786703398.965921,61.550802,1866,29.87,283.97,71.47,1.0000,0.443707,0.148897,292.69,333.16,0.9797,0.457323,0.694088
1786703398.999504,61.584385,1867,29.87,284.03,71.48,1.0000,0.443799,0.148909,292.88,332.83,0.9799,0.457624,0.693393
1786703399.037971,61.622852,1868,29.87,284.02,71.48,1.0000,0.443782,0.148906,292.87,333.06,0.9800,0.457611,0.693879
1786703399.062910,61.647791,1869,29.87,284.03,71.47,1.0000,0.443803,0.148906,292.90,333.08,0.9800,0.457655,0.693919
1786703399.102293,61.687175,1870,29.87,284.00,71.50,1.0000,0.443747,0.148968,292.90,332.97,0.9801,0.457654,0.693688
1786703399.134318,61.719199,1871,29.87,284.00,71.52,1.0000,0.443752,0.148997,292.96,332.94,0.9804,0.457745,0.693627
1786703399.197155,61.782037,1872,29.44,284.05,71.53,1.0000,0.443832,0.149027,292.97,332.92,0.9807,0.457758,0.693581
1786703399.208763,61.793644,1873,29.44,284.06,71.53,1.0000,0.443845,0.149027,292.97,332.94,0.9809,0.457769,0.693619
1786703399.252959,61.837840,1874,29.44,284.06,71.58,1.0000,0.443844,0.149122,292.98,332.99,0.9810,0.457789,0.693733
1786703399.269036,61.853917,1875,29.44,284.05,71.62,1.0000,0.443822,0.149208,292.81,333.01,0.9809,0.457521,0.693776
1786703399.293261,61.878142,1876,29.44,284.06,71.63,1.0000,0.443846,0.149225,292.81,333.00,0.9808,0.457518,0.693743
1786703399.331043,61.915925,1877,29.44,284.07,71.59,1.0000,0.443852,0.149147,292.77,332.86,0.9808,0.457461,0.693449
1786703399.361766,61.946647,1878,29.44,284.20,71.77,1.0000,0.444066,0.149518,292.84,333.09,0.9808,0.457561,0.693931
1786703399.393387,61.978268,1879,29.44,284.26,71.77,1.0000,0.444158,0.149521,292.67,332.93,0.9811,0.457298,0.693602
1786703399.452100,62.036981,1880,29.44,284.26,72.09,1.0000,0.444162,0.150188,292.63,333.03,0.9809,0.457231,0.693806
1786703399.469280,62.054161,1881,29.44,284.26,72.07,1.0000,0.444156,0.150146,292.60,333.14,0.9804,0.457185,0.694046
1786703399.482728,62.067610,1882,29.44,284.26,72.10,1.0000,0.444157,0.150212,292.59,332.60,0.9808,0.457178,0.692912
1786703399.531226,62.116108,1883,29.44,284.21,72.11,0.9999,0.444083,0.150223,292.66,332.60,0.9809,0.457279,0.692909
1786703399.578848,62.163729,1884,29.44,284.32,72.27,0.9999,0.444254,0.150559,292.63,332.21,0.9810,0.457239,0.692099
1786703399.594692,62.179574,1885,29.44,284.36,72.25,0.9999,0.444320,0.150524,292.74,332.27,0.9812,0.457399,0.692219
1786703399.629592,62.214473,1886,29.44,284.40,72.30,0.9999,0.444373,0.150634,292.75,332.06,0.9815,0.457423,0.691792
1786703399.674726,62.259608,1887,29.44,284.68,72.27,0.9999,0.444808,0.150566,292.77,332.02,0.9817,0.457453,0.691699
1786703399.711596,62.296477,1888,29.83,284.82,72.27,0.9999,0.445034,0.150569,292.68,331.74,0.9819,0.457315,0.691135
1786703399.734304,62.319186,1889,29.83,284.88,72.25,0.9999,0.445118,0.150513,292.69,331.75,0.9819,0.457327,0.691137
1786703399.770301,62.355182,1890,29.83,284.97,72.23,0.9999,0.445264,0.150477,292.69,331.80,0.9819,0.457330,0.691244
1786703399.818394,62.403275,1891,29.83,285.05,72.28,0.9999,0.445396,0.150573,292.68,331.84,0.9820,0.457308,0.691336
1786703399.833782,62.418663,1892,29.83,285.13,72.28,0.9999,0.445519,0.150577,292.68,331.89,0.9818,0.457315,0.691432
1786703399.882020,62.466901,1893,29.83,285.23,72.27,0.9999,0.445673,0.150572,292.68,331.97,0.9818,0.457308,0.691602
1786703399.929911,62.514792,1894,29.83,285.30,72.33,0.9999,0.445782,0.150686,292.69,331.92,0.9819,0.457321,0.691494
1786703399.932600,62.517481,1895,29.83,285.33,72.34,0.9999,0.445833,0.150718,292.74,332.15,0.9820,0.457410,0.691974
1786703399.970131,62.555012,1896,29.83,285.34,72.34,0.9999,0.445837,0.150707,292.76,332.16,0.9817,0.457441,0.691994
1786703400.001176,62.586057,1897,29.83,285.34,72.35,0.9999,0.445840,0.150724,292.76,332.15,0.9817,0.457438,0.691990
1786703400.030376,62.615258,1898,29.83,285.34,72.32,0.9999,0.445850,0.150674,292.76,332.52,0.9817,0.457440,0.692755
1786703400.072930,62.657811,1899,29.83,285.35,72.34,0.9999,0.445855,0.150713,292.76,332.74,0.9817,0.457441,0.693201
1786703400.091988,62.676869,1900,29.83,285.35,72.33,0.9999,0.445867,0.150697,292.78,332.77,0.9817,0.457466,0.693279
1786703400.152259,62.737141,1901,29.83,285.36,72.42,0.9999,0.445874,0.150870,292.81,332.74,0.9817,0.457517,0.693204
1786703400.184653,62.769534,1902,29.83,285.35,72.34,0.9999,0.445864,0.150716,292.81,332.75,0.9818,0.457519,0.693226
1786703400.199801,62.784682,1903,29.84,285.35,72.36,1.0000,0.445858,0.150743,292.85,332.78,0.9820,0.457574,0.693296
1786703400.247404,62.832285,1904,29.84,285.34,72.35,1.0000,0.445849,0.150739,292.85,332.79,0.9818,0.457581,0.693307
1786703400.279159,62.864041,1905,29.84,285.34,72.41,1.0000,0.445846,0.150860,292.90,332.69,0.9819,0.457654,0.693113
1786703400.294620,62.879501,1906,29.84,285.32,72.46,1.0000,0.445818,0.150964,292.90,332.76,0.9818,0.457661,0.693243
1786703400.343107,62.927988,1907,29.84,285.35,72.38,1.0000,0.445866,0.150799,292.92,332.87,0.9813,0.457688,0.693482
1786703400.374736,62.959617,1908,29.84,285.30,72.49,1.0000,0.445786,0.151021,292.97,332.96,0.9815,0.457758,0.693659
1786703400.422361,63.007243,1909,29.84,285.29,72.44,1.0000,0.445771,0.150922,292.98,333.01,0.9812,0.457785,0.693768
1786703400.438011,63.022892,1910,29.84,285.26,72.50,1.0000,0.445717,0.151034,293.03,333.02,0.9812,0.457866,0.693796
1786703400.470494,63.055375,1911,29.84,285.26,72.37,1.0000,0.445711,0.150777,293.04,333.03,0.9812,0.457869,0.693807
1786703400.527508,63.112390,1912,29.84,285.21,72.48,1.0000,0.445639,0.151001,293.07,333.11,0.9811,0.457924,0.693983
1786703400.530147,63.115028,1913,29.84,285.20,72.43,1.0000,0.445624,0.150887,293.09,333.11,0.9810,0.457949,0.693982
1786703400.567352,63.152233,1914,29.84,285.14,72.39,0.9999,0.445534,0.150812,293.07,333.05,0.9808,0.457930,0.693859
1786703400.595846,63.180727,1915,29.84,285.12,72.29,0.9999,0.445493,0.150608,293.03,333.02,0.9808,0.457866,0.693792
1786703400.643069,63.227950,1916,29.84,285.11,72.29,0.9999,0.445478,0.150615,292.84,332.58,0.9809,0.457555,0.692884
1786703400.675448,63.260330,1917,29.84,285.03,72.36,0.9999,0.445367,0.150759,292.85,332.57,0.9810,0.457576,0.692864
1786703400.690905,63.275786,1918,29.84,285.01,72.31,0.9999,0.445336,0.150644,292.88,332.58,0.9812,0.457629,0.692871
1786703400.738859,63.323740,1919,29.98,285.01,72.25,0.9999,0.445326,0.150527,292.89,332.53,0.9812,0.457641,0.692775
1786703400.786791,63.371673,1920,29.98,285.21,71.87,0.9999,0.445639,0.149719,292.84,332.41,0.9815,0.457570,0.692529
1786703400.806469,63.391351,1921,29.98,285.22,71.76,0.9999,0.445662,0.149497,292.84,332.49,0.9817,0.457563,0.692684
1786703400.834216,63.419097,1922,29.98,285.09,71.78,0.9999,0.445459,0.149547,292.81,332.53,0.9817,0.457515,0.692760
1786703400.870949,63.455830,1923,29.98,285.09,71.68,0.9999,0.445459,0.149340,292.73,332.27,0.9819,0.457384,0.692220
1786703400.897974,63.482855,1924,29.98,285.04,71.67,0.9999,0.445376,0.149309,292.69,332.29,0.9820,0.457320,0.692269
1786703400.929317,63.514198,1925,29.98,284.85,71.68,0.9999,0.445080,0.149333,292.71,332.31,0.9821,0.457359,0.692315
1786703400.978270,63.563152,1926,29.98,284.82,71.70,0.9999,0.445035,0.149374,292.53,332.26,0.9821,0.457078,0.692209
1786703401.009106,63.593987,1927,29.98,284.48,71.70,0.9999,0.444508,0.149375,292.55,332.48,0.9819,0.457110,0.692662
1786703401.041207,63.626088,1928,29.98,284.19,71.71,0.9999,0.444044,0.149403,292.65,332.49,0.9818,0.457260,0.692686
1786703401.056998,63.641880,1929,29.98,284.12,71.63,0.9999,0.443930,0.149229,292.74,332.39,0.9817,0.457413,0.692482
1786703401.099510,63.684391,1930,29.98,284.12,71.63,0.9999,0.443934,0.149230,292.74,332.39,0.9821,0.457412,0.692475
1786703401.135939,63.720820,1931,29.98,284.09,71.72,0.9999,0.443883,0.149419,292.79,332.43,0.9818,0.457485,0.692563
1786703401.152051,63.736933,1932,29.98,284.08,71.78,0.9999,0.443869,0.149541,292.78,332.27,0.9819,0.457472,0.692226
1786703401.197644,63.782525,1933,29.98,284.08,71.86,0.9999,0.443879,0.149700,292.82,332.46,0.9815,0.457527,0.692618
1786703401.238494,63.823375,1934,29.94,284.08,71.88,0.9999,0.443879,0.149753,292.83,332.50,0.9813,0.457544,0.692703
1786703401.254394,63.839275,1935,29.94,284.06,71.88,0.9999,0.443845,0.149756,292.70,332.47,0.9812,0.457346,0.692636
1786703401.313010,63.897891,1936,29.94,284.04,71.88,0.9999,0.443805,0.149760,292.64,332.84,0.9807,0.457249,0.693416
1786703401.328684,63.913565,1937,29.94,283.99,71.84,0.9999,0.443740,0.149666,292.65,332.92,0.9807,0.457273,0.693590
1786703401.363410,63.948292,1938,29.94,283.99,71.84,0.9999,0.443741,0.149666,292.69,333.00,0.9807,0.457325,0.693755
1786703401.405771,63.990652,1939,29.94,283.99,71.74,0.9999,0.443734,0.149448,292.58,332.99,0.9806,0.457160,0.693727
1786703401.424118,64.008999,1940,29.94,283.99,71.73,0.9999,0.443736,0.149447,292.57,333.00,0.9803,0.457145,0.693752
1786703401.479669,64.064551,1941,29.94,283.99,71.71,0.9999,0.443733,0.149393,292.55,333.06,0.9801,0.457110,0.693872
1786703401.515192,64.100073,1942,29.94,283.99,71.67,0.9999,0.443741,0.149315,292.57,333.06,0.9798,0.457134,0.693876
1786703401.530028,64.114909,1943,29.94,283.99,71.68,0.9999,0.443735,0.149327,292.57,333.08,0.9798,0.457137,0.693907
1786703401.556196,64.141077,1944,29.94,283.99,71.68,0.9999,0.443735,0.149327,292.54,333.00,0.9801,0.457093,0.693756
1786703401.597548,64.182430,1945,29.94,284.05,71.68,0.9999,0.443825,0.149338,292.55,333.25,0.9799,0.457105,0.694281
1786703401.621450,64.206331,1946,29.94,284.03,71.69,0.9999,0.443800,0.149346,292.67,333.33,0.9802,0.457290,0.694447
1786703401.658374,64.243256,1947,29.94,283.89,71.62,0.9999,0.443573,0.149204,292.71,332.99,0.9807,0.457357,0.693737
1786703401.706840,64.291722,1948,29.94,283.66,71.62,0.9999,0.443222,0.149199,292.76,333.18,0.9806,0.457430,0.694133
1786703401.737748,64.322629,1949,29.95,283.62,71.61,0.9999,0.443159,0.149189,292.76,333.21,0.9807,0.457431,0.694183
1786703401.769857,64.354738,1950,29.95,283.58,71.61,0.9999,0.443099,0.149191,292.83,333.06,0.9808,0.457551,0.693884
1786703401.818228,64.403109,1951,29.95,283.64,71.63,0.9999,0.443180,0.149233,292.73,332.88,0.9810,0.457398,0.693504
1786703401.849546,64.434427,1952,29.95,283.64,71.65,0.9999,0.443189,0.149272,292.73,332.98,0.9804,0.457386,0.693698
1786703401.865497,64.450379,1953,29.95,283.64,71.68,0.9999,0.443193,0.149339,292.78,333.09,0.9806,0.457464,0.693934
1786703401.902876,64.487757,1954,29.95,283.78,71.68,0.9999,0.443408,0.149339,292.78,332.94,0.9808,0.457473,0.693618
1786703401.929202,64.514083,1955,29.95,283.89,71.64,0.9999,0.443586,0.149249,292.84,332.95,0.9809,0.457569,0.693648
1786703401.977602,64.562484,1956,29.95,284.07,71.64,0.9999,0.443857,0.149249,292.82,332.35,0.9810,0.457532,0.692398
1786703402.009117,64.593998,1957,29.95,284.24,71.55,0.9999,0.444125,0.149069,292.81,332.19,0.9810,0.457510,0.692055
1786703402.024703,64.609584,1958,29.95,284.30,71.53,0.9999,0.444220,0.149022,292.81,332.61,0.9812,0.457514,0.692947
1786703402.073113,64.657995,1959,29.95,283.98,71.58,0.9999,0.443718,0.149125,292.83,332.61,0.9811,0.457541,0.692939
1786703402.122502,64.707383,1960,29.95,283.97,71.58,0.9999,0.443706,0.149127,292.84,332.61,0.9813,0.457557,0.692948
1786703402.153901,64.738782,1961,29.95,283.94,71.60,0.9999,0.443657,0.149170,292.82,332.46,0.9814,0.457525,0.692623
1786703402.169451,64.754333,1962,29.95,283.96,71.60,0.9999,0.443691,0.149158,292.83,332.50,0.9815,0.457541,0.692710
1786703402.216979,64.801861,1963,29.95,283.99,71.61,0.9999,0.443739,0.149189,292.80,332.36,0.9816,0.457503,0.692422
1786703402.249357,64.834239,1964,29.90,284.03,71.61,0.9999,0.443790,0.149191,292.86,332.29,0.9816,0.457599,0.692269
1786703402.264750,64.849631,1965,29.90,284.09,71.61,0.9999,0.443886,0.149189,292.88,332.32,0.9816,0.457618,0.692331
1786703402.328900,64.913781,1966,29.90,284.11,71.67,0.9999,0.443927,0.149313,292.88,332.49,0.9817,0.457631,0.692684
1786703402.359991,64.944872,1967,29.90,284.10,71.67,0.9999,0.443911,0.149322,292.90,332.62,0.9818,0.457659,0.692948
1786703402.364955,64.949836,1968,29.90,284.11,71.70,0.9999,0.443917,0.149369,292.89,332.45,0.9819,0.457640,0.692602
1786703402.400166,64.985047,1969,29.90,284.12,71.70,0.9999,0.443932,0.149379,292.89,332.46,0.9817,0.457643,0.692629
1786703402.436501,65.021382,1970,29.90,284.13,71.70,0.9999,0.443959,0.149381,292.68,332.47,0.9819,0.457314,0.692651
1786703402.463479,65.048360,1971,29.90,284.13,71.72,0.9999,0.443960,0.149413,292.68,332.57,0.9815,0.457314,0.692854
1786703402.502868,65.087749,1972,29.90,284.06,71.78,0.9999,0.443840,0.149532,292.69,332.96,0.9817,0.457327,0.693670
1786703402.536795,65.121676,1973,29.90,284.08,71.79,0.9999,0.443869,0.149572,292.69,332.57,0.9820,0.457331,0.692847
1786703402.568026,65.152907,1974,29.90,284.08,71.80,0.9999,0.443874,0.149576,292.69,332.48,0.9822,0.457324,0.692676
1786703402.597473,65.182354,1975,29.90,284.14,71.80,0.9999,0.443968,0.149580,292.69,332.50,0.9822,0.457329,0.692716
1786703402.646292,65.231173,1976,29.90,284.16,71.91,0.9999,0.443996,0.149817,292.90,332.57,0.9821,0.457662,0.692863
1786703402.663009,65.247890,1977,29.90,284.26,71.90,0.9999,0.444156,0.149790,292.89,332.34,0.9824,0.457636,0.692383
1786703402.698491,65.283373,1978,29.90,284.41,71.90,0.9999,0.444386,0.149799,292.85,332.10,0.9826,0.457572,0.691884
1786703402.747161,65.332042,1979,29.92,284.65,71.91,0.9999,0.444771,0.149803,292.85,332.02,0.9825,0.457575,0.691711
1786703402.757914,65.342795,1980,29.92,284.89,71.91,0.9999,0.445148,0.149805,292.85,332.02,0.9828,0.457583,0.691711
1786703402.805918,65.390800,1981,29.92,284.93,71.90,0.9999,0.445198,0.149802,292.89,332.33,0.9824,0.457640,0.692349
1786703402.847879,65.432760,1982,29.92,284.89,71.91,0.9999,0.445139,0.149805,292.92,332.29,0.9822,0.457681,0.692273
1786703402.871069,65.455950,1983,29.92,285.01,71.83,0.9999,0.445322,0.149646,292.88,332.29,0.9821,0.457627,0.692261
1786703402.885473,65.470354,1984,29.92,285.24,71.83,0.9999,0.445685,0.149637,292.89,332.32,0.9818,0.457640,0.692337
1786703402.928980,65.513861,1985,29.92,285.29,71.77,0.9999,0.445761,0.149528,292.82,332.56,0.9817,0.457529,0.692843
1786703402.961432,65.546314,1986,29.92,285.39,71.81,0.9999,0.445919,0.149608,292.83,332.59,0.9814,0.457540,0.692898
1786703403.005174,65.590055,1987,29.92,285.60,71.69,0.9999,0.446249,0.149364,292.85,332.83,0.9814,0.457578,0.693399
1786703403.039570,65.624452,1988,29.92,285.59,71.72,1.0000,0.446229,0.149406,292.87,332.91,0.9815,0.457606,0.693565
1786703403.088714,65.673595,1989,29.92,285.50,71.74,1.0000,0.446092,0.149459,292.84,332.96,0.9812,0.457568,0.693672
1786703403.094311,65.679192,1990,29.92,285.51,71.73,1.0000,0.446106,0.149432,292.85,332.96,0.9808,0.457571,0.693675
1786703403.136508,65.721389,1991,29.92,285.62,71.73,1.0000,0.446280,0.149433,292.86,333.05,0.9807,0.457586,0.693849
1786703403.170436,65.755317,1992,29.92,285.65,71.67,1.0000,0.446333,0.149315,292.87,333.03,0.9805,0.457616,0.693810
1786703403.189369,65.774250,1993,29.92,285.69,71.66,1.0000,0.446383,0.149301,292.83,333.08,0.9804,0.457539,0.693910
1786703403.234421,65.819303,1994,29.92,285.64,71.64,1.0000,0.446306,0.149259,292.84,333.09,0.9806,0.457556,0.693938
1786703403.265953,65.850834,1995,30.05,285.69,71.64,1.0000,0.446389,0.149256,292.81,333.20,0.9807,0.457518,0.694174
1786703403.300456,65.885338,1996,30.05,285.69,71.64,1.0000,0.446388,0.149253,292.80,333.30,0.9811,0.457507,0.694366
1786703403.329819,65.914701,1997,30.05,285.79,71.62,1.0000,0.446546,0.149211,292.82,333.30,0.9812,0.457524,0.694365
1786703403.360988,65.945869,1998,30.05,285.91,71.61,1.0000,0.446731,0.149178,292.82,333.33,0.9814,0.457526,0.694428
1786703403.392823,65.977705,1999,30.05,286.05,71.61,1.0000,0.446959,0.149177,292.82,333.35,0.9817,0.457525,0.694475
1786703403.443160,66.028041,2000,30.05,286.10,71.61,1.0000,0.447028,0.149180,292.84,333.36,0.9818,0.457567,0.694493
1786703403.463820,66.048702,2001,30.05,286.13,71.59,1.0000,0.447078,0.149153,292.84,333.38,0.9820,0.457561,0.694550
1786703403.500415,66.085297,2002,30.05,286.17,71.62,1.0000,0.447148,0.149199,292.84,333.42,0.9822,0.457565,0.694620
1786703403.531491,66.116372,2003,30.05,286.16,71.65,1.0000,0.447124,0.149262,292.85,333.37,0.9821,0.457571,0.694526
1786703403.569384,66.154265,2004,30.05,286.19,71.63,1.0000,0.447164,0.149239,292.75,333.36,0.9820,0.457422,0.694496
1786703403.587487,66.172369,2005,30.05,286.19,71.63,1.0000,0.447171,0.149239,292.79,333.36,0.9821,0.457483,0.694505
1786703403.632706,66.217587,2006,30.05,286.18,71.64,1.0000,0.447152,0.149248,292.75,333.58,0.9817,0.457427,0.694955
1786703403.664823,66.249704,2007,30.05,286.17,71.62,1.0000,0.447148,0.149216,292.75,333.58,0.9820,0.457425,0.694964
1786703403.702018,66.286900,2008,30.05,286.11,71.62,1.0000,0.447045,0.149210,292.75,333.60,0.9818,0.457425,0.695006
1786703403.731179,66.316060,2009,30.05,286.10,71.62,1.0000,0.447031,0.149209,292.75,333.46,0.9817,0.457423,0.694714
1786703403.762534,66.347415,2010,30.05,286.08,71.62,1.0000,0.446993,0.149209,292.76,333.41,0.9816,0.457435,0.694606
1786703403.807549,66.392430,2011,30.01,286.05,71.62,1.0000,0.446951,0.149209,292.70,333.35,0.9817,0.457343,0.694488
1786703403.826180,66.411061,2012,30.01,285.78,72.03,1.0000,0.446528,0.150054,292.69,333.30,0.9817,0.457330,0.694365
1786703403.871121,66.456002,2013,30.01,285.50,72.23,1.0000,0.446086,0.150488,292.76,333.26,0.9820,0.457442,0.694288
1786703403.903889,66.488770,2014,30.01,285.35,72.30,1.0000,0.445858,0.150621,292.76,332.86,0.9822,0.457431,0.693469
1786703403.926489,66.511370,2015,30.01,285.43,72.22,1.0000,0.445984,0.150451,292.74,332.90,0.9822,0.457407,0.693533
1786703403.972019,66.556900,2016,30.01,285.42,72.21,0.9999,0.445973,0.150446,292.74,332.90,0.9823,0.457401,0.693532
1786703403.998818,66.583699,2017,30.01,285.43,72.18,0.9999,0.445984,0.150382,292.74,332.94,0.9823,0.457405,0.693617
1786703404.026808,66.611689,2018,30.01,285.46,72.17,0.9999,0.446031,0.150362,292.76,332.96,0.9824,0.457431,0.693665
1786703404.079236,66.664117,2019,30.01,285.48,72.16,0.9999,0.446055,0.150337,292.84,333.01,0.9826,0.457569,0.693761
1786703404.094839,66.679721,2020,30.01,285.47,72.16,0.9999,0.446048,0.150327,292.83,332.93,0.9827,0.457543,0.693597
1786703404.135112,66.719993,2021,30.01,285.51,72.16,0.9999,0.446111,0.150327,292.84,332.94,0.9828,0.457565,0.693618
1786703404.174938,66.759820,2022,30.01,285.44,72.15,0.9999,0.445995,0.150322,292.87,332.94,0.9828,0.457605,0.693633
1786703404.212031,66.796912,2023,30.01,285.48,72.13,0.9999,0.446060,0.150281,292.86,332.90,0.9826,0.457594,0.693543
1786703404.238880,66.823762,2024,30.01,285.48,72.13,0.9999,0.446068,0.150278,292.81,332.69,0.9824,0.457513,0.693108
1786703404.260234,66.845115,2025,30.01,285.53,72.10,0.9999,0.446139,0.150207,292.80,332.76,0.9823,0.457502,0.693242
1786703404.311326,66.896207,2026,29.95,285.54,71.99,0.9999,0.446153,0.149982,292.77,332.81,0.9824,0.457460,0.693346
1786703404.362405,66.947286,2027,29.95,285.71,71.99,0.9999,0.446419,0.149975,292.82,332.93,0.9824,0.457524,0.693603
1786703404.366615,66.951497,2028,29.95,285.73,71.97,0.9999,0.446447,0.149941,292.87,332.93,0.9828,0.457602,0.693606
1786703404.407131,66.992012,2029,29.95,285.73,71.97,0.9999,0.446452,0.149936,292.90,332.96,0.9827,0.457652,0.693662
1786703404.438898,67.023779,2030,29.95,285.73,71.96,0.9999,0.446457,0.149925,292.87,332.96,0.9825,0.457603,0.693665
1786703404.480980,67.065861,2031,29.95,285.73,71.97,0.9999,0.446455,0.149942,292.84,333.11,0.9822,0.457559,0.693986
1786703404.494398,67.079280,2032,29.95,285.75,71.98,0.9999,0.446477,0.149960,292.84,332.87,0.9824,0.457566,0.693487
1786703404.536603,67.121485,2033,29.95,285.74,71.99,0.9999,0.446476,0.149975,292.83,332.87,0.9817,0.457548,0.693471
1786703404.563359,67.148240,2034,29.95,285.83,71.97,0.9999,0.446616,0.149941,292.83,332.96,0.9809,0.457539,0.693665
1786703404.600966,67.185847,2035,29.95,285.84,71.87,0.9999,0.446618,0.149739,292.81,333.10,0.9806,0.457515,0.693955
1786703404.632133,67.217014,2036,29.95,285.88,71.87,0.9999,0.446684,0.149737,292.86,332.97,0.9808,0.457598,0.693695
1786703404.684400,67.269281,2037,29.95,285.87,71.89,0.9999,0.446677,0.149771,292.76,332.97,0.9810,0.457439,0.693691
1786703404.716065,67.300946,2038,29.95,285.91,71.89,0.9999,0.446736,0.149777,292.77,332.98,0.9810,0.457461,0.693706
1786703404.718906,67.303788,2039,29.95,285.90,71.90,0.9999,0.446726,0.149789,292.82,332.79,0.9811,0.457530,0.693312
1786703404.764194,67.349076,2040,29.95,285.92,71.91,0.9999,0.446757,0.149809,292.85,332.80,0.9812,0.457580,0.693343
1786703404.811674,67.396555,2041,29.96,285.93,71.92,0.9999,0.446759,0.149825,292.79,332.87,0.9812,0.457485,0.693476
1786703404.828306,67.413187,2042,29.96,285.96,71.91,0.9999,0.446819,0.149823,292.86,332.89,0.9813,0.457595,0.693529
1786703404.868391,67.453272,2043,29.96,286.02,71.94,0.9999,0.446907,0.149878,292.77,332.90,0.9813,0.457446,0.693536
1786703404.899457,67.484339,2044,29.96,286.08,72.00,0.9999,0.447000,0.149998,292.73,332.95,0.9813,0.457389,0.693646
1786703404.923094,67.507975,2045,29.96,286.06,72.03,0.9999,0.446970,0.150072,292.74,332.97,0.9813,0.457412,0.693687
1786703404.970874,67.555755,2046,29.96,286.14,72.04,0.9999,0.447091,0.150085,292.80,332.62,0.9813,0.457497,0.692961
1786703405.002647,67.587529,2047,29.96,286.14,72.01,0.9999,0.447101,0.150025,292.81,332.65,0.9815,0.457511,0.693012
1786703405.036947,67.621828,2048,29.96,286.35,72.04,0.9999,0.447420,0.150092,292.92,332.70,0.9818,0.457683,0.693133
1786703405.065886,67.650767,2049,29.96,286.30,72.05,0.9999,0.447349,0.150106,292.66,332.78,0.9817,0.457288,0.693296
1786703405.102675,67.687557,2050,29.96,286.29,72.12,0.9999,0.447324,0.150242,292.62,332.79,0.9815,0.457226,0.693315
1786703405.117397,67.702279,2051,29.96,286.24,72.15,0.9999,0.447257,0.150311,292.68,332.81,0.9817,0.457311,0.693344
1786703405.192412,67.777293,2052,29.96,286.21,72.22,0.9999,0.447206,0.150448,292.70,332.84,0.9819,0.457336,0.693411
1786703405.208132,67.793013,2053,29.96,286.21,72.29,0.9999,0.447197,0.150596,292.68,332.89,0.9820,0.457317,0.693523
1786703405.229533,67.814414,2054,29.96,286.21,72.32,0.9999,0.447196,0.150670,292.68,332.86,0.9818,0.457319,0.693466
1786703405.279515,67.864396,2055,29.96,286.21,72.58,0.9999,0.447205,0.151203,292.60,332.93,0.9811,0.457184,0.693607
1786703405.296187,67.881068,2056,29.96,286.19,72.64,0.9999,0.447171,0.151338,292.58,332.92,0.9805,0.457158,0.693586
1786703405.332309,67.917191,2057,30.07,286.19,72.72,0.9999,0.447167,0.151491,292.64,332.94,0.9806,0.457257,0.693624
1786703405.377648,67.962530,2058,30.07,286.25,72.78,0.9999,0.447268,0.151634,292.66,332.88,0.9806,0.457279,0.693499
1786703405.399121,67.984002,2059,30.07,286.17,72.78,0.9999,0.447147,0.151629,292.67,332.80,0.9807,0.457293,0.693343
1786703405.416409,68.001290,2060,30.07,286.23,72.82,0.9999,0.447227,0.151711,292.67,332.78,0.9805,0.457301,0.693301
1786703405.475396,68.060277,2061,30.07,286.32,72.84,0.9999,0.447379,0.151743,292.75,332.90,0.9808,0.457429,0.693551
1786703405.489192,68.074073,2062,30.07,286.35,72.85,0.9999,0.447417,0.151778,292.78,332.88,0.9810,0.457468,0.693509
1786703405.526772,68.111654,2063,30.07,286.35,72.92,0.9999,0.447425,0.151907,292.77,332.89,0.9811,0.457450,0.693511
1786703405.585523,68.170404,2064,30.07,286.32,72.92,0.9999,0.447373,0.151924,292.79,332.58,0.9814,0.457478,0.692868
1786703405.601594,68.186476,2065,30.07,286.33,73.01,0.9999,0.447396,0.152102,292.79,332.69,0.9815,0.457482,0.693113
1786703405.652154,68.237036,2066,30.07,286.36,73.09,0.9999,0.447442,0.152281,292.72,332.70,0.9815,0.457379,0.693121
1786703405.671382,68.256263,2067,30.07,286.40,73.13,0.9999,0.447503,0.152352,292.75,332.60,0.9819,0.457420,0.692913
1786703405.703140,68.288021,2068,30.07,286.47,73.16,0.9999,0.447613,0.152408,292.76,332.63,0.9816,0.457443,0.692983
1786703405.730184,68.315065,2069,30.07,286.45,73.16,0.9999,0.447573,0.152416,292.76,332.61,0.9818,0.457431,0.692935
1786703405.767704,68.352585,2070,30.07,286.45,73.25,0.9999,0.447576,0.152596,292.75,332.56,0.9814,0.457423,0.692826
1786703405.796476,68.381357,2071,30.07,286.45,73.28,0.9999,0.447583,0.152663,292.76,332.60,0.9815,0.457439,0.692916
1786703405.835955,68.420837,2072,30.02,286.55,73.33,0.9999,0.447734,0.152762,292.75,332.84,0.9813,0.457417,0.693419
1786703405.865587,68.450468,2073,30.02,286.59,73.35,0.9999,0.447801,0.152803,292.75,333.02,0.9812,0.457424,0.693791
1786703405.922101,68.506982,2074,30.02,286.60,73.35,0.9999,0.447810,0.152821,292.73,332.95,0.9811,0.457385,0.693655
1786703405.937286,68.522167,2075,30.02,286.61,73.42,0.9999,0.447826,0.152949,292.73,332.98,0.9813,0.457384,0.693704
1786703405.969789,68.554670,2076,30.02,286.61,73.42,0.9999,0.447826,0.152967,292.72,332.96,0.9809,0.457379,0.693672
1786703406.001056,68.585937,2077,30.02,286.61,73.45,0.9999,0.447828,0.153019,292.68,332.96,0.9807,0.457316,0.693676
1786703406.048510,68.633391,2078,30.02,286.61,73.53,0.9999,0.447832,0.153180,292.80,333.06,0.9809,0.457507,0.693881
1786703406.064633,68.649515,2079,30.02,286.61,73.54,0.9999,0.447830,0.153207,292.80,333.16,0.9805,0.457506,0.694075
1786703406.112364,68.697246,2080,30.02,286.61,73.54,0.9999,0.447823,0.153218,292.82,333.15,0.9807,0.457531,0.694056
1786703406.131329,68.716211,2081,30.02,286.60,73.55,0.9999,0.447820,0.153228,292.83,333.09,0.9809,0.457550,0.693945
1786703406.168297,68.753178,2082,30.02,286.55,73.53,0.9999,0.447730,0.153181,292.80,333.10,0.9809,0.457503,0.693948
1786703406.199769,68.784650,2083,30.02,286.56,73.53,0.9999,0.447757,0.153187,292.80,333.23,0.9810,0.457499,0.694235
1786703406.239619,68.824500,2084,30.02,286.58,73.42,0.9999,0.447787,0.152967,292.79,333.32,0.9811,0.457480,0.694423
1786703406.288016,68.872898,2085,30.02,286.67,73.29,0.9999,0.447919,0.152688,292.79,333.33,0.9812,0.457491,0.694434
1786703406.303522,68.888404,2086,30.02,286.71,73.28,0.9999,0.447980,0.152671,292.81,333.33,0.9812,0.457520,0.694432
1786703406.331632,68.916513,2087,30.02,286.71,73.28,0.9999,0.447982,0.152671,292.83,333.33,0.9814,0.457545,0.694433
1786703406.384845,68.969727,2088,29.84,286.71,73.28,0.9999,0.447985,0.152674,292.84,333.26,0.9816,0.457566,0.694285
1786703406.416670,69.001551,2089,29.84,286.67,73.31,0.9999,0.447916,0.152732,292.83,333.25,0.9817,0.457547,0.694268
1786703406.431892,69.016773,2090,29.84,286.58,73.34,0.9999,0.447781,0.152797,292.86,333.25,0.9819,0.457600,0.694261
1786703406.469254,69.054136,2091,29.84,286.52,73.34,0.9999,0.447684,0.152799,292.81,333.22,0.9820,0.457513,0.694208
1786703406.501200,69.086081,2092,29.84,286.52,73.33,0.9999,0.447685,0.152775,292.83,333.15,0.9823,0.457544,0.694072
1786703406.543456,69.128337,2093,29.84,286.32,73.33,0.9999,0.447374,0.152773,292.88,333.12,0.9826,0.457618,0.694003
1786703406.575571,69.160452,2094,29.84,286.23,73.35,0.9999,0.447235,0.152821,292.83,333.21,0.9822,0.457553,0.694196
1786703406.607137,69.192018,2095,29.84,286.08,73.34,0.9999,0.447002,0.152796,292.79,333.21,0.9821,0.457487,0.694197
1786703406.654687,69.239568,2096,29.84,286.04,73.35,0.9999,0.446940,0.152811,292.81,333.21,0.9824,0.457517,0.694183
1786703406.663696,69.248577,2097,29.84,285.92,73.42,0.9999,0.446748,0.152954,292.80,333.04,0.9825,0.457505,0.693842
1786703406.686602,69.271484,2098,29.84,285.92,73.40,0.9999,0.446745,0.152923,292.80,333.22,0.9824,0.457505,0.694214
1786703406.750477,69.335358,2099,29.84,285.93,73.38,0.9999,0.446767,0.152874,292.82,333.08,0.9826,0.457524,0.693916
1786703406.766425,69.351306,2100,29.84,285.82,73.39,0.9999,0.446593,0.152890,292.78,333.22,0.9820,0.457471,0.694202
1786703406.814701,69.399583,2101,29.84,285.57,73.35,0.9999,0.446197,0.152820,292.74,333.33,0.9821,0.457413,0.694440
1786703406.849138,69.434019,2102,29.84,285.59,73.18,0.9999,0.446230,0.152462,292.74,333.39,0.9817,0.457399,0.694571
1786703406.878387,69.463269,2103,29.84,285.59,73.19,0.9999,0.446229,0.152486,292.76,333.40,0.9820,0.457439,0.694578
1786703406.923578,69.508460,2104,29.80,285.42,73.19,0.9999,0.445965,0.152487,292.76,333.33,0.9823,0.457441,0.694446
1786703406.936955,69.521836,2105,29.80,285.42,73.19,0.9999,0.445965,0.152472,292.74,333.38,0.9817,0.457403,0.694536
1786703406.980907,69.565788,2106,29.80,285.51,73.35,0.9999,0.446102,0.152820,292.76,333.42,0.9817,0.457445,0.694635
1786703406.998682,69.583563,2107,29.80,285.42,73.35,0.9999,0.445974,0.152819,292.77,333.51,0.9816,0.457449,0.694810
1786703407.033140,69.618022,2108,29.80,285.40,73.42,0.9999,0.445945,0.152955,292.75,333.60,0.9815,0.457418,0.695005
1786703407.066092,69.650974,2109,29.80,285.19,73.42,0.9999,0.445615,0.152950,292.72,333.41,0.9815,0.457378,0.694611
1786703407.116392,69.701273,2110,29.80,285.21,73.19,0.9999,0.445643,0.152485,292.77,333.41,0.9815,0.457448,0.694597
1786703407.137365,69.722246,2111,29.80,285.03,73.17,0.9999,0.445355,0.152446,292.81,333.43,0.9816,0.457511,0.694642
1786703407.169308,69.754190,2112,29.80,285.03,73.17,0.9999,0.445355,0.152445,292.81,333.37,0.9816,0.457522,0.694529
1786703407.210943,69.795824,2113,29.80,285.03,73.06,0.9999,0.445357,0.152217,292.85,333.15,0.9816,0.457579,0.694068
1786703407.244716,69.829598,2114,29.80,284.76,73.17,0.9999,0.444934,0.152431,292.82,333.22,0.9811,0.457531,0.694211
1786703407.262092,69.846973,2115,29.80,284.75,73.17,0.9999,0.444917,0.152431,292.82,333.23,0.9810,0.457532,0.694226
1786703407.305609,69.890490,2116,29.80,284.64,73.17,0.9999,0.444753,0.152442,292.79,333.21,0.9810,0.457489,0.694192
1786703407.337757,69.922638,2117,29.80,284.64,73.11,0.9999,0.444753,0.152313,292.80,333.23,0.9809,0.457503,0.694221
1786703407.369185,69.954066,2118,29.80,284.53,73.15,0.9999,0.444586,0.152395,292.78,333.24,0.9807,0.457469,0.694244
1786703407.400763,69.985644,2119,29.80,284.50,73.19,0.9999,0.444529,0.152470,292.78,333.25,0.9806,0.457461,0.694276
1786703407.423006,70.007888,2120,29.80,284.49,73.23,0.9999,0.444508,0.152560,292.76,333.22,0.9805,0.457435,0.694204
1786703407.474974,70.059855,2121,30.03,284.36,73.25,0.9999,0.444305,0.152607,292.77,333.17,0.9805,0.457450,0.694094
1786703407.489258,70.074139,2122,30.03,284.34,73.27,0.9999,0.444287,0.152654,292.84,333.17,0.9804,0.457559,0.694108
1786703407.525881,70.110762,2123,30.03,284.33,73.37,0.9999,0.444270,0.152847,292.85,333.19,0.9806,0.457573,0.694150
1786703407.558708,70.143590,2124,30.03,284.24,73.61,0.9999,0.444130,0.153348,292.85,333.17,0.9809,0.457574,0.694094
1786703407.600899,70.185781,2125,30.03,283.62,73.55,0.9999,0.443156,0.153231,292.85,333.14,0.9812,0.457571,0.694044
1786703407.637592,70.222473,2126,30.03,283.62,73.48,0.9999,0.443160,0.153092,292.77,333.14,0.9812,0.457461,0.694042
1786703407.650854,70.235735,2127,30.03,283.66,73.48,0.9999,0.443222,0.153093,292.83,333.17,0.9812,0.457541,0.694109
1786703407.711820,70.296701,2128,30.03,283.66,73.44,0.9999,0.443227,0.153002,292.81,333.17,0.9811,0.457522,0.694114
1786703407.728016,70.312897,2129,30.03,283.60,73.44,0.9999,0.443118,0.152992,292.77,333.18,0.9809,0.457461,0.694115
1786703407.767872,70.352754,2130,30.03,283.59,73.48,0.9999,0.443111,0.153075,292.78,333.01,0.9807,0.457462,0.693777
1786703407.800296,70.385177,2131,30.03,283.53,73.47,0.9999,0.443012,0.153072,292.78,333.07,0.9806,0.457466,0.693891
1786703407.833711,70.418592,2132,30.03,283.52,73.47,0.9999,0.443007,0.153060,292.85,333.13,0.9808,0.457582,0.694021
1786703407.869396,70.454277,2133,30.03,283.27,73.48,0.9999,0.442604,0.153079,292.76,332.73,0.9809,0.457442,0.693181
1786703407.896103,70.480985,2134,30.03,283.20,73.52,0.9999,0.442506,0.153169,292.79,332.83,0.9812,0.457485,0.693387
1786703407.936123,70.521004,2135,30.03,283.16,73.56,1.0000,0.442443,0.153256,292.80,332.93,0.9813,0.457500,0.693601
1786703407.979051,70.563932,2136,29.96,283.06,73.58,1.0000,0.442281,0.153287,292.81,332.91,0.9814,0.457522,0.693555
1786703407.993186,70.578068,2137,29.96,283.06,73.60,1.0000,0.442280,0.153343,292.80,332.71,0.9814,0.457507,0.693148
1786703408.037292,70.622173,2138,29.96,283.05,73.64,1.0000,0.442273,0.153423,292.81,332.74,0.9814,0.457518,0.693208
1786703408.068872,70.653754,2139,29.96,283.08,73.67,1.0000,0.442313,0.153476,292.80,332.74,0.9815,0.457507,0.693214
1786703408.099655,70.684536,2140,29.96,283.08,73.66,1.0000,0.442311,0.153450,292.72,332.60,0.9814,0.457374,0.692910
1786703408.139325,70.724207,2141,29.96,283.03,73.89,0.9999,0.442228,0.153936,292.76,332.62,0.9813,0.457441,0.692951
1786703408.166018,70.750899,2142,29.96,283.10,73.71,0.9999,0.442336,0.153571,292.76,332.62,0.9813,0.457431,0.692964
1786703408.205237,70.790119,2143,29.96,283.20,73.70,0.9999,0.442493,0.153535,292.78,332.50,0.9814,0.457468,0.692708
1786703408.258075,70.842956,2144,29.96,283.19,73.67,0.9999,0.442489,0.153471,292.79,332.55,0.9812,0.457483,0.692806
1786703408.268103,70.852984,2145,29.96,283.19,73.64,0.9999,0.442488,0.153423,292.80,332.48,0.9814,0.457493,0.692657
1786703408.305518,70.890399,2146,29.96,283.09,73.57,0.9999,0.442333,0.153268,292.81,332.49,0.9813,0.457521,0.692679
1786703408.340083,70.924964,2147,29.96,283.16,73.45,0.9999,0.442441,0.153017,292.80,332.55,0.9814,0.457507,0.692803
1786703408.368130,70.953011,2148,29.96,283.13,73.42,0.9999,0.442396,0.152968,292.81,332.48,0.9816,0.457511,0.692670
1786703408.402011,70.986892,2149,29.96,283.14,73.43,0.9999,0.442413,0.152972,292.78,332.55,0.9815,0.457466,0.692821
1786703408.431269,71.016151,2150,29.96,283.17,73.43,0.9999,0.442454,0.152970,292.79,332.43,0.9816,0.457489,0.692570
1786703408.474496,71.059377,2151,29.96,283.42,73.43,0.9999,0.442848,0.152983,292.74,332.58,0.9814,0.457402,0.692869
1786703408.521993,71.106874,2152,29.87,283.47,73.42,0.9999,0.442921,0.152968,292.76,332.59,0.9815,0.457437,0.692890
1786703408.535526,71.120407,2153,29.87,283.48,73.45,0.9999,0.442932,0.153019,292.76,332.64,0.9815,0.457439,0.693007
1786703408.553716,71.138597,2154,29.87,283.53,73.45,0.9999,0.443009,0.153013,292.76,332.70,0.9815,0.457435,0.693134
1786703408.602937,71.187818,2155,29.87,283.50,73.42,0.9999,0.442973,0.152965,292.74,332.66,0.9818,0.457411,0.693043
1786703408.633701,71.218582,2156,29.87,283.33,73.44,0.9999,0.442705,0.152999,292.73,332.68,0.9816,0.457390,0.693089
1786703408.671055,71.255936,2157,29.87,283.26,73.44,0.9999,0.442587,0.152992,292.73,332.70,0.9816,0.457390,0.693128
1786703408.702745,71.287627,2158,29.87,283.25,73.42,0.9999,0.442577,0.152965,292.74,332.88,0.9816,0.457414,0.693492
1786703408.713748,71.298630,2159,29.87,283.24,73.41,0.9999,0.442569,0.152933,292.74,332.89,0.9813,0.457408,0.693528
1786703408.772386,71.357268,2160,29.87,283.26,73.41,0.9999,0.442586,0.152930,292.69,332.86,0.9813,0.457326,0.693457
1786703408.809636,71.394517,2161,29.87,283.11,73.68,0.9999,0.442361,0.153503,292.66,332.87,0.9813,0.457275,0.693477
1786703408.825348,71.410229,2162,29.87,283.11,73.67,0.9999,0.442367,0.153475,292.66,332.89,0.9811,0.457283,0.693516
1786703408.862736,71.447618,2163,29.87,283.17,73.64,0.9999,0.442460,0.153413,292.67,332.75,0.9811,0.457291,0.693219
1786703408.905702,71.490584,2164,29.87,283.23,73.59,1.0000,0.442551,0.153304,292.67,332.81,0.9811,0.457292,0.693344
1786703408.933729,71.518610,2165,29.87,283.23,73.56,1.0000,0.442552,0.153246,292.67,332.77,0.9810,0.457290,0.693278
1786703408.975259,71.560140,2166,29.87,283.26,73.50,1.0000,0.442591,0.153124,292.64,332.85,0.9809,0.457242,0.693439
1786703408.985947,71.570828,2167,29.87,283.26,73.50,1.0000,0.442601,0.153133,292.61,332.83,0.9806,0.457202,0.693390
1786703409.025601,71.610482,2168,30.23,283.28,73.50,1.0000,0.442631,0.153129,292.61,332.89,0.9807,0.457205,0.693518
1786703409.060280,71.645162,2169,30.23,283.26,73.47,1.0000,0.442598,0.153059,292.59,333.04,0.9810,0.457175,0.693825
1786703409.097361,71.682242,2170,30.23,283.28,73.50,1.0000,0.442617,0.153129,292.67,332.62,0.9811,0.457292,0.692950
1786703409.132115,71.716996,2171,30.23,283.31,73.22,1.0000,0.442673,0.152551,292.69,332.62,0.9816,0.457327,0.692961
1786703409.166679,71.751560,2172,30.23,283.32,73.35,1.0000,0.442683,0.152816,292.70,332.69,0.9815,0.457337,0.693112
1786703409.208164,71.793045,2173,30.23,283.32,73.08,1.0000,0.442686,0.152244,292.72,332.62,0.9816,0.457371,0.692954
1786703409.240165,71.825046,2174,30.23,283.32,73.02,1.0000,0.442688,0.152115,292.66,332.74,0.9813,0.457277,0.693201
1786703409.279722,71.864603,2175,30.23,283.31,72.99,1.0000,0.442669,0.152070,292.65,332.75,0.9812,0.457272,0.693228
1786703409.293462,71.878343,2176,30.23,283.31,72.99,1.0000,0.442675,0.152063,292.63,332.74,0.9814,0.457230,0.693206
1786703409.336017,71.920898,2177,30.23,283.24,72.97,1.0000,0.442569,0.152028,292.64,332.72,0.9816,0.457252,0.693160
1786703409.358888,71.943769,2178,30.23,283.24,73.13,1.0000,0.442566,0.152346,292.63,332.89,0.9814,0.457232,0.693525
1786703409.401230,71.986111,2179,30.23,283.14,73.13,1.0000,0.442403,0.152361,292.61,333.47,0.9813,0.457210,0.694738
1786703409.447418,72.032300,2180,30.23,283.13,73.21,1.0000,0.442393,0.152513,292.54,333.45,0.9813,0.457099,0.694697
1786703409.486710,72.071591,2181,30.23,283.08,73.20,1.0000,0.442305,0.152493,292.61,333.25,0.9813,0.457201,0.694280
1786703409.505513,72.090394,2182,30.23,282.97,73.18,1.0000,0.442138,0.152449,292.60,333.25,0.9813,0.457193,0.694262
1786703409.526699,72.111580,2183,30.18,282.98,73.13,1.0000,0.442154,0.152355,292.61,333.35,0.9814,0.457205,0.694484
1786703409.555956,72.140838,2184,30.18,282.97,73.15,1.0000,0.442137,0.152399,292.62,333.35,0.9814,0.457215,0.694470
1786703409.598554,72.183435,2185,30.18,282.61,73.14,1.0000,0.441579,0.152373,292.61,333.36,0.9814,0.457210,0.694503
1786703409.635860,72.220742,2186,30.18,282.58,73.13,1.0000,0.441530,0.152349,292.61,333.51,0.9815,0.457200,0.694806
1786703409.653738,72.238619,2187,30.18,282.49,73.13,1.0000,0.441397,0.152350,292.59,333.50,0.9817,0.457175,0.694797
1786703409.696718,72.281599,2188,30.18,282.29,73.13,1.0000,0.441085,0.152352,292.57,333.51,0.9818,0.457142,0.694821
1786703409.721858,72.306740,2189,30.18,282.17,73.25,1.0000,0.440898,0.152612,292.57,333.43,0.9819,0.457145,0.694645
1786703409.768755,72.353637,2190,30.18,282.20,73.25,1.0000,0.440935,0.152611,292.61,333.43,0.9818,0.457199,0.694638
1786703409.820981,72.405862,2191,30.18,282.26,73.28,1.0000,0.441030,0.152674,292.59,333.46,0.9819,0.457170,0.694713
1786703409.839609,72.424490,2192,30.18,282.19,73.29,1.0000,0.440925,0.152696,292.60,333.47,0.9821,0.457190,0.694733
1786703409.867576,72.452457,2193,30.18,282.19,73.32,1.0000,0.440926,0.152747,292.58,333.50,0.9822,0.457150,0.694782
1786703409.903527,72.488408,2194,30.18,282.18,73.35,1.0000,0.440911,0.152806,292.57,333.50,0.9823,0.457143,0.694801
1786703409.937473,72.522355,2195,30.18,282.20,73.35,1.0000,0.440937,0.152821,292.53,333.59,0.9824,0.457085,0.694976
1786703409.966972,72.551853,2196,30.18,282.20,73.41,1.0000,0.440938,0.152932,292.39,333.38,0.9823,0.456866,0.694535
1786703410.006270,72.591151,2197,30.18,282.05,73.41,1.0000,0.440696,0.152935,292.39,333.41,0.9822,0.456855,0.694610
1786703410.038501,72.623382,2198,30.03,282.05,73.38,1.0000,0.440709,0.152881,292.42,333.38,0.9819,0.456913,0.694536
1786703410.063641,72.648522,2199,30.03,282.08,73.30,1.0000,0.440755,0.152714,292.44,333.08,0.9822,0.456940,0.693918
1786703410.108827,72.693708,2200,30.03,282.09,73.32,1.0000,0.440762,0.152746,292.47,333.15,0.9823,0.456977,0.694071
1786703410.133076,72.717957,2201,30.03,282.11,73.31,1.0000,0.440801,0.152734,292.47,333.16,0.9824,0.456988,0.694083
1786703410.167573,72.752455,2202,30.03,282.25,73.00,1.0000,0.441020,0.152094,292.48,333.21,0.9827,0.457001,0.694193
1786703410.204299,72.789180,2203,30.03,282.25,72.94,1.0000,0.441022,0.151960,292.48,333.22,0.9828,0.457006,0.694206
1786703410.235695,72.820576,2204,30.03,282.29,72.95,1.0000,0.441085,0.151986,292.54,333.33,0.9826,0.457101,0.694436
1786703410.278824,72.863706,2205,30.03,282.37,72.91,1.0000,0.441198,0.151900,292.54,333.30,0.9828,0.457094,0.694366
1786703410.315990,72.900872,2206,30.03,282.42,72.79,1.0000,0.441275,0.151643,292.59,333.29,0.9831,0.457169,0.694362
1786703410.331317,72.916198,2207,30.03,282.41,72.88,1.0000,0.441273,0.151824,292.56,333.34,0.9830,0.457122,0.694458
1786703410.373202,72.958083,2208,30.03,282.42,72.89,1.0000,0.441276,0.151861,292.61,333.33,0.9833,0.457197,0.694447
1786703410.394728,72.979609,2209,30.03,282.50,72.91,1.0000,0.441406,0.151901,292.60,333.30,0.9831,0.457180,0.694368
1786703410.442296,73.027178,2210,30.03,282.66,72.91,1.0000,0.441653,0.151889,292.59,333.09,0.9832,0.457179,0.693936
1786703410.473900,73.058782,2211,30.03,282.68,72.90,1.0000,0.441686,0.151879,292.60,333.19,0.9831,0.457191,0.694142
1786703410.505230,73.090111,2212,30.03,282.70,72.90,1.0000,0.441724,0.151866,292.63,333.32,0.9830,0.457230,0.694424
1786703410.520625,73.105507,2213,30.03,282.71,72.90,1.0000,0.441728,0.151866,292.63,333.29,0.9827,0.457228,0.694356
1786703410.571257,73.156138,2214,30.02,282.74,72.90,1.0000,0.441781,0.151869,292.64,333.22,0.9826,0.457250,0.694205
1786703410.600303,73.185184,2215,30.02,282.80,72.89,1.0000,0.441881,0.151844,292.63,333.19,0.9823,0.457236,0.694156
1786703410.621743,73.206625,2216,30.02,282.85,72.92,1.0000,0.441955,0.151915,292.63,333.19,0.9822,0.457234,0.694153
1786703410.680058,73.264939,2217,30.02,283.02,72.99,1.0000,0.442225,0.152067,292.60,333.14,0.9819,0.457183,0.694045
1786703410.695841,73.280722,2218,30.02,283.04,73.02,0.9999,0.442255,0.152117,292.64,333.12,0.9818,0.457258,0.694001
1786703410.761823,73.346704,2219,30.02,283.17,72.96,0.9999,0.442459,0.152006,292.64,333.10,0.9817,0.457245,0.693969
1786703410.775140,73.360021,2220,30.02,283.17,72.96,0.9999,0.442453,0.152006,292.63,332.94,0.9816,0.457239,0.693632
1786703410.803940,73.388821,2221,30.02,283.18,72.96,0.9999,0.442475,0.152005,292.64,332.95,0.9816,0.457251,0.693654
1786703410.833442,73.418324,2222,30.02,283.25,72.96,0.9999,0.442575,0.152006,292.62,333.09,0.9817,0.457226,0.693940
1786703410.865594,73.450475,2223,30.02,283.25,72.97,0.9999,0.442580,0.152014,292.63,333.08,0.9814,0.457227,0.693925
1786703410.905185,73.490066,2224,30.02,283.26,72.78,0.9999,0.442587,0.151619,292.62,333.06,0.9811,0.457225,0.693882
1786703410.944282,73.529163,2225,30.02,283.26,72.73,0.9999,0.442592,0.151520,292.61,333.04,0.9812,0.457199,0.693826
1786703410.973210,73.558091,2226,30.02,283.29,72.78,0.9999,0.442639,0.151620,292.57,333.05,0.9811,0.457143,0.693851
1786703410.990737,73.575619,2227,30.02,283.29,72.78,0.9999,0.442642,0.151621,292.58,333.04,0.9809,0.457164,0.693825
1786703411.036990,73.621872,2228,30.02,283.31,72.79,0.9999,0.442667,0.151644,292.58,333.09,0.9809,0.457157,0.693935
1786703411.074304,73.659185,2229,29.98,283.33,72.79,0.9999,0.442700,0.151645,292.65,333.09,0.9810,0.457263,0.693943
1786703411.096181,73.681062,2230,29.98,283.37,72.80,0.9999,0.442759,0.151658,292.65,333.19,0.9812,0.457272,0.694151
1786703411.135260,73.720141,2231,29.98,283.41,72.71,0.9999,0.442829,0.151484,292.63,333.32,0.9813,0.457230,0.694413
1786703411.167857,73.752738,2232,29.98,283.24,72.73,0.9999,0.442559,0.151521,292.60,333.31,0.9812,0.457194,0.694386
1786703411.199012,73.783893,2233,29.98,283.21,72.69,0.9999,0.442514,0.151441,292.59,333.29,0.9813,0.457174,0.694357
1786703411.236208,73.821090,2234,29.98,283.17,72.70,0.9999,0.442456,0.151465,292.53,333.26,0.9814,0.457075,0.694290
1786703411.255437,73.840319,2235,29.98,283.03,72.65,1.0000,0.442231,0.151357,292.62,333.30,0.9813,0.457213,0.694373
1786703411.300224,73.885105,2236,29.98,282.64,72.65,1.0000,0.441629,0.151352,292.63,333.31,0.9814,0.457234,0.694398
1786703411.337358,73.922239,2237,29.98,282.55,72.56,1.0000,0.441481,0.151163,292.61,333.31,0.9813,0.457202,0.694394
1786703411.369004,73.953886,2238,29.98,282.43,72.57,1.0000,0.441296,0.151195,292.62,333.45,0.9814,0.457217,0.694679
1786703411.395749,73.980631,2239,29.98,282.39,72.79,1.0000,0.441227,0.151641,292.62,333.45,0.9814,0.457218,0.694678
1786703411.429480,74.014361,2240,29.98,282.32,72.83,1.0000,0.441119,0.151740,292.63,333.39,0.9814,0.457229,0.694561
1786703411.476639,74.061520,2241,29.98,282.25,72.80,1.0000,0.441014,0.151674,292.64,333.36,0.9815,0.457246,0.694499
1786703411.495281,74.080162,2242,29.98,282.20,72.78,1.0000,0.440945,0.151628,292.63,333.37,0.9814,0.457233,0.694517
1786703411.538854,74.123735,2243,29.98,282.20,72.76,1.0000,0.440932,0.151574,292.60,333.19,0.9816,0.457193,0.694149
1786703411.564817,74.149699,2244,29.98,282.17,72.86,1.0000,0.440886,0.151782,292.56,333.19,0.9819,0.457122,0.694145
1786703411.596561,74.181442,2245,30.14,281.94,72.87,1.0000,0.440532,0.151814,292.54,332.82,0.9821,0.457099,0.693374
1786703411.633614,74.218496,2246,30.14,281.85,72.78,1.0000,0.440385,0.151618,292.50,332.91,0.9819,0.457026,0.693560
1786703411.661549,74.246430,2247,30.14,281.84,72.93,1.0000,0.440373,0.151940,292.52,333.01,0.9819,0.457055,0.693780
1786703411.693777,74.278658,2248,30.14,281.75,73.01,1.0000,0.440232,0.152105,292.53,333.18,0.9819,0.457075,0.694119
1786703411.728783,74.313664,2249,30.14,281.75,73.12,1.0000,0.440234,0.152328,292.54,333.17,0.9819,0.457093,0.694113
1786703411.776084,74.360965,2250,30.14,281.72,73.30,1.0000,0.440182,0.152701,292.42,333.20,0.9819,0.456901,0.694161
1786703411.806636,74.391517,2251,30.14,281.72,73.29,1.0000,0.440180,0.152691,292.41,333.20,0.9818,0.456895,0.694175
1786703411.850303,74.435184,2252,30.14,281.66,73.19,1.0000,0.440088,0.152476,292.41,333.16,0.9819,0.456898,0.694074
1786703411.866531,74.451412,2253,30.14,281.62,73.19,1.0000,0.440035,0.152476,292.34,333.14,0.9821,0.456789,0.694037
1786703411.897994,74.482875,2254,30.14,281.59,73.19,1.0000,0.439990,0.152470,292.33,333.15,0.9821,0.456763,0.694072
1786703411.943052,74.527934,2255,30.14,281.65,73.18,1.0000,0.440085,0.152469,292.29,333.16,0.9822,0.456698,0.694091
1786703411.967449,74.552330,2256,30.14,281.56,73.17,1.0000,0.439941,0.152439,292.28,333.13,0.9824,0.456685,0.694030
1786703412.001049,74.585931,2257,30.14,281.48,73.17,1.0000,0.439817,0.152440,292.29,333.16,0.9825,0.456698,0.694079
1786703412.050851,74.635732,2258,30.14,281.39,73.11,1.0000,0.439670,0.152310,292.38,332.93,0.9828,0.456843,0.693598
1786703412.066017,74.650898,2259,30.14,281.39,73.09,1.0000,0.439668,0.152264,292.37,332.88,0.9830,0.456823,0.693509
1786703412.100992,74.685874,2260,30.07,281.40,73.09,1.0000,0.439690,0.152269,292.38,332.80,0.9832,0.456844,0.693335
1786703412.137572,74.722453,2261,30.07,281.49,73.09,1.0000,0.439833,0.152261,292.38,333.15,0.9831,0.456851,0.694053
1786703412.181952,74.766833,2262,30.07,281.51,73.09,1.0000,0.439860,0.152261,292.32,333.27,0.9829,0.456747,0.694319
1786703412.213345,74.798226,2263,30.07,281.49,73.08,1.0000,0.439834,0.152260,292.31,333.29,0.9825,0.456730,0.694359
1786703412.248177,74.833059,2264,30.07,281.45,73.12,1.0000,0.439771,0.152325,292.36,333.47,0.9824,0.456816,0.694728
1786703412.274557,74.859438,2265,30.07,281.48,73.13,1.0000,0.439815,0.152363,292.38,333.47,0.9826,0.456849,0.694731
1786703412.301722,74.886604,2266,30.07,281.48,73.05,1.0000,0.439815,0.152184,292.40,333.46,0.9825,0.456868,0.694700
1786703412.342985,74.927866,2267,30.07,281.49,72.74,1.0000,0.439827,0.151541,292.43,333.52,0.9825,0.456926,0.694829
1786703412.367358,74.952240,2268,30.07,281.49,72.70,1.0000,0.439827,0.151449,292.40,333.47,0.9825,0.456882,0.694729
1786703412.399311,74.984192,2269,30.07,281.51,72.48,1.0000,0.439866,0.151010,292.44,333.47,0.9826,0.456943,0.694730
1786703412.436506,75.021388,2270,30.07,281.64,72.47,1.0000,0.440063,0.150986,292.47,333.51,0.9825,0.456989,0.694808
1786703412.463664,75.048546,2271,30.07,281.64,72.35,1.0000,0.440067,0.150734,292.49,333.47,0.9825,0.457013,0.694730
1786703412.476674,75.061555,2272,30.07,281.67,72.19,1.0000,0.440113,0.150400,292.51,333.47,0.9824,0.457039,0.694727
1786703412.527136,75.112017,2273,30.07,281.68,72.17,1.0000,0.440129,0.150363,292.49,333.44,0.9824,0.457012,0.694667
1786703412.568794,75.153676,2274,30.07,281.80,71.95,1.0000,0.440319,0.149899,292.43,333.60,0.9824,0.456922,0.695005
1786703412.604984,75.189866,2275,29.97,281.80,72.00,1.0000,0.440320,0.149997,292.41,333.57,0.9821,0.456897,0.694943
1786703412.617955,75.202837,2276,29.97,281.91,71.79,1.0000,0.440478,0.149558,292.45,333.59,0.9818,0.456948,0.694978
1786703412.682458,75.267339,2277,29.97,282.10,71.78,1.0000,0.440781,0.149544,292.43,333.40,0.9818,0.456918,0.694574
1786703412.694571,75.279452,2278,29.97,282.19,71.71,1.0000,0.440925,0.149389,292.38,333.36,0.9817,0.456842,0.694490
1786703412.743932,75.328814,2279,29.97,282.20,71.70,1.0000,0.440930,0.149379,292.30,333.36,0.9817,0.456720,0.694499
1786703412.785468,75.370350,2280,29.97,282.27,71.70,1.0000,0.441047,0.149381,292.29,332.90,0.9818,0.456709,0.693536
1786703412.825401,75.410282,2281,29.97,282.24,71.70,1.0000,0.441001,0.149377,292.34,332.94,0.9820,0.456787,0.693621
1786703412.830169,75.415051,2282,29.97,282.18,71.72,1.0000,0.440912,0.149407,292.34,332.85,0.9822,0.456785,0.693445
1786703412.869625,75.454506,2283,29.97,282.19,71.71,1.0000,0.440919,0.149399,292.35,332.87,0.9822,0.456801,0.693488
1786703412.902959,75.487840,2284,29.97,282.16,71.75,1.0000,0.440882,0.149474,292.34,332.98,0.9819,0.456788,0.693707
1786703412.929335,75.514217,2285,29.97,282.22,71.76,1.0000,0.440963,0.149499,292.35,332.74,0.9819,0.456804,0.693216
1786703412.965840,75.550721,2286,29.97,282.11,71.88,1.0000,0.440792,0.149759,292.36,332.73,0.9821,0.456812,0.693181
1786703412.997496,75.582377,2287,29.97,282.14,71.88,1.0000,0.440845,0.149759,292.40,332.78,0.9822,0.456882,0.693298
1786703413.032508,75.617390,2288,29.97,282.14,72.23,1.0000,0.440841,0.150485,292.34,332.87,0.9820,0.456785,0.693470
1786703413.058036,75.642917,2289,29.97,282.19,72.23,1.0000,0.440928,0.150476,292.36,332.87,0.9818,0.456818,0.693481
1786703413.099066,75.683948,2290,29.97,282.10,72.23,1.0000,0.440782,0.150483,292.36,332.97,0.9817,0.456810,0.693694
1786703413.131025,75.715907,2291,30.05,282.06,72.26,1.0000,0.440724,0.150537,292.49,332.89,0.9816,0.457011,0.693520
1786703413.165684,75.750566,2292,30.05,282.08,72.37,1.0000,0.440753,0.150772,292.44,332.97,0.9816,0.456941,0.693692
1786703413.209141,75.794023,2293,30.05,282.07,72.37,1.0000,0.440737,0.150770,292.47,332.97,0.9817,0.456988,0.693696
1786703413.231825,75.816706,2294,30.05,282.06,72.39,1.0000,0.440725,0.150820,292.38,333.47,0.9816,0.456838,0.694738
1786703413.272181,75.857063,2295,30.05,282.11,72.40,1.0000,0.440803,0.150841,292.38,333.59,0.9814,0.456838,0.694969
1786703413.288268,75.873149,2296,30.05,282.13,72.41,1.0000,0.440824,0.150845,292.37,333.58,0.9814,0.456832,0.694961
1786703413.328141,75.913023,2297,30.05,282.11,72.43,1.0000,0.440804,0.150890,292.36,333.70,0.9813,0.456812,0.695217
1786703413.360322,75.945204,2298,30.05,282.16,72.45,1.0000,0.440867,0.150930,292.33,333.73,0.9813,0.456766,0.695268
1786703413.398151,75.983032,2299,30.05,282.15,72.47,1.0000,0.440867,0.150981,292.34,333.71,0.9812,0.456784,0.695233
1786703413.415713,76.000594,2300,30.05,282.33,72.47,1.0000,0.441137,0.150986,292.35,333.82,0.9812,0.456801,0.695464
1786703413.465657,76.050538,2301,30.05,282.22,72.47,1.0000,0.440974,0.150979,292.36,333.80,0.9809,0.456810,0.695425
1786703413.496589,76.081470,2302,30.05,282.24,72.47,1.0000,0.440999,0.150982,292.43,333.90,0.9811,0.456921,0.695629
1786703413.531176,76.116057,2303,30.05,282.21,72.45,1.0000,0.440953,0.150943,292.43,333.41,0.9810,0.456924,0.694608
1786703413.563393,76.148275,2304,30.05,282.21,72.47,1.0000,0.440956,0.150977,292.45,333.21,0.9812,0.456956,0.694191
1786703413.591984,76.176865,2305,30.05,282.16,72.52,1.0000,0.440874,0.151087,292.43,333.29,0.9809,0.456923,0.694346
1786703413.628976,76.213858,2306,30.05,282.22,72.64,1.0000,0.440964,0.151340,292.43,333.27,0.9810,0.456924,0.694311
1786703413.664165,76.249046,2307,30.12,282.19,72.64,1.0000,0.440926,0.151333,292.44,333.31,0.9807,0.456945,0.694388
1786703413.704101,76.288983,2308,30.12,282.21,72.67,1.0000,0.440960,0.151398,292.41,333.33,0.9809,0.456886,0.694432
1786703413.719405,76.304287,2309,30.12,282.22,72.70,1.0000,0.440969,0.151456,292.39,333.56,0.9810,0.456859,0.694907
1786703413.788506,76.373387,2310,30.12,282.24,72.70,1.0000,0.441006,0.151463,292.37,333.68,0.9811,0.456834,0.695162
1786703413.801078,76.385959,2311,30.12,282.27,72.74,1.0000,0.441042,0.151545,292.41,333.71,0.9812,0.456883,0.695231
1786703413.836049,76.420930,2312,30.12,282.26,72.77,1.0000,0.441024,0.151602,292.42,333.72,0.9811,0.456906,0.695251
1786703413.881574,76.466455,2313,30.12,282.26,72.77,1.0000,0.441034,0.151608,292.44,333.68,0.9812,0.456938,0.695170
1786703413.894616,76.479498,2314,30.12,282.35,72.90,1.0000,0.441169,0.151885,292.42,333.81,0.9812,0.456912,0.695435
1786703413.929468,76.514349,2315,30.12,282.35,72.91,1.0000,0.441173,0.151888,292.42,333.79,0.9811,0.456909,0.695397
1786703413.974828,76.559709,2316,30.12,282.36,73.00,1.0000,0.441191,0.152085,292.33,333.83,0.9813,0.456773,0.695476
1786703414.012448,76.597329,2317,30.12,282.36,72.99,1.0000,0.441195,0.152052,292.37,333.80,0.9814,0.456832,0.695416
1786703414.037714,76.622596,2318,30.12,282.38,72.99,1.0000,0.441220,0.152054,292.36,333.58,0.9815,0.456807,0.694951
1786703414.079568,76.664449,2319,30.12,282.38,72.97,1.0000,0.441223,0.152021,292.53,333.51,0.9816,0.457083,0.694822
1786703414.105824,76.690705,2320,30.12,282.38,73.00,1.0000,0.441225,0.152078,292.50,333.55,0.9817,0.457029,0.694903
1786703414.134703,76.719585,2321,30.12,282.29,73.00,1.0000,0.441072,0.152094,292.46,333.60,0.9817,0.456972,0.695001
1786703414.150398,76.735279,2322,30.04,282.47,73.04,1.0000,0.441354,0.152169,292.45,333.63,0.9817,0.456953,0.695070
1786703414.200772,76.785653,2323,30.04,282.45,73.14,1.0000,0.441330,0.152371,292.41,333.59,0.9818,0.456895,0.694984
1786703414.240484,76.825365,2324,30.04,282.14,73.08,1.0000,0.440847,0.152248,292.45,333.60,0.9817,0.456948,0.695001
1786703414.264028,76.848909,2325,30.04,282.14,73.12,1.0000,0.440848,0.152336,292.45,333.60,0.9815,0.456958,0.695003
1786703414.314643,76.899524,2326,30.04,282.24,73.12,1.0000,0.440994,0.152325,292.54,333.74,0.9815,0.457093,0.695301
1786703414.325515,76.910396,2327,30.04,282.23,73.12,1.0000,0.440989,0.152326,292.52,333.66,0.9815,0.457063,0.695126
1786703414.370622,76.955503,2328,30.04,282.13,73.06,1.0000,0.440832,0.152212,292.52,333.65,0.9815,0.457059,0.695095
1786703414.402863,76.987744,2329,30.04,282.11,73.06,1.0000,0.440800,0.152211,292.47,333.64,0.9813,0.456980,0.695089
1786703414.433124,77.018005,2330,30.04,282.11,73.05,1.0000,0.440794,0.152185,292.53,333.58,0.9812,0.457082,0.694959
1786703414.467320,77.052202,2331,30.04,282.10,73.05,1.0000,0.440786,0.152181,292.54,333.47,0.9812,0.457089,0.694719
1786703414.496696,77.081578,2332,30.04,281.97,73.02,1.0000,0.440581,0.152125,292.52,333.48,0.9812,0.457070,0.694746
1786703414.532707,77.117588,2333,30.04,282.08,72.97,1.0000,0.440748,0.152020,292.47,333.61,0.9814,0.456984,0.695028
1786703414.604322,77.189203,2334,30.04,281.97,72.97,1.0000,0.440576,0.152013,292.46,333.59,0.9813,0.456962,0.694970
1786703414.612411,77.197293,2335,30.04,281.95,72.94,1.0000,0.440549,0.151951,292.53,333.60,0.9812,0.457077,0.695010
1786703414.628516,77.213397,2336,30.04,281.95,72.91,1.0000,0.440547,0.151902,292.52,333.43,0.9811,0.457056,0.694647
1786703414.660345,77.245226,2337,30.04,282.00,72.89,1.0000,0.440629,0.151851,292.53,333.44,0.9812,0.457072,0.694672
1786703414.707979,77.292861,2338,29.88,281.99,72.88,1.0000,0.440613,0.151830,292.47,333.49,0.9812,0.456983,0.694766
1786703414.754375,77.339257,2339,29.88,282.07,72.85,1.0000,0.440729,0.151767,292.47,333.69,0.9813,0.456982,0.695191
1786703414.785767,77.370648,2340,29.88,282.07,72.86,1.0000,0.440728,0.151783,292.40,333.70,0.9813,0.456871,0.695198
1786703414.801773,77.386654,2341,29.88,282.07,72.85,1.0000,0.440737,0.151763,292.41,333.64,0.9812,0.456895,0.695080
1786703414.817809,77.402691,2342,29.88,282.06,72.79,1.0000,0.440720,0.151637,292.43,333.64,0.9810,0.456921,0.695081
1786703414.865861,77.450742,2343,29.88,282.00,72.79,1.0000,0.440630,0.151644,292.47,333.27,0.9813,0.456979,0.694314
1786703414.911203,77.496084,2344,29.88,281.98,72.79,1.0000,0.440588,0.151637,292.50,333.43,0.9809,0.457034,0.694636
1786703414.932240,77.517121,2345,29.88,281.99,72.82,1.0000,0.440602,0.151704,292.49,333.41,0.9810,0.457009,0.694614
1786703414.968343,77.553225,2346,29.88,281.98,72.82,1.0000,0.440596,0.151700,292.50,333.42,0.9810,0.457035,0.694621
1786703415.002427,77.587308,2347,29.88,281.98,72.81,1.0000,0.440599,0.151686,292.58,333.45,0.9809,0.457153,0.694691
1786703415.028568,77.613449,2348,29.88,281.98,72.81,1.0000,0.440595,0.151689,292.58,333.47,0.9810,0.457158,0.694725
1786703415.065238,77.650119,2349,29.88,281.84,72.84,1.0000,0.440380,0.151743,292.57,333.52,0.9808,0.457139,0.694842
1786703415.102134,77.687015,2350,29.88,281.79,72.91,1.0000,0.440293,0.151890,292.48,333.52,0.9806,0.456995,0.694831
1786703415.144210,77.729092,2351,29.88,281.69,72.95,1.0000,0.440133,0.151987,292.48,333.02,0.9808,0.457004,0.693790
1786703415.164858,77.749739,2352,29.88,281.73,72.96,1.0000,0.440206,0.152003,292.50,333.17,0.9809,0.457030,0.694100
1786703415.198978,77.783859,2353,29.88,281.70,72.97,1.0000,0.440162,0.152011,292.48,333.22,0.9805,0.457000,0.694212
1786703415.235969,77.820850,2354,30.02,281.77,72.97,1.0000,0.440261,0.152013,292.51,333.25,0.9804,0.457054,0.694271
1786703415.265265,77.850147,2355,30.02,281.77,72.96,1.0000,0.440260,0.152008,292.51,333.24,0.9804,0.457051,0.694241
1786703415.279646,77.864527,2356,30.02,281.75,72.97,1.0000,0.440237,0.152017,292.52,333.29,0.9805,0.457068,0.694347
1786703415.336926,77.921808,2357,30.02,281.63,73.01,1.0000,0.440055,0.152102,292.58,333.29,0.9805,0.457155,0.694357
1786703415.366446,77.951327,2358,30.02,281.64,73.06,1.0000,0.440062,0.152212,292.60,333.32,0.9805,0.457181,0.694416
1786703415.401430,77.986312,2359,30.02,281.63,73.05,1.0000,0.440048,0.152179,292.60,333.43,0.9806,0.457195,0.694638
1786703415.432066,78.016947,2360,30.02,281.63,73.10,1.0000,0.440048,0.152297,292.57,333.43,0.9806,0.457146,0.694640
1786703415.475323,78.060205,2361,30.02,281.54,73.11,1.0000,0.439912,0.152303,292.57,333.42,0.9806,0.457139,0.694632
1786703415.503459,78.088340,2362,30.02,281.52,73.20,1.0000,0.439873,0.152503,292.52,333.46,0.9807,0.457058,0.694709
1786703415.538070,78.122951,2363,30.02,281.48,73.20,1.0000,0.439816,0.152501,292.53,333.46,0.9805,0.457078,0.694711
1786703415.560481,78.145362,2364,30.02,281.49,73.25,1.0000,0.439822,0.152602,292.55,333.16,0.9806,0.457116,0.694080
1786703415.601995,78.186876,2365,30.02,281.48,73.25,1.0000,0.439818,0.152604,292.54,333.33,0.9805,0.457101,0.694430
1786703415.646322,78.231204,2366,30.02,281.50,73.26,1.0000,0.439840,0.152615,292.49,333.24,0.9806,0.457013,0.694240
1786703415.662665,78.247547,2367,30.02,281.49,73.25,1.0000,0.439834,0.152611,292.53,333.22,0.9807,0.457081,0.694216
1786703415.699487,78.284368,2368,30.02,281.45,73.26,1.0000,0.439773,0.152620,292.56,333.26,0.9805,0.457124,0.694298
1786703415.734308,78.319189,2369,30.01,281.44,73.21,1.0000,0.439755,0.152529,292.50,333.13,0.9807,0.457031,0.694025
1786703415.771163,78.356044,2370,30.01,281.67,73.09,1.0000,0.440107,0.152274,292.49,333.14,0.9807,0.457009,0.694034
1786703415.799941,78.384822,2371,30.01,281.67,73.10,1.0000,0.440105,0.152282,292.48,333.17,0.9806,0.457000,0.694100
1786703415.837152,78.422033,2372,30.01,281.74,73.10,1.0000,0.440217,0.152283,292.48,333.47,0.9809,0.457005,0.694726
1786703415.895772,78.480653,2373,30.01,281.74,73.10,1.0000,0.440215,0.152286,292.48,333.64,0.9807,0.457000,0.695092
1786703415.909531,78.494413,2374,30.01,281.78,73.09,1.0000,0.440281,0.152262,292.49,333.62,0.9807,0.457010,0.695047
1786703415.933353,78.518234,2375,30.01,281.91,73.06,1.0000,0.440486,0.152216,292.50,333.52,0.9807,0.457025,0.694829
1786703415.970001,78.554882,2376,30.01,281.94,72.99,1.0000,0.440535,0.152059,292.50,333.55,0.9807,0.457030,0.694905
1786703416.012326,78.597207,2377,30.01,281.91,73.02,1.0000,0.440478,0.152126,292.50,333.56,0.9807,0.457030,0.694910
1786703416.027956,78.612837,2378,30.01,281.90,73.03,1.0000,0.440474,0.152138,292.50,333.54,0.9810,0.457035,0.694868
1786703416.073118,78.657999,2379,30.01,281.79,73.06,1.0000,0.440293,0.152204,292.48,333.42,0.9811,0.456999,0.694631
1786703416.097448,78.682330,2380,30.01,281.75,73.06,1.0000,0.440242,0.152202,292.48,333.41,0.9812,0.456996,0.694605
1786703416.134551,78.719432,2381,30.01,281.74,73.06,1.0000,0.440212,0.152211,292.48,333.64,0.9814,0.456996,0.695093
1786703416.165783,78.750665,2382,30.01,281.66,73.03,1.0000,0.440100,0.152139,292.49,333.62,0.9815,0.457015,0.695044
1786703416.201682,78.786563,2383,30.01,281.66,73.03,1.0000,0.440101,0.152139,292.47,333.70,0.9813,0.456977,0.695210
1786703416.219992,78.804874,2384,30.01,281.67,73.02,1.0000,0.440117,0.152131,292.57,333.30,0.9815,0.457145,0.694373
1786703416.265107,78.849989,2385,30.02,281.72,72.99,1.0000,0.440186,0.152066,292.60,333.28,0.9815,0.457192,0.694334
1786703416.299572,78.884453,2386,30.02,281.72,73.02,1.0000,0.440184,0.152128,292.69,333.27,0.9814,0.457328,0.694305
1786703416.347444,78.932326,2387,30.02,281.58,73.14,1.0000,0.439967,0.152385,292.71,333.19,0.9815,0.457352,0.694144
1786703416.360300,78.945182,2388,30.02,281.48,73.14,1.0000,0.439816,0.152377,292.76,333.16,0.9817,0.457431,0.694078
1786703416.405116,78.989997,2389,30.02,281.59,73.20,1.0000,0.439979,0.152505,292.75,333.21,0.9818,0.457421,0.694184
1786703416.432075,79.016956,2390,30.02,281.62,73.17,1.0000,0.440027,0.152427,292.75,333.26,0.9818,0.457419,0.694284
1786703416.463135,79.048017,2391,30.02,281.47,73.15,1.0000,0.439791,0.152404,292.74,333.25,0.9820,0.457406,0.694281
1786703416.500772,79.085654,2392,30.02,281.46,73.22,1.0000,0.439789,0.152538,292.66,333.21,0.9823,0.457288,0.694189
1786703416.543640,79.128521,2393,30.02,281.44,73.31,1.0000,0.439753,0.152729,292.66,333.17,0.9825,0.457276,0.694108
1786703416.567846,79.152727,2394,30.02,281.44,73.31,1.0000,0.439755,0.152739,292.59,333.23,0.9824,0.457175,0.694225
1786703416.604678,79.189560,2395,30.02,281.44,73.26,1.0000,0.439755,0.152620,292.49,333.26,0.9825,0.457018,0.694285
1786703416.628782,79.213663,2396,30.02,281.43,73.26,1.0000,0.439727,0.152617,292.36,333.31,0.9826,0.456819,0.694390
1786703416.668235,79.253117,2397,30.02,281.20,73.25,1.0000,0.439382,0.152602,292.32,333.08,0.9827,0.456752,0.693920
1786703416.705447,79.290329,2398,30.02,281.22,73.23,1.0000,0.439399,0.152572,292.36,333.06,0.9827,0.456807,0.693883
1786703416.731251,79.316133,2399,30.02,281.37,73.21,1.0000,0.439635,0.152512,292.35,333.25,0.9828,0.456802,0.694268
1786703416.769264,79.354145,2400,29.96,281.32,73.15,1.0000,0.439567,0.152389,292.37,333.29,0.9827,0.456832,0.694355
1786703416.805240,79.390122,2401,29.96,281.25,73.10,1.0000,0.439460,0.152283,292.47,333.26,0.9828,0.456992,0.694288
1786703416.836967,79.421849,2402,29.96,281.25,73.00,1.0000,0.439450,0.152074,292.42,333.29,0.9828,0.456904,0.694357
1786703416.863014,79.447896,2403,29.96,281.22,72.99,1.0000,0.439409,0.152059,292.41,333.30,0.9829,0.456889,0.694372
1786703416.901445,79.486326,2404,29.96,281.11,72.99,1.0000,0.439242,0.152062,292.39,333.41,0.9827,0.456854,0.694603
1786703416.932794,79.517676,2405,29.96,281.11,72.96,1.0000,0.439231,0.152008,292.44,333.19,0.9829,0.456938,0.694144
1786703416.972174,79.557055,2406,29.96,281.06,72.94,1.0000,0.439160,0.151964,292.52,333.36,0.9830,0.457059,0.694501
1786703417.000754,79.585635,2407,29.96,281.11,72.91,1.0000,0.439231,0.151898,292.41,333.53,0.9827,0.456893,0.694859
1786703417.035594,79.620475,2408,29.96,281.12,72.70,1.0000,0.439245,0.151467,292.49,333.46,0.9828,0.457012,0.694712
1786703417.067707,79.652588,2409,29.96,281.14,72.63,1.0000,0.439288,0.151323,292.52,333.49,0.9827,0.457070,0.694776
1786703417.101718,79.686600,2410,29.96,281.18,72.63,1.0000,0.439338,0.151316,292.49,333.39,0.9826,0.457010,0.694569
1786703417.163369,79.748250,2411,29.96,281.18,72.63,1.0000,0.439342,0.151309,292.32,333.47,0.9825,0.456756,0.694725
1786703417.177470,79.762351,2412,29.96,281.15,72.63,1.0000,0.439303,0.151307,292.28,333.47,0.9825,0.456691,0.694727
1786703417.194144,79.779025,2413,29.96,281.14,72.66,1.0000,0.439289,0.151367,292.29,333.47,0.9824,0.456701,0.694729
1786703417.232249,79.817130,2414,29.96,281.10,72.71,1.0000,0.439218,0.151484,292.34,333.31,0.9824,0.456785,0.694390
1786703417.271778,79.856660,2415,29.96,281.10,72.82,1.0000,0.439218,0.151707,292.42,333.32,0.9822,0.456905,0.694411
1786703417.305198,79.890079,2416,29.95,281.09,72.88,1.0000,0.439208,0.151836,292.42,333.47,0.9820,0.456907,0.694739
1786703417.342199,79.927080,2417,29.95,281.07,72.92,1.0000,0.439171,0.151918,292.42,333.48,0.9816,0.456901,0.694747
1786703417.376546,79.961427,2418,29.95,281.07,72.94,1.0000,0.439177,0.151962,292.42,333.50,0.9817,0.456901,0.694781
1786703417.392614,79.977495,2419,29.95,280.98,73.02,1.0000,0.439027,0.152119,292.50,333.48,0.9818,0.457031,0.694741
1786703417.432228,80.017110,2420,29.95,280.98,73.05,1.0000,0.439032,0.152197,292.51,333.46,0.9818,0.457040,0.694719
1786703417.461850,80.046731,2421,29.95,280.81,73.17,1.0000,0.438762,0.152444,292.55,333.41,0.9821,0.457112,0.694594
1786703417.504190,80.089072,2422,29.95,280.91,73.17,1.0000,0.438922,0.152431,292.57,333.53,0.9819,0.457136,0.694863
1786703417.530485,80.115366,2423,29.95,280.95,73.15,1.0000,0.438984,0.152402,292.53,333.54,0.9816,0.457081,0.694877
1786703417.559932,80.144814,2424,29.95,281.05,73.17,1.0000,0.439145,0.152440,292.53,333.63,0.9815,0.457070,0.695072
1786703417.612746,80.197627,2425,29.95,281.05,73.18,1.0000,0.439145,0.152469,292.48,333.70,0.9814,0.457006,0.695205
1786703417.642940,80.227821,2426,29.95,281.15,73.24,1.0000,0.439293,0.152576,292.54,333.60,0.9814,0.457099,0.695000
1786703417.674995,80.259877,2427,29.95,281.15,73.24,1.0000,0.439304,0.152578,292.55,333.89,0.9816,0.457108,0.695598
1786703417.706771,80.291652,2428,29.95,281.18,73.23,1.0000,0.439336,0.152565,292.59,333.45,0.9818,0.457165,0.694686
1786703417.722454,80.307335,2429,29.95,281.18,73.23,1.0000,0.439339,0.152569,292.59,333.46,0.9818,0.457172,0.694708
1786703417.767630,80.352511,2430,29.95,281.34,73.22,1.0000,0.439586,0.152532,292.52,333.45,0.9819,0.457059,0.694680
1786703417.799523,80.384404,2431,29.95,281.34,73.18,1.0000,0.439593,0.152465,292.47,333.05,0.9820,0.456978,0.693859
1786703417.840533,80.425414,2432,29.94,281.36,73.09,1.0000,0.439631,0.152268,292.46,333.25,0.9820,0.456965,0.694268
1786703417.881604,80.466486,2433,29.94,281.38,73.10,1.0000,0.439660,0.152285,292.46,333.28,0.9820,0.456969,0.694338
1786703417.897564,80.482445,2434,29.94,281.41,73.09,0.9999,0.439706,0.152261,292.42,333.26,0.9819,0.456900,0.694288
1786703417.935024,80.519905,2435,29.94,281.41,72.97,0.9999,0.439708,0.152025,292.43,333.25,0.9820,0.456922,0.694278
1786703417.974754,80.559635,2436,29.94,281.41,72.86,0.9999,0.439703,0.151794,292.44,333.22,0.9818,0.456934,0.694212
1786703418.015221,80.600103,2437,29.94,281.48,72.86,0.9999,0.439816,0.151788,292.46,333.33,0.9817,0.456964,0.694438
1786703418.058149,80.643030,2438,29.94,281.13,72.62,0.9999,0.439263,0.151297,292.47,333.58,0.9817,0.456987,0.694963
1786703418.073181,80.658062,2439,29.94,281.13,72.61,0.9999,0.439262,0.151269,292.54,333.53,0.9816,0.457097,0.694854
1786703418.121657,80.706539,2440,29.94,281.13,72.57,0.9999,0.439266,0.151183,292.62,333.47,0.9815,0.457220,0.694737
1786703418.138535,80.723417,2441,29.94,281.12,72.53,0.9999,0.439251,0.151097,292.62,333.55,0.9815,0.457219,0.694896
1786703418.180900,80.765781,2442,29.94,281.14,72.39,0.9999,0.439285,0.150802,292.62,333.49,0.9812,0.457225,0.694762
1786703418.212921,80.797802,2443,29.94,281.14,72.31,0.9999,0.439288,0.150643,292.62,333.53,0.9809,0.457225,0.694860
1786703418.239766,80.824647,2444,29.94,281.15,72.31,0.9999,0.439290,0.150639,292.60,333.57,0.9805,0.457194,0.694938
1786703418.265891,80.850772,2445,29.94,281.13,72.31,0.9999,0.439265,0.150650,292.60,333.53,0.9806,0.457185,0.694854
1786703418.310787,80.895668,2446,29.94,281.15,72.31,0.9999,0.439294,0.150647,292.56,333.55,0.9805,0.457129,0.694898
1786703418.326529,80.911411,2447,29.94,281.15,72.26,0.9999,0.439303,0.150551,292.55,333.58,0.9801,0.457110,0.694958
1786703418.374765,80.959646,2448,29.99,281.16,72.27,0.9999,0.439316,0.150554,292.53,333.62,0.9801,0.457078,0.695039
1786703418.390594,80.975476,2449,29.99,281.16,72.27,0.9999,0.439309,0.150556,292.54,333.61,0.9802,0.457087,0.695019
1786703418.464250,81.049131,2450,29.99,281.05,72.26,0.9999,0.439138,0.150547,292.54,333.63,0.9803,0.457090,0.695059
1786703418.479637,81.064518,2451,29.99,281.06,72.28,0.9999,0.439160,0.150577,292.54,333.62,0.9803,0.457100,0.695043
1786703418.509199,81.094080,2452,29.99,281.11,72.28,0.9999,0.439236,0.150577,292.58,333.59,0.9806,0.457162,0.694970
1786703418.536850,81.121732,2453,29.99,281.11,72.27,0.9999,0.439234,0.150572,292.63,333.56,0.9805,0.457228,0.694915
1786703418.569250,81.154131,2454,29.99,281.11,72.30,0.9999,0.439231,0.150624,292.62,333.57,0.9805,0.457224,0.694939
1786703418.610123,81.195004,2455,29.99,281.10,72.53,0.9999,0.439216,0.151108,292.62,333.49,0.9806,0.457220,0.694766
1786703418.631873,81.216755,2456,29.99,280.82,72.44,0.9999,0.438781,0.150911,292.61,333.49,0.9807,0.457202,0.694779
1786703418.667135,81.252016,2457,29.99,280.83,72.55,0.9999,0.438792,0.151154,292.56,333.45,0.9807,0.457126,0.694687
1786703418.710092,81.294974,2458,29.99,280.81,72.52,0.9999,0.438760,0.151087,292.56,333.75,0.9810,0.457130,0.695321
1786703418.723439,81.308320,2459,29.99,280.65,72.56,0.9999,0.438511,0.151158,292.51,333.66,0.9810,0.457045,0.695130
1786703418.769247,81.354128,2460,29.99,280.63,72.58,1.0000,0.438478,0.151209,292.53,333.64,0.9813,0.457074,0.695093
1786703418.812351,81.397232,2461,29.99,280.61,72.61,1.0000,0.438449,0.151269,292.40,333.59,0.9813,0.456868,0.694984
1786703418.823102,81.407983,2462,29.99,280.61,72.75,1.0000,0.438449,0.151556,292.42,333.57,0.9814,0.456902,0.694941
1786703418.884002,81.468883,2463,29.85,280.45,72.68,1.0000,0.438196,0.151408,292.45,333.55,0.9813,0.456953,0.694899
1786703418.899688,81.484570,2464,29.85,280.40,72.75,0.9999,0.438122,0.151570,292.45,333.51,0.9813,0.456960,0.694821
1786703418.939342,81.524223,2465,29.85,280.39,72.77,0.9999,0.438109,0.151596,292.50,333.51,0.9815,0.457039,0.694802
1786703418.975732,81.560614,2466,29.85,280.36,72.84,0.9999,0.438058,0.151741,292.51,333.55,0.9815,0.457041,0.694887
1786703419.004798,81.589679,2467,29.85,280.31,72.87,1.0000,0.437983,0.151806,292.52,333.53,0.9814,0.457065,0.694850
1786703419.033851,81.618732,2468,29.85,280.31,72.85,1.0000,0.437988,0.151775,292.51,333.52,0.9814,0.457042,0.694834
1786703419.068308,81.653189,2469,29.85,280.21,72.87,1.0000,0.437827,0.151805,292.51,333.58,0.9815,0.457043,0.694965
1786703419.111511,81.696393,2470,29.85,280.01,72.87,1.0000,0.437517,0.151815,292.53,333.53,0.9815,0.457072,0.694861
1786703419.128733,81.713614,2471,29.85,280.02,72.90,1.0000,0.437534,0.151873,292.52,333.55,0.9815,0.457061,0.694898
1786703419.178033,81.762915,2472,29.85,279.90,72.86,1.0000,0.437341,0.151791,292.55,333.56,0.9815,0.457113,0.694916
1786703419.204726,81.789607,2473,29.85,279.85,72.85,1.0000,0.437270,0.151771,292.53,333.56,0.9817,0.457077,0.694907
1786703419.235807,81.820688,2474,29.85,279.85,72.86,1.0000,0.437266,0.151788,292.54,333.66,0.9820,0.457086,0.695130
1786703419.280552,81.865433,2475,29.85,279.85,72.86,1.0000,0.437263,0.151789,292.51,333.65,0.9820,0.457042,0.695097
1786703419.296104,81.880985,2476,29.85,280.06,72.93,1.0000,0.437595,0.151929,292.52,333.73,0.9824,0.457059,0.695273
1786703419.330582,81.915463,2477,29.85,280.10,72.95,1.0000,0.437656,0.151976,292.50,333.68,0.9826,0.457036,0.695161
1786703419.359952,81.944834,2478,29.85,280.10,72.93,1.0000,0.437652,0.151946,292.50,333.62,0.9826,0.457036,0.695047
1786703419.391642,81.976523,2479,30.22,280.04,72.94,1.0000,0.437569,0.151950,292.51,333.64,0.9827,0.457048,0.695091
1786703419.428189,82.013070,2480,30.22,280.04,73.03,1.0000,0.437569,0.152146,292.49,333.56,0.9824,0.457017,0.694921
1786703419.468141,82.053022,2481,30.22,280.24,73.04,1.0000,0.437872,0.152170,292.50,333.58,0.9822,0.457034,0.694969
1786703419.498867,82.083749,2482,30.22,280.28,73.06,1.0000,0.437935,0.152202,292.50,333.66,0.9822,0.457035,0.695123
1786703419.543155,82.128037,2483,30.22,280.31,73.08,1.0000,0.437981,0.152251,292.48,333.63,0.9819,0.457001,0.695066
1786703419.563621,82.148502,2484,30.22,280.51,73.08,1.0000,0.438300,0.152257,292.50,333.73,0.9820,0.457030,0.695261
1786703419.593115,82.177996,2485,30.22,280.52,73.09,1.0000,0.438317,0.152274,292.50,333.78,0.9822,0.457031,0.695379
1786703419.638168,82.223049,2486,30.22,280.64,73.09,1.0000,0.438499,0.152280,292.49,333.75,0.9821,0.457011,0.695304
1786703419.669190,82.254071,2487,30.22,280.52,73.15,1.0000,0.438318,0.152385,292.50,333.75,0.9822,0.457024,0.695312
1786703419.731344,82.316225,2488,30.22,280.36,73.22,1.0000,0.438068,0.152547,292.40,333.75,0.9820,0.456878,0.695319
1786703419.743422,82.328303,2489,30.22,280.52,73.34,1.0000,0.438314,0.152789,292.40,333.79,0.9821,0.456879,0.695386
1786703419.780630,82.365511,2490,30.22,280.54,73.38,1.0000,0.438344,0.152874,292.40,333.60,0.9822,0.456870,0.695006
1786703419.828046,82.412927,2491,30.22,280.57,73.38,1.0000,0.438396,0.152874,292.42,333.35,0.9824,0.456907,0.694478
1786703419.844042,82.428923,2492,30.22,280.62,73.39,1.0000,0.438461,0.152892,292.51,333.24,0.9825,0.457048,0.694255
1786703419.870300,82.455181,2493,30.22,280.62,73.32,1.0000,0.438468,0.152757,292.52,333.23,0.9823,0.457066,0.694227
1786703419.910114,82.494996,2494,29.92,280.63,73.33,1.0000,0.438482,0.152764,292.46,333.21,0.9823,0.456964,0.694194
1786703419.927758,82.512639,2495,29.92,280.59,73.40,1.0000,0.438428,0.152909,292.47,333.24,0.9824,0.456990,0.694251
1786703419.971037,82.555918,2496,29.92,280.57,73.40,1.0000,0.438392,0.152910,292.48,333.33,0.9824,0.457006,0.694434
1786703420.005422,82.590304,2497,29.92,280.50,73.38,1.0000,0.438282,0.152866,292.48,333.26,0.9825,0.457004,0.694299
1786703420.025529,82.610410,2498,29.92,280.49,73.34,1.0000,0.438268,0.152799,292.49,333.23,0.9825,0.457017,0.694237
1786703420.082454,82.667335,2499,29.92,280.38,73.37,1.0000,0.438090,0.152846,292.51,333.23,0.9825,0.457046,0.694234
1786703420.097995,82.682876,2500,29.92,280.35,73.34,1.0000,0.438048,0.152796,292.51,333.29,0.9825,0.457053,0.694346
1786703420.146628,82.731509,2501,29.92,280.30,73.34,1.0000,0.437970,0.152782,292.53,333.23,0.9826,0.457080,0.694231
1786703420.182843,82.767725,2502,29.92,280.07,73.32,1.0000,0.437602,0.152744,292.56,333.22,0.9827,0.457131,0.694214
1786703420.209355,82.794237,2503,29.92,279.89,73.33,1.0000,0.437334,0.152763,292.55,333.18,0.9826,0.457110,0.694115
1786703420.257040,82.841921,2504,29.92,279.87,73.33,1.0000,0.437302,0.152762,292.58,333.19,0.9827,0.457149,0.694150
1786703420.283959,82.868840,2505,29.92,279.83,73.33,1.0000,0.437233,0.152772,292.60,333.19,0.9829,0.457191,0.694150
1786703420.306886,82.891767,2506,29.92,279.65,73.34,1.0000,0.436954,0.152790,292.61,333.18,0.9832,0.457201,0.694131
1786703420.322270,82.907151,2507,29.92,279.65,73.33,1.0000,0.436953,0.152778,292.60,333.14,0.9833,0.457191,0.694049
1786703420.370498,82.955379,2508,29.92,279.72,73.54,1.0000,0.437063,0.153208,292.54,333.17,0.9831,0.457100,0.694105
1786703420.387750,82.972632,2509,29.92,279.47,73.43,1.0000,0.436666,0.152984,292.55,333.22,0.9832,0.457110,0.694204
1786703420.425492,83.010373,2510,30.12,279.47,73.31,0.9999,0.436667,0.152728,292.55,333.17,0.9834,0.457103,0.694108
1786703420.468449,83.053331,2511,30.12,279.47,73.33,0.9999,0.436667,0.152770,292.61,333.16,0.9836,0.457202,0.694078
1786703420.499931,83.084812,2512,30.12,279.60,73.26,1.0000,0.436872,0.152623,292.61,333.15,0.9839,0.457202,0.694069
1786703420.544728,83.129610,2513,30.12,279.61,73.27,1.0000,0.436894,0.152652,292.60,333.19,0.9839,0.457193,0.694149
1786703420.573713,83.158594,2514,30.12,279.59,73.06,0.9999,0.436856,0.152216,292.63,333.13,0.9839,0.457231,0.694031
1786703420.589422,83.174304,2515,30.12,279.73,73.13,1.0000,0.437072,0.152362,292.62,333.01,0.9843,0.457217,0.693774
1786703420.640759,83.225640,2516,30.12,279.61,73.13,1.0000,0.436888,0.152350,292.62,333.03,0.9843,0.457213,0.693807
1786703420.671558,83.256440,2517,30.12,279.62,73.13,1.0000,0.436907,0.152351,292.61,333.03,0.9843,0.457197,0.693817
1786703420.692407,83.277289,2518,30.12,279.58,73.11,1.0000,0.436839,0.152312,292.62,333.05,0.9843,0.457219,0.693847
1786703420.735703,83.320584,2519,30.12,279.39,73.11,1.0000,0.436547,0.152316,292.63,333.03,0.9844,0.457238,0.693808
1786703420.764843,83.349724,2520,30.12,279.38,73.08,1.0000,0.436534,0.152241,292.59,333.04,0.9842,0.457175,0.693832
1786703420.799701,83.384582,2521,30.12,279.52,73.17,1.0000,0.436747,0.152439,292.57,333.09,0.9842,0.457144,0.693940
1786703420.834389,83.419270,2522,30.12,279.38,73.10,0.9999,0.436525,0.152297,292.60,333.09,0.9841,0.457187,0.693933
1786703420.863826,83.448707,2523,30.12,279.49,73.12,0.9999,0.436700,0.152340,292.60,332.99,0.9845,0.457191,0.693736
1786703420.900602,83.485483,2524,30.12,279.61,73.14,0.9999,0.436886,0.152369,292.59,333.00,0.9844,0.457175,0.693743
1786703420.937624,83.522505,2525,30.12,279.59,73.16,0.9999,0.436861,0.152426,292.58,332.93,0.9846,0.457152,0.693598
1786703420.966951,83.551833,2526,30.05,279.59,72.92,0.9999,0.436863,0.151918,292.57,332.96,0.9846,0.457142,0.693669
1786703421.009797,83.594678,2527,30.05,279.63,73.09,0.9999,0.436919,0.152261,292.55,332.94,0.9844,0.457109,0.693631
1786703421.036556,83.621438,2528,30.05,279.68,73.09,0.9999,0.436994,0.152263,292.55,333.02,0.9845,0.457113,0.693786
1786703421.071666,83.656547,2529,30.05,279.70,73.15,0.9999,0.437028,0.152395,292.56,333.00,0.9847,0.457125,0.693760
1786703421.102678,83.687560,2530,30.05,279.69,73.07,1.0000,0.437013,0.152228,292.59,333.16,0.9847,0.457164,0.694089
1786703421.115786,83.700667,2531,30.05,279.50,73.03,0.9999,0.436711,0.152148,292.55,333.13,0.9848,0.457109,0.694024
1786703421.169396,83.754277,2532,30.05,279.62,73.03,1.0000,0.436906,0.152149,292.60,333.42,0.9847,0.457194,0.694616
1786703421.208535,83.793416,2533,30.05,279.71,73.05,1.0000,0.437053,0.152179,292.61,333.44,0.9845,0.457198,0.694673
1786703421.232291,83.817172,2534,30.05,279.72,73.02,1.0000,0.437058,0.152118,292.61,333.43,0.9844,0.457206,0.694646
1786703421.254290,83.839172,2535,30.05,279.77,73.02,1.0000,0.437146,0.152129,292.61,333.42,0.9842,0.457208,0.694635
1786703421.295032,83.879913,2536,30.05,280.22,72.99,1.0000,0.437851,0.152064,292.62,333.51,0.9842,0.457223,0.694810
1786703421.332183,83.917064,2537,30.05,280.23,72.99,1.0000,0.437865,0.152063,292.56,333.48,0.9840,0.457120,0.694755
1786703421.366990,83.951871,2538,30.05,280.23,72.90,1.0000,0.437853,0.151879,292.53,333.49,0.9840,0.457085,0.694767
1786703421.396218,83.981099,2539,30.05,280.23,72.91,1.0000,0.437855,0.151902,292.49,333.51,0.9838,0.457013,0.694805
1786703421.439251,84.024133,2540,30.05,280.37,72.88,1.0000,0.438081,0.151837,292.53,333.66,0.9835,0.457084,0.695118
1786703421.467839,84.052720,2541,29.99,280.38,72.88,1.0000,0.438100,0.151835,292.56,333.67,0.9838,0.457123,0.695151
1786703421.506647,84.091528,2542,29.99,280.41,72.91,1.0000,0.438144,0.151897,292.56,333.83,0.9838,0.457125,0.695486
1786703421.516087,84.100969,2543,29.99,280.42,72.92,1.0000,0.438155,0.151910,292.54,333.78,0.9836,0.457095,0.695375
1786703421.564966,84.149847,2544,29.99,280.42,72.98,1.0000,0.438152,0.152041,292.53,333.67,0.9835,0.457076,0.695151
1786703421.607808,84.192689,2545,29.99,280.44,72.99,1.0000,0.438181,0.152066,292.49,333.66,0.9835,0.457023,0.695121
1786703421.639553,84.224435,2546,29.99,280.47,73.00,1.0000,0.438235,0.152084,292.51,333.69,0.9835,0.457040,0.695192
1786703421.666462,84.251343,2547,29.99,280.47,73.01,1.0000,0.438228,0.152096,292.43,333.64,0.9834,0.456922,0.695090
1786703421.701218,84.286100,2548,29.99,280.66,73.05,1.0000,0.438527,0.152184,292.45,333.58,0.9829,0.456957,0.694952
1786703421.724341,84.309223,2549,29.99,280.66,73.03,1.0000,0.438531,0.152154,292.46,333.57,0.9825,0.456973,0.694943
1786703421.771790,84.356672,2550,29.99,280.90,73.06,1.0000,0.438901,0.152199,292.48,333.77,0.9826,0.456998,0.695361
1786703421.805429,84.390311,2551,29.99,280.88,72.95,1.0000,0.438868,0.151976,292.47,333.30,0.9826,0.456986,0.694379
1786703421.840580,84.425461,2552,29.99,280.94,72.97,1.0000,0.438971,0.152014,292.45,333.20,0.9824,0.456957,0.694167
1786703421.893404,84.478285,2553,29.99,280.83,73.05,1.0000,0.438801,0.152195,292.39,333.18,0.9824,0.456858,0.694129
1786703421.911439,84.496321,2554,29.99,280.74,73.05,1.0000,0.438650,0.152196,292.41,333.19,0.9826,0.456894,0.694145
1786703421.927400,84.512281,2555,29.99,280.79,73.13,1.0000,0.438739,0.152349,292.41,333.19,0.9825,0.456887,0.694151
1786703421.975834,84.560716,2556,29.91,280.61,72.94,1.0000,0.438445,0.151965,292.41,333.20,0.9826,0.456891,0.694156
1786703421.988951,84.573832,2557,29.91,280.49,73.08,1.0000,0.438259,0.152241,292.41,332.98,0.9828,0.456893,0.693712
1786703422.053073,84.637955,2558,29.91,280.22,73.15,1.0000,0.437850,0.152394,292.43,332.99,0.9827,0.456917,0.693730
1786703422.068753,84.653634,2559,29.91,280.22,73.15,1.0000,0.437846,0.152389,292.42,332.98,0.9827,0.456913,0.693699
1786703422.116967,84.701849,2560,29.91,280.07,73.19,1.0000,0.437609,0.152486,292.48,333.03,0.9830,0.456998,0.693803
1786703422.136926,84.721807,2561,29.91,280.08,73.24,1.0000,0.437619,0.152577,292.50,332.86,0.9833,0.457027,0.693465
1786703422.180346,84.765227,2562,29.91,279.93,73.24,1.0000,0.437384,0.152590,292.53,333.03,0.9834,0.457076,0.693816
1786703422.202260,84.787141,2563,29.91,279.78,73.21,1.0000,0.437159,0.152518,292.53,333.14,0.9834,0.457079,0.694035
1786703422.239001,84.823882,2564,29.91,279.54,73.21,1.0000,0.436779,0.152517,292.54,333.22,0.9836,0.457089,0.694212
1786703422.293930,84.878811,2565,29.91,279.45,73.25,1.0000,0.436639,0.152611,292.63,333.54,0.9838,0.457233,0.694869
1786703422.306915,84.891796,2566,29.91,279.48,73.25,1.0000,0.436690,0.152614,292.63,333.62,0.9839,0.457238,0.695037
1786703422.333022,84.917903,2567,29.91,279.43,73.08,1.0000,0.436608,0.152246,292.63,333.59,0.9841,0.457234,0.694988
1786703422.365799,84.950680,2568,29.91,279.34,73.08,1.0000,0.436467,0.152245,292.60,333.62,0.9841,0.457190,0.695035
1786703422.401918,84.986799,2569,29.91,279.31,73.08,1.0000,0.436415,0.152249,292.62,333.61,0.9843,0.457215,0.695015
1786703422.417980,85.002861,2570,29.91,279.28,73.07,1.0000,0.436378,0.152237,292.63,333.62,0.9842,0.457231,0.695052
1786703422.466428,85.051309,2571,29.91,279.31,73.08,1.0000,0.436426,0.152241,292.62,333.64,0.9842,0.457213,0.695081
1786703422.506345,85.091226,2572,30.02,279.31,73.02,1.0000,0.436418,0.152125,292.54,333.54,0.9839,0.457099,0.694876
1786703422.543112,85.127994,2573,30.02,279.31,73.02,1.0000,0.436416,0.152118,292.53,333.48,0.9841,0.457079,0.694754
1786703422.572703,85.157584,2574,30.02,279.17,72.99,1.0000,0.436210,0.152064,292.53,333.60,0.9842,0.457077,0.694999
1786703422.596096,85.180977,2575,30.02,279.17,72.95,1.0000,0.436203,0.151980,292.48,333.56,0.9839,0.457004,0.694918
1786703422.638051,85.222932,2576,30.02,279.12,73.00,1.0000,0.436131,0.152074,292.46,333.38,0.9840,0.456970,0.694549
1786703422.662882,85.247764,2577,30.02,279.03,73.00,1.0000,0.435980,0.152075,292.44,333.51,0.9836,0.456942,0.694818
1786703422.735243,85.320124,2578,30.02,277.91,73.01,1.0000,0.434242,0.152109,292.42,333.54,0.9837,0.456907,0.694869
1786703422.749742,85.334623,2579,30.02,277.85,73.01,1.0000,0.434144,0.152109,292.41,333.55,0.9838,0.456898,0.694903
1786703422.772878,85.357760,2580,30.02,277.74,73.06,1.0000,0.433975,0.152204,292.41,333.55,0.9841,0.456898,0.694887
1786703422.785783,85.370664,2581,30.02,277.75,73.14,1.0000,0.433988,0.152371,292.37,333.65,0.9841,0.456835,0.695108
1786703422.833077,85.417958,2582,30.02,277.75,73.05,1.0000,0.433988,0.152177,292.36,333.70,0.9840,0.456807,0.695218
1786703422.870555,85.455436,2583,30.02,277.76,73.13,1.0000,0.433994,0.152344,292.35,333.59,0.9838,0.456790,0.694970
1786703422.896955,85.481836,2584,30.02,277.75,73.11,1.0000,0.433990,0.152305,292.33,333.61,0.9838,0.456763,0.695028
1786703422.937147,85.522028,2585,30.02,277.76,73.25,1.0000,0.433997,0.152602,292.26,333.55,0.9840,0.456656,0.694890
1786703422.968059,85.552940,2586,30.02,277.76,72.97,1.0000,0.433999,0.152011,292.26,333.51,0.9840,0.456651,0.694803
1786703422.994398,85.579279,2587,30.02,277.86,73.06,1.0000,0.434156,0.152208,292.23,333.48,0.9841,0.456605,0.694746
1786703423.058389,85.643270,2588,29.74,277.97,73.02,1.0000,0.434333,0.152129,292.25,333.37,0.9842,0.456644,0.694521
1786703423.075737,85.660618,2589,29.74,277.98,73.15,1.0000,0.434336,0.152391,292.25,333.38,0.9844,0.456641,0.694535
1786703423.108491,85.693373,2590,29.74,277.99,73.15,1.0000,0.434361,0.152391,292.26,333.38,0.9845,0.456663,0.694548
1786703423.126157,85.711039,2591,29.74,278.00,73.27,1.0000,0.434377,0.152656,292.24,333.49,0.9842,0.456618,0.694778
1786703423.168021,85.752903,2592,29.74,278.00,73.19,1.0000,0.434377,0.152487,292.20,333.41,0.9841,0.456568,0.694597
1786703423.217063,85.801944,2593,29.74,278.04,73.29,1.0000,0.434435,0.152687,292.23,333.40,0.9844,0.456606,0.694587
1786703423.240452,85.825333,2594,29.74,277.99,73.29,1.0000,0.434359,0.152684,292.21,333.39,0.9843,0.456585,0.694567
1786703423.264919,85.849800,2595,29.74,278.00,73.36,1.0000,0.434374,0.152838,292.23,333.46,0.9845,0.456605,0.694703
1786703423.294764,85.879646,2596,29.74,277.97,73.21,1.0000,0.434325,0.152511,292.24,333.44,0.9845,0.456632,0.694669
1786703423.339199,85.924080,2597,29.74,277.96,73.34,1.0000,0.434312,0.152794,292.38,333.57,0.9843,0.456850,0.694928
1786703423.363058,85.947939,2598,29.74,277.98,73.11,1.0000,0.434345,0.152315,292.39,333.50,0.9844,0.456856,0.694800
1786703423.397605,85.982486,2599,29.74,277.98,72.91,1.0000,0.434341,0.151905,292.36,333.50,0.9842,0.456806,0.694798
1786703423.431709,86.016591,2600,29.74,277.99,72.81,1.0000,0.434355,0.151694,292.44,333.42,0.9845,0.456933,0.694616
1786703423.458046,86.042927,2601,29.74,277.93,72.81,1.0000,0.434264,0.151685,292.41,333.43,0.9843,0.456890,0.694647
1786703423.502310,86.087191,2602,29.74,277.81,72.74,1.0000,0.434076,0.151547,292.40,333.37,0.9844,0.456877,0.694526
1786703423.521589,86.106470,2603,29.74,277.97,72.77,1.0000,0.434328,0.151611,292.43,333.34,0.9847,0.456925,0.694449
1786703423.569062,86.153943,2604,30.09,277.90,72.78,1.0000,0.434212,0.151621,292.47,333.42,0.9847,0.456981,0.694635
1786703423.595769,86.180650,2605,30.09,278.01,72.83,1.0000,0.434395,0.151738,292.50,333.51,0.9848,0.457034,0.694808
1786703423.627604,86.212486,2606,30.09,278.01,72.84,1.0000,0.434395,0.151742,292.50,333.57,0.9848,0.457031,0.694937
1786703423.669792,86.254673,2607,30.09,278.08,72.83,1.0000,0.434494,0.151729,292.44,333.50,0.9846,0.456940,0.694792
1786703423.712275,86.297156,2608,30.09,278.08,72.88,1.0000,0.434500,0.151838,292.48,333.51,0.9846,0.457008,0.694809
1786703423.724867,86.309748,2609,30.09,278.18,72.88,1.0000,0.434653,0.151827,292.55,333.44,0.9846,0.457115,0.694663
1786703423.771129,86.356010,2610,30.09,278.29,72.92,1.0000,0.434833,0.151919,292.52,333.35,0.9845,0.457059,0.694480
1786703423.802862,86.387743,2611,30.09,278.29,72.95,1.0000,0.434834,0.151979,292.55,333.35,0.9845,0.457112,0.694479
1786703423.834486,86.419367,2612,30.09,278.39,72.85,1.0000,0.434978,0.151766,292.63,333.18,0.9845,0.457227,0.694130
1786703423.866349,86.451230,2613,30.09,278.58,72.89,1.0000,0.435288,0.151846,292.53,333.22,0.9845,0.457080,0.694213
1786703423.905858,86.490739,2614,30.09,278.90,72.91,1.0000,0.435786,0.151898,292.57,333.08,0.9844,0.457137,0.693925
1786703423.946372,86.531253,2615,30.09,279.12,72.91,1.0000,0.436119,0.151889,292.63,333.22,0.9845,0.457227,0.694216
1786703423.962047,86.546928,2616,30.09,279.25,72.93,1.0000,0.436323,0.151928,292.64,333.23,0.9843,0.457246,0.694225
1786703424.018134,86.603015,2617,30.09,279.47,72.84,1.0000,0.436674,0.151757,292.55,333.21,0.9843,0.457106,0.694181
1786703424.025840,86.610721,2618,30.09,279.64,72.88,1.0000,0.436936,0.151841,292.53,333.09,0.9840,0.457085,0.693941
1786703424.074431,86.659313,2619,30.09,279.79,72.84,1.0000,0.437172,0.151751,292.55,333.15,0.9839,0.457114,0.694067
1786703424.106088,86.690969,2620,30.04,280.03,72.95,1.0000,0.437552,0.151980,292.56,333.14,0.9838,0.457123,0.694039
1786703424.123997,86.708878,2621,30.04,280.11,72.93,1.0000,0.437669,0.151931,292.55,333.09,0.9839,0.457115,0.693929
1786703424.169672,86.754554,2622,30.04,280.18,73.03,1.0000,0.437785,0.152144,292.67,333.17,0.9840,0.457289,0.694102
1786703424.185672,86.770553,2623,30.04,280.06,72.91,1.0000,0.437591,0.151896,292.68,333.15,0.9838,0.457306,0.694072
1786703424.244510,86.829392,2624,30.04,280.05,72.91,1.0000,0.437580,0.151902,292.68,333.16,0.9837,0.457308,0.694091
1786703424.270264,86.855146,2625,30.04,280.00,72.98,1.0000,0.437498,0.152033,292.68,333.19,0.9835,0.457310,0.694150
1786703424.296779,86.881660,2626,30.04,279.79,72.96,1.0000,0.437168,0.152006,292.68,333.22,0.9833,0.457320,0.694204
1786703424.337269,86.922151,2627,30.04,279.73,72.98,1.0000,0.437071,0.152042,292.70,333.22,0.9833,0.457346,0.694198
1786703424.371650,86.956531,2628,30.04,279.73,72.98,1.0000,0.437074,0.152048,292.69,333.18,0.9834,0.457335,0.694129
1786703424.403481,86.988362,2629,30.04,279.65,72.98,1.0000,0.436958,0.152047,292.70,333.32,0.9836,0.457344,0.694421
1786703424.437480,87.022362,2630,30.04,279.65,73.14,1.0000,0.436956,0.152367,292.78,333.37,0.9839,0.457472,0.694512
1786703424.466066,87.050947,2631,30.04,279.65,72.99,1.0000,0.436956,0.152054,292.78,333.36,0.9839,0.457474,0.694504
1786703424.498149,87.083030,2632,30.04,279.65,73.00,1.0000,0.436958,0.152075,292.80,333.32,0.9841,0.457504,0.694420
1786703424.547833,87.132715,2633,30.04,279.56,73.00,1.0000,0.436816,0.152077,292.81,333.37,0.9843,0.457523,0.694517
1786703424.558871,87.143753,2634,30.04,279.55,73.00,1.0000,0.436794,0.152073,292.76,333.38,0.9843,0.457443,0.694551
1786703424.598043,87.182924,2635,30.04,279.45,72.96,1.0000,0.436647,0.152008,292.76,333.39,0.9846,0.457445,0.694555
1786703424.632513,87.217394,2636,30.07,279.33,72.96,1.0000,0.436452,0.151990,292.75,333.30,0.9847,0.457427,0.694382
1786703424.664166,87.249048,2637,30.07,279.33,72.98,1.0000,0.436446,0.152039,292.76,333.29,0.9847,0.457432,0.694352
1786703424.700538,87.285419,2638,30.07,279.21,72.88,1.0000,0.436270,0.151835,292.75,333.32,0.9847,0.457420,0.694421
1786703424.740404,87.325286,2639,30.07,279.21,72.87,1.0000,0.436261,0.151815,292.75,333.35,0.9846,0.457421,0.694487
1786703424.778363,87.363245,2640,30.07,279.11,72.86,1.0000,0.436114,0.151785,292.75,333.37,0.9847,0.457428,0.694518
1786703424.804795,87.389676,2641,30.07,279.07,72.87,1.0000,0.436048,0.151803,292.78,333.37,0.9848,0.457462,0.694521
1786703424.869201,87.454082,2642,30.07,279.08,72.94,1.0000,0.436058,0.151949,292.80,333.33,0.9848,0.457494,0.694437
1786703424.881229,87.466111,2643,30.07,279.08,72.93,1.0000,0.436070,0.151941,292.80,333.33,0.9847,0.457502,0.694437
1786703424.897332,87.482213,2644,30.07,279.09,72.95,1.0000,0.436074,0.151972,292.80,333.31,0.9848,0.457506,0.694405
1786703424.933534,87.518416,2645,30.07,279.15,72.87,1.0000,0.436176,0.151823,292.78,333.39,0.9845,0.457466,0.694563
1786703424.965311,87.550193,2646,30.07,279.15,72.91,1.0000,0.436178,0.151905,292.76,333.40,0.9844,0.457436,0.694582
1786703424.999955,87.584836,2647,30.07,279.16,72.91,1.0000,0.436184,0.151900,292.72,333.42,0.9841,0.457371,0.694626
1786703425.037357,87.622239,2648,30.07,279.15,72.94,1.0000,0.436171,0.151950,292.69,333.47,0.9841,0.457329,0.694740
1786703425.068827,87.653708,2649,30.07,279.24,72.90,1.0000,0.436319,0.151882,292.70,333.48,0.9839,0.457344,0.694740
1786703425.106950,87.691831,2650,30.07,279.37,72.85,1.0000,0.436512,0.151774,292.70,333.48,0.9838,0.457342,0.694748
1786703425.135603,87.720484,2651,30.07,279.38,72.99,1.0000,0.436537,0.152053,292.71,333.54,0.9838,0.457363,0.694884
1786703425.169255,87.754136,2652,30.02,279.42,72.81,1.0000,0.436594,0.151696,292.71,333.55,0.9838,0.457363,0.694897
1786703425.220780,87.805662,2653,30.02,279.51,72.82,1.0000,0.436742,0.151706,292.71,333.64,0.9839,0.457353,0.695088
1786703425.236481,87.821362,2654,30.02,279.53,72.82,1.0000,0.436758,0.151710,292.69,333.74,0.9839,0.457329,0.695281
1786703425.268391,87.853272,2655,30.02,279.53,72.85,1.0000,0.436764,0.151780,292.74,333.74,0.9840,0.457412,0.695284
1786703425.284322,87.869204,2656,30.02,279.46,72.84,1.0000,0.436661,0.151757,292.80,333.67,0.9841,0.457497,0.695144
1786703425.339728,87.924609,2657,30.02,279.46,72.83,1.0000,0.436661,0.151730,292.74,333.61,0.9839,0.457404,0.695025
1786703425.366085,87.950966,2658,30.02,279.46,72.76,1.0000,0.436659,0.151589,292.73,333.57,0.9838,0.457398,0.694937
1786703425.406048,87.990929,2659,30.02,279.50,72.78,1.0000,0.436714,0.151631,292.71,333.45,0.9835,0.457360,0.694681
1786703425.420645,88.005527,2660,30.02,279.49,72.79,1.0000,0.436709,0.151653,292.70,333.39,0.9833,0.457350,0.694566
1786703425.468427,88.053309,2661,30.02,279.51,72.86,1.0000,0.436728,0.151801,292.70,333.32,0.9832,0.457339,0.694407
1786703425.491344,88.076226,2662,30.02,279.54,72.97,1.0000,0.436787,0.152023,292.79,333.32,0.9828,0.457479,0.694410
1786703425.529628,88.114509,2663,30.02,279.53,73.05,1.0000,0.436772,0.152197,292.78,333.31,0.9826,0.457473,0.694391
1786703425.577182,88.162063,2664,30.02,279.53,73.05,1.0000,0.436772,0.152197,292.85,333.26,0.9828,0.457579,0.694287
1786703425.596927,88.181808,2665,30.02,279.54,73.15,1.0000,0.436780,0.152403,292.82,333.17,0.9825,0.457534,0.694107
1786703425.640918,88.225799,2666,30.02,279.52,73.06,1.0000,0.436743,0.152199,292.85,333.24,0.9824,0.457572,0.694253
1786703425.665240,88.250121,2667,30.02,279.49,73.07,1.0000,0.436709,0.152229,292.85,333.09,0.9826,0.457581,0.693946
1786703425.698057,88.282938,2668,30.08,279.56,73.00,1.0000,0.436810,0.152083,292.87,333.05,0.9828,0.457617,0.693855
1786703425.724013,88.308894,2669,30.08,279.57,72.98,1.0000,0.436829,0.152043,292.87,333.02,0.9828,0.457611,0.693789
1786703425.775737,88.360618,2670,30.08,279.58,72.96,1.0000,0.436838,0.151993,292.87,332.74,0.9829,0.457616,0.693209
1786703425.791223,88.376105,2671,30.08,279.71,73.04,1.0000,0.437040,0.152157,292.94,332.73,0.9829,0.457717,0.693197
1786703425.828428,88.413309,2672,30.08,279.90,73.06,1.0000,0.437339,0.152203,292.94,332.67,0.9830,0.457714,0.693065
1786703425.876245,88.461126,2673,30.08,279.93,73.27,1.0000,0.437387,0.152642,292.92,332.92,0.9831,0.457686,0.693588
1786703425.910694,88.495575,2674,30.08,280.13,73.27,1.0000,0.437706,0.152646,292.84,332.77,0.9833,0.457560,0.693264
1786703425.950314,88.535195,2675,30.08,280.13,73.41,1.0000,0.437704,0.152931,292.86,332.79,0.9836,0.457595,0.693311
1786703425.966217,88.551098,2676,30.08,280.20,73.37,1.0000,0.437820,0.152855,292.84,332.96,0.9834,0.457567,0.693671
1786703426.013683,88.598564,2677,30.08,280.25,73.38,1.0000,0.437889,0.152882,292.83,332.79,0.9835,0.457541,0.693315
1786703426.029522,88.614404,2678,30.08,280.43,73.38,1.0000,0.438178,0.152865,292.87,332.83,0.9836,0.457606,0.693397
1786703426.077292,88.662174,2679,30.08,280.53,73.38,1.0000,0.438329,0.152865,292.89,332.95,0.9836,0.457642,0.693648
1786703426.133788,88.718669,2680,30.08,280.71,73.38,1.0000,0.438614,0.152877,292.90,332.99,0.9837,0.457657,0.693735
1786703426.141500,88.726382,2681,30.08,280.71,73.42,1.0000,0.438616,0.152954,292.89,333.01,0.9838,0.457646,0.693761
1786703426.168652,88.753534,2682,30.08,280.87,73.41,1.0000,0.438863,0.152935,292.88,333.01,0.9837,0.457630,0.693780
1786703426.223912,88.808793,2683,29.76,281.02,73.55,1.0000,0.439092,0.153238,292.92,333.02,0.9836,0.457680,0.693800
1786703426.238959,88.823840,2684,29.76,281.25,73.56,1.0000,0.439450,0.153240,292.90,333.23,0.9832,0.457663,0.694234
1786703426.273782,88.858663,2685,29.76,281.33,73.62,1.0000,0.439579,0.153378,292.88,333.23,0.9832,0.457620,0.694221
1786703426.320984,88.905865,2686,29.76,281.38,73.58,1.0000,0.439652,0.153296,292.86,333.27,0.9827,0.457601,0.694314
1786703426.332499,88.917380,2687,29.76,281.47,73.63,1.0000,0.439802,0.153402,292.88,333.28,0.9828,0.457620,0.694337
1786703426.373292,88.958173,2688,29.76,281.47,73.57,1.0000,0.439805,0.153280,292.87,333.26,0.9830,0.457611,0.694285
1786703426.400127,88.985008,2689,29.76,281.47,73.56,1.0000,0.439798,0.153242,292.85,333.26,0.9832,0.457577,0.694292
1786703426.443007,89.027888,2690,29.76,281.43,73.56,1.0000,0.439735,0.153242,292.81,333.34,0.9828,0.457513,0.694460
1786703426.467818,89.052700,2691,29.76,281.40,73.62,1.0000,0.439694,0.153368,292.81,333.34,0.9828,0.457515,0.694456
1786703426.506700,89.091581,2692,29.76,281.39,73.63,1.0000,0.439672,0.153398,292.81,333.27,0.9827,0.457508,0.694307
1786703426.536282,89.121163,2693,29.76,281.33,73.65,1.0000,0.439573,0.153438,292.79,333.27,0.9828,0.457478,0.694318
1786703426.570511,89.155392,2694,29.76,281.22,73.65,1.0000,0.439403,0.153439,292.78,333.24,0.9829,0.457473,0.694240
1786703426.610700,89.195581,2695,29.76,281.05,73.60,0.9999,0.439142,0.153336,292.74,333.15,0.9830,0.457410,0.694069
1786703426.642229,89.227111,2696,29.76,281.05,73.59,0.9999,0.439133,0.153315,292.74,333.14,0.9832,0.457402,0.694040
1786703426.671156,89.256037,2697,29.76,280.83,73.59,0.9999,0.438793,0.153319,292.73,333.11,0.9835,0.457394,0.693972
1786703426.710631,89.295512,2698,29.76,280.75,73.58,1.0000,0.438679,0.153290,292.78,333.14,0.9835,0.457471,0.694040
1786703426.728606,89.313488,2699,29.76,280.75,73.58,1.0000,0.438679,0.153298,292.77,333.11,0.9835,0.457445,0.693986
1786703426.768057,89.352938,2700,30.06,280.75,73.55,1.0000,0.438677,0.153232,292.75,333.09,0.9836,0.457423,0.693942
1786703426.797727,89.382609,2701,30.06,280.54,73.55,0.9999,0.438350,0.153233,292.75,333.12,0.9836,0.457416,0.694006
1786703426.836662,89.421543,2702,30.06,280.55,73.55,0.9999,0.438364,0.153224,292.72,333.14,0.9836,0.457383,0.694037
1786703426.868592,89.453473,2703,30.06,280.54,73.56,0.9999,0.438337,0.153240,292.75,333.08,0.9837,0.457427,0.693909
1786703426.900575,89.485456,2704,30.06,280.56,73.60,1.0000,0.438378,0.153326,292.78,333.15,0.9837,0.457466,0.694066
1786703426.937995,89.522876,2705,30.06,280.40,73.60,0.9999,0.438118,0.153339,292.79,333.13,0.9839,0.457481,0.694028
1786703426.972012,89.556893,2706,30.06,280.40,73.56,1.0000,0.438123,0.153243,292.80,333.20,0.9837,0.457493,0.694166
1786703427.011760,89.596642,2707,30.06,280.40,73.56,1.0000,0.438120,0.153254,292.86,333.20,0.9837,0.457588,0.694160
1786703427.043205,89.628086,2708,30.06,280.58,73.53,1.0000,0.438409,0.153182,292.85,333.32,0.9838,0.457571,0.694418
1786703427.068837,89.653718,2709,30.06,280.61,73.53,1.0000,0.438459,0.153184,292.85,333.24,0.9839,0.457571,0.694258
1786703427.101938,89.686819,2710,30.06,280.74,73.54,1.0000,0.438660,0.153212,292.77,333.25,0.9838,0.457451,0.694274
1786703427.134079,89.718961,2711,30.06,280.74,73.54,1.0000,0.438653,0.153209,292.83,333.19,0.9839,0.457552,0.694140
1786703427.171151,89.756032,2712,30.06,280.69,73.54,1.0000,0.438581,0.153212,292.83,333.17,0.9840,0.457547,0.694099
1786703427.200338,89.785219,2713,30.06,280.84,73.58,1.0000,0.438810,0.153283,292.83,333.14,0.9839,0.457553,0.694032
1786703427.231931,89.816813,2714,30.06,280.75,73.58,1.0000,0.438669,0.153291,292.85,333.14,0.9838,0.457585,0.694042
1786703427.269270,89.854151,2715,30.06,280.87,73.67,1.0000,0.438865,0.153469,292.83,333.18,0.9838,0.457541,0.694135
1786703427.300437,89.885319,2716,30.20,280.90,73.67,1.0000,0.438909,0.153487,292.84,333.22,0.9835,0.457562,0.694208
1786703427.316503,89.901385,2717,30.20,280.90,73.65,1.0000,0.438912,0.153444,292.84,333.15,0.9837,0.457558,0.694055
1786703427.369537,89.954418,2718,30.20,280.93,73.65,1.0000,0.438952,0.153437,292.85,333.08,0.9837,0.457577,0.693916
1786703427.409171,89.994053,2719,30.20,280.94,73.61,1.0000,0.438973,0.153352,292.85,333.09,0.9840,0.457585,0.693939
1786703427.435276,90.020158,2720,30.20,280.95,73.61,1.0000,0.438977,0.153345,292.87,333.07,0.9839,0.457615,0.693893
1786703427.463997,90.048879,2721,30.20,280.92,73.60,1.0000,0.438944,0.153342,292.89,333.00,0.9841,0.457643,0.693753
1786703427.505758,90.090640,2722,30.20,280.66,73.58,1.0000,0.438524,0.153294,292.87,333.11,0.9837,0.457610,0.693971
1786703427.523408,90.108289,2723,30.20,280.66,73.54,1.0000,0.438525,0.153209,292.86,333.10,0.9834,0.457589,0.693961
1786703427.564272,90.149153,2724,30.20,280.69,73.55,1.0000,0.438574,0.153236,292.85,333.05,0.9833,0.457578,0.693853
1786703427.618150,90.203032,2725,30.20,280.68,73.55,1.0000,0.438569,0.153238,292.81,333.03,0.9832,0.457516,0.693815
1786703427.633511,90.218392,2726,30.20,280.74,73.58,1.0000,0.438654,0.153294,292.84,332.97,0.9834,0.457565,0.693682
1786703427.670736,90.255617,2727,30.20,280.74,73.57,1.0000,0.438656,0.153277,292.84,332.96,0.9835,0.457566,0.693659
1786703427.699701,90.284582,2728,30.20,280.75,73.57,1.0000,0.438678,0.153276,292.83,332.94,0.9834,0.457553,0.693622
1786703427.733198,90.318079,2729,30.20,280.87,73.50,0.9999,0.438866,0.153125,292.81,332.95,0.9831,0.457521,0.693648
1786703427.762661,90.347543,2730,30.20,280.90,73.50,0.9999,0.438911,0.153127,292.81,332.90,0.9831,0.457520,0.693538
1786703427.796857,90.381738,2731,30.05,280.96,73.52,0.9999,0.438994,0.153162,292.80,332.87,0.9831,0.457492,0.693470
1786703427.832920,90.417802,2732,30.05,280.96,73.45,0.9999,0.439007,0.153029,292.79,332.93,0.9830,0.457488,0.693611
1786703427.888270,90.473151,2733,30.05,280.97,73.45,0.9999,0.439011,0.153029,292.83,332.89,0.9830,0.457550,0.693530
1786703427.904361,90.489242,2734,30.05,280.94,73.47,1.0000,0.438966,0.153055,292.83,332.97,0.9831,0.457542,0.693678
1786703427.927960,90.512841,2735,30.05,280.78,73.43,1.0000,0.438721,0.152986,292.82,332.96,0.9830,0.457536,0.693665
1786703427.962975,90.547856,2736,30.05,280.89,73.44,1.0000,0.438893,0.153005,292.81,332.96,0.9829,0.457523,0.693676
1786703428.002771,90.587652,2737,30.05,280.86,73.42,1.0000,0.438846,0.152957,292.75,332.99,0.9827,0.457429,0.693733
1786703428.037321,90.622203,2738,30.05,280.92,73.44,1.0000,0.438937,0.152992,292.75,332.92,0.9830,0.457421,0.693592
1786703428.071413,90.656294,2739,30.05,280.66,73.38,1.0000,0.438537,0.152878,292.75,332.93,0.9827,0.457419,0.693594
1786703428.103208,90.688090,2740,30.05,280.80,73.45,1.0000,0.438744,0.153024,292.78,332.94,0.9825,0.457464,0.693622
1786703428.142527,90.727408,2741,30.05,280.86,73.43,1.0000,0.438843,0.152983,292.83,333.00,0.9824,0.457550,0.693749
1786703428.177346,90.762228,2742,30.05,280.95,73.51,1.0000,0.438980,0.153140,292.83,332.75,0.9823,0.457554,0.693227
1786703428.211145,90.796026,2743,30.05,280.96,73.49,1.0000,0.438994,0.153112,292.83,332.79,0.9825,0.457553,0.693312
1786703428.237648,90.822530,2744,30.05,281.02,73.54,1.0000,0.439094,0.153206,292.81,332.94,0.9822,0.457523,0.693621
1786703428.257694,90.842576,2745,30.05,281.03,73.56,1.0000,0.439109,0.153246,292.82,332.93,0.9819,0.457524,0.693614
1786703428.317848,90.902729,2746,29.82,281.15,73.64,1.0000,0.439300,0.153414,292.82,332.93,0.9817,0.457534,0.693608
1786703428.333570,90.918452,2747,29.82,281.19,73.59,1.0000,0.439356,0.153314,292.82,332.92,0.9817,0.457527,0.693574
1786703428.368196,90.953077,2748,29.82,281.24,73.61,1.0000,0.439433,0.153363,292.81,332.56,0.9818,0.457514,0.692829
1786703428.403558,90.988440,2749,29.82,281.24,73.61,1.0000,0.439433,0.153357,292.80,332.81,0.9815,0.457495,0.693355
1786703428.437164,91.022045,2750,29.82,281.28,73.64,1.0000,0.439499,0.153412,292.80,332.48,0.9814,0.457505,0.692665
1786703428.476687,91.061568,2751,29.82,281.30,73.62,1.0000,0.439524,0.153372,292.80,332.61,0.9813,0.457493,0.692937
1786703428.521905,91.106787,2752,29.82,281.31,73.65,1.0000,0.439550,0.153428,292.78,332.67,0.9813,0.457467,0.693059
1786703428.534379,91.119261,2753,29.82,281.32,73.59,1.0000,0.439560,0.153318,292.78,332.63,0.9812,0.457468,0.692979
1786703428.566881,91.151762,2754,29.82,281.34,73.52,1.0000,0.439589,0.153162,292.80,332.55,0.9813,0.457505,0.692816
1786703428.598308,91.183189,2755,29.82,281.34,73.55,1.0000,0.439589,0.153230,292.87,332.58,0.9817,0.457604,0.692881
1786703428.648746,91.233627,2756,29.82,281.34,73.45,1.0000,0.439593,0.153022,292.78,332.71,0.9817,0.457473,0.693153
1786703428.698895,91.283776,2757,29.82,281.34,73.46,1.0000,0.439593,0.153046,292.78,332.75,0.9817,0.457471,0.693221
1786703428.714031,91.298912,2758,29.82,281.34,73.40,1.0000,0.439596,0.152921,292.82,332.74,0.9820,0.457535,0.693213
1786703428.742219,91.327101,2759,29.82,281.34,73.40,1.0000,0.439597,0.152912,292.80,332.67,0.9819,0.457495,0.693072
1786703428.772825,91.357706,2760,29.82,281.32,73.42,1.0000,0.439555,0.152959,292.77,332.76,0.9820,0.457461,0.693244
1786703428.804174,91.389055,2761,29.82,281.28,73.36,1.0000,0.439495,0.152833,292.76,332.78,0.9820,0.457443,0.693285
1786703428.832710,91.417591,2762,30.07,281.27,73.39,1.0000,0.439479,0.152895,292.76,332.78,0.9822,0.457433,0.693282
1786703428.871677,91.456558,2763,30.07,281.19,73.27,1.0000,0.439363,0.152650,292.71,332.78,0.9819,0.457367,0.693286
1786703428.887755,91.472636,2764,30.07,281.22,73.31,1.0000,0.439403,0.152738,292.71,332.83,0.9820,0.457361,0.693388
1786703428.933038,91.517920,2765,30.07,281.22,73.29,1.0000,0.439403,0.152681,292.74,332.78,0.9822,0.457406,0.693301
1786703428.967113,91.551995,2766,30.07,281.21,73.33,1.0000,0.439392,0.152766,292.74,333.01,0.9824,0.457403,0.693779
1786703429.003870,91.588751,2767,30.07,281.07,73.14,1.0000,0.439177,0.152368,292.71,332.99,0.9821,0.457357,0.693728
1786703429.044381,91.629262,2768,30.07,281.09,73.16,1.0000,0.439209,0.152420,292.70,332.98,0.9822,0.457344,0.693708
1786703429.064512,91.649393,2769,30.07,281.10,73.16,1.0000,0.439226,0.152419,292.70,332.95,0.9821,0.457346,0.693656
1786703429.104308,91.689190,2770,30.07,281.14,73.02,1.0000,0.439281,0.152119,292.72,333.04,0.9820,0.457372,0.693831
1786703429.138369,91.723250,2771,30.07,281.16,73.03,1.0000,0.439309,0.152136,292.69,333.09,0.9821,0.457328,0.693937
1786703429.170438,91.755319,2772,30.07,281.15,73.03,1.0000,0.439297,0.152141,292.73,332.86,0.9823,0.457388,0.693459
1786703429.202308,91.787189,2773,30.07,281.21,72.96,1.0000,0.439388,0.151991,292.79,332.73,0.9826,0.457481,0.693195
1786703429.236739,91.821620,2774,30.07,281.21,72.97,1.0000,0.439390,0.152021,292.83,332.83,0.9828,0.457547,0.693401
1786703429.265621,91.850502,2775,30.07,281.21,72.97,1.0000,0.439386,0.152019,292.84,332.83,0.9828,0.457558,0.693404
1786703429.318398,91.903280,2776,30.07,281.22,72.83,1.0000,0.439399,0.151720,292.87,333.09,0.9829,0.457616,0.693935
1786703429.347684,91.932565,2777,29.90,281.20,72.65,1.0000,0.439380,0.151359,292.88,333.08,0.9830,0.457621,0.693914
1786703429.363230,91.948111,2778,29.90,281.36,72.65,1.0000,0.439626,0.151358,292.89,333.05,0.9829,0.457634,0.693857
1786703429.411690,91.996572,2779,29.90,281.45,72.62,1.0000,0.439760,0.151297,292.88,333.04,0.9828,0.457621,0.693832
1786703429.427092,92.011974,2780,29.90,281.47,72.54,1.0000,0.439800,0.151122,292.88,333.06,0.9824,0.457624,0.693866
1786703429.474748,92.059630,2781,29.90,281.52,72.41,1.0000,0.439871,0.150852,292.85,332.69,0.9825,0.457578,0.693112
1786703429.497315,92.082196,2782,29.90,281.54,72.27,1.0000,0.439912,0.150572,292.85,332.56,0.9826,0.457581,0.692835
1786703429.539951,92.124832,2783,29.90,281.68,72.28,0.9999,0.440133,0.150574,292.89,332.63,0.9827,0.457646,0.692972
1786703429.550646,92.135527,2784,29.90,281.69,72.18,0.9999,0.440138,0.150377,292.88,332.58,0.9827,0.457618,0.692881
1786703429.597825,92.182706,2785,29.90,281.70,72.15,0.9999,0.440153,0.150319,292.88,332.60,0.9827,0.457618,0.692920
1786703429.645605,92.230487,2786,29.90,281.79,72.19,0.9999,0.440292,0.150395,292.95,332.64,0.9829,0.457737,0.692991
1786703429.671351,92.256233,2787,29.90,281.84,72.14,0.9999,0.440381,0.150289,292.92,332.57,0.9829,0.457688,0.692854
1786703429.696156,92.281038,2788,29.90,281.85,72.15,0.9999,0.440384,0.150310,292.93,332.57,0.9830,0.457710,0.692854
1786703429.725539,92.310421,2789,29.90,282.02,72.22,0.9999,0.440657,0.150462,292.87,332.40,0.9830,0.457615,0.692500
1786703429.770893,92.355774,2790,29.90,281.98,72.22,1.0000,0.440589,0.150464,292.80,332.42,0.9828,0.457502,0.692536
1786703429.797148,92.382029,2791,29.90,282.23,72.22,0.9999,0.440978,0.150465,292.88,332.63,0.9827,0.457626,0.692974
1786703429.834845,92.419726,2792,29.90,282.27,72.24,0.9999,0.441051,0.150508,292.94,332.69,0.9829,0.457718,0.693103
1786703429.868852,92.453733,2793,30.17,282.38,72.25,0.9999,0.441213,0.150530,292.93,332.67,0.9831,0.457701,0.693060
1786703429.917033,92.501915,2794,30.17,282.52,72.25,0.9999,0.441437,0.150520,292.89,332.68,0.9830,0.457638,0.693073
1786703429.931111,92.515992,2795,30.17,282.56,72.24,0.9999,0.441501,0.150502,292.94,332.74,0.9829,0.457725,0.693204
1786703429.997056,92.581937,2796,30.17,283.08,72.20,0.9999,0.442319,0.150415,292.93,332.74,0.9825,0.457704,0.693218
1786703430.001062,92.585943,2797,30.17,283.09,72.21,0.9999,0.442324,0.150428,292.93,332.91,0.9822,0.457706,0.693556
1786703430.040367,92.625248,2798,30.17,283.11,72.22,0.9999,0.442356,0.150467,292.94,332.87,0.9820,0.457717,0.693473
1786703430.075436,92.660317,2799,30.17,283.06,72.18,0.9999,0.442281,0.150378,292.93,332.87,0.9814,0.457709,0.693480
1786703430.091484,92.676365,2800,30.17,283.06,72.18,0.9999,0.442274,0.150378,292.94,332.70,0.9813,0.457711,0.693117
1786703430.147173,92.732054,2801,30.17,283.06,72.14,0.9999,0.442283,0.150300,292.88,332.72,0.9810,0.457622,0.693167
1786703430.176246,92.761127,2802,30.17,283.09,72.14,1.0000,0.442322,0.150302,292.87,332.72,0.9808,0.457608,0.693174
1786703430.202945,92.787826,2803,30.17,283.12,72.14,1.0000,0.442370,0.150301,292.87,332.94,0.9807,0.457611,0.693621
1786703430.247644,92.832526,2804,30.17,283.16,72.13,1.0000,0.442431,0.150278,292.85,333.19,0.9808,0.457580,0.694154
1786703430.274173,92.859054,2805,30.17,283.16,72.13,1.0000,0.442432,0.150276,292.85,333.15,0.9809,0.457579,0.694068
1786703430.305588,92.890470,2806,30.17,283.23,72.16,1.0000,0.442552,0.150325,292.78,333.05,0.9808,0.457465,0.693852
1786703430.331979,92.916860,2807,30.17,283.26,72.13,1.0000,0.442595,0.150276,292.86,333.08,0.9810,0.457589,0.693908
1786703430.369115,92.953996,2808,30.07,283.25,72.14,1.0000,0.442579,0.150288,292.82,333.10,0.9808,0.457537,0.693955
1786703430.398911,92.983793,2809,30.07,283.26,72.14,1.0000,0.442599,0.150295,292.83,333.22,0.9808,0.457548,0.694217
1786703430.438390,93.023271,2810,30.07,283.23,72.19,1.0000,0.442552,0.150394,292.80,333.12,0.9811,0.457497,0.694006
1786703430.475484,93.060365,2811,30.07,283.22,72.27,1.0000,0.442531,0.150565,292.79,333.12,0.9810,0.457491,0.694009
1786703430.491011,93.075892,2812,30.07,283.22,72.27,1.0000,0.442535,0.150553,292.76,333.15,0.9807,0.457439,0.694060
1786703430.529129,93.114010,2813,30.07,283.19,72.25,1.0000,0.442488,0.150521,292.76,333.09,0.9804,0.457433,0.693928
1786703430.569330,93.154211,2814,30.07,283.10,72.26,1.0000,0.442337,0.150546,292.75,333.34,0.9805,0.457422,0.694467
1786703430.607939,93.192821,2815,30.07,283.00,72.27,1.0000,0.442190,0.150554,292.75,333.33,0.9807,0.457429,0.694433
1786703430.644679,93.229560,2816,30.07,282.98,72.39,1.0000,0.442159,0.150822,292.84,333.40,0.9809,0.457561,0.694578
1786703430.681281,93.266162,2817,30.07,282.97,72.20,1.0000,0.442146,0.150410,292.84,333.40,0.9807,0.457558,0.694576
1786703430.695174,93.280055,2818,30.07,282.99,72.58,1.0000,0.442173,0.151205,292.72,333.46,0.9806,0.457378,0.694717
1786703430.733856,93.318737,2819,30.07,282.91,72.64,1.0000,0.442049,0.151342,292.71,333.44,0.9808,0.457361,0.694672
1786703430.770403,93.355284,2820,30.07,282.78,72.71,1.0000,0.441849,0.151472,292.71,333.37,0.9809,0.457366,0.694516
1786703430.793746,93.378627,2821,30.07,282.65,72.72,1.0000,0.441633,0.151495,292.73,333.39,0.9810,0.457391,0.694558
1786703430.839401,93.424282,2822,30.07,282.63,72.74,1.0000,0.441612,0.151533,292.76,333.33,0.9812,0.457438,0.694438
1786703430.855216,93.440097,2823,30.07,282.54,72.76,0.9999,0.441464,0.151588,292.71,333.34,0.9814,0.457367,0.694461
1786703430.901748,93.486629,2824,30.10,282.54,72.71,0.9999,0.441462,0.151480,292.74,333.01,0.9810,0.457410,0.693780
1786703430.938982,93.523863,2825,30.10,282.53,72.86,1.0000,0.441460,0.151788,292.80,333.06,0.9813,0.457498,0.693885
1786703430.965432,93.550313,2826,30.10,282.53,72.86,1.0000,0.441459,0.151790,292.78,333.08,0.9810,0.457464,0.693917
1786703430.999796,93.584677,2827,30.10,282.52,72.86,1.0000,0.441442,0.151788,292.78,333.10,0.9814,0.457465,0.693955
1786703431.042603,93.627484,2828,30.10,282.41,72.86,1.0000,0.441261,0.151790,292.74,333.02,0.9814,0.457403,0.693789
1786703431.071623,93.656504,2829,30.10,282.41,72.94,1.0000,0.441259,0.151958,292.79,332.99,0.9817,0.457481,0.693734
1786703431.103216,93.688097,2830,30.10,282.37,72.94,1.0000,0.441203,0.151961,292.72,332.86,0.9819,0.457369,0.693463
1786703431.134855,93.719736,2831,30.10,282.40,73.07,1.0000,0.441251,0.152237,292.71,332.87,0.9820,0.457362,0.693471
1786703431.169030,93.753911,2832,30.10,282.29,73.07,1.0000,0.441077,0.152238,292.69,332.94,0.9820,0.457335,0.693635
1786703431.213018,93.797899,2833,30.10,282.27,73.11,1.0000,0.441051,0.152322,292.77,332.93,0.9822,0.457446,0.693604
1786703431.256018,93.840899,2834,30.10,282.14,72.96,1.0000,0.440843,0.152006,292.76,332.91,0.9822,0.457445,0.693552
1786703431.269431,93.854312,2835,30.10,282.11,73.05,1.0000,0.440803,0.152196,292.72,332.92,0.9821,0.457374,0.693576
1786703431.299396,93.884277,2836,30.10,282.09,73.06,1.0000,0.440765,0.152210,292.74,332.91,0.9823,0.457412,0.693552
1786703431.339118,93.923999,2837,30.10,282.00,72.96,1.0000,0.440627,0.151991,292.81,332.91,0.9822,0.457521,0.693564
1786703431.385054,93.969935,2838,30.10,281.96,73.06,1.0000,0.440569,0.152210,292.82,333.00,0.9823,0.457535,0.693746
1786703431.398530,93.983411,2839,30.03,281.95,73.06,1.0000,0.440541,0.152211,292.80,332.99,0.9819,0.457495,0.693734
1786703431.440749,94.025631,2840,30.03,281.93,73.07,1.0000,0.440520,0.152232,292.80,332.95,0.9819,0.457499,0.693648
1786703431.461362,94.046243,2841,30.03,281.93,73.04,1.0000,0.440519,0.152163,292.69,332.81,0.9820,0.457324,0.693349
1786703431.492975,94.077856,2842,30.03,281.94,73.30,1.0000,0.440538,0.152714,292.67,332.81,0.9818,0.457304,0.693349
1786703431.537074,94.121955,2843,30.03,281.94,73.21,1.0000,0.440539,0.152527,292.66,332.81,0.9816,0.457284,0.693345
1786703431.561910,94.146792,2844,30.03,281.95,73.21,1.0000,0.440547,0.152526,292.67,332.90,0.9813,0.457293,0.693532
1786703431.596083,94.180964,2845,30.03,281.90,73.17,1.0000,0.440475,0.152446,292.62,332.98,0.9810,0.457222,0.693707
1786703431.631058,94.215939,2846,30.03,281.90,73.09,1.0000,0.440473,0.152264,292.63,333.13,0.9805,0.457227,0.694014
1786703431.670517,94.255399,2847,30.03,281.93,73.10,1.0000,0.440522,0.152298,292.62,333.17,0.9806,0.457219,0.694113
1786703431.699601,94.284483,2848,30.03,281.96,73.02,1.0000,0.440560,0.152121,292.62,333.17,0.9806,0.457225,0.694097
1786703431.731737,94.316618,2849,30.03,282.00,72.97,1.0000,0.440622,0.152028,292.63,333.20,0.9808,0.457229,0.694162
1786703431.742236,94.327118,2850,30.03,282.00,72.94,1.0000,0.440630,0.151956,292.67,333.23,0.9812,0.457292,0.694221
1786703431.801239,94.386120,2851,30.03,281.92,72.94,1.0000,0.440504,0.151952,292.67,333.11,0.9810,0.457289,0.693989
1786703431.832612,94.417493,2852,30.03,281.94,72.91,1.0000,0.440530,0.151900,292.67,333.13,0.9813,0.457302,0.694024
1786703431.866400,94.451281,2853,30.03,281.99,72.89,1.0000,0.440615,0.151863,292.65,332.96,0.9811,0.457268,0.693674
1786703431.909334,94.494215,2854,29.95,282.02,72.91,1.0000,0.440661,0.151897,292.69,332.99,0.9812,0.457332,0.693736
1786703431.917368,94.502249,2855,29.95,282.02,72.91,1.0000,0.440652,0.151894,292.68,332.99,0.9814,0.457308,0.693735
1786703431.964439,94.549320,2856,29.95,282.06,72.91,1.0000,0.440715,0.151892,292.68,332.99,0.9811,0.457308,0.693739
1786703432.004375,94.589256,2857,29.95,282.06,72.91,1.0000,0.440712,0.151895,292.68,333.06,0.9813,0.457319,0.693865
1786703432.036052,94.620934,2858,29.95,282.03,72.83,1.0000,0.440678,0.151737,292.69,333.05,0.9815,0.457327,0.693846
1786703432.073447,94.658328,2859,29.95,282.03,72.84,1.0000,0.440679,0.151760,292.63,333.06,0.9813,0.457234,0.693876
1786703432.102968,94.687849,2860,29.95,282.07,72.78,1.0000,0.440733,0.151626,292.63,333.01,0.9815,0.457233,0.693777
1786703432.142544,94.727425,2861,29.95,282.13,72.79,1.0000,0.440831,0.151640,292.64,333.01,0.9817,0.457243,0.693771
1786703432.160137,94.745018,2862,29.95,282.15,72.78,1.0000,0.440863,0.151623,292.66,333.04,0.9818,0.457289,0.693843
1786703432.198157,94.783038,2863,29.95,282.15,72.78,1.0000,0.440860,0.151620,292.72,333.04,0.9820,0.457377,0.693839
1786703432.232816,94.817697,2864,29.95,282.16,72.66,1.0000,0.440870,0.151384,292.71,332.99,0.9816,0.457355,0.693726
1786703432.265492,94.850373,2865,29.95,282.16,72.59,1.0000,0.440872,0.151230,292.67,332.99,0.9816,0.457297,0.693732
1786703432.301568,94.886449,2866,29.95,282.16,72.46,1.0000,0.440882,0.150953,292.68,332.89,0.9818,0.457318,0.693531
1786703432.331187,94.916068,2867,29.95,282.21,72.39,1.0000,0.440946,0.150809,292.75,332.93,0.9820,0.457423,0.693597
1786703432.368548,94.953429,2868,29.95,282.26,72.30,1.0000,0.441038,0.150625,292.74,332.88,0.9820,0.457401,0.693509
1786703432.402327,94.987208,2869,29.95,282.38,72.24,1.0000,0.441216,0.150493,292.73,332.92,0.9819,0.457391,0.693573
1786703432.441662,95.026544,2870,30.03,282.39,72.23,1.0000,0.441234,0.150480,292.72,332.67,0.9818,0.457370,0.693054
1786703432.469518,95.054399,2871,30.03,282.52,72.23,1.0000,0.441432,0.150478,292.82,332.67,0.9821,0.457535,0.693068
1786703432.523655,95.108536,2872,30.03,282.49,72.16,1.0000,0.441394,0.150338,292.84,332.50,0.9822,0.457567,0.692702
1786703432.552968,95.137849,2873,30.03,282.49,72.17,1.0000,0.441393,0.150354,292.82,332.54,0.9819,0.457526,0.692789
1786703432.568995,95.153876,2874,30.03,282.47,72.16,1.0000,0.441359,0.150341,292.86,332.56,0.9819,0.457587,0.692833
1786703432.596309,95.181190,2875,30.03,282.47,72.15,1.0000,0.441355,0.150310,292.86,332.57,0.9819,0.457600,0.692855
1786703432.633426,95.218308,2876,30.03,282.47,72.15,0.9999,0.441361,0.150313,292.97,332.57,0.9821,0.457765,0.692863
1786703432.683493,95.268374,2877,30.03,282.04,72.02,0.9999,0.440689,0.150033,292.97,332.58,0.9823,0.457766,0.692881
1786703432.695518,95.280400,2878,30.03,281.91,72.18,0.9999,0.440488,0.150370,292.98,332.67,0.9823,0.457779,0.693054
1786703432.740223,95.325104,2879,30.03,281.97,72.18,0.9999,0.440573,0.150366,292.98,332.65,0.9826,0.457778,0.693022
1786703432.766710,95.351592,2880,30.03,281.97,72.27,0.9999,0.440580,0.150554,292.97,332.61,0.9825,0.457773,0.692945
1786703432.795743,95.380624,2881,30.03,282.28,72.27,0.9999,0.441063,0.150561,292.97,332.58,0.9825,0.457760,0.692877
1786703432.843976,95.428857,2882,30.03,282.38,72.52,0.9999,0.441218,0.151089,293.00,332.58,0.9825,0.457810,0.692881
1786703432.866656,95.451538,2883,30.03,282.40,72.52,0.9999,0.441244,0.151092,292.99,332.58,0.9826,0.457793,0.692869
1786703432.925603,95.510485,2884,30.03,282.30,72.66,0.9999,0.441098,0.151380,293.03,332.79,0.9828,0.457856,0.693314
1786703432.939775,95.524656,2885,29.86,282.39,72.77,0.9999,0.441231,0.151611,292.89,332.75,0.9829,0.457648,0.693233
1786703432.970372,95.555254,2886,29.86,282.43,72.78,0.9999,0.441293,0.151626,292.85,332.83,0.9823,0.457583,0.693388
1786703432.999429,95.584311,2887,29.86,282.63,72.79,0.9999,0.441614,0.151641,292.88,332.90,0.9823,0.457622,0.693550
1786703433.034124,95.619005,2888,29.86,282.66,72.76,0.9999,0.441656,0.151579,292.89,332.94,0.9823,0.457642,0.693631
1786703433.068225,95.653106,2889,29.86,282.68,72.76,0.9999,0.441687,0.151575,292.84,332.89,0.9823,0.457566,0.693512
1786703433.102000,95.686882,2890,29.86,282.71,72.75,0.9999,0.441736,0.151568,292.83,332.89,0.9823,0.457550,0.693520
1786703433.132329,95.717211,2891,29.86,282.71,72.75,0.9999,0.441741,0.151569,292.85,332.89,0.9826,0.457584,0.693517
1786703433.184771,95.769652,2892,29.86,282.77,72.74,0.9999,0.441822,0.151548,292.85,332.85,0.9828,0.457584,0.693431
1786703433.208776,95.793657,2893,29.86,282.77,72.69,0.9999,0.441822,0.151447,292.85,332.87,0.9826,0.457580,0.693489
1786703433.240971,95.825852,2894,29.86,282.79,72.74,0.9999,0.441861,0.151541,292.87,332.86,0.9828,0.457604,0.693449
1786703433.279424,95.864305,2895,29.86,282.76,72.77,0.9999,0.441820,0.151594,292.78,332.79,0.9828,0.457469,0.693308
1786703433.292826,95.877708,2896,29.86,282.81,72.78,0.9999,0.441890,0.151620,292.77,332.97,0.9827,0.457453,0.693682
1786703433.331136,95.916017,2897,29.86,282.84,72.78,0.9999,0.441944,0.151622,292.81,332.97,0.9828,0.457514,0.693692
1786703433.373672,95.958553,2898,29.86,282.82,72.75,0.9999,0.441911,0.151566,292.81,332.79,0.9830,0.457516,0.693314
1786703433.396023,95.980904,2899,29.86,282.83,72.74,0.9999,0.441923,0.151547,292.82,332.79,0.9831,0.457532,0.693322
1786703433.434204,96.019085,2900,29.86,283.15,72.76,0.9999,0.442423,0.151590,292.83,332.79,0.9831,0.457545,0.693321
1786703433.468790,96.053671,2901,29.98,283.09,72.78,0.9999,0.442334,0.151624,292.78,332.86,0.9831,0.457471,0.693465
1786703433.501567,96.086448,2902,29.98,283.31,72.79,0.9999,0.442672,0.151640,292.73,332.94,0.9830,0.457386,0.693618
1786703433.529764,96.114646,2903,29.98,283.22,72.79,0.9999,0.442526,0.151641,292.77,332.94,0.9831,0.457451,0.693627
1786703433.559246,96.144127,2904,29.98,283.21,72.79,0.9999,0.442523,0.151635,292.80,333.08,0.9831,0.457500,0.693927
1786703433.598957,96.183838,2905,29.98,283.26,72.75,0.9999,0.442601,0.151556,292.77,333.09,0.9833,0.457458,0.693929
1786703433.636065,96.220947,2906,29.98,283.31,72.75,0.9999,0.442678,0.151555,292.81,333.10,0.9831,0.457514,0.693966
1786703433.667712,96.252593,2907,29.98,283.32,72.64,0.9999,0.442681,0.151327,292.80,333.01,0.9832,0.457498,0.693779
1786703433.699184,96.284066,2908,29.98,283.16,72.59,0.9999,0.442434,0.151233,292.78,333.07,0.9826,0.457476,0.693888
1786703433.746728,96.331610,2909,29.98,283.43,72.36,0.9999,0.442853,0.150754,292.77,333.05,0.9825,0.457448,0.693857
1786703433.761228,96.346110,2910,29.98,283.44,72.36,0.9999,0.442875,0.150751,292.80,333.20,0.9821,0.457494,0.694161
1786703433.824022,96.408903,2911,29.98,283.71,72.40,0.9999,0.443301,0.150825,292.80,333.28,0.9824,0.457492,0.694333
1786703433.836720,96.421601,2912,29.98,283.70,72.40,0.9999,0.443285,0.150835,292.78,333.38,0.9819,0.457465,0.694546
1786703433.868623,96.453504,2913,29.98,283.70,72.43,0.9999,0.443277,0.150897,292.79,333.39,0.9818,0.457480,0.694555
1786703433.919249,96.504130,2914,29.98,283.75,72.41,0.9999,0.443359,0.150863,292.91,333.39,0.9822,0.457679,0.694572
1786703433.934488,96.519369,2915,29.98,283.57,72.44,0.9999,0.443085,0.150917,292.91,333.19,0.9825,0.457669,0.694156
1786703433.974184,96.559065,2916,29.98,283.61,72.46,0.9999,0.443145,0.150966,292.90,333.49,0.9822,0.457663,0.694772
1786703434.006054,96.590935,2917,30.05,283.32,72.46,0.9999,0.442690,0.150962,292.96,333.48,0.9826,0.457755,0.694751
1786703434.037138,96.622019,2918,30.05,283.25,72.46,0.9999,0.442580,0.150962,292.95,333.32,0.9827,0.457732,0.694411
1786703434.064438,96.649320,2919,30.05,283.26,72.49,0.9999,0.442599,0.151016,292.95,333.46,0.9823,0.457729,0.694703
1786703434.124106,96.708987,2920,30.05,283.14,72.49,0.9999,0.442403,0.151017,293.00,333.40,0.9822,0.457816,0.694580
1786703434.154750,96.739631,2921,30.05,283.10,72.49,0.9999,0.442351,0.151023,292.97,333.22,0.9819,0.457772,0.694198
1786703434.181115,96.765996,2922,30.05,282.93,72.50,0.9999,0.442076,0.151040,292.97,333.18,0.9815,0.457770,0.694127
1786703434.218284,96.803165,2923,30.05,282.80,72.50,0.9999,0.441873,0.151033,292.95,333.06,0.9815,0.457732,0.693872
1786703434.233940,96.818821,2924,30.05,282.63,72.51,0.9999,0.441606,0.151054,292.94,332.81,0.9817,0.457726,0.693359
1786703434.281544,96.866425,2925,30.05,282.54,72.51,0.9999,0.441471,0.151055,292.95,332.80,0.9816,0.457732,0.693332
1786703434.299595,96.884476,2926,30.05,282.52,72.70,0.9999,0.441436,0.151452,292.96,332.79,0.9817,0.457757,0.693318
1786703434.350686,96.935567,2927,30.05,282.38,72.62,0.9999,0.441218,0.151296,292.96,332.76,0.9819,0.457743,0.693241
1786703434.367551,96.952432,2928,30.05,282.19,72.65,0.9999,0.440924,0.151353,292.93,332.82,0.9814,0.457697,0.693373
1786703434.416479,97.001360,2929,30.05,282.20,72.66,0.9999,0.440939,0.151367,292.68,332.80,0.9817,0.457315,0.693341
1786703434.435318,97.020199,2930,30.05,282.20,72.63,0.9999,0.440938,0.151305,292.69,332.83,0.9815,0.457336,0.693386
1786703434.469534,97.054416,2931,30.05,282.29,72.64,0.9999,0.441077,0.151341,292.73,332.81,0.9815,0.457383,0.693362
1786703434.506261,97.091142,2932,29.94,282.29,72.60,0.9999,0.441078,0.151241,292.72,333.26,0.9812,0.457378,0.694299
1786703434.530276,97.115158,2933,29.94,282.31,72.61,0.9999,0.441103,0.151271,292.78,333.22,0.9815,0.457467,0.694210
1786703434.564662,97.149544,2934,29.94,282.30,72.60,0.9999,0.441092,0.151254,292.78,333.12,0.9814,0.457474,0.693994
1786703434.598384,97.183265,2935,29.94,282.30,72.63,0.9999,0.441093,0.151302,292.75,333.14,0.9810,0.457423,0.694042
1786703434.632823,97.217704,2936,29.94,282.30,72.63,0.9999,0.441097,0.151302,292.79,333.12,0.9812,0.457486,0.694004
1786703434.667298,97.252179,2937,29.94,281.82,72.61,0.9999,0.440350,0.151277,292.85,333.05,0.9809,0.457581,0.693861
1786703434.698763,97.283644,2938,29.94,281.81,72.60,0.9999,0.440335,0.151240,292.85,333.03,0.9809,0.457580,0.693817
1786703434.730579,97.315460,2939,29.94,281.79,72.59,0.9999,0.440291,0.151239,292.87,333.01,0.9809,0.457607,0.693764
1786703434.770771,97.355653,2940,29.94,281.82,72.60,0.9999,0.440349,0.151256,292.90,333.03,0.9807,0.457651,0.693821
1786703434.799853,97.384735,2941,29.94,281.86,72.62,0.9999,0.440403,0.151293,292.90,332.88,0.9808,0.457659,0.693502
1786703434.832596,97.417477,2942,29.94,281.68,72.62,0.9999,0.440121,0.151286,292.90,332.88,0.9808,0.457659,0.693500
1786703434.869395,97.454276,2943,29.94,281.69,72.62,0.9999,0.440138,0.151288,292.92,332.78,0.9810,0.457687,0.693288
1786703434.903937,97.488818,2944,29.94,281.73,72.59,0.9999,0.440207,0.151220,292.98,332.81,0.9812,0.457782,0.693349
1786703434.933096,97.517977,2945,29.94,281.72,72.58,0.9999,0.440192,0.151207,292.99,332.85,0.9813,0.457793,0.693436
1786703434.969857,97.554738,2946,29.94,281.72,72.58,0.9999,0.440181,0.151203,293.03,332.78,0.9812,0.457867,0.693288
1786703435.004881,97.589762,2947,29.94,281.65,72.58,0.9999,0.440086,0.151211,293.03,332.78,0.9814,0.457862,0.693287
1786703435.033238,97.618120,2948,30.02,281.59,72.65,0.9999,0.439983,0.151359,293.00,332.93,0.9812,0.457815,0.693598
1786703435.120593,97.705474,2949,30.02,281.61,72.72,0.9999,0.440011,0.151494,293.00,332.93,0.9814,0.457818,0.693604
1786703435.123606,97.708487,2950,30.02,281.60,72.72,0.9999,0.440001,0.151505,292.99,332.95,0.9814,0.457799,0.693647
1786703435.139675,97.724557,2951,30.02,281.67,72.72,0.9999,0.440108,0.151500,292.93,332.96,0.9815,0.457705,0.693674
1786703435.166544,97.751425,2952,30.02,281.68,72.62,0.9999,0.440120,0.151283,292.85,333.11,0.9810,0.457573,0.693982
1786703435.198473,97.783355,2953,30.02,281.93,72.62,0.9999,0.440517,0.151291,292.74,333.09,0.9812,0.457409,0.693937
1786703435.238011,97.822892,2954,30.02,281.80,72.55,0.9999,0.440306,0.151147,292.73,332.95,0.9816,0.457396,0.693655
1786703435.271917,97.856798,2955,30.02,281.82,72.54,0.9999,0.440337,0.151135,292.79,333.01,0.9820,0.457487,0.693779
1786703435.286659,97.871540,2956,30.02,281.81,72.55,0.9999,0.440330,0.151135,292.63,332.97,0.9823,0.457227,0.693693
1786703435.346885,97.931767,2957,30.02,281.93,72.57,0.9999,0.440520,0.151185,292.63,333.04,0.9818,0.457234,0.693826
1786703435.378973,97.963854,2958,30.02,281.95,72.55,0.9999,0.440542,0.151153,292.71,332.99,0.9818,0.457363,0.693734
1786703435.398107,97.982989,2959,30.02,282.01,72.58,0.9999,0.440648,0.151210,292.71,332.98,0.9820,0.457353,0.693699
1786703435.431483,98.016364,2960,30.02,282.02,72.62,0.9999,0.440657,0.151297,292.69,333.05,0.9817,0.457334,0.693849
1786703435.465767,98.050648,2961,30.02,282.19,72.76,0.9999,0.440916,0.151575,292.55,333.00,0.9816,0.457108,0.693740
1786703435.503024,98.087906,2962,30.02,282.41,72.68,0.9999,0.441272,0.151413,292.55,332.84,0.9817,0.457110,0.693423
1786703435.519001,98.103882,2963,30.02,282.64,72.74,0.9999,0.441624,0.151535,292.54,332.66,0.9817,0.457095,0.693050
1786703435.572211,98.157092,2964,29.96,282.67,72.72,0.9999,0.441667,0.151498,292.54,332.68,0.9816,0.457091,0.693080
1786703435.598792,98.183673,2965,29.96,282.91,72.72,0.9999,0.442045,0.151495,292.54,332.61,0.9817,0.457091,0.692935
1786703435.633032,98.217913,2966,29.96,282.95,72.71,0.9999,0.442115,0.151487,292.52,332.87,0.9815,0.457066,0.693476
1786703435.662312,98.247193,2967,29.96,283.17,72.72,0.9999,0.442455,0.151492,292.47,332.88,0.9819,0.456986,0.693509
1786703435.699320,98.284201,2968,29.96,283.11,72.71,0.9999,0.442360,0.151484,292.50,333.14,0.9814,0.457036,0.694035
1786703435.748951,98.333832,2969,29.96,283.11,72.72,0.9999,0.442366,0.151493,292.44,333.06,0.9817,0.456935,0.693879
1786703435.770370,98.355251,2970,29.96,283.10,72.66,0.9999,0.442338,0.151382,292.49,333.03,0.9816,0.457023,0.693821
1786703435.802322,98.387203,2971,29.96,283.31,72.65,0.9999,0.442673,0.151358,292.52,333.26,0.9818,0.457055,0.694289
1786703435.837307,98.422188,2972,29.96,283.29,72.65,1.0000,0.442637,0.151361,292.53,333.23,0.9817,0.457072,0.694233
1786703435.868610,98.453491,2973,29.96,283.28,72.64,0.9999,0.442631,0.151341,292.53,333.12,0.9816,0.457083,0.694010
1786703435.911236,98.496117,2974,29.96,283.20,72.53,0.9999,0.442495,0.151099,292.61,333.12,0.9813,0.457201,0.693990
1786703435.940392,98.525273,2975,29.96,283.17,72.43,0.9999,0.442458,0.150897,292.59,333.12,0.9813,0.457164,0.693995
1786703435.979676,98.564557,2976,29.96,283.00,72.43,0.9999,0.442189,0.150896,292.55,333.33,0.9808,0.457105,0.694432
1786703436.000872,98.585753,2977,29.96,282.90,72.44,0.9999,0.442031,0.150926,292.60,333.16,0.9811,0.457193,0.694084
1786703436.038124,98.623005,2978,29.96,282.80,72.31,0.9999,0.441874,0.150655,292.62,333.07,0.9815,0.457214,0.693897
1786703436.074508,98.659389,2979,29.95,282.73,72.32,0.9999,0.441772,0.150668,292.66,333.05,0.9816,0.457281,0.693859
1786703436.108696,98.693577,2980,29.95,282.68,72.32,0.9999,0.441681,0.150668,292.66,333.07,0.9819,0.457287,0.693890
1786703436.143067,98.727948,2981,29.95,282.66,72.33,0.9999,0.441653,0.150678,292.68,333.05,0.9819,0.457316,0.693861
1786703436.157672,98.742553,2982,29.95,282.66,72.33,1.0000,0.441650,0.150678,292.76,333.06,0.9820,0.457432,0.693877
1786703436.209536,98.794417,2983,29.95,282.57,72.24,1.0000,0.441519,0.150491,292.69,332.94,0.9824,0.457336,0.693622
1786703436.233475,98.818356,2984,29.95,282.57,72.24,1.0000,0.441513,0.150494,292.73,333.10,0.9823,0.457392,0.693958
1786703436.270970,98.855851,2985,29.95,282.48,72.08,1.0000,0.441372,0.150177,292.78,332.78,0.9824,0.457463,0.693300
1786703436.302544,98.887425,2986,29.95,282.09,72.08,1.0000,0.440758,0.150177,292.67,332.81,0.9827,0.457295,0.693362
1786703436.363022,98.947904,2987,29.95,282.02,71.90,1.0000,0.440654,0.149787,292.68,332.66,0.9826,0.457316,0.693044
1786703436.376553,98.961435,2988,29.95,282.01,71.91,1.0000,0.440647,0.149816,292.71,332.51,0.9829,0.457356,0.692738
1786703436.392576,98.977457,2989,29.95,282.00,71.91,1.0000,0.440624,0.149816,292.73,332.53,0.9829,0.457394,0.692770
1786703436.437991,99.022872,2990,29.95,282.00,71.92,1.0000,0.440621,0.149834,292.72,332.93,0.9828,0.457374,0.693595
1786703436.467750,99.052631,2991,29.95,282.01,71.79,1.0000,0.440639,0.149571,292.71,332.96,0.9828,0.457358,0.693662
1786703436.503910,99.088791,2992,29.95,281.67,71.91,1.0000,0.440114,0.149813,292.70,332.88,0.9830,0.457345,0.693494
1786703436.543955,99.128836,2993,29.95,281.67,71.78,1.0000,0.440114,0.149541,292.72,332.83,0.9830,0.457377,0.693391
1786703436.558732,99.143613,2994,29.95,281.68,71.78,1.0000,0.440123,0.149541,292.69,332.82,0.9827,0.457326,0.693383
1786703436.606675,99.191556,2995,29.96,281.80,71.44,1.0000,0.440313,0.148839,292.56,332.90,0.9825,0.457120,0.693550
1786703436.646256,99.231137,2996,29.96,281.80,71.44,1.0000,0.440319,0.148839,292.57,332.98,0.9825,0.457141,0.693716
1786703436.661616,99.246497,2997,29.96,281.79,71.46,1.0000,0.440295,0.148880,292.57,332.82,0.9822,0.457146,0.693383
1786703436.709032,99.293914,2998,29.96,281.81,71.39,1.0000,0.440332,0.148730,292.61,332.71,0.9824,0.457197,0.693141
1786703436.728868,99.313749,2999,29.96,281.84,71.31,1.0000,0.440381,0.148554,292.68,332.80,0.9824,0.457314,0.693334
1786703436.765207,99.350089,3000,29.96,281.86,71.19,1.0000,0.440400,0.148322,292.61,332.68,0.9826,0.457208,0.693088
1786703436.805123,99.390004,3001,29.96,281.89,70.87,1.0000,0.440446,0.147644,292.60,332.64,0.9827,0.457192,0.693010
1786703436.840099,99.424980,3002,29.96,281.91,70.87,1.0000,0.440485,0.147642,292.64,332.60,0.9828,0.457247,0.692907
1786703436.853406,99.438287,3003,29.96,281.95,70.82,1.0000,0.440548,0.147541,292.70,332.57,0.9826,0.457344,0.692853
1786703436.899144,99.484025,3004,29.96,281.95,70.87,1.0000,0.440551,0.147647,292.70,332.53,0.9829,0.457342,0.692762
1786703436.936130,99.521011,3005,29.96,282.21,70.73,1.0000,0.440947,0.147358,292.69,332.70,0.9825,0.457324,0.693115
1786703436.981814,99.566695,3006,29.96,282.33,71.00,1.0000,0.441145,0.147913,292.76,332.78,0.9825,0.457433,0.693292
1786703437.002994,99.587875,3007,29.96,282.48,70.96,1.0000,0.441370,0.147823,292.75,332.64,0.9828,0.457428,0.692996
1786703437.037288,99.622170,3008,29.96,282.48,70.92,1.0000,0.441382,0.147758,292.76,332.63,0.9830,0.457432,0.692972
1786703437.072636,99.657517,3009,29.96,282.38,70.87,1.0000,0.441222,0.147655,292.86,332.69,0.9830,0.457595,0.693097
1786703437.098270,99.683151,3010,29.96,282.38,70.88,1.0000,0.441215,0.147664,292.85,332.63,0.9831,0.457578,0.692977
1786703437.143377,99.728259,3011,29.93,282.42,70.78,1.0000,0.441274,0.147453,292.83,332.58,0.9831,0.457547,0.692867
1786703437.172540,99.757421,3012,29.93,282.42,70.78,1.0000,0.441274,0.147452,292.82,332.58,0.9832,0.457538,0.692869
1786703437.200923,99.785805,3013,29.93,282.42,70.75,1.0000,0.441288,0.147401,292.90,332.58,0.9831,0.457649,0.692874
1786703437.247405,99.832286,3014,29.93,282.39,70.76,1.0000,0.441230,0.147407,292.91,332.58,0.9833,0.457678,0.692867
1786703437.268816,99.853697,3015,29.93,282.39,70.75,1.0000,0.441241,0.147403,292.98,332.74,0.9834,0.457780,0.693212
1786703437.301753,99.886635,3016,29.93,282.39,70.76,1.0000,0.441242,0.147426,292.97,332.68,0.9835,0.457759,0.693074
1786703437.336830,99.921711,3017,29.93,282.39,70.72,1.0000,0.441231,0.147341,292.96,332.66,0.9833,0.457752,0.693036
1786703437.368904,99.953785,3018,29.93,282.39,70.72,1.0000,0.441232,0.147341,292.90,332.67,0.9832,0.457656,0.693058
1786703437.397643,99.982524,3019,29.93,282.39,70.73,1.0000,0.441231,0.147346,292.83,332.80,0.9831,0.457551,0.693324
1786703437.437328,100.022210,3020,29.93,282.07,70.96,1.0000,0.440729,0.147840,292.83,332.79,0.9830,0.457542,0.693318
1786703437.463830,100.048711,3021,29.93,282.15,70.81,1.0000,0.440858,0.147519,292.83,332.72,0.9827,0.457540,0.693163
1786703437.493840,100.078721,3022,29.93,282.15,70.81,1.0000,0.440855,0.147519,292.81,332.70,0.9828,0.457523,0.693125
1786703437.525037,100.109918,3023,29.93,282.12,70.81,1.0000,0.440818,0.147520,292.84,332.73,0.9830,0.457556,0.693181
1786703437.569008,100.153889,3024,29.93,282.07,70.99,1.0000,0.440731,0.147892,292.80,332.80,0.9830,0.457499,0.693334
1786703437.597974,100.182855,3025,29.93,282.06,71.07,1.0000,0.440716,0.148066,292.80,332.69,0.9830,0.457497,0.693100
1786703437.661686,100.246568,3026,29.72,281.93,71.10,1.0000,0.440520,0.148131,292.79,332.70,0.9833,0.457484,0.693129
1786703437.670029,100.254910,3027,29.72,281.91,71.17,1.0000,0.440479,0.148277,292.80,332.79,0.9833,0.457504,0.693305
1786703437.695457,100.280339,3028,29.72,281.90,71.17,1.0000,0.440466,0.148275,292.82,332.66,0.9834,0.457528,0.693045
1786703437.725016,100.309897,3029,29.72,281.95,70.92,1.0000,0.440551,0.147748,292.82,332.57,0.9831,0.457539,0.692862
1786703437.773311,100.358193,3030,29.72,281.95,70.92,1.0000,0.440549,0.147754,292.93,332.57,0.9829,0.457696,0.692864
1786703437.821040,100.405921,3031,29.72,281.96,70.99,1.0000,0.440564,0.147893,292.93,332.87,0.9829,0.457710,0.693488
1786703437.837082,100.421963,3032,29.72,281.95,71.02,1.0000,0.440546,0.147952,292.92,332.87,0.9828,0.457689,0.693484
1786703437.865232,100.450113,3033,29.72,281.95,71.03,1.0000,0.440552,0.147979,292.89,332.89,0.9830,0.457634,0.693514
1786703437.901461,100.486342,3034,29.72,281.93,70.86,1.0000,0.440511,0.147635,292.89,332.73,0.9828,0.457638,0.693196
1786703437.919342,100.504224,3035,29.72,281.88,70.87,1.0000,0.440431,0.147648,292.89,332.74,0.9824,0.457640,0.693201
1786703437.971786,100.556668,3036,29.72,281.78,71.20,1.0000,0.440282,0.148337,292.84,332.78,0.9824,0.457567,0.693287
1786703438.009610,100.594491,3037,29.72,281.78,71.18,1.0000,0.440282,0.148283,292.83,332.70,0.9822,0.457545,0.693123
1786703438.043929,100.628811,3038,29.72,281.68,71.18,1.0000,0.440130,0.148289,292.83,332.63,0.9825,0.457547,0.692989
1786703438.064739,100.649620,3039,29.72,281.68,71.18,1.0000,0.440121,0.148300,292.83,332.73,0.9826,0.457543,0.693178
1786703438.118137,100.703018,3040,29.72,281.66,71.44,1.0000,0.440095,0.148841,292.76,332.71,0.9829,0.457440,0.693140
1786703438.139016,100.723897,3041,29.72,281.66,71.44,1.0000,0.440094,0.148843,292.77,332.72,0.9830,0.457447,0.693177
1786703438.170701,100.755582,3042,30.16,281.67,71.45,1.0000,0.440104,0.148850,292.62,332.59,0.9829,0.457218,0.692895
1786703438.219319,100.804200,3043,30.16,281.72,71.39,1.0000,0.440187,0.148722,292.62,332.72,0.9827,0.457218,0.693161
1786703438.238588,100.823469,3044,30.16,281.68,71.45,1.0000,0.440129,0.148859,292.63,332.75,0.9823,0.457230,0.693226
1786703438.282990,100.867872,3045,30.16,281.73,71.40,1.0000,0.440206,0.148757,292.63,332.89,0.9818,0.457230,0.693512
1786703438.302653,100.887534,3046,30.16,281.72,71.43,1.0000,0.440195,0.148809,292.63,332.85,0.9817,0.457238,0.693433
1786703438.346128,100.931009,3047,30.16,281.78,71.27,1.0000,0.440281,0.148483,292.58,333.04,0.9816,0.457152,0.693837
1786703438.377497,100.962379,3048,30.16,281.70,71.27,1.0000,0.440154,0.148480,292.66,332.89,0.9818,0.457285,0.693519
1786703438.395288,100.980169,3049,30.16,281.70,71.22,1.0000,0.440149,0.148372,292.66,332.70,0.9820,0.457287,0.693119
1786703438.456823,101.041704,3050,30.16,281.43,71.21,1.0000,0.439728,0.148364,292.75,332.46,0.9821,0.457423,0.692633
1786703438.472694,101.057575,3051,30.16,281.49,71.20,1.0000,0.439820,0.148332,292.79,332.46,0.9821,0.457483,0.692629
1786703438.504822,101.089703,3052,30.16,281.51,71.20,1.0000,0.439862,0.148338,292.70,332.49,0.9821,0.457338,0.692698
1786703438.539026,101.123908,3053,30.16,281.56,71.18,1.0000,0.439941,0.148296,292.70,332.46,0.9821,0.457347,0.692634
1786703438.583371,101.168253,3054,30.16,281.47,71.34,1.0000,0.439792,0.148625,292.68,332.47,0.9823,0.457319,0.692641
1786703438.599701,101.184583,3055,30.16,281.47,71.28,1.0000,0.439792,0.148505,292.66,332.58,0.9819,0.457284,0.692866
1786703438.636493,101.221375,3056,30.16,281.55,71.15,1.0000,0.439925,0.148239,292.62,332.63,0.9816,0.457215,0.692975
1786703438.680286,101.265167,3057,29.97,281.59,71.09,1.0000,0.439980,0.148105,292.62,333.08,0.9816,0.457223,0.693908
1786703438.695709,101.280590,3058,29.97,281.60,71.02,1.0000,0.440008,0.147949,292.65,333.08,0.9817,0.457260,0.693918
1786703438.754712,101.339593,3059,29.97,281.62,71.09,1.0000,0.440038,0.148099,292.71,333.16,0.9817,0.457356,0.694089
1786703438.771976,101.356858,3060,29.97,281.77,71.07,1.0000,0.440263,0.148062,292.74,333.21,0.9819,0.457412,0.694197
1786703438.810763,101.395644,3061,29.97,281.76,71.16,1.0000,0.440257,0.148250,292.63,333.30,0.9815,0.457241,0.694374
1786703438.838261,101.423142,3062,29.97,281.75,71.14,1.0000,0.440229,0.148204,292.65,333.31,0.9814,0.457271,0.694394
1786703438.867352,101.452233,3063,29.97,281.75,71.14,1.0000,0.440227,0.148207,292.68,333.21,0.9813,0.457308,0.694180
1786703438.943353,101.528234,3065,29.97,281.79,70.94,1.0000,0.440292,0.147784,292.86,332.61,0.9816,0.457590,0.692939
1786703438.969804,101.554686,3066,29.97,281.79,70.92,1.0000,0.440291,0.147753,292.84,332.65,0.9819,0.457570,0.693030
1786703439.004594,101.589475,3067,29.97,281.70,70.95,1.0000,0.440157,0.147810,292.84,332.75,0.9820,0.457558,0.693230
1786703439.049202,101.634083,3068,29.97,281.81,70.98,1.0000,0.440334,0.147875,292.83,332.70,0.9821,0.457547,0.693129
1786703439.072224,101.657105,3069,29.97,281.86,70.94,1.0000,0.440412,0.147800,292.80,332.84,0.9822,0.457507,0.693423
1786703439.100503,101.685384,3070,29.97,281.99,70.94,1.0000,0.440612,0.147790,292.85,332.63,0.9821,0.457577,0.692981
1786703439.142031,101.726913,3071,29.97,282.07,70.90,1.0000,0.440733,0.147699,292.76,332.69,0.9824,0.457435,0.693102
1786703439.170793,101.755674,3072,29.97,282.09,70.88,1.0000,0.440766,0.147670,292.74,332.95,0.9822,0.457404,0.693640
1786703439.218504,101.803385,3073,29.51,282.09,70.88,1.0000,0.440769,0.147677,292.78,333.03,0.9825,0.457465,0.693813
1786703439.238465,101.823347,3074,29.51,282.07,70.88,1.0000,0.440735,0.147676,292.79,333.09,0.9821,0.457483,0.693929
1786703439.268298,101.853179,3075,29.51,282.08,71.00,1.0000,0.440748,0.147917,292.73,332.94,0.9823,0.457395,0.693617
1786703439.308025,101.892907,3076,29.51,282.07,71.03,1.0000,0.440737,0.147976,292.90,332.89,0.9825,0.457660,0.693518
1786703439.337800,101.922681,3077,29.51,282.16,71.02,1.0000,0.440869,0.147956,292.49,332.98,0.9825,0.457018,0.693718
1786703439.378289,101.963170,3078,29.51,282.10,71.01,1.0000,0.440782,0.147945,292.45,333.01,0.9821,0.456956,0.693764
1786703439.419802,102.004684,3079,29.51,282.18,71.01,1.0000,0.440903,0.147944,292.53,332.97,0.9824,0.457073,0.693697
1786703439.428370,102.013251,3080,29.51,282.20,70.97,1.0000,0.440944,0.147854,292.60,333.13,0.9821,0.457180,0.694024
1786703439.465945,102.050826,3081,29.51,282.22,71.11,1.0000,0.440976,0.148140,292.59,333.12,0.9821,0.457173,0.693996
1786703439.503267,102.088149,3082,29.51,282.31,71.07,1.0000,0.441106,0.148063,292.66,333.12,0.9819,0.457279,0.693998
1786703439.529705,102.114587,3083,29.51,282.31,71.11,1.0000,0.441104,0.148152,292.69,333.28,0.9818,0.457322,0.694329
1786703439.571891,102.156772,3084,29.51,282.33,71.01,1.0000,0.441140,0.147934,292.67,333.22,0.9816,0.457293,0.694206
1786703439.598507,102.183389,3085,29.51,282.30,71.15,1.0000,0.441099,0.148226,292.69,333.12,0.9817,0.457331,0.693998
1786703439.648587,102.233468,3086,29.51,282.31,71.11,1.0000,0.441106,0.148143,292.66,333.28,0.9813,0.457282,0.694339
1786703439.668398,102.253279,3087,29.51,282.30,71.08,1.0000,0.441089,0.148092,292.61,333.15,0.9814,0.457209,0.694061
1786703439.697757,102.282638,3088,29.51,282.33,71.05,1.0000,0.441137,0.148031,292.61,333.15,0.9814,0.457209,0.694053
1786703439.739783,102.324664,3089,29.74,282.33,71.12,1.0000,0.441135,0.148172,292.73,333.11,0.9816,0.457393,0.693983
1786703439.767842,102.352723,3090,29.74,282.35,70.91,1.0000,0.441170,0.147737,292.71,333.13,0.9815,0.457352,0.694021
1786703439.811141,102.396022,3091,29.74,282.36,70.84,1.0000,0.441189,0.147589,292.76,333.12,0.9817,0.457438,0.693999
1786703439.842643,102.427524,3092,29.74,282.35,70.90,1.0000,0.441176,0.147702,292.69,333.10,0.9820,0.457326,0.693956
1786703439.873977,102.458858,3093,29.74,282.35,70.89,1.0000,0.441176,0.147684,292.71,333.17,0.9819,0.457358,0.694106
1786703439.899828,102.484709,3094,29.74,282.29,70.92,1.0000,0.441079,0.147759,292.76,333.03,0.9821,0.457437,0.693817
1786703439.942785,102.527667,3095,29.74,282.46,70.89,1.0000,0.441350,0.147696,292.79,333.19,0.9819,0.457484,0.694140
1786703439.983774,102.568655,3096,29.74,281.92,71.39,1.0000,0.440505,0.148728,292.51,333.22,0.9820,0.457053,0.694217
1786703440.012912,102.597794,3097,29.74,281.88,71.10,1.0000,0.440444,0.148128,292.57,333.18,0.9817,0.457138,0.694116
1786703440.044756,102.629637,3098,29.74,281.95,71.10,1.0000,0.440542,0.148127,292.58,333.26,0.9818,0.457150,0.694288
1786703440.066920,102.651801,3099,29.74,282.05,71.00,1.0000,0.440706,0.147924,292.63,333.26,0.9816,0.457242,0.694286
1786703440.114257,102.699139,3100,29.74,282.05,71.12,1.0000,0.440711,0.148157,292.72,333.35,0.9817,0.457369,0.694488
1786703440.150194,102.735076,3101,29.74,282.10,71.08,1.0000,0.440783,0.148092,292.72,333.21,0.9815,0.457370,0.694187
1786703440.178803,102.763684,3102,29.74,282.12,71.07,1.0000,0.440819,0.148069,292.74,333.28,0.9815,0.457401,0.694325
1786703440.234593,102.819475,3103,29.74,282.12,71.36,1.0000,0.440818,0.148669,292.62,333.11,0.9816,0.457223,0.693970
1786703440.245690,102.830571,3104,29.56,282.09,71.26,1.0000,0.440762,0.148456,292.67,333.10,0.9817,0.457297,0.693967
1786703440.272739,102.857620,3105,29.56,282.09,71.46,1.0000,0.440762,0.148871,292.67,333.04,0.9818,0.457293,0.693830
1786703440.303687,102.888569,3106,29.56,282.07,71.43,1.0000,0.440736,0.148814,292.63,333.15,0.9819,0.457237,0.694060
1786703440.328405,102.913286,3107,29.56,282.08,71.45,1.0000,0.440757,0.148846,292.64,333.11,0.9822,0.457248,0.693988
1786703440.378498,102.963380,3108,29.56,282.09,71.45,1.0000,0.440773,0.148845,292.68,332.96,0.9825,0.457312,0.693665
1786703440.404359,102.989240,3109,29.56,282.08,71.37,1.0000,0.440750,0.148692,292.71,333.03,0.9824,0.457355,0.693821
1786703440.440356,103.025238,3110,29.56,282.07,71.04,1.0000,0.440733,0.147993,292.68,332.93,0.9824,0.457310,0.693614
1786703440.483165,103.068046,3111,29.56,281.91,71.06,1.0000,0.440489,0.148052,292.62,333.31,0.9825,0.457217,0.694386
1786703440.520155,103.105037,3112,29.56,281.87,70.84,1.0000,0.440417,0.147576,292.72,332.72,0.9822,0.457378,0.693170
1786703440.538199,103.123080,3113,29.56,281.78,71.02,1.0000,0.440282,0.147960,292.65,332.67,0.9823,0.457264,0.693064
1786703440.571882,103.156764,3114,29.56,281.75,71.03,1.0000,0.440238,0.147976,292.65,332.64,0.9825,0.457259,0.692993
1786703440.600131,103.185013,3115,29.56,281.69,71.04,1.0000,0.440135,0.147990,292.66,332.61,0.9828,0.457283,0.692929
1786703440.662942,103.247823,3117,29.56,281.69,71.02,1.0000,0.440142,0.147957,292.57,332.80,0.9826,0.457144,0.693330
1786703440.705273,103.290154,3118,29.56,281.60,71.00,1.0000,0.439993,0.147924,292.64,332.56,0.9825,0.457253,0.692839
1786703440.736960,103.321841,3119,28.93,281.52,71.01,1.0000,0.439869,0.147946,292.65,332.38,0.9827,0.457270,0.692468
1786703440.804438,103.389319,3121,28.93,281.50,71.02,1.0000,0.439851,0.147957,292.67,332.41,0.9828,0.457293,0.692526
1786703440.836534,103.421415,3122,28.93,281.07,71.11,1.0000,0.439170,0.148150,292.65,332.44,0.9831,0.457270,0.692593
1786703440.915538,103.500419,3124,28.93,281.06,70.93,1.0000,0.439150,0.147779,292.78,332.26,0.9831,0.457464,0.692212
1786703440.963669,103.548550,3126,28.93,280.36,71.03,1.0000,0.438068,0.147975,292.61,332.43,0.9834,0.457203,0.692554
1786703440.997510,103.582391,3127,28.93,280.31,70.78,1.0000,0.437984,0.147458,292.62,332.25,0.9830,0.457219,0.692196
1786703441.059283,103.644164,3129,28.93,280.30,71.14,1.0000,0.437968,0.148213,292.32,332.31,0.9831,0.456758,0.692314
1786703441.101126,103.686007,3130,28.93,280.31,71.04,1.0000,0.437983,0.148010,292.49,332.30,0.9830,0.457018,0.692298
1786703441.148887,103.733768,3131,28.93,280.16,71.37,1.0000,0.437744,0.148678,292.44,332.48,0.9831,0.456932,0.692663
1786703441.196747,103.781628,3133,28.93,280.01,70.79,1.0000,0.437518,0.147470,292.64,332.37,0.9830,0.457244,0.692431
1786703441.244152,103.829034,3134,28.93,279.84,70.98,1.0000,0.437249,0.147876,292.54,332.44,0.9831,0.457089,0.692573
1786703441.260212,103.845094,3135,27.38,279.78,70.78,1.0000,0.437158,0.147465,292.62,332.39,0.9832,0.457226,0.692479
1786703441.324460,103.909341,3137,27.38,278.89,70.77,1.0000,0.435765,0.147443,292.50,332.38,0.9834,0.457029,0.692454
1786703441.379768,103.964649,3138,27.38,278.88,70.92,1.0000,0.435750,0.147755,292.47,332.56,0.9832,0.456991,0.692828
1786703441.394047,103.978929,3139,27.38,278.82,71.01,1.0000,0.435661,0.147932,292.53,332.44,0.9829,0.457085,0.692592
1786703441.436332,104.021214,3140,27.38,278.63,71.01,1.0000,0.435359,0.147937,292.47,332.31,0.9832,0.456991,0.692302
1786703441.496539,104.081420,3142,27.38,278.63,71.01,1.0000,0.435352,0.147940,292.57,332.89,0.9832,0.457135,0.693521
1786703441.560579,104.145460,3144,27.38,278.37,71.00,1.0000,0.434948,0.147919,292.56,332.59,0.9834,0.457125,0.692893
1786703441.601587,104.186468,3145,27.38,278.43,70.96,1.0000,0.435039,0.147843,292.56,333.10,0.9834,0.457121,0.693968
1786703441.629070,104.213951,3146,27.38,278.34,70.97,1.0000,0.434913,0.147844,292.64,333.06,0.9834,0.457252,0.693867
1786703441.670341,104.255222,3147,27.38,277.67,71.02,1.0000,0.433867,0.147965,292.82,332.93,0.9835,0.457535,0.693613
1786703441.718245,104.303126,3149,27.38,277.64,70.98,1.0000,0.433815,0.147879,292.88,333.03,0.9835,0.457624,0.693820
1786703441.797516,104.382397,3151,26.12,277.62,71.05,1.0000,0.433774,0.148031,292.82,332.96,0.9835,0.457538,0.693662
1786703441.828828,104.413710,3152,26.12,277.63,70.99,1.0000,0.433800,0.147902,292.82,333.14,0.9836,0.457528,0.694036
1786703441.895020,104.479901,3154,26.12,277.49,70.94,1.0000,0.433571,0.147797,292.81,333.14,0.9838,0.457514,0.694046
1786703441.956927,104.541808,3155,26.12,277.44,70.84,1.0000,0.433499,0.147580,292.80,333.20,0.9838,0.457493,0.694175
1786703441.972561,104.557442,3156,26.12,277.67,70.88,1.0000,0.433865,0.147672,292.80,333.20,0.9836,0.457493,0.694176
1786703441.998981,104.583863,3157,26.12,277.66,70.87,1.0000,0.433841,0.147649,292.80,333.19,0.9837,0.457497,0.694146
1786703442.052820,104.637701,3158,26.12,277.79,70.93,1.0000,0.434049,0.147780,292.88,333.11,0.9839,0.457619,0.693980
1786703442.068489,104.653370,3159,26.12,277.88,71.00,1.0000,0.434191,0.147907,292.87,333.10,0.9842,0.457602,0.693948
1786703442.116389,104.701270,3160,26.12,277.92,71.06,1.0000,0.434251,0.148044,292.90,333.41,0.9842,0.457662,0.694609
1786703442.147881,104.732762,3161,26.12,278.26,71.17,1.0000,0.434784,0.148272,292.86,333.41,0.9843,0.457596,0.694613
1786703442.158136,104.743017,3162,26.12,278.77,71.30,1.0000,0.435570,0.148552,292.86,333.46,0.9844,0.457590,0.694708
1786703442.221657,104.806538,3163,26.12,278.99,71.62,1.0000,0.435920,0.149208,292.78,333.48,0.9843,0.457466,0.694747
1786703442.278827,104.863708,3165,26.12,279.31,71.62,1.0000,0.436429,0.149216,292.78,333.55,0.9841,0.457462,0.694905
1786703442.301097,104.885978,3166,25.91,279.53,71.80,1.0000,0.436772,0.149580,292.77,333.73,0.9839,0.457458,0.695278
1786703442.332667,104.917549,3167,25.91,279.68,71.71,1.0000,0.436998,0.149404,292.76,333.74,0.9833,0.457436,0.695299
1786703442.412346,104.997228,3169,25.91,279.98,71.68,1.0000,0.437470,0.149331,292.76,333.71,0.9832,0.457439,0.695232
1786703442.444785,105.029666,3170,25.91,280.10,71.69,1.0000,0.437655,0.149363,292.76,333.65,0.9828,0.457436,0.695096
1786703442.460264,105.045146,3171,25.91,280.15,71.67,1.0000,0.437731,0.149320,292.76,333.62,0.9826,0.457439,0.695035
1786703442.524201,105.109082,3172,25.91,280.27,71.63,1.0000,0.437915,0.149225,292.70,333.63,0.9820,0.457347,0.695060
1786703442.557636,105.142518,3173,25.91,280.57,71.72,1.0000,0.438387,0.149408,292.63,333.70,0.9818,0.457239,0.695202
1786703442.572415,105.157296,3174,25.91,280.63,71.79,1.0000,0.438486,0.149562,292.63,333.69,0.9819,0.457239,0.695189
1786703442.619963,105.204844,3175,25.91,280.66,71.80,1.0000,0.438538,0.149576,292.58,333.68,0.9817,0.457150,0.695174
1786703442.652193,105.237074,3176,25.91,280.66,71.80,1.0000,0.438527,0.149580,292.56,333.66,0.9817,0.457132,0.695125
1786703442.708888,105.293769,3178,25.91,280.66,71.79,1.0000,0.438527,0.149568,292.58,333.61,0.9817,0.457158,0.695016
1786703442.769995,105.354876,3179,25.91,280.88,71.48,1.0000,0.438869,0.148914,292.54,333.33,0.9819,0.457094,0.694427
1786703442.788528,105.373409,3180,25.91,281.43,71.47,1.0000,0.439740,0.148897,292.52,333.24,0.9819,0.457064,0.694245
1786703442.820686,105.405567,3181,25.89,281.60,71.66,1.0000,0.439996,0.149297,292.52,333.30,0.9820,0.457066,0.694371
1786703442.876943,105.461824,3183,25.89,281.68,71.66,1.0000,0.440129,0.149301,292.49,333.37,0.9818,0.457013,0.694512
1786703442.916275,105.501157,3184,25.89,281.78,71.82,1.0000,0.440277,0.149619,292.50,333.44,0.9819,0.457031,0.694661
1786703442.963801,105.548682,3186,25.89,281.78,71.74,1.0000,0.440277,0.149460,292.53,333.03,0.9819,0.457075,0.693810
1786703443.011857,105.596739,3187,25.89,281.89,71.73,1.0000,0.440448,0.149429,292.56,333.10,0.9820,0.457121,0.693961
