host_epoch,t_rel,frame_number,fps,head_x,head_y,head_confidence,head_x_norm,head_y_norm,feet_x,feet_y,feet_confidence,feet_x_norm,feet_y_norm
1786700232.290560,-0.059353,12,0.00,0.00,0.00,0.0000,0.000000,0.000000,0.00,0.00,0.0000,0.000000,0.000000
1786700232.384519,0.034606,15,0.00,0.00,0.00,0.0000,0.000000,0.000000,0.00,0.00,0.0000,0.000000,0.000000
1786700232.481284,0.131371,17,0.00,0.00,0.00,0.0000,0.000000,0.000000,0.00,0.00,0.0000,0.000000,0.000000
1786700232.497807,0.147894,18,0.00,0.00,0.00,0.0000,0.000000,0.000000,0.00,0.00,0.0000,0.000000,0.000000
1786700232.585561,0.235648,20,0.00,0.00,0.00,0.0000,0.000000,0.000000,0.00,0.00,0.0000,0.000000,0.000000
1786700232.599083,0.249170,21,0.00,0.00,0.00,0.0000,0.000000,0.000000,0.00,0.00,0.0000,0.000000,0.000000
1786700232.684320,0.334407,22,0.00,0.00,0.00,0.0000,0.000000,0.000000,0.00,0.00,0.0000,0.000000,0.000000
1786700232.687099,0.337186,24,0.00,0.00,0.00,0.0000,0.000000,0.000000,0.00,0.00,0.0000,0.000000,0.000000
1786700232.790599,0.440686,26,0.00,0.00,0.00,0.0000,0.000000,0.000000,0.00,0.00,0.0000,0.000000,0.000000
1786700232.803108,0.453195,27,0.00,0.00,0.00,0.0000,0.000000,0.000000,0.00,0.00,0.0000,0.000000,0.000000
1786700232.894095,0.544183,29,19.76,0.00,0.00,0.0000,0.000000,0.000000,0.00,0.00,0.0000,0.000000,0.000000
1786700232.906620,0.556707,30,19.76,0.00,0.00,0.0000,0.000000,0.000000,0.00,0.00,0.0000,0.000000,0.000000
1786700232.922795,0.572882,31,19.76,0.00,0.00,0.0000,0.000000,0.000000,0.00,0.00,0.0000,0.000000,0.000000
1786700232.999494,0.649581,32,19.76,0.00,0.00,0.0000,0.000000,0.000000,0.00,0.00,0.0000,0.000000,0.000000
1786700233.000999,0.651087,33,19.76,0.00,0.00,0.0000,0.000000,0.000000,0.00,0.00,0.0000,0.000000,0.000000
1786700233.081320,0.731407,35,19.76,0.00,0.00,0.0000,0.000000,0.000000,0.00,0.00,0.0000,0.000000,0.000000
1786700233.102172,0.752259,36,19.76,0.00,0.00,0.0000,0.000000,0.000000,0.00,0.00,0.0000,0.000000,0.000000
1786700233.121171,0.771258,37,19.76,0.00,0.00,0.0000,0.000000,0.000000,0.00,0.00,0.0000,0.000000,0.000000
1786700233.162064,0.812151,38,19.76,0.00,0.00,0.0000,0.000000,0.000000,0.00,0.00,0.0000,0.000000,0.000000
1786700233.198003,0.848090,39,19.76,0.00,0.00,0.0000,0.000000,0.000000,0.00,0.00,0.0000,0.000000,0.000000
1786700233.217203,0.867290,40,19.76,0.00,0.00,0.0000,0.000000,0.000000,0.00,0.00,0.0000,0.000000,0.000000
1786700233.251811,0.901899,41,19.76,0.00,0.00,0.0000,0.000000,0.000000,0.00,0.00,0.0000,0.000000,0.000000
1786700233.290446,0.940534,42,19.76,0.00,0.00,0.0000,0.000000,0.000000,0.00,0.00,0.0000,0.000000,0.000000
1786700233.320922,0.971009,43,19.76,0.00,0.00,0.0000,0.000000,0.000000,0.00,0.00,0.0000,0.000000,0.000000
1786700233.357034,1.007122,44,19.76,0.00,0.00,0.0000,0.000000,0.000000,0.00,0.00,0.0000,0.000000,0.000000
1786700233.385081,1.035168,45,19.76,0.00,0.00,0.0000,0.000000,0.000000,0.00,0.00,0.0000,0.000000,0.000000
1786700233.452195,1.102283,46,21.54,0.00,0.00,0.0000,0.000000,0.000000,0.00,0.00,0.0000,0.000000,0.000000
1786700233.478330,1.128417,48,21.54,0.00,0.00,0.0000,0.000000,0.000000,0.00,0.00,0.0000,0.000000,0.000000
1786700233.525780,1.175868,49,21.54,0.00,0.00,0.0000,0.000000,0.000000,0.00,0.00,0.0000,0.000000,0.000000
1786700233.548131,1.198218,50,21.54,0.00,0.00,0.0000,0.000000,0.000000,0.00,0.00,0.0000,0.000000,0.000000
1786700233.585630,1.235718,51,21.54,0.00,0.00,0.0000,0.000000,0.000000,0.00,0.00,0.0000,0.000000,0.000000
1786700233.618978,1.269066,52,21.54,0.00,0.00,0.0000,0.000000,0.000000,0.00,0.00,0.0000,0.000000,0.000000
1786700233.651026,1.301113,53,21.54,0.00,0.00,0.0000,0.000000,0.000000,0.00,0.00,0.0000,0.000000,0.000000
1786700233.694431,1.344518,54,21.54,0.00,0.00,0.0000,0.000000,0.000000,0.00,0.00,0.0000,0.000000,0.000000
1786700233.721670,1.371757,55,21.54,0.00,0.00,0.0000,0.000000,0.000000,0.00,0.00,0.0000,0.000000,0.000000
1786700233.751162,1.401249,56,21.54,0.00,0.00,0.0000,0.000000,0.000000,0.00,0.00,0.0000,0.000000,0.000000
1786700233.785995,1.436082,57,21.54,0.00,0.00,0.0000,0.000000,0.000000,0.00,0.00,0.0000,0.000000,0.000000
1786700233.821183,1.471270,58,21.54,0.00,0.00,0.0000,0.000000,0.000000,0.00,0.00,0.0000,0.000000,0.000000
1786700233.854152,1.504239,59,21.54,0.00,0.00,0.0000,0.000000,0.000000,0.00,0.00,0.0000,0.000000,0.000000
1786700233.887525,1.537613,60,21.54,0.00,0.00,0.0000,0.000000,0.000000,0.00,0.00,0.0000,0.000000,0.000000
1786700233.924165,1.574252,61,21.54,0.00,0.00,0.0000,0.000000,0.000000,0.00,0.00,0.0000,0.000000,0.000000
1786700233.945094,1.595181,62,21.54,0.00,0.00,0.0000,0.000000,0.000000,0.00,0.00,0.0000,0.000000,0.000000
1786700233.990350,1.640437,63,23.19,0.00,0.00,0.0000,0.000000,0.000000,0.00,0.00,0.0000,0.000000,0.000000
1786700234.043272,1.693360,64,23.19,0.00,0.00,0.0000,0.000000,0.000000,0.00,0.00,0.0000,0.000000,0.000000
1786700234.054465,1.704552,65,23.19,0.00,0.00,0.0000,0.000000,0.000000,0.00,0.00,0.0000,0.000000,0.000000
1786700234.079963,1.730051,66,23.19,0.00,0.00,0.0000,0.000000,0.000000,0.00,0.00,0.0000,0.000000,0.000000
1786700234.117705,1.767792,67,23.19,0.00,0.00,0.0000,0.000000,0.000000,0.00,0.00,0.0000,0.000000,0.000000
1786700234.151963,1.802051,68,23.19,0.00,0.00,0.0000,0.000000,0.000000,0.00,0.00,0.0000,0.000000,0.000000
1786700234.180951,1.831038,69,23.19,0.00,0.00,0.0000,0.000000,0.000000,0.00,0.00,0.0000,0.000000,0.000000
1786700234.221254,1.871341,70,23.19,0.00,0.00,0.0000,0.000000,0.000000,0.00,0.00,0.0000,0.000000,0.000000
1786700234.251848,1.901935,71,23.19,0.00,0.00,0.0000,0.000000,0.000000,0.00,0.00,0.0000,0.000000,0.000000
1786700234.300870,1.950958,72,23.19,0.00,0.00,0.0000,0.000000,0.000000,0.00,0.00,0.0000,0.000000,0.000000
1786700234.330794,1.980881,73,23.19,0.00,0.00,0.0000,0.000000,0.000000,0.00,0.00,0.0000,0.000000,0.000000
1786700234.355250,2.005337,74,23.19,0.00,0.00,0.0000,0.000000,0.000000,0.00,0.00,0.0000,0.000000,0.000000
1786700234.384087,2.034175,75,23.19,0.00,0.00,0.0000,0.000000,0.000000,0.00,0.00,0.0000,0.000000,0.000000
1786700234.425663,2.075751,76,23.19,0.00,0.00,0.0000,0.000000,0.000000,0.00,0.00,0.0000,0.000000,0.000000
1786700234.454655,2.104743,77,23.19,0.00,0.00,0.0000,0.000000,0.000000,0.00,0.00,0.0000,0.000000,0.000000
1786700234.484092,2.134180,78,23.19,0.00,0.00,0.0000,0.000000,0.000000,0.00,0.00,0.0000,0.000000,0.000000
1786700234.528089,2.178176,79,24.51,0.00,0.00,0.0000,0.000000,0.000000,0.00,0.00,0.0000,0.000000,0.000000
1786700234.553176,2.203264,80,24.51,0.00,0.00,0.0000,0.000000,0.000000,0.00,0.00,0.0000,0.000000,0.000000
1786700234.587911,2.237999,81,24.51,0.00,0.00,0.0000,0.000000,0.000000,0.00,0.00,0.0000,0.000000,0.000000
1786700234.634014,2.284101,82,24.51,0.00,0.00,0.0000,0.000000,0.000000,0.00,0.00,0.0000,0.000000,0.000000
1786700234.649219,2.299307,83,24.51,0.00,0.00,0.0000,0.000000,0.000000,0.00,0.00,0.0000,0.000000,0.000000
1786700234.683548,2.333636,84,24.51,0.00,0.00,0.0000,0.000000,0.000000,0.00,0.00,0.0000,0.000000,0.000000
1786700234.718724,2.368811,85,24.51,0.00,0.00,0.0000,0.000000,0.000000,0.00,0.00,0.0000,0.000000,0.000000
1786700234.749444,2.399531,86,24.51,0.00,0.00,0.0000,0.000000,0.000000,0.00,0.00,0.0000,0.000000,0.000000
1786700234.784197,2.434285,87,24.51,0.00,0.00,0.0000,0.000000,0.000000,0.00,0.00,0.0000,0.000000,0.000000
1786700234.823266,2.473353,88,24.51,0.00,0.00,0.0000,0.000000,0.000000,0.00,0.00,0.0000,0.000000,0.000000
1786700234.848414,2.498501,89,24.51,0.00,0.00,0.0000,0.000000,0.000000,0.00,0.00,0.0000,0.000000,0.000000
1786700234.888709,2.538796,90,24.51,0.00,0.00,0.0000,0.000000,0.000000,0.00,0.00,0.0000,0.000000,0.000000
1786700234.917550,2.567637,91,24.51,0.00,0.00,0.0000,0.000000,0.000000,0.00,0.00,0.0000,0.000000,0.000000
1786700234.950131,2.600219,92,24.51,0.00,0.00,0.0000,0.000000,0.000000,0.00,0.00,0.0000,0.000000,0.000000
1786700234.987249,2.637337,93,24.51,0.00,0.00,0.0000,0.000000,0.000000,0.00,0.00,0.0000,0.000000,0.000000
1786700235.018155,2.668242,94,24.51,0.00,0.00,0.0000,0.000000,0.000000,0.00,0.00,0.0000,0.000000,0.000000
1786700235.054402,2.704489,95,25.67,0.00,0.00,0.0000,0.000000,0.000000,0.00,0.00,0.0000,0.000000,0.000000
1786700235.096138,2.746225,96,25.67,0.00,0.00,0.0000,0.000000,0.000000,0.00,0.00,0.0000,0.000000,0.000000
1786700235.134065,2.784153,97,25.67,0.00,0.00,0.0000,0.000000,0.000000,0.00,0.00,0.0000,0.000000,0.000000
1786700235.156168,2.806256,98,25.67,0.00,0.00,0.0000,0.000000,0.000000,0.00,0.00,0.0000,0.000000,0.000000
1786700235.185457,2.835544,99,25.67,0.00,0.00,0.0000,0.000000,0.000000,0.00,0.00,0.0000,0.000000,0.000000
1786700235.225006,2.875093,100,25.67,0.00,0.00,0.0000,0.000000,0.000000,0.00,0.00,0.0000,0.000000,0.000000
1786700235.246621,2.896709,101,25.67,0.00,0.00,0.0000,0.000000,0.000000,0.00,0.00,0.0000,0.000000,0.000000
1786700235.289798,2.939885,102,25.67,0.00,0.00,0.0000,0.000000,0.000000,0.00,0.00,0.0000,0.000000,0.000000
1786700235.330675,2.980763,103,25.67,0.00,0.00,0.0000,0.000000,0.000000,0.00,0.00,0.0000,0.000000,0.000000
1786700235.356589,3.006676,104,25.67,0.00,0.00,0.0000,0.000000,0.000000,0.00,0.00,0.0000,0.000000,0.000000
1786700235.388376,3.038464,105,25.67,0.00,0.00,0.0000,0.000000,0.000000,0.00,0.00,0.0000,0.000000,0.000000
1786700235.422862,3.072949,106,25.67,0.00,0.00,0.0000,0.000000,0.000000,0.00,0.00,0.0000,0.000000,0.000000
1786700235.453277,3.103365,107,25.67,0.00,0.00,0.0000,0.000000,0.000000,0.00,0.00,0.0000,0.000000,0.000000
1786700235.496751,3.146838,108,25.67,0.00,0.00,0.0000,0.000000,0.000000,0.00,0.00,0.0000,0.000000,0.000000
1786700235.522140,3.172227,109,25.67,0.00,0.00,0.0000,0.000000,0.000000,0.00,0.00,0.0000,0.000000,0.000000
1786700235.553611,3.203698,110,25.67,0.00,0.00,0.0000,0.000000,0.000000,0.00,0.00,0.0000,0.000000,0.000000
1786700235.586104,3.236192,111,26.56,0.00,0.00,0.0000,0.000000,0.000000,0.00,0.00,0.0000,0.000000,0.000000
1786700235.618977,3.269064,112,26.56,0.00,0.00,0.0000,0.000000,0.000000,0.00,0.00,0.0000,0.000000,0.000000
1786700235.668815,3.318902,113,26.56,0.00,0.00,0.0000,0.000000,0.000000,0.00,0.00,0.0000,0.000000,0.000000
1786700235.697390,3.347477,114,26.56,0.00,0.00,0.0000,0.000000,0.000000,0.00,0.00,0.0000,0.000000,0.000000
1786700235.738447,3.388535,115,26.56,0.00,0.00,0.0000,0.000000,0.000000,0.00,0.00,0.0000,0.000000,0.000000
1786700235.756315,3.406402,116,26.56,0.00,0.00,0.0000,0.000000,0.000000,0.00,0.00,0.0000,0.000000,0.000000
1786700235.809022,3.459110,117,26.56,0.00,0.00,0.0000,0.000000,0.000000,0.00,0.00,0.0000,0.000000,0.000000
1786700235.830597,3.480684,118,26.56,0.00,0.00,0.0000,0.000000,0.000000,0.00,0.00,0.0000,0.000000,0.000000
1786700235.858602,3.508689,119,26.56,0.00,0.00,0.0000,0.000000,0.000000,0.00,0.00,0.0000,0.000000,0.000000
1786700235.884899,3.534986,120,26.56,0.00,0.00,0.0000,0.000000,0.000000,0.00,0.00,0.0000,0.000000,0.000000
1786700235.916572,3.566659,121,26.56,0.00,0.00,0.0000,0.000000,0.000000,0.00,0.00,0.0000,0.000000,0.000000
1786700235.954270,3.604357,122,26.56,0.00,0.00,0.0000,0.000000,0.000000,0.00,0.00,0.0000,0.000000,0.000000
1786700235.986442,3.636529,123,26.56,0.00,0.00,0.0000,0.000000,0.000000,0.00,0.00,0.0000,0.000000,0.000000
1786700236.016497,3.666584,124,26.56,0.00,0.00,0.0000,0.000000,0.000000,0.00,0.00,0.0000,0.000000,0.000000
1786700236.048239,3.698326,125,26.56,0.00,0.00,0.0000,0.000000,0.000000,0.00,0.00,0.0000,0.000000,0.000000
1786700236.082020,3.732107,126,26.56,0.00,0.00,0.0000,0.000000,0.000000,0.00,0.00,0.0000,0.000000,0.000000
1786700236.120114,3.770202,127,27.24,0.00,0.00,0.0000,0.000000,0.000000,0.00,0.00,0.0000,0.000000,0.000000
1786700236.149536,3.799623,128,27.24,0.00,0.00,0.0000,0.000000,0.000000,0.00,0.00,0.0000,0.000000,0.000000
1786700236.188067,3.838154,129,27.24,0.00,0.00,0.0000,0.000000,0.000000,0.00,0.00,0.0000,0.000000,0.000000
1786700236.219732,3.869819,130,27.24,0.00,0.00,0.0000,0.000000,0.000000,0.00,0.00,0.0000,0.000000,0.000000
1786700236.247581,3.897668,131,27.24,0.00,0.00,0.0000,0.000000,0.000000,0.00,0.00,0.0000,0.000000,0.000000
1786700236.289640,3.939728,132,27.24,0.00,0.00,0.0000,0.000000,0.000000,0.00,0.00,0.0000,0.000000,0.000000
1786700236.321666,3.971754,133,27.24,0.00,0.00,0.0000,0.000000,0.000000,0.00,0.00,0.0000,0.000000,0.000000
1786700236.354723,4.004810,134,27.24,0.00,0.00,0.0000,0.000000,0.000000,0.00,0.00,0.0000,0.000000,0.000000
1786700236.399709,4.049796,135,27.24,0.00,0.00,0.0000,0.000000,0.000000,0.00,0.00,0.0000,0.000000,0.000000
1786700236.424792,4.074879,136,27.24,0.00,0.00,0.0000,0.000000,0.000000,0.00,0.00,0.0000,0.000000,0.000000
1786700236.450557,4.100645,137,27.24,0.00,0.00,0.0000,0.000000,0.000000,0.00,0.00,0.0000,0.000000,0.000000
1786700236.486292,4.136379,138,27.24,0.00,0.00,0.0000,0.000000,0.000000,0.00,0.00,0.0000,0.000000,0.000000
1786700236.521709,4.171796,139,27.24,0.00,0.00,0.0000,0.000000,0.000000,0.00,0.00,0.0000,0.000000,0.000000
1786700236.551730,4.201817,140,27.24,0.00,0.00,0.0000,0.000000,0.000000,0.00,0.00,0.0000,0.000000,0.000000
1786700236.617451,4.267539,141,27.24,0.00,0.00,0.0000,0.000000,0.000000,0.00,0.00,0.0000,0.000000,0.000000
1786700236.619959,4.270046,142,27.51,0.00,0.00,0.0000,0.000000,0.000000,0.00,0.00,0.0000,0.000000,0.000000
1786700236.657454,4.307541,143,27.51,0.00,0.00,0.0000,0.000000,0.000000,0.00,0.00,0.0000,0.000000,0.000000
1786700236.685215,4.335303,144,27.51,0.00,0.00,0.0000,0.000000,0.000000,0.00,0.00,0.0000,0.000000,0.000000
1786700236.721882,4.371969,145,27.51,0.00,0.00,0.0000,0.000000,0.000000,0.00,0.00,0.0000,0.000000,0.000000
1786700236.755011,4.405098,146,27.51,0.00,0.00,0.0000,0.000000,0.000000,0.00,0.00,0.0000,0.000000,0.000000
1786700236.786837,4.436924,147,27.51,0.00,0.00,0.0000,0.000000,0.000000,0.00,0.00,0.0000,0.000000,0.000000
1786700236.815292,4.465379,148,27.51,0.00,0.00,0.0000,0.000000,0.000000,0.00,0.00,0.0000,0.000000,0.000000
1786700236.855888,4.505976,149,27.51,0.00,0.00,0.0000,0.000000,0.000000,0.00,0.00,0.0000,0.000000,0.000000
1786700236.893316,4.543403,150,27.51,0.00,0.00,0.0000,0.000000,0.000000,0.00,0.00,0.0000,0.000000,0.000000
1786700236.917371,4.567458,151,27.51,0.00,0.00,0.0000,0.000000,0.000000,0.00,0.00,0.0000,0.000000,0.000000
1786700236.960160,4.610247,152,27.51,0.00,0.00,0.0000,0.000000,0.000000,0.00,0.00,0.0000,0.000000,0.000000
1786700236.989296,4.639383,153,27.51,0.00,0.00,0.0000,0.000000,0.000000,0.00,0.00,0.0000,0.000000,0.000000
1786700237.017039,4.667126,154,27.51,0.00,0.00,0.0000,0.000000,0.000000,0.00,0.00,0.0000,0.000000,0.000000
1786700237.050380,4.700468,155,27.51,0.00,0.00,0.0000,0.000000,0.000000,0.00,0.00,0.0000,0.000000,0.000000
1786700237.086714,4.736801,156,27.51,0.00,0.00,0.0000,0.000000,0.000000,0.00,0.00,0.0000,0.000000,0.000000
1786700237.115730,4.765817,157,27.51,0.00,0.00,0.0000,0.000000,0.000000,0.00,0.00,0.0000,0.000000,0.000000
1786700237.154993,4.805081,158,28.30,0.00,0.00,0.0000,0.000000,0.000000,0.00,0.00,0.0000,0.000000,0.000000
1786700237.183844,4.833931,159,28.30,0.00,0.00,0.0000,0.000000,0.000000,0.00,0.00,0.0000,0.000000,0.000000
1786700237.219368,4.869456,160,28.30,0.00,0.00,0.0000,0.000000,0.000000,0.00,0.00,0.0000,0.000000,0.000000
1786700237.261818,4.911905,161,28.30,0.00,0.00,0.0000,0.000000,0.000000,0.00,0.00,0.0000,0.000000,0.000000
1786700237.290152,4.940239,162,28.30,0.00,0.00,0.0000,0.000000,0.000000,0.00,0.00,0.0000,0.000000,0.000000
1786700237.326429,4.976516,163,28.30,0.00,0.00,0.0000,0.000000,0.000000,0.00,0.00,0.0000,0.000000,0.000000
1786700237.354102,5.004190,164,28.30,0.00,0.00,0.0000,0.000000,0.000000,0.00,0.00,0.0000,0.000000,0.000000
1786700237.387084,5.037171,165,28.30,0.00,0.00,0.0000,0.000000,0.000000,0.00,0.00,0.0000,0.000000,0.000000
1786700237.421733,5.071820,166,28.30,0.00,0.00,0.0000,0.000000,0.000000,0.00,0.00,0.0000,0.000000,0.000000
1786700237.456506,5.106593,167,28.30,0.00,0.00,0.0000,0.000000,0.000000,0.00,0.00,0.0000,0.000000,0.000000
1786700237.485268,5.135355,168,28.30,0.00,0.00,0.0000,0.000000,0.000000,0.00,0.00,0.0000,0.000000,0.000000
1786700237.525196,5.175283,169,28.30,0.00,0.00,0.0000,0.000000,0.000000,0.00,0.00,0.0000,0.000000,0.000000
1786700237.554433,5.204521,170,28.30,0.00,0.00,0.0000,0.000000,0.000000,0.00,0.00,0.0000,0.000000,0.000000
1786700237.595222,5.245309,171,28.30,0.00,0.00,0.0000,0.000000,0.000000,0.00,0.00,0.0000,0.000000,0.000000
1786700237.630396,5.280483,172,28.30,0.00,0.00,0.0000,0.000000,0.000000,0.00,0.00,0.0000,0.000000,0.000000
1786700237.650522,5.300609,173,28.62,0.00,0.00,0.0000,0.000000,0.000000,0.00,0.00,0.0000,0.000000,0.000000
1786700237.696378,5.346466,174,28.62,0.00,0.00,0.0000,0.000000,0.000000,0.00,0.00,0.0000,0.000000,0.000000
1786700237.723049,5.373136,175,28.62,0.00,0.00,0.0000,0.000000,0.000000,0.00,0.00,0.0000,0.000000,0.000000
1786700237.752161,5.402248,176,28.62,0.00,0.00,0.0000,0.000000,0.000000,0.00,0.00,0.0000,0.000000,0.000000
1786700237.788875,5.438962,177,28.62,0.00,0.00,0.0000,0.000000,0.000000,0.00,0.00,0.0000,0.000000,0.000000
1786700237.822566,5.472653,178,28.62,0.00,0.00,0.0000,0.000000,0.000000,0.00,0.00,0.0000,0.000000,0.000000
1786700237.851837,5.501925,179,28.62,0.00,0.00,0.0000,0.000000,0.000000,0.00,0.00,0.0000,0.000000,0.000000
1786700237.887710,5.537797,180,28.62,0.00,0.00,0.0000,0.000000,0.000000,0.00,0.00,0.0000,0.000000,0.000000
1786700237.915313,5.565401,181,28.62,0.00,0.00,0.0000,0.000000,0.000000,0.00,0.00,0.0000,0.000000,0.000000
1786700237.956248,5.606335,182,28.62,0.00,0.00,0.0000,0.000000,0.000000,0.00,0.00,0.0000,0.000000,0.000000
1786700237.984219,5.634306,183,28.62,0.00,0.00,0.0000,0.000000,0.000000,0.00,0.00,0.0000,0.000000,0.000000
1786700238.017643,5.667731,184,28.62,0.00,0.00,0.0000,0.000000,0.000000,0.00,0.00,0.0000,0.000000,0.000000
1786700238.051203,5.701291,185,28.62,0.00,0.00,0.0000,0.000000,0.000000,0.00,0.00,0.0000,0.000000,0.000000
1786700238.080745,5.730833,186,28.62,0.00,0.00,0.0000,0.000000,0.000000,0.00,0.00,0.0000,0.000000,0.000000
1786700238.125346,5.775433,187,28.62,0.00,0.00,0.0000,0.000000,0.000000,0.00,0.00,0.0000,0.000000,0.000000
1786700238.154130,5.804217,188,28.90,0.00,0.00,0.0000,0.000000,0.000000,0.00,0.00,0.0000,0.000000,0.000000
1786700238.186212,5.836299,189,28.90,0.00,0.00,0.0000,0.000000,0.000000,0.00,0.00,0.0000,0.000000,0.000000
1786700238.214219,5.864306,190,28.90,0.00,0.00,0.0000,0.000000,0.000000,0.00,0.00,0.0000,0.000000,0.000000
1786700238.244330,5.894417,191,28.90,0.00,0.00,0.0000,0.000000,0.000000,0.00,0.00,0.0000,0.000000,0.000000
1786700238.284759,5.934846,192,28.90,0.00,0.00,0.0000,0.000000,0.000000,0.00,0.00,0.0000,0.000000,0.000000
1786700238.323841,5.973929,193,28.90,0.00,0.00,0.0000,0.000000,0.000000,0.00,0.00,0.0000,0.000000,0.000000
1786700238.356476,6.006563,194,28.90,0.00,0.00,0.0000,0.000000,0.000000,0.00,0.00,0.0000,0.000000,0.000000
1786700238.385554,6.035642,195,28.90,0.00,0.00,0.0000,0.000000,0.000000,0.00,0.00,0.0000,0.000000,0.000000
1786700238.419120,6.069207,196,28.90,0.00,0.00,0.0000,0.000000,0.000000,0.00,0.00,0.0000,0.000000,0.000000
1786700238.454966,6.105054,197,28.90,0.00,0.00,0.0000,0.000000,0.000000,0.00,0.00,0.0000,0.000000,0.000000
1786700238.488995,6.139082,198,28.90,0.00,0.00,0.0000,0.000000,0.000000,0.00,0.00,0.0000,0.000000,0.000000
1786700238.541409,6.191497,199,28.90,0.00,0.00,0.0000,0.000000,0.000000,0.00,0.00,0.0000,0.000000,0.000000
1786700238.551931,6.202019,200,28.90,0.00,0.00,0.0000,0.000000,0.000000,0.00,0.00,0.0000,0.000000,0.000000
1786700238.587701,6.237789,201,28.90,0.00,0.00,0.0000,0.000000,0.000000,0.00,0.00,0.0000,0.000000,0.000000
1786700238.624628,6.274715,202,28.90,0.00,0.00,0.0000,0.000000,0.000000,0.00,0.00,0.0000,0.000000,0.000000
1786700238.644678,6.294765,203,28.90,0.00,0.00,0.0000,0.000000,0.000000,0.00,0.00,0.0000,0.000000,0.000000
1786700238.691830,6.341917,204,29.08,0.00,0.00,0.0000,0.000000,0.000000,0.00,0.00,0.0000,0.000000,0.000000
1786700238.728746,6.378833,205,29.08,0.00,0.00,0.0000,0.000000,0.000000,0.00,0.00,0.0000,0.000000,0.000000
1786700238.759666,6.409754,206,29.08,0.00,0.00,0.0000,0.000000,0.000000,0.00,0.00,0.0000,0.000000,0.000000
1786700238.790983,6.441071,207,29.08,0.00,0.00,0.0000,0.000000,0.000000,0.00,0.00,0.0000,0.000000,0.000000
1786700238.823773,6.473861,208,29.08,0.00,0.00,0.0000,0.000000,0.000000,0.00,0.00,0.0000,0.000000,0.000000
1786700238.863591,6.513679,209,29.08,0.00,0.00,0.0000,0.000000,0.000000,0.00,0.00,0.0000,0.000000,0.000000
1786700238.890973,6.541060,210,29.08,0.00,0.00,0.0000,0.000000,0.000000,0.00,0.00,0.0000,0.000000,0.000000
1786700238.924098,6.574186,211,29.08,0.00,0.00,0.0000,0.000000,0.000000,0.00,0.00,0.0000,0.000000,0.000000
1786700238.952698,6.602785,212,29.08,0.00,0.00,0.0000,0.000000,0.000000,0.00,0.00,0.0000,0.000000,0.000000
1786700238.989067,6.639154,213,29.08,0.00,0.00,0.0000,0.000000,0.000000,0.00,0.00,0.0000,0.000000,0.000000
1786700239.031223,6.681310,214,29.08,0.00,0.00,0.0000,0.000000,0.000000,0.00,0.00,0.0000,0.000000,0.000000
1786700239.046613,6.696701,215,29.08,0.00,0.00,0.0000,0.000000,0.000000,0.00,0.00,0.0000,0.000000,0.000000
1786700239.078916,6.729003,216,29.08,0.00,0.00,0.0000,0.000000,0.000000,0.00,0.00,0.0000,0.000000,0.000000
1786700239.121104,6.771191,217,29.08,0.00,0.00,0.0000,0.000000,0.000000,0.00,0.00,0.0000,0.000000,0.000000
1786700239.168779,6.818867,218,29.08,0.00,0.00,0.0000,0.000000,0.000000,0.00,0.00,0.0000,0.000000,0.000000
1786700239.190535,6.840622,219,29.08,0.00,0.00,0.0000,0.000000,0.000000,0.00,0.00,0.0000,0.000000,0.000000
1786700239.225009,6.875096,220,29.27,0.00,0.00,0.0000,0.000000,0.000000,0.00,0.00,0.0000,0.000000,0.000000
1786700239.259229,6.909317,221,29.27,0.00,0.00,0.0000,0.000000,0.000000,0.00,0.00,0.0000,0.000000,0.000000
1786700239.288415,6.938502,222,29.27,0.00,0.00,0.0000,0.000000,0.000000,0.00,0.00,0.0000,0.000000,0.000000
1786700239.334352,6.984439,223,29.27,0.00,0.00,0.0000,0.000000,0.000000,0.00,0.00,0.0000,0.000000,0.000000
1786700239.354264,7.004351,224,29.27,0.00,0.00,0.0000,0.000000,0.000000,0.00,0.00,0.0000,0.000000,0.000000
1786700239.389651,7.039738,225,29.27,0.00,0.00,0.0000,0.000000,0.000000,0.00,0.00,0.0000,0.000000,0.000000
1786700239.424086,7.074174,226,29.27,0.00,0.00,0.0000,0.000000,0.000000,0.00,0.00,0.0000,0.000000,0.000000
1786700239.456717,7.106805,227,29.27,0.00,0.00,0.0000,0.000000,0.000000,0.00,0.00,0.0000,0.000000,0.000000
1786700239.487033,7.137121,228,29.27,0.00,0.00,0.0000,0.000000,0.000000,0.00,0.00,0.0000,0.000000,0.000000
1786700239.520152,7.170239,229,29.27,0.00,0.00,0.0000,0.000000,0.000000,0.00,0.00,0.0000,0.000000,0.000000
1786700239.555619,7.205706,230,29.27,0.00,0.00,0.0000,0.000000,0.000000,0.00,0.00,0.0000,0.000000,0.000000
1786700239.590868,7.240955,231,29.27,0.00,0.00,0.0000,0.000000,0.000000,0.00,0.00,0.0000,0.000000,0.000000
1786700239.625039,7.275126,232,29.27,0.00,0.00,0.0000,0.000000,0.000000,0.00,0.00,0.0000,0.000000,0.000000
1786700239.652581,7.302668,233,29.27,0.00,0.00,0.0000,0.000000,0.000000,0.00,0.00,0.0000,0.000000,0.000000
1786700239.690514,7.340601,234,29.27,0.00,0.00,0.0000,0.000000,0.000000,0.00,0.00,0.0000,0.000000,0.000000
1786700239.726359,7.376446,235,29.41,0.00,0.00,0.0000,0.000000,0.000000,0.00,0.00,0.0000,0.000000,0.000000
1786700239.758244,7.408332,236,29.41,0.00,0.00,0.0000,0.000000,0.000000,0.00,0.00,0.0000,0.000000,0.000000
1786700239.783635,7.433722,237,29.41,0.00,0.00,0.0000,0.000000,0.000000,0.00,0.00,0.0000,0.000000,0.000000
1786700239.823029,7.473117,238,29.41,0.00,0.00,0.0000,0.000000,0.000000,0.00,0.00,0.0000,0.000000,0.000000
1786700239.853813,7.503901,239,29.41,0.00,0.00,0.0000,0.000000,0.000000,0.00,0.00,0.0000,0.000000,0.000000
1786700239.896780,7.546867,240,29.41,0.00,0.00,0.0000,0.000000,0.000000,0.00,0.00,0.0000,0.000000,0.000000
1786700239.919999,7.570086,241,29.41,0.00,0.00,0.0000,0.000000,0.000000,0.00,0.00,0.0000,0.000000,0.000000
1786700239.953853,7.603940,242,29.41,0.00,0.00,0.0000,0.000000,0.000000,0.00,0.00,0.0000,0.000000,0.000000
1786700239.988226,7.638313,243,29.41,0.00,0.00,0.0000,0.000000,0.000000,0.00,0.00,0.0000,0.000000,0.000000
1786700240.017758,7.667845,244,29.41,0.00,0.00,0.0000,0.000000,0.000000,0.00,0.00,0.0000,0.000000,0.000000
1786700240.041164,7.691251,245,29.41,0.00,0.00,0.0000,0.000000,0.000000,0.00,0.00,0.0000,0.000000,0.000000
1786700240.078818,7.728905,246,29.41,0.00,0.00,0.0000,0.000000,0.000000,0.00,0.00,0.0000,0.000000,0.000000
1786700240.114900,7.764987,247,29.41,0.00,0.00,0.0000,0.000000,0.000000,0.00,0.00,0.0000,0.000000,0.000000
1786700240.156481,7.806568,248,29.41,0.00,0.00,0.0000,0.000000,0.000000,0.00,0.00,0.0000,0.000000,0.000000
1786700240.183204,7.833292,249,29.41,0.00,0.00,0.0000,0.000000,0.000000,0.00,0.00,0.0000,0.000000,0.000000
1786700240.215978,7.866066,250,29.41,0.00,0.00,0.0000,0.000000,0.000000,0.00,0.00,0.0000,0.000000,0.000000
1786700240.244680,7.894768,251,29.69,0.00,0.00,0.0000,0.000000,0.000000,0.00,0.00,0.0000,0.000000,0.000000
1786700240.280780,7.930867,252,29.69,0.00,0.00,0.0000,0.000000,0.000000,0.00,0.00,0.0000,0.000000,0.000000
1786700240.312307,7.962394,253,29.69,0.00,0.00,0.0000,0.000000,0.000000,0.00,0.00,0.0000,0.000000,0.000000
1786700240.356297,8.006385,254,29.69,0.00,0.00,0.0000,0.000000,0.000000,0.00,0.00,0.0000,0.000000,0.000000
1786700240.388673,8.038760,255,29.69,0.00,0.00,0.0000,0.000000,0.000000,0.00,0.00,0.0000,0.000000,0.000000
1786700240.448270,8.098358,256,29.69,0.00,0.00,0.0000,0.000000,0.000000,0.00,0.00,0.0000,0.000000,0.000000
1786700240.458793,8.108880,257,29.69,0.00,0.00,0.0000,0.000000,0.000000,0.00,0.00,0.0000,0.000000,0.000000
1786700240.493305,8.143392,258,29.69,0.00,0.00,0.0000,0.000000,0.000000,0.00,0.00,0.0000,0.000000,0.000000
1786700240.530267,8.180355,259,29.69,0.00,0.00,0.0000,0.000000,0.000000,0.00,0.00,0.0000,0.000000,0.000000
1786700240.560066,8.210153,260,29.69,0.00,0.00,0.0000,0.000000,0.000000,0.00,0.00,0.0000,0.000000,0.000000
1786700240.594281,8.244368,261,29.69,0.00,0.00,0.0000,0.000000,0.000000,0.00,0.00,0.0000,0.000000,0.000000
1786700240.630731,8.280818,262,29.69,0.00,0.00,0.0000,0.000000,0.000000,0.00,0.00,0.0000,0.000000,0.000000
1786700240.656272,8.306359,263,29.69,0.00,0.00,0.0000,0.000000,0.000000,0.00,0.00,0.0000,0.000000,0.000000
1786700240.692048,8.342136,264,29.69,0.00,0.00,0.0000,0.000000,0.000000,0.00,0.00,0.0000,0.000000,0.000000
1786700240.727973,8.378060,265,29.69,0.00,0.00,0.0000,0.000000,0.000000,0.00,0.00,0.0000,0.000000,0.000000
1786700240.772871,8.422958,266,29.41,0.00,0.00,0.0000,0.000000,0.000000,0.00,0.00,0.0000,0.000000,0.000000
1786700240.796885,8.446972,267,29.41,0.00,0.00,0.0000,0.000000,0.000000,0.00,0.00,0.0000,0.000000,0.000000
1786700240.840765,8.490853,268,29.41,0.00,0.00,0.0000,0.000000,0.000000,0.00,0.00,0.0000,0.000000,0.000000
1786700240.860966,8.511054,269,29.41,0.00,0.00,0.0000,0.000000,0.000000,0.00,0.00,0.0000,0.000000,0.000000
1786700240.893656,8.543743,270,29.41,0.00,0.00,0.0000,0.000000,0.000000,0.00,0.00,0.0000,0.000000,0.000000
1786700240.927874,8.577961,271,29.41,0.00,0.00,0.0000,0.000000,0.000000,0.00,0.00,0.0000,0.000000,0.000000
1786700240.959489,8.609576,272,29.41,0.00,0.00,0.0000,0.000000,0.000000,0.00,0.00,0.0000,0.000000,0.000000
1786700240.986877,8.636964,273,29.41,0.00,0.00,0.0000,0.000000,0.000000,0.00,0.00,0.0000,0.000000,0.000000
1786700241.029567,8.679654,274,29.41,0.00,0.00,0.0000,0.000000,0.000000,0.00,0.00,0.0000,0.000000,0.000000
1786700241.056496,8.706584,275,29.41,0.00,0.00,0.0000,0.000000,0.000000,0.00,0.00,0.0000,0.000000,0.000000
1786700241.094631,8.744719,276,29.41,0.00,0.00,0.0000,0.000000,0.000000,0.00,0.00,0.0000,0.000000,0.000000
1786700241.111139,8.761226,277,29.41,0.00,0.00,0.0000,0.000000,0.000000,0.00,0.00,0.0000,0.000000,0.000000
1786700241.148891,8.798978,278,29.41,0.00,0.00,0.0000,0.000000,0.000000,0.00,0.00,0.0000,0.000000,0.000000
1786700241.187975,8.838062,279,29.41,0.00,0.00,0.0000,0.000000,0.000000,0.00,0.00,0.0000,0.000000,0.000000
1786700241.221021,8.871108,280,29.41,0.00,0.00,0.0000,0.000000,0.000000,0.00,0.00,0.0000,0.000000,0.000000
1786700241.245530,8.895617,281,29.41,0.00,0.00,0.0000,0.000000,0.000000,0.00,0.00,0.0000,0.000000,0.000000
1786700241.284799,8.934886,282,29.79,0.00,0.00,0.0000,0.000000,0.000000,0.00,0.00,0.0000,0.000000,0.000000
1786700241.328036,8.978123,283,29.79,0.00,0.00,0.0000,0.000000,0.000000,0.00,0.00,0.0000,0.000000,0.000000
1786700241.351820,9.001908,284,29.79,0.00,0.00,0.0000,0.000000,0.000000,0.00,0.00,0.0000,0.000000,0.000000
1786700241.387179,9.037266,285,29.79,0.00,0.00,0.0000,0.000000,0.000000,0.00,0.00,0.0000,0.000000,0.000000
1786700241.432401,9.082488,286,29.79,0.00,0.00,0.0000,0.000000,0.000000,0.00,0.00,0.0000,0.000000,0.000000
1786700241.449122,9.099209,287,29.79,0.00,0.00,0.0000,0.000000,0.000000,0.00,0.00,0.0000,0.000000,0.000000
1786700241.485105,9.135192,288,29.79,0.00,0.00,0.0000,0.000000,0.000000,0.00,0.00,0.0000,0.000000,0.000000
1786700241.527735,9.177822,289,29.79,0.00,0.00,0.0000,0.000000,0.000000,0.00,0.00,0.0000,0.000000,0.000000
1786700241.551399,9.201487,290,29.79,0.00,0.00,0.0000,0.000000,0.000000,0.00,0.00,0.0000,0.000000,0.000000
1786700241.590869,9.240956,291,29.79,0.00,0.00,0.0000,0.000000,0.000000,0.00,0.00,0.0000,0.000000,0.000000
1786700241.622978,9.273065,292,29.79,0.00,0.00,0.0000,0.000000,0.000000,0.00,0.00,0.0000,0.000000,0.000000
1786700241.658244,9.308332,293,29.79,0.00,0.00,0.0000,0.000000,0.000000,0.00,0.00,0.0000,0.000000,0.000000
1786700241.723749,9.373836,294,29.79,0.00,0.00,0.0000,0.000000,0.000000,0.00,0.00,0.0000,0.000000,0.000000
1786700241.745365,9.395452,296,29.79,0.00,0.00,0.0000,0.000000,0.000000,0.00,0.00,0.0000,0.000000,0.000000
1786700241.808586,9.458673,297,29.20,0.00,0.00,0.0000,0.000000,0.000000,0.00,0.00,0.0000,0.000000,0.000000
1786700241.825436,9.475523,298,29.20,0.00,0.00,0.0000,0.000000,0.000000,0.00,0.00,0.0000,0.000000,0.000000
1786700241.850841,9.500928,299,29.20,0.00,0.00,0.0000,0.000000,0.000000,0.00,0.00,0.0000,0.000000,0.000000
1786700241.885297,9.535384,300,29.20,0.00,0.00,0.0000,0.000000,0.000000,0.00,0.00,0.0000,0.000000,0.000000
1786700241.914398,9.564486,301,29.20,0.00,0.00,0.0000,0.000000,0.000000,0.00,0.00,0.0000,0.000000,0.000000
1786700241.964745,9.614832,302,29.20,0.00,0.00,0.0000,0.000000,0.000000,0.00,0.00,0.0000,0.000000,0.000000
1786700241.987981,9.638068,303,29.20,0.00,0.00,0.0000,0.000000,0.000000,0.00,0.00,0.0000,0.000000,0.000000
1786700242.029821,9.679909,304,29.20,0.00,0.00,0.0000,0.000000,0.000000,0.00,0.00,0.0000,0.000000,0.000000
1786700242.072363,9.722450,305,29.20,0.00,0.00,0.0000,0.000000,0.000000,0.00,0.00,0.0000,0.000000,0.000000
1786700242.085886,9.735973,306,29.20,0.00,0.00,0.0000,0.000000,0.000000,0.00,0.00,0.0000,0.000000,0.000000
1786700242.113580,9.763667,307,29.20,0.00,0.00,0.0000,0.000000,0.000000,0.00,0.00,0.0000,0.000000,0.000000
1786700242.145340,9.795427,308,29.20,0.00,0.00,0.0000,0.000000,0.000000,0.00,0.00,0.0000,0.000000,0.000000
1786700242.196526,9.846613,309,29.20,0.00,0.00,0.0000,0.000000,0.000000,0.00,0.00,0.0000,0.000000,0.000000
1786700242.242135,9.892222,310,29.20,0.00,0.00,0.0000,0.000000,0.000000,0.00,0.00,0.0000,0.000000,0.000000
1786700242.254664,9.904751,311,29.20,0.00,0.00,0.0000,0.000000,0.000000,0.00,0.00,0.0000,0.000000,0.000000
1786700242.289285,9.939373,312,29.20,0.00,0.00,0.0000,0.000000,0.000000,0.00,0.00,0.0000,0.000000,0.000000
1786700242.322633,9.972721,313,29.58,0.00,0.00,0.0000,0.000000,0.000000,0.00,0.00,0.0000,0.000000,0.000000
1786700242.364187,10.014275,314,29.58,0.00,0.00,0.0000,0.000000,0.000000,0.00,0.00,0.0000,0.000000,0.000000
1786700242.382725,10.032813,315,29.58,0.00,0.00,0.0000,0.000000,0.000000,0.00,0.00,0.0000,0.000000,0.000000
1786700242.438003,10.088090,316,29.58,0.00,0.00,0.0000,0.000000,0.000000,0.00,0.00,0.0000,0.000000,0.000000
1786700242.468017,10.118104,317,29.58,0.00,0.00,0.0000,0.000000,0.000000,0.00,0.00,0.0000,0.000000,0.000000
1786700242.488057,10.138145,318,29.58,0.00,0.00,0.0000,0.000000,0.000000,0.00,0.00,0.0000,0.000000,0.000000
1786700242.528351,10.178439,319,29.58,0.00,0.00,0.0000,0.000000,0.000000,0.00,0.00,0.0000,0.000000,0.000000
1786700242.555771,10.205858,320,29.58,0.00,0.00,0.0000,0.000000,0.000000,0.00,0.00,0.0000,0.000000,0.000000
1786700242.584496,10.234584,321,29.58,0.00,0.00,0.0000,0.000000,0.000000,0.00,0.00,0.0000,0.000000,0.000000
1786700242.630396,10.280483,322,29.58,0.00,0.00,0.0000,0.000000,0.000000,0.00,0.00,0.0000,0.000000,0.000000
1786700242.664747,10.314834,323,29.58,0.00,0.00,0.0000,0.000000,0.000000,0.00,0.00,0.0000,0.000000,0.000000
1786700242.692851,10.342939,324,29.58,0.00,0.00,0.0000,0.000000,0.000000,0.00,0.00,0.0000,0.000000,0.000000
1786700242.722940,10.373028,325,29.58,0.00,0.00,0.0000,0.000000,0.000000,0.00,0.00,0.0000,0.000000,0.000000
1786700242.754547,10.404635,326,29.58,0.00,0.00,0.0000,0.000000,0.000000,0.00,0.00,0.0000,0.000000,0.000000
1786700242.783474,10.433561,327,29.58,0.00,0.00,0.0000,0.000000,0.000000,0.00,0.00,0.0000,0.000000,0.000000
1786700242.834249,10.484337,328,29.53,0.00,0.00,0.0000,0.000000,0.000000,0.00,0.00,0.0000,0.000000,0.000000
1786700242.853805,10.503892,329,29.53,0.00,0.00,0.0000,0.000000,0.000000,0.00,0.00,0.0000,0.000000,0.000000
1786700242.896308,10.546396,330,29.53,0.00,0.00,0.0000,0.000000,0.000000,0.00,0.00,0.0000,0.000000,0.000000
1786700242.922625,10.572713,331,29.53,0.00,0.00,0.0000,0.000000,0.000000,0.00,0.00,0.0000,0.000000,0.000000
1786700242.962102,10.612189,332,29.53,0.00,0.00,0.0000,0.000000,0.000000,0.00,0.00,0.0000,0.000000,0.000000
1786700243.024169,10.674256,333,29.53,0.00,0.00,0.0000,0.000000,0.000000,0.00,0.00,0.0000,0.000000,0.000000
1786700243.026692,10.676779,334,29.53,0.00,0.00,0.0000,0.000000,0.000000,0.00,0.00,0.0000,0.000000,0.000000
1786700243.056336,10.706424,335,29.53,0.00,0.00,0.0000,0.000000,0.000000,0.00,0.00,0.0000,0.000000,0.000000
1786700243.097738,10.747825,336,29.53,0.00,0.00,0.0000,0.000000,0.000000,0.00,0.00,0.0000,0.000000,0.000000
1786700243.123097,10.773185,337,29.53,0.00,0.00,0.0000,0.000000,0.000000,0.00,0.00,0.0000,0.000000,0.000000
1786700243.157787,10.807875,338,29.53,0.00,0.00,0.0000,0.000000,0.000000,0.00,0.00,0.0000,0.000000,0.000000
1786700243.184429,10.834517,339,29.53,0.00,0.00,0.0000,0.000000,0.000000,0.00,0.00,0.0000,0.000000,0.000000
1786700243.222910,10.872997,340,29.53,0.00,0.00,0.0000,0.000000,0.000000,0.00,0.00,0.0000,0.000000,0.000000
1786700243.254029,10.904116,341,29.53,0.00,0.00,0.0000,0.000000,0.000000,0.00,0.00,0.0000,0.000000,0.000000
1786700243.301676,10.951764,342,29.53,0.00,0.00,0.0000,0.000000,0.000000,0.00,0.00,0.0000,0.000000,0.000000
1786700243.317614,10.967702,343,29.53,0.00,0.00,0.0000,0.000000,0.000000,0.00,0.00,0.0000,0.000000,0.000000
1786700243.352152,11.002240,344,29.77,0.00,0.00,0.0000,0.000000,0.000000,0.00,0.00,0.0000,0.000000,0.000000
1786700243.385338,11.035425,345,29.77,0.00,0.00,0.0000,0.000000,0.000000,0.00,0.00,0.0000,0.000000,0.000000
1786700243.441097,11.091184,346,29.77,0.00,0.00,0.0000,0.000000,0.000000,0.00,0.00,0.0000,0.000000,0.000000
1786700243.472568,11.122655,347,29.77,0.00,0.00,0.0000,0.000000,0.000000,0.00,0.00,0.0000,0.000000,0.000000
1786700243.495535,11.145622,348,29.77,0.00,0.00,0.0000,0.000000,0.000000,0.00,0.00,0.0000,0.000000,0.000000
1786700243.534481,11.184568,349,29.77,0.00,0.00,0.0000,0.000000,0.000000,0.00,0.00,0.0000,0.000000,0.000000
1786700243.555714,11.205802,350,29.77,0.00,0.00,0.0000,0.000000,0.000000,0.00,0.00,0.0000,0.000000,0.000000
1786700243.597124,11.247211,351,29.77,0.00,0.00,0.0000,0.000000,0.000000,0.00,0.00,0.0000,0.000000,0.000000
1786700243.620350,11.270437,352,29.77,0.00,0.00,0.0000,0.000000,0.000000,0.00,0.00,0.0000,0.000000,0.000000
1786700243.650947,11.301034,353,29.77,0.00,0.00,0.0000,0.000000,0.000000,0.00,0.00,0.0000,0.000000,0.000000
1786700243.699291,11.349378,354,29.77,0.00,0.00,0.0000,0.000000,0.000000,0.00,0.00,0.0000,0.000000,0.000000
1786700243.726033,11.376121,355,29.77,0.00,0.00,0.0000,0.000000,0.000000,0.00,0.00,0.0000,0.000000,0.000000
1786700243.752762,11.402849,356,29.77,0.00,0.00,0.0000,0.000000,0.000000,0.00,0.00,0.0000,0.000000,0.000000
1786700243.792952,11.443039,357,29.77,0.00,0.00,0.0000,0.000000,0.000000,0.00,0.00,0.0000,0.000000,0.000000
1786700243.839589,11.489676,358,29.77,0.00,0.00,0.0000,0.000000,0.000000,0.00,0.00,0.0000,0.000000,0.000000
1786700243.869976,11.520063,359,29.62,0.00,0.00,0.0000,0.000000,0.000000,0.00,0.00,0.0000,0.000000,0.000000
1786700243.887750,11.537838,360,29.62,0.00,0.00,0.0000,0.000000,0.000000,0.00,0.00,0.0000,0.000000,0.000000
1786700243.927428,11.577516,361,29.62,0.00,0.00,0.0000,0.000000,0.000000,0.00,0.00,0.0000,0.000000,0.000000
1786700243.951352,11.601439,362,29.62,0.00,0.00,0.0000,0.000000,0.000000,0.00,0.00,0.0000,0.000000,0.000000
1786700243.994433,11.644520,363,29.62,0.00,0.00,0.0000,0.000000,0.000000,0.00,0.00,0.0000,0.000000,0.000000
1786700244.025345,11.675432,364,29.62,0.00,0.00,0.0000,0.000000,0.000000,0.00,0.00,0.0000,0.000000,0.000000
1786700244.050760,11.700847,365,29.62,0.00,0.00,0.0000,0.000000,0.000000,0.00,0.00,0.0000,0.000000,0.000000
1786700244.083551,11.733638,366,29.62,0.00,0.00,0.0000,0.000000,0.000000,0.00,0.00,0.0000,0.000000,0.000000
1786700244.115282,11.765369,367,29.62,0.00,0.00,0.0000,0.000000,0.000000,0.00,0.00,0.0000,0.000000,0.000000
1786700244.161123,11.811211,368,29.62,0.00,0.00,0.0000,0.000000,0.000000,0.00,0.00,0.0000,0.000000,0.000000
1786700244.187114,11.837201,369,29.62,0.00,0.00,0.0000,0.000000,0.000000,0.00,0.00,0.0000,0.000000,0.000000
1786700244.234575,11.884662,370,29.62,0.00,0.00,0.0000,0.000000,0.000000,0.00,0.00,0.0000,0.000000,0.000000
1786700244.287151,11.937238,372,29.62,0.00,0.00,0.0000,0.000000,0.000000,0.00,0.00,0.0000,0.000000,0.000000
1786700244.332590,11.982677,373,29.62,0.00,0.00,0.0000,0.000000,0.000000,0.00,0.00,0.0000,0.000000,0.000000
1786700244.357620,12.007707,374,29.62,0.00,0.00,0.0000,0.000000,0.000000,0.00,0.00,0.0000,0.000000,0.000000
1786700244.400916,12.051003,375,29.35,0.00,0.00,0.0000,0.000000,0.000000,0.00,0.00,0.0000,0.000000,0.000000
1786700244.432983,12.083071,376,29.35,0.00,0.00,0.0000,0.000000,0.000000,0.00,0.00,0.0000,0.000000,0.000000
1786700244.462074,12.112161,377,29.35,0.00,0.00,0.0000,0.000000,0.000000,0.00,0.00,0.0000,0.000000,0.000000
1786700244.508773,12.158860,378,29.35,0.00,0.00,0.0000,0.000000,0.000000,0.00,0.00,0.0000,0.000000,0.000000
1786700244.527719,12.177807,379,29.35,0.00,0.00,0.0000,0.000000,0.000000,0.00,0.00,0.0000,0.000000,0.000000
1786700244.549244,12.199332,380,29.35,0.00,0.00,0.0000,0.000000,0.000000,0.00,0.00,0.0000,0.000000,0.000000
1786700244.585886,12.235973,381,29.35,0.00,0.00,0.0000,0.000000,0.000000,0.00,0.00,0.0000,0.000000,0.000000
1786700244.622626,12.272713,382,29.35,0.00,0.00,0.0000,0.000000,0.000000,0.00,0.00,0.0000,0.000000,0.000000
1786700244.651234,12.301322,383,29.35,0.00,0.00,0.0000,0.000000,0.000000,0.00,0.00,0.0000,0.000000,0.000000
1786700244.686884,12.336972,384,29.35,0.00,0.00,0.0000,0.000000,0.000000,0.00,0.00,0.0000,0.000000,0.000000
1786700244.715815,12.365903,385,29.35,0.00,0.00,0.0000,0.000000,0.000000,0.00,0.00,0.0000,0.000000,0.000000
1786700244.756194,12.406281,386,29.35,0.00,0.00,0.0000,0.000000,0.000000,0.00,0.00,0.0000,0.000000,0.000000
1786700244.785035,12.435122,387,29.35,0.00,0.00,0.0000,0.000000,0.000000,0.00,0.00,0.0000,0.000000,0.000000
1786700244.824107,12.474195,388,29.35,0.00,0.00,0.0000,0.000000,0.000000,0.00,0.00,0.0000,0.000000,0.000000
1786700244.850679,12.500766,389,29.35,0.00,0.00,0.0000,0.000000,0.000000,0.00,0.00,0.0000,0.000000,0.000000
1786700244.887652,12.537739,390,29.35,0.00,0.00,0.0000,0.000000,0.000000,0.00,0.00,0.0000,0.000000,0.000000
1786700244.920045,12.570132,391,29.65,0.00,0.00,0.0000,0.000000,0.000000,0.00,0.00,0.0000,0.000000,0.000000
1786700244.951325,12.601413,392,29.65,0.00,0.00,0.0000,0.000000,0.000000,0.00,0.00,0.0000,0.000000,0.000000
1786700244.989740,12.639827,393,29.65,0.00,0.00,0.0000,0.000000,0.000000,0.00,0.00,0.0000,0.000000,0.000000
1786700245.019890,12.669977,394,29.65,0.00,0.00,0.0000,0.000000,0.000000,0.00,0.00,0.0000,0.000000,0.000000
1786700245.059809,12.709896,395,29.65,0.00,0.00,0.0000,0.000000,0.000000,0.00,0.00,0.0000,0.000000,0.000000
1786700245.098238,12.748325,396,29.65,0.00,0.00,0.0000,0.000000,0.000000,0.00,0.00,0.0000,0.000000,0.000000
1786700245.117776,12.767864,397,29.65,0.00,0.00,0.0000,0.000000,0.000000,0.00,0.00,0.0000,0.000000,0.000000
1786700245.155371,12.805458,398,29.65,0.00,0.00,0.0000,0.000000,0.000000,0.00,0.00,0.0000,0.000000,0.000000
1786700245.189577,12.839664,399,29.65,0.00,0.00,0.0000,0.000000,0.000000,0.00,0.00,0.0000,0.000000,0.000000
1786700245.229434,12.879521,400,29.65,0.00,0.00,0.0000,0.000000,0.000000,0.00,0.00,0.0000,0.000000,0.000000
1786700245.254161,12.904248,401,29.65,0.00,0.00,0.0000,0.000000,0.000000,0.00,0.00,0.0000,0.000000,0.000000
1786700245.290985,12.941072,402,29.65,0.00,0.00,0.0000,0.000000,0.000000,0.00,0.00,0.0000,0.000000,0.000000
1786700245.336711,12.986798,403,29.65,0.00,0.00,0.0000,0.000000,0.000000,0.00,0.00,0.0000,0.000000,0.000000
1786700245.368683,13.018771,404,29.65,0.00,0.00,0.0000,0.000000,0.000000,0.00,0.00,0.0000,0.000000,0.000000
1786700245.399320,13.049407,405,29.65,0.00,0.00,0.0000,0.000000,0.000000,0.00,0.00,0.0000,0.000000,0.000000
1786700245.430568,13.080655,406,29.60,0.00,0.00,0.0000,0.000000,0.000000,0.00,0.00,0.0000,0.000000,0.000000
1786700245.449522,13.099609,407,29.60,0.00,0.00,0.0000,0.000000,0.000000,0.00,0.00,0.0000,0.000000,0.000000
1786700245.484668,13.134755,408,29.60,0.00,0.00,0.0000,0.000000,0.000000,0.00,0.00,0.0000,0.000000,0.000000
1786700245.525616,13.175704,409,29.60,0.00,0.00,0.0000,0.000000,0.000000,0.00,0.00,0.0000,0.000000,0.000000
1786700245.584240,13.234327,410,29.60,0.00,0.00,0.0000,0.000000,0.000000,0.00,0.00,0.0000,0.000000,0.000000
1786700245.587752,13.237839,411,29.60,0.00,0.00,0.0000,0.000000,0.000000,0.00,0.00,0.0000,0.000000,0.000000
1786700245.631864,13.281951,412,29.60,0.00,0.00,0.0000,0.000000,0.000000,0.00,0.00,0.0000,0.000000,0.000000
1786700245.666502,13.316590,413,29.60,0.00,0.00,0.0000,0.000000,0.000000,0.00,0.00,0.0000,0.000000,0.000000
1786700245.697613,13.347700,414,29.60,0.00,0.00,0.0000,0.000000,0.000000,0.00,0.00,0.0000,0.000000,0.000000
1786700245.728600,13.378687,415,29.60,0.00,0.00,0.0000,0.000000,0.000000,0.00,0.00,0.0000,0.000000,0.000000
1786700245.758900,13.408987,416,29.60,0.00,0.00,0.0000,0.000000,0.000000,0.00,0.00,0.0000,0.000000,0.000000
1786700245.799148,13.449235,417,29.60,0.00,0.00,0.0000,0.000000,0.000000,0.00,0.00,0.0000,0.000000,0.000000
1786700245.837249,13.487337,418,29.60,0.00,0.00,0.0000,0.000000,0.000000,0.00,0.00,0.0000,0.000000,0.000000
1786700245.849757,13.499844,419,29.60,0.00,0.00,0.0000,0.000000,0.000000,0.00,0.00,0.0000,0.000000,0.000000
1786700245.888431,13.538518,420,29.60,0.00,0.00,0.0000,0.000000,0.000000,0.00,0.00,0.0000,0.000000,0.000000
1786700245.924173,13.574260,421,29.60,0.00,0.00,0.0000,0.000000,0.000000,0.00,0.00,0.0000,0.000000,0.000000
1786700245.963192,13.613279,422,29.69,0.00,0.00,0.0000,0.000000,0.000000,0.00,0.00,0.0000,0.000000,0.000000
1786700245.994201,13.644288,423,29.69,0.00,0.00,0.0000,0.000000,0.000000,0.00,0.00,0.0000,0.000000,0.000000
1786700246.019718,13.669805,424,29.69,0.00,0.00,0.0000,0.000000,0.000000,0.00,0.00,0.0000,0.000000,0.000000
1786700246.052830,13.702917,425,29.69,0.00,0.00,0.0000,0.000000,0.000000,0.00,0.00,0.0000,0.000000,0.000000
1786700246.086138,13.736225,426,29.69,0.00,0.00,0.0000,0.000000,0.000000,0.00,0.00,0.0000,0.000000,0.000000
1786700246.117277,13.767364,427,29.69,0.00,0.00,0.0000,0.000000,0.000000,0.00,0.00,0.0000,0.000000,0.000000
1786700246.165973,13.816061,428,29.69,0.00,0.00,0.0000,0.000000,0.000000,0.00,0.00,0.0000,0.000000,0.000000
1786700246.188678,13.838765,429,29.69,0.00,0.00,0.0000,0.000000,0.000000,0.00,0.00,0.0000,0.000000,0.000000
1786700246.220963,13.871051,430,29.69,0.00,0.00,0.0000,0.000000,0.000000,0.00,0.00,0.0000,0.000000,0.000000
1786700246.258547,13.908634,431,29.69,0.00,0.00,0.0000,0.000000,0.000000,0.00,0.00,0.0000,0.000000,0.000000
1786700246.289722,13.939810,432,29.69,0.00,0.00,0.0000,0.000000,0.000000,0.00,0.00,0.0000,0.000000,0.000000
1786700246.318768,13.968855,433,29.69,0.00,0.00,0.0000,0.000000,0.000000,0.00,0.00,0.0000,0.000000,0.000000
1786700246.367829,14.017916,434,29.69,0.00,0.00,0.0000,0.000000,0.000000,0.00,0.00,0.0000,0.000000,0.000000
1786700246.383077,14.033165,435,29.69,0.00,0.00,0.0000,0.000000,0.000000,0.00,0.00,0.0000,0.000000,0.000000
1786700246.419965,14.070052,436,29.69,0.00,0.00,0.0000,0.000000,0.000000,0.00,0.00,0.0000,0.000000,0.000000
1786700246.450516,14.100603,437,29.69,0.00,0.00,0.0000,0.000000,0.000000,0.00,0.00,0.0000,0.000000,0.000000
1786700246.500613,14.150701,438,29.70,0.00,0.00,0.0000,0.000000,0.000000,0.00,0.00,0.0000,0.000000,0.000000
1786700246.525663,14.175750,439,29.70,0.00,0.00,0.0000,0.000000,0.000000,0.00,0.00,0.0000,0.000000,0.000000
1786700246.563317,14.213404,440,29.70,0.00,0.00,0.0000,0.000000,0.000000,0.00,0.00,0.0000,0.000000,0.000000
1786700246.588298,14.238386,441,29.70,0.00,0.00,0.0000,0.000000,0.000000,0.00,0.00,0.0000,0.000000,0.000000
1786700246.624743,14.274830,442,29.70,0.00,0.00,0.0000,0.000000,0.000000,0.00,0.00,0.0000,0.000000,0.000000
1786700246.661290,14.311378,443,29.70,0.00,0.00,0.0000,0.000000,0.000000,0.00,0.00,0.0000,0.000000,0.000000
1786700246.692516,14.342604,444,29.70,0.00,0.00,0.0000,0.000000,0.000000,0.00,0.00,0.0000,0.000000,0.000000
1786700246.720805,14.370893,445,29.70,0.00,0.00,0.0000,0.000000,0.000000,0.00,0.00,0.0000,0.000000,0.000000
1786700246.756774,14.406861,446,29.70,0.00,0.00,0.0000,0.000000,0.000000,0.00,0.00,0.0000,0.000000,0.000000
1786700246.801090,14.451177,447,29.70,0.00,0.00,0.0000,0.000000,0.000000,0.00,0.00,0.0000,0.000000,0.000000
1786700246.846447,14.496534,448,29.70,0.00,0.00,0.0000,0.000000,0.000000,0.00,0.00,0.0000,0.000000,0.000000
1786700246.862954,14.513041,449,29.70,0.00,0.00,0.0000,0.000000,0.000000,0.00,0.00,0.0000,0.000000,0.000000
1786700246.890964,14.541051,450,29.70,0.00,0.00,0.0000,0.000000,0.000000,0.00,0.00,0.0000,0.000000,0.000000
1786700246.920994,14.571081,451,29.70,0.00,0.00,0.0000,0.000000,0.000000,0.00,0.00,0.0000,0.000000,0.000000
1786700246.959191,14.609279,452,29.70,0.00,0.00,0.0000,0.000000,0.000000,0.00,0.00,0.0000,0.000000,0.000000
1786700247.019233,14.669321,453,29.54,0.00,0.00,0.0000,0.000000,0.000000,0.00,0.00,0.0000,0.000000,0.000000
1786700247.037092,14.687180,454,29.54,0.00,0.00,0.0000,0.000000,0.000000,0.00,0.00,0.0000,0.000000,0.000000
1786700247.049617,14.699704,455,29.54,0.00,0.00,0.0000,0.000000,0.000000,0.00,0.00,0.0000,0.000000,0.000000
1786700247.092689,14.742776,456,29.54,0.00,0.00,0.0000,0.000000,0.000000,0.00,0.00,0.0000,0.000000,0.000000
1786700247.128329,14.778416,457,29.54,0.00,0.00,0.0000,0.000000,0.000000,0.00,0.00,0.0000,0.000000,0.000000
1786700247.146570,14.796657,458,29.54,0.00,0.00,0.0000,0.000000,0.000000,0.00,0.00,0.0000,0.000000,0.000000
1786700247.184064,14.834152,459,29.54,0.00,0.00,0.0000,0.000000,0.000000,0.00,0.00,0.0000,0.000000,0.000000
1786700247.232671,14.882758,460,29.54,0.00,0.00,0.0000,0.000000,0.000000,0.00,0.00,0.0000,0.000000,0.000000
1786700247.252195,14.902282,461,29.54,0.00,0.00,0.0000,0.000000,0.000000,0.00,0.00,0.0000,0.000000,0.000000
1786700247.302363,14.952451,462,29.54,0.00,0.00,0.0000,0.000000,0.000000,0.00,0.00,0.0000,0.000000,0.000000
1786700247.330070,14.980157,463,29.54,0.00,0.00,0.0000,0.000000,0.000000,0.00,0.00,0.0000,0.000000,0.000000
1786700247.360448,15.010535,464,29.54,0.00,0.00,0.0000,0.000000,0.000000,0.00,0.00,0.0000,0.000000,0.000000
1786700247.388093,15.038180,465,29.54,0.00,0.00,0.0000,0.000000,0.000000,0.00,0.00,0.0000,0.000000,0.000000
1786700247.438618,15.088705,466,29.54,0.00,0.00,0.0000,0.000000,0.000000,0.00,0.00,0.0000,0.000000,0.000000
1786700247.469981,15.120069,467,29.54,0.00,0.00,0.0000,0.000000,0.000000,0.00,0.00,0.0000,0.000000,0.000000
1786700247.501180,15.151268,468,29.54,0.00,0.00,0.0000,0.000000,0.000000,0.00,0.00,0.0000,0.000000,0.000000
1786700247.525538,15.175625,469,29.97,0.00,0.00,0.0000,0.000000,0.000000,0.00,0.00,0.0000,0.000000,0.000000
1786700247.555919,15.206006,470,29.97,0.00,0.00,0.0000,0.000000,0.000000,0.00,0.00,0.0000,0.000000,0.000000
1786700247.592646,15.242733,471,29.97,0.00,0.00,0.0000,0.000000,0.000000,0.00,0.00,0.0000,0.000000,0.000000
1786700247.622675,15.272763,472,29.97,0.00,0.00,0.0000,0.000000,0.000000,0.00,0.00,0.0000,0.000000,0.000000
1786700247.653833,15.303921,473,29.97,0.00,0.00,0.0000,0.000000,0.000000,0.00,0.00,0.0000,0.000000,0.000000
1786700247.692352,15.342439,474,29.97,0.00,0.00,0.0000,0.000000,0.000000,0.00,0.00,0.0000,0.000000,0.000000
1786700247.732534,15.382622,475,29.97,0.00,0.00,0.0000,0.000000,0.000000,0.00,0.00,0.0000,0.000000,0.000000
1786700247.758591,15.408679,476,29.97,0.00,0.00,0.0000,0.000000,0.000000,0.00,0.00,0.0000,0.000000,0.000000
1786700247.784508,15.434595,477,29.97,0.00,0.00,0.0000,0.000000,0.000000,0.00,0.00,0.0000,0.000000,0.000000
1786700247.833436,15.483523,478,29.97,0.00,0.00,0.0000,0.000000,0.000000,0.00,0.00,0.0000,0.000000,0.000000
1786700247.861423,15.511510,479,29.97,0.00,0.00,0.0000,0.000000,0.000000,0.00,0.00,0.0000,0.000000,0.000000
1786700247.891030,15.541117,480,29.97,0.00,0.00,0.0000,0.000000,0.000000,0.00,0.00,0.0000,0.000000,0.000000
1786700247.919122,15.569210,481,29.97,0.00,0.00,0.0000,0.000000,0.000000,0.00,0.00,0.0000,0.000000,0.000000
1786700247.955006,15.605093,482,29.97,0.00,0.00,0.0000,0.000000,0.000000,0.00,0.00,0.0000,0.000000,0.000000
1786700247.986558,15.636645,483,29.97,0.00,0.00,0.0000,0.000000,0.000000,0.00,0.00,0.0000,0.000000,0.000000
1786700248.015635,15.665722,484,29.97,0.00,0.00,0.0000,0.000000,0.000000,0.00,0.00,0.0000,0.000000,0.000000
1786700248.052977,15.703064,485,30.04,0.00,0.00,0.0000,0.000000,0.000000,0.00,0.00,0.0000,0.000000,0.000000
1786700248.084231,15.734318,486,30.04,0.00,0.00,0.0000,0.000000,0.000000,0.00,0.00,0.0000,0.000000,0.000000
1786700248.137394,15.787482,487,30.04,0.00,0.00,0.0000,0.000000,0.000000,0.00,0.00,0.0000,0.000000,0.000000
1786700248.153922,15.804009,488,30.04,0.00,0.00,0.0000,0.000000,0.000000,0.00,0.00,0.0000,0.000000,0.000000
1786700248.190970,15.841058,489,30.04,0.00,0.00,0.0000,0.000000,0.000000,0.00,0.00,0.0000,0.000000,0.000000
1786700248.223506,15.873594,490,30.04,0.00,0.00,0.0000,0.000000,0.000000,0.00,0.00,0.0000,0.000000,0.000000
1786700248.249547,15.899634,491,30.04,0.00,0.00,0.0000,0.000000,0.000000,0.00,0.00,0.0000,0.000000,0.000000
1786700248.296610,15.946697,492,30.04,0.00,0.00,0.0000,0.000000,0.000000,0.00,0.00,0.0000,0.000000,0.000000
1786700248.341069,15.991156,493,30.04,0.00,0.00,0.0000,0.000000,0.000000,0.00,0.00,0.0000,0.000000,0.000000
1786700248.355087,16.005174,494,30.04,0.00,0.00,0.0000,0.000000,0.000000,0.00,0.00,0.0000,0.000000,0.000000
1786700248.386305,16.036392,495,30.04,0.00,0.00,0.0000,0.000000,0.000000,0.00,0.00,0.0000,0.000000,0.000000
1786700248.416975,16.067062,496,30.04,0.00,0.00,0.0000,0.000000,0.000000,0.00,0.00,0.0000,0.000000,0.000000
1786700248.453647,16.103734,497,30.04,0.00,0.00,0.0000,0.000000,0.000000,0.00,0.00,0.0000,0.000000,0.000000
1786700248.492259,16.142347,498,30.04,0.00,0.00,0.0000,0.000000,0.000000,0.00,0.00,0.0000,0.000000,0.000000
1786700248.524783,16.174871,499,30.04,0.00,0.00,0.0000,0.000000,0.000000,0.00,0.00,0.0000,0.000000,0.000000
1786700248.555508,16.205596,500,29.99,0.00,0.00,0.0000,0.000000,0.000000,0.00,0.00,0.0000,0.000000,0.000000
1786700248.580216,16.230303,501,29.99,0.00,0.00,0.0000,0.000000,0.000000,0.00,0.00,0.0000,0.000000,0.000000
1786700248.623311,16.273398,502,29.99,0.00,0.00,0.0000,0.000000,0.000000,0.00,0.00,0.0000,0.000000,0.000000
1786700248.666124,16.316211,503,29.99,0.00,0.00,0.0000,0.000000,0.000000,0.00,0.00,0.0000,0.000000,0.000000
1786700248.697646,16.347734,504,29.99,0.00,0.00,0.0000,0.000000,0.000000,0.00,0.00,0.0000,0.000000,0.000000
1786700248.717431,16.367518,505,29.99,0.00,0.00,0.0000,0.000000,0.000000,0.00,0.00,0.0000,0.000000,0.000000
1786700248.754510,16.404597,506,29.99,0.00,0.00,0.0000,0.000000,0.000000,0.00,0.00,0.0000,0.000000,0.000000
1786700248.799747,16.449835,507,29.99,0.00,0.00,0.0000,0.000000,0.000000,0.00,0.00,0.0000,0.000000,0.000000
1786700248.814532,16.464619,508,29.99,0.00,0.00,0.0000,0.000000,0.000000,0.00,0.00,0.0000,0.000000,0.000000
1786700248.863759,16.513846,509,29.99,0.00,0.00,0.0000,0.000000,0.000000,0.00,0.00,0.0000,0.000000,0.000000
1786700248.894142,16.544230,510,29.99,0.00,0.00,0.0000,0.000000,0.000000,0.00,0.00,0.0000,0.000000,0.000000
1786700248.924239,16.574326,511,29.99,0.00,0.00,0.0000,0.000000,0.000000,0.00,0.00,0.0000,0.000000,0.000000
1786700248.949655,16.599742,512,29.99,0.00,0.00,0.0000,0.000000,0.000000,0.00,0.00,0.0000,0.000000,0.000000
1786700248.986512,16.636600,513,29.99,0.00,0.00,0.0000,0.000000,0.000000,0.00,0.00,0.0000,0.000000,0.000000
1786700249.032284,16.682372,514,29.99,0.00,0.00,0.0000,0.000000,0.000000,0.00,0.00,0.0000,0.000000,0.000000
1786700249.060194,16.710282,515,29.93,0.00,0.00,0.0000,0.000000,0.000000,0.00,0.00,0.0000,0.000000,0.000000
1786700249.095834,16.745921,516,29.93,0.00,0.00,0.0000,0.000000,0.000000,0.00,0.00,0.0000,0.000000,0.000000
1786700249.118860,16.768947,517,29.93,0.00,0.00,0.0000,0.000000,0.000000,0.00,0.00,0.0000,0.000000,0.000000
1786700249.174011,16.824098,518,29.93,0.00,0.00,0.0000,0.000000,0.000000,0.00,0.00,0.0000,0.000000,0.000000
1786700249.184038,16.834125,519,29.93,0.00,0.00,0.0000,0.000000,0.000000,0.00,0.00,0.0000,0.000000,0.000000
1786700249.225504,16.875592,520,29.93,0.00,0.00,0.0000,0.000000,0.000000,0.00,0.00,0.0000,0.000000,0.000000
1786700249.254875,16.904962,521,29.93,0.00,0.00,0.0000,0.000000,0.000000,0.00,0.00,0.0000,0.000000,0.000000
1786700249.291895,16.941983,522,29.93,0.00,0.00,0.0000,0.000000,0.000000,0.00,0.00,0.0000,0.000000,0.000000
1786700249.327794,16.977881,523,29.93,0.00,0.00,0.0000,0.000000,0.000000,0.00,0.00,0.0000,0.000000,0.000000
1786700249.350336,17.000423,524,29.93,0.00,0.00,0.0000,0.000000,0.000000,0.00,0.00,0.0000,0.000000,0.000000
1786700249.411038,17.061126,525,29.93,0.00,0.00,0.0000,0.000000,0.000000,0.00,0.00,0.0000,0.000000,0.000000
1786700249.424547,17.074634,526,29.93,0.00,0.00,0.0000,0.000000,0.000000,0.00,0.00,0.0000,0.000000,0.000000
1786700249.453908,17.103996,527,29.93,0.00,0.00,0.0000,0.000000,0.000000,0.00,0.00,0.0000,0.000000,0.000000
1786700249.484130,17.134218,528,29.93,0.00,0.00,0.0000,0.000000,0.000000,0.00,0.00,0.0000,0.000000,0.000000
1786700249.522707,17.172794,529,29.93,0.00,0.00,0.0000,0.000000,0.000000,0.00,0.00,0.0000,0.000000,0.000000
1786700249.552087,17.202175,530,29.93,0.00,0.00,0.0000,0.000000,0.000000,0.00,0.00,0.0000,0.000000,0.000000
1786700249.589447,17.239534,531,29.99,0.00,0.00,0.0000,0.000000,0.000000,0.00,0.00,0.0000,0.000000,0.000000
1786700249.620955,17.271043,532,29.99,0.00,0.00,0.0000,0.000000,0.000000,0.00,0.00,0.0000,0.000000,0.000000
1786700249.655958,17.306045,533,29.99,0.00,0.00,0.0000,0.000000,0.000000,0.00,0.00,0.0000,0.000000,0.000000
1786700249.687484,17.337571,534,29.99,0.00,0.00,0.0000,0.000000,0.000000,0.00,0.00,0.0000,0.000000,0.000000
1786700249.723453,17.373541,535,29.99,0.00,0.00,0.0000,0.000000,0.000000,0.00,0.00,0.0000,0.000000,0.000000
1786700249.779097,17.429184,536,29.99,0.00,0.00,0.0000,0.000000,0.000000,0.00,0.00,0.0000,0.000000,0.000000
1786700249.820608,17.470695,538,29.99,0.00,0.00,0.0000,0.000000,0.000000,0.00,0.00,0.0000,0.000000,0.000000
1786700249.850148,17.500236,539,29.99,0.00,0.00,0.0000,0.000000,0.000000,0.00,0.00,0.0000,0.000000,0.000000
1786700249.901804,17.551891,540,29.99,0.00,0.00,0.0000,0.000000,0.000000,0.00,0.00,0.0000,0.000000,0.000000
1786700249.932494,17.582581,541,29.99,0.00,0.00,0.0000,0.000000,0.000000,0.00,0.00,0.0000,0.000000,0.000000
1786700249.947443,17.597530,542,29.99,0.00,0.00,0.0000,0.000000,0.000000,0.00,0.00,0.0000,0.000000,0.000000
1786700249.995302,17.645389,543,29.99,0.00,0.00,0.0000,0.000000,0.000000,0.00,0.00,0.0000,0.000000,0.000000
1786700250.021000,17.671087,544,29.99,0.00,0.00,0.0000,0.000000,0.000000,0.00,0.00,0.0000,0.000000,0.000000
1786700250.056467,17.706554,545,29.99,0.00,0.00,0.0000,0.000000,0.000000,0.00,0.00,0.0000,0.000000,0.000000
1786700250.085333,17.735420,546,29.99,0.00,0.00,0.0000,0.000000,0.000000,0.00,0.00,0.0000,0.000000,0.000000
1786700250.126700,17.776787,547,29.59,0.00,0.00,0.0000,0.000000,0.000000,0.00,0.00,0.0000,0.000000,0.000000
1786700250.165868,17.815956,548,29.59,0.00,0.00,0.0000,0.000000,0.000000,0.00,0.00,0.0000,0.000000,0.000000
1786700250.182376,17.832463,549,29.59,0.00,0.00,0.0000,0.000000,0.000000,0.00,0.00,0.0000,0.000000,0.000000
1786700250.228688,17.878775,550,29.59,0.00,0.00,0.0000,0.000000,0.000000,0.00,0.00,0.0000,0.000000,0.000000
1786700250.260931,17.911018,551,29.59,0.00,0.00,0.0000,0.000000,0.000000,0.00,0.00,0.0000,0.000000,0.000000
1786700250.298840,17.948927,552,29.59,0.00,0.00,0.0000,0.000000,0.000000,0.00,0.00,0.0000,0.000000,0.000000
1786700250.338516,17.988604,553,29.59,0.00,0.00,0.0000,0.000000,0.000000,0.00,0.00,0.0000,0.000000,0.000000
1786700250.365585,18.015672,554,29.59,0.00,0.00,0.0000,0.000000,0.000000,0.00,0.00,0.0000,0.000000,0.000000
1786700250.384837,18.034925,555,29.59,0.00,0.00,0.0000,0.000000,0.000000,0.00,0.00,0.0000,0.000000,0.000000
1786700250.423330,18.073417,556,29.59,0.00,0.00,0.0000,0.000000,0.000000,0.00,0.00,0.0000,0.000000,0.000000
1786700250.451020,18.101108,557,29.59,0.00,0.00,0.0000,0.000000,0.000000,0.00,0.00,0.0000,0.000000,0.000000
1786700250.507624,18.157712,558,29.59,0.00,0.00,0.0000,0.000000,0.000000,0.00,0.00,0.0000,0.000000,0.000000
1786700250.528397,18.178484,559,29.59,0.00,0.00,0.0000,0.000000,0.000000,0.00,0.00,0.0000,0.000000,0.000000
1786700250.553935,18.204022,560,29.59,0.00,0.00,0.0000,0.000000,0.000000,0.00,0.00,0.0000,0.000000,0.000000
1786700250.585566,18.235653,561,29.59,0.00,0.00,0.0000,0.000000,0.000000,0.00,0.00,0.0000,0.000000,0.000000
1786700250.630200,18.280287,562,29.63,0.00,0.00,0.0000,0.000000,0.000000,0.00,0.00,0.0000,0.000000,0.000000
1786700250.649709,18.299796,563,29.63,0.00,0.00,0.0000,0.000000,0.000000,0.00,0.00,0.0000,0.000000,0.000000
1786700250.687941,18.338028,564,29.63,0.00,0.00,0.0000,0.000000,0.000000,0.00,0.00,0.0000,0.000000,0.000000
1786700250.737493,18.387580,565,29.63,0.00,0.00,0.0000,0.000000,0.000000,0.00,0.00,0.0000,0.000000,0.000000
1786700250.756352,18.406440,566,29.63,0.00,0.00,0.0000,0.000000,0.000000,0.00,0.00,0.0000,0.000000,0.000000
1786700250.787014,18.437102,567,29.63,0.00,0.00,0.0000,0.000000,0.000000,0.00,0.00,0.0000,0.000000,0.000000
1786700250.823312,18.473400,568,29.63,0.00,0.00,0.0000,0.000000,0.000000,0.00,0.00,0.0000,0.000000,0.000000
1786700250.853753,18.503841,569,29.63,0.00,0.00,0.0000,0.000000,0.000000,0.00,0.00,0.0000,0.000000,0.000000
1786700250.889480,18.539567,570,29.63,0.00,0.00,0.0000,0.000000,0.000000,0.00,0.00,0.0000,0.000000,0.000000
1786700250.938827,18.588914,571,29.63,0.00,0.00,0.0000,0.000000,0.000000,0.00,0.00,0.0000,0.000000,0.000000
1786700250.960795,18.610882,572,29.63,0.00,0.00,0.0000,0.000000,0.000000,0.00,0.00,0.0000,0.000000,0.000000
1786700250.987791,18.637878,573,29.63,0.00,0.00,0.0000,0.000000,0.000000,0.00,0.00,0.0000,0.000000,0.000000
1786700251.028240,18.678327,574,29.63,0.00,0.00,0.0000,0.000000,0.000000,0.00,0.00,0.0000,0.000000,0.000000
1786700251.057027,18.707115,575,29.63,0.00,0.00,0.0000,0.000000,0.000000,0.00,0.00,0.0000,0.000000,0.000000
1786700251.097867,18.747955,576,29.63,0.00,0.00,0.0000,0.000000,0.000000,0.00,0.00,0.0000,0.000000,0.000000
1786700251.123375,18.773463,577,29.63,0.00,0.00,0.0000,0.000000,0.000000,0.00,0.00,0.0000,0.000000,0.000000
1786700251.160293,18.810380,578,29.73,0.00,0.00,0.0000,0.000000,0.000000,0.00,0.00,0.0000,0.000000,0.000000
1786700251.189071,18.839158,579,29.73,0.00,0.00,0.0000,0.000000,0.000000,0.00,0.00,0.0000,0.000000,0.000000
1786700251.231436,18.881524,580,29.73,0.00,0.00,0.0000,0.000000,0.000000,0.00,0.00,0.0000,0.000000,0.000000
1786700251.253468,18.903555,581,29.73,0.00,0.00,0.0000,0.000000,0.000000,0.00,0.00,0.0000,0.000000,0.000000
1786700251.292195,18.942283,582,29.73,0.00,0.00,0.0000,0.000000,0.000000,0.00,0.00,0.0000,0.000000,0.000000
1786700251.322243,18.972331,583,29.73,0.00,0.00,0.0000,0.000000,0.000000,0.00,0.00,0.0000,0.000000,0.000000
1786700251.354679,19.004767,584,29.73,0.00,0.00,0.0000,0.000000,0.000000,0.00,0.00,0.0000,0.000000,0.000000
1786700251.392311,19.042398,585,29.73,0.00,0.00,0.0000,0.000000,0.000000,0.00,0.00,0.0000,0.000000,0.000000
1786700251.428641,19.078728,586,29.73,0.00,0.00,0.0000,0.000000,0.000000,0.00,0.00,0.0000,0.000000,0.000000
1786700251.460196,19.110284,587,29.73,0.00,0.00,0.0000,0.000000,0.000000,0.00,0.00,0.0000,0.000000,0.000000
1786700251.489234,19.139321,588,29.73,0.00,0.00,0.0000,0.000000,0.000000,0.00,0.00,0.0000,0.000000,0.000000
1786700251.533579,19.183666,589,29.73,0.00,0.00,0.0000,0.000000,0.000000,0.00,0.00,0.0000,0.000000,0.000000
1786700251.554318,19.204405,590,29.73,0.00,0.00,0.0000,0.000000,0.000000,0.00,0.00,0.0000,0.000000,0.000000
1786700251.580403,19.230490,591,29.73,0.00,0.00,0.0000,0.000000,0.000000,0.00,0.00,0.0000,0.000000,0.000000
1786700251.625980,19.276067,592,29.73,0.00,0.00,0.0000,0.000000,0.000000,0.00,0.00,0.0000,0.000000,0.000000
1786700251.659626,19.309713,593,29.73,0.00,0.00,0.0000,0.000000,0.000000,0.00,0.00,0.0000,0.000000,0.000000
1786700251.689971,19.340058,594,29.83,0.00,0.00,0.0000,0.000000,0.000000,0.00,0.00,0.0000,0.000000,0.000000
1786700251.726666,19.376753,595,29.83,0.00,0.00,0.0000,0.000000,0.000000,0.00,0.00,0.0000,0.000000,0.000000
1786700251.754969,19.405057,596,29.83,0.00,0.00,0.0000,0.000000,0.000000,0.00,0.00,0.0000,0.000000,0.000000
1786700251.803272,19.453359,597,29.83,0.00,0.00,0.0000,0.000000,0.000000,0.00,0.00,0.0000,0.000000,0.000000
1786700251.822103,19.472190,598,29.83,0.00,0.00,0.0000,0.000000,0.000000,0.00,0.00,0.0000,0.000000,0.000000
1786700251.859247,19.509335,599,29.83,0.00,0.00,0.0000,0.000000,0.000000,0.00,0.00,0.0000,0.000000,0.000000
1786700251.885762,19.535849,600,29.83,0.00,0.00,0.0000,0.000000,0.000000,0.00,0.00,0.0000,0.000000,0.000000
1786700251.913804,19.563892,601,29.83,0.00,0.00,0.0000,0.000000,0.000000,0.00,0.00,0.0000,0.000000,0.000000
1786700251.987269,19.637357,602,29.83,0.00,0.00,0.0000,0.000000,0.000000,0.00,0.00,0.0000,0.000000,0.000000
1786700251.988773,19.638860,603,29.83,0.00,0.00,0.0000,0.000000,0.000000,0.00,0.00,0.0000,0.000000,0.000000
1786700252.017643,19.667731,604,29.83,0.00,0.00,0.0000,0.000000,0.000000,0.00,0.00,0.0000,0.000000,0.000000
1786700252.053305,19.703392,605,29.83,0.00,0.00,0.0000,0.000000,0.000000,0.00,0.00,0.0000,0.000000,0.000000
1786700252.084240,19.734327,606,29.83,0.00,0.00,0.0000,0.000000,0.000000,0.00,0.00,0.0000,0.000000,0.000000
1786700252.125359,19.775447,607,29.83,0.00,0.00,0.0000,0.000000,0.000000,0.00,0.00,0.0000,0.000000,0.000000
1786700252.154510,19.804598,608,29.83,0.00,0.00,0.0000,0.000000,0.000000,0.00,0.00,0.0000,0.000000,0.000000
1786700252.179382,19.829470,609,29.83,0.00,0.00,0.0000,0.000000,0.000000,0.00,0.00,0.0000,0.000000,0.000000
1786700252.216105,19.866193,610,29.96,0.00,0.00,0.0000,0.000000,0.000000,0.00,0.00,0.0000,0.000000,0.000000
1786700252.263489,19.913576,611,29.96,0.00,0.00,0.0000,0.000000,0.000000,0.00,0.00,0.0000,0.000000,0.000000
1786700252.288739,19.938827,612,29.96,0.00,0.00,0.0000,0.000000,0.000000,0.00,0.00,0.0000,0.000000,0.000000
1786700252.325778,19.975866,613,29.96,0.00,0.00,0.0000,0.000000,0.000000,0.00,0.00,0.0000,0.000000,0.000000
1786700252.359370,20.009457,614,29.96,0.00,0.00,0.0000,0.000000,0.000000,0.00,0.00,0.0000,0.000000,0.000000
1786700252.385278,20.035365,615,29.96,0.00,0.00,0.0000,0.000000,0.000000,0.00,0.00,0.0000,0.000000,0.000000
1786700252.423376,20.073463,616,29.96,0.00,0.00,0.0000,0.000000,0.000000,0.00,0.00,0.0000,0.000000,0.000000
1786700252.455338,20.105426,617,29.96,0.00,0.00,0.0000,0.000000,0.000000,0.00,0.00,0.0000,0.000000,0.000000
1786700252.496647,20.146734,618,29.96,0.00,0.00,0.0000,0.000000,0.000000,0.00,0.00,0.0000,0.000000,0.000000
1786700252.520654,20.170741,619,29.96,0.00,0.00,0.0000,0.000000,0.000000,0.00,0.00,0.0000,0.000000,0.000000
1786700252.556906,20.206993,620,29.96,0.00,0.00,0.0000,0.000000,0.000000,0.00,0.00,0.0000,0.000000,0.000000
1786700252.588768,20.238855,621,29.96,0.00,0.00,0.0000,0.000000,0.000000,0.00,0.00,0.0000,0.000000,0.000000
1786700252.620585,20.270672,622,29.96,0.00,0.00,0.0000,0.000000,0.000000,0.00,0.00,0.0000,0.000000,0.000000
1786700252.662613,20.312701,623,29.96,0.00,0.00,0.0000,0.000000,0.000000,0.00,0.00,0.0000,0.000000,0.000000
1786700252.701418,20.351506,624,29.96,0.00,0.00,0.0000,0.000000,0.000000,0.00,0.00,0.0000,0.000000,0.000000
1786700252.723121,20.373208,625,29.86,0.00,0.00,0.0000,0.000000,0.000000,0.00,0.00,0.0000,0.000000,0.000000
1786700252.755156,20.405243,626,29.86,0.00,0.00,0.0000,0.000000,0.000000,0.00,0.00,0.0000,0.000000,0.000000
1786700252.795974,20.446061,627,29.86,0.00,0.00,0.0000,0.000000,0.000000,0.00,0.00,0.0000,0.000000,0.000000
1786700252.828403,20.478490,628,29.86,0.00,0.00,0.0000,0.000000,0.000000,0.00,0.00,0.0000,0.000000,0.000000
1786700252.873271,20.523359,629,29.86,0.00,0.00,0.0000,0.000000,0.000000,0.00,0.00,0.0000,0.000000,0.000000
1786700252.898832,20.548919,630,29.86,0.00,0.00,0.0000,0.000000,0.000000,0.00,0.00,0.0000,0.000000,0.000000
1786700252.920342,20.570429,631,29.86,0.00,0.00,0.0000,0.000000,0.000000,0.00,0.00,0.0000,0.000000,0.000000
1786700252.958723,20.608810,632,29.86,0.00,0.00,0.0000,0.000000,0.000000,0.00,0.00,0.0000,0.000000,0.000000
1786700253.006814,20.656902,633,29.86,0.00,0.00,0.0000,0.000000,0.000000,0.00,0.00,0.0000,0.000000,0.000000
1786700253.035331,20.685418,634,29.86,0.00,0.00,0.0000,0.000000,0.000000,0.00,0.00,0.0000,0.000000,0.000000
1786700253.055732,20.705819,635,29.86,0.00,0.00,0.0000,0.000000,0.000000,0.00,0.00,0.0000,0.000000,0.000000
1786700253.091036,20.741123,636,29.86,0.00,0.00,0.0000,0.000000,0.000000,0.00,0.00,0.0000,0.000000,0.000000
1786700253.139593,20.789680,637,29.86,0.00,0.00,0.0000,0.000000,0.000000,0.00,0.00,0.0000,0.000000,0.000000
1786700253.167702,20.817790,638,29.86,0.00,0.00,0.0000,0.000000,0.000000,0.00,0.00,0.0000,0.000000,0.000000
1786700253.193372,20.843460,639,29.86,0.00,0.00,0.0000,0.000000,0.000000,0.00,0.00,0.0000,0.000000,0.000000
1786700253.246690,20.896777,640,29.65,0.00,0.00,0.0000,0.000000,0.000000,0.00,0.00,0.0000,0.000000,0.000000
1786700253.261135,20.911222,641,29.65,0.00,0.00,0.0000,0.000000,0.000000,0.00,0.00,0.0000,0.000000,0.000000
1786700253.295579,20.945666,642,29.65,0.00,0.00,0.0000,0.000000,0.000000,0.00,0.00,0.0000,0.000000,0.000000
1786700253.329746,20.979833,643,29.65,0.00,0.00,0.0000,0.000000,0.000000,0.00,0.00,0.0000,0.000000,0.000000
1786700253.367282,21.017369,644,29.65,0.00,0.00,0.0000,0.000000,0.000000,0.00,0.00,0.0000,0.000000,0.000000
1786700253.385794,21.035882,645,29.65,0.00,0.00,0.0000,0.000000,0.000000,0.00,0.00,0.0000,0.000000,0.000000
1786700253.423752,21.073840,646,29.65,0.00,0.00,0.0000,0.000000,0.000000,0.00,0.00,0.0000,0.000000,0.000000
1786700253.473173,21.123260,647,29.65,0.00,0.00,0.0000,0.000000,0.000000,0.00,0.00,0.0000,0.000000,0.000000
1786700253.505227,21.155314,648,29.65,0.00,0.00,0.0000,0.000000,0.000000,0.00,0.00,0.0000,0.000000,0.000000
1786700253.526238,21.176326,649,29.65,0.00,0.00,0.0000,0.000000,0.000000,0.00,0.00,0.0000,0.000000,0.000000
1786700253.566834,21.216921,650,29.65,0.00,0.00,0.0000,0.000000,0.000000,0.00,0.00,0.0000,0.000000,0.000000
1786700253.599840,21.249927,651,29.65,0.00,0.00,0.0000,0.000000,0.000000,0.00,0.00,0.0000,0.000000,0.000000
1786700253.620606,21.270694,652,29.65,0.00,0.00,0.0000,0.000000,0.000000,0.00,0.00,0.0000,0.000000,0.000000
1786700253.661174,21.311261,653,29.65,0.00,0.00,0.0000,0.000000,0.000000,0.00,0.00,0.0000,0.000000,0.000000
1786700253.696809,21.346896,654,29.65,0.00,0.00,0.0000,0.000000,0.000000,0.00,0.00,0.0000,0.000000,0.000000
1786700253.730487,21.380574,655,29.65,0.00,0.00,0.0000,0.000000,0.000000,0.00,0.00,0.0000,0.000000,0.000000
1786700253.754677,21.404765,656,29.99,0.00,0.00,0.0000,0.000000,0.000000,0.00,0.00,0.0000,0.000000,0.000000
1786700253.790642,21.440730,657,29.99,0.00,0.00,0.0000,0.000000,0.000000,0.00,0.00,0.0000,0.000000,0.000000
1786700253.832645,21.482733,658,29.99,0.00,0.00,0.0000,0.000000,0.000000,0.00,0.00,0.0000,0.000000,0.000000
1786700253.858159,21.508246,659,29.99,0.00,0.00,0.0000,0.000000,0.000000,0.00,0.00,0.0000,0.000000,0.000000
1786700253.879959,21.530046,660,29.99,0.00,0.00,0.0000,0.000000,0.000000,0.00,0.00,0.0000,0.000000,0.000000
1786700253.926538,21.576626,661,29.99,0.00,0.00,0.0000,0.000000,0.000000,0.00,0.00,0.0000,0.000000,0.000000
1786700253.949270,21.599357,662,29.99,0.00,0.00,0.0000,0.000000,0.000000,0.00,0.00,0.0000,0.000000,0.000000
1786700253.986821,21.636909,663,29.99,0.00,0.00,0.0000,0.000000,0.000000,0.00,0.00,0.0000,0.000000,0.000000
1786700254.014733,21.664820,664,29.99,0.00,0.00,0.0000,0.000000,0.000000,0.00,0.00,0.0000,0.000000,0.000000
1786700254.054364,21.704451,665,29.99,0.00,0.00,0.0000,0.000000,0.000000,0.00,0.00,0.0000,0.000000,0.000000
1786700254.090900,21.740988,666,29.99,0.00,0.00,0.0000,0.000000,0.000000,0.00,0.00,0.0000,0.000000,0.000000
1786700254.122312,21.772400,667,29.99,0.00,0.00,0.0000,0.000000,0.000000,0.00,0.00,0.0000,0.000000,0.000000
1786700254.148744,21.798831,668,29.99,0.00,0.00,0.0000,0.000000,0.000000,0.00,0.00,0.0000,0.000000,0.000000
1786700254.192829,21.842916,669,29.99,0.00,0.00,0.0000,0.000000,0.000000,0.00,0.00,0.0000,0.000000,0.000000
1786700254.218220,21.868307,670,29.99,0.00,0.00,0.0000,0.000000,0.000000,0.00,0.00,0.0000,0.000000,0.000000
1786700254.264809,21.914896,671,29.88,0.00,0.00,0.0000,0.000000,0.000000,0.00,0.00,0.0000,0.000000,0.000000
1786700254.290384,21.940471,672,29.88,0.00,0.00,0.0000,0.000000,0.000000,0.00,0.00,0.0000,0.000000,0.000000
1786700254.317955,21.968042,673,29.88,0.00,0.00,0.0000,0.000000,0.000000,0.00,0.00,0.0000,0.000000,0.000000
1786700254.350760,22.000847,674,29.88,0.00,0.00,0.0000,0.000000,0.000000,0.00,0.00,0.0000,0.000000,0.000000
1786700254.393899,22.043987,675,29.88,0.00,0.00,0.0000,0.000000,0.000000,0.00,0.00,0.0000,0.000000,0.000000
1786700254.420023,22.070110,676,29.88,0.00,0.00,0.0000,0.000000,0.000000,0.00,0.00,0.0000,0.000000,0.000000
1786700254.457592,22.107679,677,29.88,0.00,0.00,0.0000,0.000000,0.000000,0.00,0.00,0.0000,0.000000,0.000000
1786700254.498655,22.148743,678,29.88,0.00,0.00,0.0000,0.000000,0.000000,0.00,0.00,0.0000,0.000000,0.000000
1786700254.533711,22.183798,679,29.88,0.00,0.00,0.0000,0.000000,0.000000,0.00,0.00,0.0000,0.000000,0.000000
1786700254.551219,22.201306,680,29.88,0.00,0.00,0.0000,0.000000,0.000000,0.00,0.00,0.0000,0.000000,0.000000
1786700254.591282,22.241369,681,29.88,0.00,0.00,0.0000,0.000000,0.000000,0.00,0.00,0.0000,0.000000,0.000000
1786700254.622021,22.272108,682,29.88,0.00,0.00,0.0000,0.000000,0.000000,0.00,0.00,0.0000,0.000000,0.000000
1786700254.655120,22.305207,683,29.88,0.00,0.00,0.0000,0.000000,0.000000,0.00,0.00,0.0000,0.000000,0.000000
1786700254.695241,22.345329,684,29.88,0.00,0.00,0.0000,0.000000,0.000000,0.00,0.00,0.0000,0.000000,0.000000
1786700254.724075,22.374162,685,29.88,0.00,0.00,0.0000,0.000000,0.000000,0.00,0.00,0.0000,0.000000,0.000000
1786700254.753123,22.403211,686,29.88,0.00,0.00,0.0000,0.000000,0.000000,0.00,0.00,0.0000,0.000000,0.000000
1786700254.797702,22.447789,687,29.91,0.00,0.00,0.0000,0.000000,0.000000,0.00,0.00,0.0000,0.000000,0.000000
1786700254.826946,22.477034,688,29.91,0.00,0.00,0.0000,0.000000,0.000000,0.00,0.00,0.0000,0.000000,0.000000
1786700254.853815,22.503903,689,29.91,0.00,0.00,0.0000,0.000000,0.000000,0.00,0.00,0.0000,0.000000,0.000000
1786700254.889552,22.539639,690,29.91,0.00,0.00,0.0000,0.000000,0.000000,0.00,0.00,0.0000,0.000000,0.000000
1786700254.931271,22.581358,691,29.91,0.00,0.00,0.0000,0.000000,0.000000,0.00,0.00,0.0000,0.000000,0.000000
1786700254.959997,22.610085,692,29.91,0.00,0.00,0.0000,0.000000,0.000000,0.00,0.00,0.0000,0.000000,0.000000
1786700254.985951,22.636038,693,29.91,0.00,0.00,0.0000,0.000000,0.000000,0.00,0.00,0.0000,0.000000,0.000000
1786700255.028083,22.678170,694,29.91,0.00,0.00,0.0000,0.000000,0.000000,0.00,0.00,0.0000,0.000000,0.000000
1786700255.051615,22.701702,695,29.91,0.00,0.00,0.0000,0.000000,0.000000,0.00,0.00,0.0000,0.000000,0.000000
1786700255.094420,22.744508,696,29.91,0.00,0.00,0.0000,0.000000,0.000000,0.00,0.00,0.0000,0.000000,0.000000
1786700255.129837,22.779924,697,29.91,0.00,0.00,0.0000,0.000000,0.000000,0.00,0.00,0.0000,0.000000,0.000000
1786700255.158147,22.808234,698,29.91,0.00,0.00,0.0000,0.000000,0.000000,0.00,0.00,0.0000,0.000000,0.000000
1786700255.193090,22.843178,699,29.91,0.00,0.00,0.0000,0.000000,0.000000,0.00,0.00,0.0000,0.000000,0.000000
1786700255.225532,22.875619,700,29.91,0.00,0.00,0.0000,0.000000,0.000000,0.00,0.00,0.0000,0.000000,0.000000
1786700255.256050,22.906137,701,29.91,0.00,0.00,0.0000,0.000000,0.000000,0.00,0.00,0.0000,0.000000,0.000000
1786700255.279435,22.929522,702,29.91,0.00,0.00,0.0000,0.000000,0.000000,0.00,0.00,0.0000,0.000000,0.000000
1786700255.317017,22.967104,703,30.08,0.00,0.00,0.0000,0.000000,0.000000,0.00,0.00,0.0000,0.000000,0.000000
1786700255.365947,23.016034,704,30.08,0.00,0.00,0.0000,0.000000,0.000000,0.00,0.00,0.0000,0.000000,0.000000
1786700255.386438,23.036525,705,30.08,0.00,0.00,0.0000,0.000000,0.000000,0.00,0.00,0.0000,0.000000,0.000000
1786700255.422618,23.072705,706,30.08,0.00,0.00,0.0000,0.000000,0.000000,0.00,0.00,0.0000,0.000000,0.000000
1786700255.458884,23.108972,707,30.08,0.00,0.00,0.0000,0.000000,0.000000,0.00,0.00,0.0000,0.000000,0.000000
1786700255.489772,23.139860,708,30.08,0.00,0.00,0.0000,0.000000,0.000000,0.00,0.00,0.0000,0.000000,0.000000
1786700255.518286,23.168374,709,30.08,0.00,0.00,0.0000,0.000000,0.000000,0.00,0.00,0.0000,0.000000,0.000000
1786700255.554960,23.205048,710,30.08,0.00,0.00,0.0000,0.000000,0.000000,0.00,0.00,0.0000,0.000000,0.000000
1786700255.591033,23.241120,711,30.08,0.00,0.00,0.0000,0.000000,0.000000,0.00,0.00,0.0000,0.000000,0.000000
1786700255.623211,23.273298,712,30.08,0.00,0.00,0.0000,0.000000,0.000000,0.00,0.00,0.0000,0.000000,0.000000
1786700255.666663,23.316750,713,30.08,0.00,0.00,0.0000,0.000000,0.000000,0.00,0.00,0.0000,0.000000,0.000000
1786700255.694183,23.344271,714,30.08,0.00,0.00,0.0000,0.000000,0.000000,0.00,0.00,0.0000,0.000000,0.000000
1786700255.733245,23.383332,715,30.08,0.00,0.00,0.0000,0.000000,0.000000,0.00,0.00,0.0000,0.000000,0.000000
1786700255.757220,23.407307,716,30.08,0.00,0.00,0.0000,0.000000,0.000000,0.00,0.00,0.0000,0.000000,0.000000
1786700255.815011,23.465099,717,30.08,0.00,0.00,0.0000,0.000000,0.000000,0.00,0.00,0.0000,0.000000,0.000000
1786700255.835070,23.485157,718,29.81,0.00,0.00,0.0000,0.000000,0.000000,0.00,0.00,0.0000,0.000000,0.000000
1786700255.863492,23.513579,719,29.81,0.00,0.00,0.0000,0.000000,0.000000,0.00,0.00,0.0000,0.000000,0.000000
1786700255.912007,23.562094,720,29.81,0.00,0.00,0.0000,0.000000,0.000000,0.00,0.00,0.0000,0.000000,0.000000
1786700255.914097,23.564184,721,29.81,0.00,0.00,0.0000,0.000000,0.000000,0.00,0.00,0.0000,0.000000,0.000000
1786700255.951142,23.601229,722,29.81,0.00,0.00,0.0000,0.000000,0.000000,0.00,0.00,0.0000,0.000000,0.000000
1786700255.988586,23.638673,723,29.81,0.00,0.00,0.0000,0.000000,0.000000,0.00,0.00,0.0000,0.000000,0.000000
1786700256.016686,23.666773,724,29.81,0.00,0.00,0.0000,0.000000,0.000000,0.00,0.00,0.0000,0.000000,0.000000
1786700256.057664,23.707751,725,29.81,0.00,0.00,0.0000,0.000000,0.000000,0.00,0.00,0.0000,0.000000,0.000000
1786700256.079829,23.729917,726,29.81,0.00,0.00,0.0000,0.000000,0.000000,0.00,0.00,0.0000,0.000000,0.000000
1786700256.120191,23.770278,727,29.81,0.00,0.00,0.0000,0.000000,0.000000,0.00,0.00,0.0000,0.000000,0.000000
1786700256.148114,23.798201,728,29.81,0.00,0.00,0.0000,0.000000,0.000000,0.00,0.00,0.0000,0.000000,0.000000
1786700256.182984,23.833071,729,29.81,0.00,0.00,0.0000,0.000000,0.000000,0.00,0.00,0.0000,0.000000,0.000000
1786700256.222333,23.872421,730,29.81,0.00,0.00,0.0000,0.000000,0.000000,0.00,0.00,0.0000,0.000000,0.000000
1786700256.257740,23.907827,731,29.81,0.00,0.00,0.0000,0.000000,0.000000,0.00,0.00,0.0000,0.000000,0.000000
1786700256.284037,23.934124,732,29.81,0.00,0.00,0.0000,0.000000,0.000000,0.00,0.00,0.0000,0.000000,0.000000
1786700256.325011,23.975098,733,29.81,0.00,0.00,0.0000,0.000000,0.000000,0.00,0.00,0.0000,0.000000,0.000000
1786700256.359623,24.009711,734,29.98,0.00,0.00,0.0000,0.000000,0.000000,0.00,0.00,0.0000,0.000000,0.000000
1786700256.387879,24.037967,735,29.98,0.00,0.00,0.0000,0.000000,0.000000,0.00,0.00,0.0000,0.000000,0.000000
1786700256.416961,24.067048,736,29.98,0.00,0.00,0.0000,0.000000,0.000000,0.00,0.00,0.0000,0.000000,0.000000
1786700256.461443,24.111531,737,29.98,0.00,0.00,0.0000,0.000000,0.000000,0.00,0.00,0.0000,0.000000,0.000000
1786700256.621397,24.271484,738,29.98,0.00,0.00,0.0000,0.000000,0.000000,0.00,0.00,0.0000,0.000000,0.000000
1786700256.627905,24.277993,742,29.98,0.00,0.00,0.0000,0.000000,0.000000,0.00,0.00,0.0000,0.000000,0.000000
1786700256.660616,24.310703,743,29.98,0.00,0.00,0.0000,0.000000,0.000000,0.00,0.00,0.0000,0.000000,0.000000
1786700256.760424,24.410511,745,29.98,0.00,0.00,0.0000,0.000000,0.000000,0.00,0.00,0.0000,0.000000,0.000000
1786700256.766931,24.417018,746,29.98,0.00,0.00,0.0000,0.000000,0.000000,0.00,0.00,0.0000,0.000000,0.000000
1786700256.797378,24.447465,747,29.98,0.00,0.00,0.0000,0.000000,0.000000,0.00,0.00,0.0000,0.000000,0.000000
1786700256.896528,24.546616,749,27.72,0.00,0.00,0.0000,0.000000,0.000000,0.00,0.00,0.0000,0.000000,0.000000
1786700256.918546,24.568633,751,27.72,0.00,0.00,0.0000,0.000000,0.000000,0.00,0.00,0.0000,0.000000,0.000000
1786700257.045443,24.695530,754,27.72,0.00,0.00,0.0000,0.000000,0.000000,0.00,0.00,0.0000,0.000000,0.000000
1786700257.058951,24.709038,755,27.72,0.00,0.00,0.0000,0.000000,0.000000,0.00,0.00,0.0000,0.000000,0.000000
1786700257.166362,24.816449,756,27.72,0.00,0.00,0.0000,0.000000,0.000000,0.00,0.00,0.0000,0.000000,0.000000
1786700257.189370,24.839457,759,27.72,0.00,0.00,0.0000,0.000000,0.000000,0.00,0.00,0.0000,0.000000,0.000000
1786700257.299155,24.949243,760,27.72,0.00,0.00,0.0000,0.000000,0.000000,0.00,0.00,0.0000,0.000000,0.000000
1786700257.316173,24.966261,763,27.72,0.00,0.00,0.0000,0.000000,0.000000,0.00,0.00,0.0000,0.000000,0.000000
1786700257.448816,25.098903,765,25.07,0.00,0.00,0.0000,0.000000,0.000000,0.00,0.00,0.0000,0.000000,0.000000
1786700257.462324,25.112411,767,25.07,0.00,0.00,0.0000,0.000000,0.000000,0.00,0.00,0.0000,0.000000,0.000000
1786700257.487470,25.137558,768,25.07,0.00,0.00,0.0000,0.000000,0.000000,0.00,0.00,0.0000,0.000000,0.000000
1786700257.580234,25.230321,770,25.07,0.00,0.00,0.0000,0.000000,0.000000,0.00,0.00,0.0000,0.000000,0.000000
1786700257.590647,25.240735,771,25.07,0.00,0.00,0.0000,0.000000,0.000000,0.00,0.00,0.0000,0.000000,0.000000
1786700257.752317,25.402404,773,25.07,0.00,0.00,0.0000,0.000000,0.000000,0.00,0.00,0.0000,0.000000,0.000000
1786700257.766824,25.416912,776,25.07,0.00,0.00,0.0000,0.000000,0.000000,0.00,0.00,0.0000,0.000000,0.000000
1786700257.788065,25.438153,777,25.07,0.00,0.00,0.0000,0.000000,0.000000,0.00,0.00,0.0000,0.000000,0.000000
1786700257.905467,25.555554,778,25.07,0.00,0.00,0.0000,0.000000,0.000000,0.00,0.00,0.0000,0.000000,0.000000
1786700257.920483,25.570570,781,25.07,0.00,0.00,0.0000,0.000000,0.000000,0.00,0.00,0.0000,0.000000,0.000000
1786700257.946698,25.596785,782,25.07,0.00,0.00,0.0000,0.000000,0.000000,0.00,0.00,0.0000,0.000000,0.000000
1786700258.057718,25.707805,785,23.68,0.00,0.00,0.0000,0.000000,0.000000,0.00,0.00,0.0000,0.000000,0.000000
1786700258.085664,25.735752,786,23.68,0.00,0.00,0.0000,0.000000,0.000000,0.00,0.00,0.0000,0.000000,0.000000
1786700258.192969,25.843056,787,23.68,0.00,0.00,0.0000,0.000000,0.000000,0.00,0.00,0.0000,0.000000,0.000000
1786700258.218195,25.868282,790,23.68,0.00,0.00,0.0000,0.000000,0.000000,0.00,0.00,0.0000,0.000000,0.000000
1786700258.366251,26.016338,791,23.68,0.00,0.00,0.0000,0.000000,0.000000,0.00,0.00,0.0000,0.000000,0.000000
1786700258.389761,26.039848,795,23.68,0.00,0.00,0.0000,0.000000,0.000000,0.00,0.00,0.0000,0.000000,0.000000
1786700258.507996,26.158083,798,23.68,0.00,0.00,0.0000,0.000000,0.000000,0.00,0.00,0.0000,0.000000,0.000000
1786700258.522506,26.172593,799,23.68,0.00,0.00,0.0000,0.000000,0.000000,0.00,0.00,0.0000,0.000000,0.000000
1786700258.550494,26.200582,800,23.68,0.00,0.00,0.0000,0.000000,0.000000,0.00,0.00,0.0000,0.000000,0.000000
1786700258.650020,26.300107,802,21.98,0.00,0.00,0.0000,0.000000,0.000000,0.00,0.00,0.0000,0.000000,0.000000
1786700258.651523,26.301610,803,21.98,0.00,0.00,0.0000,0.000000,0.000000,0.00,0.00,0.0000,0.000000,0.000000
1786700258.687697,26.337784,804,21.98,0.00,0.00,0.0000,0.000000,0.000000,0.00,0.00,0.0000,0.000000,0.000000
1786700258.802459,26.452547,805,21.98,0.00,0.00,0.0000,0.000000,0.000000,0.00,0.00,0.0000,0.000000,0.000000
1786700258.807078,26.457165,807,21.98,0.00,0.00,0.0000,0.000000,0.000000,0.00,0.00,0.0000,0.000000,0.000000
1786700258.821083,26.471170,808,21.98,0.00,0.00,0.0000,0.000000,0.000000,0.00,0.00,0.0000,0.000000,0.000000
1786700258.942466,26.592554,810,21.98,0.00,0.00,0.0000,0.000000,0.000000,0.00,0.00,0.0000,0.000000,0.000000
1786700258.955976,26.606063,812,21.98,0.00,0.00,0.0000,0.000000,0.000000,0.00,0.00,0.0000,0.000000,0.000000
1786700258.985917,26.636004,813,21.98,0.00,0.00,0.0000,0.000000,0.000000,0.00,0.00,0.0000,0.000000,0.000000
1786700259.088615,26.738702,816,21.98,0.00,0.00,0.0000,0.000000,0.000000,0.00,0.00,0.0000,0.000000,0.000000
1786700259.125063,26.775150,817,21.98,0.00,0.00,0.0000,0.000000,0.000000,0.00,0.00,0.0000,0.000000,0.000000
1786700259.249772,26.899859,818,21.25,0.00,0.00,0.0000,0.000000,0.000000,0.00,0.00,0.0000,0.000000,0.000000
1786700259.261284,26.911371,820,21.25,0.00,0.00,0.0000,0.000000,0.000000,0.00,0.00,0.0000,0.000000,0.000000
1786700259.277285,26.927373,821,21.25,0.00,0.00,0.0000,0.000000,0.000000,0.00,0.00,0.0000,0.000000,0.000000
1786700259.293297,26.943385,822,21.25,0.00,0.00,0.0000,0.000000,0.000000,0.00,0.00,0.0000,0.000000,0.000000
1786700259.393087,27.043175,823,21.25,0.00,0.00,0.0000,0.000000,0.000000,0.00,0.00,0.0000,0.000000,0.000000
1786700259.397503,27.047590,825,21.25,0.00,0.00,0.0000,0.000000,0.000000,0.00,0.00,0.0000,0.000000,0.000000
1786700259.430686,27.080774,826,21.25,0.00,0.00,0.0000,0.000000,0.000000,0.00,0.00,0.0000,0.000000,0.000000
1786700259.552366,27.202454,827,21.25,0.00,0.00,0.0000,0.000000,0.000000,0.00,0.00,0.0000,0.000000,0.000000
1786700259.564389,27.214477,830,21.25,0.00,0.00,0.0000,0.000000,0.000000,0.00,0.00,0.0000,0.000000,0.000000
1786700259.598248,27.248336,831,21.25,0.00,0.00,0.0000,0.000000,0.000000,0.00,0.00,0.0000,0.000000,0.000000
1786700259.712270,27.362358,832,21.25,0.00,0.00,0.0000,0.000000,0.000000,0.00,0.00,0.0000,0.000000,0.000000
1786700259.727289,27.377377,835,21.25,0.00,0.00,0.0000,0.000000,0.000000,0.00,0.00,0.0000,0.000000,0.000000
1786700259.762838,27.412925,836,21.67,0.00,0.00,0.0000,0.000000,0.000000,0.00,0.00,0.0000,0.000000,0.000000
1786700259.862339,27.512426,837,21.67,0.00,0.00,0.0000,0.000000,0.000000,0.00,0.00,0.0000,0.000000,0.000000
1786700259.887915,27.538002,840,21.67,0.00,0.00,0.0000,0.000000,0.000000,0.00,0.00,0.0000,0.000000,0.000000
1786700259.988462,27.638550,842,21.67,0.00,0.00,0.0000,0.000000,0.000000,0.00,0.00,0.0000,0.000000,0.000000
1786700259.989461,27.639549,843,21.67,0.00,0.00,0.0000,0.000000,0.000000,0.00,0.00,0.0000,0.000000,0.000000
1786700260.022445,27.672533,844,21.67,0.00,0.00,0.0000,0.000000,0.000000,0.00,0.00,0.0000,0.000000,0.000000
1786700260.077162,27.727249,845,21.67,0.00,0.00,0.0000,0.000000,0.000000,0.00,0.00,0.0000,0.000000,0.000000
1786700260.090672,27.740759,846,21.67,0.00,0.00,0.0000,0.000000,0.000000,0.00,0.00,0.0000,0.000000,0.000000
1786700260.120047,27.770134,847,21.67,0.00,0.00,0.0000,0.000000,0.000000,0.00,0.00,0.0000,0.000000,0.000000
1786700260.203964,27.854051,849,21.67,0.00,0.00,0.0000,0.000000,0.000000,0.00,0.00,0.0000,0.000000,0.000000
1786700260.236440,27.886527,850,21.67,0.00,0.00,0.0000,0.000000,0.000000,0.00,0.00,0.0000,0.000000,0.000000
1786700260.308714,27.958801,851,21.38,0.00,0.00,0.0000,0.000000,0.000000,0.00,0.00,0.0000,0.000000,0.000000
1786700260.310222,27.960310,852,21.38,0.00,0.00,0.0000,0.000000,0.000000,0.00,0.00,0.0000,0.000000,0.000000
1786700260.327228,27.977315,853,21.38,0.00,0.00,0.0000,0.000000,0.000000,0.00,0.00,0.0000,0.000000,0.000000
1786700260.353230,28.003317,854,21.38,0.00,0.00,0.0000,0.000000,0.000000,0.00,0.00,0.0000,0.000000,0.000000
1786700260.400715,28.050803,855,21.38,0.00,0.00,0.0000,0.000000,0.000000,0.00,0.00,0.0000,0.000000,0.000000
1786700260.422320,28.072408,856,21.38,0.00,0.00,0.0000,0.000000,0.000000,0.00,0.00,0.0000,0.000000,0.000000
1786700260.506767,28.156854,858,21.38,0.00,0.00,0.0000,0.000000,0.000000,0.00,0.00,0.0000,0.000000,0.000000
1786700260.542422,28.192509,859,21.38,0.00,0.00,0.0000,0.000000,0.000000,0.00,0.00,0.0000,0.000000,0.000000
1786700260.606086,28.256173,861,21.38,0.00,0.00,0.0000,0.000000,0.000000,0.00,0.00,0.0000,0.000000,0.000000
1786700260.627788,28.277875,862,21.38,0.00,0.00,0.0000,0.000000,0.000000,0.00,0.00,0.0000,0.000000,0.000000
1786700260.702430,28.352518,864,21.38,0.00,0.00,0.0000,0.000000,0.000000,0.00,0.00,0.0000,0.000000,0.000000
1786700260.730595,28.380683,865,21.38,0.00,0.00,0.0000,0.000000,0.000000,0.00,0.00,0.0000,0.000000,0.000000
1786700260.825063,28.475150,866,21.74,0.00,0.00,0.0000,0.000000,0.000000,0.00,0.00,0.0000,0.000000,0.000000
1786700260.827571,28.477659,868,21.74,0.00,0.00,0.0000,0.000000,0.000000,0.00,0.00,0.0000,0.000000,0.000000
1786700260.855635,28.505722,869,21.74,0.00,0.00,0.0000,0.000000,0.000000,0.00,0.00,0.0000,0.000000,0.000000
1786700260.931829,28.581917,870,21.74,0.00,0.00,0.0000,0.000000,0.000000,0.00,0.00,0.0000,0.000000,0.000000
1786700260.933332,28.583420,871,21.74,0.00,0.00,0.0000,0.000000,0.000000,0.00,0.00,0.0000,0.000000,0.000000
1786700260.955338,28.605425,872,21.74,0.00,0.00,0.0000,0.000000,0.000000,0.00,0.00,0.0000,0.000000,0.000000
1786700261.063506,28.713593,874,21.74,0.00,0.00,0.0000,0.000000,0.000000,0.00,0.00,0.0000,0.000000,0.000000
1786700261.065017,28.715104,875,21.74,0.00,0.00,0.0000,0.000000,0.000000,0.00,0.00,0.0000,0.000000,0.000000
1786700261.096245,28.746332,876,21.74,0.00,0.00,0.0000,0.000000,0.000000,0.00,0.00,0.0000,0.000000,0.000000
1786700261.184209,28.834297,877,21.74,0.00,0.00,0.0000,0.000000,0.000000,0.00,0.00,0.0000,0.000000,0.000000
1786700261.197721,28.847808,879,21.74,0.00,0.00,0.0000,0.000000,0.000000,0.00,0.00,0.0000,0.000000,0.000000
1786700261.222248,28.872335,880,21.74,0.00,0.00,0.0000,0.000000,0.000000,0.00,0.00,0.0000,0.000000,0.000000
1786700261.311518,28.961606,882,21.74,0.00,0.00,0.0000,0.000000,0.000000,0.00,0.00,0.0000,0.000000,0.000000
1786700261.330932,28.981020,883,22.46,0.00,0.00,0.0000,0.000000,0.000000,0.00,0.00,0.0000,0.000000,0.000000
1786700261.355934,29.006021,884,22.46,0.00,0.00,0.0000,0.000000,0.000000,0.00,0.00,0.0000,0.000000,0.000000
1786700261.391709,29.041796,885,22.46,0.00,0.00,0.0000,0.000000,0.000000,0.00,0.00,0.0000,0.000000,0.000000
1786700261.421933,29.072021,886,22.46,0.00,0.00,0.0000,0.000000,0.000000,0.00,0.00,0.0000,0.000000,0.000000
1786700261.454144,29.104232,887,22.46,0.00,0.00,0.0000,0.000000,0.000000,0.00,0.00,0.0000,0.000000,0.000000
1786700261.490200,29.140288,888,22.46,0.00,0.00,0.0000,0.000000,0.000000,0.00,0.00,0.0000,0.000000,0.000000
1786700261.523427,29.173515,889,22.46,0.00,0.00,0.0000,0.000000,0.000000,0.00,0.00,0.0000,0.000000,0.000000
1786700261.563760,29.213847,890,22.46,0.00,0.00,0.0000,0.000000,0.000000,0.00,0.00,0.0000,0.000000,0.000000
1786700261.585276,29.235363,891,22.46,0.00,0.00,0.0000,0.000000,0.000000,0.00,0.00,0.0000,0.000000,0.000000
1786700261.622875,29.272963,892,22.46,0.00,0.00,0.0000,0.000000,0.000000,0.00,0.00,0.0000,0.000000,0.000000
1786700261.662755,29.312843,893,22.46,0.00,0.00,0.0000,0.000000,0.000000,0.00,0.00,0.0000,0.000000,0.000000
1786700261.685678,29.335766,894,22.46,0.00,0.00,0.0000,0.000000,0.000000,0.00,0.00,0.0000,0.000000,0.000000
1786700261.721640,29.371727,895,22.46,0.00,0.00,0.0000,0.000000,0.000000,0.00,0.00,0.0000,0.000000,0.000000
1786700261.771407,29.421494,896,22.46,0.00,0.00,0.0000,0.000000,0.000000,0.00,0.00,0.0000,0.000000,0.000000
1786700261.790437,29.440524,897,22.46,0.00,0.00,0.0000,0.000000,0.000000,0.00,0.00,0.0000,0.000000,0.000000
1786700261.819981,29.470069,898,22.46,0.00,0.00,0.0000,0.000000,0.000000,0.00,0.00,0.0000,0.000000,0.000000
1786700261.853571,29.503659,899,24.20,0.00,0.00,0.0000,0.000000,0.000000,0.00,0.00,0.0000,0.000000,0.000000
1786700261.895734,29.545822,900,24.20,0.00,0.00,0.0000,0.000000,0.000000,0.00,0.00,0.0000,0.000000,0.000000
1786700261.916334,29.566421,901,24.20,0.00,0.00,0.0000,0.000000,0.000000,0.00,0.00,0.0000,0.000000,0.000000
1786700261.956832,29.606919,902,24.20,0.00,0.00,0.0000,0.000000,0.000000,0.00,0.00,0.0000,0.000000,0.000000
1786700262.000721,29.650808,903,24.20,0.00,0.00,0.0000,0.000000,0.000000,0.00,0.00,0.0000,0.000000,0.000000
1786700262.019619,29.669707,904,24.20,0.00,0.00,0.0000,0.000000,0.000000,0.00,0.00,0.0000,0.000000,0.000000
1786700262.057937,29.708025,905,24.20,0.00,0.00,0.0000,0.000000,0.000000,0.00,0.00,0.0000,0.000000,0.000000
1786700262.088953,29.739040,906,24.20,0.00,0.00,0.0000,0.000000,0.000000,0.00,0.00,0.0000,0.000000,0.000000
1786700262.119866,29.769953,907,24.20,0.00,0.00,0.0000,0.000000,0.000000,0.00,0.00,0.0000,0.000000,0.000000
1786700262.151881,29.801969,908,24.20,0.00,0.00,0.0000,0.000000,0.000000,0.00,0.00,0.0000,0.000000,0.000000
1786700262.203674,29.853761,909,24.20,0.00,0.00,0.0000,0.000000,0.000000,0.00,0.00,0.0000,0.000000,0.000000
1786700262.218632,29.868719,910,24.20,0.00,0.00,0.0000,0.000000,0.000000,0.00,0.00,0.0000,0.000000,0.000000
1786700262.275546,29.925633,911,24.20,0.00,0.00,0.0000,0.000000,0.000000,0.00,0.00,0.0000,0.000000,0.000000
1786700262.288637,29.938724,912,24.20,0.00,0.00,0.0000,0.000000,0.000000,0.00,0.00,0.0000,0.000000,0.000000
1786700262.332441,29.982528,913,24.20,0.00,0.00,0.0000,0.000000,0.000000,0.00,0.00,0.0000,0.000000,0.000000
1786700262.360634,30.010721,914,25.25,0.00,0.00,0.0000,0.000000,0.000000,0.00,0.00,0.0000,0.000000,0.000000
1786700262.391162,30.041249,915,25.25,0.00,0.00,0.0000,0.000000,0.000000,0.00,0.00,0.0000,0.000000,0.000000
1786700262.424208,30.074295,916,25.25,0.00,0.00,0.0000,0.000000,0.000000,0.00,0.00,0.0000,0.000000,0.000000
1786700262.466816,30.116903,917,25.25,0.00,0.00,0.0000,0.000000,0.000000,0.00,0.00,0.0000,0.000000,0.000000
1786700262.496330,30.146418,918,25.25,0.00,0.00,0.0000,0.000000,0.000000,0.00,0.00,0.0000,0.000000,0.000000
1786700262.523760,30.173847,919,25.25,0.00,0.00,0.0000,0.000000,0.000000,0.00,0.00,0.0000,0.000000,0.000000
1786700262.555773,30.205861,920,25.25,0.00,0.00,0.0000,0.000000,0.000000,0.00,0.00,0.0000,0.000000,0.000000
1786700262.602988,30.253076,921,25.25,0.00,0.00,0.0000,0.000000,0.000000,0.00,0.00,0.0000,0.000000,0.000000
1786700262.633819,30.283906,922,25.25,0.00,0.00,0.0000,0.000000,0.000000,0.00,0.00,0.0000,0.000000,0.000000
1786700262.654147,30.304235,923,25.25,0.00,0.00,0.0000,0.000000,0.000000,0.00,0.00,0.0000,0.000000,0.000000
1786700262.689249,30.339337,924,25.25,0.00,0.00,0.0000,0.000000,0.000000,0.00,0.00,0.0000,0.000000,0.000000
1786700262.726142,30.376230,925,25.25,0.00,0.00,0.0000,0.000000,0.000000,0.00,0.00,0.0000,0.000000,0.000000
1786700262.761710,30.411798,926,25.25,0.00,0.00,0.0000,0.000000,0.000000,0.00,0.00,0.0000,0.000000,0.000000
1786700262.793272,30.443360,927,25.25,0.00,0.00,0.0000,0.000000,0.000000,0.00,0.00,0.0000,0.000000,0.000000
1786700262.821111,30.471199,928,25.25,0.00,0.00,0.0000,0.000000,0.000000,0.00,0.00,0.0000,0.000000,0.000000
1786700262.870013,30.520100,929,26.10,0.00,0.00,0.0000,0.000000,0.000000,0.00,0.00,0.0000,0.000000,0.000000
1786700262.901980,30.552067,930,26.10,0.00,0.00,0.0000,0.000000,0.000000,0.00,0.00,0.0000,0.000000,0.000000
1786700262.947370,30.597457,931,26.10,0.00,0.00,0.0000,0.000000,0.000000,0.00,0.00,0.0000,0.000000,0.000000
1786700262.978940,30.629027,932,26.10,0.00,0.00,0.0000,0.000000,0.000000,0.00,0.00,0.0000,0.000000,0.000000
1786700263.009669,30.659756,933,26.10,0.00,0.00,0.0000,0.000000,0.000000,0.00,0.00,0.0000,0.000000,0.000000
1786700263.025186,30.675273,934,26.10,0.00,0.00,0.0000,0.000000,0.000000,0.00,0.00,0.0000,0.000000,0.000000
1786700263.072353,30.722440,935,26.10,0.00,0.00,0.0000,0.000000,0.000000,0.00,0.00,0.0000,0.000000,0.000000
1786700263.087861,30.737949,936,26.10,0.00,0.00,0.0000,0.000000,0.000000,0.00,0.00,0.0000,0.000000,0.000000
1786700263.134164,30.784251,937,26.10,0.00,0.00,0.0000,0.000000,0.000000,0.00,0.00,0.0000,0.000000,0.000000
1786700263.172223,30.822310,938,26.10,0.00,0.00,0.0000,0.000000,0.000000,0.00,0.00,0.0000,0.000000,0.000000
1786700263.187733,30.837820,939,26.10,0.00,0.00,0.0000,0.000000,0.000000,0.00,0.00,0.0000,0.000000,0.000000
1786700263.233348,30.883436,940,26.10,0.00,0.00,0.0000,0.000000,0.000000,0.00,0.00,0.0000,0.000000,0.000000
1786700263.260475,30.910562,941,26.10,0.00,0.00,0.0000,0.000000,0.000000,0.00,0.00,0.0000,0.000000,0.000000
1786700263.295483,30.945571,942,26.10,0.00,0.00,0.0000,0.000000,0.000000,0.00,0.00,0.0000,0.000000,0.000000
1786700263.336395,30.986482,943,26.10,0.00,0.00,0.0000,0.000000,0.000000,0.00,0.00,0.0000,0.000000,0.000000
1786700263.358906,31.008993,944,26.10,0.00,0.00,0.0000,0.000000,0.000000,0.00,0.00,0.0000,0.000000,0.000000
1786700263.388938,31.039025,945,27.05,0.00,0.00,0.0000,0.000000,0.000000,0.00,0.00,0.0000,0.000000,0.000000
1786700263.423424,31.073511,946,27.05,0.00,0.00,0.0000,0.000000,0.000000,0.00,0.00,0.0000,0.000000,0.000000
1786700263.484663,31.134751,947,27.05,0.00,0.00,0.0000,0.000000,0.000000,0.00,0.00,0.0000,0.000000,0.000000
1786700263.494179,31.144266,948,27.05,0.00,0.00,0.0000,0.000000,0.000000,0.00,0.00,0.0000,0.000000,0.000000
1786700263.529351,31.179438,949,27.05,0.00,0.00,0.0000,0.000000,0.000000,0.00,0.00,0.0000,0.000000,0.000000
1786700263.565968,31.216055,950,27.05,0.00,0.00,0.0000,0.000000,0.000000,0.00,0.00,0.0000,0.000000,0.000000
1786700263.590857,31.240945,951,27.05,0.00,0.00,0.0000,0.000000,0.000000,0.00,0.00,0.0000,0.000000,0.000000
1786700263.629352,31.279439,952,27.05,0.00,0.00,0.0000,0.000000,0.000000,0.00,0.00,0.0000,0.000000,0.000000
1786700263.655498,31.305585,953,27.05,0.00,0.00,0.0000,0.000000,0.000000,0.00,0.00,0.0000,0.000000,0.000000
1786700263.690297,31.340384,954,27.05,0.00,0.00,0.0000,0.000000,0.000000,0.00,0.00,0.0000,0.000000,0.000000
1786700263.734684,31.384772,955,27.05,0.00,0.00,0.0000,0.000000,0.000000,0.00,0.00,0.0000,0.000000,0.000000
1786700263.762393,31.412481,956,27.05,0.00,0.00,0.0000,0.000000,0.000000,0.00,0.00,0.0000,0.000000,0.000000
1786700263.793616,31.443703,957,27.05,0.00,0.00,0.0000,0.000000,0.000000,0.00,0.00,0.0000,0.000000,0.000000
1786700263.823238,31.473326,958,27.05,0.00,0.00,0.0000,0.000000,0.000000,0.00,0.00,0.0000,0.000000,0.000000
1786700263.857411,31.507498,959,27.05,0.00,0.00,0.0000,0.000000,0.000000,0.00,0.00,0.0000,0.000000,0.000000
1786700263.891033,31.541121,960,27.59,0.00,0.00,0.0000,0.000000,0.000000,0.00,0.00,0.0000,0.000000,0.000000
1786700263.918063,31.568150,961,27.59,0.00,0.00,0.0000,0.000000,0.000000,0.00,0.00,0.0000,0.000000,0.000000
1786700263.952234,31.602322,962,27.59,0.00,0.00,0.0000,0.000000,0.000000,0.00,0.00,0.0000,0.000000,0.000000
1786700263.984770,31.634857,963,27.59,0.00,0.00,0.0000,0.000000,0.000000,0.00,0.00,0.0000,0.000000,0.000000
1786700264.022321,31.672409,964,27.59,0.00,0.00,0.0000,0.000000,0.000000,0.00,0.00,0.0000,0.000000,0.000000
1786700264.068906,31.718994,965,27.59,0.00,0.00,0.0000,0.000000,0.000000,0.00,0.00,0.0000,0.000000,0.000000
1786700264.087924,31.738012,966,27.59,0.00,0.00,0.0000,0.000000,0.000000,0.00,0.00,0.0000,0.000000,0.000000
1786700264.121258,31.771345,967,27.59,0.00,0.00,0.0000,0.000000,0.000000,0.00,0.00,0.0000,0.000000,0.000000
1786700264.156305,31.806393,968,27.59,0.00,0.00,0.0000,0.000000,0.000000,0.00,0.00,0.0000,0.000000,0.000000
1786700264.194572,31.844660,969,27.59,0.00,0.00,0.0000,0.000000,0.000000,0.00,0.00,0.0000,0.000000,0.000000
1786700264.221724,31.871812,970,27.59,0.00,0.00,0.0000,0.000000,0.000000,0.00,0.00,0.0000,0.000000,0.000000
1786700264.255546,31.905633,971,27.59,0.00,0.00,0.0000,0.000000,0.000000,0.00,0.00,0.0000,0.000000,0.000000
1786700264.287184,31.937272,972,27.59,0.00,0.00,0.0000,0.000000,0.000000,0.00,0.00,0.0000,0.000000,0.000000
1786700264.334720,31.984807,973,27.59,0.00,0.00,0.0000,0.000000,0.000000,0.00,0.00,0.0000,0.000000,0.000000
1786700264.359589,32.009676,974,27.59,0.00,0.00,0.0000,0.000000,0.000000,0.00,0.00,0.0000,0.000000,0.000000
1786700264.390944,32.041032,975,27.59,0.00,0.00,0.0000,0.000000,0.000000,0.00,0.00,0.0000,0.000000,0.000000
1786700264.427742,32.077829,976,28.05,0.00,0.00,0.0000,0.000000,0.000000,0.00,0.00,0.0000,0.000000,0.000000
1786700264.454340,32.104427,977,28.05,0.00,0.00,0.0000,0.000000,0.000000,0.00,0.00,0.0000,0.000000,0.000000
1786700264.501039,32.151126,978,28.05,0.00,0.00,0.0000,0.000000,0.000000,0.00,0.00,0.0000,0.000000,0.000000
1786700264.546603,32.196691,979,28.05,0.00,0.00,0.0000,0.000000,0.000000,0.00,0.00,0.0000,0.000000,0.000000
1786700264.576786,32.226874,980,28.05,0.00,0.00,0.0000,0.000000,0.000000,0.00,0.00,0.0000,0.000000,0.000000
1786700264.589010,32.239097,981,28.05,0.00,0.00,0.0000,0.000000,0.000000,0.00,0.00,0.0000,0.000000,0.000000
1786700264.623125,32.273213,982,28.05,0.00,0.00,0.0000,0.000000,0.000000,0.00,0.00,0.0000,0.000000,0.000000
1786700264.672525,32.322612,983,28.05,0.00,0.00,0.0000,0.000000,0.000000,0.00,0.00,0.0000,0.000000,0.000000
1786700264.685032,32.335119,984,28.05,0.00,0.00,0.0000,0.000000,0.000000,0.00,0.00,0.0000,0.000000,0.000000
1786700264.735250,32.385338,985,28.05,0.00,0.00,0.0000,0.000000,0.000000,0.00,0.00,0.0000,0.000000,0.000000
1786700264.774459,32.424546,986,28.05,0.00,0.00,0.0000,0.000000,0.000000,0.00,0.00,0.0000,0.000000,0.000000
1786700264.799041,32.449128,987,28.05,0.00,0.00,0.0000,0.000000,0.000000,0.00,0.00,0.0000,0.000000,0.000000
1786700264.844896,32.494983,988,28.05,0.00,0.00,0.0000,0.000000,0.000000,0.00,0.00,0.0000,0.000000,0.000000
1786700264.861407,32.511494,989,28.05,0.00,0.00,0.0000,0.000000,0.000000,0.00,0.00,0.0000,0.000000,0.000000
1786700264.892944,32.543031,990,28.05,0.00,0.00,0.0000,0.000000,0.000000,0.00,0.00,0.0000,0.000000,0.000000
1786700264.935785,32.585873,991,28.34,0.00,0.00,0.0000,0.000000,0.000000,0.00,0.00,0.0000,0.000000,0.000000
1786700264.975118,32.625206,992,28.34,0.00,0.00,0.0000,0.000000,0.000000,0.00,0.00,0.0000,0.000000,0.000000
1786700265.009718,32.659806,993,28.34,0.00,0.00,0.0000,0.000000,0.000000,0.00,0.00,0.0000,0.000000,0.000000
1786700265.037223,32.687311,994,28.34,0.00,0.00,0.0000,0.000000,0.000000,0.00,0.00,0.0000,0.000000,0.000000
1786700265.056465,32.706553,995,28.34,0.00,0.00,0.0000,0.000000,0.000000,0.00,0.00,0.0000,0.000000,0.000000
1786700265.086993,32.737080,996,28.34,0.00,0.00,0.0000,0.000000,0.000000,0.00,0.00,0.0000,0.000000,0.000000
1786700265.139182,32.789269,997,28.34,0.00,0.00,0.0000,0.000000,0.000000,0.00,0.00,0.0000,0.000000,0.000000
1786700265.170193,32.820280,998,28.34,0.00,0.00,0.0000,0.000000,0.000000,0.00,0.00,0.0000,0.000000,0.000000
1786700265.191378,32.841465,999,28.34,0.00,0.00,0.0000,0.000000,0.000000,0.00,0.00,0.0000,0.000000,0.000000
1786700265.224167,32.874254,1000,28.34,0.00,0.00,0.0000,0.000000,0.000000,0.00,0.00,0.0000,0.000000,0.000000
1786700265.265953,32.916040,1001,28.34,0.00,0.00,0.0000,0.000000,0.000000,0.00,0.00,0.0000,0.000000,0.000000
1786700265.289787,32.939875,1002,28.34,0.00,0.00,0.0000,0.000000,0.000000,0.00,0.00,0.0000,0.000000,0.000000
1786700265.324567,32.974655,1003,28.34,0.00,0.00,0.0000,0.000000,0.000000,0.00,0.00,0.0000,0.000000,0.000000
1786700265.363476,33.013563,1004,28.34,0.00,0.00,0.0000,0.000000,0.000000,0.00,0.00,0.0000,0.000000,0.000000
1786700265.390932,33.041020,1005,28.34,0.00,0.00,0.0000,0.000000,0.000000,0.00,0.00,0.0000,0.000000,0.000000
1786700265.420171,33.070258,1006,28.34,0.00,0.00,0.0000,0.000000,0.000000,0.00,0.00,0.0000,0.000000,0.000000
1786700265.454987,33.105074,1007,28.85,0.00,0.00,0.0000,0.000000,0.000000,0.00,0.00,0.0000,0.000000,0.000000
1786700265.488205,33.138292,1008,28.85,0.00,0.00,0.0000,0.000000,0.000000,0.00,0.00,0.0000,0.000000,0.000000
1786700265.528833,33.178920,1009,28.85,0.00,0.00,0.0000,0.000000,0.000000,0.00,0.00,0.0000,0.000000,0.000000
1786700265.556347,33.206435,1010,28.85,0.00,0.00,0.0000,0.000000,0.000000,0.00,0.00,0.0000,0.000000,0.000000
1786700265.591153,33.241241,1011,28.85,0.00,0.00,0.0000,0.000000,0.000000,0.00,0.00,0.0000,0.000000,0.000000
1786700265.625783,33.275871,1012,28.85,0.00,0.00,0.0000,0.000000,0.000000,0.00,0.00,0.0000,0.000000,0.000000
1786700265.658178,33.308265,1013,28.85,0.00,0.00,0.0000,0.000000,0.000000,0.00,0.00,0.0000,0.000000,0.000000
1786700265.685594,33.335681,1014,28.85,0.00,0.00,0.0000,0.000000,0.000000,0.00,0.00,0.0000,0.000000,0.000000
1786700265.728540,33.378628,1015,28.85,0.00,0.00,0.0000,0.000000,0.000000,0.00,0.00,0.0000,0.000000,0.000000
1786700265.767983,33.418071,1016,28.85,0.00,0.00,0.0000,0.000000,0.000000,0.00,0.00,0.0000,0.000000,0.000000
1786700265.788780,33.438868,1017,28.85,0.00,0.00,0.0000,0.000000,0.000000,0.00,0.00,0.0000,0.000000,0.000000
1786700265.823721,33.473809,1018,28.85,0.00,0.00,0.0000,0.000000,0.000000,0.00,0.00,0.0000,0.000000,0.000000
1786700265.878494,33.528582,1019,28.85,0.00,0.00,0.0000,0.000000,0.000000,0.00,0.00,0.0000,0.000000,0.000000
1786700265.892008,33.542095,1020,28.85,0.00,0.00,0.0000,0.000000,0.000000,0.00,0.00,0.0000,0.000000,0.000000
1786700265.934537,33.584625,1021,28.85,0.00,0.00,0.0000,0.000000,0.000000,0.00,0.00,0.0000,0.000000,0.000000
1786700265.969555,33.619642,1022,28.91,0.00,0.00,0.0000,0.000000,0.000000,0.00,0.00,0.0000,0.000000,0.000000
1786700265.987323,33.637410,1023,28.91,0.00,0.00,0.0000,0.000000,0.000000,0.00,0.00,0.0000,0.000000,0.000000
1786700266.060487,33.710574,1025,28.91,0.00,0.00,0.0000,0.000000,0.000000,0.00,0.00,0.0000,0.000000,0.000000
1786700266.086184,33.736271,1026,28.91,0.00,0.00,0.0000,0.000000,0.000000,0.00,0.00,0.0000,0.000000,0.000000
1786700266.120448,33.770535,1027,28.91,0.00,0.00,0.0000,0.000000,0.000000,0.00,0.00,0.0000,0.000000,0.000000
1786700266.148272,33.798359,1028,28.91,0.00,0.00,0.0000,0.000000,0.000000,0.00,0.00,0.0000,0.000000,0.000000
1786700266.185451,33.835538,1029,28.91,0.00,0.00,0.0000,0.000000,0.000000,0.00,0.00,0.0000,0.000000,0.000000
1786700266.218884,33.868972,1030,28.91,0.00,0.00,0.0000,0.000000,0.000000,0.00,0.00,0.0000,0.000000,0.000000
1786700266.248445,33.898533,1031,28.91,0.00,0.00,0.0000,0.000000,0.000000,0.00,0.00,0.0000,0.000000,0.000000
1786700266.282493,33.932580,1032,28.91,0.00,0.00,0.0000,0.000000,0.000000,0.00,0.00,0.0000,0.000000,0.000000
1786700266.343106,33.993193,1033,28.91,0.00,0.00,0.0000,0.000000,0.000000,0.00,0.00,0.0000,0.000000,0.000000
1786700266.362137,34.012224,1034,28.91,0.00,0.00,0.0000,0.000000,0.000000,0.00,0.00,0.0000,0.000000,0.000000
1786700266.391820,34.041908,1035,28.91,0.00,0.00,0.0000,0.000000,0.000000,0.00,0.00,0.0000,0.000000,0.000000
1786700266.418395,34.068483,1036,28.91,0.00,0.00,0.0000,0.000000,0.000000,0.00,0.00,0.0000,0.000000,0.000000
1786700266.461396,34.111483,1037,28.91,0.00,0.00,0.0000,0.000000,0.000000,0.00,0.00,0.0000,0.000000,0.000000
1786700266.487932,34.138020,1038,28.93,0.00,0.00,0.0000,0.000000,0.000000,0.00,0.00,0.0000,0.000000,0.000000
1786700266.529034,34.179121,1039,28.93,0.00,0.00,0.0000,0.000000,0.000000,0.00,0.00,0.0000,0.000000,0.000000
1786700266.553397,34.203485,1040,28.93,0.00,0.00,0.0000,0.000000,0.000000,0.00,0.00,0.0000,0.000000,0.000000
1786700266.597173,34.247261,1041,28.93,0.00,0.00,0.0000,0.000000,0.000000,0.00,0.00,0.0000,0.000000,0.000000
1786700266.630472,34.280559,1042,28.93,0.00,0.00,0.0000,0.000000,0.000000,0.00,0.00,0.0000,0.000000,0.000000
1786700266.661672,34.311759,1043,28.93,0.00,0.00,0.0000,0.000000,0.000000,0.00,0.00,0.0000,0.000000,0.000000
1786700266.688432,34.338519,1044,28.93,0.00,0.00,0.0000,0.000000,0.000000,0.00,0.00,0.0000,0.000000,0.000000
1786700266.722701,34.372788,1045,28.93,0.00,0.00,0.0000,0.000000,0.000000,0.00,0.00,0.0000,0.000000,0.000000
1786700266.757769,34.407856,1046,28.93,0.00,0.00,0.0000,0.000000,0.000000,0.00,0.00,0.0000,0.000000,0.000000
1786700266.786337,34.436424,1047,28.93,0.00,0.00,0.0000,0.000000,0.000000,0.00,0.00,0.0000,0.000000,0.000000
1786700266.826507,34.476594,1048,28.93,0.00,0.00,0.0000,0.000000,0.000000,0.00,0.00,0.0000,0.000000,0.000000
1786700266.874329,34.524416,1049,28.93,0.00,0.00,0.0000,0.000000,0.000000,0.00,0.00,0.0000,0.000000,0.000000
1786700266.893786,34.543874,1050,28.93,0.00,0.00,0.0000,0.000000,0.000000,0.00,0.00,0.0000,0.000000,0.000000
1786700266.920458,34.570545,1051,28.93,0.00,0.00,0.0000,0.000000,0.000000,0.00,0.00,0.0000,0.000000,0.000000
1786700266.954166,34.604253,1052,28.93,0.00,0.00,0.0000,0.000000,0.000000,0.00,0.00,0.0000,0.000000,0.000000
1786700267.000468,34.650555,1053,28.98,0.00,0.00,0.0000,0.000000,0.000000,0.00,0.00,0.0000,0.000000,0.000000
1786700267.030576,34.680663,1054,28.98,0.00,0.00,0.0000,0.000000,0.000000,0.00,0.00,0.0000,0.000000,0.000000
1786700267.057081,34.707168,1055,28.98,0.00,0.00,0.0000,0.000000,0.000000,0.00,0.00,0.0000,0.000000,0.000000
1786700267.089671,34.739758,1056,28.98,0.00,0.00,0.0000,0.000000,0.000000,0.00,0.00,0.0000,0.000000,0.000000
1786700267.117780,34.767867,1057,28.98,0.00,0.00,0.0000,0.000000,0.000000,0.00,0.00,0.0000,0.000000,0.000000
1786700267.150712,34.800800,1058,28.98,0.00,0.00,0.0000,0.000000,0.000000,0.00,0.00,0.0000,0.000000,0.000000
1786700267.193476,34.843564,1059,28.98,0.00,0.00,0.0000,0.000000,0.000000,0.00,0.00,0.0000,0.000000,0.000000
1786700267.223030,34.873118,1060,28.98,0.00,0.00,0.0000,0.000000,0.000000,0.00,0.00,0.0000,0.000000,0.000000
1786700267.254055,34.904142,1061,28.98,0.00,0.00,0.0000,0.000000,0.000000,0.00,0.00,0.0000,0.000000,0.000000
1786700267.290732,34.940819,1062,28.98,0.00,0.00,0.0000,0.000000,0.000000,0.00,0.00,0.0000,0.000000,0.000000
1786700267.333493,34.983581,1063,28.98,0.00,0.00,0.0000,0.000000,0.000000,0.00,0.00,0.0000,0.000000,0.000000
1786700267.356355,35.006443,1064,28.98,0.00,0.00,0.0000,0.000000,0.000000,0.00,0.00,0.0000,0.000000,0.000000
1786700267.385562,35.035649,1065,28.98,0.00,0.00,0.0000,0.000000,0.000000,0.00,0.00,0.0000,0.000000,0.000000
1786700267.423154,35.073241,1066,28.98,0.00,0.00,0.0000,0.000000,0.000000,0.00,0.00,0.0000,0.000000,0.000000
1786700267.451781,35.101868,1067,28.98,0.00,0.00,0.0000,0.000000,0.000000,0.00,0.00,0.0000,0.000000,0.000000
1786700267.504019,35.154107,1068,29.15,0.00,0.00,0.0000,0.000000,0.000000,0.00,0.00,0.0000,0.000000,0.000000
1786700267.525236,35.175323,1069,29.15,0.00,0.00,0.0000,0.000000,0.000000,0.00,0.00,0.0000,0.000000,0.000000
1786700267.556255,35.206343,1070,29.15,0.00,0.00,0.0000,0.000000,0.000000,0.00,0.00,0.0000,0.000000,0.000000
1786700267.589222,35.239309,1071,29.15,0.00,0.00,0.0000,0.000000,0.000000,0.00,0.00,0.0000,0.000000,0.000000
1786700267.628958,35.279045,1072,29.15,0.00,0.00,0.0000,0.000000,0.000000,0.00,0.00,0.0000,0.000000,0.000000
1786700267.650140,35.300227,1073,29.15,0.00,0.00,0.0000,0.000000,0.000000,0.00,0.00,0.0000,0.000000,0.000000
1786700267.682285,35.332372,1074,29.15,0.00,0.00,0.0000,0.000000,0.000000,0.00,0.00,0.0000,0.000000,0.000000
1786700267.725507,35.375595,1075,29.15,0.00,0.00,0.0000,0.000000,0.000000,0.00,0.00,0.0000,0.000000,0.000000
1786700267.770106,35.420193,1076,29.15,0.00,0.00,0.0000,0.000000,0.000000,0.00,0.00,0.0000,0.000000,0.000000
1786700267.787504,35.437592,1077,29.15,0.00,0.00,0.0000,0.000000,0.000000,0.00,0.00,0.0000,0.000000,0.000000
1786700267.824919,35.475007,1078,29.15,0.00,0.00,0.0000,0.000000,0.000000,0.00,0.00,0.0000,0.000000,0.000000
1786700267.877780,35.527867,1079,29.15,0.00,0.00,0.0000,0.000000,0.000000,0.00,0.00,0.0000,0.000000,0.000000
1786700267.890289,35.540376,1080,29.15,0.00,0.00,0.0000,0.000000,0.000000,0.00,0.00,0.0000,0.000000,0.000000
1786700267.922702,35.572790,1081,29.15,0.00,0.00,0.0000,0.000000,0.000000,0.00,0.00,0.0000,0.000000,0.000000
1786700267.953327,35.603414,1082,29.15,0.00,0.00,0.0000,0.000000,0.000000,0.00,0.00,0.0000,0.000000,0.000000
1786700267.987675,35.637762,1083,29.15,0.00,0.00,0.0000,0.000000,0.000000,0.00,0.00,0.0000,0.000000,0.000000
1786700268.014326,35.664413,1084,29.59,0.00,0.00,0.0000,0.000000,0.000000,0.00,0.00,0.0000,0.000000,0.000000
1786700268.054796,35.704883,1085,29.59,0.00,0.00,0.0000,0.000000,0.000000,0.00,0.00,0.0000,0.000000,0.000000
1786700268.089387,35.739475,1086,29.59,0.00,0.00,0.0000,0.000000,0.000000,0.00,0.00,0.0000,0.000000,0.000000
1786700268.119872,35.769959,1087,29.59,0.00,0.00,0.0000,0.000000,0.000000,0.00,0.00,0.0000,0.000000,0.000000
1786700268.152534,35.802621,1088,29.59,0.00,0.00,0.0000,0.000000,0.000000,0.00,0.00,0.0000,0.000000,0.000000
1786700268.186392,35.836479,1089,29.59,0.00,0.00,0.0000,0.000000,0.000000,0.00,0.00,0.0000,0.000000,0.000000
1786700268.217566,35.867653,1090,29.59,0.00,0.00,0.0000,0.000000,0.000000,0.00,0.00,0.0000,0.000000,0.000000
1786700268.251622,35.901709,1091,29.59,0.00,0.00,0.0000,0.000000,0.000000,0.00,0.00,0.0000,0.000000,0.000000
1786700268.289518,35.939606,1092,29.59,0.00,0.00,0.0000,0.000000,0.000000,0.00,0.00,0.0000,0.000000,0.000000
1786700268.320896,35.970984,1093,29.59,0.00,0.00,0.0000,0.000000,0.000000,0.00,0.00,0.0000,0.000000,0.000000
1786700268.351014,36.001102,1094,29.59,0.00,0.00,0.0000,0.000000,0.000000,0.00,0.00,0.0000,0.000000,0.000000
1786700268.390756,36.040843,1095,29.59,0.00,0.00,0.0000,0.000000,0.000000,0.00,0.00,0.0000,0.000000,0.000000
1786700268.422781,36.072869,1096,29.59,0.00,0.00,0.0000,0.000000,0.000000,0.00,0.00,0.0000,0.000000,0.000000
1786700268.459337,36.109425,1097,29.59,0.00,0.00,0.0000,0.000000,0.000000,0.00,0.00,0.0000,0.000000,0.000000
1786700268.493246,36.143333,1098,29.59,0.00,0.00,0.0000,0.000000,0.000000,0.00,0.00,0.0000,0.000000,0.000000
1786700268.525098,36.175186,1099,29.54,0.00,0.00,0.0000,0.000000,0.000000,0.00,0.00,0.0000,0.000000,0.000000
1786700268.575882,36.225969,1100,29.54,0.00,0.00,0.0000,0.000000,0.000000,0.00,0.00,0.0000,0.000000,0.000000
1786700268.627501,36.277589,1101,29.54,0.00,0.00,0.0000,0.000000,0.000000,0.00,0.00,0.0000,0.000000,0.000000
1786700268.639945,36.290033,1102,29.54,0.00,0.00,0.0000,0.000000,0.000000,0.00,0.00,0.0000,0.000000,0.000000
1786700268.662592,36.312679,1103,29.54,0.00,0.00,0.0000,0.000000,0.000000,0.00,0.00,0.0000,0.000000,0.000000
1786700268.690701,36.340789,1104,29.54,0.00,0.00,0.0000,0.000000,0.000000,0.00,0.00,0.0000,0.000000,0.000000
1786700268.718735,36.368823,1105,29.54,0.00,0.00,0.0000,0.000000,0.000000,0.00,0.00,0.0000,0.000000,0.000000
1786700268.761499,36.411587,1106,29.54,0.00,0.00,0.0000,0.000000,0.000000,0.00,0.00,0.0000,0.000000,0.000000
1786700268.787014,36.437101,1107,29.54,0.00,0.00,0.0000,0.000000,0.000000,0.00,0.00,0.0000,0.000000,0.000000
1786700268.819202,36.469289,1108,29.54,0.00,0.00,0.0000,0.000000,0.000000,0.00,0.00,0.0000,0.000000,0.000000
1786700268.862588,36.512675,1109,29.54,0.00,0.00,0.0000,0.000000,0.000000,0.00,0.00,0.0000,0.000000,0.000000
1786700268.904155,36.554243,1110,29.54,0.00,0.00,0.0000,0.000000,0.000000,0.00,0.00,0.0000,0.000000,0.000000
1786700268.934454,36.584541,1111,29.54,0.00,0.00,0.0000,0.000000,0.000000,0.00,0.00,0.0000,0.000000,0.000000
1786700268.968684,36.618771,1112,29.54,0.00,0.00,0.0000,0.000000,0.000000,0.00,0.00,0.0000,0.000000,0.000000
1786700268.985201,36.635288,1113,29.54,0.00,0.00,0.0000,0.000000,0.000000,0.00,0.00,0.0000,0.000000,0.000000
1786700269.021162,36.671249,1114,29.54,0.00,0.00,0.0000,0.000000,0.000000,0.00,0.00,0.0000,0.000000,0.000000
1786700269.066677,36.716765,1115,29.54,0.00,0.00,0.0000,0.000000,0.000000,0.00,0.00,0.0000,0.000000,0.000000
1786700269.090772,36.740860,1116,29.54,0.00,0.00,0.0000,0.000000,0.000000,0.00,0.00,0.0000,0.000000,0.000000
1786700269.143109,36.793196,1117,29.54,0.00,0.00,0.0000,0.000000,0.000000,0.00,0.00,0.0000,0.000000,0.000000
1786700269.157626,36.807714,1118,29.54,0.00,0.00,0.0000,0.000000,0.000000,0.00,0.00,0.0000,0.000000,0.000000
1786700269.197275,36.847362,1119,29.54,0.00,0.00,0.0000,0.000000,0.000000,0.00,0.00,0.0000,0.000000,0.000000
1786700269.221004,36.871091,1120,29.54,0.00,0.00,0.0000,0.000000,0.000000,0.00,0.00,0.0000,0.000000,0.000000
1786700269.257478,36.907565,1121,29.54,0.00,0.00,0.0000,0.000000,0.000000,0.00,0.00,0.0000,0.000000,0.000000
1786700269.294558,36.944645,1122,29.54,0.00,0.00,0.0000,0.000000,0.000000,0.00,0.00,0.0000,0.000000,0.000000
1786700269.320300,36.970387,1123,29.54,0.00,0.00,0.0000,0.000000,0.000000,0.00,0.00,0.0000,0.000000,0.000000
1786700269.349228,36.999316,1124,29.54,0.00,0.00,0.0000,0.000000,0.000000,0.00,0.00,0.0000,0.000000,0.000000
1786700269.392201,37.042288,1125,29.54,0.00,0.00,0.0000,0.000000,0.000000,0.00,0.00,0.0000,0.000000,0.000000
1786700269.420885,37.070973,1126,29.54,0.00,0.00,0.0000,0.000000,0.000000,0.00,0.00,0.0000,0.000000,0.000000
1786700269.449713,37.099800,1127,29.54,0.00,0.00,0.0000,0.000000,0.000000,0.00,0.00,0.0000,0.000000,0.000000
1786700269.489430,37.139517,1128,29.54,0.00,0.00,0.0000,0.000000,0.000000,0.00,0.00,0.0000,0.000000,0.000000
1786700269.526978,37.177065,1129,29.54,0.00,0.00,0.0000,0.000000,0.000000,0.00,0.00,0.0000,0.000000,0.000000
1786700269.551285,37.201372,1130,29.54,0.00,0.00,0.0000,0.000000,0.000000,0.00,0.00,0.0000,0.000000,0.000000
1786700269.585118,37.235206,1131,29.81,0.00,0.00,0.0000,0.000000,0.000000,0.00,0.00,0.0000,0.000000,0.000000
1786700269.620761,37.270848,1132,29.81,0.00,0.00,0.0000,0.000000,0.000000,0.00,0.00,0.0000,0.000000,0.000000
1786700269.663811,37.313898,1133,29.81,0.00,0.00,0.0000,0.000000,0.000000,0.00,0.00,0.0000,0.000000,0.000000
1786700269.692356,37.342443,1134,29.81,0.00,0.00,0.0000,0.000000,0.000000,0.00,0.00,0.0000,0.000000,0.000000
1786700269.725210,37.375298,1135,29.81,0.00,0.00,0.0000,0.000000,0.000000,0.00,0.00,0.0000,0.000000,0.000000
1786700269.761056,37.411144,1136,29.81,0.00,0.00,0.0000,0.000000,0.000000,0.00,0.00,0.0000,0.000000,0.000000
1786700269.802481,37.452569,1137,29.81,0.00,0.00,0.0000,0.000000,0.000000,0.00,0.00,0.0000,0.000000,0.000000
1786700269.819509,37.469596,1138,29.81,0.00,0.00,0.0000,0.000000,0.000000,0.00,0.00,0.0000,0.000000,0.000000
1786700269.852378,37.502466,1139,29.81,0.00,0.00,0.0000,0.000000,0.000000,0.00,0.00,0.0000,0.000000,0.000000
1786700269.896127,37.546214,1140,29.81,0.00,0.00,0.0000,0.000000,0.000000,0.00,0.00,0.0000,0.000000,0.000000
1786700269.923136,37.573224,1141,29.81,0.00,0.00,0.0000,0.000000,0.000000,0.00,0.00,0.0000,0.000000,0.000000
1786700269.951520,37.601607,1142,29.81,0.00,0.00,0.0000,0.000000,0.000000,0.00,0.00,0.0000,0.000000,0.000000
1786700269.984993,37.635080,1143,29.81,0.00,0.00,0.0000,0.000000,0.000000,0.00,0.00,0.0000,0.000000,0.000000
1786700270.031882,37.681969,1144,29.81,0.00,0.00,0.0000,0.000000,0.000000,0.00,0.00,0.0000,0.000000,0.000000
1786700270.065331,37.715418,1145,29.81,0.00,0.00,0.0000,0.000000,0.000000,0.00,0.00,0.0000,0.000000,0.000000
1786700270.091856,37.741943,1146,29.78,0.00,0.00,0.0000,0.000000,0.000000,0.00,0.00,0.0000,0.000000,0.000000
1786700270.125502,37.775589,1147,29.78,0.00,0.00,0.0000,0.000000,0.000000,0.00,0.00,0.0000,0.000000,0.000000
1786700270.152451,37.802539,1148,29.78,0.00,0.00,0.0000,0.000000,0.000000,0.00,0.00,0.0000,0.000000,0.000000
1786700270.196201,37.846288,1149,29.78,0.00,0.00,0.0000,0.000000,0.000000,0.00,0.00,0.0000,0.000000,0.000000
1786700270.221105,37.871192,1150,29.78,0.00,0.00,0.0000,0.000000,0.000000,0.00,0.00,0.0000,0.000000,0.000000
1786700270.251662,37.901749,1151,29.78,0.00,0.00,0.0000,0.000000,0.000000,0.00,0.00,0.0000,0.000000,0.000000
1786700270.291313,37.941400,1152,29.78,0.00,0.00,0.0000,0.000000,0.000000,0.00,0.00,0.0000,0.000000,0.000000
1786700270.317687,37.967774,1153,29.78,0.00,0.00,0.0000,0.000000,0.000000,0.00,0.00,0.0000,0.000000,0.000000
1786700270.350754,38.000841,1154,29.78,0.00,0.00,0.0000,0.000000,0.000000,0.00,0.00,0.0000,0.000000,0.000000
1786700270.378411,38.028498,1155,29.78,0.00,0.00,0.0000,0.000000,0.000000,0.00,0.00,0.0000,0.000000,0.000000
1786700270.424425,38.074512,1156,29.78,0.00,0.00,0.0000,0.000000,0.000000,0.00,0.00,0.0000,0.000000,0.000000
1786700270.457497,38.107584,1157,29.78,0.00,0.00,0.0000,0.000000,0.000000,0.00,0.00,0.0000,0.000000,0.000000
1786700270.497256,38.147343,1158,29.78,0.00,0.00,0.0000,0.000000,0.000000,0.00,0.00,0.0000,0.000000,0.000000
1786700270.529616,38.179703,1159,29.78,0.00,0.00,0.0000,0.000000,0.000000,0.00,0.00,0.0000,0.000000,0.000000
1786700270.555179,38.205266,1160,29.78,0.00,0.00,0.0000,0.000000,0.000000,0.00,0.00,0.0000,0.000000,0.000000
1786700270.588305,38.238393,1161,29.78,0.00,0.00,0.0000,0.000000,0.000000,0.00,0.00,0.0000,0.000000,0.000000
1786700270.637990,38.288078,1162,29.67,0.00,0.00,0.0000,0.000000,0.000000,0.00,0.00,0.0000,0.000000,0.000000
1786700270.670256,38.320343,1163,29.67,0.00,0.00,0.0000,0.000000,0.000000,0.00,0.00,0.0000,0.000000,0.000000
1786700270.683774,38.333861,1164,29.67,0.00,0.00,0.0000,0.000000,0.000000,0.00,0.00,0.0000,0.000000,0.000000
1786700270.723769,38.373856,1165,29.67,0.00,0.00,0.0000,0.000000,0.000000,0.00,0.00,0.0000,0.000000,0.000000
1786700270.761244,38.411331,1166,29.67,0.00,0.00,0.0000,0.000000,0.000000,0.00,0.00,0.0000,0.000000,0.000000
1786700270.785527,38.435614,1167,29.67,0.00,0.00,0.0000,0.000000,0.000000,0.00,0.00,0.0000,0.000000,0.000000
1786700270.823474,38.473561,1168,29.67,0.00,0.00,0.0000,0.000000,0.000000,0.00,0.00,0.0000,0.000000,0.000000
1786700270.864203,38.514290,1169,29.67,0.00,0.00,0.0000,0.000000,0.000000,0.00,0.00,0.0000,0.000000,0.000000
1786700270.885547,38.535635,1170,29.67,0.00,0.00,0.0000,0.000000,0.000000,0.00,0.00,0.0000,0.000000,0.000000
1786700270.920537,38.570624,1171,29.67,0.00,0.00,0.0000,0.000000,0.000000,0.00,0.00,0.0000,0.000000,0.000000
1786700270.968283,38.618371,1172,29.67,0.00,0.00,0.0000,0.000000,0.000000,0.00,0.00,0.0000,0.000000,0.000000
1786700270.990282,38.640369,1173,29.67,0.00,0.00,0.0000,0.000000,0.000000,0.00,0.00,0.0000,0.000000,0.000000
1786700271.027807,38.677894,1174,29.67,0.00,0.00,0.0000,0.000000,0.000000,0.00,0.00,0.0000,0.000000,0.000000
1786700271.072975,38.723063,1175,29.67,0.00,0.00,0.0000,0.000000,0.000000,0.00,0.00,0.0000,0.000000,0.000000
1786700271.087482,38.737569,1176,29.67,0.00,0.00,0.0000,0.000000,0.000000,0.00,0.00,0.0000,0.000000,0.000000
1786700271.117731,38.767819,1177,29.67,0.00,0.00,0.0000,0.000000,0.000000,0.00,0.00,0.0000,0.000000,0.000000
1786700271.184444,38.834532,1178,29.59,0.00,0.00,0.0000,0.000000,0.000000,0.00,0.00,0.0000,0.000000,0.000000
1786700271.206083,38.856170,1179,29.59,0.00,0.00,0.0000,0.000000,0.000000,0.00,0.00,0.0000,0.000000,0.000000
1786700271.228569,38.878656,1180,29.59,0.00,0.00,0.0000,0.000000,0.000000,0.00,0.00,0.0000,0.000000,0.000000
1786700271.263217,38.913305,1181,29.59,0.00,0.00,0.0000,0.000000,0.000000,0.00,0.00,0.0000,0.000000,0.000000
1786700271.293483,38.943571,1182,29.59,0.00,0.00,0.0000,0.000000,0.000000,0.00,0.00,0.0000,0.000000,0.000000
1786700271.322814,38.972901,1183,29.59,0.00,0.00,0.0000,0.000000,0.000000,0.00,0.00,0.0000,0.000000,0.000000
1786700271.353326,39.003414,1184,29.59,0.00,0.00,0.0000,0.000000,0.000000,0.00,0.00,0.0000,0.000000,0.000000
1786700271.391448,39.041536,1185,29.59,0.00,0.00,0.0000,0.000000,0.000000,0.00,0.00,0.0000,0.000000,0.000000
1786700271.424789,39.074876,1186,29.59,0.00,0.00,0.0000,0.000000,0.000000,0.00,0.00,0.0000,0.000000,0.000000
1786700271.454524,39.104611,1187,29.59,0.00,0.00,0.0000,0.000000,0.000000,0.00,0.00,0.0000,0.000000,0.000000
1786700271.480957,39.131044,1188,29.59,0.00,0.00,0.0000,0.000000,0.000000,0.00,0.00,0.0000,0.000000,0.000000
1786700271.520195,39.170283,1189,29.59,0.00,0.00,0.0000,0.000000,0.000000,0.00,0.00,0.0000,0.000000,0.000000
1786700271.561220,39.211307,1190,29.59,0.00,0.00,0.0000,0.000000,0.000000,0.00,0.00,0.0000,0.000000,0.000000
1786700271.592399,39.242486,1191,29.59,0.00,0.00,0.0000,0.000000,0.000000,0.00,0.00,0.0000,0.000000,0.000000
1786700271.629179,39.279267,1192,29.59,0.00,0.00,0.0000,0.000000,0.000000,0.00,0.00,0.0000,0.000000,0.000000
1786700271.658632,39.308719,1193,29.59,0.00,0.00,0.0000,0.000000,0.000000,0.00,0.00,0.0000,0.000000,0.000000
1786700271.694355,39.344443,1194,29.94,0.00,0.00,0.0000,0.000000,0.000000,0.00,0.00,0.0000,0.000000,0.000000
1786700271.726925,39.377012,1195,29.94,0.00,0.00,0.0000,0.000000,0.000000,0.00,0.00,0.0000,0.000000,0.000000
1786700271.755694,39.405782,1196,29.94,0.00,0.00,0.0000,0.000000,0.000000,0.00,0.00,0.0000,0.000000,0.000000
1786700271.805669,39.455757,1197,29.94,0.00,0.00,0.0000,0.000000,0.000000,0.00,0.00,0.0000,0.000000,0.000000
1786700271.831420,39.481508,1198,29.94,0.00,0.00,0.0000,0.000000,0.000000,0.00,0.00,0.0000,0.000000,0.000000
1786700271.856599,39.506686,1199,29.94,0.00,0.00,0.0000,0.000000,0.000000,0.00,0.00,0.0000,0.000000,0.000000
1786700271.891950,39.542037,1200,29.94,0.00,0.00,0.0000,0.000000,0.000000,0.00,0.00,0.0000,0.000000,0.000000
1786700271.924278,39.574365,1201,29.94,0.00,0.00,0.0000,0.000000,0.000000,0.00,0.00,0.0000,0.000000,0.000000
1786700271.952500,39.602587,1202,29.94,0.00,0.00,0.0000,0.000000,0.000000,0.00,0.00,0.0000,0.000000,0.000000
1786700271.986104,39.636191,1203,29.94,0.00,0.00,0.0000,0.000000,0.000000,0.00,0.00,0.0000,0.000000,0.000000
1786700272.020616,39.670703,1204,29.94,0.00,0.00,0.0000,0.000000,0.000000,0.00,0.00,0.0000,0.000000,0.000000
1786700272.058156,39.708243,1205,29.94,0.00,0.00,0.0000,0.000000,0.000000,0.00,0.00,0.0000,0.000000,0.000000
1786700272.088181,39.738268,1206,29.94,0.00,0.00,0.0000,0.000000,0.000000,0.00,0.00,0.0000,0.000000,0.000000
1786700272.127248,39.777335,1207,29.94,0.00,0.00,0.0000,0.000000,0.000000,0.00,0.00,0.0000,0.000000,0.000000
1786700272.151613,39.801700,1208,29.94,0.00,0.00,0.0000,0.000000,0.000000,0.00,0.00,0.0000,0.000000,0.000000
1786700272.185279,39.835366,1209,29.94,0.00,0.00,0.0000,0.000000,0.000000,0.00,0.00,0.0000,0.000000,0.000000
1786700272.218890,39.868978,1210,30.07,0.00,0.00,0.0000,0.000000,0.000000,0.00,0.00,0.0000,0.000000,0.000000
1786700272.254738,39.904825,1211,30.07,0.00,0.00,0.0000,0.000000,0.000000,0.00,0.00,0.0000,0.000000,0.000000
1786700272.287210,39.937297,1212,30.07,0.00,0.00,0.0000,0.000000,0.000000,0.00,0.00,0.0000,0.000000,0.000000
1786700272.321754,39.971841,1213,30.07,0.00,0.00,0.0000,0.000000,0.000000,0.00,0.00,0.0000,0.000000,0.000000
1786700272.346391,39.996478,1214,30.07,0.00,0.00,0.0000,0.000000,0.000000,0.00,0.00,0.0000,0.000000,0.000000
1786700272.391930,40.042018,1215,30.07,0.00,0.00,0.0000,0.000000,0.000000,0.00,0.00,0.0000,0.000000,0.000000
1786700272.448912,40.099000,1216,30.07,0.00,0.00,0.0000,0.000000,0.000000,0.00,0.00,0.0000,0.000000,0.000000
1786700272.463864,40.113951,1217,30.07,0.00,0.00,0.0000,0.000000,0.000000,0.00,0.00,0.0000,0.000000,0.000000
1786700272.491747,40.141834,1218,30.07,0.00,0.00,0.0000,0.000000,0.000000,0.00,0.00,0.0000,0.000000,0.000000
1786700272.517632,40.167720,1219,30.07,0.00,0.00,0.0000,0.000000,0.000000,0.00,0.00,0.0000,0.000000,0.000000
1786700272.550216,40.200303,1220,30.07,0.00,0.00,0.0000,0.000000,0.000000,0.00,0.00,0.0000,0.000000,0.000000
1786700272.588719,40.238806,1221,30.07,0.00,0.00,0.0000,0.000000,0.000000,0.00,0.00,0.0000,0.000000,0.000000
1786700272.624095,40.274182,1222,30.07,0.00,0.00,0.0000,0.000000,0.000000,0.00,0.00,0.0000,0.000000,0.000000
1786700272.654521,40.304608,1223,30.07,0.00,0.00,0.0000,0.000000,0.000000,0.00,0.00,0.0000,0.000000,0.000000
1786700272.684550,40.334638,1224,30.07,0.00,0.00,0.0000,0.000000,0.000000,0.00,0.00,0.0000,0.000000,0.000000
1786700272.721701,40.371788,1225,30.01,0.00,0.00,0.0000,0.000000,0.000000,0.00,0.00,0.0000,0.000000,0.000000
1786700272.755642,40.405730,1226,30.01,0.00,0.00,0.0000,0.000000,0.000000,0.00,0.00,0.0000,0.000000,0.000000
1786700272.807433,40.457520,1227,30.01,0.00,0.00,0.0000,0.000000,0.000000,0.00,0.00,0.0000,0.000000,0.000000
1786700272.822943,40.473031,1228,30.01,0.00,0.00,0.0000,0.000000,0.000000,0.00,0.00,0.0000,0.000000,0.000000
1786700272.865054,40.515141,1229,30.01,0.00,0.00,0.0000,0.000000,0.000000,0.00,0.00,0.0000,0.000000,0.000000
1786700272.890578,40.540665,1230,30.01,0.00,0.00,0.0000,0.000000,0.000000,0.00,0.00,0.0000,0.000000,0.000000
1786700272.929861,40.579948,1231,30.01,0.00,0.00,0.0000,0.000000,0.000000,0.00,0.00,0.0000,0.000000,0.000000
1786700272.958400,40.608488,1232,30.01,0.00,0.00,0.0000,0.000000,0.000000,0.00,0.00,0.0000,0.000000,0.000000
1786700272.991446,40.641533,1233,30.01,0.00,0.00,0.0000,0.000000,0.000000,0.00,0.00,0.0000,0.000000,0.000000
1786700273.041422,40.691509,1234,30.01,0.00,0.00,0.0000,0.000000,0.000000,0.00,0.00,0.0000,0.000000,0.000000
1786700273.070750,40.720838,1235,30.01,0.00,0.00,0.0000,0.000000,0.000000,0.00,0.00,0.0000,0.000000,0.000000
1786700273.087425,40.737512,1236,30.01,0.00,0.00,0.0000,0.000000,0.000000,0.00,0.00,0.0000,0.000000,0.000000
1786700273.121303,40.771390,1237,30.01,0.00,0.00,0.0000,0.000000,0.000000,0.00,0.00,0.0000,0.000000,0.000000
1786700273.157799,40.807887,1238,30.01,0.00,0.00,0.0000,0.000000,0.000000,0.00,0.00,0.0000,0.000000,0.000000
1786700273.197366,40.847453,1239,30.01,0.00,0.00,0.0000,0.000000,0.000000,0.00,0.00,0.0000,0.000000,0.000000
1786700273.231596,40.881684,1240,29.89,0.00,0.00,0.0000,0.000000,0.000000,0.00,0.00,0.0000,0.000000,0.000000
1786700273.252780,40.902867,1241,29.89,0.00,0.00,0.0000,0.000000,0.000000,0.00,0.00,0.0000,0.000000,0.000000
1786700273.286927,40.937014,1242,29.89,0.00,0.00,0.0000,0.000000,0.000000,0.00,0.00,0.0000,0.000000,0.000000
1786700273.326301,40.976388,1243,29.89,0.00,0.00,0.0000,0.000000,0.000000,0.00,0.00,0.0000,0.000000,0.000000
1786700273.358942,41.009029,1244,29.89,0.00,0.00,0.0000,0.000000,0.000000,0.00,0.00,0.0000,0.000000,0.000000
1786700273.389017,41.039104,1245,29.89,0.00,0.00,0.0000,0.000000,0.000000,0.00,0.00,0.0000,0.000000,0.000000
1786700273.425203,41.075290,1246,29.89,0.00,0.00,0.0000,0.000000,0.000000,0.00,0.00,0.0000,0.000000,0.000000
1786700273.457628,41.107716,1247,29.89,0.00,0.00,0.0000,0.000000,0.000000,0.00,0.00,0.0000,0.000000,0.000000
1786700273.488803,41.138891,1248,29.89,0.00,0.00,0.0000,0.000000,0.000000,0.00,0.00,0.0000,0.000000,0.000000
1786700273.522369,41.172457,1249,29.89,0.00,0.00,0.0000,0.000000,0.000000,0.00,0.00,0.0000,0.000000,0.000000
1786700273.556483,41.206570,1250,29.89,0.00,0.00,0.0000,0.000000,0.000000,0.00,0.00,0.0000,0.000000,0.000000
1786700273.591066,41.241153,1251,29.89,0.00,0.00,0.0000,0.000000,0.000000,0.00,0.00,0.0000,0.000000,0.000000
1786700273.612586,41.262673,1252,29.89,0.00,0.00,0.0000,0.000000,0.000000,0.00,0.00,0.0000,0.000000,0.000000
1786700273.658328,41.308415,1253,29.89,0.00,0.00,0.0000,0.000000,0.000000,0.00,0.00,0.0000,0.000000,0.000000
1786700273.694888,41.344975,1254,29.89,0.00,0.00,0.0000,0.000000,0.000000,0.00,0.00,0.0000,0.000000,0.000000
1786700273.730127,41.380214,1255,29.89,0.00,0.00,0.0000,0.000000,0.000000,0.00,0.00,0.0000,0.000000,0.000000
1786700273.761434,41.411522,1256,29.96,0.00,0.00,0.0000,0.000000,0.000000,0.00,0.00,0.0000,0.000000,0.000000
1786700273.786931,41.437018,1257,29.96,0.00,0.00,0.0000,0.000000,0.000000,0.00,0.00,0.0000,0.000000,0.000000
1786700273.826838,41.476926,1258,29.96,0.00,0.00,0.0000,0.000000,0.000000,0.00,0.00,0.0000,0.000000,0.000000
1786700273.858924,41.509012,1259,29.96,0.00,0.00,0.0000,0.000000,0.000000,0.00,0.00,0.0000,0.000000,0.000000
1786700273.893383,41.543470,1260,29.96,0.00,0.00,0.0000,0.000000,0.000000,0.00,0.00,0.0000,0.000000,0.000000
1786700273.918867,41.568954,1261,29.96,0.00,0.00,0.0000,0.000000,0.000000,0.00,0.00,0.0000,0.000000,0.000000
1786700273.951493,41.601580,1262,29.96,0.00,0.00,0.0000,0.000000,0.000000,0.00,0.00,0.0000,0.000000,0.000000
1786700273.993706,41.643794,1263,29.96,0.00,0.00,0.0000,0.000000,0.000000,0.00,0.00,0.0000,0.000000,0.000000
1786700274.018519,41.668606,1264,29.96,0.00,0.00,0.0000,0.000000,0.000000,0.00,0.00,0.0000,0.000000,0.000000
1786700274.052094,41.702181,1265,29.96,0.00,0.00,0.0000,0.000000,0.000000,0.00,0.00,0.0000,0.000000,0.000000
1786700274.095805,41.745892,1266,29.96,0.00,0.00,0.0000,0.000000,0.000000,0.00,0.00,0.0000,0.000000,0.000000
1786700274.121994,41.772082,1267,29.96,0.00,0.00,0.0000,0.000000,0.000000,0.00,0.00,0.0000,0.000000,0.000000
1786700274.161546,41.811634,1268,29.96,0.00,0.00,0.0000,0.000000,0.000000,0.00,0.00,0.0000,0.000000,0.000000
1786700274.189601,41.839688,1269,29.96,0.00,0.00,0.0000,0.000000,0.000000,0.00,0.00,0.0000,0.000000,0.000000
1786700274.222576,41.872663,1270,29.96,0.00,0.00,0.0000,0.000000,0.000000,0.00,0.00,0.0000,0.000000,0.000000
1786700274.254826,41.904914,1271,29.96,0.00,0.00,0.0000,0.000000,0.000000,0.00,0.00,0.0000,0.000000,0.000000
1786700274.285472,41.935560,1272,30.08,0.00,0.00,0.0000,0.000000,0.000000,0.00,0.00,0.0000,0.000000,0.000000
1786700274.344181,41.994269,1273,30.08,0.00,0.00,0.0000,0.000000,0.000000,0.00,0.00,0.0000,0.000000,0.000000
1786700274.356688,42.006775,1274,30.08,0.00,0.00,0.0000,0.000000,0.000000,0.00,0.00,0.0000,0.000000,0.000000
1786700274.387174,42.037261,1275,30.08,0.00,0.00,0.0000,0.000000,0.000000,0.00,0.00,0.0000,0.000000,0.000000
1786700274.421075,42.071162,1276,30.08,0.00,0.00,0.0000,0.000000,0.000000,0.00,0.00,0.0000,0.000000,0.000000
1786700274.464945,42.115033,1277,30.08,0.00,0.00,0.0000,0.000000,0.000000,0.00,0.00,0.0000,0.000000,0.000000
1786700274.504843,42.154930,1278,30.08,0.00,0.00,0.0000,0.000000,0.000000,0.00,0.00,0.0000,0.000000,0.000000
1786700274.521003,42.171091,1279,30.08,0.00,0.00,0.0000,0.000000,0.000000,0.00,0.00,0.0000,0.000000,0.000000
1786700274.550950,42.201037,1280,30.08,0.00,0.00,0.0000,0.000000,0.000000,0.00,0.00,0.0000,0.000000,0.000000
1786700274.600196,42.250283,1281,30.08,0.00,0.00,0.0000,0.000000,0.000000,0.00,0.00,0.0000,0.000000,0.000000
1786700274.624766,42.274853,1282,30.08,0.00,0.00,0.0000,0.000000,0.000000,0.00,0.00,0.0000,0.000000,0.000000
1786700274.656804,42.306891,1283,30.08,0.00,0.00,0.0000,0.000000,0.000000,0.00,0.00,0.0000,0.000000,0.000000
1786700274.688052,42.338139,1284,30.08,0.00,0.00,0.0000,0.000000,0.000000,0.00,0.00,0.0000,0.000000,0.000000
1786700274.721294,42.371382,1285,30.08,0.00,0.00,0.0000,0.000000,0.000000,0.00,0.00,0.0000,0.000000,0.000000
1786700274.755857,42.405944,1286,30.08,0.00,0.00,0.0000,0.000000,0.000000,0.00,0.00,0.0000,0.000000,0.000000
1786700274.793732,42.443820,1287,29.94,0.00,0.00,0.0000,0.000000,0.000000,0.00,0.00,0.0000,0.000000,0.000000
1786700274.813575,42.463663,1288,29.94,0.00,0.00,0.0000,0.000000,0.000000,0.00,0.00,0.0000,0.000000,0.000000
1786700274.857539,42.507627,1289,29.94,0.00,0.00,0.0000,0.000000,0.000000,0.00,0.00,0.0000,0.000000,0.000000
1786700274.888372,42.538460,1290,29.94,0.00,0.00,0.0000,0.000000,0.000000,0.00,0.00,0.0000,0.000000,0.000000
1786700274.925354,42.575441,1291,29.94,0.00,0.00,0.0000,0.000000,0.000000,0.00,0.00,0.0000,0.000000,0.000000
1786700274.955945,42.606033,1292,29.94,0.00,0.00,0.0000,0.000000,0.000000,0.00,0.00,0.0000,0.000000,0.000000
1786700275.017560,42.667647,1293,29.94,0.00,0.00,0.0000,0.000000,0.000000,0.00,0.00,0.0000,0.000000,0.000000
1786700275.030593,42.680680,1294,29.94,0.00,0.00,0.0000,0.000000,0.000000,0.00,0.00,0.0000,0.000000,0.000000
1786700275.072057,42.722144,1295,29.94,0.00,0.00,0.0000,0.000000,0.000000,0.00,0.00,0.0000,0.000000,0.000000
1786700275.086423,42.736511,1296,29.94,0.00,0.00,0.0000,0.000000,0.000000,0.00,0.00,0.0000,0.000000,0.000000
1786700275.125658,42.775745,1297,29.94,0.00,0.00,0.0000,0.000000,0.000000,0.00,0.00,0.0000,0.000000,0.000000
1786700275.160548,42.810636,1298,29.94,0.00,0.00,0.0000,0.000000,0.000000,0.00,0.00,0.0000,0.000000,0.000000
1786700275.194332,42.844419,1299,29.94,0.00,0.00,0.0000,0.000000,0.000000,0.00,0.00,0.0000,0.000000,0.000000
1786700275.223466,42.873553,1300,29.94,0.00,0.00,0.0000,0.000000,0.000000,0.00,0.00,0.0000,0.000000,0.000000
1786700275.261114,42.911202,1301,29.94,0.00,0.00,0.0000,0.000000,0.000000,0.00,0.00,0.0000,0.000000,0.000000
1786700275.291774,42.941862,1302,29.94,0.00,0.00,0.0000,0.000000,0.000000,0.00,0.00,0.0000,0.000000,0.000000
1786700275.323201,42.973288,1303,30.01,0.00,0.00,0.0000,0.000000,0.000000,0.00,0.00,0.0000,0.000000,0.000000
1786700275.364936,43.015023,1304,30.01,0.00,0.00,0.0000,0.000000,0.000000,0.00,0.00,0.0000,0.000000,0.000000
1786700275.393927,43.044014,1305,30.01,0.00,0.00,0.0000,0.000000,0.000000,0.00,0.00,0.0000,0.000000,0.000000
1786700275.424536,43.074623,1306,30.01,0.00,0.00,0.0000,0.000000,0.000000,0.00,0.00,0.0000,0.000000,0.000000
1786700275.469646,43.119733,1307,30.01,0.00,0.00,0.0000,0.000000,0.000000,0.00,0.00,0.0000,0.000000,0.000000
1786700275.496192,43.146279,1308,30.01,0.00,0.00,0.0000,0.000000,0.000000,0.00,0.00,0.0000,0.000000,0.000000
1786700275.528246,43.178333,1309,30.01,0.00,0.00,0.0000,0.000000,0.000000,0.00,0.00,0.0000,0.000000,0.000000
1786700275.566488,43.216576,1310,30.01,0.00,0.00,0.0000,0.000000,0.000000,0.00,0.00,0.0000,0.000000,0.000000
1786700275.593337,43.243424,1311,30.01,0.00,0.00,0.0000,0.000000,0.000000,0.00,0.00,0.0000,0.000000,0.000000
1786700275.621199,43.271286,1312,30.01,0.00,0.00,0.0000,0.000000,0.000000,0.00,0.00,0.0000,0.000000,0.000000
1786700275.661736,43.311823,1313,30.01,0.00,0.00,0.0000,0.000000,0.000000,0.00,0.00,0.0000,0.000000,0.000000
1786700275.700075,43.350162,1314,30.01,0.00,0.00,0.0000,0.000000,0.000000,0.00,0.00,0.0000,0.000000,0.000000
1786700275.723079,43.373167,1315,30.01,0.00,0.00,0.0000,0.000000,0.000000,0.00,0.00,0.0000,0.000000,0.000000
1786700275.748967,43.399054,1316,30.01,0.00,0.00,0.0000,0.000000,0.000000,0.00,0.00,0.0000,0.000000,0.000000
1786700275.789355,43.439443,1317,30.01,0.00,0.00,0.0000,0.000000,0.000000,0.00,0.00,0.0000,0.000000,0.000000
1786700275.828315,43.478402,1318,29.95,0.00,0.00,0.0000,0.000000,0.000000,0.00,0.00,0.0000,0.000000,0.000000
1786700275.864907,43.514995,1319,29.95,0.00,0.00,0.0000,0.000000,0.000000,0.00,0.00,0.0000,0.000000,0.000000
1786700275.899286,43.549373,1320,29.95,0.00,0.00,0.0000,0.000000,0.000000,0.00,0.00,0.0000,0.000000,0.000000
1786700275.933831,43.583919,1321,29.95,0.00,0.00,0.0000,0.000000,0.000000,0.00,0.00,0.0000,0.000000,0.000000
1786700275.949819,43.599906,1322,29.95,0.00,0.00,0.0000,0.000000,0.000000,0.00,0.00,0.0000,0.000000,0.000000
1786700275.985356,43.635444,1323,29.95,0.00,0.00,0.0000,0.000000,0.000000,0.00,0.00,0.0000,0.000000,0.000000
1786700276.017275,43.667362,1324,29.95,0.00,0.00,0.0000,0.000000,0.000000,0.00,0.00,0.0000,0.000000,0.000000
1786700276.052403,43.702491,1325,29.95,0.00,0.00,0.0000,0.000000,0.000000,0.00,0.00,0.0000,0.000000,0.000000
1786700276.087487,43.737575,1326,29.95,0.00,0.00,0.0000,0.000000,0.000000,0.00,0.00,0.0000,0.000000,0.000000
1786700276.120972,43.771060,1327,29.95,0.00,0.00,0.0000,0.000000,0.000000,0.00,0.00,0.0000,0.000000,0.000000
1786700276.152831,43.802918,1328,29.95,0.00,0.00,0.0000,0.000000,0.000000,0.00,0.00,0.0000,0.000000,0.000000
1786700276.189511,43.839598,1329,29.95,0.00,0.00,0.0000,0.000000,0.000000,0.00,0.00,0.0000,0.000000,0.000000
1786700276.219656,43.869744,1330,29.95,0.00,0.00,0.0000,0.000000,0.000000,0.00,0.00,0.0000,0.000000,0.000000
1786700276.251981,43.902068,1331,29.95,0.00,0.00,0.0000,0.000000,0.000000,0.00,0.00,0.0000,0.000000,0.000000
1786700276.294111,43.944198,1332,29.95,0.00,0.00,0.0000,0.000000,0.000000,0.00,0.00,0.0000,0.000000,0.000000
1786700276.319063,43.969151,1333,29.95,0.00,0.00,0.0000,0.000000,0.000000,0.00,0.00,0.0000,0.000000,0.000000
1786700276.353477,44.003564,1334,30.06,0.00,0.00,0.0000,0.000000,0.000000,0.00,0.00,0.0000,0.000000,0.000000
1786700276.389495,44.039583,1335,30.06,0.00,0.00,0.0000,0.000000,0.000000,0.00,0.00,0.0000,0.000000,0.000000
1786700276.428945,44.079032,1336,30.06,0.00,0.00,0.0000,0.000000,0.000000,0.00,0.00,0.0000,0.000000,0.000000
1786700276.452797,44.102885,1337,30.06,0.00,0.00,0.0000,0.000000,0.000000,0.00,0.00,0.0000,0.000000,0.000000
1786700276.495390,44.145477,1338,30.06,0.00,0.00,0.0000,0.000000,0.000000,0.00,0.00,0.0000,0.000000,0.000000
1786700276.530889,44.180977,1339,30.06,0.00,0.00,0.0000,0.000000,0.000000,0.00,0.00,0.0000,0.000000,0.000000
1786700276.555972,44.206059,1340,30.06,0.00,0.00,0.0000,0.000000,0.000000,0.00,0.00,0.0000,0.000000,0.000000
1786700276.597336,44.247423,1341,30.06,0.00,0.00,0.0000,0.000000,0.000000,0.00,0.00,0.0000,0.000000,0.000000
1786700276.631025,44.281112,1342,30.06,0.00,0.00,0.0000,0.000000,0.000000,0.00,0.00,0.0000,0.000000,0.000000
1786700276.672442,44.322529,1343,30.06,0.00,0.00,0.0000,0.000000,0.000000,0.00,0.00,0.0000,0.000000,0.000000
1786700276.709880,44.359967,1344,30.06,0.00,0.00,0.0000,0.000000,0.000000,0.00,0.00,0.0000,0.000000,0.000000
1786700276.737362,44.387449,1345,30.06,0.00,0.00,0.0000,0.000000,0.000000,0.00,0.00,0.0000,0.000000,0.000000
1786700276.756374,44.406461,1346,30.06,0.00,0.00,0.0000,0.000000,0.000000,0.00,0.00,0.0000,0.000000,0.000000
1786700276.794497,44.444584,1347,30.06,0.00,0.00,0.0000,0.000000,0.000000,0.00,0.00,0.0000,0.000000,0.000000
1786700276.822830,44.472918,1348,30.06,0.00,0.00,0.0000,0.000000,0.000000,0.00,0.00,0.0000,0.000000,0.000000
1786700276.857058,44.507146,1349,30.00,0.00,0.00,0.0000,0.000000,0.000000,0.00,0.00,0.0000,0.000000,0.000000
1786700276.902705,44.552792,1350,30.00,0.00,0.00,0.0000,0.000000,0.000000,0.00,0.00,0.0000,0.000000,0.000000
1786700276.935624,44.585711,1351,30.00,0.00,0.00,0.0000,0.000000,0.000000,0.00,0.00,0.0000,0.000000,0.000000
1786700276.963204,44.613292,1352,30.00,0.00,0.00,0.0000,0.000000,0.000000,0.00,0.00,0.0000,0.000000,0.000000
1786700276.998434,44.648521,1353,30.00,0.00,0.00,0.0000,0.000000,0.000000,0.00,0.00,0.0000,0.000000,0.000000
1786700277.031711,44.681798,1354,30.00,0.00,0.00,0.0000,0.000000,0.000000,0.00,0.00,0.0000,0.000000,0.000000
1786700277.053888,44.703976,1355,30.00,0.00,0.00,0.0000,0.000000,0.000000,0.00,0.00,0.0000,0.000000,0.000000
1786700277.084051,44.734139,1356,30.00,0.00,0.00,0.0000,0.000000,0.000000,0.00,0.00,0.0000,0.000000,0.000000
1786700277.121252,44.771339,1357,30.00,0.00,0.00,0.0000,0.000000,0.000000,0.00,0.00,0.0000,0.000000,0.000000
1786700277.164018,44.814105,1358,30.00,0.00,0.00,0.0000,0.000000,0.000000,0.00,0.00,0.0000,0.000000,0.000000
1786700277.191027,44.841114,1359,30.00,0.00,0.00,0.0000,0.000000,0.000000,0.00,0.00,0.0000,0.000000,0.000000
1786700277.223130,44.873217,1360,30.00,0.00,0.00,0.0000,0.000000,0.000000,0.00,0.00,0.0000,0.000000,0.000000
1786700277.254280,44.904367,1361,30.00,0.00,0.00,0.0000,0.000000,0.000000,0.00,0.00,0.0000,0.000000,0.000000
1786700277.291038,44.941125,1362,30.00,0.00,0.00,0.0000,0.000000,0.000000,0.00,0.00,0.0000,0.000000,0.000000
1786700277.340701,44.990789,1363,30.00,0.00,0.00,0.0000,0.000000,0.000000,0.00,0.00,0.0000,0.000000,0.000000
1786700277.361912,45.011999,1364,29.94,0.00,0.00,0.0000,0.000000,0.000000,0.00,0.00,0.0000,0.000000,0.000000
1786700277.385051,45.035138,1365,29.94,0.00,0.00,0.0000,0.000000,0.000000,0.00,0.00,0.0000,0.000000,0.000000
1786700277.433495,45.083582,1366,29.94,0.00,0.00,0.0000,0.000000,0.000000,0.00,0.00,0.0000,0.000000,0.000000
1786700277.464001,45.114089,1367,29.94,0.00,0.00,0.0000,0.000000,0.000000,0.00,0.00,0.0000,0.000000,0.000000
1786700277.487747,45.137834,1368,29.94,0.00,0.00,0.0000,0.000000,0.000000,0.00,0.00,0.0000,0.000000,0.000000
1786700277.523488,45.173575,1369,29.94,0.00,0.00,0.0000,0.000000,0.000000,0.00,0.00,0.0000,0.000000,0.000000
1786700277.578476,45.228564,1370,29.94,0.00,0.00,0.0000,0.000000,0.000000,0.00,0.00,0.0000,0.000000,0.000000
1786700277.581992,45.232080,1371,29.94,0.00,0.00,0.0000,0.000000,0.000000,0.00,0.00,0.0000,0.000000,0.000000
1786700277.637523,45.287610,1372,29.94,0.00,0.00,0.0000,0.000000,0.000000,0.00,0.00,0.0000,0.000000,0.000000
1786700277.663915,45.314002,1373,29.94,0.00,0.00,0.0000,0.000000,0.000000,0.00,0.00,0.0000,0.000000,0.000000
1786700277.695404,45.345492,1374,29.94,0.00,0.00,0.0000,0.000000,0.000000,0.00,0.00,0.0000,0.000000,0.000000
1786700277.728804,45.378892,1375,29.94,0.00,0.00,0.0000,0.000000,0.000000,0.00,0.00,0.0000,0.000000,0.000000
1786700277.768152,45.418239,1376,29.94,0.00,0.00,0.0000,0.000000,0.000000,0.00,0.00,0.0000,0.000000,0.000000
1786700277.795342,45.445429,1377,29.94,0.00,0.00,0.0000,0.000000,0.000000,0.00,0.00,0.0000,0.000000,0.000000
1786700277.832465,45.482552,1378,29.94,0.00,0.00,0.0000,0.000000,0.000000,0.00,0.00,0.0000,0.000000,0.000000
1786700277.864835,45.514922,1379,29.92,0.00,0.00,0.0000,0.000000,0.000000,0.00,0.00,0.0000,0.000000,0.000000
1786700277.891820,45.541908,1380,29.92,0.00,0.00,0.0000,0.000000,0.000000,0.00,0.00,0.0000,0.000000,0.000000
1786700277.922009,45.572096,1381,29.92,0.00,0.00,0.0000,0.000000,0.000000,0.00,0.00,0.0000,0.000000,0.000000
1786700277.959151,45.609238,1382,29.92,0.00,0.00,0.0000,0.000000,0.000000,0.00,0.00,0.0000,0.000000,0.000000
1786700277.989485,45.639572,1383,29.92,0.00,0.00,0.0000,0.000000,0.000000,0.00,0.00,0.0000,0.000000,0.000000
1786700278.031518,45.681605,1384,29.92,0.00,0.00,0.0000,0.000000,0.000000,0.00,0.00,0.0000,0.000000,0.000000
1786700278.068584,45.718672,1385,29.92,0.00,0.00,0.0000,0.000000,0.000000,0.00,0.00,0.0000,0.000000,0.000000
1786700278.086094,45.736182,1386,29.92,0.00,0.00,0.0000,0.000000,0.000000,0.00,0.00,0.0000,0.000000,0.000000
1786700278.121056,45.771143,1387,29.92,0.00,0.00,0.0000,0.000000,0.000000,0.00,0.00,0.0000,0.000000,0.000000
1786700278.158889,45.808977,1388,29.92,0.00,0.00,0.0000,0.000000,0.000000,0.00,0.00,0.0000,0.000000,0.000000
1786700278.188462,45.838549,1389,29.92,0.00,0.00,0.0000,0.000000,0.000000,0.00,0.00,0.0000,0.000000,0.000000
1786700278.222903,45.872991,1390,29.92,0.00,0.00,0.0000,0.000000,0.000000,0.00,0.00,0.0000,0.000000,0.000000
1786700278.254169,45.904257,1391,29.92,0.00,0.00,0.0000,0.000000,0.000000,0.00,0.00,0.0000,0.000000,0.000000
1786700278.292449,45.942536,1392,29.92,0.00,0.00,0.0000,0.000000,0.000000,0.00,0.00,0.0000,0.000000,0.000000
1786700278.319825,45.969913,1393,29.92,0.00,0.00,0.0000,0.000000,0.000000,0.00,0.00,0.0000,0.000000,0.000000
1786700278.349960,46.000047,1394,29.92,0.00,0.00,0.0000,0.000000,0.000000,0.00,0.00,0.0000,0.000000,0.000000
1786700278.396915,46.047002,1395,29.95,0.00,0.00,0.0000,0.000000,0.000000,0.00,0.00,0.0000,0.000000,0.000000
1786700278.431300,46.081388,1396,29.95,0.00,0.00,0.0000,0.000000,0.000000,0.00,0.00,0.0000,0.000000,0.000000
1786700278.456810,46.106897,1397,29.95,0.00,0.00,0.0000,0.000000,0.000000,0.00,0.00,0.0000,0.000000,0.000000
1786700278.490577,46.140664,1398,29.95,0.00,0.00,0.0000,0.000000,0.000000,0.00,0.00,0.0000,0.000000,0.000000
1786700278.525245,46.175333,1399,29.95,0.00,0.00,0.0000,0.000000,0.000000,0.00,0.00,0.0000,0.000000,0.000000
1786700278.554685,46.204772,1400,29.95,0.00,0.00,0.0000,0.000000,0.000000,0.00,0.00,0.0000,0.000000,0.000000
1786700278.587728,46.237815,1401,29.95,0.00,0.00,0.0000,0.000000,0.000000,0.00,0.00,0.0000,0.000000,0.000000
1786700278.625860,46.275948,1402,29.95,0.00,0.00,0.0000,0.000000,0.000000,0.00,0.00,0.0000,0.000000,0.000000
1786700278.660915,46.311002,1403,29.95,0.00,0.00,0.0000,0.000000,0.000000,0.00,0.00,0.0000,0.000000,0.000000
1786700278.695426,46.345513,1404,29.95,0.00,0.00,0.0000,0.000000,0.000000,0.00,0.00,0.0000,0.000000,0.000000
1786700278.723979,46.374067,1405,29.95,0.00,0.00,0.0000,0.000000,0.000000,0.00,0.00,0.0000,0.000000,0.000000
1786700278.763175,46.413262,1406,29.95,0.00,0.00,0.0000,0.000000,0.000000,0.00,0.00,0.0000,0.000000,0.000000
1786700278.794081,46.444169,1407,29.95,0.00,0.00,0.0000,0.000000,0.000000,0.00,0.00,0.0000,0.000000,0.000000
1786700278.846840,46.496927,1408,29.95,0.00,0.00,0.0000,0.000000,0.000000,0.00,0.00,0.0000,0.000000,0.000000
1786700278.870625,46.520712,1409,29.95,0.00,0.00,0.0000,0.000000,0.000000,0.00,0.00,0.0000,0.000000,0.000000
1786700278.885926,46.536013,1410,29.95,0.00,0.00,0.0000,0.000000,0.000000,0.00,0.00,0.0000,0.000000,0.000000
1786700278.919657,46.569744,1411,30.09,0.00,0.00,0.0000,0.000000,0.000000,0.00,0.00,0.0000,0.000000,0.000000
1786700278.978196,46.628283,1412,30.09,0.00,0.00,0.0000,0.000000,0.000000,0.00,0.00,0.0000,0.000000,0.000000
1786700278.995980,46.646068,1413,30.09,0.00,0.00,0.0000,0.000000,0.000000,0.00,0.00,0.0000,0.000000,0.000000
1786700279.019994,46.670081,1414,30.09,0.00,0.00,0.0000,0.000000,0.000000,0.00,0.00,0.0000,0.000000,0.000000
1786700279.065774,46.715861,1415,30.09,0.00,0.00,0.0000,0.000000,0.000000,0.00,0.00,0.0000,0.000000,0.000000
1786700279.094504,46.744591,1416,30.09,0.00,0.00,0.0000,0.000000,0.000000,0.00,0.00,0.0000,0.000000,0.000000
1786700279.125722,46.775810,1417,30.09,0.00,0.00,0.0000,0.000000,0.000000,0.00,0.00,0.0000,0.000000,0.000000
1786700279.173615,46.823702,1418,30.09,0.00,0.00,0.0000,0.000000,0.000000,0.00,0.00,0.0000,0.000000,0.000000
1786700279.188139,46.838226,1419,30.09,0.00,0.00,0.0000,0.000000,0.000000,0.00,0.00,0.0000,0.000000,0.000000
1786700279.220673,46.870760,1420,30.09,0.00,0.00,0.0000,0.000000,0.000000,0.00,0.00,0.0000,0.000000,0.000000
1786700279.256139,46.906226,1421,30.09,0.00,0.00,0.0000,0.000000,0.000000,0.00,0.00,0.0000,0.000000,0.000000
1786700279.306654,46.956741,1422,30.09,0.00,0.00,0.0000,0.000000,0.000000,0.00,0.00,0.0000,0.000000,0.000000
1786700279.320167,46.970254,1423,30.09,0.00,0.00,0.0000,0.000000,0.000000,0.00,0.00,0.0000,0.000000,0.000000
1786700279.357170,47.007257,1424,30.09,0.00,0.00,0.0000,0.000000,0.000000,0.00,0.00,0.0000,0.000000,0.000000
1786700279.400379,47.050466,1425,30.09,0.00,0.00,0.0000,0.000000,0.000000,0.00,0.00,0.0000,0.000000,0.000000
1786700279.421306,47.071394,1426,30.03,0.00,0.00,0.0000,0.000000,0.000000,0.00,0.00,0.0000,0.000000,0.000000
1786700279.457541,47.107628,1427,30.03,0.00,0.00,0.0000,0.000000,0.000000,0.00,0.00,0.0000,0.000000,0.000000
1786700279.492584,47.142672,1428,30.03,0.00,0.00,0.0000,0.000000,0.000000,0.00,0.00,0.0000,0.000000,0.000000
1786700279.527252,47.177340,1429,30.03,0.00,0.00,0.0000,0.000000,0.000000,0.00,0.00,0.0000,0.000000,0.000000
1786700279.567799,47.217887,1430,30.03,0.00,0.00,0.0000,0.000000,0.000000,0.00,0.00,0.0000,0.000000,0.000000
1786700279.584309,47.234396,1431,30.03,0.00,0.00,0.0000,0.000000,0.000000,0.00,0.00,0.0000,0.000000,0.000000
1786700279.619403,47.269490,1432,30.03,0.00,0.00,0.0000,0.000000,0.000000,0.00,0.00,0.0000,0.000000,0.000000
1786700279.661699,47.311786,1433,30.03,0.00,0.00,0.0000,0.000000,0.000000,0.00,0.00,0.0000,0.000000,0.000000
1786700279.685157,47.335244,1434,30.03,0.00,0.00,0.0000,0.000000,0.000000,0.00,0.00,0.0000,0.000000,0.000000
1786700279.730629,47.380717,1435,30.03,0.00,0.00,0.0000,0.000000,0.000000,0.00,0.00,0.0000,0.000000,0.000000
1786700279.763512,47.413599,1436,30.03,0.00,0.00,0.0000,0.000000,0.000000,0.00,0.00,0.0000,0.000000,0.000000
1786700279.789851,47.439939,1437,30.03,0.00,0.00,0.0000,0.000000,0.000000,0.00,0.00,0.0000,0.000000,0.000000
1786700279.839439,47.489527,1438,30.03,0.00,0.00,0.0000,0.000000,0.000000,0.00,0.00,0.0000,0.000000,0.000000
1786700279.870843,47.520930,1439,30.03,0.00,0.00,0.0000,0.000000,0.000000,0.00,0.00,0.0000,0.000000,0.000000
1786700279.892145,47.542232,1440,30.03,0.00,0.00,0.0000,0.000000,0.000000,0.00,0.00,0.0000,0.000000,0.000000
1786700279.934611,47.584698,1441,29.87,0.00,0.00,0.0000,0.000000,0.000000,0.00,0.00,0.0000,0.000000,0.000000
1786700279.949123,47.599210,1442,29.87,0.00,0.00,0.0000,0.000000,0.000000,0.00,0.00,0.0000,0.000000,0.000000
1786700279.999590,47.649677,1443,29.87,0.00,0.00,0.0000,0.000000,0.000000,0.00,0.00,0.0000,0.000000,0.000000
1786700280.022156,47.672244,1444,29.87,0.00,0.00,0.0000,0.000000,0.000000,0.00,0.00,0.0000,0.000000,0.000000
1786700280.053032,47.703119,1445,29.87,0.00,0.00,0.0000,0.000000,0.000000,0.00,0.00,0.0000,0.000000,0.000000
1786700280.080938,47.731025,1446,29.87,0.00,0.00,0.0000,0.000000,0.000000,0.00,0.00,0.0000,0.000000,0.000000
1786700280.134174,47.784261,1447,29.87,0.00,0.00,0.0000,0.000000,0.000000,0.00,0.00,0.0000,0.000000,0.000000
1786700280.154883,47.804971,1448,29.87,0.00,0.00,0.0000,0.000000,0.000000,0.00,0.00,0.0000,0.000000,0.000000
1786700280.184577,47.834664,1449,29.87,0.00,0.00,0.0000,0.000000,0.000000,0.00,0.00,0.0000,0.000000,0.000000
1786700280.227470,47.877558,1450,29.87,0.00,0.00,0.0000,0.000000,0.000000,0.00,0.00,0.0000,0.000000,0.000000
1786700280.266429,47.916516,1451,29.87,0.00,0.00,0.0000,0.000000,0.000000,0.00,0.00,0.0000,0.000000,0.000000
1786700280.296170,47.946258,1452,29.87,0.00,0.00,0.0000,0.000000,0.000000,0.00,0.00,0.0000,0.000000,0.000000
1786700280.316062,47.966150,1453,29.87,0.00,0.00,0.0000,0.000000,0.000000,0.00,0.00,0.0000,0.000000,0.000000
1786700280.365054,48.015142,1454,29.87,0.00,0.00,0.0000,0.000000,0.000000,0.00,0.00,0.0000,0.000000,0.000000
1786700280.399670,48.049757,1455,29.87,0.00,0.00,0.0000,0.000000,0.000000,0.00,0.00,0.0000,0.000000,0.000000
1786700280.418260,48.068348,1456,29.87,0.00,0.00,0.0000,0.000000,0.000000,0.00,0.00,0.0000,0.000000,0.000000
1786700280.454363,48.104450,1457,30.07,0.00,0.00,0.0000,0.000000,0.000000,0.00,0.00,0.0000,0.000000,0.000000
1786700280.496784,48.146872,1458,30.07,0.00,0.00,0.0000,0.000000,0.000000,0.00,0.00,0.0000,0.000000,0.000000
1786700280.526381,48.176468,1459,30.07,0.00,0.00,0.0000,0.000000,0.000000,0.00,0.00,0.0000,0.000000,0.000000
1786700280.555636,48.205724,1460,30.07,0.00,0.00,0.0000,0.000000,0.000000,0.00,0.00,0.0000,0.000000,0.000000
1786700280.587321,48.237408,1461,30.07,0.00,0.00,0.0000,0.000000,0.000000,0.00,0.00,0.0000,0.000000,0.000000
1786700280.634415,48.284502,1462,30.07,0.00,0.00,0.0000,0.000000,0.000000,0.00,0.00,0.0000,0.000000,0.000000
1786700280.654217,48.304304,1463,30.07,0.00,0.00,0.0000,0.000000,0.000000,0.00,0.00,0.0000,0.000000,0.000000
1786700280.689278,48.339365,1464,30.07,0.00,0.00,0.0000,0.000000,0.000000,0.00,0.00,0.0000,0.000000,0.000000
1786700280.727136,48.377223,1465,30.07,0.00,0.00,0.0000,0.000000,0.000000,0.00,0.00,0.0000,0.000000,0.000000
1786700280.756082,48.406169,1466,30.07,0.00,0.00,0.0000,0.000000,0.000000,0.00,0.00,0.0000,0.000000,0.000000
1786700280.815351,48.465438,1467,30.07,0.00,0.00,0.0000,0.000000,0.000000,0.00,0.00,0.0000,0.000000,0.000000
1786700280.829902,48.479990,1468,30.07,0.00,0.00,0.0000,0.000000,0.000000,0.00,0.00,0.0000,0.000000,0.000000
1786700280.859076,48.509164,1469,30.07,0.00,0.00,0.0000,0.000000,0.000000,0.00,0.00,0.0000,0.000000,0.000000
1786700280.895565,48.545652,1470,30.07,0.00,0.00,0.0000,0.000000,0.000000,0.00,0.00,0.0000,0.000000,0.000000
1786700280.936834,48.586921,1471,30.07,0.00,0.00,0.0000,0.000000,0.000000,0.00,0.00,0.0000,0.000000,0.000000
1786700280.962410,48.612498,1472,29.94,0.00,0.00,0.0000,0.000000,0.000000,0.00,0.00,0.0000,0.000000,0.000000
1786700280.987946,48.638033,1473,29.94,0.00,0.00,0.0000,0.000000,0.000000,0.00,0.00,0.0000,0.000000,0.000000
1786700281.029095,48.679183,1474,29.94,0.00,0.00,0.0000,0.000000,0.000000,0.00,0.00,0.0000,0.000000,0.000000
1786700281.063756,48.713843,1475,29.94,0.00,0.00,0.0000,0.000000,0.000000,0.00,0.00,0.0000,0.000000,0.000000
1786700281.088567,48.738654,1476,29.94,0.00,0.00,0.0000,0.000000,0.000000,0.00,0.00,0.0000,0.000000,0.000000
1786700281.129955,48.780042,1477,29.94,0.00,0.00,0.0000,0.000000,0.000000,0.00,0.00,0.0000,0.000000,0.000000
1786700281.161117,48.811204,1478,29.94,0.00,0.00,0.0000,0.000000,0.000000,0.00,0.00,0.0000,0.000000,0.000000
1786700281.186641,48.836728,1479,29.94,0.00,0.00,0.0000,0.000000,0.000000,0.00,0.00,0.0000,0.000000,0.000000
1786700281.223525,48.873613,1480,29.94,0.00,0.00,0.0000,0.000000,0.000000,0.00,0.00,0.0000,0.000000,0.000000
1786700281.253637,48.903724,1481,29.94,0.00,0.00,0.0000,0.000000,0.000000,0.00,0.00,0.0000,0.000000,0.000000
1786700281.285826,48.935914,1482,29.94,0.00,0.00,0.0000,0.000000,0.000000,0.00,0.00,0.0000,0.000000,0.000000
1786700281.325876,48.975963,1483,29.94,0.00,0.00,0.0000,0.000000,0.000000,0.00,0.00,0.0000,0.000000,0.000000
1786700281.357848,49.007936,1484,29.94,0.00,0.00,0.0000,0.000000,0.000000,0.00,0.00,0.0000,0.000000,0.000000
1786700281.440091,49.090178,1485,29.94,0.00,0.00,0.0000,0.000000,0.000000,0.00,0.00,0.0000,0.000000,0.000000
1786700281.458253,49.108340,1487,29.94,0.00,0.00,0.0000,0.000000,0.000000,0.00,0.00,0.0000,0.000000,0.000000
1786700281.485687,49.135775,1488,29.70,0.00,0.00,0.0000,0.000000,0.000000,0.00,0.00,0.0000,0.000000,0.000000
1786700281.529978,49.180065,1489,29.70,0.00,0.00,0.0000,0.000000,0.000000,0.00,0.00,0.0000,0.000000,0.000000
1786700281.557462,49.207549,1490,29.70,0.00,0.00,0.0000,0.000000,0.000000,0.00,0.00,0.0000,0.000000,0.000000
1786700281.611188,49.261276,1491,29.70,0.00,0.00,0.0000,0.000000,0.000000,0.00,0.00,0.0000,0.000000,0.000000
1786700281.625699,49.275786,1492,29.70,0.00,0.00,0.0000,0.000000,0.000000,0.00,0.00,0.0000,0.000000,0.000000
1786700281.649524,49.299612,1493,29.70,0.00,0.00,0.0000,0.000000,0.000000,0.00,0.00,0.0000,0.000000,0.000000
1786700281.689678,49.339765,1494,29.70,0.00,0.00,0.0000,0.000000,0.000000,0.00,0.00,0.0000,0.000000,0.000000
1786700281.726107,49.376195,1495,29.70,0.00,0.00,0.0000,0.000000,0.000000,0.00,0.00,0.0000,0.000000,0.000000
1786700281.773835,49.423923,1496,29.70,0.00,0.00,0.0000,0.000000,0.000000,0.00,0.00,0.0000,0.000000,0.000000
1786700281.800107,49.450195,1497,29.70,0.00,0.00,0.0000,0.000000,0.000000,0.00,0.00,0.0000,0.000000,0.000000
1786700281.825674,49.475762,1498,29.70,0.00,0.00,0.0000,0.000000,0.000000,0.00,0.00,0.0000,0.000000,0.000000
1786700281.855191,49.505279,1499,29.70,0.00,0.00,0.0000,0.000000,0.000000,0.00,0.00,0.0000,0.000000,0.000000
1786700281.899832,49.549920,1500,29.70,0.00,0.00,0.0000,0.000000,0.000000,0.00,0.00,0.0000,0.000000,0.000000
1786700281.937595,49.587682,1501,29.70,0.00,0.00,0.0000,0.000000,0.000000,0.00,0.00,0.0000,0.000000,0.000000
1786700281.953058,49.603145,1502,29.70,0.00,0.00,0.0000,0.000000,0.000000,0.00,0.00,0.0000,0.000000,0.000000
1786700281.981212,49.631299,1503,29.70,0.00,0.00,0.0000,0.000000,0.000000,0.00,0.00,0.0000,0.000000,0.000000
1786700282.019689,49.669776,1504,29.76,0.00,0.00,0.0000,0.000000,0.000000,0.00,0.00,0.0000,0.000000,0.000000
1786700282.051261,49.701348,1505,29.76,0.00,0.00,0.0000,0.000000,0.000000,0.00,0.00,0.0000,0.000000,0.000000
1786700282.085359,49.735446,1506,29.76,0.00,0.00,0.0000,0.000000,0.000000,0.00,0.00,0.0000,0.000000,0.000000
1786700282.128601,49.778689,1507,29.76,0.00,0.00,0.0000,0.000000,0.000000,0.00,0.00,0.0000,0.000000,0.000000
1786700282.152376,49.802464,1508,29.76,0.00,0.00,0.0000,0.000000,0.000000,0.00,0.00,0.0000,0.000000,0.000000
1786700282.189345,49.839433,1509,29.76,0.00,0.00,0.0000,0.000000,0.000000,0.00,0.00,0.0000,0.000000,0.000000
1786700282.220026,49.870113,1510,29.76,0.00,0.00,0.0000,0.000000,0.000000,0.00,0.00,0.0000,0.000000,0.000000
1786700282.254316,49.904403,1511,29.76,0.00,0.00,0.0000,0.000000,0.000000,0.00,0.00,0.0000,0.000000,0.000000
1786700282.281644,49.931732,1512,29.76,0.00,0.00,0.0000,0.000000,0.000000,0.00,0.00,0.0000,0.000000,0.000000
1786700282.322862,49.972949,1513,29.76,0.00,0.00,0.0000,0.000000,0.000000,0.00,0.00,0.0000,0.000000,0.000000
1786700282.357165,50.007252,1514,29.76,0.00,0.00,0.0000,0.000000,0.000000,0.00,0.00,0.0000,0.000000,0.000000
1786700282.389425,50.039512,1515,29.76,0.00,0.00,0.0000,0.000000,0.000000,0.00,0.00,0.0000,0.000000,0.000000
1786700282.421208,50.071296,1516,29.76,0.00,0.00,0.0000,0.000000,0.000000,0.00,0.00,0.0000,0.000000,0.000000
1786700282.460011,50.110098,1517,29.76,0.00,0.00,0.0000,0.000000,0.000000,0.00,0.00,0.0000,0.000000,0.000000
1786700282.499929,50.150017,1518,29.76,0.00,0.00,0.0000,0.000000,0.000000,0.00,0.00,0.0000,0.000000,0.000000
1786700282.527138,50.177225,1519,29.72,0.00,0.00,0.0000,0.000000,0.000000,0.00,0.00,0.0000,0.000000,0.000000
1786700282.562498,50.212585,1520,29.72,0.00,0.00,0.0000,0.000000,0.000000,0.00,0.00,0.0000,0.000000,0.000000
1786700282.593542,50.243629,1521,29.72,0.00,0.00,0.0000,0.000000,0.000000,0.00,0.00,0.0000,0.000000,0.000000
1786700282.623569,50.273657,1522,29.72,0.00,0.00,0.0000,0.000000,0.000000,0.00,0.00,0.0000,0.000000,0.000000
1786700282.656274,50.306361,1523,29.72,0.00,0.00,0.0000,0.000000,0.000000,0.00,0.00,0.0000,0.000000,0.000000
1786700282.692986,50.343073,1524,29.72,0.00,0.00,0.0000,0.000000,0.000000,0.00,0.00,0.0000,0.000000,0.000000
1786700282.724500,50.374587,1525,29.72,0.00,0.00,0.0000,0.000000,0.000000,0.00,0.00,0.0000,0.000000,0.000000
1786700282.765781,50.415869,1526,29.72,0.00,0.00,0.0000,0.000000,0.000000,0.00,0.00,0.0000,0.000000,0.000000
1786700282.788869,50.438956,1527,29.72,0.00,0.00,0.0000,0.000000,0.000000,0.00,0.00,0.0000,0.000000,0.000000
1786700282.826911,50.476999,1528,29.72,0.00,0.00,0.0000,0.000000,0.000000,0.00,0.00,0.0000,0.000000,0.000000
1786700282.881765,50.531853,1529,29.72,0.00,0.00,0.0000,0.000000,0.000000,0.00,0.00,0.0000,0.000000,0.000000
1786700282.902752,50.552839,1530,29.72,0.00,0.00,0.0000,0.000000,0.000000,0.00,0.00,0.0000,0.000000,0.000000
1786700282.932683,50.582770,1531,29.72,0.00,0.00,0.0000,0.000000,0.000000,0.00,0.00,0.0000,0.000000,0.000000
1786700282.951809,50.601896,1532,29.72,0.00,0.00,0.0000,0.000000,0.000000,0.00,0.00,0.0000,0.000000,0.000000
1786700282.990419,50.640506,1533,29.72,0.00,0.00,0.0000,0.000000,0.000000,0.00,0.00,0.0000,0.000000,0.000000
1786700283.027420,50.677507,1534,29.75,0.00,0.00,0.0000,0.000000,0.000000,0.00,0.00,0.0000,0.000000,0.000000
1786700283.069478,50.719565,1535,29.75,0.00,0.00,0.0000,0.000000,0.000000,0.00,0.00,0.0000,0.000000,0.000000
1786700283.096457,50.746544,1536,29.75,0.00,0.00,0.0000,0.000000,0.000000,0.00,0.00,0.0000,0.000000,0.000000
1786700283.127187,50.777274,1537,29.75,0.00,0.00,0.0000,0.000000,0.000000,0.00,0.00,0.0000,0.000000,0.000000
1786700283.169173,50.819260,1538,29.75,0.00,0.00,0.0000,0.000000,0.000000,0.00,0.00,0.0000,0.000000,0.000000
1786700283.200668,50.850755,1539,29.75,0.00,0.00,0.0000,0.000000,0.000000,0.00,0.00,0.0000,0.000000,0.000000
1786700283.227646,50.877734,1540,29.75,0.00,0.00,0.0000,0.000000,0.000000,0.00,0.00,0.0000,0.000000,0.000000
1786700283.263326,50.913413,1541,29.75,0.00,0.00,0.0000,0.000000,0.000000,0.00,0.00,0.0000,0.000000,0.000000
1786700283.286954,50.937042,1542,29.75,0.00,0.00,0.0000,0.000000,0.000000,0.00,0.00,0.0000,0.000000,0.000000
1786700283.341279,50.991366,1543,29.75,0.00,0.00,0.0000,0.000000,0.000000,0.00,0.00,0.0000,0.000000,0.000000
1786700283.364995,51.015082,1544,29.75,0.00,0.00,0.0000,0.000000,0.000000,0.00,0.00,0.0000,0.000000,0.000000
1786700283.386511,51.036598,1545,29.75,0.00,0.00,0.0000,0.000000,0.000000,0.00,0.00,0.0000,0.000000,0.000000
1786700283.417300,51.067387,1546,29.75,0.00,0.00,0.0000,0.000000,0.000000,0.00,0.00,0.0000,0.000000,0.000000
1786700283.471783,51.121871,1547,29.75,0.00,0.00,0.0000,0.000000,0.000000,0.00,0.00,0.0000,0.000000,0.000000
1786700283.485690,51.135777,1548,29.75,0.00,0.00,0.0000,0.000000,0.000000,0.00,0.00,0.0000,0.000000,0.000000
1786700283.523217,51.173304,1549,29.75,0.00,0.00,0.0000,0.000000,0.000000,0.00,0.00,0.0000,0.000000,0.000000
1786700283.562793,51.212881,1550,29.79,0.00,0.00,0.0000,0.000000,0.000000,0.00,0.00,0.0000,0.000000,0.000000
1786700283.591301,51.241388,1551,29.79,0.00,0.00,0.0000,0.000000,0.000000,0.00,0.00,0.0000,0.000000,0.000000
1786700283.621457,51.271545,1552,29.79,0.00,0.00,0.0000,0.000000,0.000000,0.00,0.00,0.0000,0.000000,0.000000
1786700283.658519,51.308607,1553,29.79,0.00,0.00,0.0000,0.000000,0.000000,0.00,0.00,0.0000,0.000000,0.000000
1786700283.686569,51.336656,1554,29.79,0.00,0.00,0.0000,0.000000,0.000000,0.00,0.00,0.0000,0.000000,0.000000
1786700283.740228,51.390316,1555,29.79,0.00,0.00,0.0000,0.000000,0.000000,0.00,0.00,0.0000,0.000000,0.000000
1786700283.770091,51.420178,1556,29.79,0.00,0.00,0.0000,0.000000,0.000000,0.00,0.00,0.0000,0.000000,0.000000
1786700283.795701,51.445788,1557,29.79,0.00,0.00,0.0000,0.000000,0.000000,0.00,0.00,0.0000,0.000000,0.000000
1786700283.832712,51.482800,1558,29.79,0.00,0.00,0.0000,0.000000,0.000000,0.00,0.00,0.0000,0.000000,0.000000
1786700283.863506,51.513593,1559,29.79,0.00,0.00,0.0000,0.000000,0.000000,0.00,0.00,0.0000,0.000000,0.000000
1786700283.893514,51.543601,1560,29.79,0.00,0.00,0.0000,0.000000,0.000000,0.00,0.00,0.0000,0.000000,0.000000
1786700283.931136,51.581223,1561,29.79,0.00,0.00,0.0000,0.000000,0.000000,0.00,0.00,0.0000,0.000000,0.000000
1786700283.989026,51.639113,1562,29.79,0.00,0.00,0.0000,0.000000,0.000000,0.00,0.00,0.0000,0.000000,0.000000
1786700284.010131,51.660219,1563,29.79,0.00,0.00,0.0000,0.000000,0.000000,0.00,0.00,0.0000,0.000000,0.000000
1786700284.030176,51.680263,1564,29.79,0.00,0.00,0.0000,0.000000,0.000000,0.00,0.00,0.0000,0.000000,0.000000
1786700284.058715,51.708803,1565,29.79,0.00,0.00,0.0000,0.000000,0.000000,0.00,0.00,0.0000,0.000000,0.000000
1786700284.097064,51.747152,1566,29.83,0.00,0.00,0.0000,0.000000,0.000000,0.00,0.00,0.0000,0.000000,0.000000
1786700284.131209,51.781296,1567,29.83,0.00,0.00,0.0000,0.000000,0.000000,0.00,0.00,0.0000,0.000000,0.000000
1786700284.158723,51.808810,1568,29.83,0.00,0.00,0.0000,0.000000,0.000000,0.00,0.00,0.0000,0.000000,0.000000
1786700284.192957,51.843045,1569,29.83,0.00,0.00,0.0000,0.000000,0.000000,0.00,0.00,0.0000,0.000000,0.000000
1786700284.238412,51.888500,1570,29.83,0.00,0.00,0.0000,0.000000,0.000000,0.00,0.00,0.0000,0.000000,0.000000
1786700284.260464,51.910551,1571,29.83,0.00,0.00,0.0000,0.000000,0.000000,0.00,0.00,0.0000,0.000000,0.000000
1786700284.296883,51.946970,1572,29.83,0.00,0.00,0.0000,0.000000,0.000000,0.00,0.00,0.0000,0.000000,0.000000
1786700284.321719,51.971807,1573,29.83,0.00,0.00,0.0000,0.000000,0.000000,0.00,0.00,0.0000,0.000000,0.000000
1786700284.355792,52.005879,1574,29.83,0.00,0.00,0.0000,0.000000,0.000000,0.00,0.00,0.0000,0.000000,0.000000
1786700284.397758,52.047846,1575,29.83,0.00,0.00,0.0000,0.000000,0.000000,0.00,0.00,0.0000,0.000000,0.000000
1786700284.424022,52.074109,1576,29.83,0.00,0.00,0.0000,0.000000,0.000000,0.00,0.00,0.0000,0.000000,0.000000
1786700284.456220,52.106308,1577,29.83,0.00,0.00,0.0000,0.000000,0.000000,0.00,0.00,0.0000,0.000000,0.000000
1786700284.487911,52.137998,1578,29.83,0.00,0.00,0.0000,0.000000,0.000000,0.00,0.00,0.0000,0.000000,0.000000
1786700284.530536,52.180624,1579,29.83,0.00,0.00,0.0000,0.000000,0.000000,0.00,0.00,0.0000,0.000000,0.000000
1786700284.552082,52.202169,1580,29.83,0.00,0.00,0.0000,0.000000,0.000000,0.00,0.00,0.0000,0.000000,0.000000
1786700284.593816,52.243903,1581,29.83,0.00,0.00,0.0000,0.000000,0.000000,0.00,0.00,0.0000,0.000000,0.000000
1786700284.626396,52.276483,1582,29.91,0.00,0.00,0.0000,0.000000,0.000000,0.00,0.00,0.0000,0.000000,0.000000
1786700284.654780,52.304868,1583,29.91,0.00,0.00,0.0000,0.000000,0.000000,0.00,0.00,0.0000,0.000000,0.000000
1786700284.688371,52.338459,1584,29.91,0.00,0.00,0.0000,0.000000,0.000000,0.00,0.00,0.0000,0.000000,0.000000
1786700284.722769,52.372857,1585,29.91,0.00,0.00,0.0000,0.000000,0.000000,0.00,0.00,0.0000,0.000000,0.000000
1786700284.753973,52.404061,1586,29.91,0.00,0.00,0.0000,0.000000,0.000000,0.00,0.00,0.0000,0.000000,0.000000
1786700284.792421,52.442508,1587,29.91,0.00,0.00,0.0000,0.000000,0.000000,0.00,0.00,0.0000,0.000000,0.000000
1786700284.821252,52.471339,1588,29.91,0.00,0.00,0.0000,0.000000,0.000000,0.00,0.00,0.0000,0.000000,0.000000
1786700284.860425,52.510513,1589,29.91,0.00,0.00,0.0000,0.000000,0.000000,0.00,0.00,0.0000,0.000000,0.000000
1786700284.894575,52.544662,1590,29.91,0.00,0.00,0.0000,0.000000,0.000000,0.00,0.00,0.0000,0.000000,0.000000
1786700284.923763,52.573850,1591,29.91,0.00,0.00,0.0000,0.000000,0.000000,0.00,0.00,0.0000,0.000000,0.000000
1786700284.961844,52.611932,1592,29.91,0.00,0.00,0.0000,0.000000,0.000000,0.00,0.00,0.0000,0.000000,0.000000
1786700284.991689,52.641776,1593,29.91,0.00,0.00,0.0000,0.000000,0.000000,0.00,0.00,0.0000,0.000000,0.000000
1786700285.028265,52.678353,1594,29.91,0.00,0.00,0.0000,0.000000,0.000000,0.00,0.00,0.0000,0.000000,0.000000
1786700285.054848,52.704936,1595,29.91,0.00,0.00,0.0000,0.000000,0.000000,0.00,0.00,0.0000,0.000000,0.000000
1786700285.087866,52.737954,1596,29.91,0.00,0.00,0.0000,0.000000,0.000000,0.00,0.00,0.0000,0.000000,0.000000
1786700285.132246,52.782333,1597,29.84,0.00,0.00,0.0000,0.000000,0.000000,0.00,0.00,0.0000,0.000000,0.000000
1786700285.167846,52.817934,1598,29.84,0.00,0.00,0.0000,0.000000,0.000000,0.00,0.00,0.0000,0.000000,0.000000
1786700285.191354,52.841441,1599,29.84,0.00,0.00,0.0000,0.000000,0.000000,0.00,0.00,0.0000,0.000000,0.000000
1786700285.259382,52.909469,1601,29.84,0.00,0.00,0.0000,0.000000,0.000000,0.00,0.00,0.0000,0.000000,0.000000
1786700285.293092,52.943179,1602,29.84,0.00,0.00,0.0000,0.000000,0.000000,0.00,0.00,0.0000,0.000000,0.000000
1786700285.319580,52.969668,1603,29.84,0.00,0.00,0.0000,0.000000,0.000000,0.00,0.00,0.0000,0.000000,0.000000
1786700285.362401,53.012489,1604,29.84,0.00,0.00,0.0000,0.000000,0.000000,0.00,0.00,0.0000,0.000000,0.000000
1786700285.385081,53.035168,1605,29.84,0.00,0.00,0.0000,0.000000,0.000000,0.00,0.00,0.0000,0.000000,0.000000
1786700285.424164,53.074251,1606,29.84,0.00,0.00,0.0000,0.000000,0.000000,0.00,0.00,0.0000,0.000000,0.000000
1786700285.453385,53.103472,1607,29.84,0.00,0.00,0.0000,0.000000,0.000000,0.00,0.00,0.0000,0.000000,0.000000
1786700285.488482,53.138569,1608,29.84,0.00,0.00,0.0000,0.000000,0.000000,0.00,0.00,0.0000,0.000000,0.000000
1786700285.521216,53.171303,1609,29.84,0.00,0.00,0.0000,0.000000,0.000000,0.00,0.00,0.0000,0.000000,0.000000
1786700285.563324,53.213412,1610,29.84,0.00,0.00,0.0000,0.000000,0.000000,0.00,0.00,0.0000,0.000000,0.000000
1786700285.588151,53.238239,1611,29.84,0.00,0.00,0.0000,0.000000,0.000000,0.00,0.00,0.0000,0.000000,0.000000
1786700285.628380,53.278468,1612,29.84,0.00,0.00,0.0000,0.000000,0.000000,0.00,0.00,0.0000,0.000000,0.000000
1786700285.656163,53.306250,1613,29.60,0.00,0.00,0.0000,0.000000,0.000000,0.00,0.00,0.0000,0.000000,0.000000
1786700285.689121,53.339208,1614,29.60,0.00,0.00,0.0000,0.000000,0.000000,0.00,0.00,0.0000,0.000000,0.000000
1786700285.724948,53.375035,1615,29.60,0.00,0.00,0.0000,0.000000,0.000000,0.00,0.00,0.0000,0.000000,0.000000
1786700285.756043,53.406130,1616,29.60,0.00,0.00,0.0000,0.000000,0.000000,0.00,0.00,0.0000,0.000000,0.000000
1786700285.792542,53.442630,1617,29.60,0.00,0.00,0.0000,0.000000,0.000000,0.00,0.00,0.0000,0.000000,0.000000
1786700285.831407,53.481494,1618,29.60,0.00,0.00,0.0000,0.000000,0.000000,0.00,0.00,0.0000,0.000000,0.000000
1786700285.857673,53.507760,1619,29.60,0.00,0.00,0.0000,0.000000,0.000000,0.00,0.00,0.0000,0.000000,0.000000
1786700285.894351,53.544438,1620,29.60,0.00,0.00,0.0000,0.000000,0.000000,0.00,0.00,0.0000,0.000000,0.000000
1786700285.927625,53.577713,1621,29.60,0.00,0.00,0.0000,0.000000,0.000000,0.00,0.00,0.0000,0.000000,0.000000
1786700285.955567,53.605655,1622,29.60,0.00,0.00,0.0000,0.000000,0.000000,0.00,0.00,0.0000,0.000000,0.000000
1786700285.994155,53.644242,1623,29.60,0.00,0.00,0.0000,0.000000,0.000000,0.00,0.00,0.0000,0.000000,0.000000
1786700286.034718,53.684805,1624,29.60,0.00,0.00,0.0000,0.000000,0.000000,0.00,0.00,0.0000,0.000000,0.000000
1786700286.050231,53.700318,1625,29.60,0.00,0.00,0.0000,0.000000,0.000000,0.00,0.00,0.0000,0.000000,0.000000
1786700286.082883,53.732970,1626,29.60,0.00,0.00,0.0000,0.000000,0.000000,0.00,0.00,0.0000,0.000000,0.000000
1786700286.118809,53.768896,1627,29.60,0.00,0.00,0.0000,0.000000,0.000000,0.00,0.00,0.0000,0.000000,0.000000
1786700286.151218,53.801306,1628,29.60,0.00,0.00,0.0000,0.000000,0.000000,0.00,0.00,0.0000,0.000000,0.000000
1786700286.185791,53.835879,1629,29.72,0.00,0.00,0.0000,0.000000,0.000000,0.00,0.00,0.0000,0.000000,0.000000
1786700286.218258,53.868345,1630,29.72,0.00,0.00,0.0000,0.000000,0.000000,0.00,0.00,0.0000,0.000000,0.000000
1786700286.254570,53.904658,1631,29.72,0.00,0.00,0.0000,0.000000,0.000000,0.00,0.00,0.0000,0.000000,0.000000
1786700286.280393,53.930480,1632,29.72,0.00,0.00,0.0000,0.000000,0.000000,0.00,0.00,0.0000,0.000000,0.000000
1786700286.317647,53.967734,1633,29.72,0.00,0.00,0.0000,0.000000,0.000000,0.00,0.00,0.0000,0.000000,0.000000
1786700286.351130,54.001217,1634,29.72,0.00,0.00,0.0000,0.000000,0.000000,0.00,0.00,0.0000,0.000000,0.000000
1786700286.385444,54.035532,1635,29.72,0.00,0.00,0.0000,0.000000,0.000000,0.00,0.00,0.0000,0.000000,0.000000
1786700286.421939,54.072026,1636,29.72,0.00,0.00,0.0000,0.000000,0.000000,0.00,0.00,0.0000,0.000000,0.000000
1786700286.466493,54.116580,1637,29.72,0.00,0.00,0.0000,0.000000,0.000000,0.00,0.00,0.0000,0.000000,0.000000
1786700286.488041,54.138128,1638,29.72,0.00,0.00,0.0000,0.000000,0.000000,0.00,0.00,0.0000,0.000000,0.000000
1786700286.534852,54.184940,1639,29.72,0.00,0.00,0.0000,0.000000,0.000000,0.00,0.00,0.0000,0.000000,0.000000
1786700286.577403,54.227490,1640,29.72,0.00,0.00,0.0000,0.000000,0.000000,0.00,0.00,0.0000,0.000000,0.000000
1786700286.599921,54.250008,1641,29.72,0.00,0.00,0.0000,0.000000,0.000000,0.00,0.00,0.0000,0.000000,0.000000
1786700286.628608,54.278695,1642,29.72,0.00,0.00,0.0000,0.000000,0.000000,0.00,0.00,0.0000,0.000000,0.000000
1786700286.657025,54.307112,1643,29.72,0.00,0.00,0.0000,0.000000,0.000000,0.00,0.00,0.0000,0.000000,0.000000
1786700286.689501,54.339588,1644,29.74,0.00,0.00,0.0000,0.000000,0.000000,0.00,0.00,0.0000,0.000000,0.000000
1786700286.729902,54.379990,1645,29.74,0.00,0.00,0.0000,0.000000,0.000000,0.00,0.00,0.0000,0.000000,0.000000
1786700286.758461,54.408548,1646,29.74,0.00,0.00,0.0000,0.000000,0.000000,0.00,0.00,0.0000,0.000000,0.000000
1786700286.803069,54.453157,1647,29.74,0.00,0.00,0.0000,0.000000,0.000000,0.00,0.00,0.0000,0.000000,0.000000
1786700286.823087,54.473175,1648,29.74,0.00,0.00,0.0000,0.000000,0.000000,0.00,0.00,0.0000,0.000000,0.000000
1786700286.854162,54.504249,1649,29.74,0.00,0.00,0.0000,0.000000,0.000000,0.00,0.00,0.0000,0.000000,0.000000
1786700286.893755,54.543843,1650,29.74,0.00,0.00,0.0000,0.000000,0.000000,0.00,0.00,0.0000,0.000000,0.000000
1786700286.922438,54.572526,1651,29.74,0.00,0.00,0.0000,0.000000,0.000000,0.00,0.00,0.0000,0.000000,0.000000
1786700286.961532,54.611619,1652,29.74,0.00,0.00,0.0000,0.000000,0.000000,0.00,0.00,0.0000,0.000000,0.000000
1786700286.990914,54.641001,1653,29.74,0.00,0.00,0.0000,0.000000,0.000000,0.00,0.00,0.0000,0.000000,0.000000
1786700287.027714,54.677801,1654,29.74,0.00,0.00,0.0000,0.000000,0.000000,0.00,0.00,0.0000,0.000000,0.000000
1786700287.062627,54.712714,1655,29.74,0.00,0.00,0.0000,0.000000,0.000000,0.00,0.00,0.0000,0.000000,0.000000
1786700287.089567,54.739654,1656,29.74,0.00,0.00,0.0000,0.000000,0.000000,0.00,0.00,0.0000,0.000000,0.000000
1786700287.120446,54.770534,1657,29.74,0.00,0.00,0.0000,0.000000,0.000000,0.00,0.00,0.0000,0.000000,0.000000
1786700287.157181,54.807268,1658,29.74,0.00,0.00,0.0000,0.000000,0.000000,0.00,0.00,0.0000,0.000000,0.000000
1786700287.198321,54.848409,1659,29.69,0.00,0.00,0.0000,0.000000,0.000000,0.00,0.00,0.0000,0.000000,0.000000
1786700287.240070,54.890157,1660,29.69,0.00,0.00,0.0000,0.000000,0.000000,0.00,0.00,0.0000,0.000000,0.000000
1786700287.261172,54.911259,1661,29.69,0.00,0.00,0.0000,0.000000,0.000000,0.00,0.00,0.0000,0.000000,0.000000
1786700287.295763,54.945851,1662,29.69,0.00,0.00,0.0000,0.000000,0.000000,0.00,0.00,0.0000,0.000000,0.000000
1786700287.326081,54.976168,1663,29.69,0.00,0.00,0.0000,0.000000,0.000000,0.00,0.00,0.0000,0.000000,0.000000
1786700287.354742,55.004830,1664,29.69,0.00,0.00,0.0000,0.000000,0.000000,0.00,0.00,0.0000,0.000000,0.000000
1786700287.394052,55.044139,1665,29.69,0.00,0.00,0.0000,0.000000,0.000000,0.00,0.00,0.0000,0.000000,0.000000
1786700287.422618,55.072706,1666,29.69,0.00,0.00,0.0000,0.000000,0.000000,0.00,0.00,0.0000,0.000000,0.000000
1786700287.457314,55.107402,1667,29.69,0.00,0.00,0.0000,0.000000,0.000000,0.00,0.00,0.0000,0.000000,0.000000
1786700287.490291,55.140378,1668,29.69,0.00,0.00,0.0000,0.000000,0.000000,0.00,0.00,0.0000,0.000000,0.000000
1786700287.524342,55.174430,1669,29.69,0.00,0.00,0.0000,0.000000,0.000000,0.00,0.00,0.0000,0.000000,0.000000
1786700287.560534,55.210621,1670,29.69,0.00,0.00,0.0000,0.000000,0.000000,0.00,0.00,0.0000,0.000000,0.000000
1786700287.593488,55.243576,1671,29.69,0.00,0.00,0.0000,0.000000,0.000000,0.00,0.00,0.0000,0.000000,0.000000
1786700287.623266,55.273353,1672,29.69,0.00,0.00,0.0000,0.000000,0.000000,0.00,0.00,0.0000,0.000000,0.000000
1786700287.660368,55.310456,1673,29.69,0.00,0.00,0.0000,0.000000,0.000000,0.00,0.00,0.0000,0.000000,0.000000
1786700287.688632,55.338719,1674,29.69,0.00,0.00,0.0000,0.000000,0.000000,0.00,0.00,0.0000,0.000000,0.000000
1786700287.721186,55.371273,1675,29.88,0.00,0.00,0.0000,0.000000,0.000000,0.00,0.00,0.0000,0.000000,0.000000
1786700287.763784,55.413872,1676,29.88,0.00,0.00,0.0000,0.000000,0.000000,0.00,0.00,0.0000,0.000000,0.000000
1786700287.823597,55.473685,1677,29.88,0.00,0.00,0.0000,0.000000,0.000000,0.00,0.00,0.0000,0.000000,0.000000
1786700287.829105,55.479192,1678,29.88,0.00,0.00,0.0000,0.000000,0.000000,0.00,0.00,0.0000,0.000000,0.000000
1786700287.862152,55.512240,1679,29.88,0.00,0.00,0.0000,0.000000,0.000000,0.00,0.00,0.0000,0.000000,0.000000
1786700287.916965,55.567052,1680,29.88,0.00,0.00,0.0000,0.000000,0.000000,0.00,0.00,0.0000,0.000000,0.000000
1786700287.933930,55.584018,1681,29.88,0.00,0.00,0.0000,0.000000,0.000000,0.00,0.00,0.0000,0.000000,0.000000
1786700287.954696,55.604784,1682,29.88,0.00,0.00,0.0000,0.000000,0.000000,0.00,0.00,0.0000,0.000000,0.000000
1786700287.995073,55.645160,1683,29.88,0.00,0.00,0.0000,0.000000,0.000000,0.00,0.00,0.0000,0.000000,0.000000
1786700288.032933,55.683020,1684,29.88,0.00,0.00,0.0000,0.000000,0.000000,0.00,0.00,0.0000,0.000000,0.000000
1786700288.056361,55.706448,1685,29.88,0.00,0.00,0.0000,0.000000,0.000000,0.00,0.00,0.0000,0.000000,0.000000
1786700288.087035,55.737123,1686,29.88,0.00,0.00,0.0000,0.000000,0.000000,0.00,0.00,0.0000,0.000000,0.000000
1786700288.118086,55.768173,1687,29.88,0.00,0.00,0.0000,0.000000,0.000000,0.00,0.00,0.0000,0.000000,0.000000
1786700288.145547,55.795634,1688,29.88,0.00,0.00,0.0000,0.000000,0.000000,0.00,0.00,0.0000,0.000000,0.000000
1786700288.187703,55.837790,1689,29.88,0.00,0.00,0.0000,0.000000,0.000000,0.00,0.00,0.0000,0.000000,0.000000
1786700288.227336,55.877423,1690,29.82,0.00,0.00,0.0000,0.000000,0.000000,0.00,0.00,0.0000,0.000000,0.000000
1786700288.258696,55.908783,1691,29.82,0.00,0.00,0.0000,0.000000,0.000000,0.00,0.00,0.0000,0.000000,0.000000
1786700288.288465,55.938552,1692,29.82,0.00,0.00,0.0000,0.000000,0.000000,0.00,0.00,0.0000,0.000000,0.000000
1786700288.318858,55.968945,1693,29.82,0.00,0.00,0.0000,0.000000,0.000000,0.00,0.00,0.0000,0.000000,0.000000
1786700288.355420,56.005508,1694,29.82,0.00,0.00,0.0000,0.000000,0.000000,0.00,0.00,0.0000,0.000000,0.000000
1786700288.392941,56.043029,1695,29.82,0.00,0.00,0.0000,0.000000,0.000000,0.00,0.00,0.0000,0.000000,0.000000
1786700288.424513,56.074600,1696,29.82,0.00,0.00,0.0000,0.000000,0.000000,0.00,0.00,0.0000,0.000000,0.000000
1786700288.459498,56.109585,1697,29.82,0.00,0.00,0.0000,0.000000,0.000000,0.00,0.00,0.0000,0.000000,0.000000
1786700288.504527,56.154614,1698,29.82,0.00,0.00,0.0000,0.000000,0.000000,0.00,0.00,0.0000,0.000000,0.000000
1786700288.520952,56.171040,1699,29.82,0.00,0.00,0.0000,0.000000,0.000000,0.00,0.00,0.0000,0.000000,0.000000
1786700288.560600,56.210687,1700,29.82,0.00,0.00,0.0000,0.000000,0.000000,0.00,0.00,0.0000,0.000000,0.000000
1786700288.600663,56.250750,1701,29.82,0.00,0.00,0.0000,0.000000,0.000000,0.00,0.00,0.0000,0.000000,0.000000
1786700288.625206,56.275293,1702,29.82,0.00,0.00,0.0000,0.000000,0.000000,0.00,0.00,0.0000,0.000000,0.000000
1786700288.669456,56.319543,1703,29.82,0.00,0.00,0.0000,0.000000,0.000000,0.00,0.00,0.0000,0.000000,0.000000
1786700288.700476,56.350564,1704,29.82,0.00,0.00,0.0000,0.000000,0.000000,0.00,0.00,0.0000,0.000000,0.000000
1786700288.721670,56.371758,1705,29.85,0.00,0.00,0.0000,0.000000,0.000000,0.00,0.00,0.0000,0.000000,0.000000
1786700288.756013,56.406101,1706,29.85,0.00,0.00,0.0000,0.000000,0.000000,0.00,0.00,0.0000,0.000000,0.000000
1786700288.796574,56.446662,1707,29.85,0.00,0.00,0.0000,0.000000,0.000000,0.00,0.00,0.0000,0.000000,0.000000
1786700288.832318,56.482405,1708,29.85,0.00,0.00,0.0000,0.000000,0.000000,0.00,0.00,0.0000,0.000000,0.000000
1786700288.856575,56.506662,1709,29.85,0.00,0.00,0.0000,0.000000,0.000000,0.00,0.00,0.0000,0.000000,0.000000
1786700288.888369,56.538456,1710,29.85,0.00,0.00,0.0000,0.000000,0.000000,0.00,0.00,0.0000,0.000000,0.000000
1786700288.942820,56.592907,1711,29.85,0.00,0.00,0.0000,0.000000,0.000000,0.00,0.00,0.0000,0.000000,0.000000
1786700288.960333,56.610420,1712,29.85,0.00,0.00,0.0000,0.000000,0.000000,0.00,0.00,0.0000,0.000000,0.000000
1786700288.989736,56.639823,1713,29.85,0.00,0.00,0.0000,0.000000,0.000000,0.00,0.00,0.0000,0.000000,0.000000
1786700289.025053,56.675140,1714,29.85,0.00,0.00,0.0000,0.000000,0.000000,0.00,0.00,0.0000,0.000000,0.000000
1786700289.100561,56.750648,1716,29.85,0.00,0.00,0.0000,0.000000,0.000000,0.00,0.00,0.0000,0.000000,0.000000
1786700289.135170,56.785258,1717,29.85,0.00,0.00,0.0000,0.000000,0.000000,0.00,0.00,0.0000,0.000000,0.000000
1786700289.167707,56.817794,1718,29.85,0.00,0.00,0.0000,0.000000,0.000000,0.00,0.00,0.0000,0.000000,0.000000
1786700289.205133,56.855221,1719,29.85,0.00,0.00,0.0000,0.000000,0.000000,0.00,0.00,0.0000,0.000000,0.000000
1786700289.220644,56.870731,1720,29.85,0.00,0.00,0.0000,0.000000,0.000000,0.00,0.00,0.0000,0.000000,0.000000
1786700289.264573,56.914660,1721,29.45,0.00,0.00,0.0000,0.000000,0.000000,0.00,0.00,0.0000,0.000000,0.000000
1786700289.295847,56.945935,1722,29.45,0.00,0.00,0.0000,0.000000,0.000000,0.00,0.00,0.0000,0.000000,0.000000
1786700289.330520,56.980608,1723,29.45,0.00,0.00,0.0000,0.000000,0.000000,0.00,0.00,0.0000,0.000000,0.000000
1786700289.359343,57.009431,1724,29.45,0.00,0.00,0.0000,0.000000,0.000000,0.00,0.00,0.0000,0.000000,0.000000
1786700289.388871,57.038959,1725,29.45,0.00,0.00,0.0000,0.000000,0.000000,0.00,0.00,0.0000,0.000000,0.000000
1786700289.428294,57.078382,1726,29.45,0.00,0.00,0.0000,0.000000,0.000000,0.00,0.00,0.0000,0.000000,0.000000
1786700289.467205,57.117293,1727,29.45,0.00,0.00,0.0000,0.000000,0.000000,0.00,0.00,0.0000,0.000000,0.000000
1786700289.490136,57.140223,1728,29.45,0.00,0.00,0.0000,0.000000,0.000000,0.00,0.00,0.0000,0.000000,0.000000
1786700289.537282,57.187370,1729,29.45,0.00,0.00,0.0000,0.000000,0.000000,0.00,0.00,0.0000,0.000000,0.000000
1786700289.560419,57.210506,1730,29.45,0.00,0.00,0.0000,0.000000,0.000000,0.00,0.00,0.0000,0.000000,0.000000
1786700289.594825,57.244912,1731,29.45,0.00,0.00,0.0000,0.000000,0.000000,0.00,0.00,0.0000,0.000000,0.000000
1786700289.628106,57.278193,1732,29.45,0.00,0.00,0.0000,0.000000,0.000000,0.00,0.00,0.0000,0.000000,0.000000
1786700289.659373,57.309460,1733,29.45,0.00,0.00,0.0000,0.000000,0.000000,0.00,0.00,0.0000,0.000000,0.000000
1786700289.688547,57.338634,1734,29.45,0.00,0.00,0.0000,0.000000,0.000000,0.00,0.00,0.0000,0.000000,0.000000
1786700289.724530,57.374617,1735,29.45,0.00,0.00,0.0000,0.000000,0.000000,0.00,0.00,0.0000,0.000000,0.000000
1786700289.758201,57.408288,1736,29.45,0.00,0.00,0.0000,0.000000,0.000000,0.00,0.00,0.0000,0.000000,0.000000
1786700289.781827,57.431914,1737,29.78,0.00,0.00,0.0000,0.000000,0.000000,0.00,0.00,0.0000,0.000000,0.000000
1786700289.824054,57.474141,1738,29.78,0.00,0.00,0.0000,0.000000,0.000000,0.00,0.00,0.0000,0.000000,0.000000
1786700289.868572,57.518660,1739,29.78,0.00,0.00,0.0000,0.000000,0.000000,0.00,0.00,0.0000,0.000000,0.000000
1786700289.892275,57.542362,1740,29.78,0.00,0.00,0.0000,0.000000,0.000000,0.00,0.00,0.0000,0.000000,0.000000
1786700289.926937,57.577024,1741,29.78,0.00,0.00,0.0000,0.000000,0.000000,0.00,0.00,0.0000,0.000000,0.000000
1786700289.949837,57.599925,1742,29.78,0.00,0.00,0.0000,0.000000,0.000000,0.00,0.00,0.0000,0.000000,0.000000
1786700289.988074,57.638161,1743,29.78,0.00,0.00,0.0000,0.000000,0.000000,0.00,0.00,0.0000,0.000000,0.000000
1786700290.032680,57.682767,1744,29.78,0.00,0.00,0.0000,0.000000,0.000000,0.00,0.00,0.0000,0.000000,0.000000
1786700290.051448,57.701535,1745,29.78,0.00,0.00,0.0000,0.000000,0.000000,0.00,0.00,0.0000,0.000000,0.000000
1786700290.085550,57.735638,1746,29.78,0.00,0.00,0.0000,0.000000,0.000000,0.00,0.00,0.0000,0.000000,0.000000
1786700290.126734,57.776822,1747,29.78,0.00,0.00,0.0000,0.000000,0.000000,0.00,0.00,0.0000,0.000000,0.000000
1786700290.156980,57.807067,1748,29.78,0.00,0.00,0.0000,0.000000,0.000000,0.00,0.00,0.0000,0.000000,0.000000
1786700290.187645,57.837732,1749,29.78,0.00,0.00,0.0000,0.000000,0.000000,0.00,0.00,0.0000,0.000000,0.000000
1786700290.221574,57.871661,1750,29.78,0.00,0.00,0.0000,0.000000,0.000000,0.00,0.00,0.0000,0.000000,0.000000
1786700290.255808,57.905895,1751,29.78,0.00,0.00,0.0000,0.000000,0.000000,0.00,0.00,0.0000,0.000000,0.000000
1786700290.288108,57.938195,1752,29.75,0.00,0.00,0.0000,0.000000,0.000000,0.00,0.00,0.0000,0.000000,0.000000
1786700290.323396,57.973484,1753,29.75,0.00,0.00,0.0000,0.000000,0.000000,0.00,0.00,0.0000,0.000000,0.000000
1786700290.377141,58.027228,1754,29.75,0.00,0.00,0.0000,0.000000,0.000000,0.00,0.00,0.0000,0.000000,0.000000
1786700290.396248,58.046336,1755,29.75,0.00,0.00,0.0000,0.000000,0.000000,0.00,0.00,0.0000,0.000000,0.000000
1786700290.422977,58.073065,1756,29.75,0.00,0.00,0.0000,0.000000,0.000000,0.00,0.00,0.0000,0.000000,0.000000
1786700290.460561,58.110648,1757,29.75,0.00,0.00,0.0000,0.000000,0.000000,0.00,0.00,0.0000,0.000000,0.000000
1786700290.487280,58.137368,1758,29.75,0.00,0.00,0.0000,0.000000,0.000000,0.00,0.00,0.0000,0.000000,0.000000
1786700290.520587,58.170675,1759,29.75,0.00,0.00,0.0000,0.000000,0.000000,0.00,0.00,0.0000,0.000000,0.000000
1786700290.558323,58.208411,1760,29.75,0.00,0.00,0.0000,0.000000,0.000000,0.00,0.00,0.0000,0.000000,0.000000
1786700290.584895,58.234982,1761,29.75,0.00,0.00,0.0000,0.000000,0.000000,0.00,0.00,0.0000,0.000000,0.000000
1786700290.623620,58.273708,1762,29.75,0.00,0.00,0.0000,0.000000,0.000000,0.00,0.00,0.0000,0.000000,0.000000
1786700290.657136,58.307224,1763,29.75,0.00,0.00,0.0000,0.000000,0.000000,0.00,0.00,0.0000,0.000000,0.000000
1786700290.688708,58.338795,1764,29.75,0.00,0.00,0.0000,0.000000,0.000000,0.00,0.00,0.0000,0.000000,0.000000
1786700290.723732,58.373819,1765,29.75,0.00,0.00,0.0000,0.000000,0.000000,0.00,0.00,0.0000,0.000000,0.000000
1786700290.758788,58.408876,1766,29.75,0.00,0.00,0.0000,0.000000,0.000000,0.00,0.00,0.0000,0.000000,0.000000
1786700290.790198,58.440286,1767,29.75,0.00,0.00,0.0000,0.000000,0.000000,0.00,0.00,0.0000,0.000000,0.000000
1786700290.827600,58.477688,1768,29.75,0.00,0.00,0.0000,0.000000,0.000000,0.00,0.00,0.0000,0.000000,0.000000
1786700290.870485,58.520573,1769,29.75,0.00,0.00,0.0000,0.000000,0.000000,0.00,0.00,0.0000,0.000000,0.000000
1786700290.890993,58.541080,1770,29.75,0.00,0.00,0.0000,0.000000,0.000000,0.00,0.00,0.0000,0.000000,0.000000
1786700290.931130,58.581218,1771,29.75,0.00,0.00,0.0000,0.000000,0.000000,0.00,0.00,0.0000,0.000000,0.000000
1786700290.974323,58.624410,1772,29.75,0.00,0.00,0.0000,0.000000,0.000000,0.00,0.00,0.0000,0.000000,0.000000
1786700290.991124,58.641212,1773,29.75,0.00,0.00,0.0000,0.000000,0.000000,0.00,0.00,0.0000,0.000000,0.000000
1786700291.021279,58.671366,1774,29.75,0.00,0.00,0.0000,0.000000,0.000000,0.00,0.00,0.0000,0.000000,0.000000
1786700291.063023,58.713110,1775,29.75,0.00,0.00,0.0000,0.000000,0.000000,0.00,0.00,0.0000,0.000000,0.000000
1786700291.095249,58.745337,1776,29.75,0.00,0.00,0.0000,0.000000,0.000000,0.00,0.00,0.0000,0.000000,0.000000
1786700291.122786,58.772874,1777,29.75,0.00,0.00,0.0000,0.000000,0.000000,0.00,0.00,0.0000,0.000000,0.000000
1786700291.158535,58.808623,1778,29.75,0.00,0.00,0.0000,0.000000,0.000000,0.00,0.00,0.0000,0.000000,0.000000
1786700291.198352,58.848439,1779,29.75,0.00,0.00,0.0000,0.000000,0.000000,0.00,0.00,0.0000,0.000000,0.000000
1786700291.223511,58.873599,1780,29.75,0.00,0.00,0.0000,0.000000,0.000000,0.00,0.00,0.0000,0.000000,0.000000
1786700291.258360,58.908448,1781,29.75,0.00,0.00,0.0000,0.000000,0.000000,0.00,0.00,0.0000,0.000000,0.000000
1786700291.298682,58.948770,1782,29.71,0.00,0.00,0.0000,0.000000,0.000000,0.00,0.00,0.0000,0.000000,0.000000
1786700291.343903,58.993990,1783,29.71,0.00,0.00,0.0000,0.000000,0.000000,0.00,0.00,0.0000,0.000000,0.000000
1786700291.360411,59.010499,1784,29.71,0.00,0.00,0.0000,0.000000,0.000000,0.00,0.00,0.0000,0.000000,0.000000
1786700291.388933,59.039021,1785,29.71,0.00,0.00,0.0000,0.000000,0.000000,0.00,0.00,0.0000,0.000000,0.000000
1786700291.426203,59.076291,1786,29.71,0.00,0.00,0.0000,0.000000,0.000000,0.00,0.00,0.0000,0.000000,0.000000
