host_epoch,t_rel,frame_number,fps,head_x,head_y,head_confidence,head_x_norm,head_y_norm,feet_x,feet_y,feet_confidence,feet_x_norm,feet_y_norm
1786703943.432295,-0.041318,23,0.00,116.94,76.79,1.0000,0.182721,0.159982,147.35,334.34,0.9708,0.230240,0.696547
1786703943.539889,0.066276,26,0.00,116.67,76.20,1.0000,0.182304,0.158748,147.02,334.49,0.9712,0.229712,0.696846
1786703943.619325,0.145712,27,0.00,116.65,76.05,1.0000,0.182261,0.158446,147.06,334.43,0.9716,0.229775,0.696719
1786703943.629973,0.156360,29,0.00,116.70,76.11,1.0000,0.182347,0.158560,146.66,335.34,0.9710,0.229156,0.698625
1786703943.723597,0.249984,31,0.00,116.67,75.85,1.0000,0.182303,0.158015,146.61,334.85,0.9712,0.229073,0.697596
1786703943.734828,0.261214,32,0.00,116.70,76.10,1.0000,0.182341,0.158549,146.60,335.03,0.9711,0.229064,0.697989
1786703943.822206,0.348593,33,0.00,116.67,76.10,1.0000,0.182294,0.158549,146.60,334.69,0.9708,0.229058,0.697268
1786703943.832240,0.358627,35,0.00,116.62,75.94,1.0000,0.182215,0.158212,146.45,334.75,0.9706,0.228824,0.697399
1786703943.923668,0.450054,36,0.00,116.69,75.99,1.0000,0.182329,0.158310,146.47,335.35,0.9707,0.228865,0.698656
1786703943.928330,0.454717,38,0.00,116.62,75.90,1.0000,0.182219,0.158123,146.47,335.40,0.9709,0.228866,0.698760
1786703944.028880,0.555267,40,19.79,116.62,75.91,1.0000,0.182217,0.158145,146.56,335.59,0.9710,0.229000,0.699137
1786703944.046027,0.572414,41,19.79,116.61,75.82,1.0000,0.182205,0.157948,146.63,335.35,0.9716,0.229109,0.698639
1786703944.060434,0.586821,42,19.79,116.59,75.80,1.0000,0.182173,0.157907,146.57,335.43,0.9714,0.229018,0.698814
1786703944.137418,0.663805,43,19.79,116.57,75.72,1.0000,0.182136,0.157741,146.60,335.47,0.9716,0.229069,0.698900
1786703944.139437,0.665824,44,19.79,116.58,75.73,1.0000,0.182149,0.157776,146.59,335.52,0.9715,0.229040,0.699008
1786703944.331899,0.858286,45,19.79,116.55,75.63,1.0000,0.182112,0.157570,146.30,335.30,0.9717,0.228599,0.698534
1786703944.345403,0.871790,49,19.79,116.48,75.63,1.0000,0.181995,0.157553,146.65,335.13,0.9725,0.229140,0.698185
1786703944.368383,0.894769,51,19.79,116.49,75.74,1.0000,0.182022,0.157791,146.73,335.02,0.9729,0.229259,0.697953
1786703944.438441,0.964828,53,19.79,116.55,75.74,1.0000,0.182116,0.157784,146.71,334.88,0.9726,0.229229,0.697670
1786703944.488945,1.015331,54,19.79,116.56,75.96,1.0000,0.182117,0.158258,146.70,334.79,0.9732,0.229218,0.697484
1786703944.508339,1.034726,55,19.79,116.66,76.05,1.0000,0.182279,0.158442,146.74,334.79,0.9735,0.229282,0.697481
1786703944.542232,1.068618,56,20.14,116.66,75.84,1.0000,0.182278,0.158005,146.66,334.89,0.9739,0.229151,0.697689
1786703944.639961,1.166348,57,20.14,116.67,75.86,1.0000,0.182297,0.158035,146.63,334.47,0.9742,0.229113,0.696809
1786703944.652417,1.178804,59,20.14,116.77,75.79,1.0000,0.182458,0.157896,146.53,334.43,0.9745,0.228954,0.696730
1786703944.666299,1.192686,60,20.14,116.94,75.79,1.0000,0.182724,0.157906,146.67,334.37,0.9753,0.229168,0.696594
1786703944.742299,1.268686,61,20.14,117.28,75.66,1.0000,0.183243,0.157627,146.81,334.38,0.9759,0.229396,0.696627
1786703944.758043,1.284429,63,20.14,117.31,75.68,1.0000,0.183301,0.157677,146.91,334.15,0.9766,0.229549,0.696143
1786703944.851262,1.377648,64,20.14,117.23,75.57,1.0000,0.183178,0.157439,146.95,333.95,0.9772,0.229605,0.695720
1786703944.857110,1.383497,66,20.14,117.24,75.56,1.0000,0.183183,0.157408,146.98,333.86,0.9778,0.229659,0.695534
1786703944.949003,1.475390,67,20.14,117.20,75.34,1.0000,0.183118,0.156966,147.17,334.02,0.9781,0.229959,0.695875
1786703944.951572,1.477958,68,20.14,117.17,75.34,1.0000,0.183084,0.156962,147.21,334.02,0.9782,0.230023,0.695867
1786703944.983806,1.510192,69,20.14,117.17,75.34,1.0000,0.183072,0.156952,147.23,333.93,0.9785,0.230045,0.695682
1786703945.055672,1.582059,71,20.41,117.39,75.51,1.0000,0.183426,0.157311,147.19,333.96,0.9782,0.229987,0.695753
1786703945.079882,1.606269,72,20.41,117.45,75.51,1.0000,0.183518,0.157309,147.08,334.98,0.9771,0.229818,0.697872
1786703945.153759,1.680146,74,20.41,117.34,75.48,1.0000,0.183340,0.157259,146.81,335.13,0.9769,0.229391,0.698181
1786703945.175378,1.701765,75,20.41,117.35,75.47,1.0000,0.183355,0.157231,146.69,335.18,0.9769,0.229205,0.698284
1786703945.207560,1.733947,76,20.41,117.35,75.48,1.0000,0.183354,0.157252,146.64,334.96,0.9767,0.229133,0.697832
1786703945.257608,1.783995,77,20.41,117.31,75.16,1.0000,0.183297,0.156586,146.73,334.88,0.9768,0.229268,0.697659
1786703945.287028,1.813415,78,20.41,117.18,75.19,1.0000,0.183086,0.156642,146.71,334.88,0.9766,0.229239,0.697669
1786703945.302777,1.829163,79,20.41,116.84,75.19,1.0000,0.182569,0.156639,146.86,334.66,0.9768,0.229470,0.697201
1786703945.334909,1.861296,80,20.41,116.88,75.31,1.0000,0.182619,0.156905,146.89,334.65,0.9771,0.229517,0.697193
1786703945.366445,1.892832,81,20.41,117.25,75.32,1.0000,0.183197,0.156921,146.93,334.63,0.9772,0.229583,0.697153
1786703945.415137,1.941524,82,20.41,117.25,75.66,1.0000,0.183197,0.157631,146.81,335.27,0.9758,0.229394,0.698489
1786703945.430305,1.956692,83,20.41,117.28,75.66,1.0000,0.183250,0.157630,146.78,335.28,0.9757,0.229345,0.698490
1786703945.462381,1.988768,84,20.41,117.42,75.84,1.0000,0.183476,0.158002,146.71,335.24,0.9756,0.229241,0.698422
1786703945.499503,2.025890,85,20.41,117.43,75.94,1.0000,0.183481,0.158216,146.63,335.25,0.9755,0.229102,0.698427
1786703945.542325,2.068712,86,20.41,117.42,75.94,1.0000,0.183475,0.158206,146.53,335.09,0.9752,0.228950,0.698096
1786703945.571536,2.097922,87,22.10,117.43,76.09,1.0000,0.183487,0.158521,146.57,335.07,0.9751,0.229015,0.698054
1786703945.603779,2.130166,88,22.10,117.43,76.17,1.0000,0.183482,0.158688,146.84,334.90,0.9758,0.229443,0.697711
1786703945.619182,2.145569,89,22.10,117.15,76.21,1.0000,0.183050,0.158760,146.91,334.73,0.9761,0.229545,0.697357
1786703945.667995,2.194382,90,22.10,117.15,76.30,1.0000,0.183050,0.158956,146.97,334.69,0.9763,0.229640,0.697272
1786703945.699197,2.225584,91,22.10,117.14,76.25,1.0000,0.183039,0.158849,146.94,334.94,0.9761,0.229599,0.697785
1786703945.747952,2.274339,92,22.10,117.18,76.26,1.0000,0.183086,0.158884,146.91,334.64,0.9758,0.229549,0.697160
1786703945.779499,2.305885,93,22.10,117.08,76.27,1.0000,0.182931,0.158900,147.21,333.94,0.9764,0.230011,0.695699
1786703945.818841,2.345227,94,22.10,117.06,76.27,1.0000,0.182910,0.158901,147.09,334.43,0.9760,0.229833,0.696732
1786703945.821824,2.348211,95,22.10,117.05,76.32,1.0000,0.182886,0.158995,147.17,334.36,0.9759,0.229952,0.696580
1786703945.858902,2.385289,96,22.10,117.12,76.33,1.0000,0.183006,0.159020,147.21,334.47,0.9754,0.230018,0.696817
1786703945.890235,2.416622,97,22.10,117.08,76.33,1.0000,0.182938,0.159014,147.22,334.46,0.9755,0.230027,0.696786
1786703945.938410,2.464797,98,22.10,117.22,76.09,1.0000,0.183150,0.158531,147.10,334.74,0.9756,0.229850,0.697380
1786703945.970624,2.497010,99,22.10,117.12,76.11,1.0000,0.183008,0.158562,147.12,334.83,0.9761,0.229878,0.697559
1786703945.986006,2.512393,100,22.10,117.15,76.14,1.0000,0.183047,0.158624,147.13,334.85,0.9766,0.229887,0.697602
1786703946.050020,2.576406,101,22.10,116.99,76.12,1.0000,0.182790,0.158593,147.23,334.45,0.9774,0.230041,0.696762
1786703946.081121,2.607508,102,23.57,117.04,76.28,1.0000,0.182882,0.158907,147.37,334.03,0.9781,0.230260,0.695903
1786703946.087279,2.613665,103,23.57,117.02,76.25,0.9999,0.182850,0.158864,147.33,334.14,0.9770,0.230211,0.696133
1786703946.128902,2.655289,104,23.57,116.95,76.25,0.9999,0.182738,0.158861,147.32,334.25,0.9769,0.230191,0.696348
1786703946.160424,2.686810,105,23.57,116.56,76.25,0.9999,0.182130,0.158863,147.46,333.67,0.9774,0.230405,0.695152
1786703946.176021,2.702408,106,23.57,116.51,76.27,0.9999,0.182051,0.158890,147.40,333.91,0.9773,0.230311,0.695640
1786703946.218649,2.745036,107,23.57,116.49,76.27,0.9999,0.182017,0.158890,147.06,334.65,0.9764,0.229787,0.697192
1786703946.272368,2.798755,108,23.57,116.35,76.33,0.9999,0.181792,0.159022,147.09,334.29,0.9766,0.229824,0.696439
1786703946.303982,2.830369,109,23.57,116.35,76.26,0.9999,0.181794,0.158874,146.59,334.93,0.9761,0.229044,0.697771
1786703946.319347,2.845733,110,23.57,116.29,76.26,0.9999,0.181707,0.158875,146.65,335.00,0.9758,0.229144,0.697910
1786703946.367707,2.894094,111,23.57,116.25,76.23,0.9999,0.181640,0.158808,146.55,335.00,0.9761,0.228980,0.697909
1786703946.400172,2.926559,112,23.57,116.23,76.25,0.9999,0.181608,0.158852,146.60,334.99,0.9763,0.229058,0.697896
1786703946.431791,2.958178,113,23.57,116.19,76.54,0.9999,0.181546,0.159463,146.55,335.07,0.9763,0.228983,0.698059
1786703946.468897,2.995284,114,23.57,115.94,76.54,0.9999,0.181160,0.159467,146.50,335.21,0.9766,0.228900,0.698357
1786703946.479593,3.005980,115,23.57,115.83,76.57,0.9999,0.180979,0.159521,146.58,334.91,0.9765,0.229031,0.697738
1786703946.524413,3.050799,116,23.57,115.76,76.59,0.9999,0.180874,0.159557,146.58,334.73,0.9764,0.229026,0.697351
1786703946.555891,3.082278,117,23.57,115.68,76.59,0.9999,0.180754,0.159560,146.64,334.71,0.9763,0.229132,0.697321
1786703946.596722,3.123109,118,25.12,115.60,76.67,0.9999,0.180619,0.159739,146.72,334.61,0.9759,0.229253,0.697103
1786703946.639704,3.166090,119,25.12,115.29,76.67,0.9999,0.180134,0.159738,146.80,334.36,0.9754,0.229382,0.696591
1786703946.655320,3.181707,120,25.12,115.25,76.68,0.9999,0.180071,0.159741,146.76,334.47,0.9754,0.229319,0.696807
1786703946.702549,3.228936,121,25.12,115.25,76.69,0.9999,0.180071,0.159762,146.81,334.53,0.9750,0.229385,0.696927
1786703946.718497,3.244884,122,25.12,115.19,76.78,0.9999,0.179989,0.159965,146.78,334.62,0.9747,0.229348,0.697121
1786703946.758751,3.285138,123,25.12,115.21,76.83,0.9999,0.180019,0.160053,146.85,334.57,0.9743,0.229457,0.697023
1786703946.798666,3.325053,124,25.12,115.22,76.88,0.9999,0.180037,0.160161,147.10,334.24,0.9746,0.229836,0.696331
1786703946.847008,3.373395,125,25.12,115.24,76.88,0.9999,0.180067,0.160160,147.12,334.16,0.9747,0.229877,0.696174
1786703946.862173,3.388559,126,25.12,115.35,76.86,0.9999,0.180234,0.160121,147.32,334.13,0.9748,0.230180,0.696104
1786703946.891825,3.418212,127,25.12,115.42,76.93,0.9999,0.180351,0.160269,147.32,334.25,0.9738,0.230181,0.696359
1786703946.941786,3.468173,128,25.12,115.42,76.89,0.9999,0.180350,0.160197,146.89,334.29,0.9740,0.229519,0.696444
1786703946.956939,3.483325,129,25.12,115.41,76.90,0.9999,0.180324,0.160207,146.85,334.36,0.9743,0.229455,0.696593
1786703947.005103,3.531490,130,25.12,115.90,77.23,0.9999,0.181098,0.160886,146.79,334.54,0.9740,0.229359,0.696962
1786703947.021223,3.547609,131,25.12,116.01,77.40,0.9999,0.181258,0.161248,146.72,334.54,0.9738,0.229257,0.696963
1786703947.091146,3.617533,132,25.70,116.10,77.42,0.9999,0.181402,0.161298,146.79,334.04,0.9739,0.229354,0.695924
1786703947.107502,3.633888,133,25.70,116.11,77.43,0.9999,0.181428,0.161309,146.62,334.54,0.9736,0.229091,0.696955
1786703947.133994,3.660380,134,25.70,116.13,77.48,0.9999,0.181453,0.161420,146.59,334.48,0.9724,0.229050,0.696826
1786703947.151428,3.677815,135,25.70,116.27,77.48,0.9999,0.181665,0.161421,146.59,334.39,0.9723,0.229045,0.696644
1786703947.203451,3.729837,136,25.70,116.26,77.57,0.9999,0.181664,0.161606,146.56,334.51,0.9723,0.229006,0.696897
1786703947.213880,3.740267,137,25.70,116.22,77.58,0.9999,0.181589,0.161620,146.55,334.51,0.9722,0.228992,0.696892
1786703947.264800,3.791187,138,25.70,116.13,77.54,0.9999,0.181456,0.161538,146.51,334.39,0.9726,0.228922,0.696645
1786703947.293549,3.819936,139,25.70,116.10,77.53,0.9999,0.181409,0.161530,146.51,334.44,0.9724,0.228922,0.696744
1786703947.325531,3.851918,140,25.70,116.10,77.52,0.9999,0.181407,0.161490,146.52,334.05,0.9725,0.228941,0.695940
1786703947.373650,3.900037,141,25.70,116.12,77.51,0.9999,0.181432,0.161487,146.50,334.22,0.9730,0.228913,0.696293
1786703947.389261,3.915647,142,25.70,116.04,77.49,0.9999,0.181315,0.161430,146.50,334.09,0.9728,0.228909,0.696017
1786703947.419619,3.946006,143,25.70,116.04,77.47,0.9999,0.181313,0.161405,146.53,333.97,0.9728,0.228954,0.695764
1786703947.465584,3.991971,144,25.70,116.05,77.50,0.9999,0.181325,0.161452,146.38,334.13,0.9729,0.228725,0.696108
1786703947.497516,4.023903,145,25.70,116.05,77.54,0.9999,0.181331,0.161543,146.48,334.07,0.9723,0.228871,0.695970
1786703947.540312,4.066699,146,25.70,116.06,77.53,0.9999,0.181345,0.161525,146.57,333.91,0.9724,0.229017,0.695641
1786703947.570904,4.097291,147,25.70,116.06,77.42,0.9999,0.181345,0.161283,146.47,334.03,0.9723,0.228863,0.695897
1786703947.598540,4.124927,148,26.87,116.07,77.42,0.9999,0.181362,0.161283,146.52,334.03,0.9726,0.228940,0.695897
1786703947.638279,4.164666,149,26.87,116.10,77.21,0.9999,0.181409,0.160857,146.78,333.83,0.9730,0.229342,0.695479
1786703947.665092,4.191479,150,26.87,116.11,77.20,0.9999,0.181418,0.160838,146.81,333.76,0.9731,0.229390,0.695332
1786703947.710511,4.236897,151,26.87,116.15,77.22,0.9999,0.181484,0.160871,146.89,333.61,0.9733,0.229511,0.695030
1786703947.726602,4.252989,152,26.87,116.17,77.22,0.9999,0.181508,0.160885,146.96,333.87,0.9729,0.229630,0.695554
1786703947.775240,4.301627,153,26.87,116.43,77.23,0.9999,0.181927,0.160899,146.99,333.87,0.9734,0.229674,0.695573
1786703947.806690,4.333076,154,26.87,116.45,77.23,0.9999,0.181952,0.160900,146.92,334.02,0.9733,0.229563,0.695877
1786703947.837720,4.364107,155,26.87,116.54,77.24,0.9999,0.182089,0.160914,146.86,334.63,0.9730,0.229462,0.697152
1786703947.869819,4.396206,156,26.87,116.82,77.26,0.9999,0.182538,0.160959,146.82,335.10,0.9727,0.229410,0.698132
1786703947.900840,4.427226,157,26.87,116.85,77.21,0.9999,0.182574,0.160851,146.95,335.06,0.9730,0.229605,0.698042
1786703947.916949,4.443335,158,26.87,116.79,76.96,0.9999,0.182482,0.160323,146.98,335.04,0.9735,0.229654,0.697999
1786703947.957401,4.483787,159,26.87,116.80,77.07,0.9999,0.182495,0.160564,146.98,335.12,0.9738,0.229651,0.698160
1786703948.002741,4.529128,160,26.87,117.01,77.13,0.9999,0.182820,0.160693,147.06,334.71,0.9745,0.229782,0.697306
1786703948.028348,4.554735,161,26.87,117.01,77.11,0.9999,0.182826,0.160644,147.07,334.68,0.9750,0.229793,0.697246
1786703948.060585,4.586972,162,26.87,117.18,77.22,0.9999,0.183096,0.160873,147.22,334.53,0.9753,0.230033,0.696935
1786703948.092293,4.618680,163,26.87,117.17,77.12,0.9999,0.183071,0.160661,147.23,334.66,0.9752,0.230047,0.697202
1786703948.140813,4.667200,164,27.41,117.38,77.07,0.9999,0.183414,0.160562,147.27,334.43,0.9757,0.230113,0.696730
1786703948.155666,4.682053,165,27.41,117.48,77.07,0.9999,0.183561,0.160556,147.30,334.48,0.9759,0.230150,0.696837
1786703948.204085,4.730471,166,27.41,117.49,77.04,0.9999,0.183581,0.160493,147.23,334.51,0.9762,0.230053,0.696894
1786703948.235623,4.762010,167,27.41,117.68,77.02,0.9999,0.183869,0.160450,147.18,334.58,0.9759,0.229974,0.697044
1786703948.267744,4.794130,168,27.41,117.68,77.01,0.9999,0.183874,0.160430,147.12,334.68,0.9756,0.229873,0.697246
1786703948.316697,4.843084,169,27.41,117.68,77.28,0.9999,0.183874,0.160998,147.07,334.61,0.9755,0.229801,0.697095
1786703948.347968,4.874355,170,27.41,117.70,77.27,0.9999,0.183908,0.160983,147.11,334.46,0.9758,0.229867,0.696792
1786703948.393556,4.919943,171,27.41,117.81,77.22,0.9999,0.184074,0.160873,147.11,334.70,0.9755,0.229852,0.697294
1786703948.412606,4.938993,172,27.41,117.80,77.22,0.9999,0.184060,0.160872,147.11,334.37,0.9762,0.229857,0.696609
1786703948.455676,4.982063,173,27.41,117.79,77.21,0.9999,0.184046,0.160858,147.18,334.47,0.9765,0.229976,0.696815
1786703948.459215,4.985601,174,27.41,117.77,77.19,0.9999,0.184014,0.160816,147.19,334.42,0.9771,0.229991,0.696704
1786703948.491026,5.017412,175,27.41,117.41,77.14,0.9999,0.183447,0.160702,147.22,334.35,0.9771,0.230027,0.696557
1786703948.539422,5.065808,176,27.41,117.40,76.93,0.9999,0.183441,0.160280,147.21,333.90,0.9774,0.230019,0.695615
1786703948.570701,5.097088,177,27.41,117.60,77.09,0.9999,0.183757,0.160607,146.99,334.25,0.9769,0.229671,0.696346
1786703948.602588,5.128975,178,27.41,117.63,77.04,0.9999,0.183803,0.160508,146.99,334.28,0.9768,0.229670,0.696424
1786703948.651135,5.177521,179,27.81,117.60,77.08,0.9999,0.183747,0.160587,147.05,334.17,0.9770,0.229767,0.696181
1786703948.682323,5.208710,180,27.81,117.61,76.84,0.9999,0.183763,0.160090,147.19,334.10,0.9774,0.229983,0.696051
1786703948.714125,5.240512,181,27.81,117.76,76.67,0.9999,0.183994,0.159727,147.46,334.17,0.9774,0.230413,0.696191
1786703948.729759,5.256146,182,27.81,117.75,76.79,0.9999,0.183989,0.159976,147.46,334.02,0.9782,0.230400,0.695870
1786703948.762374,5.288760,183,27.81,117.77,76.80,0.9999,0.184021,0.160005,147.45,334.27,0.9778,0.230393,0.696405
1786703948.811088,5.337474,184,27.81,117.77,76.80,0.9999,0.184018,0.159993,147.51,334.22,0.9779,0.230484,0.696286
1786703948.842028,5.368415,185,27.81,117.79,76.71,0.9999,0.184051,0.159814,147.51,334.27,0.9780,0.230478,0.696387
1786703948.857232,5.383619,186,27.81,117.79,76.75,0.9999,0.184053,0.159894,147.47,334.28,0.9780,0.230426,0.696422
1786703948.902738,5.429125,187,27.81,117.66,76.76,0.9999,0.183851,0.159920,147.52,334.29,0.9781,0.230501,0.696446
1786703948.937371,5.463758,188,27.81,117.66,76.66,0.9999,0.183845,0.159708,147.52,334.12,0.9786,0.230500,0.696079
1786703948.969531,5.495918,189,27.81,117.62,76.79,0.9999,0.183781,0.159977,147.29,334.76,0.9779,0.230144,0.697409
1786703949.016872,5.543259,190,27.81,117.61,76.96,0.9999,0.183760,0.160336,147.29,334.54,0.9775,0.230138,0.696950
1786703949.032854,5.559241,191,27.81,117.61,77.12,0.9999,0.183758,0.160666,147.14,334.74,0.9773,0.229905,0.697376
1786703949.056495,5.582882,192,27.81,117.62,77.12,0.9999,0.183779,0.160662,147.17,334.61,0.9771,0.229946,0.697099
1786703949.113198,5.639585,193,27.81,117.58,77.25,0.9999,0.183717,0.160928,147.15,335.21,0.9766,0.229922,0.698356
1786703949.128826,5.655213,194,27.81,117.58,77.23,0.9999,0.183721,0.160891,147.16,335.18,0.9769,0.229939,0.698291
1786703949.161547,5.687934,195,28.51,117.59,77.22,0.9999,0.183728,0.160885,147.21,335.12,0.9772,0.230014,0.698165
1786703949.192688,5.719075,196,28.51,117.58,77.23,0.9999,0.183724,0.160886,147.22,335.13,0.9770,0.230028,0.698177
1786703949.224877,5.751264,197,28.51,117.87,77.22,0.9999,0.184166,0.160882,146.97,335.31,0.9759,0.229648,0.698563
1786703949.290660,5.817046,198,28.51,117.70,77.07,0.9999,0.183901,0.160553,146.92,335.64,0.9753,0.229563,0.699241
1786703949.305442,5.831829,199,28.51,117.68,77.03,0.9999,0.183873,0.160480,146.93,335.57,0.9753,0.229578,0.699100
1786703949.321533,5.847919,200,28.51,117.79,77.02,0.9999,0.184054,0.160462,146.80,335.91,0.9747,0.229376,0.699812
1786703949.359607,5.885994,201,28.51,117.90,77.16,0.9999,0.184217,0.160749,146.94,335.64,0.9756,0.229594,0.699251
1786703949.396308,5.922694,202,28.51,117.88,77.17,1.0000,0.184181,0.160778,146.67,336.00,0.9753,0.229165,0.700002
1786703949.428405,5.954792,203,28.51,117.97,77.21,1.0000,0.184325,0.160857,146.83,335.47,0.9760,0.229416,0.698894
1786703949.460213,5.986600,204,28.51,118.01,77.30,1.0000,0.184395,0.161049,146.79,335.66,0.9755,0.229365,0.699295
1786703949.505554,6.031941,205,28.51,118.02,77.34,1.0000,0.184400,0.161115,146.77,335.67,0.9752,0.229327,0.699317
1786703949.532377,6.058764,206,28.51,118.14,77.35,1.0000,0.184591,0.161154,146.74,335.62,0.9749,0.229284,0.699202
1786703949.557635,6.084021,207,28.51,117.88,77.35,1.0000,0.184189,0.161151,146.78,335.60,0.9747,0.229345,0.699176
1786703949.590189,6.116575,208,28.51,117.92,77.34,1.0000,0.184257,0.161127,146.83,335.33,0.9755,0.229421,0.698603
1786703949.635734,6.162121,209,28.51,118.23,77.39,1.0000,0.184731,0.161236,146.82,335.33,0.9750,0.229411,0.698603
1786703949.657820,6.184207,210,28.79,118.45,77.41,1.0000,0.185084,0.161269,146.76,335.59,0.9742,0.229317,0.699150
1786703949.699252,6.225639,211,28.79,118.46,77.41,1.0000,0.185089,0.161272,146.75,335.75,0.9740,0.229305,0.699479
1786703949.714694,6.241081,212,28.79,118.40,77.40,1.0000,0.185000,0.161252,147.00,335.34,0.9749,0.229682,0.698625
1786703949.765344,6.291731,213,28.79,118.39,77.39,1.0000,0.184984,0.161226,146.83,335.65,0.9740,0.229424,0.699264
1786703949.782432,6.308819,214,28.79,118.53,77.39,1.0000,0.185204,0.161227,146.87,335.42,0.9745,0.229485,0.698781
1786703949.826235,6.352621,215,28.79,118.01,77.20,1.0000,0.184386,0.160828,146.92,335.10,0.9754,0.229565,0.698121
1786703949.863728,6.390115,216,28.79,118.01,77.18,1.0000,0.184389,0.160789,146.97,334.99,0.9760,0.229647,0.697904
1786703949.892984,6.419371,217,28.79,118.03,77.39,1.0000,0.184415,0.161227,146.91,335.37,0.9756,0.229549,0.698686
1786703949.938569,6.464956,218,28.79,118.71,77.70,1.0000,0.185485,0.161884,146.52,335.70,0.9750,0.228937,0.699382
1786703949.958804,6.485190,219,28.79,118.56,77.54,1.0000,0.185248,0.161550,146.35,335.50,0.9749,0.228672,0.698956
1786703949.991491,6.517878,220,28.79,118.31,77.56,1.0000,0.184857,0.161593,146.70,335.02,0.9758,0.229222,0.697957
1786703950.031604,6.557991,221,28.79,118.07,77.53,1.0000,0.184487,0.161523,146.75,335.04,0.9761,0.229293,0.697999
1786703950.055234,6.581621,222,28.79,118.00,77.52,1.0000,0.184372,0.161502,146.90,334.89,0.9768,0.229534,0.697681
1786703950.103813,6.630200,223,28.79,118.12,77.53,1.0000,0.184565,0.161528,146.97,334.64,0.9772,0.229641,0.697163
1786703950.130665,6.657052,224,28.79,118.17,77.50,1.0000,0.184634,0.161457,147.09,334.65,0.9769,0.229828,0.697186
1786703950.161875,6.688262,225,28.79,118.14,77.43,1.0000,0.184601,0.161315,147.08,334.61,0.9770,0.229820,0.697108
1786703950.201858,6.728245,226,29.05,118.16,77.35,1.0000,0.184620,0.161140,147.08,334.64,0.9769,0.229814,0.697162
1786703950.243196,6.769582,227,29.05,118.16,77.28,1.0000,0.184628,0.160994,147.05,334.66,0.9769,0.229765,0.697207
1786703950.282089,6.808475,228,29.05,118.16,77.23,1.0000,0.184630,0.160897,146.87,335.53,0.9760,0.229491,0.699022
1786703950.297701,6.824088,229,29.05,118.17,77.27,1.0000,0.184634,0.160983,146.86,335.53,0.9751,0.229465,0.699011
1786703950.337523,6.863910,230,29.05,118.11,77.42,1.0000,0.184549,0.161290,146.96,335.08,0.9750,0.229625,0.698078
1786703950.353372,6.879758,231,29.05,118.12,77.43,1.0000,0.184564,0.161306,146.96,335.09,0.9743,0.229619,0.698097
1786703950.402464,6.928851,232,29.05,118.10,77.55,1.0000,0.184535,0.161564,146.90,335.12,0.9739,0.229533,0.698160
1786703950.435628,6.962015,233,29.05,118.08,77.55,1.0000,0.184503,0.161563,146.75,335.23,0.9733,0.229295,0.698392
1786703950.459402,6.985789,234,29.05,118.12,77.56,1.0000,0.184565,0.161586,146.80,335.08,0.9728,0.229371,0.698086
1786703950.494509,7.020895,235,29.05,118.15,77.55,1.0000,0.184605,0.161571,146.74,335.30,0.9726,0.229279,0.698532
1786703950.545109,7.071495,236,29.05,118.16,77.45,1.0000,0.184618,0.161360,146.79,335.06,0.9730,0.229363,0.698046
1786703950.564274,7.090661,237,29.05,118.21,77.45,1.0000,0.184698,0.161359,146.59,335.19,0.9725,0.229045,0.698309
1786703950.608600,7.134986,238,29.05,118.37,77.46,1.0000,0.184951,0.161370,146.73,334.65,0.9731,0.229260,0.697197
1786703950.624335,7.150722,239,29.05,118.34,77.41,1.0000,0.184908,0.161273,146.74,334.72,0.9734,0.229279,0.697332
1786703950.669186,7.195573,240,29.05,118.07,77.28,1.0000,0.184486,0.161004,146.85,334.74,0.9733,0.229452,0.697366
1786703950.693557,7.219944,241,29.05,118.08,77.26,1.0000,0.184502,0.160964,146.57,335.00,0.9724,0.229017,0.697924
1786703950.735865,7.262252,242,29.15,118.12,77.25,1.0000,0.184565,0.160943,146.60,334.97,0.9726,0.229060,0.697864
1786703950.751570,7.277957,243,29.15,118.04,77.26,1.0000,0.184436,0.160965,146.19,335.62,0.9723,0.228419,0.699214
1786703950.798646,7.325033,244,29.15,118.04,77.22,1.0000,0.184437,0.160878,146.23,335.55,0.9718,0.228481,0.699055
1786703950.847549,7.373936,245,29.15,117.82,77.24,1.0000,0.184089,0.160918,146.24,335.65,0.9715,0.228506,0.699263
1786703950.894047,7.420434,246,29.15,118.00,77.24,1.0000,0.184377,0.160914,146.31,335.63,0.9713,0.228609,0.699226
1786703950.909652,7.436039,247,29.15,117.95,77.19,1.0000,0.184305,0.160811,146.37,335.53,0.9713,0.228708,0.699026
1786703950.957723,7.484110,248,29.15,117.94,77.20,1.0000,0.184287,0.160838,146.76,334.89,0.9718,0.229308,0.697689
1786703950.973409,7.499796,249,29.15,117.95,77.19,1.0000,0.184289,0.160822,146.75,334.93,0.9714,0.229294,0.697770
1786703951.021567,7.547953,250,29.15,117.85,77.19,1.0000,0.184141,0.160820,146.83,334.77,0.9712,0.229424,0.697437
1786703951.053295,7.579682,251,29.15,117.71,77.19,1.0000,0.183924,0.160819,146.70,335.01,0.9710,0.229225,0.697935
1786703951.056057,7.582444,252,29.15,117.62,77.25,1.0000,0.183777,0.160947,146.76,334.97,0.9711,0.229313,0.697860
1786703951.101415,7.627802,253,29.15,117.60,77.19,1.0000,0.183745,0.160803,146.73,335.20,0.9704,0.229267,0.698336
1786703951.132745,7.659132,254,29.15,117.61,77.19,1.0000,0.183769,0.160811,146.75,335.21,0.9707,0.229294,0.698349
1786703951.164245,7.690632,255,29.15,117.35,77.14,1.0000,0.183366,0.160699,146.78,335.16,0.9707,0.229341,0.698242
1786703951.212654,7.739041,256,29.15,117.33,77.14,1.0000,0.183328,0.160705,146.82,334.73,0.9715,0.229403,0.697359
1786703951.225513,7.751900,257,29.24,117.28,77.14,1.0000,0.183254,0.160699,146.68,335.18,0.9705,0.229180,0.698300
1786703951.260657,7.787044,258,29.24,117.22,76.99,1.0000,0.183149,0.160390,146.66,335.29,0.9703,0.229148,0.698511
1786703951.308777,7.835164,259,29.24,117.12,76.89,1.0000,0.182997,0.160193,146.69,335.41,0.9705,0.229201,0.698762
1786703951.340141,7.866528,260,29.24,117.11,76.89,1.0000,0.182978,0.160186,146.58,335.43,0.9698,0.229027,0.698814
1786703951.372591,7.898978,261,29.24,117.07,76.87,1.0000,0.182926,0.160146,146.56,335.43,0.9697,0.228993,0.698817
1786703951.404433,7.930820,262,29.24,117.02,76.87,1.0000,0.182843,0.160142,146.33,335.28,0.9694,0.228640,0.698492
1786703951.428335,7.954722,263,29.24,116.97,76.86,1.0000,0.182772,0.160124,146.47,335.16,0.9700,0.228866,0.698258
1786703951.484334,8.010721,264,29.24,116.95,77.03,1.0000,0.182740,0.160476,146.53,335.24,0.9702,0.228946,0.698411
1786703951.503285,8.029672,265,29.24,116.96,77.01,1.0000,0.182745,0.160431,146.49,335.23,0.9702,0.228894,0.698388
1786703951.533301,8.059687,266,29.24,117.03,77.01,1.0000,0.182855,0.160428,146.52,335.23,0.9704,0.228939,0.698400
1786703951.566463,8.092849,267,29.24,117.03,77.10,1.0000,0.182854,0.160624,146.55,335.25,0.9696,0.228987,0.698441
1786703951.612327,8.138714,268,29.24,116.66,76.81,1.0000,0.182280,0.160014,146.64,335.19,0.9699,0.229125,0.698304
1786703951.629295,8.155682,269,29.24,116.48,76.76,1.0000,0.181999,0.159922,146.68,335.16,0.9696,0.229185,0.698259
1786703951.675293,8.201680,270,29.24,116.40,76.77,1.0000,0.181883,0.159929,146.74,335.16,0.9702,0.229280,0.698256
1786703951.705996,8.232383,271,29.24,116.41,76.76,1.0000,0.181889,0.159924,146.75,335.17,0.9705,0.229292,0.698268
1786703951.737804,8.264191,272,29.24,116.43,76.77,1.0000,0.181921,0.159930,146.71,335.15,0.9706,0.229227,0.698227
1786703951.769255,8.295642,273,29.47,116.48,76.78,1.0000,0.181993,0.159950,146.73,335.10,0.9704,0.229271,0.698122
1786703951.801136,8.327523,274,29.47,116.47,76.76,1.0000,0.181989,0.159918,146.73,335.08,0.9700,0.229270,0.698087
1786703951.825525,8.351912,275,29.47,116.41,76.72,1.0000,0.181887,0.159829,146.74,335.29,0.9694,0.229279,0.698511
1786703951.864225,8.390611,276,29.47,116.13,76.72,1.0000,0.181449,0.159834,146.73,335.20,0.9694,0.229259,0.698338
1786703951.884810,8.411196,277,29.47,116.04,76.74,1.0000,0.181309,0.159876,146.66,335.23,0.9699,0.229161,0.698403
1786703951.943373,8.469760,278,29.47,115.77,76.74,1.0000,0.180891,0.159880,146.73,335.19,0.9701,0.229272,0.698311
1786703951.960506,8.486893,279,29.47,115.77,76.74,1.0000,0.180888,0.159879,146.70,335.36,0.9700,0.229219,0.698675
1786703952.008023,8.534409,280,29.47,115.82,76.73,1.0000,0.180964,0.159863,146.61,335.57,0.9700,0.229082,0.699101
1786703952.039729,8.566116,281,29.47,115.77,76.69,1.0000,0.180896,0.159770,146.63,335.80,0.9702,0.229111,0.699577
1786703952.060509,8.586896,282,29.47,115.75,76.66,1.0000,0.180855,0.159716,146.57,335.81,0.9703,0.229010,0.699600
1786703952.092335,8.618722,283,29.47,115.59,76.60,1.0000,0.180606,0.159577,146.81,335.65,0.9704,0.229383,0.699273
1786703952.126720,8.653106,284,29.47,115.32,76.76,1.0000,0.180186,0.159925,146.82,335.61,0.9706,0.229405,0.699195
1786703952.166791,8.693178,285,29.47,115.31,76.71,1.0000,0.180178,0.159821,146.77,335.67,0.9704,0.229322,0.699308
1786703952.214505,8.740892,286,29.47,115.32,76.76,1.0000,0.180185,0.159910,146.89,335.55,0.9702,0.229523,0.699073
1786703952.246765,8.773152,287,29.47,115.31,76.75,1.0000,0.180177,0.159903,146.91,335.90,0.9697,0.229549,0.699785
1786703952.262550,8.788937,288,29.47,115.31,76.75,1.0000,0.180175,0.159904,146.83,335.50,0.9693,0.229428,0.698960
1786703952.294059,8.820445,289,29.67,115.32,76.75,1.0000,0.180193,0.159899,146.79,335.75,0.9699,0.229363,0.699489
1786703952.336746,8.863133,290,29.67,115.42,76.75,1.0000,0.180339,0.159886,146.70,335.70,0.9700,0.229217,0.699371
1786703952.373723,8.900110,291,29.67,115.44,76.74,1.0000,0.180376,0.159880,146.63,335.52,0.9698,0.229111,0.698996
1786703952.421513,8.947899,292,29.67,115.63,76.74,1.0000,0.180677,0.159876,146.60,335.27,0.9696,0.229055,0.698480
1786703952.424231,8.950618,293,29.67,115.64,76.77,1.0000,0.180683,0.159937,146.85,335.23,0.9693,0.229452,0.698400
1786703952.485432,9.011819,294,29.67,115.55,76.61,1.0000,0.180552,0.159606,146.84,335.24,0.9699,0.229437,0.698426
1786703952.501362,9.027749,295,29.67,115.54,76.61,1.0000,0.180529,0.159605,146.90,335.06,0.9704,0.229526,0.698045
1786703952.533247,9.059633,296,29.67,115.50,76.73,1.0000,0.180476,0.159855,146.88,335.11,0.9701,0.229507,0.698155
1786703952.565237,9.091624,297,29.67,115.49,76.78,1.0000,0.180460,0.159955,146.95,335.07,0.9699,0.229615,0.698057
1786703952.596397,9.122784,298,29.67,115.43,76.86,1.0000,0.180361,0.160129,146.95,335.07,0.9699,0.229607,0.698052
1786703952.628464,9.154851,299,29.67,115.37,76.85,1.0000,0.180259,0.160114,146.94,335.07,0.9704,0.229594,0.698058
1786703952.675652,9.202039,300,29.67,115.29,76.87,1.0000,0.180148,0.160147,146.82,335.08,0.9706,0.229408,0.698088
1786703952.707713,9.234099,301,29.67,115.29,76.73,1.0000,0.180146,0.159857,146.91,335.02,0.9702,0.229544,0.697959
1786703952.723653,9.250040,302,29.67,115.15,76.73,1.0000,0.179919,0.159850,146.91,335.01,0.9703,0.229543,0.697935
1786703952.763350,9.289737,303,29.67,115.09,76.72,1.0000,0.179826,0.159829,147.10,335.01,0.9703,0.229844,0.697940
1786703952.794855,9.321242,304,29.67,115.09,76.70,1.0000,0.179833,0.159798,147.07,335.04,0.9700,0.229802,0.698005
1786703952.829042,9.355429,305,29.73,115.10,76.70,1.0000,0.179840,0.159795,147.08,335.48,0.9697,0.229806,0.698926
1786703952.857539,9.383926,306,29.73,115.09,76.73,1.0000,0.179829,0.159854,146.59,335.73,0.9701,0.229043,0.699430
1786703952.897154,9.423540,307,29.73,115.09,76.75,1.0000,0.179827,0.159905,146.62,335.74,0.9701,0.229087,0.699463
1786703952.929124,9.455511,308,29.73,115.14,76.75,1.0000,0.179912,0.159893,146.60,335.69,0.9700,0.229064,0.699356
1786703952.976837,9.503224,309,29.73,115.61,76.74,1.0000,0.180642,0.159871,146.64,335.58,0.9705,0.229119,0.699125
1786703952.990222,9.516609,310,29.73,115.91,76.78,1.0000,0.181109,0.159950,146.64,335.50,0.9710,0.229129,0.698967
1786703953.039940,9.566326,311,29.73,115.99,76.78,1.0000,0.181231,0.159953,146.72,335.40,0.9710,0.229242,0.698747
1786703953.072376,9.598763,312,29.73,116.02,76.76,1.0000,0.181280,0.159916,146.71,335.40,0.9710,0.229229,0.698759
1786703953.074554,9.600941,313,29.73,115.94,76.79,1.0000,0.181153,0.159985,146.77,335.36,0.9715,0.229331,0.698666
1786703953.127569,9.653955,314,29.73,115.88,76.82,1.0000,0.181067,0.160034,146.70,335.32,0.9714,0.229225,0.698588
1786703953.164288,9.690675,315,29.73,115.88,76.84,1.0000,0.181064,0.160093,146.71,335.31,0.9717,0.229232,0.698552
1786703953.199897,9.726283,316,29.73,115.85,76.84,1.0000,0.181015,0.160093,146.71,335.44,0.9712,0.229241,0.698837
1786703953.247679,9.774066,317,29.73,115.89,76.85,1.0000,0.181077,0.160095,146.70,335.47,0.9711,0.229220,0.698897
1786703953.263756,9.790143,318,29.73,116.07,76.85,1.0000,0.181360,0.160096,146.72,335.50,0.9713,0.229255,0.698949
1786703953.311193,9.837579,319,29.73,116.07,76.84,1.0000,0.181357,0.160093,146.74,335.53,0.9712,0.229285,0.699030
1786703953.337617,9.864004,320,29.73,115.92,76.87,1.0000,0.181127,0.160136,146.72,335.57,0.9710,0.229255,0.699113
1786703953.391018,9.917405,321,29.48,115.85,76.85,1.0000,0.181022,0.160112,146.73,335.57,0.9709,0.229271,0.699107
1786703953.393022,9.919408,322,29.48,115.85,76.80,1.0000,0.181021,0.160005,146.73,335.44,0.9711,0.229273,0.698838
1786703953.434128,9.960514,323,29.48,115.82,76.78,1.0000,0.180974,0.159964,146.76,335.43,0.9709,0.229309,0.698808
1786703953.518112,10.044499,324,29.48,115.63,76.56,1.0000,0.180665,0.159495,146.87,335.35,0.9705,0.229485,0.698637
1786703953.525900,10.052287,325,29.48,115.53,76.64,1.0000,0.180519,0.159664,146.79,335.61,0.9700,0.229366,0.699195
1786703953.549017,10.075404,326,29.48,115.45,76.67,1.0000,0.180394,0.159737,146.78,335.61,0.9699,0.229350,0.699183
1786703953.564943,10.091330,327,29.48,115.38,76.73,1.0000,0.180281,0.159862,146.75,335.61,0.9700,0.229302,0.699186
1786703953.596431,10.122818,328,29.48,115.34,76.76,1.0000,0.180218,0.159916,146.72,335.60,0.9703,0.229254,0.699170
1786703953.644389,10.170776,329,29.48,115.26,76.76,1.0000,0.180091,0.159915,146.68,335.68,0.9702,0.229181,0.699330
1786703953.676751,10.203138,330,29.48,115.10,76.74,1.0000,0.179849,0.159878,146.66,335.67,0.9698,0.229158,0.699312
1786703953.692553,10.218940,331,29.48,115.07,76.72,1.0000,0.179791,0.159836,146.66,335.60,0.9696,0.229163,0.699170
1786703953.740072,10.266459,332,29.48,115.03,76.70,1.0000,0.179727,0.159792,146.79,335.45,0.9693,0.229367,0.698862
1786703953.763332,10.289719,333,29.48,115.02,76.80,1.0000,0.179719,0.159996,146.78,335.49,0.9693,0.229337,0.698936
1786703953.804219,10.330606,334,29.48,114.98,76.70,1.0000,0.179651,0.159802,146.80,335.42,0.9695,0.229368,0.698801
1786703953.835788,10.362175,335,29.48,115.01,76.70,1.0000,0.179704,0.159796,146.80,335.42,0.9699,0.229370,0.698794
1786703953.867445,10.393832,336,29.48,115.09,76.71,1.0000,0.179834,0.159819,146.89,335.20,0.9704,0.229512,0.698342
1786703953.899430,10.425816,337,29.86,115.09,76.68,1.0000,0.179835,0.159757,146.92,335.15,0.9706,0.229565,0.698238
1786703953.930870,10.457257,338,29.86,115.15,76.68,1.0000,0.179924,0.159756,146.92,335.27,0.9709,0.229564,0.698471
1786703953.962483,10.488870,339,29.86,115.22,76.66,1.0000,0.180026,0.159711,146.82,335.55,0.9708,0.229399,0.699053
1786703953.987033,10.513420,340,29.86,115.22,76.62,1.0000,0.180033,0.159625,146.84,335.40,0.9706,0.229440,0.698743
1786703954.040669,10.567056,341,29.86,115.36,76.65,1.0000,0.180253,0.159687,146.69,335.63,0.9697,0.229199,0.699222
1786703954.072382,10.598769,342,29.86,115.40,76.65,1.0000,0.180309,0.159691,146.70,335.64,0.9701,0.229224,0.699247
1786703954.103470,10.629857,343,29.86,115.38,76.71,1.0000,0.180284,0.159805,146.70,335.62,0.9706,0.229216,0.699215
1786703954.119450,10.645837,344,29.86,115.38,76.71,1.0000,0.180284,0.159803,146.75,335.60,0.9703,0.229300,0.699172
1786703954.167169,10.693556,345,29.86,115.38,76.66,1.0000,0.180284,0.159700,146.71,335.48,0.9699,0.229238,0.698908
1786703954.199197,10.725583,346,29.86,115.39,76.63,1.0000,0.180304,0.159650,146.78,335.26,0.9699,0.229351,0.698451
1786703954.246276,10.772663,347,29.86,115.37,76.61,1.0000,0.180271,0.159600,146.88,335.02,0.9693,0.229494,0.697950
1786703954.265010,10.791396,348,29.86,115.37,76.60,1.0000,0.180271,0.159593,146.87,335.19,0.9696,0.229486,0.698314
1786703954.294357,10.820744,349,29.86,115.43,76.65,1.0000,0.180365,0.159685,146.80,335.27,0.9694,0.229373,0.698477
1786703954.340967,10.867353,350,29.86,115.78,76.66,1.0000,0.180901,0.159705,146.60,335.44,0.9691,0.229067,0.698842
1786703954.372534,10.898920,351,29.86,115.73,76.63,1.0000,0.180832,0.159644,146.56,335.43,0.9693,0.229007,0.698809
1786703954.404232,10.930619,352,29.83,115.51,76.56,1.0000,0.180488,0.159505,146.52,335.50,0.9685,0.228933,0.698954
1786703954.435872,10.962259,353,29.83,115.54,76.46,1.0000,0.180533,0.159299,146.50,335.68,0.9684,0.228908,0.699329
1786703954.474920,11.001307,354,29.83,115.54,76.46,1.0000,0.180529,0.159296,146.49,335.90,0.9679,0.228897,0.699798
1786703954.501397,11.027784,355,29.83,115.28,76.45,1.0000,0.180132,0.159272,146.56,335.89,0.9681,0.229008,0.699765
1786703954.547640,11.074027,356,29.83,115.18,76.45,1.0000,0.179970,0.159267,146.54,336.01,0.9685,0.228962,0.700013
1786703954.579180,11.105567,357,29.83,115.26,76.39,1.0000,0.180090,0.159148,146.48,335.87,0.9690,0.228879,0.699737
1786703954.594325,11.120712,358,29.83,115.28,76.39,1.0000,0.180120,0.159140,146.48,335.78,0.9691,0.228871,0.699544
1786703954.626597,11.152984,359,29.83,115.27,76.32,1.0000,0.180103,0.159010,146.43,335.80,0.9693,0.228795,0.699579
1786703954.657956,11.184343,360,29.83,115.26,76.32,1.0000,0.180094,0.158990,146.42,335.78,0.9688,0.228782,0.699536
1786703954.692838,11.219225,361,29.83,115.29,76.31,1.0000,0.180145,0.158986,146.46,335.35,0.9686,0.228843,0.698643
1786703954.738139,11.264525,362,29.83,115.20,76.29,1.0000,0.180003,0.158929,146.51,335.10,0.9688,0.228916,0.698131
1786703954.783980,11.310367,363,29.83,115.22,76.28,1.0000,0.180027,0.158926,146.47,335.30,0.9684,0.228855,0.698538
1786703954.803020,11.329407,364,29.83,115.22,76.33,1.0000,0.180030,0.159025,146.47,335.27,0.9684,0.228852,0.698482
1786703954.839915,11.366302,365,29.83,115.17,76.29,1.0000,0.179949,0.158941,146.49,335.17,0.9679,0.228883,0.698261
1786703954.881881,11.408267,366,29.83,115.17,76.31,1.0000,0.179956,0.158974,146.30,335.13,0.9681,0.228596,0.698197
1786703954.893101,11.419487,367,29.79,115.18,76.32,1.0000,0.179971,0.158998,146.29,335.21,0.9685,0.228579,0.698354
1786703954.929414,11.455800,368,29.79,115.18,76.34,1.0000,0.179973,0.159046,146.29,335.20,0.9684,0.228583,0.698331
1786703954.976763,11.503150,369,29.79,115.19,76.39,1.0000,0.179984,0.159145,146.39,335.12,0.9686,0.228727,0.698164
1786703955.009027,11.535414,370,29.79,115.19,76.39,1.0000,0.179991,0.159155,146.57,335.10,0.9685,0.229014,0.698132
1786703955.026786,11.553173,371,29.79,115.20,76.40,1.0000,0.179996,0.159165,146.45,335.52,0.9681,0.228821,0.698998
1786703955.089059,11.615445,372,29.79,115.24,76.41,1.0000,0.180063,0.159178,146.49,335.50,0.9684,0.228888,0.698949
1786703955.121552,11.647939,373,29.79,115.24,76.40,1.0000,0.180065,0.159158,146.42,335.65,0.9683,0.228783,0.699277
1786703955.137255,11.663642,374,29.79,115.22,76.43,1.0000,0.180024,0.159222,146.52,335.44,0.9691,0.228943,0.698828
1786703955.184753,11.711140,375,29.79,115.12,76.51,1.0000,0.179876,0.159390,146.59,335.47,0.9694,0.229051,0.698886
1786703955.217252,11.743639,376,29.79,115.11,76.50,1.0000,0.179860,0.159366,146.60,335.55,0.9695,0.229056,0.699060
1786703955.232443,11.758829,377,29.79,115.11,76.35,1.0000,0.179861,0.159068,146.61,335.58,0.9693,0.229076,0.699129
1786703955.267305,11.793692,378,29.79,115.29,76.45,1.0000,0.180136,0.159279,146.73,335.39,0.9701,0.229270,0.698724
1786703955.313204,11.839591,379,29.79,115.29,76.51,1.0000,0.180136,0.159390,146.72,335.50,0.9697,0.229244,0.698952
1786703955.344779,11.871165,380,29.79,115.29,76.58,1.0000,0.180137,0.159543,146.70,335.39,0.9690,0.229214,0.698720
1786703955.375671,11.902057,381,29.79,115.27,76.50,1.0000,0.180112,0.159378,146.73,335.33,0.9689,0.229267,0.698612
1786703955.407519,11.933906,382,29.79,115.41,76.48,1.0000,0.180328,0.159338,146.76,335.19,0.9681,0.229312,0.698313
1786703955.425684,11.952071,383,30.07,115.59,76.81,1.0000,0.180603,0.160027,146.73,335.19,0.9677,0.229270,0.698317
1786703955.471362,11.997749,384,30.07,115.59,76.97,1.0000,0.180602,0.160346,146.87,335.09,0.9677,0.229492,0.698106
1786703955.487415,12.013802,385,30.07,115.59,76.88,1.0000,0.180602,0.160169,146.84,335.34,0.9679,0.229439,0.698623
1786703955.525662,12.052049,386,30.07,115.69,76.95,1.0000,0.180766,0.160303,146.82,335.30,0.9679,0.229412,0.698534
1786703955.560077,12.086463,387,30.07,115.74,76.96,1.0000,0.180840,0.160331,146.85,335.25,0.9679,0.229453,0.698448
1786703955.591829,12.118216,388,30.07,115.70,76.90,1.0000,0.180780,0.160216,146.76,335.29,0.9681,0.229310,0.698513
1786703955.625434,12.151821,389,30.07,115.66,76.90,1.0000,0.180712,0.160206,146.71,335.29,0.9675,0.229229,0.698514
1786703955.660278,12.186665,390,30.07,115.65,76.88,1.0000,0.180707,0.160160,146.73,335.11,0.9677,0.229260,0.698153
1786703955.707983,12.234370,391,30.07,115.57,76.83,1.0000,0.180579,0.160062,146.75,335.05,0.9679,0.229292,0.698017
1786703955.723031,12.249418,392,30.07,115.64,76.84,1.0000,0.180686,0.160084,146.58,335.16,0.9677,0.229035,0.698257
1786703955.770914,12.297301,393,30.07,115.64,76.85,1.0000,0.180693,0.160113,146.71,335.14,0.9673,0.229229,0.698208
1786703955.789139,12.315526,394,30.07,115.62,76.90,1.0000,0.180656,0.160210,146.60,335.26,0.9679,0.229062,0.698454
1786703955.834598,12.360985,395,30.07,115.73,76.90,1.0000,0.180832,0.160211,146.56,335.18,0.9675,0.228999,0.698282
1786703955.883342,12.409729,396,30.07,115.64,76.92,1.0000,0.180691,0.160240,146.50,335.20,0.9675,0.228904,0.698330
1786703955.915457,12.441844,397,30.07,115.51,76.92,1.0000,0.180483,0.160243,146.60,335.12,0.9677,0.229055,0.698171
1786703955.930771,12.457158,398,29.86,115.50,76.90,1.0000,0.180471,0.160217,146.35,335.26,0.9680,0.228673,0.698460
1786703955.955809,12.482196,399,29.86,115.56,76.93,1.0000,0.180563,0.160277,146.41,335.16,0.9680,0.228769,0.698260
1786703955.977945,12.504332,400,29.86,115.53,76.93,1.0000,0.180514,0.160272,146.31,335.18,0.9689,0.228609,0.698286
1786703956.058045,12.584432,401,29.86,115.47,76.91,1.0000,0.180420,0.160224,146.34,335.10,0.9690,0.228649,0.698122
1786703956.064066,12.590452,402,29.86,115.46,76.90,1.0000,0.180400,0.160211,146.44,335.09,0.9686,0.228809,0.698105
1786703956.104267,12.630654,403,29.86,115.45,76.92,1.0000,0.180397,0.160260,146.37,335.27,0.9685,0.228696,0.698488
1786703956.137084,12.663470,404,29.86,115.44,76.97,1.0000,0.180374,0.160345,146.38,335.20,0.9680,0.228720,0.698330
1786703956.155374,12.681761,405,29.86,115.46,76.98,1.0000,0.180399,0.160378,146.43,335.20,0.9687,0.228793,0.698339
1786703956.209496,12.735883,406,29.86,115.49,76.99,1.0000,0.180458,0.160393,146.35,335.33,0.9691,0.228672,0.698607
1786703956.226856,12.753243,407,29.86,115.51,77.01,1.0000,0.180483,0.160432,146.34,335.43,0.9690,0.228655,0.698817
1786703956.264756,12.791143,408,29.86,115.51,77.01,1.0000,0.180477,0.160445,146.35,335.32,0.9691,0.228676,0.698585
1786703956.280491,12.806878,409,29.86,115.52,77.04,1.0000,0.180503,0.160500,146.37,335.44,0.9693,0.228698,0.698839
1786703956.344800,12.871186,410,29.86,115.52,77.04,1.0000,0.180507,0.160502,146.50,335.38,0.9704,0.228910,0.698712
1786703956.376780,12.903167,411,29.86,115.42,77.04,1.0000,0.180351,0.160504,146.58,335.31,0.9705,0.229038,0.698554
1786703956.408423,12.934809,412,29.86,115.44,77.04,1.0000,0.180382,0.160509,146.57,335.25,0.9711,0.229013,0.698431
1786703956.435585,12.961972,413,29.86,115.58,76.87,1.0000,0.180588,0.160138,146.55,335.26,0.9709,0.228987,0.698459
1786703956.463565,12.989952,414,30.09,115.60,76.96,1.0000,0.180621,0.160335,146.53,335.18,0.9707,0.228948,0.698286
1786703956.503721,13.030108,415,30.09,115.62,77.10,1.0000,0.180658,0.160620,146.31,335.54,0.9706,0.228617,0.699035
1786703956.519579,13.045966,416,30.09,115.62,77.12,1.0000,0.180656,0.160656,146.32,335.28,0.9705,0.228628,0.698492
1786703956.572843,13.099230,417,30.09,115.62,77.12,1.0000,0.180660,0.160660,146.24,335.39,0.9703,0.228505,0.698738
1786703956.590880,13.117267,418,30.09,115.63,77.12,1.0000,0.180676,0.160665,146.22,335.55,0.9706,0.228476,0.699064
1786703956.628418,13.154804,419,30.09,115.63,77.13,1.0000,0.180676,0.160679,146.25,335.55,0.9709,0.228521,0.699060
1786703956.673623,13.200010,420,30.09,115.54,77.12,1.0000,0.180539,0.160657,146.17,335.46,0.9704,0.228383,0.698866
1786703956.706782,13.233169,421,30.09,115.55,77.06,1.0000,0.180546,0.160551,146.14,334.97,0.9702,0.228350,0.697864
1786703956.744213,13.270600,422,30.09,115.53,77.08,1.0000,0.180522,0.160581,146.17,335.22,0.9702,0.228392,0.698383
1786703956.760021,13.286408,423,30.09,115.53,77.15,1.0000,0.180523,0.160725,146.13,335.36,0.9707,0.228332,0.698667
1786703956.805377,13.331764,424,30.09,115.51,77.09,1.0000,0.180483,0.160607,146.19,335.44,0.9706,0.228415,0.698838
1786703956.826591,13.352978,425,30.09,115.38,77.08,1.0000,0.180282,0.160585,146.41,335.13,0.9705,0.228769,0.698195
1786703956.860923,13.387310,426,30.09,115.36,77.19,1.0000,0.180257,0.160811,146.36,335.12,0.9699,0.228681,0.698162
1786703956.907037,13.433424,427,30.09,115.62,77.19,1.0000,0.180653,0.160811,146.33,335.26,0.9699,0.228644,0.698454
1786703956.942817,13.469204,428,30.09,115.55,77.18,1.0000,0.180547,0.160785,146.46,335.28,0.9700,0.228849,0.698496
1786703956.977340,13.503726,429,29.95,115.53,77.06,1.0000,0.180515,0.160547,146.46,335.03,0.9699,0.228841,0.697980
1786703957.013665,13.540052,430,29.95,115.52,77.07,1.0000,0.180501,0.160567,146.75,335.03,0.9692,0.229291,0.697971
1786703957.029626,13.556012,431,29.95,115.47,77.02,1.0000,0.180425,0.160452,146.65,335.14,0.9696,0.229140,0.698207
1786703957.045387,13.571773,432,29.95,115.44,77.07,1.0000,0.180373,0.160564,146.66,335.13,0.9696,0.229153,0.698187
1786703957.101548,13.627934,433,29.95,115.23,77.07,1.0000,0.180053,0.160569,146.78,335.26,0.9696,0.229348,0.698453
1786703957.140952,13.667339,434,29.95,115.25,77.09,1.0000,0.180082,0.160611,146.80,335.66,0.9695,0.229369,0.699295
1786703957.156839,13.683226,435,29.95,115.25,77.09,1.0000,0.180082,0.160605,146.83,335.54,0.9693,0.229417,0.699032
1786703957.201799,13.728186,436,29.95,115.25,77.06,1.0000,0.180076,0.160548,146.85,335.17,0.9697,0.229445,0.698261
1786703957.239574,13.765961,437,29.95,115.22,77.11,1.0000,0.180028,0.160649,146.85,335.10,0.9701,0.229451,0.698133
1786703957.265587,13.791974,438,29.95,115.08,77.11,1.0000,0.179818,0.160650,146.91,335.11,0.9702,0.229549,0.698148
1786703957.302731,13.829118,439,29.95,114.91,77.12,1.0000,0.179548,0.160675,146.91,335.36,0.9697,0.229546,0.698666
1786703957.345685,13.872072,440,29.95,114.88,77.10,1.0000,0.179505,0.160630,147.22,335.03,0.9697,0.230029,0.697978
1786703957.380245,13.906632,441,29.95,114.92,77.11,1.0000,0.179561,0.160651,147.21,335.08,0.9696,0.230008,0.698078
1786703957.395993,13.922379,442,29.95,114.88,77.11,1.0000,0.179494,0.160652,147.24,334.86,0.9696,0.230062,0.697624
1786703957.433393,13.959780,443,29.95,114.76,77.11,1.0000,0.179316,0.160647,147.24,334.85,0.9694,0.230059,0.697598
1786703957.464712,13.991099,444,29.95,114.50,77.13,1.0000,0.178905,0.160680,147.26,334.66,0.9703,0.230098,0.697201
1786703957.491499,14.017886,445,30.20,114.42,77.12,1.0000,0.178788,0.160673,147.31,334.65,0.9701,0.230165,0.697194
1786703957.544082,14.070469,446,30.20,114.21,77.12,1.0000,0.178454,0.160666,147.18,334.56,0.9700,0.229975,0.696999
1786703957.549025,14.075411,447,30.20,114.21,77.05,1.0000,0.178457,0.160522,147.18,334.29,0.9699,0.229974,0.696447
1786703957.580471,14.106858,448,30.20,114.21,77.12,1.0000,0.178450,0.160670,147.03,335.01,0.9697,0.229727,0.697928
1786703957.629957,14.156343,449,30.20,114.31,77.17,1.0000,0.178607,0.160778,146.81,335.21,0.9697,0.229395,0.698362
1786703957.659512,14.185899,450,30.20,114.24,77.17,1.0000,0.178501,0.160781,146.81,334.25,0.9694,0.229391,0.696355
1786703957.699998,14.226384,451,30.20,114.24,76.97,1.0000,0.178495,0.160349,146.81,334.35,0.9691,0.229387,0.696567
1786703957.725699,14.252085,452,30.20,114.65,76.97,1.0000,0.179137,0.160348,146.80,334.95,0.9681,0.229369,0.697817
1786703957.768689,14.295075,453,30.20,114.70,77.03,1.0000,0.179214,0.160472,146.79,334.83,0.9681,0.229361,0.697572
1786703957.810812,14.337199,454,30.20,114.60,77.02,1.0000,0.179064,0.160466,146.72,334.25,0.9677,0.229248,0.696356
1786703957.819229,14.345616,455,30.20,114.64,77.13,1.0000,0.179126,0.160678,146.70,334.57,0.9676,0.229212,0.697028
1786703957.858801,14.385188,456,30.20,114.87,77.22,1.0000,0.179491,0.160885,146.73,334.59,0.9677,0.229265,0.697053
1786703957.898242,14.424628,457,30.20,114.65,77.22,1.0000,0.179148,0.160877,146.81,334.56,0.9677,0.229389,0.697006
1786703957.918479,14.444866,458,30.20,114.32,77.07,1.0000,0.178620,0.160568,146.81,334.60,0.9673,0.229392,0.697085
1786703957.959476,14.485862,459,30.20,114.38,77.07,1.0000,0.178712,0.160568,146.81,334.77,0.9674,0.229387,0.697429
1786703957.988695,14.515082,460,30.20,114.54,77.26,1.0000,0.178962,0.160958,146.76,334.75,0.9667,0.229316,0.697404
1786703958.028901,14.555288,461,30.01,114.23,77.26,1.0000,0.178485,0.160950,146.63,334.84,0.9673,0.229117,0.697592
1786703958.053510,14.579897,462,30.01,114.21,76.84,1.0000,0.178458,0.160090,146.54,334.76,0.9673,0.228975,0.697415
1786703958.092295,14.618682,463,30.01,114.14,76.91,1.0000,0.178337,0.160219,146.59,334.85,0.9675,0.229047,0.697604
1786703958.136723,14.663110,464,30.01,114.24,76.94,1.0000,0.178497,0.160296,146.47,335.05,0.9677,0.228865,0.698027
1786703958.170336,14.696723,465,30.01,114.34,76.94,1.0000,0.178658,0.160299,146.48,334.93,0.9675,0.228882,0.697778
1786703958.185407,14.711794,466,30.01,114.34,76.92,1.0000,0.178656,0.160258,146.65,334.73,0.9684,0.229142,0.697356
1786703958.221985,14.748372,467,30.01,114.34,77.01,1.0000,0.178657,0.160428,146.69,335.02,0.9683,0.229204,0.697965
1786703958.268828,14.795215,468,30.01,114.43,77.01,1.0000,0.178790,0.160431,146.77,334.98,0.9689,0.229326,0.697879
1786703958.297535,14.823921,469,30.01,114.20,77.01,1.0000,0.178442,0.160431,146.83,335.01,0.9687,0.229424,0.697935
1786703958.323199,14.849586,470,30.01,114.23,77.01,1.0000,0.178490,0.160435,146.81,335.03,0.9690,0.229397,0.697977
1786703958.364283,14.890670,471,30.01,114.64,77.13,1.0000,0.179120,0.160693,146.61,335.07,0.9687,0.229080,0.698057
1786703958.398436,14.924823,472,30.01,114.66,77.10,1.0000,0.179154,0.160629,146.64,334.96,0.9690,0.229125,0.697838
1786703958.433116,14.959503,473,30.01,114.66,77.10,1.0000,0.179149,0.160627,146.60,335.04,0.9683,0.229055,0.698001
1786703958.463780,14.990167,474,30.01,114.76,77.15,1.0000,0.179320,0.160729,146.57,335.03,0.9688,0.229011,0.697986
1786703958.507418,15.033804,475,30.01,114.89,77.06,1.0000,0.179517,0.160537,146.61,335.08,0.9690,0.229071,0.698090
1786703958.522955,15.049342,476,29.99,114.88,77.15,1.0000,0.179508,0.160735,146.61,335.07,0.9693,0.229081,0.698071
1786703958.581748,15.108134,477,29.99,115.03,76.94,1.0000,0.179741,0.160294,146.68,335.09,0.9698,0.229188,0.698112
1786703958.624314,15.150701,478,29.99,115.42,76.98,1.0000,0.180346,0.160368,146.29,335.78,0.9695,0.228582,0.699538
1786703958.645778,15.172164,479,29.99,115.42,76.95,1.0000,0.180345,0.160312,146.30,335.79,0.9693,0.228588,0.699562
1786703958.677670,15.204057,480,29.99,115.37,76.77,1.0000,0.180258,0.159942,146.30,335.83,0.9688,0.228588,0.699640
1786703958.709440,15.235826,481,29.99,115.31,76.77,1.0000,0.180177,0.159936,146.49,335.47,0.9694,0.228897,0.698900
1786703958.741095,15.267482,482,29.99,115.32,76.77,1.0000,0.180182,0.159948,146.47,335.40,0.9697,0.228861,0.698758
1786703958.773283,15.299669,483,29.99,115.29,76.76,1.0000,0.180133,0.159925,146.54,335.41,0.9696,0.228966,0.698781
1786703958.805186,15.331573,484,29.99,115.26,76.77,1.0000,0.180100,0.159930,146.30,335.72,0.9694,0.228597,0.699423
1786703958.837165,15.363552,485,29.99,115.27,76.79,0.9999,0.180108,0.159978,146.44,335.75,0.9693,0.228809,0.699478
1786703958.860439,15.386826,486,29.99,115.14,76.80,0.9999,0.179902,0.160004,146.51,335.75,0.9689,0.228920,0.699475
1786703958.887013,15.413400,487,29.99,115.19,76.81,1.0000,0.179979,0.160021,146.52,335.72,0.9692,0.228935,0.699413
1786703958.929342,15.455729,488,29.99,115.18,76.99,0.9999,0.179976,0.160404,146.55,335.69,0.9696,0.228987,0.699356
1786703958.964128,15.490514,489,29.99,115.18,77.00,0.9999,0.179973,0.160414,146.56,335.60,0.9700,0.229002,0.699167
1786703958.979426,15.505813,490,29.99,115.30,76.96,0.9999,0.180157,0.160332,146.56,335.60,0.9705,0.229006,0.699168
1786703959.027067,15.553454,491,29.99,115.31,76.98,0.9999,0.180166,0.160375,146.51,335.83,0.9704,0.228922,0.699639
1786703959.071942,15.598329,492,29.94,115.27,76.80,0.9999,0.180102,0.160006,146.52,335.75,0.9707,0.228932,0.699474
1786703959.103740,15.630127,493,29.94,115.26,76.81,0.9999,0.180096,0.160021,146.47,335.88,0.9710,0.228864,0.699740
1786703959.125009,15.651396,494,29.94,115.26,76.81,0.9999,0.180095,0.160025,146.51,335.59,0.9716,0.228922,0.699150
1786703959.159376,15.685763,495,29.94,115.20,76.71,0.9999,0.179994,0.159810,146.64,335.36,0.9715,0.229124,0.698672
1786703959.191162,15.717549,496,29.94,115.19,76.72,0.9999,0.179990,0.159823,146.62,335.24,0.9719,0.229089,0.698416
1786703959.234089,15.760476,497,29.94,115.17,76.67,0.9999,0.179947,0.159723,146.72,334.94,0.9722,0.229244,0.697792
1786703959.249736,15.776123,498,29.94,115.15,76.67,0.9999,0.179920,0.159728,146.73,335.04,0.9726,0.229265,0.698004
1786703959.314150,15.840537,499,29.94,115.36,76.82,0.9999,0.180248,0.160042,146.73,335.15,0.9728,0.229262,0.698235
1786703959.328351,15.854737,500,29.94,115.41,76.81,0.9999,0.180323,0.160026,146.73,334.70,0.9729,0.229261,0.697292
1786703959.358189,15.884576,501,29.94,115.40,76.88,0.9999,0.180312,0.160161,146.71,334.90,0.9731,0.229234,0.697709
1786703959.410527,15.936913,502,29.94,115.45,76.89,0.9999,0.180391,0.160194,146.75,334.74,0.9733,0.229296,0.697384
1786703959.426378,15.952765,503,29.94,115.45,76.96,0.9999,0.180390,0.160342,146.75,334.76,0.9734,0.229304,0.697425
1786703959.466215,15.992602,504,29.94,115.58,77.34,0.9999,0.180595,0.161134,146.76,334.52,0.9736,0.229317,0.696917
1786703959.503620,16.030007,505,29.94,115.63,77.66,0.9999,0.180668,0.161786,146.92,334.55,0.9737,0.229568,0.696977
1786703959.525062,16.051449,506,29.94,115.67,77.70,0.9999,0.180742,0.161881,146.96,334.57,0.9736,0.229628,0.697019
1786703959.556919,16.083306,507,29.94,115.74,77.87,0.9999,0.180842,0.162223,146.86,335.07,0.9734,0.229468,0.698052
1786703959.591164,16.117551,508,30.06,115.81,77.99,0.9999,0.180951,0.162481,146.84,335.19,0.9735,0.229431,0.698307
1786703959.636143,16.162530,509,30.06,115.85,78.11,0.9999,0.181013,0.162733,146.84,335.12,0.9739,0.229437,0.698161
1786703959.665124,16.191510,510,30.06,115.83,78.11,0.9999,0.180991,0.162725,146.83,335.29,0.9739,0.229418,0.698515
1786703959.699974,16.226361,511,30.06,115.80,78.11,0.9999,0.180943,0.162729,147.01,335.20,0.9742,0.229698,0.698329
1786703959.734215,16.260602,512,30.06,115.62,77.98,0.9999,0.180651,0.162448,146.95,335.44,0.9737,0.229613,0.698825
1786703959.757446,16.283833,513,30.06,115.73,77.99,0.9999,0.180832,0.162480,146.92,335.52,0.9738,0.229563,0.699005
1786703959.795057,16.321444,514,30.06,115.72,77.99,0.9999,0.180820,0.162471,147.05,335.19,0.9741,0.229769,0.698317
1786703959.831796,16.358183,515,30.06,115.72,77.80,0.9999,0.180810,0.162084,146.93,335.32,0.9736,0.229580,0.698583
1786703959.853141,16.379528,516,30.06,115.69,77.70,0.9999,0.180764,0.161876,147.02,335.18,0.9735,0.229711,0.698286
1786703959.894683,16.421070,517,30.06,115.42,77.59,0.9999,0.180345,0.161643,147.18,335.10,0.9739,0.229970,0.698126
1786703959.932434,16.458820,518,30.06,115.40,77.55,0.9999,0.180314,0.161568,147.18,335.11,0.9740,0.229963,0.698156
1786703959.966939,16.493325,519,30.06,115.35,77.43,0.9999,0.180232,0.161309,147.18,335.11,0.9740,0.229976,0.698153
1786703959.995275,16.521662,520,30.06,115.37,77.53,0.9999,0.180268,0.161529,147.14,335.28,0.9739,0.229907,0.698490
1786703960.026322,16.552709,521,30.06,115.38,77.53,0.9999,0.180278,0.161530,147.12,335.30,0.9735,0.229871,0.698547
1786703960.060802,16.587189,522,30.06,115.38,77.61,0.9999,0.180274,0.161689,147.08,335.30,0.9733,0.229815,0.698548
1786703960.096080,16.622466,523,30.06,115.35,77.64,0.9999,0.180230,0.161752,146.97,335.25,0.9734,0.229634,0.698447
1786703960.137081,16.663468,524,29.92,115.35,77.71,0.9999,0.180228,0.161889,146.93,335.16,0.9735,0.229583,0.698243
1786703960.168679,16.695065,525,29.92,115.25,77.62,0.9999,0.180079,0.161710,146.92,335.16,0.9734,0.229563,0.698248
1786703960.203013,16.729399,526,29.92,115.13,77.27,0.9999,0.179889,0.160985,147.07,335.08,0.9734,0.229804,0.698078
1786703960.213776,16.740162,527,29.92,115.06,77.48,0.9999,0.179776,0.161412,147.06,335.24,0.9733,0.229776,0.698427
1786703960.288778,16.815165,528,29.92,115.15,77.48,0.9999,0.179923,0.161421,146.98,335.31,0.9731,0.229657,0.698562
1786703960.303350,16.829736,529,29.92,115.12,77.50,0.9999,0.179879,0.161466,147.12,334.99,0.9736,0.229878,0.697894
1786703960.327950,16.854337,530,29.92,115.12,77.48,0.9999,0.179878,0.161426,147.11,335.02,0.9734,0.229857,0.697950
1786703960.367973,16.894359,531,29.92,115.11,77.51,0.9999,0.179861,0.161473,147.09,335.07,0.9735,0.229829,0.698064
1786703960.398844,16.925231,532,29.92,115.12,77.51,0.9999,0.179877,0.161480,147.00,335.21,0.9734,0.229688,0.698345
1786703960.436751,16.963138,533,29.92,115.12,77.52,0.9999,0.179878,0.161497,147.06,335.21,0.9730,0.229776,0.698361
1786703960.473476,16.999863,534,29.92,115.13,77.52,0.9999,0.179893,0.161500,147.02,335.12,0.9730,0.229725,0.698163
1786703960.505028,17.031415,535,29.92,115.13,77.46,0.9999,0.179897,0.161365,146.94,335.00,0.9731,0.229599,0.697914
1786703960.537015,17.063402,536,29.92,115.01,77.46,0.9999,0.179698,0.161377,146.96,335.06,0.9730,0.229627,0.698043
1786703960.576037,17.102424,537,29.92,115.01,77.54,0.9999,0.179702,0.161552,146.97,335.07,0.9728,0.229638,0.698060
1786703960.604426,17.130813,538,29.92,114.95,77.49,0.9999,0.179608,0.161433,146.96,335.09,0.9725,0.229631,0.698112
1786703960.648867,17.175254,539,29.79,115.02,77.28,0.9999,0.179726,0.161008,146.97,335.11,0.9724,0.229643,0.698143
1786703960.664520,17.190907,540,29.79,115.03,77.31,0.9999,0.179727,0.161073,147.05,334.87,0.9723,0.229762,0.697644
1786703960.690645,17.217032,541,29.79,115.04,77.31,0.9999,0.179752,0.161072,147.05,334.87,0.9720,0.229768,0.697643
1786703960.735011,17.261398,542,29.79,115.02,77.33,0.9999,0.179725,0.161114,146.88,334.92,0.9719,0.229504,0.697756
1786703960.768586,17.294972,543,29.79,114.93,77.27,0.9999,0.179576,0.160978,146.89,334.90,0.9724,0.229513,0.697698
1786703960.784486,17.310873,544,29.79,114.93,77.26,0.9999,0.179578,0.160950,146.90,334.88,0.9724,0.229530,0.697663
1786703960.842856,17.369243,545,29.79,114.93,77.19,0.9999,0.179577,0.160815,147.08,334.82,0.9728,0.229810,0.697535
1786703960.858462,17.384848,546,29.79,114.89,77.16,0.9999,0.179523,0.160759,147.01,334.95,0.9730,0.229703,0.697822
1786703960.893404,17.419791,547,29.79,114.90,77.09,0.9999,0.179524,0.160604,147.10,334.78,0.9730,0.229836,0.697468
1786703960.939011,17.465398,548,29.79,114.88,77.14,0.9999,0.179504,0.160702,147.10,334.73,0.9729,0.229837,0.697358
1786703960.963343,17.489729,549,29.79,115.09,77.49,0.9999,0.179821,0.161429,147.09,334.87,0.9725,0.229827,0.697649
1786703961.008044,17.534431,550,29.79,115.09,77.37,0.9999,0.179827,0.161195,146.95,334.92,0.9727,0.229611,0.697752
1786703961.023896,17.550283,551,29.79,115.10,77.21,0.9999,0.179848,0.160861,146.94,334.91,0.9726,0.229593,0.697730
1786703961.069098,17.595484,552,29.79,115.16,77.21,0.9999,0.179943,0.160858,146.95,335.37,0.9726,0.229602,0.698684
1786703961.090290,17.616677,553,29.79,115.32,77.22,0.9999,0.180191,0.160874,146.96,335.34,0.9725,0.229624,0.698621
1786703961.132746,17.659133,554,29.79,115.23,77.22,1.0000,0.180046,0.160871,146.87,335.36,0.9725,0.229491,0.698665
1786703961.183459,17.709846,555,29.80,115.22,77.16,1.0000,0.180039,0.160753,146.94,335.33,0.9724,0.229591,0.698597
1786703961.199125,17.725512,556,29.80,115.22,77.13,1.0000,0.180038,0.160678,147.06,335.09,0.9730,0.229786,0.698097
1786703961.227433,17.753820,557,29.80,115.24,77.12,1.0000,0.180063,0.160663,147.05,335.08,0.9730,0.229770,0.698074
1786703961.265805,17.792192,558,29.80,115.38,77.11,1.0000,0.180278,0.160656,146.98,334.61,0.9729,0.229653,0.697096
1786703961.300833,17.827219,559,29.80,115.32,77.20,1.0000,0.180193,0.160838,147.03,334.52,0.9729,0.229730,0.696927
1786703961.326888,17.853275,560,29.80,115.42,77.24,1.0000,0.180350,0.160917,147.09,334.53,0.9726,0.229826,0.696940
1786703961.360021,17.886408,561,29.80,115.44,77.30,1.0000,0.180367,0.161043,146.99,334.69,0.9723,0.229673,0.697269
1786703961.390571,17.916957,562,29.80,115.40,77.30,1.0000,0.180307,0.161050,147.01,334.77,0.9719,0.229706,0.697443
1786703961.438244,17.964631,563,29.80,115.61,77.33,1.0000,0.180648,0.161096,147.00,334.19,0.9723,0.229695,0.696220
1786703961.456460,17.982846,564,29.80,115.62,77.33,1.0000,0.180662,0.161095,147.00,334.20,0.9727,0.229689,0.696252
1786703961.510888,18.037275,565,29.80,115.75,77.27,1.0000,0.180857,0.160986,146.96,334.45,0.9729,0.229620,0.696773
1786703961.531935,18.058322,566,29.80,115.85,77.32,1.0000,0.181019,0.161075,147.00,334.34,0.9731,0.229695,0.696545
1786703961.547688,18.074075,567,29.80,115.88,77.33,1.0000,0.181055,0.161113,147.02,334.34,0.9731,0.229711,0.696532
1786703961.592829,18.119215,568,29.80,115.98,77.26,1.0000,0.181224,0.160955,146.98,334.27,0.9729,0.229656,0.696391
1786703961.633079,18.159466,569,29.80,116.00,77.26,0.9999,0.181257,0.160953,146.99,334.25,0.9729,0.229672,0.696348
1786703961.674995,18.201382,570,29.80,116.00,77.26,0.9999,0.181255,0.160953,146.99,334.34,0.9731,0.229675,0.696531
1786703961.706638,18.233025,571,29.96,116.04,77.25,0.9999,0.181320,0.160933,147.02,334.40,0.9730,0.229712,0.696664
1786703961.737731,18.264118,572,29.96,116.10,77.25,0.9999,0.181399,0.160931,147.01,334.42,0.9731,0.229710,0.696711
1786703961.769829,18.296216,573,29.96,116.24,77.15,0.9999,0.181621,0.160729,147.01,334.49,0.9727,0.229701,0.696859
1786703961.801504,18.327891,574,29.96,116.19,77.15,0.9999,0.181550,0.160731,147.06,334.49,0.9728,0.229774,0.696857
1786703961.835113,18.361500,575,29.96,116.21,77.21,0.9999,0.181585,0.160862,147.02,334.65,0.9733,0.229715,0.697192
1786703961.864873,18.391260,576,29.96,116.35,77.34,0.9999,0.181794,0.161120,147.05,334.58,0.9727,0.229761,0.697041
1786703961.896751,18.423138,577,29.96,116.35,77.33,0.9999,0.181795,0.161098,147.06,334.59,0.9729,0.229777,0.697071
1786703961.925240,18.451627,578,29.96,116.43,77.33,0.9999,0.181915,0.161113,147.08,334.27,0.9728,0.229805,0.696391
1786703962.002520,18.528907,579,29.96,116.39,77.32,0.9999,0.181854,0.161094,147.04,334.35,0.9729,0.229747,0.696565
1786703962.019749,18.546136,580,29.96,116.29,77.33,0.9999,0.181711,0.161096,147.02,334.31,0.9730,0.229724,0.696481
1786703962.040226,18.566613,581,29.96,116.18,77.31,0.9999,0.181538,0.161054,147.01,334.29,0.9733,0.229708,0.696446
1786703962.075786,18.602173,582,29.96,116.17,77.30,0.9999,0.181520,0.161044,147.00,334.24,0.9737,0.229686,0.696337
1786703962.103136,18.629523,583,29.96,116.12,77.32,0.9999,0.181441,0.161083,147.01,334.21,0.9737,0.229707,0.696269
1786703962.118786,18.645173,584,29.96,115.96,77.13,0.9999,0.181190,0.160679,147.01,334.20,0.9738,0.229698,0.696260
1786703962.166486,18.692873,585,29.96,115.96,77.13,0.9999,0.181187,0.160679,146.90,334.20,0.9739,0.229535,0.696251
1786703962.198373,18.724759,586,29.96,115.85,77.39,0.9999,0.181012,0.161227,146.89,334.20,0.9740,0.229521,0.696247
1786703962.261952,18.788339,587,29.87,115.81,77.32,0.9999,0.180949,0.161089,146.90,334.08,0.9739,0.229525,0.696003
1786703962.277991,18.804378,588,29.87,115.80,77.31,0.9999,0.180941,0.161063,147.04,333.99,0.9735,0.229755,0.695806
1786703962.295851,18.822238,589,29.87,115.80,77.33,0.9999,0.180934,0.161104,147.04,333.95,0.9738,0.229754,0.695731
1786703962.325612,18.851998,590,29.87,115.78,77.52,0.9999,0.180907,0.161495,147.10,334.07,0.9724,0.229849,0.695985
1786703962.373088,18.899474,591,29.87,115.70,77.52,0.9999,0.180781,0.161493,146.94,334.08,0.9722,0.229598,0.695997
1786703962.394277,18.920664,592,29.87,115.70,77.46,0.9999,0.180779,0.161367,146.93,334.05,0.9719,0.229573,0.695942
1786703962.454792,18.981179,593,29.87,115.65,77.55,0.9999,0.180699,0.161571,146.90,334.27,0.9713,0.229536,0.696390
1786703962.484072,19.010459,594,29.87,115.64,77.54,0.9999,0.180686,0.161548,146.80,334.27,0.9713,0.229380,0.696396
1786703962.499388,19.025775,595,29.87,115.60,77.38,0.9999,0.180624,0.161207,146.81,334.09,0.9715,0.229395,0.696028
1786703962.538614,19.065001,596,29.87,115.60,77.38,0.9999,0.180621,0.161206,146.84,334.08,0.9711,0.229442,0.696004
1786703962.578752,19.105139,597,29.87,115.57,76.94,0.9999,0.180580,0.160296,146.84,334.03,0.9710,0.229433,0.695905
1786703962.594706,19.121092,598,29.87,115.53,76.95,0.9999,0.180520,0.160311,146.76,334.13,0.9705,0.229318,0.696109
1786703962.642574,19.168961,599,29.87,115.59,77.23,0.9999,0.180614,0.160892,146.78,333.91,0.9709,0.229339,0.695643
1786703962.665685,19.192072,600,29.87,115.54,77.24,0.9999,0.180534,0.160912,146.74,334.22,0.9711,0.229277,0.696287
1786703962.718792,19.245178,601,29.87,115.28,76.97,0.9999,0.180122,0.160352,146.77,334.29,0.9710,0.229332,0.696435
1786703962.737407,19.263794,602,29.87,115.27,76.96,0.9999,0.180110,0.160342,146.82,334.32,0.9714,0.229413,0.696492
1786703962.768611,19.294998,603,30.04,115.29,76.97,0.9999,0.180147,0.160348,146.81,334.32,0.9709,0.229389,0.696504
1786703962.800399,19.326786,604,30.04,115.28,77.04,0.9999,0.180122,0.160498,146.85,334.31,0.9709,0.229450,0.696472
1786703962.832195,19.358582,605,30.04,115.27,77.02,0.9999,0.180104,0.160468,146.88,334.31,0.9712,0.229505,0.696472
1786703962.871960,19.398347,606,30.04,115.17,76.98,0.9999,0.179957,0.160378,146.89,334.36,0.9712,0.229508,0.696575
1786703962.898512,19.424899,607,30.04,115.53,77.32,0.9999,0.180513,0.161083,146.87,334.67,0.9709,0.229483,0.697233
1786703962.913846,19.440233,608,30.04,115.61,77.43,0.9999,0.180642,0.161303,146.88,334.71,0.9706,0.229500,0.697320
1786703962.962860,19.489247,609,30.04,115.61,77.46,0.9999,0.180644,0.161369,146.92,334.70,0.9707,0.229562,0.697296
1786703962.994402,19.520789,610,30.04,115.89,77.80,0.9999,0.181085,0.162083,146.93,334.13,0.9711,0.229582,0.696105
1786703963.054439,19.580826,611,30.04,115.90,77.87,0.9999,0.181096,0.162224,147.02,334.19,0.9713,0.229725,0.696239
1786703963.071854,19.598241,612,30.04,115.91,77.87,0.9999,0.181108,0.162230,147.03,334.47,0.9713,0.229727,0.696806
1786703963.087598,19.613984,613,30.04,115.90,77.91,0.9999,0.181089,0.162320,147.11,334.43,0.9708,0.229863,0.696722
1786703963.132502,19.658889,614,30.04,115.89,78.02,0.9999,0.181086,0.162536,147.07,334.98,0.9706,0.229798,0.697871
1786703963.169297,19.695684,615,30.04,115.89,77.96,0.9999,0.181078,0.162411,147.05,334.95,0.9705,0.229770,0.697820
1786703963.194959,19.721346,616,30.04,115.85,77.91,0.9999,0.181011,0.162303,147.16,334.96,0.9707,0.229931,0.697834
1786703963.232280,19.758667,617,30.04,116.18,77.85,0.9999,0.181525,0.162193,147.16,334.86,0.9707,0.229932,0.697627
1786703963.292731,19.819118,618,29.76,116.17,77.92,0.9999,0.181517,0.162339,147.16,334.79,0.9712,0.229939,0.697471
1786703963.324218,19.850604,619,29.76,116.25,77.91,0.9999,0.181635,0.162303,147.13,334.58,0.9711,0.229894,0.697049
1786703963.326922,19.853308,620,29.76,116.31,78.00,0.9999,0.181742,0.162494,147.13,334.84,0.9713,0.229883,0.697593
1786703963.368671,19.895058,621,29.76,116.32,78.00,0.9999,0.181753,0.162508,147.11,334.93,0.9719,0.229856,0.697761
1786703963.395100,19.921487,622,29.76,116.59,78.00,0.9999,0.182177,0.162502,147.09,335.05,0.9723,0.229834,0.698026
1786703963.462224,19.988611,623,29.76,116.56,78.11,0.9999,0.182125,0.162735,147.09,335.20,0.9724,0.229830,0.698344
1786703963.464911,19.991297,624,29.76,116.55,78.11,0.9999,0.182107,0.162730,147.10,335.18,0.9729,0.229839,0.698284
1786703963.496694,20.023080,625,29.76,116.55,78.00,0.9999,0.182104,0.162502,147.03,335.13,0.9732,0.229742,0.698192
1786703963.532067,20.058454,626,29.76,116.57,77.98,0.9999,0.182138,0.162462,147.03,335.16,0.9732,0.229728,0.698240
1786703963.566334,20.092721,627,29.76,116.79,77.97,0.9999,0.182488,0.162435,147.08,334.91,0.9736,0.229809,0.697737
1786703963.597704,20.124090,628,29.76,116.74,77.95,0.9999,0.182409,0.162396,147.15,334.83,0.9737,0.229928,0.697554
1786703963.634451,20.160838,629,29.76,116.70,77.88,0.9999,0.182343,0.162246,147.16,334.84,0.9739,0.229943,0.697575
1786703963.662656,20.189043,630,29.76,116.77,77.88,0.9999,0.182460,0.162244,147.17,334.78,0.9741,0.229955,0.697469
1786703963.698463,20.224849,631,29.76,116.81,77.99,0.9999,0.182522,0.162472,147.17,334.80,0.9742,0.229953,0.697494
1786703963.746024,20.272411,632,29.76,116.74,77.99,0.9999,0.182399,0.162484,147.09,334.96,0.9742,0.229827,0.697838
1786703963.763709,20.290096,633,29.76,116.75,77.96,0.9999,0.182416,0.162419,147.10,334.80,0.9741,0.229841,0.697506
1786703963.796662,20.323048,634,30.19,116.66,77.94,0.9999,0.182283,0.162379,147.10,334.72,0.9737,0.229838,0.697333
1786703963.828230,20.354617,635,30.19,116.63,78.00,0.9999,0.182230,0.162506,147.24,334.54,0.9739,0.230068,0.696968
1786703963.867772,20.394159,636,30.19,116.64,78.05,0.9999,0.182250,0.162602,147.21,334.59,0.9737,0.230018,0.697057
1786703963.905817,20.432204,637,30.19,116.64,78.04,0.9999,0.182250,0.162592,147.13,334.38,0.9740,0.229896,0.696630
1786703963.921448,20.447834,638,30.19,116.61,78.08,0.9999,0.182210,0.162667,147.11,334.37,0.9740,0.229867,0.696602
1786703963.953766,20.480153,639,30.19,116.66,77.96,0.9999,0.182289,0.162415,147.10,334.38,0.9738,0.229842,0.696623
1786703963.993327,20.519713,640,30.19,116.50,77.96,0.9999,0.182034,0.162421,147.20,334.44,0.9740,0.229994,0.696758
1786703964.027094,20.553480,641,30.19,116.21,78.11,1.0000,0.181583,0.162738,147.08,334.58,0.9740,0.229814,0.697038
1786703964.080781,20.607167,642,30.19,116.26,78.13,1.0000,0.181662,0.162763,146.74,335.16,0.9740,0.229276,0.698247
1786703964.115158,20.641545,643,30.19,116.17,78.14,0.9999,0.181519,0.162787,146.73,335.24,0.9737,0.229262,0.698418
1786703964.135684,20.662071,644,30.19,116.01,78.13,1.0000,0.181267,0.162771,146.76,335.22,0.9737,0.229308,0.698383
1786703964.167599,20.693986,645,30.19,115.96,78.09,1.0000,0.181186,0.162681,146.76,335.12,0.9738,0.229305,0.698173
1786703964.199825,20.726212,646,30.19,115.96,78.08,1.0000,0.181187,0.162661,146.73,335.02,0.9736,0.229271,0.697956
1786703964.231488,20.757875,647,30.19,115.97,78.08,1.0000,0.181210,0.162661,146.76,335.12,0.9737,0.229310,0.698161
1786703964.259202,20.785588,648,30.19,116.23,78.07,1.0000,0.181615,0.162646,146.74,335.28,0.9735,0.229278,0.698496
1786703964.333776,20.860163,649,29.73,116.30,78.21,1.0000,0.181719,0.162944,146.75,335.23,0.9733,0.229299,0.698393
1786703964.349824,20.876211,651,29.73,115.90,78.11,1.0000,0.181094,0.162730,146.70,335.50,0.9727,0.229224,0.698950
1786703964.397396,20.923783,652,29.73,115.90,77.83,1.0000,0.181091,0.162139,146.52,335.68,0.9723,0.228944,0.699334
1786703964.444939,20.971326,653,29.73,115.69,77.31,1.0000,0.180770,0.161054,146.56,335.78,0.9722,0.228993,0.699546
1786703964.460229,20.986615,654,29.73,115.60,77.30,1.0000,0.180619,0.161051,146.55,335.77,0.9720,0.228987,0.699522
1786703964.503103,21.029490,655,29.73,115.38,77.31,0.9999,0.180281,0.161052,146.63,335.60,0.9722,0.229109,0.699159
1786703964.540005,21.066392,656,29.73,115.29,77.27,0.9999,0.180138,0.160970,146.66,335.42,0.9727,0.229150,0.698791
1786703964.555943,21.082330,657,29.73,115.12,77.24,0.9999,0.179880,0.160920,146.79,335.31,0.9733,0.229363,0.698555
1786703964.620826,21.147213,658,29.73,114.86,77.18,0.9999,0.179472,0.160781,147.03,335.22,0.9736,0.229737,0.698370
1786703964.635451,21.161838,659,29.73,114.68,77.31,0.9999,0.179184,0.161056,147.12,335.23,0.9738,0.229877,0.698399
1786703964.651401,21.177788,660,29.73,114.52,77.32,0.9999,0.178943,0.161084,147.23,335.23,0.9741,0.230039,0.698399
1786703964.699317,21.225704,661,29.73,114.46,77.40,1.0000,0.178840,0.161244,147.04,335.45,0.9738,0.229745,0.698857
1786703964.721312,21.247699,662,29.73,114.44,77.51,1.0000,0.178812,0.161484,147.04,335.43,0.9737,0.229744,0.698820
1786703964.777868,21.304255,663,29.73,114.44,77.64,1.0000,0.178816,0.161740,146.98,335.43,0.9738,0.229660,0.698817
1786703964.793581,21.319968,664,29.73,114.30,77.68,1.0000,0.178600,0.161837,147.13,335.35,0.9740,0.229889,0.698637
1786703964.858255,21.384642,665,29.53,114.30,77.68,1.0000,0.178600,0.161842,146.83,335.63,0.9738,0.229423,0.699223
1786703964.872909,21.399296,666,29.53,114.26,77.69,1.0000,0.178527,0.161845,146.78,335.61,0.9741,0.229348,0.699186
1786703964.905264,21.431650,667,29.53,114.26,77.89,1.0000,0.178531,0.162264,146.79,335.30,0.9741,0.229354,0.698540
1786703964.936690,21.463076,668,29.53,114.27,77.80,1.0000,0.178543,0.162081,146.92,335.18,0.9743,0.229559,0.698287
1786703964.959571,21.485958,669,29.53,114.28,77.80,1.0000,0.178557,0.162079,146.87,335.25,0.9738,0.229486,0.698444
1786703965.026613,21.553000,670,29.53,114.40,77.93,1.0000,0.178755,0.162359,146.82,335.31,0.9731,0.229402,0.698559
1786703965.029175,21.555562,671,29.53,114.41,77.97,1.0000,0.178760,0.162435,146.85,335.33,0.9727,0.229455,0.698608
1786703965.062742,21.589129,672,29.53,114.41,77.95,1.0000,0.178761,0.162390,146.86,335.32,0.9720,0.229464,0.698577
1786703965.125705,21.652092,673,29.53,114.41,77.93,1.0000,0.178764,0.162348,146.87,335.06,0.9712,0.229478,0.698042
1786703965.140801,21.667188,674,29.53,114.54,77.93,1.0000,0.178970,0.162348,146.70,335.52,0.9710,0.229217,0.699006
1786703965.168184,21.694571,675,29.53,114.59,77.93,1.0000,0.179040,0.162348,146.66,335.53,0.9713,0.229155,0.699017
1786703965.172619,21.699006,676,29.53,114.58,77.92,1.0000,0.179034,0.162326,146.79,335.40,0.9716,0.229366,0.698748
1786703965.216419,21.742805,677,29.53,114.59,77.88,1.0000,0.179046,0.162243,146.77,335.37,0.9711,0.229327,0.698679
1786703965.268087,21.794474,678,29.53,114.61,77.75,1.0000,0.179083,0.161971,146.79,335.50,0.9714,0.229362,0.698963
1786703965.299502,21.825889,679,29.53,114.63,77.75,1.0000,0.179108,0.161973,146.82,335.40,0.9713,0.229404,0.698741
1786703965.339338,21.865725,680,29.53,114.63,77.74,1.0000,0.179112,0.161958,146.62,335.48,0.9715,0.229101,0.698912
1786703965.443028,21.969414,681,29.07,115.30,78.13,1.0000,0.180161,0.162775,146.49,335.48,0.9719,0.228889,0.698927
1786703965.459127,21.985514,683,29.07,115.35,78.13,1.0000,0.180232,0.162770,146.50,335.17,0.9725,0.228914,0.698276
1786703965.475103,22.001490,684,29.07,115.34,78.12,1.0000,0.180220,0.162758,146.51,335.20,0.9722,0.228918,0.698329
1786703965.507322,22.033709,685,29.07,115.30,78.12,1.0000,0.180158,0.162750,146.65,335.10,0.9724,0.229135,0.698119
1786703965.548813,22.075200,686,29.07,115.28,78.10,1.0000,0.180127,0.162718,146.66,335.34,0.9727,0.229163,0.698623
1786703965.551423,22.077810,687,29.07,115.29,78.11,1.0000,0.180142,0.162727,146.60,335.34,0.9727,0.229064,0.698620
1786703965.601413,22.127800,688,29.07,115.35,78.15,1.0000,0.180241,0.162807,146.60,335.21,0.9729,0.229068,0.698352
1786703965.628192,22.154579,689,29.07,115.47,78.10,1.0000,0.180416,0.162703,146.65,335.19,0.9731,0.229147,0.698310
1786703965.675540,22.201927,690,29.07,115.55,78.09,1.0000,0.180554,0.162689,146.78,335.21,0.9730,0.229337,0.698346
1786703965.723091,22.249478,691,29.07,115.61,78.09,1.0000,0.180646,0.162693,146.87,335.34,0.9734,0.229487,0.698630
1786703965.754191,22.280578,692,29.07,115.71,78.04,1.0000,0.180803,0.162585,146.83,335.36,0.9735,0.229425,0.698676
1786703965.770099,22.296486,693,29.07,115.90,78.00,1.0000,0.181091,0.162509,146.87,335.28,0.9738,0.229486,0.698501
1786703965.817742,22.344128,694,29.07,116.23,77.98,1.0000,0.181614,0.162460,146.97,335.10,0.9741,0.229642,0.698125
1786703965.833519,22.359906,695,29.07,116.25,77.87,1.0000,0.181636,0.162219,146.97,334.98,0.9743,0.229647,0.697876
1786703965.880889,22.407276,696,29.07,116.53,77.86,1.0000,0.182078,0.162217,147.02,334.94,0.9740,0.229712,0.697799
1786703965.896636,22.423023,697,29.07,116.55,77.85,1.0000,0.182116,0.162186,147.09,334.81,0.9739,0.229826,0.697526
1786703965.915905,22.442292,698,29.07,116.53,77.80,1.0000,0.182072,0.162093,147.22,334.79,0.9740,0.230034,0.697474
1786703965.965317,22.491704,699,29.82,116.51,77.90,1.0000,0.182050,0.162299,147.28,334.79,0.9744,0.230127,0.697479
1786703965.993786,22.520172,700,29.82,116.77,77.90,1.0000,0.182456,0.162291,147.40,334.75,0.9745,0.230313,0.697399
1786703966.029272,22.555659,701,29.82,116.72,77.87,1.0000,0.182368,0.162236,147.42,334.87,0.9745,0.230345,0.697656
1786703966.071738,22.598124,702,29.82,116.57,77.76,1.0000,0.182143,0.161994,147.46,334.46,0.9750,0.230399,0.696799
1786703966.090783,22.617169,703,29.82,116.55,77.75,1.0000,0.182113,0.161984,147.47,334.48,0.9756,0.230427,0.696839
1786703966.133882,22.660269,704,29.82,116.66,77.75,1.0000,0.182279,0.161989,147.56,334.45,0.9758,0.230560,0.696768
1786703966.165789,22.692176,705,29.82,116.67,77.76,0.9999,0.182297,0.161991,147.41,334.53,0.9750,0.230330,0.696929
1786703966.202378,22.728765,706,29.82,116.66,77.76,0.9999,0.182289,0.161993,147.41,334.67,0.9749,0.230331,0.697231
1786703966.290148,22.816535,707,29.82,117.12,77.84,1.0000,0.182995,0.162157,147.04,334.94,0.9745,0.229752,0.697786
1786703966.308532,22.834918,709,29.82,117.21,77.84,1.0000,0.183147,0.162175,147.09,334.82,0.9745,0.229824,0.697541
1786703966.340534,22.866921,710,29.82,117.26,77.85,1.0000,0.183226,0.162183,147.05,334.82,0.9744,0.229771,0.697549
1786703966.371767,22.898153,711,29.82,117.30,77.85,1.0000,0.183287,0.162184,147.03,334.83,0.9740,0.229742,0.697565
1786703966.403205,22.929591,712,29.82,117.35,78.02,1.0000,0.183357,0.162544,147.12,334.12,0.9747,0.229873,0.696081
1786703966.434760,22.961147,713,29.82,117.33,78.03,1.0000,0.183326,0.162557,147.15,333.95,0.9751,0.229923,0.695737
1786703966.488496,23.014883,714,29.17,117.37,77.88,1.0000,0.183398,0.162242,147.34,333.63,0.9757,0.230226,0.695066
1786703966.491121,23.017508,715,29.17,117.73,77.89,1.0000,0.183950,0.162281,147.16,334.45,0.9746,0.229943,0.696765
1786703966.546599,23.072986,716,29.17,117.92,77.89,1.0000,0.184252,0.162278,147.16,334.61,0.9743,0.229933,0.697110
1786703966.592778,23.119165,717,29.17,118.08,78.02,1.0000,0.184497,0.162539,147.30,334.69,0.9738,0.230162,0.697273
1786703966.608553,23.134940,718,29.17,118.04,78.01,1.0000,0.184439,0.162513,147.32,334.66,0.9739,0.230182,0.697208
1786703966.658644,23.185031,719,29.17,117.96,78.01,1.0000,0.184316,0.162518,147.28,334.79,0.9736,0.230121,0.697478
1786703966.688028,23.214414,720,29.17,118.02,78.07,1.0000,0.184399,0.162636,147.17,334.90,0.9736,0.229959,0.697713
1786703966.707468,23.233855,721,29.17,118.21,78.09,1.0000,0.184700,0.162687,147.12,334.99,0.9733,0.229880,0.697903
1786703966.735403,23.261790,722,29.17,118.28,78.10,1.0000,0.184817,0.162719,147.23,335.02,0.9734,0.230046,0.697955
1786703966.767174,23.293561,723,29.17,118.28,78.15,1.0000,0.184815,0.162802,147.09,335.23,0.9730,0.229831,0.698390
1786703966.799123,23.325510,724,29.17,118.16,78.15,1.0000,0.184619,0.162809,147.09,335.27,0.9726,0.229826,0.698469
1786703966.830593,23.356980,725,29.17,118.16,77.99,1.0000,0.184621,0.162489,147.15,335.20,0.9729,0.229927,0.698340
1786703966.882945,23.409332,726,29.17,117.52,77.98,1.0000,0.183617,0.162449,147.14,335.25,0.9729,0.229910,0.698429
1786703966.893961,23.420348,727,29.17,117.52,77.98,1.0000,0.183622,0.162460,147.09,335.56,0.9727,0.229828,0.699090
1786703966.941362,23.467749,728,29.17,117.36,77.96,1.0000,0.183378,0.162411,147.03,335.60,0.9724,0.229733,0.699175
1786703966.973402,23.499788,729,29.17,117.33,77.93,1.0000,0.183335,0.162346,146.92,335.75,0.9719,0.229560,0.699486
1786703967.005328,23.531715,730,29.51,117.40,77.93,1.0000,0.183432,0.162348,146.92,335.96,0.9717,0.229558,0.699910
1786703967.023440,23.549827,731,29.51,117.42,77.91,1.0000,0.183474,0.162304,146.98,335.59,0.9719,0.229660,0.699141
1786703967.086107,23.612493,732,29.51,116.56,77.84,1.0000,0.182118,0.162171,146.92,335.60,0.9715,0.229563,0.699168
1786703967.117263,23.643649,733,29.51,116.56,77.82,0.9999,0.182121,0.162120,147.02,335.27,0.9716,0.229719,0.698472
1786703967.148674,23.675061,734,29.51,116.63,77.82,1.0000,0.182231,0.162124,147.01,335.29,0.9719,0.229702,0.698514
1786703967.180460,23.706847,735,29.51,116.58,77.79,1.0000,0.182158,0.162058,146.97,335.33,0.9720,0.229643,0.698613
1786703967.212356,23.738743,736,29.51,116.54,77.53,1.0000,0.182093,0.161522,147.10,334.87,0.9728,0.229841,0.697647
1786703967.227889,23.754275,737,29.51,116.47,77.53,1.0000,0.181985,0.161517,147.18,334.82,0.9728,0.229970,0.697546
1786703967.280593,23.806980,738,29.51,116.47,77.52,1.0000,0.181990,0.161508,147.20,334.95,0.9729,0.229997,0.697820
1786703967.306280,23.832667,739,29.51,116.46,77.59,1.0000,0.181965,0.161638,147.23,334.94,0.9730,0.230046,0.697794
1786703967.353453,23.879840,740,29.51,116.19,77.65,1.0000,0.181548,0.161761,147.21,334.99,0.9732,0.230015,0.697892
1786703967.385861,23.912247,741,29.51,116.20,77.62,1.0000,0.181558,0.161718,147.18,334.91,0.9731,0.229962,0.697736
1786703967.401559,23.927946,742,29.51,116.23,77.68,1.0000,0.181609,0.161837,147.15,334.93,0.9731,0.229923,0.697770
1786703967.431679,23.958066,743,29.51,116.23,77.71,1.0000,0.181605,0.161904,147.14,335.01,0.9731,0.229904,0.697935
1786703967.457341,23.983728,744,29.51,116.23,77.71,1.0000,0.181607,0.161886,147.12,335.08,0.9729,0.229872,0.698089
1786703967.507446,24.033833,745,29.60,116.22,77.65,1.0000,0.181591,0.161769,147.11,335.10,0.9728,0.229860,0.698115
1786703967.532720,24.059107,746,29.60,116.22,77.63,1.0000,0.181589,0.161731,147.14,335.11,0.9724,0.229910,0.698145
1786703967.596146,24.122533,747,29.60,116.57,77.53,1.0000,0.182147,0.161531,147.18,335.20,0.9724,0.229970,0.698341
1786703967.609601,24.135987,748,29.60,116.61,77.58,1.0000,0.182197,0.161633,147.20,335.08,0.9717,0.230003,0.698075
1786703967.654800,24.181187,750,29.60,116.55,77.56,1.0000,0.182106,0.161590,147.35,335.07,0.9722,0.230232,0.698068
1786703967.694134,24.220520,751,29.60,116.21,77.66,1.0000,0.181573,0.161787,147.36,335.14,0.9722,0.230250,0.698207
1786703967.731639,24.258026,752,29.60,116.20,77.66,1.0000,0.181565,0.161787,147.28,335.18,0.9723,0.230130,0.698291
1786703967.760273,24.286660,753,29.60,116.20,77.67,1.0000,0.181566,0.161823,147.30,335.11,0.9727,0.230159,0.698137
1786703967.805319,24.331706,754,29.60,116.19,77.71,1.0000,0.181548,0.161899,147.17,335.02,0.9729,0.229960,0.697955
1786703967.825238,24.351624,755,29.60,116.20,77.68,1.0000,0.181559,0.161831,147.18,335.02,0.9729,0.229968,0.697950
1786703967.892162,24.418549,756,29.60,116.20,77.70,0.9999,0.181557,0.161868,147.12,334.54,0.9732,0.229878,0.696965
1786703967.899921,24.426307,757,29.60,116.20,77.73,0.9999,0.181555,0.161938,147.13,334.36,0.9738,0.229888,0.696584
1786703967.927525,24.453911,758,29.60,116.31,77.74,0.9999,0.181735,0.161955,147.13,334.60,0.9733,0.229888,0.697092
1786703967.975925,24.502312,759,29.60,116.57,77.70,0.9999,0.182134,0.161874,147.13,334.68,0.9731,0.229888,0.697251
1786703968.007836,24.534223,760,29.26,116.58,77.71,0.9999,0.182149,0.161894,147.17,334.73,0.9731,0.229959,0.697358
1786703968.023482,24.549869,761,29.26,116.58,77.71,0.9999,0.182152,0.161901,147.26,334.86,0.9729,0.230101,0.697618
1786703968.057210,24.583597,762,29.26,116.57,77.72,0.9999,0.182143,0.161919,147.26,334.81,0.9730,0.230094,0.697525
1786703968.097123,24.623510,763,29.26,116.64,77.86,0.9999,0.182243,0.162218,147.30,334.79,0.9732,0.230157,0.697470
1786703968.150279,24.676666,764,29.26,116.64,77.83,0.9999,0.182244,0.162151,147.28,334.73,0.9730,0.230120,0.697363
1786703968.182642,24.709029,765,29.26,116.62,77.84,0.9999,0.182224,0.162161,147.33,334.70,0.9735,0.230209,0.697291
1786703968.198166,24.724553,766,29.26,116.56,77.83,0.9999,0.182125,0.162153,147.39,334.72,0.9736,0.230295,0.697341
1786703968.229870,24.756257,767,29.26,116.56,77.83,0.9999,0.182121,0.162155,147.29,334.65,0.9733,0.230145,0.697198
1786703968.277095,24.803481,768,29.26,116.55,77.80,0.9999,0.182117,0.162075,147.34,334.79,0.9733,0.230222,0.697481
1786703968.309157,24.835544,769,29.26,116.39,77.58,0.9999,0.181864,0.161620,147.32,334.78,0.9733,0.230182,0.697463
1786703968.326610,24.852997,770,29.26,116.40,77.42,0.9999,0.181876,0.161295,147.30,334.79,0.9730,0.230161,0.697470
1786703968.372786,24.899173,771,29.26,116.58,77.41,0.9999,0.182152,0.161279,147.28,334.69,0.9729,0.230119,0.697274
1786703968.403956,24.930343,772,29.26,116.93,77.41,0.9999,0.182710,0.161275,147.25,334.58,0.9730,0.230071,0.697050
1786703968.460893,24.987280,773,29.26,116.90,77.28,0.9999,0.182657,0.160994,147.23,334.95,0.9731,0.230050,0.697821
1786703968.483141,25.009527,774,29.26,116.86,77.28,0.9999,0.182596,0.160993,147.21,334.95,0.9730,0.230015,0.697803
1786703968.505657,25.032043,775,29.36,116.88,77.27,0.9999,0.182624,0.160973,147.22,334.93,0.9728,0.230034,0.697761
1786703968.527061,25.053448,776,29.36,116.83,77.27,0.9999,0.182541,0.160972,147.20,334.94,0.9730,0.229993,0.697784
1786703968.579861,25.106248,777,29.36,116.80,77.44,0.9999,0.182501,0.161340,147.22,334.73,0.9730,0.230028,0.697351
1786703968.592746,25.119133,778,29.36,116.86,77.54,0.9999,0.182587,0.161537,147.23,334.48,0.9731,0.230050,0.696826
1786703968.640435,25.166822,779,29.36,116.61,77.49,0.9999,0.182205,0.161447,147.30,334.44,0.9730,0.230152,0.696757
1786703968.667311,25.193698,780,29.36,116.60,77.56,0.9999,0.182187,0.161585,147.28,334.45,0.9731,0.230127,0.696768
1786703968.725776,25.252163,781,29.36,116.60,77.59,0.9999,0.182193,0.161639,147.32,334.63,0.9726,0.230184,0.697151
1786703968.736063,25.262449,782,29.36,116.31,77.56,0.9999,0.181735,0.161575,147.29,334.65,0.9728,0.230148,0.697183
1786703968.768030,25.294416,783,29.36,116.22,77.51,0.9999,0.181600,0.161480,147.30,334.63,0.9729,0.230153,0.697145
1786703968.832458,25.358845,784,29.36,115.80,77.52,0.9999,0.180936,0.161502,147.10,334.85,0.9731,0.229846,0.697599
1786703968.857224,25.383610,785,29.36,115.88,77.76,0.9999,0.181058,0.161997,147.10,334.82,0.9729,0.229849,0.697534
1786703968.878860,25.405247,786,29.36,115.84,77.72,0.9999,0.180995,0.161922,147.13,334.84,0.9727,0.229883,0.697581
1786703968.894206,25.420593,787,29.36,115.87,77.72,0.9999,0.181047,0.161923,147.10,334.62,0.9726,0.229847,0.697119
1786703968.928095,25.454482,788,29.36,116.03,77.75,0.9999,0.181290,0.161983,147.10,334.59,0.9725,0.229840,0.697059
1786703968.973784,25.500171,789,29.36,115.89,77.74,0.9999,0.181081,0.161961,147.18,334.64,0.9726,0.229972,0.697172
1786703968.996660,25.523046,790,29.36,115.91,77.74,0.9999,0.181104,0.161961,147.18,334.75,0.9720,0.229968,0.697387
1786703969.044527,25.570913,791,29.53,116.20,77.82,0.9999,0.181570,0.162125,147.17,334.71,0.9721,0.229957,0.697313
1786703969.057230,25.583616,792,29.53,116.20,77.81,0.9999,0.181562,0.162109,147.31,334.67,0.9723,0.230175,0.697222
1786703969.118021,25.644408,793,29.53,116.44,77.79,0.9999,0.181942,0.162059,147.22,334.45,0.9726,0.230031,0.696763
1786703969.136005,25.662391,794,29.53,116.49,77.78,0.9999,0.182014,0.162047,147.23,334.46,0.9729,0.230041,0.696793
1786703969.178529,25.704916,795,29.53,116.74,77.90,0.9999,0.182407,0.162293,147.45,334.47,0.9731,0.230390,0.696813
1786703969.194241,25.720628,796,29.53,116.29,77.81,0.9999,0.181702,0.162097,147.32,334.27,0.9733,0.230186,0.696395
1786703969.241624,25.768011,797,29.53,116.24,77.65,0.9999,0.181627,0.161769,147.20,334.23,0.9730,0.229999,0.696302
1786703969.273468,25.799854,798,29.53,116.21,77.65,0.9999,0.181575,0.161777,147.31,334.31,0.9733,0.230171,0.696487
1786703969.292583,25.818970,799,29.53,116.18,77.66,0.9999,0.181529,0.161791,147.33,334.31,0.9728,0.230201,0.696481
1786703969.332114,25.858501,800,29.53,116.18,77.67,0.9999,0.181526,0.161805,147.33,334.03,0.9727,0.230205,0.695894
1786703969.365905,25.892291,801,29.53,116.17,77.67,0.9999,0.181509,0.161805,147.32,334.04,0.9732,0.230187,0.695909
1786703969.395116,25.921503,802,29.53,116.26,77.70,0.9999,0.181661,0.161878,147.28,334.07,0.9732,0.230129,0.695976
1786703969.429752,25.956139,803,29.53,116.28,77.72,0.9999,0.181687,0.161916,147.23,334.08,0.9728,0.230048,0.696010
1786703969.478948,26.005335,804,29.53,116.03,77.72,0.9999,0.181291,0.161920,147.23,334.04,0.9726,0.230054,0.695920
1786703969.512610,26.038996,805,29.53,115.95,77.75,0.9999,0.181170,0.161988,147.09,334.53,0.9729,0.229830,0.696943
1786703969.533236,26.059623,806,29.53,115.96,77.70,0.9999,0.181181,0.161880,147.10,334.49,0.9723,0.229851,0.696862
1786703969.569586,26.095973,807,29.75,115.54,77.70,0.9999,0.180527,0.161878,147.13,334.50,0.9724,0.229894,0.696872
1786703969.592768,26.119155,808,29.75,115.37,77.79,0.9999,0.180265,0.162057,147.13,334.32,0.9730,0.229891,0.696508
1786703969.634716,26.161103,809,29.75,115.37,77.83,0.9999,0.180266,0.162154,147.10,334.41,0.9730,0.229850,0.696697
1786703969.682286,26.208673,810,29.75,115.70,77.94,0.9999,0.180784,0.162367,147.08,334.42,0.9729,0.229808,0.696711
1786703969.697998,26.224385,811,29.75,115.59,77.98,0.9999,0.180612,0.162458,147.12,334.33,0.9734,0.229876,0.696528
1786703969.729497,26.255884,812,29.75,115.53,77.90,0.9999,0.180512,0.162288,147.12,334.29,0.9730,0.229877,0.696440
1786703969.763969,26.290356,813,29.75,115.63,78.03,0.9999,0.180666,0.162554,147.10,334.55,0.9732,0.229848,0.696971
1786703969.793739,26.320125,814,29.75,115.55,78.03,0.9999,0.180543,0.162557,147.05,334.54,0.9736,0.229761,0.696968
1786703969.830369,26.356755,815,29.75,115.48,77.77,0.9999,0.180437,0.162016,146.97,334.44,0.9738,0.229633,0.696746
1786703969.859221,26.385608,816,29.75,115.27,77.76,0.9999,0.180115,0.162003,146.87,334.71,0.9736,0.229486,0.697318
1786703969.906880,26.433266,817,29.75,115.50,77.54,0.9999,0.180469,0.161549,146.85,334.92,0.9735,0.229449,0.697753
1786703969.940349,26.466735,818,29.75,115.49,77.55,0.9999,0.180453,0.161564,146.87,334.90,0.9731,0.229481,0.697717
1786703969.953571,26.479958,819,29.75,115.35,77.36,0.9999,0.180229,0.161169,146.90,334.86,0.9734,0.229526,0.697618
1786703969.994241,26.520628,820,29.75,115.35,77.43,0.9999,0.180228,0.161315,146.88,334.88,0.9728,0.229503,0.697675
1786703970.034839,26.561226,821,29.75,115.36,77.41,0.9999,0.180251,0.161265,146.85,335.17,0.9729,0.229450,0.698265
1786703970.076951,26.603337,822,29.71,115.37,77.43,0.9999,0.180265,0.161313,146.67,335.28,0.9726,0.229180,0.698498
1786703970.095473,26.621860,823,29.71,115.35,77.43,0.9999,0.180228,0.161315,146.61,335.25,0.9723,0.229074,0.698438
1786703970.138192,26.664579,824,29.71,115.18,77.40,0.9999,0.179970,0.161250,146.99,335.25,0.9724,0.229668,0.698430
1786703970.159168,26.685555,825,29.71,115.17,77.40,0.9999,0.179947,0.161247,146.98,335.28,0.9724,0.229656,0.698505
1786703970.195603,26.721990,826,29.71,114.85,77.39,0.9999,0.179451,0.161222,146.96,335.28,0.9724,0.229629,0.698503
1786703970.235378,26.761765,827,29.71,114.75,77.39,0.9999,0.179293,0.161229,146.96,335.00,0.9717,0.229621,0.697917
1786703970.280453,26.806840,828,29.71,114.61,77.37,0.9999,0.179080,0.161198,146.95,334.91,0.9713,0.229608,0.697734
1786703970.294344,26.820731,829,29.71,114.57,77.35,0.9999,0.179020,0.161151,147.04,334.77,0.9715,0.229746,0.697447
1786703970.341572,26.867958,830,29.71,114.47,77.34,0.9999,0.178864,0.161132,147.06,334.56,0.9711,0.229787,0.696993
1786703970.356768,26.883154,831,29.71,114.46,77.30,0.9999,0.178845,0.161040,147.15,334.57,0.9711,0.229929,0.697017
1786703970.389154,26.915541,832,29.71,114.46,77.30,0.9999,0.178839,0.161036,147.13,334.58,0.9714,0.229888,0.697033
1786703970.441569,26.967955,833,29.71,114.42,77.20,0.9999,0.178785,0.160823,147.14,334.51,0.9719,0.229901,0.696902
1786703970.473737,27.000124,834,29.71,114.42,77.20,0.9999,0.178784,0.160843,147.29,334.35,0.9711,0.230145,0.696564
1786703970.497706,27.024093,835,29.71,114.42,77.17,0.9999,0.178776,0.160771,147.26,334.29,0.9709,0.230101,0.696429
1786703970.562572,27.088959,836,29.71,114.37,77.16,0.9999,0.178701,0.160745,147.35,334.20,0.9714,0.230238,0.696254
1786703970.576710,27.103097,837,29.67,114.34,77.18,0.9999,0.178658,0.160795,147.28,334.11,0.9716,0.230123,0.696067
1786703970.602814,27.129201,838,29.67,114.32,77.16,0.9999,0.178619,0.160744,147.21,334.13,0.9717,0.230008,0.696104
1786703970.636668,27.163055,839,29.67,114.30,77.26,0.9999,0.178593,0.160957,147.16,334.05,0.9713,0.229944,0.695947
1786703970.649790,27.176177,840,29.67,114.30,77.21,0.9999,0.178590,0.160855,147.15,334.07,0.9714,0.229914,0.695974
1786703970.716345,27.242732,841,29.67,114.29,77.27,1.0000,0.178577,0.160971,147.20,334.05,0.9715,0.229997,0.695934
1786703970.730964,27.257350,842,29.67,114.20,77.27,1.0000,0.178430,0.160981,147.19,334.17,0.9717,0.229990,0.696190
1786703970.776146,27.302533,843,29.67,114.18,77.12,1.0000,0.178413,0.160661,147.31,334.08,0.9720,0.230164,0.695995
1786703970.797726,27.324112,844,29.67,114.16,77.10,0.9999,0.178382,0.160615,147.25,334.12,0.9722,0.230083,0.696083
1786703970.840048,27.366435,845,29.67,114.19,77.07,0.9999,0.178419,0.160561,147.20,333.99,0.9725,0.229993,0.695815
1786703970.873528,27.399915,846,29.67,114.12,77.10,0.9999,0.178317,0.160615,147.20,333.97,0.9724,0.230004,0.695762
1786703970.903153,27.429539,847,29.67,114.11,77.11,0.9999,0.178296,0.160654,147.20,333.97,0.9722,0.230003,0.695761
1786703970.939552,27.465939,848,29.67,114.09,76.91,0.9999,0.178271,0.160236,147.40,333.92,0.9724,0.230310,0.695667
1786703970.950288,27.476675,849,29.67,114.09,76.91,0.9999,0.178268,0.160239,147.39,333.90,0.9724,0.230296,0.695617
1786703970.997575,27.523962,850,29.67,114.08,76.93,0.9999,0.178253,0.160272,147.17,333.59,0.9723,0.229958,0.694973
1786703971.031763,27.558149,851,29.67,114.02,76.92,0.9999,0.178153,0.160243,147.12,333.65,0.9719,0.229879,0.695102
1786703971.060400,27.586787,852,29.67,113.99,76.92,0.9999,0.178108,0.160243,147.13,333.57,0.9717,0.229896,0.694930
1786703971.107505,27.633892,853,29.85,113.77,76.92,0.9999,0.177772,0.160246,147.13,333.57,0.9719,0.229892,0.694928
1786703971.137149,27.663536,854,29.85,113.79,76.70,0.9999,0.177794,0.159792,147.02,333.82,0.9712,0.229719,0.695464
1786703971.167720,27.694107,855,29.85,113.85,76.68,0.9999,0.177892,0.159753,147.01,333.76,0.9711,0.229700,0.695343
1786703971.191087,27.717473,856,29.85,113.91,76.74,0.9999,0.177991,0.159885,147.01,333.83,0.9714,0.229710,0.695486
1786703971.226006,27.752393,857,29.85,113.91,76.75,0.9999,0.177982,0.159891,146.94,333.78,0.9711,0.229596,0.695382
1786703971.271607,27.797994,858,29.85,113.85,76.75,0.9999,0.177896,0.159899,146.83,333.87,0.9708,0.229426,0.695556
1786703971.282376,27.808762,859,29.85,113.87,76.75,0.9999,0.177915,0.159900,146.87,333.81,0.9707,0.229490,0.695448
1786703971.338350,27.864737,860,29.85,113.51,76.76,0.9999,0.177356,0.159917,146.96,334.03,0.9708,0.229627,0.695888
1786703971.356141,27.882528,861,29.85,113.53,76.77,0.9999,0.177388,0.159946,147.00,334.03,0.9704,0.229680,0.695904
1786703971.418237,27.944624,862,29.85,113.51,76.86,0.9999,0.177355,0.160123,147.00,333.77,0.9704,0.229688,0.695344
1786703971.435970,27.962357,863,29.85,113.45,76.86,0.9999,0.177270,0.160115,147.01,333.78,0.9703,0.229701,0.695371
1786703971.465770,27.992157,864,29.85,113.45,76.86,0.9999,0.177263,0.160121,146.91,333.91,0.9703,0.229549,0.695646
1786703971.509587,28.035973,865,29.85,113.45,76.93,0.9999,0.177263,0.160274,146.84,334.01,0.9704,0.229435,0.695860
1786703971.532214,28.058601,866,29.85,113.49,76.95,0.9999,0.177326,0.160315,146.79,334.08,0.9706,0.229362,0.695996
1786703971.552994,28.079381,867,29.85,113.48,77.19,0.9999,0.177317,0.160807,146.93,334.01,0.9709,0.229573,0.695858
1786703971.619228,28.145615,868,29.72,113.38,77.27,0.9999,0.177155,0.160989,146.98,334.22,0.9712,0.229653,0.696291
1786703971.632695,28.159082,869,29.72,113.38,77.55,0.9999,0.177149,0.161555,146.99,334.24,0.9708,0.229666,0.696328
1786703971.683077,28.209464,870,29.72,113.29,77.55,0.9999,0.177021,0.161556,147.00,333.92,0.9717,0.229680,0.695671
1786703971.697523,28.223910,871,29.72,113.29,77.57,0.9999,0.177018,0.161602,147.04,333.92,0.9719,0.229752,0.695658
1786703971.714161,28.240548,872,29.72,113.31,77.54,0.9999,0.177040,0.161546,147.02,333.87,0.9715,0.229723,0.695558
1786703971.792863,28.319250,873,29.72,113.32,77.50,0.9999,0.177063,0.161458,147.06,333.89,0.9714,0.229778,0.695607
1786703971.823936,28.350322,874,29.72,113.35,77.48,0.9999,0.177108,0.161426,147.05,334.19,0.9703,0.229770,0.696239
1786703971.825939,28.352325,875,29.72,113.36,77.48,1.0000,0.177133,0.161426,147.05,334.18,0.9705,0.229767,0.696218
1786703971.874151,28.400537,876,29.72,113.41,77.49,0.9999,0.177208,0.161430,147.02,334.27,0.9704,0.229714,0.696394
1786703971.903553,28.429940,877,29.72,113.34,77.48,0.9999,0.177096,0.161426,147.03,334.26,0.9705,0.229736,0.696378
1786703971.937349,28.463735,878,29.72,113.36,77.55,0.9999,0.177132,0.161563,147.03,334.27,0.9702,0.229736,0.696387
1786703971.977104,28.503491,879,29.72,113.68,77.71,0.9999,0.177631,0.161894,147.03,334.42,0.9701,0.229735,0.696703
1786703972.008832,28.535219,880,29.72,113.68,77.72,0.9999,0.177627,0.161908,147.04,334.42,0.9704,0.229752,0.696707
1786703972.024355,28.550742,881,29.72,113.73,77.71,0.9999,0.177705,0.161896,146.99,334.35,0.9709,0.229677,0.696571
1786703972.077912,28.604298,882,29.72,113.82,77.61,0.9999,0.177837,0.161685,146.91,334.47,0.9707,0.229553,0.696803
1786703972.098551,28.624938,883,29.72,113.78,77.55,0.9999,0.177788,0.161566,146.92,334.43,0.9712,0.229564,0.696724
1786703972.127906,28.654293,884,30.05,113.77,77.39,0.9999,0.177758,0.161226,146.91,334.91,0.9717,0.229549,0.697728
1786703972.193864,28.720251,885,30.05,114.29,77.31,0.9999,0.178573,0.161071,147.00,334.90,0.9719,0.229682,0.697701
1786703972.208914,28.735301,886,30.05,114.29,77.31,0.9999,0.178572,0.161059,146.99,334.49,0.9716,0.229674,0.696863
1786703972.236268,28.762655,887,30.05,114.27,77.36,0.9999,0.178550,0.161171,147.06,334.47,0.9715,0.229780,0.696809
1786703972.268110,28.794497,888,30.05,114.00,77.35,0.9999,0.178129,0.161154,147.22,334.22,0.9723,0.230027,0.696297
1786703972.302485,28.828871,889,30.05,114.04,77.32,0.9999,0.178185,0.161085,147.29,334.19,0.9724,0.230140,0.696229
1786703972.337215,28.863602,890,30.05,114.11,77.36,0.9999,0.178298,0.161176,147.10,334.19,0.9724,0.229842,0.696235
1786703972.388705,28.915092,891,30.05,113.97,77.48,0.9999,0.178084,0.161407,147.21,334.17,0.9729,0.230015,0.696194
1786703972.399330,28.925717,892,30.05,113.95,77.46,0.9999,0.178050,0.161381,147.18,334.16,0.9731,0.229971,0.696170
1786703972.442508,28.968895,893,30.05,113.88,77.39,0.9999,0.177940,0.161225,147.26,334.10,0.9731,0.230100,0.696045
1786703972.458357,28.984744,894,30.05,113.93,77.38,0.9999,0.178022,0.161212,147.12,334.08,0.9733,0.229877,0.695999
1786703972.537131,29.063517,895,30.05,113.94,77.52,0.9999,0.178036,0.161492,147.13,334.08,0.9736,0.229887,0.696000
1786703972.553069,29.079456,896,30.05,113.96,77.55,0.9999,0.178067,0.161564,147.03,334.38,0.9735,0.229729,0.696622
1786703972.568929,29.095315,897,30.05,114.18,77.55,0.9999,0.178405,0.161554,147.03,334.42,0.9730,0.229727,0.696713
1786703972.602360,29.128747,898,30.05,114.23,77.55,0.9999,0.178490,0.161566,147.02,334.42,0.9733,0.229723,0.696710
1786703972.624474,29.150861,899,30.05,114.31,77.59,0.9999,0.178612,0.161639,146.88,334.58,0.9732,0.229506,0.697049
1786703972.660708,29.187095,900,30.04,114.37,77.64,0.9999,0.178701,0.161749,146.89,334.61,0.9732,0.229519,0.697099
1786703972.711357,29.237744,901,30.04,114.53,77.61,0.9999,0.178961,0.161692,146.89,334.51,0.9731,0.229516,0.696889
1786703972.745578,29.271964,902,30.04,114.67,77.70,0.9999,0.179169,0.161872,146.78,334.62,0.9732,0.229347,0.697119
1786703972.760933,29.287319,903,30.04,114.87,77.76,0.9999,0.179481,0.161994,146.68,334.68,0.9730,0.229180,0.697242
1786703972.774809,29.301195,904,30.04,114.88,77.77,0.9999,0.179504,0.162013,146.71,334.69,0.9733,0.229240,0.697281
1786703972.838688,29.365074,905,30.04,115.34,77.76,1.0000,0.180212,0.161994,146.71,334.56,0.9732,0.229242,0.697010
1786703972.862625,29.389012,906,30.04,115.36,77.78,1.0000,0.180250,0.162050,146.70,334.55,0.9733,0.229212,0.696983
1786703972.902413,29.428800,907,30.04,115.44,77.81,1.0000,0.180382,0.162110,146.68,334.50,0.9732,0.229180,0.696875
1786703972.934194,29.460580,908,30.04,115.54,77.90,1.0000,0.180532,0.162299,146.72,334.65,0.9732,0.229254,0.697198
1786703972.965889,29.492276,909,30.04,116.05,77.90,1.0000,0.181331,0.162293,146.69,334.65,0.9729,0.229196,0.697183
1786703973.000654,29.527041,910,30.04,116.06,77.90,1.0000,0.181346,0.162295,146.69,334.76,0.9732,0.229203,0.697414
1786703973.029721,29.556108,911,30.04,116.07,77.92,1.0000,0.181360,0.162335,146.65,334.76,0.9731,0.229146,0.697425
1786703973.045240,29.571627,912,30.04,116.07,77.92,1.0000,0.181360,0.162340,147.29,334.56,0.9734,0.230140,0.697000
1786703973.127253,29.653640,913,30.04,116.02,78.03,1.0000,0.181288,0.162561,147.28,334.66,0.9737,0.230131,0.697210
1786703973.141901,29.668288,914,30.04,115.95,77.94,1.0000,0.181166,0.162374,147.30,334.62,0.9737,0.230159,0.697117
1786703973.169470,29.695856,915,30.03,115.53,77.82,1.0000,0.180508,0.162132,147.41,334.63,0.9741,0.230322,0.697139
1786703973.208413,29.734800,916,30.03,115.88,77.68,1.0000,0.181057,0.161843,147.35,334.36,0.9739,0.230235,0.696588
1786703973.219268,29.745654,917,30.03,115.94,77.53,1.0000,0.181163,0.161530,147.33,334.36,0.9742,0.230205,0.696592
1786703973.268829,29.795216,918,30.03,116.01,77.53,1.0000,0.181259,0.161514,147.32,334.27,0.9740,0.230191,0.696402
1786703973.311209,29.837596,919,30.03,116.06,77.42,1.0000,0.181342,0.161293,147.36,334.27,0.9742,0.230251,0.696398
1786703973.345835,29.872222,920,30.03,116.11,77.42,1.0000,0.181414,0.161293,147.34,334.33,0.9738,0.230219,0.696521
1786703973.361346,29.887732,921,30.03,116.16,77.38,0.9999,0.181497,0.161201,147.27,334.31,0.9737,0.230103,0.696470
1786703973.395287,29.921673,922,30.03,116.07,77.41,0.9999,0.181366,0.161270,147.25,334.66,0.9738,0.230075,0.697198
1786703973.435211,29.961597,923,30.03,116.18,77.41,0.9999,0.181535,0.161264,147.08,334.56,0.9740,0.229807,0.697003
1786703973.461622,29.988009,924,30.03,116.23,77.37,0.9999,0.181611,0.161197,146.99,334.57,0.9736,0.229676,0.697012
1786703973.499333,30.025720,925,30.03,116.22,77.25,0.9999,0.181596,0.160936,147.02,334.28,0.9735,0.229714,0.696414
1786703973.539503,30.065890,926,30.03,116.34,77.22,0.9999,0.181774,0.160869,147.05,334.28,0.9738,0.229763,0.696409
1786703973.575292,30.101678,927,30.03,116.08,77.44,0.9999,0.181369,0.161326,147.00,334.44,0.9737,0.229689,0.696752
1786703973.609614,30.136001,928,30.03,116.08,77.43,0.9999,0.181372,0.161309,147.01,334.34,0.9739,0.229705,0.696538
1786703973.625708,30.152095,929,30.03,116.09,77.37,0.9999,0.181384,0.161190,147.00,334.48,0.9739,0.229683,0.696843
1786703973.674582,30.200969,930,29.86,116.09,77.37,0.9999,0.181388,0.161193,147.08,334.48,0.9737,0.229813,0.696826
1786703973.692624,30.219011,931,29.86,116.11,77.43,0.9999,0.181415,0.161315,147.11,334.49,0.9737,0.229861,0.696855
1786703973.738143,30.264530,932,29.86,116.26,77.48,0.9999,0.181656,0.161426,147.17,334.42,0.9737,0.229951,0.696714
1786703973.754188,30.280575,933,29.86,116.34,77.43,0.9999,0.181787,0.161310,146.98,334.50,0.9734,0.229663,0.696875
1786703973.796570,30.322956,934,29.86,116.32,77.50,0.9999,0.181747,0.161457,147.00,334.49,0.9726,0.229681,0.696859
1786703973.825432,30.351819,935,29.86,116.23,77.50,0.9999,0.181615,0.161457,147.30,334.51,0.9722,0.230157,0.696891
1786703973.858880,30.385267,936,29.86,116.25,77.35,0.9999,0.181642,0.161146,147.30,334.48,0.9713,0.230157,0.696831
1786703973.896348,30.422734,937,29.86,116.23,77.54,0.9999,0.181609,0.161548,147.40,334.36,0.9706,0.230309,0.696577
1786703973.939273,30.465660,938,29.86,116.13,77.57,0.9999,0.181459,0.161614,147.43,334.43,0.9713,0.230364,0.696722
1786703974.004485,30.530872,939,29.86,116.38,77.50,0.9999,0.181844,0.161451,147.28,334.83,0.9708,0.230123,0.697555
1786703974.010908,30.537295,940,29.86,116.38,77.64,0.9999,0.181848,0.161746,147.29,334.60,0.9718,0.230134,0.697091
1786703974.040881,30.567268,941,29.86,116.48,77.61,0.9999,0.181997,0.161684,147.22,334.47,0.9718,0.230028,0.696821
1786703974.072455,30.598842,942,29.86,116.48,77.61,0.9999,0.182000,0.161685,147.20,334.47,0.9722,0.230007,0.696805
1786703974.104656,30.631043,943,29.86,116.54,77.54,0.9999,0.182097,0.161539,147.21,334.16,0.9721,0.230019,0.696176
1786703974.152540,30.678927,944,29.86,116.54,77.39,0.9999,0.182091,0.161235,147.16,334.82,0.9720,0.229931,0.697548
1786703974.167667,30.694054,945,29.86,116.54,77.37,0.9999,0.182096,0.161195,147.25,334.70,0.9717,0.230074,0.697292
1786703974.200012,30.726398,946,29.98,116.51,77.54,0.9999,0.182040,0.161534,147.35,334.70,0.9721,0.230232,0.697288
1786703974.238798,30.765185,947,29.98,116.47,77.48,0.9999,0.181990,0.161424,147.14,334.53,0.9725,0.229912,0.696929
1786703974.263552,30.789939,948,29.98,116.47,77.53,0.9999,0.181978,0.161523,147.15,334.65,0.9728,0.229928,0.697194
1786703974.310766,30.837153,949,29.98,116.63,77.55,0.9999,0.182234,0.161562,147.39,334.59,0.9721,0.230296,0.697060
1786703974.358435,30.884822,950,29.98,116.70,77.54,0.9999,0.182349,0.161546,147.52,334.23,0.9720,0.230506,0.696307
1786703974.361090,30.887477,951,29.98,116.63,77.46,0.9999,0.182234,0.161365,147.47,334.23,0.9725,0.230421,0.696312
1786703974.405638,30.932025,952,29.98,116.49,77.45,0.9999,0.182018,0.161362,147.47,334.23,0.9729,0.230420,0.696316
1786703974.437804,30.964190,953,29.98,116.76,77.25,0.9999,0.182441,0.160936,147.42,334.28,0.9727,0.230338,0.696411
1786703974.469997,30.996383,954,29.98,116.76,77.24,0.9999,0.182434,0.160913,147.44,334.25,0.9731,0.230373,0.696353
1786703974.485842,31.012229,955,29.98,116.65,77.22,0.9999,0.182272,0.160878,147.39,334.18,0.9730,0.230305,0.696199
1786703974.537063,31.063450,956,29.98,116.60,77.22,0.9999,0.182188,0.160874,147.41,334.31,0.9733,0.230326,0.696477
1786703974.565459,31.091845,957,29.98,116.68,77.23,0.9999,0.182309,0.160888,147.40,334.52,0.9732,0.230306,0.696922
1786703974.604152,31.130539,958,29.98,116.67,77.30,0.9999,0.182296,0.161047,147.34,334.40,0.9734,0.230216,0.696668
1786703974.648113,31.174500,959,29.98,116.54,77.30,0.9999,0.182096,0.161035,147.29,334.36,0.9736,0.230145,0.696593
1786703974.677485,31.203871,960,29.98,116.53,77.30,0.9999,0.182079,0.161034,147.34,334.22,0.9724,0.230216,0.696297
1786703974.693185,31.219572,961,29.98,116.58,77.17,0.9999,0.182153,0.160779,147.28,334.28,0.9721,0.230130,0.696414
1786703974.732584,31.258970,962,30.01,116.16,77.17,0.9999,0.181496,0.160778,147.24,334.17,0.9726,0.230065,0.696193
1786703974.772511,31.298898,963,30.01,116.18,77.34,0.9999,0.181530,0.161130,147.21,334.27,0.9720,0.230022,0.696403
1786703974.788257,31.314644,964,30.01,116.36,77.30,0.9999,0.181819,0.161048,147.19,334.24,0.9725,0.229979,0.696330
1786703974.836470,31.362857,965,30.01,116.32,77.30,0.9999,0.181748,0.161049,147.24,334.22,0.9724,0.230059,0.696287
1786703974.860309,31.386695,966,30.01,115.73,77.32,0.9999,0.180825,0.161079,147.44,334.20,0.9731,0.230381,0.696247
1786703974.900510,31.426897,967,30.01,115.75,77.30,0.9999,0.180853,0.161035,147.34,334.23,0.9725,0.230223,0.696308
1786703974.931959,31.458345,968,30.01,115.74,77.30,0.9999,0.180846,0.161033,147.36,334.33,0.9716,0.230257,0.696515
1786703974.969011,31.495398,969,30.01,115.57,77.30,0.9999,0.180571,0.161037,147.29,334.33,0.9717,0.230137,0.696530
1786703974.998083,31.524470,970,30.01,115.41,77.33,0.9999,0.180323,0.161104,147.17,334.31,0.9715,0.229959,0.696476
1786703975.029419,31.555806,971,30.01,115.33,77.39,0.9999,0.180206,0.161220,147.08,334.13,0.9707,0.229820,0.696108
1786703975.061690,31.588077,972,30.01,115.19,77.41,0.9999,0.179986,0.161274,147.12,334.14,0.9713,0.229871,0.696135
1786703975.076913,31.603299,973,30.01,115.31,77.43,0.9999,0.180165,0.161308,147.09,334.15,0.9710,0.229829,0.696145
1786703975.128848,31.655235,974,30.01,115.52,77.53,0.9999,0.180504,0.161513,147.08,334.15,0.9705,0.229814,0.696153
1786703975.168669,31.695055,975,30.01,115.52,77.63,0.9999,0.180506,0.161726,147.08,333.98,0.9708,0.229814,0.695792
1786703975.192524,31.718910,976,30.01,115.45,77.63,0.9999,0.180391,0.161730,147.02,334.02,0.9714,0.229713,0.695881
1786703975.254597,31.780984,977,29.72,115.07,77.63,0.9999,0.179795,0.161736,147.09,333.91,0.9694,0.229826,0.695642
1786703975.284124,31.810511,978,29.72,115.07,77.65,0.9999,0.179792,0.161778,147.00,334.08,0.9696,0.229686,0.695996
1786703975.299474,31.825861,979,29.72,115.06,77.66,0.9999,0.179776,0.161802,147.02,333.99,0.9699,0.229724,0.695814
1786703975.328513,31.854900,980,29.72,114.97,77.53,0.9999,0.179642,0.161526,147.13,333.88,0.9696,0.229895,0.695579
1786703975.366045,31.892431,981,29.72,114.92,77.51,0.9999,0.179567,0.161472,147.12,333.87,0.9695,0.229879,0.695552
1786703975.410682,31.937069,982,29.72,114.90,77.55,0.9999,0.179527,0.161557,147.08,333.86,0.9699,0.229807,0.695550
1786703975.426362,31.952748,983,29.72,114.71,77.54,0.9999,0.179237,0.161532,147.09,333.97,0.9700,0.229834,0.695764
1786703975.463861,31.990248,984,29.72,114.74,77.50,0.9999,0.179285,0.161457,147.07,333.98,0.9702,0.229793,0.695792
1786703975.506363,32.032749,985,29.72,114.87,77.49,0.9999,0.179483,0.161447,146.83,334.45,0.9692,0.229420,0.696775
1786703975.529822,32.056208,986,29.72,115.11,77.88,0.9999,0.179863,0.162251,146.77,334.41,0.9693,0.229333,0.696678
1786703975.554959,32.081346,987,29.72,114.83,77.90,0.9999,0.179426,0.162286,146.78,334.38,0.9692,0.229340,0.696619
1786703975.600272,32.126658,988,29.72,114.80,77.88,0.9999,0.179382,0.162259,146.78,334.30,0.9694,0.229343,0.696450
1786703975.629432,32.155818,989,29.72,114.81,77.83,0.9999,0.179389,0.162139,146.77,334.39,0.9692,0.229333,0.696638
1786703975.661016,32.187403,990,29.72,114.81,77.84,0.9999,0.179390,0.162160,146.91,334.38,0.9689,0.229548,0.696630
1786703975.692890,32.219277,991,29.72,114.82,77.84,0.9999,0.179401,0.162165,146.98,334.31,0.9694,0.229658,0.696483
1786703975.724292,32.250679,992,29.72,114.80,77.62,0.9999,0.179379,0.161712,147.06,334.03,0.9692,0.229788,0.695904
1786703975.758594,32.284981,993,29.72,114.81,77.63,0.9999,0.179387,0.161730,147.09,334.00,0.9694,0.229823,0.695824
1786703975.798187,32.324574,994,30.04,115.01,77.63,0.9999,0.179704,0.161737,147.08,334.01,0.9694,0.229805,0.695855
1786703975.814113,32.340500,995,30.04,115.01,77.81,0.9999,0.179698,0.162096,147.12,334.01,0.9694,0.229878,0.695844
1786703975.877502,32.403889,996,30.04,114.95,77.62,0.9999,0.179612,0.161707,147.15,334.00,0.9697,0.229917,0.695839
1786703975.905486,32.431873,997,30.04,114.97,77.56,0.9999,0.179640,0.161587,147.35,333.86,0.9678,0.230228,0.695532
1786703975.925133,32.451520,998,30.04,115.00,77.57,0.9999,0.179680,0.161604,147.35,333.86,0.9682,0.230227,0.695535
1786703975.956936,32.483323,999,30.04,115.07,77.56,0.9999,0.179796,0.161589,147.26,333.80,0.9680,0.230096,0.695418
1786703976.002373,32.528760,1000,30.04,115.42,77.48,0.9999,0.180337,0.161416,147.40,333.87,0.9679,0.230318,0.695561
1786703976.025846,32.552233,1001,30.04,115.42,77.49,0.9999,0.180336,0.161441,147.40,333.87,0.9685,0.230320,0.695563
1786703976.069000,32.595387,1002,30.04,115.40,77.55,0.9999,0.180312,0.161555,147.39,333.93,0.9688,0.230294,0.695681
1786703976.086317,32.612704,1003,30.04,115.41,77.58,0.9999,0.180323,0.161622,147.36,333.95,0.9691,0.230254,0.695738
1786703976.132446,32.658833,1004,30.04,115.40,77.58,0.9999,0.180308,0.161618,147.34,333.87,0.9693,0.230213,0.695572
1786703976.171460,32.697847,1005,30.04,115.42,77.62,0.9999,0.180347,0.161717,147.33,333.82,0.9695,0.230201,0.695459
1786703976.211013,32.737399,1006,30.04,115.43,77.55,0.9999,0.180353,0.161565,147.30,333.84,0.9694,0.230157,0.695500
1786703976.243019,32.769406,1007,30.04,115.48,77.54,0.9999,0.180445,0.161542,147.26,334.01,0.9685,0.230097,0.695850
1786703976.258391,32.784777,1008,30.04,115.65,77.55,0.9999,0.180710,0.161567,147.21,334.06,0.9687,0.230015,0.695963
1786703976.298228,32.824615,1009,30.04,115.70,77.30,0.9999,0.180778,0.161049,147.20,334.05,0.9688,0.230006,0.695946
1786703976.339021,32.865407,1010,29.97,115.66,77.30,0.9999,0.180721,0.161049,147.20,334.06,0.9689,0.230008,0.695948
1786703976.376876,32.903262,1011,29.97,115.88,77.33,0.9999,0.181069,0.161112,147.09,334.22,0.9690,0.229823,0.696286
1786703976.400836,32.927222,1012,29.97,115.87,77.33,0.9999,0.181049,0.161100,147.09,334.20,0.9691,0.229827,0.696258
1786703976.435234,32.961621,1013,29.97,115.87,77.36,0.9999,0.181054,0.161169,147.14,334.19,0.9694,0.229904,0.696237
1786703976.464992,32.991379,1014,29.97,115.94,77.34,0.9999,0.181154,0.161131,147.15,334.18,0.9690,0.229923,0.696203
1786703976.496265,33.022652,1015,29.97,115.97,77.59,0.9999,0.181197,0.161643,147.14,334.05,0.9688,0.229905,0.695937
1786703976.543905,33.070292,1016,29.97,115.97,77.36,0.9999,0.181201,0.161164,147.02,334.27,0.9693,0.229722,0.696388
1786703976.575369,33.101756,1017,29.97,115.95,77.31,0.9999,0.181166,0.161067,146.96,334.27,0.9695,0.229628,0.696395
1786703976.602174,33.128561,1018,29.97,115.92,77.31,0.9999,0.181131,0.161065,147.12,334.11,0.9702,0.229868,0.696063
1786703976.639040,33.165427,1019,29.97,115.96,77.31,0.9999,0.181182,0.161064,147.17,334.12,0.9706,0.229955,0.696075
1786703976.670864,33.197251,1020,29.97,116.06,77.33,0.9999,0.181342,0.161106,147.26,334.15,0.9709,0.230097,0.696151
1786703976.702317,33.228704,1021,29.97,116.06,77.33,0.9999,0.181344,0.161097,147.10,334.06,0.9715,0.229842,0.695967
1786703976.718223,33.244610,1022,29.97,116.06,77.24,0.9999,0.181338,0.160919,147.11,334.01,0.9717,0.229858,0.695859
1786703976.763606,33.289993,1023,29.97,116.01,77.24,0.9999,0.181267,0.160913,147.11,334.06,0.9718,0.229861,0.695952
1786703976.801201,33.327588,1024,29.97,116.12,77.25,0.9999,0.181442,0.160942,147.08,334.07,0.9719,0.229805,0.695974
1786703976.833049,33.359435,1025,29.97,116.42,77.27,0.9999,0.181901,0.160976,147.07,334.02,0.9717,0.229793,0.695881
1786703976.862140,33.388527,1026,30.08,116.39,77.26,0.9999,0.181861,0.160967,147.09,334.19,0.9721,0.229829,0.696227
1786703976.893656,33.420043,1027,30.08,116.43,77.26,0.9999,0.181917,0.160955,147.07,334.14,0.9721,0.229795,0.696119
1786703976.932898,33.459285,1028,30.08,116.57,77.25,0.9999,0.182141,0.160941,147.07,334.14,0.9720,0.229799,0.696130
1786703976.962460,33.488847,1029,30.08,116.57,77.22,0.9999,0.182144,0.160870,147.07,334.13,0.9715,0.229802,0.696114
1786703977.004727,33.531114,1030,30.08,116.64,77.22,0.9999,0.182255,0.160884,147.08,334.12,0.9712,0.229816,0.696075
1786703977.057007,33.583393,1031,30.08,116.60,77.23,0.9999,0.182194,0.160889,147.42,334.13,0.9715,0.230350,0.696096
1786703977.071637,33.598024,1032,30.08,116.56,77.26,0.9999,0.182119,0.160955,147.56,334.13,0.9719,0.230565,0.696107
1786703977.118350,33.644737,1033,30.08,116.58,77.02,0.9999,0.182152,0.160460,147.52,334.13,0.9722,0.230496,0.696097
1786703977.147962,33.674349,1034,30.08,116.57,76.96,0.9999,0.182147,0.160337,147.50,333.75,0.9727,0.230465,0.695311
1786703977.163181,33.689568,1035,30.08,116.55,76.91,0.9999,0.182103,0.160226,147.42,333.81,0.9732,0.230337,0.695446
1786703977.205499,33.731886,1036,30.08,116.55,76.88,0.9999,0.182116,0.160166,147.38,333.91,0.9738,0.230287,0.695646
1786703977.237011,33.763398,1037,30.08,116.56,76.88,0.9999,0.182118,0.160175,147.37,333.74,0.9740,0.230267,0.695301
1786703977.274904,33.801291,1038,30.08,116.47,76.89,0.9999,0.181989,0.160196,147.35,333.94,0.9739,0.230232,0.695716
1786703977.306589,33.832976,1039,30.08,116.43,76.89,0.9999,0.181929,0.160196,147.28,333.96,0.9738,0.230119,0.695748
1786703977.340869,33.867256,1040,30.08,116.43,76.89,0.9999,0.181928,0.160197,147.25,333.96,0.9736,0.230076,0.695749
1786703977.375263,33.901650,1041,29.96,116.44,76.84,0.9999,0.181944,0.160086,147.20,333.82,0.9734,0.229996,0.695458
1786703977.386019,33.912405,1042,29.96,116.45,76.84,0.9999,0.181951,0.160078,147.37,333.81,0.9737,0.230271,0.695439
1786703977.441877,33.968264,1043,29.96,116.24,76.73,0.9999,0.181618,0.159857,147.45,333.74,0.9744,0.230392,0.695285
1786703977.482357,34.008743,1044,29.96,116.36,76.72,0.9999,0.181805,0.159838,147.53,333.76,0.9743,0.230513,0.695338
1786703977.508728,34.035114,1045,29.96,116.18,76.75,0.9999,0.181530,0.159892,147.73,333.62,0.9745,0.230826,0.695036
1786703977.544822,34.071209,1046,29.96,116.26,76.74,0.9999,0.181649,0.159878,147.73,333.66,0.9746,0.230824,0.695121
1786703977.571205,34.097591,1047,29.96,116.17,76.73,0.9999,0.181519,0.159860,147.63,333.79,0.9742,0.230672,0.695404
1786703977.607802,34.134189,1048,29.96,116.15,76.82,0.9999,0.181483,0.160047,147.57,334.09,0.9738,0.230578,0.696013
1786703977.650113,34.176500,1049,29.96,116.16,76.83,0.9999,0.181507,0.160069,147.52,334.03,0.9738,0.230498,0.695903
1786703977.682608,34.208995,1050,29.96,116.10,76.81,0.9999,0.181410,0.160022,147.30,334.05,0.9733,0.230159,0.695942
1786703977.697952,34.224339,1051,29.96,116.31,76.76,0.9999,0.181741,0.159923,147.39,333.87,0.9733,0.230297,0.695564
1786703977.717151,34.243538,1052,29.96,116.32,76.74,0.9999,0.181755,0.159868,147.39,333.92,0.9732,0.230302,0.695669
1786703977.762106,34.288492,1053,29.96,116.33,76.80,0.9999,0.181771,0.159997,147.29,334.10,0.9731,0.230141,0.696038
1786703977.836875,34.363262,1054,29.96,116.45,76.81,0.9999,0.181953,0.160022,147.30,334.19,0.9730,0.230151,0.696239
1786703977.841549,34.367936,1055,29.96,116.45,76.81,0.9999,0.181954,0.160019,147.27,334.21,0.9729,0.230105,0.696274
1786703977.873661,34.400047,1056,29.93,116.45,76.81,0.9999,0.181955,0.160020,147.24,334.13,0.9727,0.230057,0.696107
1786703977.905079,34.431466,1057,29.93,116.52,76.83,0.9999,0.182057,0.160072,147.25,334.21,0.9724,0.230076,0.696268
1786703977.937219,34.463606,1058,29.93,116.38,76.91,0.9999,0.181850,0.160239,147.29,334.05,0.9716,0.230144,0.695930
1786703977.968931,34.495318,1059,29.93,116.43,76.96,0.9999,0.181927,0.160342,147.14,334.12,0.9711,0.229914,0.696084
1786703977.984258,34.510645,1060,29.93,116.43,76.86,0.9999,0.181928,0.160127,147.14,334.19,0.9709,0.229900,0.696232
1786703978.031960,34.558347,1061,29.93,116.46,76.83,0.9999,0.181962,0.160066,147.02,334.23,0.9706,0.229716,0.696305
1786703978.080336,34.606722,1062,29.93,116.42,76.82,0.9999,0.181909,0.160050,147.09,334.00,0.9708,0.229834,0.695834
1786703978.097911,34.624298,1063,29.93,116.44,76.84,0.9999,0.181943,0.160093,147.05,333.98,0.9707,0.229761,0.695786
1786703978.127545,34.653932,1064,29.93,116.45,76.77,0.9999,0.181948,0.159947,147.04,334.04,0.9706,0.229753,0.695924
1786703978.175074,34.701461,1065,29.93,116.41,76.80,0.9999,0.181890,0.159991,147.08,333.98,0.9706,0.229811,0.695794
1786703978.223674,34.750061,1066,29.93,116.31,76.90,0.9999,0.181737,0.160198,147.16,334.01,0.9700,0.229932,0.695846
1786703978.238034,34.764421,1067,29.93,115.84,76.90,0.9999,0.181002,0.160211,147.15,333.98,0.9701,0.229922,0.695786
1786703978.265402,34.791789,1068,29.93,115.84,76.90,0.9999,0.181003,0.160206,147.08,334.06,0.9703,0.229810,0.695963
1786703978.290716,34.817103,1069,29.93,115.81,76.94,0.9999,0.180949,0.160291,147.01,334.07,0.9700,0.229706,0.695979
1786703978.335937,34.862323,1070,29.93,115.80,76.95,0.9999,0.180937,0.160322,146.98,334.15,0.9697,0.229662,0.696142
1786703978.378149,34.904535,1071,29.94,115.76,77.09,0.9999,0.180879,0.160612,147.06,334.13,0.9697,0.229777,0.696115
1786703978.404510,34.930897,1072,29.94,115.31,77.04,0.9999,0.180174,0.160501,147.05,334.12,0.9699,0.229768,0.696088
1786703978.441040,34.967427,1073,29.94,115.31,77.13,0.9999,0.180179,0.160684,147.05,334.24,0.9700,0.229766,0.696334
1786703978.459211,34.985597,1074,29.94,115.27,77.13,0.9999,0.180107,0.160694,147.07,334.31,0.9700,0.229790,0.696482
1786703978.496057,35.022444,1075,29.94,115.25,77.13,0.9999,0.180082,0.160696,147.05,334.33,0.9699,0.229767,0.696513
1786703978.527410,35.053797,1076,29.94,115.25,77.16,0.9999,0.180078,0.160740,147.12,333.84,0.9689,0.229868,0.695501
1786703978.554589,35.080975,1077,29.94,115.24,77.19,0.9999,0.180058,0.160816,147.22,333.85,0.9693,0.230028,0.695526
1786703978.592024,35.118411,1078,29.94,115.24,77.18,0.9999,0.180058,0.160782,147.26,333.82,0.9693,0.230099,0.695455
1786703978.626222,35.152609,1079,29.94,115.30,77.10,0.9999,0.180153,0.160622,147.25,333.69,0.9688,0.230080,0.695182
1786703978.666385,35.192771,1080,29.94,115.32,77.15,0.9999,0.180189,0.160740,147.20,333.68,0.9690,0.230002,0.695171
1786703978.682143,35.208530,1081,29.94,115.30,77.19,0.9999,0.180153,0.160818,147.18,334.09,0.9689,0.229968,0.696031
1786703978.727314,35.253701,1082,29.94,115.33,77.18,0.9999,0.180196,0.160784,147.05,334.15,0.9688,0.229771,0.696145
1786703978.762482,35.288869,1083,29.94,115.29,77.18,0.9999,0.180133,0.160783,147.22,334.14,0.9692,0.230035,0.696135
1786703978.797060,35.323447,1084,29.94,115.34,77.18,0.9999,0.180217,0.160801,147.39,334.25,0.9694,0.230301,0.696352
1786703978.825573,35.351960,1085,29.94,115.28,77.35,0.9999,0.180122,0.161152,147.41,334.18,0.9695,0.230325,0.696202
1786703978.859990,35.386377,1086,29.94,115.26,77.35,0.9999,0.180098,0.161147,147.31,333.77,0.9702,0.230171,0.695357
1786703978.894133,35.420520,1087,30.12,115.26,77.35,0.9999,0.180097,0.161149,147.32,333.96,0.9695,0.230191,0.695754
1786703978.929125,35.455512,1088,30.12,115.35,77.52,0.9999,0.180238,0.161506,147.33,333.96,0.9696,0.230196,0.695743
1786703978.976446,35.502833,1089,30.12,115.30,77.65,0.9999,0.180159,0.161773,147.34,333.81,0.9694,0.230224,0.695443
1786703978.986944,35.513330,1090,30.12,115.27,77.68,0.9999,0.180105,0.161832,147.34,333.81,0.9692,0.230214,0.695442
1786703979.027397,35.553783,1091,30.12,115.27,77.65,0.9999,0.180108,0.161778,147.34,333.91,0.9690,0.230212,0.695639
1786703979.064317,35.590704,1092,30.12,115.24,77.69,0.9999,0.180057,0.161855,147.50,333.44,0.9702,0.230470,0.694668
1786703979.112827,35.639214,1093,30.12,115.30,77.45,0.9999,0.180154,0.161344,147.50,333.49,0.9698,0.230467,0.694780
1786703979.128078,35.654464,1094,30.12,115.23,77.45,0.9999,0.180054,0.161353,147.50,333.67,0.9700,0.230473,0.695143
1786703979.165943,35.692330,1095,30.12,115.23,77.45,0.9999,0.180053,0.161349,147.45,333.63,0.9703,0.230397,0.695072
1786703979.191284,35.717671,1096,30.12,115.08,77.45,0.9999,0.179813,0.161356,147.43,333.56,0.9699,0.230353,0.694919
1786703979.231045,35.757432,1097,30.12,114.88,77.46,0.9999,0.179493,0.161385,147.20,333.58,0.9699,0.229999,0.694950
1786703979.257495,35.783882,1098,30.12,114.84,77.47,0.9999,0.179437,0.161391,147.09,333.59,0.9699,0.229830,0.694974
1786703979.291295,35.817682,1099,30.12,114.63,77.44,0.9999,0.179103,0.161326,147.10,333.48,0.9700,0.229837,0.694759
1786703979.333878,35.860264,1100,30.12,114.40,77.42,0.9999,0.178748,0.161292,147.01,334.08,0.9699,0.229702,0.695999
1786703979.368336,35.894723,1101,30.12,114.32,77.30,0.9999,0.178626,0.161039,147.01,334.08,0.9701,0.229707,0.695996
1786703979.383098,35.909484,1102,30.09,114.30,76.93,0.9999,0.178588,0.160268,147.02,334.07,0.9705,0.229725,0.695980
1786703979.445511,35.971898,1103,30.09,114.22,76.92,0.9999,0.178470,0.160254,147.08,334.01,0.9704,0.229808,0.695845
1786703979.461399,35.987785,1104,30.09,114.21,76.95,0.9999,0.178447,0.160316,147.07,334.04,0.9704,0.229804,0.695924
1786703979.499066,36.025453,1105,30.09,114.20,76.88,0.9999,0.178442,0.160169,147.02,333.93,0.9699,0.229721,0.695697
1786703979.530627,36.057014,1106,30.09,114.20,76.87,0.9999,0.178440,0.160155,146.89,333.88,0.9699,0.229523,0.695593
1786703979.554200,36.080587,1107,30.09,114.19,76.90,0.9999,0.178429,0.160207,146.89,334.04,0.9696,0.229510,0.695918
1786703979.590159,36.116546,1108,30.09,114.18,76.95,0.9999,0.178400,0.160310,146.88,334.06,0.9693,0.229507,0.695965
1786703979.627679,36.154066,1109,30.09,114.21,76.89,0.9999,0.178453,0.160198,146.88,334.05,0.9701,0.229498,0.695938
1786703979.662411,36.188798,1110,30.09,114.32,76.93,0.9999,0.178620,0.160281,146.88,334.20,0.9693,0.229506,0.696244
1786703979.697064,36.223451,1111,30.09,114.34,76.96,0.9999,0.178662,0.160326,146.71,334.27,0.9688,0.229231,0.696389
1786703979.728629,36.255015,1112,30.09,114.31,77.01,0.9999,0.178602,0.160434,146.84,333.61,0.9701,0.229432,0.695017
1786703979.765775,36.292162,1113,30.09,114.30,77.01,0.9999,0.178598,0.160437,146.73,333.64,0.9692,0.229262,0.695082
1786703979.794288,36.320675,1114,30.09,114.31,77.06,0.9999,0.178606,0.160548,146.74,333.76,0.9688,0.229282,0.695339
1786703979.823999,36.350385,1115,30.09,114.22,77.06,0.9999,0.178469,0.160550,146.73,333.78,0.9681,0.229262,0.695377
1786703979.858151,36.384538,1116,30.09,114.21,77.03,0.9999,0.178460,0.160482,146.75,333.91,0.9681,0.229293,0.695651
1786703979.895431,36.421818,1117,30.09,114.28,77.01,0.9999,0.178556,0.160441,146.68,334.03,0.9677,0.229190,0.695894
1786703979.927115,36.453502,1118,30.13,114.27,77.00,0.9999,0.178553,0.160423,146.81,334.31,0.9675,0.229392,0.696475
1786703979.968679,36.495066,1119,30.13,114.24,77.11,0.9999,0.178507,0.160645,146.86,334.14,0.9673,0.229464,0.696123
1786703980.003371,36.529757,1120,30.13,114.32,77.48,0.9999,0.178626,0.161424,146.66,334.31,0.9668,0.229159,0.696479
1786703980.030021,36.556408,1121,30.13,114.32,77.48,0.9999,0.178626,0.161413,147.02,334.29,0.9673,0.229718,0.696431
1786703980.056549,36.582936,1122,30.13,114.19,77.39,0.9999,0.178425,0.161236,147.16,334.34,0.9679,0.229935,0.696540
1786703980.094469,36.620855,1123,30.13,114.18,77.41,0.9999,0.178401,0.161281,147.14,334.38,0.9675,0.229903,0.696631
1786703980.138664,36.665050,1124,30.13,114.03,77.41,0.9999,0.178169,0.161274,147.12,334.16,0.9685,0.229875,0.696160
1786703980.152347,36.678733,1125,30.13,114.03,77.41,0.9999,0.178169,0.161273,147.12,333.99,0.9695,0.229870,0.695812
1786703980.194656,36.721043,1126,30.13,113.98,77.39,1.0000,0.178087,0.161232,147.13,334.07,0.9692,0.229896,0.695981
1786703980.226488,36.752875,1127,30.13,114.06,77.42,0.9999,0.178213,0.161287,146.91,334.10,0.9689,0.229550,0.696035
1786703980.269663,36.796049,1128,30.13,114.05,77.43,0.9999,0.178204,0.161302,147.01,333.93,0.9684,0.229697,0.695681
1786703980.300123,36.826510,1129,30.13,114.05,77.42,0.9999,0.178208,0.161285,146.96,334.06,0.9682,0.229627,0.695948
1786703980.315936,36.842323,1130,30.13,114.02,77.44,0.9999,0.178151,0.161342,147.14,333.95,0.9680,0.229899,0.695730
1786703980.396412,36.922799,1131,30.13,114.01,77.59,0.9999,0.178135,0.161647,147.24,333.90,0.9687,0.230062,0.695631
1786703980.411426,36.937812,1132,30.13,114.11,77.57,0.9999,0.178295,0.161606,147.13,333.91,0.9685,0.229897,0.695654
1786703980.427294,36.953680,1133,29.98,114.10,77.54,0.9999,0.178274,0.161540,147.16,333.96,0.9687,0.229938,0.695758
1786703980.469858,36.996244,1134,29.98,114.10,77.56,0.9999,0.178276,0.161582,147.10,333.98,0.9685,0.229846,0.695784
1786703980.521388,37.047775,1135,29.98,114.06,77.53,0.9999,0.178218,0.161520,147.21,333.97,0.9693,0.230015,0.695763
1786703980.538204,37.064591,1136,29.98,114.03,77.53,0.9999,0.178174,0.161515,147.20,333.93,0.9693,0.229994,0.695677
1786703980.555929,37.082316,1137,29.98,114.03,77.54,0.9999,0.178164,0.161531,147.16,333.93,0.9690,0.229944,0.695689
1786703980.593533,37.119920,1138,29.98,113.93,77.53,0.9999,0.178009,0.161516,147.09,333.93,0.9692,0.229834,0.695680
1786703980.635994,37.162381,1139,29.98,113.89,77.55,0.9999,0.177952,0.161562,146.83,334.41,0.9686,0.229422,0.696693
1786703980.684508,37.210895,1140,29.98,113.89,77.55,0.9999,0.177955,0.161566,146.91,334.41,0.9689,0.229545,0.696694
1786703980.699891,37.226278,1141,29.98,113.88,77.53,0.9999,0.177930,0.161521,147.03,334.50,0.9692,0.229737,0.696870
1786703980.737177,37.263563,1142,29.98,113.85,77.57,0.9999,0.177895,0.161613,147.06,334.57,0.9694,0.229786,0.697027
1786703980.765947,37.292334,1143,29.98,113.92,77.60,0.9999,0.177995,0.161670,147.15,334.68,0.9687,0.229921,0.697253
1786703980.809987,37.336373,1144,29.98,113.99,77.56,0.9999,0.178104,0.161584,147.18,334.63,0.9685,0.229962,0.697146
1786703980.825379,37.351766,1145,29.98,113.98,77.51,0.9999,0.178097,0.161489,147.21,334.30,0.9689,0.230017,0.696463
1786703980.873587,37.399974,1146,29.98,113.98,77.52,0.9999,0.178096,0.161496,147.07,334.43,0.9690,0.229795,0.696719
1786703980.889504,37.415891,1147,29.98,113.99,77.48,0.9999,0.178113,0.161423,147.08,334.44,0.9692,0.229812,0.696755
1786703980.929760,37.456146,1148,29.98,113.98,77.51,0.9999,0.178092,0.161483,146.97,334.51,0.9691,0.229642,0.696901
1786703980.965172,37.491559,1149,30.05,113.87,77.51,0.9999,0.177922,0.161486,147.17,334.19,0.9693,0.229955,0.696231
1786703980.995489,37.521876,1150,30.05,113.83,77.51,0.9999,0.177866,0.161486,147.05,334.28,0.9694,0.229762,0.696426
1786703981.048607,37.574994,1151,30.05,113.83,77.54,0.9999,0.177867,0.161545,146.91,334.31,0.9696,0.229549,0.696479
1786703981.080321,37.606708,1152,30.05,113.75,77.53,0.9999,0.177734,0.161514,147.01,334.26,0.9705,0.229706,0.696370
1786703981.096385,37.622772,1153,30.05,113.74,77.35,0.9999,0.177722,0.161138,147.05,334.24,0.9707,0.229770,0.696328
1786703981.128352,37.654739,1154,30.05,113.74,77.34,0.9999,0.177720,0.161131,146.99,334.22,0.9702,0.229670,0.696294
1786703981.176937,37.703324,1155,30.05,113.71,77.44,0.9999,0.177669,0.161323,146.93,334.25,0.9692,0.229578,0.696355
1786703981.192264,37.718651,1156,30.05,113.71,77.44,0.9999,0.177666,0.161325,146.86,334.25,0.9693,0.229469,0.696355
1786703981.237508,37.763894,1157,30.05,113.73,77.44,0.9999,0.177699,0.161331,146.82,334.26,0.9693,0.229400,0.696377
1786703981.288651,37.815038,1158,30.05,113.80,77.44,0.9999,0.177805,0.161333,146.82,334.22,0.9699,0.229412,0.696301
1786703981.291535,37.817922,1159,30.05,113.79,77.40,0.9999,0.177805,0.161245,146.83,334.20,0.9699,0.229418,0.696247
1786703981.319831,37.846218,1160,30.05,113.80,77.39,0.9999,0.177808,0.161223,146.87,334.13,0.9696,0.229492,0.696095
1786703981.351449,37.877835,1161,30.05,113.84,77.17,0.9999,0.177869,0.160780,146.91,334.46,0.9695,0.229550,0.696795
1786703981.415298,37.941685,1162,30.05,113.84,77.14,0.9999,0.177876,0.160705,147.09,334.22,0.9694,0.229830,0.696302
1786703981.446992,37.973378,1163,30.05,113.84,77.13,0.9999,0.177878,0.160690,147.09,334.00,0.9697,0.229823,0.695828
1786703981.462426,37.988813,1164,30.00,113.80,77.06,0.9999,0.177816,0.160535,147.07,333.76,0.9696,0.229795,0.695333
1786703981.496949,38.023336,1165,30.00,113.80,77.06,0.9999,0.177816,0.160536,146.85,333.86,0.9690,0.229449,0.695552
1786703981.529184,38.055570,1166,30.00,113.76,77.09,0.9999,0.177757,0.160608,146.79,333.98,0.9689,0.229354,0.695789
1786703981.558935,38.085322,1167,30.00,113.79,77.08,0.9999,0.177794,0.160586,146.81,333.96,0.9688,0.229384,0.695760
1786703981.609705,38.136091,1168,30.00,113.81,77.25,0.9999,0.177832,0.160948,146.75,333.82,0.9689,0.229293,0.695448
1786703981.663800,38.190187,1169,30.00,113.76,77.26,0.9999,0.177743,0.160949,146.62,333.91,0.9687,0.229092,0.695650
1786703981.666447,38.192834,1170,30.00,113.76,77.23,0.9999,0.177754,0.160906,146.60,333.95,0.9691,0.229068,0.695720
1786703981.714167,38.240554,1171,30.00,113.88,77.42,0.9999,0.177941,0.161289,146.54,334.21,0.9690,0.228974,0.696272
1786703981.729948,38.256335,1172,30.00,113.86,77.40,0.9999,0.177903,0.161254,146.56,333.89,0.9692,0.228994,0.695603
1786703981.761601,38.287988,1173,30.00,113.86,77.39,0.9999,0.177909,0.161224,146.58,333.65,0.9691,0.229037,0.695102
1786703981.796710,38.323097,1174,30.00,114.10,77.32,0.9999,0.178282,0.161082,146.61,333.72,0.9689,0.229078,0.695258
1786703981.836421,38.362808,1175,30.00,114.09,77.36,0.9999,0.178272,0.161172,146.87,333.86,0.9690,0.229477,0.695543
1786703981.856955,38.383342,1176,30.00,114.06,77.35,0.9999,0.178218,0.161154,146.72,333.98,0.9690,0.229247,0.695800
1786703981.899173,38.425560,1177,30.00,114.05,77.22,0.9999,0.178208,0.160867,146.70,333.71,0.9686,0.229226,0.695235
1786703981.927732,38.454119,1178,30.00,114.06,77.22,0.9999,0.178215,0.160881,146.83,333.92,0.9682,0.229423,0.695667
1786703981.960221,38.486608,1179,30.00,114.01,77.22,0.9999,0.178145,0.160878,146.93,333.89,0.9686,0.229575,0.695607
1786703981.993919,38.520306,1180,30.15,114.01,77.21,0.9999,0.178145,0.160849,146.93,333.80,0.9690,0.229583,0.695407
1786703982.025263,38.551650,1181,30.15,114.00,77.17,0.9999,0.178124,0.160776,146.98,333.80,0.9687,0.229658,0.695415
1786703982.078155,38.604542,1182,30.15,114.07,77.17,0.9999,0.178240,0.160769,146.81,334.25,0.9686,0.229395,0.696348
1786703982.093966,38.620353,1183,30.15,113.73,77.17,0.9999,0.177707,0.160767,146.77,334.76,0.9679,0.229323,0.697427
1786703982.130831,38.657217,1184,30.15,113.73,77.13,0.9999,0.177709,0.160686,146.74,334.81,0.9674,0.229288,0.697522
1786703982.168162,38.694549,1185,30.15,113.73,77.11,0.9999,0.177710,0.160640,146.85,334.17,0.9674,0.229456,0.696183
1786703982.189236,38.715622,1186,30.15,113.36,77.10,0.9999,0.177131,0.160620,147.05,333.88,0.9682,0.229773,0.695585
1786703982.231450,38.757837,1187,30.15,113.41,77.01,0.9999,0.177205,0.160436,147.02,333.92,0.9681,0.229717,0.695659
1786703982.268026,38.794413,1188,30.15,113.42,77.19,0.9999,0.177212,0.160819,146.66,334.27,0.9684,0.229162,0.696398
1786703982.283680,38.810067,1189,30.15,113.49,77.20,0.9999,0.177324,0.160829,146.73,334.27,0.9691,0.229273,0.696395
1786703982.331018,38.857405,1190,30.15,113.43,77.22,0.9999,0.177236,0.160867,146.75,334.28,0.9687,0.229299,0.696412
1786703982.369222,38.895609,1191,30.15,113.37,77.20,0.9999,0.177141,0.160836,146.68,334.24,0.9685,0.229194,0.696343
1786703982.379013,38.905400,1192,30.15,113.32,77.14,0.9999,0.177057,0.160718,146.63,334.17,0.9681,0.229110,0.696189
1786703982.442820,38.969206,1193,30.15,113.19,76.99,0.9999,0.176862,0.160388,146.73,334.04,0.9690,0.229260,0.695918
1786703982.460916,38.987303,1194,30.15,113.20,77.05,0.9999,0.176872,0.160521,146.74,334.02,0.9690,0.229275,0.695869
1786703982.506805,39.033192,1195,29.88,113.18,77.04,0.9999,0.176842,0.160497,146.71,334.05,0.9692,0.229239,0.695928
1786703982.522767,39.049153,1196,29.88,113.24,77.07,0.9999,0.176942,0.160568,146.68,333.99,0.9691,0.229189,0.695807
1786703982.577330,39.103717,1197,29.88,113.16,76.96,0.9999,0.176811,0.160339,146.74,334.01,0.9689,0.229279,0.695852
1786703982.605899,39.132286,1198,29.88,113.12,77.07,0.9999,0.176753,0.160555,146.79,334.12,0.9691,0.229354,0.696094
1786703982.621187,39.147574,1199,29.88,113.14,77.05,0.9999,0.176787,0.160523,146.62,334.16,0.9690,0.229102,0.696172
1786703982.667277,39.193664,1200,29.88,113.17,77.00,0.9999,0.176826,0.160413,146.60,334.18,0.9684,0.229060,0.696204
1786703982.714349,39.240736,1201,29.88,113.29,76.87,0.9999,0.177016,0.160150,146.57,334.16,0.9687,0.229022,0.696173
1786703982.730048,39.256435,1202,29.88,113.26,76.82,0.9999,0.176969,0.160037,146.56,334.15,0.9687,0.229007,0.696138
1786703982.761736,39.288122,1203,29.88,113.25,76.83,0.9999,0.176949,0.160058,146.55,334.24,0.9691,0.228985,0.696333
1786703982.803339,39.329726,1204,29.88,113.29,77.20,0.9999,0.177022,0.160827,146.50,334.41,0.9696,0.228899,0.696696
1786703982.830734,39.357120,1205,29.88,113.12,77.18,0.9999,0.176757,0.160789,146.61,334.24,0.9694,0.229071,0.696335
1786703982.860131,39.386518,1206,29.88,113.10,77.18,0.9999,0.176718,0.160786,146.82,334.24,0.9698,0.229409,0.696329
1786703982.894253,39.420639,1207,29.88,113.10,77.39,0.9999,0.176722,0.161231,146.91,334.03,0.9704,0.229548,0.695886
1786703982.966172,39.492558,1208,29.88,113.05,77.54,0.9999,0.176640,0.161537,146.90,333.98,0.9705,0.229537,0.695783
1786703982.985710,39.512097,1209,29.88,113.18,77.54,0.9999,0.176840,0.161535,146.85,334.05,0.9695,0.229452,0.695944
1786703983.016868,39.543255,1211,29.63,113.18,77.49,0.9999,0.176845,0.161430,146.78,333.76,0.9694,0.229340,0.695343
1786703983.080456,39.606843,1212,29.63,113.24,77.39,0.9999,0.176944,0.161233,146.70,334.20,0.9689,0.229214,0.696256
1786703983.096296,39.622683,1213,29.63,113.29,77.34,0.9999,0.177023,0.161118,146.73,334.16,0.9688,0.229272,0.696175
1786703983.136131,39.662518,1214,29.63,113.15,77.30,0.9999,0.176792,0.161050,146.76,334.46,0.9692,0.229312,0.696784
1786703983.167145,39.693532,1215,29.63,113.14,77.27,0.9999,0.176777,0.160972,146.73,334.39,0.9690,0.229267,0.696646
1786703983.191585,39.717972,1216,29.63,113.17,77.52,0.9999,0.176831,0.161507,146.77,334.37,0.9692,0.229328,0.696609
1786703983.229995,39.756381,1217,29.63,113.17,77.63,0.9999,0.176827,0.161739,146.75,333.88,0.9691,0.229300,0.695581
1786703983.267102,39.793489,1218,29.63,112.80,77.53,0.9999,0.176249,0.161513,146.87,333.95,0.9697,0.229482,0.695719
1786703983.298943,39.825329,1219,29.63,113.01,77.55,0.9999,0.176585,0.161564,146.96,333.93,0.9683,0.229618,0.695694
1786703983.333887,39.860274,1220,29.63,113.03,77.59,0.9999,0.176611,0.161642,147.21,334.10,0.9682,0.230021,0.696036
1786703983.365590,39.891977,1221,29.63,113.07,77.57,0.9999,0.176666,0.161609,147.13,334.22,0.9682,0.229891,0.696290
1786703983.408340,39.934727,1222,29.63,113.40,77.68,0.9999,0.177191,0.161840,147.04,334.04,0.9682,0.229748,0.695917
1786703983.429348,39.955734,1223,29.63,113.51,77.67,0.9999,0.177365,0.161819,147.09,334.06,0.9681,0.229829,0.695960
1786703983.474540,40.000926,1224,29.63,113.53,77.66,0.9999,0.177389,0.161797,147.08,334.04,0.9680,0.229813,0.695920
1786703983.495938,40.022325,1225,29.63,113.51,77.60,0.9999,0.177357,0.161671,147.02,334.22,0.9684,0.229711,0.696284
1786703983.546849,40.073236,1226,29.59,113.54,77.60,0.9999,0.177401,0.161667,147.01,334.16,0.9682,0.229706,0.696163
1786703983.552918,40.079305,1227,29.59,113.60,77.72,0.9999,0.177506,0.161908,147.04,334.23,0.9675,0.229745,0.696310
1786703983.595008,40.121395,1228,29.59,113.58,77.71,0.9999,0.177476,0.161886,147.02,334.00,0.9673,0.229713,0.695841
1786703983.629572,40.155958,1229,29.59,113.50,77.66,0.9999,0.177339,0.161783,147.18,333.78,0.9677,0.229969,0.695378
1786703983.664142,40.190529,1230,29.59,113.71,77.80,0.9999,0.177666,0.162091,147.12,333.76,0.9671,0.229868,0.695343
1786703983.712443,40.238830,1231,29.59,113.70,77.86,0.9999,0.177661,0.162208,147.48,333.75,0.9676,0.230439,0.695307
1786703983.730493,40.256880,1232,29.59,113.67,77.90,0.9999,0.177604,0.162283,147.47,333.69,0.9672,0.230422,0.695181
1786703983.765612,40.291999,1233,29.59,113.67,77.81,0.9999,0.177604,0.162099,147.44,333.74,0.9675,0.230371,0.695297
1786703983.809865,40.336252,1234,29.59,113.67,77.82,0.9999,0.177603,0.162126,147.48,333.75,0.9680,0.230434,0.695320
1786703983.823077,40.349463,1235,29.59,113.67,77.88,0.9999,0.177609,0.162246,147.46,333.59,0.9685,0.230406,0.694982
1786703983.865463,40.391850,1236,29.59,113.65,77.87,0.9999,0.177581,0.162219,147.31,333.96,0.9685,0.230173,0.695742
1786703983.897357,40.423744,1237,29.59,113.74,77.87,0.9999,0.177722,0.162233,147.39,333.91,0.9677,0.230293,0.695639
1786703983.926671,40.453058,1238,29.59,113.75,77.86,0.9999,0.177739,0.162206,147.28,334.00,0.9679,0.230124,0.695833
1786703983.955720,40.482107,1239,29.59,113.73,77.76,0.9999,0.177709,0.161990,147.30,334.00,0.9683,0.230162,0.695836
1786703983.995851,40.522238,1240,29.59,113.56,77.69,0.9999,0.177434,0.161863,147.16,333.98,0.9679,0.229932,0.695789
1786703984.033565,40.559951,1241,29.59,114.05,77.71,0.9999,0.178199,0.161895,147.12,334.41,0.9676,0.229878,0.696697
1786703984.075753,40.602140,1242,29.61,114.28,77.69,0.9999,0.178567,0.161861,147.01,334.53,0.9676,0.229699,0.696942
1786703984.096510,40.622897,1243,29.61,114.22,77.68,0.9999,0.178466,0.161842,147.01,334.40,0.9683,0.229702,0.696662
1786703984.131484,40.657870,1244,29.61,114.16,77.68,0.9999,0.178370,0.161823,146.98,334.34,0.9680,0.229656,0.696539
1786703984.167926,40.694313,1245,29.61,114.12,77.69,0.9999,0.178312,0.161863,147.02,334.35,0.9685,0.229721,0.696573
1786703984.222374,40.748761,1247,29.61,114.14,77.69,0.9999,0.178340,0.161846,147.01,334.23,0.9684,0.229697,0.696313
1786703984.256859,40.783246,1248,29.61,114.03,77.63,0.9999,0.178176,0.161724,147.09,333.78,0.9682,0.229832,0.695382
1786703984.301482,40.827869,1249,29.61,114.03,77.64,0.9999,0.178168,0.161742,147.13,334.16,0.9682,0.229885,0.696170
1786703984.335905,40.862292,1250,29.61,113.91,77.62,0.9999,0.177980,0.161716,146.93,334.10,0.9681,0.229585,0.696048
1786703984.349662,40.876049,1251,29.61,113.91,77.61,0.9999,0.177982,0.161680,146.95,334.02,0.9684,0.229616,0.695883
1786703984.404239,40.930625,1252,29.61,113.89,77.58,0.9999,0.177954,0.161618,146.90,334.26,0.9682,0.229526,0.696379
1786703984.432958,40.959344,1253,29.61,113.87,77.58,0.9999,0.177927,0.161619,146.84,334.23,0.9684,0.229433,0.696307
1786703984.467290,40.993677,1254,29.61,113.87,77.78,0.9999,0.177922,0.162052,146.76,334.06,0.9680,0.229314,0.695954
1786703984.504662,41.031049,1255,29.61,113.86,77.78,0.9999,0.177902,0.162044,146.76,333.78,0.9681,0.229308,0.695380
1786703984.528405,41.054792,1256,29.61,113.86,77.78,0.9999,0.177910,0.162041,146.72,333.84,0.9678,0.229248,0.695501
1786703984.570554,41.096941,1257,29.61,113.83,77.73,0.9999,0.177860,0.161931,146.73,333.86,0.9684,0.229262,0.695546
1786703984.605014,41.131401,1258,29.37,113.83,77.73,0.9999,0.177857,0.161928,146.69,333.87,0.9687,0.229199,0.695562
1786703984.620213,41.146600,1259,29.37,113.71,77.76,0.9999,0.177675,0.162007,146.80,333.92,0.9689,0.229369,0.695659
1786703984.668016,41.194403,1260,29.37,113.70,77.76,0.9999,0.177655,0.161997,146.64,333.99,0.9690,0.229130,0.695816
1786703984.684091,41.210478,1261,29.37,113.66,77.57,0.9999,0.177599,0.161604,146.68,333.99,0.9696,0.229192,0.695810
1786703984.748034,41.274421,1262,29.37,113.66,77.57,0.9999,0.177595,0.161610,146.69,333.93,0.9697,0.229196,0.695685
1786703984.788300,41.314687,1263,29.37,113.65,77.45,0.9999,0.177579,0.161364,146.79,333.96,0.9698,0.229357,0.695759
1786703984.798715,41.325101,1264,29.37,113.61,77.43,0.9999,0.177519,0.161304,146.76,334.14,0.9700,0.229315,0.696121
1786703984.844138,41.370525,1265,29.37,113.58,77.38,0.9999,0.177476,0.161199,146.81,334.10,0.9701,0.229384,0.696034
1786703984.859968,41.386354,1266,29.37,113.52,77.33,0.9999,0.177380,0.161099,146.66,334.22,0.9704,0.229157,0.696291
1786703984.897685,41.424072,1267,29.37,113.52,77.33,0.9999,0.177377,0.161097,146.66,334.23,0.9696,0.229150,0.696316
1786703984.940128,41.466515,1268,29.37,113.52,77.32,0.9999,0.177378,0.161093,146.69,334.20,0.9697,0.229205,0.696242
1786703984.955847,41.482234,1269,29.37,113.57,77.33,0.9999,0.177446,0.161103,146.78,334.40,0.9698,0.229338,0.696674
1786703985.020437,41.546824,1270,29.37,113.58,77.46,0.9999,0.177462,0.161384,146.77,334.80,0.9703,0.229326,0.697506
1786703985.035895,41.562281,1271,29.37,113.60,77.39,0.9999,0.177508,0.161234,146.82,334.80,0.9703,0.229402,0.697503
1786703985.062485,41.588872,1272,29.37,113.58,77.39,0.9999,0.177462,0.161233,146.86,334.82,0.9705,0.229470,0.697533
1786703985.115670,41.642057,1273,29.36,113.58,77.41,0.9999,0.177466,0.161277,146.85,334.81,0.9702,0.229452,0.697524
1786703985.131516,41.657902,1274,29.36,113.55,77.51,0.9999,0.177425,0.161477,146.81,334.59,0.9702,0.229388,0.697064
1786703985.163671,41.690058,1275,29.36,113.55,77.40,0.9999,0.177419,0.161242,146.81,334.53,0.9706,0.229397,0.696941
1786703985.205681,41.732068,1276,29.36,113.51,77.41,0.9999,0.177364,0.161266,146.81,334.54,0.9705,0.229391,0.696955
1786703985.242702,41.769089,1277,29.36,113.51,77.41,0.9999,0.177353,0.161271,146.81,334.47,0.9707,0.229388,0.696811
1786703985.258459,41.784846,1278,29.36,113.55,77.46,0.9999,0.177427,0.161380,146.87,334.43,0.9711,0.229484,0.696735
1786703985.293118,41.819505,1279,29.36,113.59,77.50,0.9999,0.177491,0.161450,146.89,334.31,0.9703,0.229513,0.696476
1786703985.327672,41.854059,1280,29.36,114.04,77.69,0.9999,0.178182,0.161857,146.99,334.39,0.9703,0.229671,0.696654
1786703985.359807,41.886194,1281,29.36,114.16,77.72,0.9999,0.178379,0.161907,146.91,334.53,0.9699,0.229545,0.696929
1786703985.407100,41.933487,1282,29.36,113.87,77.69,0.9999,0.177921,0.161853,147.18,333.48,0.9711,0.229965,0.694749
1786703985.421326,41.947713,1283,29.36,113.86,77.70,0.9999,0.177911,0.161867,147.14,333.50,0.9711,0.229905,0.694795
1786703985.499146,42.025532,1284,29.36,113.86,77.83,0.9999,0.177899,0.162145,147.40,333.80,0.9711,0.230312,0.695424
1786703985.501842,42.028228,1285,29.36,113.83,77.84,0.9999,0.177856,0.162161,147.39,333.92,0.9705,0.230297,0.695660
1786703985.539939,42.066326,1286,29.36,113.82,77.83,0.9999,0.177847,0.162156,147.33,333.71,0.9708,0.230210,0.695229
1786703985.573442,42.099829,1287,29.36,113.76,77.81,0.9999,0.177755,0.162099,147.33,333.72,0.9712,0.230200,0.695258
1786703985.597093,42.123480,1288,29.36,113.88,77.80,0.9999,0.177934,0.162090,147.22,333.94,0.9702,0.230027,0.695701
1786703985.625595,42.151982,1289,29.80,113.83,77.78,0.9999,0.177864,0.162035,147.39,334.02,0.9702,0.230293,0.695883
1786703985.658542,42.184929,1290,29.80,113.73,77.81,0.9999,0.177702,0.162100,147.34,333.85,0.9707,0.230213,0.695518
1786703985.694061,42.220448,1291,29.80,113.72,77.67,0.9999,0.177693,0.161804,147.44,333.89,0.9707,0.230378,0.695610
1786703985.737976,42.264363,1292,29.80,113.72,77.66,0.9999,0.177693,0.161797,147.34,333.86,0.9701,0.230213,0.695544
1786703985.760820,42.287207,1293,29.80,113.72,77.55,0.9999,0.177690,0.161570,147.31,333.89,0.9697,0.230172,0.695612
1786703985.791651,42.318038,1294,29.80,113.59,77.35,0.9999,0.177490,0.161136,147.31,333.98,0.9694,0.230168,0.695796
1786703985.836710,42.363097,1295,29.80,113.62,77.34,0.9999,0.177527,0.161134,147.19,333.65,0.9694,0.229988,0.695107
1786703985.854484,42.380870,1296,29.80,113.62,77.34,0.9999,0.177524,0.161121,147.20,333.68,0.9693,0.229993,0.695174
1786703985.891985,42.418371,1297,29.80,113.53,77.35,0.9999,0.177384,0.161155,147.10,333.65,0.9697,0.229838,0.695096
1786703985.939756,42.466143,1298,29.80,113.52,77.37,0.9999,0.177381,0.161179,147.22,333.57,0.9691,0.230030,0.694930
1786703985.961746,42.488132,1299,29.80,113.52,77.53,0.9999,0.177376,0.161511,147.20,333.94,0.9688,0.229995,0.695706
1786703985.992160,42.518547,1300,29.80,113.41,77.52,0.9999,0.177204,0.161501,147.19,333.97,0.9686,0.229988,0.695771
1786703986.029157,42.555544,1301,29.80,113.34,77.52,0.9999,0.177095,0.161499,147.22,334.13,0.9690,0.230028,0.696099
1786703986.060892,42.587279,1302,29.80,113.34,77.59,0.9999,0.177096,0.161648,147.22,334.05,0.9693,0.230030,0.695942
1786703986.097860,42.624247,1303,29.80,113.34,77.77,0.9999,0.177093,0.162018,147.12,334.06,0.9698,0.229881,0.695962
1786703986.124099,42.650486,1304,29.82,113.18,77.69,0.9999,0.176843,0.161857,147.10,334.31,0.9698,0.229846,0.696476
1786703986.164365,42.690752,1305,29.82,113.18,77.71,0.9999,0.176840,0.161887,147.06,334.21,0.9699,0.229774,0.696265
1786703986.209037,42.735424,1306,29.82,113.19,77.65,0.9999,0.176861,0.161779,146.97,334.35,0.9696,0.229642,0.696554
1786703986.224923,42.751310,1307,29.82,113.19,77.77,0.9999,0.176861,0.162012,147.02,334.33,0.9691,0.229723,0.696528
1786703986.262230,42.788616,1308,29.82,113.17,77.76,0.9999,0.176829,0.161994,146.99,334.38,0.9689,0.229669,0.696618
1786703986.293526,42.819913,1309,29.82,113.17,77.76,0.9999,0.176825,0.162003,146.99,334.20,0.9690,0.229667,0.696247
1786703986.329960,42.856346,1310,29.82,113.17,77.73,0.9999,0.176824,0.161936,147.15,334.19,0.9682,0.229915,0.696227
1786703986.356955,42.883342,1311,29.82,113.14,77.72,0.9999,0.176774,0.161920,147.29,334.12,0.9680,0.230146,0.696074
1786703986.411502,42.937889,1312,29.82,113.08,77.65,0.9999,0.176690,0.161768,147.30,334.27,0.9682,0.230158,0.696395
1786703986.428181,42.954568,1313,29.82,112.95,77.65,0.9999,0.176492,0.161771,147.20,334.14,0.9682,0.229998,0.696130
1786703986.458568,42.984955,1314,29.82,112.89,77.64,0.9999,0.176395,0.161746,147.07,334.27,0.9686,0.229800,0.696389
1786703986.495753,43.022140,1315,29.82,112.87,77.74,0.9999,0.176360,0.161959,146.99,334.55,0.9689,0.229666,0.696979
1786703986.534465,43.060852,1316,29.82,112.64,77.62,0.9999,0.175995,0.161709,146.89,334.11,0.9691,0.229508,0.696066
1786703986.556625,43.083012,1317,29.82,112.80,77.59,0.9999,0.176248,0.161652,146.86,334.04,0.9693,0.229475,0.695911
1786703986.601431,43.127818,1318,29.82,112.88,77.57,0.9999,0.176369,0.161604,146.82,334.41,0.9689,0.229402,0.696677
1786703986.632614,43.159001,1319,29.78,112.71,77.56,0.9999,0.176108,0.161593,146.82,334.47,0.9687,0.229405,0.696807
1786703986.670138,43.196525,1320,29.78,112.66,77.43,0.9999,0.176036,0.161311,146.82,333.90,0.9693,0.229406,0.695629
1786703986.701638,43.228025,1321,29.78,112.62,77.47,0.9999,0.175975,0.161390,147.20,334.08,0.9692,0.229994,0.695998
1786703986.740777,43.267163,1322,29.78,112.69,77.58,0.9999,0.176075,0.161632,147.22,334.24,0.9692,0.230024,0.696342
1786703986.792671,43.319058,1323,29.78,112.68,77.59,0.9999,0.176062,0.161652,146.97,334.19,0.9692,0.229634,0.696239
1786703986.810464,43.336850,1324,29.78,112.69,77.60,0.9999,0.176080,0.161659,147.05,334.06,0.9689,0.229761,0.695961
1786703986.833608,43.359995,1325,29.78,112.81,77.61,0.9999,0.176260,0.161690,147.12,334.08,0.9686,0.229873,0.695995
1786703986.868517,43.394904,1326,29.78,112.88,77.58,0.9999,0.176379,0.161628,146.91,334.09,0.9686,0.229545,0.696012
1786703986.892016,43.418403,1327,29.78,112.83,77.46,0.9999,0.176304,0.161377,146.72,334.04,0.9686,0.229251,0.695915
1786703986.934671,43.461058,1328,29.78,112.82,77.34,0.9999,0.176274,0.161123,146.43,334.39,0.9683,0.228799,0.696638
1786703986.966370,43.492756,1329,29.78,112.79,77.27,0.9999,0.176236,0.160971,146.44,334.51,0.9680,0.228813,0.696899
1786703987.012206,43.538592,1330,29.78,112.79,77.13,0.9999,0.176233,0.160683,146.65,334.24,0.9687,0.229145,0.696330
1786703987.032977,43.559364,1331,29.78,112.82,77.12,0.9999,0.176287,0.160673,146.64,334.07,0.9690,0.229127,0.695980
1786703987.064884,43.591271,1332,29.78,112.80,77.07,0.9999,0.176255,0.160554,146.65,334.21,0.9687,0.229139,0.696272
1786703987.085638,43.612025,1333,29.78,113.12,77.07,0.9999,0.176744,0.160557,146.67,334.13,0.9684,0.229171,0.696098
1786703987.131718,43.658105,1334,29.78,113.09,77.06,0.9999,0.176703,0.160549,146.67,334.46,0.9687,0.229168,0.696800
1786703987.160138,43.686524,1335,29.87,113.09,77.13,0.9999,0.176705,0.160691,146.66,334.44,0.9686,0.229163,0.696742
1786703987.210034,43.736421,1336,29.87,113.22,77.13,0.9999,0.176907,0.160695,146.59,334.53,0.9686,0.229041,0.696933
1786703987.227218,43.753605,1337,29.87,113.23,77.12,0.9999,0.176917,0.160656,146.59,334.45,0.9683,0.229045,0.696778
1786703987.267838,43.794225,1338,29.87,113.26,77.05,0.9999,0.176964,0.160528,146.58,334.19,0.9678,0.229029,0.696229
1786703987.318029,43.844416,1339,29.87,113.27,77.02,0.9999,0.176981,0.160464,146.86,334.01,0.9677,0.229470,0.695853
1786703987.333974,43.860360,1340,29.87,113.31,77.01,0.9999,0.177055,0.160447,146.85,333.69,0.9676,0.229457,0.695179
1786703987.353949,43.880336,1341,29.87,113.31,77.03,0.9999,0.177053,0.160483,146.84,333.72,0.9671,0.229441,0.695254
1786703987.397721,43.924107,1342,29.87,113.26,77.04,0.9999,0.176976,0.160507,146.80,333.72,0.9672,0.229369,0.695243
1786703987.446309,43.972696,1343,29.87,113.06,76.97,0.9999,0.176664,0.160349,146.85,333.74,0.9676,0.229451,0.695294
1786703987.461208,43.987594,1344,29.87,113.17,77.05,0.9999,0.176823,0.160513,146.85,333.75,0.9678,0.229452,0.695316
1786703987.495931,44.022318,1345,29.87,113.16,77.04,0.9999,0.176810,0.160495,146.87,333.78,0.9673,0.229486,0.695383
1786703987.531546,44.057933,1346,29.87,112.94,77.03,0.9999,0.176461,0.160487,146.84,333.79,0.9670,0.229439,0.695389
1786703987.553590,44.079977,1347,29.87,112.85,77.03,0.9999,0.176327,0.160484,146.85,333.79,0.9669,0.229454,0.695396
1786703987.596284,44.122671,1348,29.87,112.97,77.11,0.9999,0.176511,0.160644,146.82,334.18,0.9669,0.229404,0.696198
1786703987.647522,44.173909,1349,29.87,113.05,77.24,0.9999,0.176644,0.160918,146.78,334.35,0.9667,0.229339,0.696561
1786703987.663567,44.189954,1350,29.70,113.00,77.24,0.9999,0.176559,0.160918,146.81,334.35,0.9669,0.229395,0.696566
1786703987.711471,44.237857,1351,29.70,113.05,77.24,0.9999,0.176647,0.160923,146.89,334.36,0.9671,0.229523,0.696588
1786703987.727200,44.253587,1352,29.70,113.07,77.27,0.9999,0.176676,0.160983,146.87,334.35,0.9673,0.229477,0.696567
1786703987.767372,44.293759,1353,29.70,113.07,77.27,0.9999,0.176678,0.160983,146.89,334.36,0.9670,0.229523,0.696586
1786703987.799650,44.326036,1354,29.70,113.07,77.29,0.9999,0.176678,0.161030,146.89,334.33,0.9669,0.229515,0.696518
1786703987.857888,44.384275,1356,29.70,112.93,77.16,0.9999,0.176454,0.160750,146.85,334.28,0.9668,0.229461,0.696425
1786703987.895191,44.421577,1357,29.70,112.93,77.16,0.9999,0.176446,0.160745,146.86,334.25,0.9665,0.229468,0.696354
1786703987.923884,44.450270,1358,29.70,112.96,77.15,0.9999,0.176504,0.160722,146.82,334.47,0.9667,0.229405,0.696812
1786703987.959030,44.485417,1359,29.70,113.03,77.39,0.9999,0.176610,0.161227,146.85,334.46,0.9667,0.229458,0.696785
1786703988.003160,44.529547,1360,29.70,113.00,77.48,0.9999,0.176555,0.161412,146.92,334.46,0.9672,0.229566,0.696795
1786703988.054226,44.580613,1361,29.70,112.99,77.44,0.9999,0.176554,0.161329,146.94,334.73,0.9672,0.229594,0.697351
1786703988.063904,44.590291,1362,29.70,113.05,77.53,0.9999,0.176636,0.161528,146.94,334.24,0.9676,0.229589,0.696335
1786703988.109625,44.636011,1363,29.70,113.10,77.50,0.9999,0.176711,0.161453,146.93,334.23,0.9678,0.229584,0.696321
1786703988.125288,44.651674,1364,29.70,113.09,77.40,0.9999,0.176701,0.161245,146.93,334.35,0.9683,0.229573,0.696563
1786703988.163646,44.690032,1365,29.70,113.14,77.39,0.9999,0.176783,0.161228,146.92,334.37,0.9683,0.229563,0.696602
1786703988.194052,44.720439,1366,29.58,113.14,77.35,0.9999,0.176788,0.161151,146.93,334.38,0.9680,0.229585,0.696623
1786703988.225909,44.752295,1367,29.58,113.18,77.41,0.9999,0.176838,0.161266,146.92,334.37,0.9679,0.229556,0.696606
1786703988.273510,44.799897,1368,29.58,113.16,77.32,0.9999,0.176808,0.161080,146.98,334.35,0.9687,0.229658,0.696554
1786703988.316995,44.843382,1369,29.58,113.29,77.41,0.9999,0.177020,0.161278,146.99,334.32,0.9690,0.229666,0.696508
1786703988.347719,44.874106,1370,29.58,113.31,77.49,0.9999,0.177039,0.161427,147.16,334.30,0.9685,0.229942,0.696454
1786703988.363360,44.889747,1371,29.58,113.36,77.52,0.9999,0.177119,0.161491,147.16,334.16,0.9686,0.229940,0.696161
1786703988.382014,44.908401,1372,29.58,113.36,77.49,0.9999,0.177127,0.161444,147.09,334.19,0.9686,0.229829,0.696230
1786703988.430926,44.957313,1373,29.58,113.38,77.60,0.9999,0.177161,0.161666,147.19,334.16,0.9689,0.229986,0.696171
1786703988.462213,44.988600,1374,29.58,113.40,77.59,0.9999,0.177183,0.161649,147.55,334.16,0.9692,0.230539,0.696163
1786703988.496306,45.022693,1375,29.58,113.39,77.53,0.9999,0.177176,0.161513,147.55,334.22,0.9697,0.230544,0.696286
1786703988.528207,45.054593,1376,29.58,113.38,77.53,0.9999,0.177154,0.161518,147.54,334.40,0.9700,0.230529,0.696665
1786703988.568297,45.094684,1377,29.58,113.60,77.43,0.9999,0.177496,0.161304,147.37,334.41,0.9701,0.230262,0.696696
1786703988.613859,45.140246,1378,29.58,113.68,77.45,0.9999,0.177619,0.161355,147.40,334.07,0.9698,0.230316,0.695984
1786703988.640013,45.166400,1379,29.58,113.64,77.50,0.9999,0.177564,0.161459,147.32,334.46,0.9700,0.230188,0.696783
1786703988.666658,45.193045,1380,29.58,113.85,77.58,0.9999,0.177887,0.161621,147.32,334.45,0.9692,0.230184,0.696769
1786703988.682377,45.208763,1381,29.64,114.12,77.66,0.9999,0.178306,0.161795,147.35,334.36,0.9681,0.230235,0.696589
1786703988.746497,45.272884,1382,29.64,114.31,77.62,0.9999,0.178607,0.161712,147.26,334.13,0.9678,0.230091,0.696106
1786703988.761140,45.287527,1383,29.64,114.32,77.66,0.9999,0.178619,0.161782,147.23,334.05,0.9682,0.230040,0.695945
1786703988.798073,45.324459,1384,29.64,114.34,77.60,0.9999,0.178652,0.161676,147.18,334.07,0.9683,0.229969,0.695975
1786703988.841221,45.367607,1385,29.64,114.71,77.72,0.9999,0.179229,0.161916,147.18,334.04,0.9684,0.229967,0.695907
1786703988.856107,45.382494,1386,29.64,114.67,77.72,0.9999,0.179175,0.161924,147.21,334.04,0.9683,0.230022,0.695921
1786703988.893430,45.419817,1387,29.64,114.67,77.70,0.9999,0.179169,0.161868,147.22,334.04,0.9689,0.230035,0.695927
1786703988.931713,45.458100,1388,29.64,114.66,77.64,0.9999,0.179155,0.161751,147.45,333.75,0.9679,0.230395,0.695313
1786703988.981620,45.508006,1389,29.64,114.66,77.79,0.9999,0.179152,0.162066,147.33,333.86,0.9682,0.230205,0.695536
1786703988.992112,45.518499,1390,29.64,114.35,77.76,0.9999,0.178665,0.161994,147.35,333.90,0.9689,0.230234,0.695628
1786703989.015809,45.542195,1391,29.64,114.25,77.54,0.9999,0.178509,0.161543,147.29,333.83,0.9686,0.230145,0.695484
1786703989.071890,45.598277,1392,29.64,114.25,77.57,0.9999,0.178509,0.161606,147.27,333.98,0.9686,0.230107,0.695796
1786703989.108100,45.634487,1393,29.64,114.51,78.05,0.9999,0.178925,0.162601,147.31,334.03,0.9683,0.230167,0.695903
1786703989.135604,45.661991,1394,29.64,114.43,77.93,0.9999,0.178789,0.162357,147.25,334.10,0.9679,0.230071,0.696047
1786703989.180911,45.707298,1395,29.64,114.58,77.85,0.9999,0.179032,0.162180,147.07,333.95,0.9676,0.229790,0.695737
1786703989.193526,45.719913,1396,29.60,114.64,77.85,0.9999,0.179120,0.162178,147.17,333.10,0.9682,0.229947,0.693968
1786703989.231301,45.757687,1397,29.60,114.73,77.85,0.9999,0.179263,0.162178,147.19,333.22,0.9688,0.229977,0.694204
1786703989.267782,45.794169,1398,29.60,114.69,77.90,0.9999,0.179210,0.162295,147.14,333.53,0.9690,0.229908,0.694847
1786703989.291170,45.817556,1399,29.60,114.71,77.89,0.9999,0.179231,0.162273,147.09,333.48,0.9691,0.229832,0.694752
1786703989.350418,45.876805,1400,29.60,114.76,78.13,0.9999,0.179320,0.162767,147.38,333.85,0.9696,0.230287,0.695519
1786703989.366225,45.892611,1401,29.60,114.90,78.09,0.9999,0.179533,0.162680,147.38,333.83,0.9697,0.230278,0.695483
1786703989.392452,45.918839,1402,29.60,114.90,78.09,0.9999,0.179528,0.162679,147.37,333.86,0.9701,0.230272,0.695536
1786703989.429518,45.955905,1403,29.60,115.35,78.05,0.9999,0.180231,0.162612,147.50,333.77,0.9698,0.230471,0.695364
1786703989.480233,46.006620,1404,29.60,115.53,78.45,0.9999,0.180513,0.163441,147.67,333.92,0.9705,0.230739,0.695670
1786703989.517690,46.044077,1405,29.60,115.77,78.41,0.9999,0.180894,0.163352,147.67,333.91,0.9708,0.230739,0.695653
1786703989.534295,46.060682,1406,29.60,115.78,78.36,0.9999,0.180899,0.163253,147.52,333.98,0.9705,0.230497,0.695794
1786703989.580632,46.107019,1407,29.60,115.74,78.37,0.9999,0.180845,0.163273,147.68,333.83,0.9709,0.230743,0.695487
1786703989.607228,46.133615,1408,29.60,115.75,78.36,0.9999,0.180864,0.163256,147.63,333.80,0.9714,0.230669,0.695409
1786703989.630571,46.156958,1409,29.60,115.77,78.22,0.9999,0.180889,0.162967,147.68,333.76,0.9713,0.230755,0.695335
1786703989.668255,46.194642,1410,29.60,115.87,78.09,0.9999,0.181054,0.162687,147.48,333.89,0.9714,0.230438,0.695609
1786703989.703118,46.229505,1411,29.60,115.89,77.74,0.9999,0.181075,0.161958,147.50,333.91,0.9712,0.230471,0.695642
1786703989.730824,46.257211,1412,29.84,116.06,77.75,1.0000,0.181341,0.161985,147.50,334.06,0.9713,0.230473,0.695956
1786703989.763353,46.289740,1413,29.84,116.06,77.75,0.9999,0.181342,0.161987,147.50,334.05,0.9711,0.230462,0.695930
1786703989.798509,46.324895,1414,29.84,116.10,77.75,0.9999,0.181402,0.161977,147.24,334.20,0.9706,0.230060,0.696241
1786703989.846083,46.372470,1415,29.84,116.28,77.70,1.0000,0.181683,0.161878,147.15,334.30,0.9710,0.229915,0.696459
1786703989.862126,46.388512,1416,29.84,116.41,77.70,1.0000,0.181889,0.161880,147.20,334.45,0.9697,0.230007,0.696781
1786703989.894270,46.420657,1417,29.84,116.46,77.67,1.0000,0.181966,0.161805,147.19,334.29,0.9704,0.229983,0.696431
1786703989.941123,46.467510,1418,29.84,116.49,77.54,1.0000,0.182021,0.161541,147.19,334.31,0.9708,0.229989,0.696484
1786703989.973209,46.499596,1419,29.84,116.56,77.52,1.0000,0.182128,0.161498,147.06,334.32,0.9711,0.229786,0.696501
1786703990.020566,46.546953,1420,29.84,116.61,77.41,1.0000,0.182205,0.161281,147.14,334.36,0.9715,0.229911,0.696586
1786703990.057995,46.584381,1421,29.84,116.68,77.42,1.0000,0.182313,0.161284,147.16,334.22,0.9721,0.229932,0.696283
1786703990.085147,46.611533,1422,29.84,116.78,77.35,1.0000,0.182469,0.161156,147.29,334.21,0.9712,0.230141,0.696264
1786703990.095217,46.621604,1423,29.84,116.87,77.33,1.0000,0.182607,0.161097,147.28,334.14,0.9708,0.230133,0.696117
1786703990.137683,46.664070,1424,29.84,116.82,77.35,1.0000,0.182534,0.161138,147.43,333.99,0.9714,0.230366,0.695820
1786703990.152058,46.678445,1425,29.84,116.86,77.33,1.0000,0.182601,0.161106,147.46,333.74,0.9708,0.230411,0.695287
1786703990.196800,46.723186,1426,29.84,116.83,77.39,1.0000,0.182548,0.161239,147.43,333.77,0.9708,0.230363,0.695351
1786703990.233408,46.759795,1427,29.82,116.84,77.50,1.0000,0.182560,0.161464,147.44,333.99,0.9708,0.230378,0.695806
1786703990.262315,46.788702,1428,29.82,116.70,77.50,1.0000,0.182348,0.161463,147.38,334.08,0.9709,0.230278,0.696007
1786703990.296738,46.823125,1429,29.82,116.70,77.46,0.9999,0.182350,0.161380,147.16,334.00,0.9712,0.229931,0.695835
1786703990.331084,46.857471,1430,29.82,116.73,77.46,0.9999,0.182388,0.161377,147.18,334.54,0.9714,0.229962,0.696959
1786703990.365453,46.891840,1431,29.82,116.88,77.47,0.9999,0.182628,0.161390,147.19,334.35,0.9716,0.229986,0.696568
1786703990.400599,46.926986,1432,29.82,116.83,77.49,0.9999,0.182550,0.161442,147.35,334.33,0.9718,0.230234,0.696519
1786703990.434271,46.960658,1433,29.82,116.90,77.39,0.9999,0.182654,0.161221,147.28,334.04,0.9721,0.230117,0.695925
1786703990.450249,46.976635,1434,29.82,116.91,77.39,0.9999,0.182665,0.161238,147.32,334.11,0.9720,0.230189,0.696068
1786703990.482108,47.008495,1435,29.82,116.93,77.39,0.9999,0.182698,0.161238,147.29,334.37,0.9717,0.230140,0.696603
1786703990.524626,47.051013,1436,29.82,116.92,77.39,0.9999,0.182692,0.161220,147.18,334.38,0.9721,0.229970,0.696628
1786703990.562025,47.088411,1437,29.82,116.92,77.24,0.9999,0.182686,0.160924,147.27,334.47,0.9714,0.230109,0.696809
1786703990.635722,47.162109,1438,29.82,116.89,77.40,0.9999,0.182643,0.161255,147.53,334.55,0.9718,0.230522,0.696974
1786703990.641814,47.168200,1439,29.82,116.94,77.41,0.9999,0.182718,0.161272,147.38,334.54,0.9721,0.230282,0.696952
1786703990.670980,47.197366,1440,29.82,116.92,77.18,0.9999,0.182683,0.160800,147.35,334.30,0.9724,0.230227,0.696449
1786703990.705603,47.231989,1441,29.82,116.91,77.17,0.9999,0.182670,0.160781,147.32,334.29,0.9726,0.230182,0.696447
1786703990.760836,47.287223,1443,29.50,116.85,77.30,0.9999,0.182571,0.161049,147.32,334.32,0.9724,0.230186,0.696495
1786703990.808681,47.335068,1444,29.50,116.65,77.31,0.9999,0.182267,0.161059,146.65,334.80,0.9721,0.229143,0.697510
1786703990.834974,47.361361,1445,29.50,116.62,77.34,0.9999,0.182220,0.161135,146.69,334.80,0.9720,0.229207,0.697502
1786703990.848707,47.375093,1446,29.50,116.60,77.35,0.9999,0.182186,0.161138,146.71,334.53,0.9722,0.229229,0.696932
1786703990.896079,47.422466,1447,29.50,116.60,77.42,0.9999,0.182189,0.161285,146.63,334.56,0.9726,0.229103,0.696997
1786703990.947222,47.473608,1448,29.50,116.56,77.48,0.9999,0.182128,0.161419,146.69,334.28,0.9726,0.229205,0.696420
1786703990.959663,47.486049,1449,29.50,116.56,77.53,0.9999,0.182129,0.161527,146.69,334.29,0.9729,0.229208,0.696436
1786703990.994376,47.520762,1450,29.50,116.56,77.57,0.9999,0.182123,0.161605,146.70,334.22,0.9729,0.229216,0.696286
1786703991.028795,47.555182,1451,29.50,116.25,77.93,0.9999,0.181644,0.162360,146.84,334.13,0.9733,0.229436,0.696105
1786703991.068719,47.595106,1452,29.50,116.10,77.91,0.9999,0.181405,0.162318,146.81,334.11,0.9728,0.229392,0.696070
1786703991.100777,47.627164,1453,29.50,116.11,78.28,0.9999,0.181421,0.163077,146.83,334.20,0.9730,0.229422,0.696257
1786703991.129957,47.656343,1454,29.50,116.15,78.31,0.9999,0.181483,0.163144,146.82,334.23,0.9733,0.229405,0.696307
1786703991.167656,47.694043,1455,29.50,116.18,78.31,0.9999,0.181538,0.163151,146.92,334.59,0.9737,0.229560,0.697057
1786703991.194099,47.720486,1456,29.50,116.17,78.28,0.9999,0.181515,0.163084,146.93,334.48,0.9737,0.229583,0.696832
1786703991.228713,47.755100,1457,29.50,116.18,78.12,1.0000,0.181533,0.162741,146.95,334.60,0.9741,0.229602,0.697079
1786703991.265212,47.791599,1458,29.53,116.18,78.07,1.0000,0.181538,0.162651,146.94,334.40,0.9741,0.229601,0.696674
1786703991.294677,47.821064,1459,29.53,116.18,78.07,1.0000,0.181538,0.162648,146.84,334.58,0.9743,0.229438,0.697043
1786703991.329310,47.855697,1460,29.53,115.86,78.06,1.0000,0.181038,0.162632,146.81,334.64,0.9744,0.229391,0.697172
1786703991.360974,47.887361,1461,29.53,115.87,77.99,1.0000,0.181053,0.162488,146.72,334.65,0.9736,0.229256,0.697196
1786703991.390031,47.916418,1462,29.53,115.87,78.03,1.0000,0.181041,0.162563,146.81,334.68,0.9739,0.229383,0.697251
1786703991.432151,47.958537,1463,29.53,115.90,78.10,1.0000,0.181096,0.162700,146.91,334.21,0.9736,0.229543,0.696275
1786703991.458958,47.985345,1464,29.53,115.91,78.10,1.0000,0.181106,0.162708,146.83,334.11,0.9733,0.229427,0.696061
1786703991.498465,48.024852,1465,29.53,115.92,78.10,1.0000,0.181121,0.162709,146.89,334.12,0.9734,0.229514,0.696084
1786703991.537478,48.063865,1466,29.53,115.87,78.14,1.0000,0.181054,0.162798,146.87,334.37,0.9730,0.229480,0.696612
1786703991.560093,48.086479,1467,29.53,115.88,78.12,1.0000,0.181057,0.162756,146.93,334.33,0.9723,0.229573,0.696524
1786703991.597090,48.123477,1468,29.53,115.88,78.13,1.0000,0.181061,0.162761,146.94,334.26,0.9723,0.229594,0.696371
1786703991.642020,48.168407,1469,29.53,115.88,78.28,1.0000,0.181056,0.163089,146.92,334.46,0.9725,0.229563,0.696782
1786703991.665180,48.191567,1470,29.53,115.86,78.41,1.0000,0.181024,0.163358,146.97,334.49,0.9725,0.229639,0.696848
1786703991.696510,48.222897,1471,29.53,115.68,78.39,1.0000,0.180749,0.163317,146.98,334.31,0.9722,0.229659,0.696487
1786703991.739811,48.266197,1472,29.53,115.52,78.37,1.0000,0.180498,0.163264,147.02,334.28,0.9728,0.229722,0.696422
1786703991.759804,48.286190,1473,29.53,115.51,78.31,1.0000,0.180486,0.163148,147.02,334.27,0.9723,0.229724,0.696386
1786703991.797222,48.323609,1474,29.64,115.50,78.20,1.0000,0.180476,0.162925,147.00,334.39,0.9729,0.229685,0.696654
1786703991.831496,48.357882,1475,29.64,115.59,78.19,1.0000,0.180617,0.162891,146.96,334.51,0.9724,0.229620,0.696896
1786703991.851034,48.377420,1476,29.64,115.60,78.16,1.0000,0.180625,0.162836,146.99,334.42,0.9722,0.229665,0.696702
1786703991.908205,48.434591,1477,29.64,115.49,78.17,1.0000,0.180446,0.162848,146.80,334.59,0.9726,0.229369,0.697069
1786703991.940235,48.466621,1478,29.64,115.50,78.16,1.0000,0.180472,0.162843,146.64,334.73,0.9721,0.229129,0.697351
1786703991.972509,48.498896,1479,29.64,115.50,78.18,1.0000,0.180475,0.162875,146.71,334.73,0.9723,0.229240,0.697363
1786703991.988302,48.514689,1480,29.64,115.43,78.15,1.0000,0.180365,0.162820,146.76,334.56,0.9722,0.229314,0.697010
1786703992.036456,48.562842,1481,29.64,115.29,78.14,1.0000,0.180145,0.162801,147.05,334.41,0.9723,0.229770,0.696684
1786703992.067073,48.593459,1482,29.64,115.45,78.16,1.0000,0.180387,0.162836,147.14,334.44,0.9711,0.229906,0.696756
1786703992.091966,48.618353,1483,29.64,115.42,78.29,1.0000,0.180347,0.163113,147.11,334.47,0.9714,0.229864,0.696813
1786703992.125240,48.651627,1484,29.64,115.42,78.17,1.0000,0.180339,0.162851,147.18,334.30,0.9707,0.229964,0.696451
1786703992.162810,48.689197,1485,29.64,115.41,78.28,1.0000,0.180335,0.163080,147.19,334.28,0.9708,0.229982,0.696417
1786703992.203638,48.730025,1486,29.64,115.07,78.30,1.0000,0.179796,0.163117,147.31,334.39,0.9711,0.230174,0.696637
1786703992.241974,48.768361,1487,29.64,115.07,78.29,1.0000,0.179803,0.163105,147.31,334.35,0.9709,0.230170,0.696555
1786703992.260177,48.786563,1488,29.64,115.07,78.29,1.0000,0.179789,0.163105,147.35,334.32,0.9709,0.230231,0.696503
1786703992.305902,48.832289,1489,29.61,115.06,78.37,1.0000,0.179782,0.163271,147.35,334.28,0.9704,0.230232,0.696416
1786703992.338196,48.864582,1490,29.61,115.01,78.33,1.0000,0.179696,0.163179,147.37,334.22,0.9707,0.230263,0.696289
1786703992.375172,48.901559,1491,29.61,114.87,78.22,1.0000,0.179489,0.162956,147.33,334.49,0.9707,0.230207,0.696851
1786703992.401732,48.928118,1492,29.61,114.90,78.22,1.0000,0.179538,0.162950,147.12,334.36,0.9711,0.229870,0.696585
1786703992.433251,48.959638,1493,29.61,114.91,78.25,1.0000,0.179543,0.163018,147.15,334.21,0.9712,0.229927,0.696269
1786703992.465306,48.991693,1494,29.61,114.57,78.26,1.0000,0.179020,0.163048,147.19,334.09,0.9715,0.229991,0.696025
1786703992.502411,49.028798,1495,29.61,114.58,78.10,1.0000,0.179025,0.162704,147.10,334.05,0.9713,0.229846,0.695930
1786703992.542022,49.068409,1496,29.61,114.61,78.29,0.9999,0.179077,0.163113,147.12,334.01,0.9710,0.229876,0.695851
1786703992.571653,49.098040,1497,29.61,114.55,78.27,0.9999,0.178980,0.163058,147.14,334.22,0.9714,0.229908,0.696292
1786703992.595086,49.121472,1498,29.61,114.49,78.29,0.9999,0.178894,0.163104,147.14,334.26,0.9717,0.229911,0.696380
1786703992.650806,49.177193,1499,29.61,114.42,77.92,0.9999,0.178783,0.162330,147.10,334.10,0.9719,0.229841,0.696035
1786703992.672437,49.198824,1500,29.61,114.40,77.90,0.9999,0.178744,0.162292,147.19,334.18,0.9719,0.229980,0.696201
1786703992.703675,49.230061,1501,29.61,114.30,77.76,0.9999,0.178586,0.162001,147.19,334.22,0.9721,0.229977,0.696295
1786703992.737939,49.264326,1502,29.61,114.22,77.77,0.9999,0.178466,0.162020,147.16,334.44,0.9720,0.229944,0.696747
1786703992.753435,49.279822,1503,29.61,114.10,77.59,0.9999,0.178278,0.161641,147.16,334.46,0.9717,0.229943,0.696795
1786703992.802210,49.328597,1504,29.61,114.10,77.86,0.9999,0.178281,0.162209,147.31,334.41,0.9720,0.230177,0.696687
1786703992.837054,49.363441,1505,29.73,114.03,77.86,0.9999,0.178173,0.162201,147.23,334.56,0.9723,0.230050,0.697001
1786703992.858274,49.384660,1506,29.73,114.15,77.96,0.9999,0.178365,0.162411,147.24,334.50,0.9720,0.230057,0.696883
1786703992.902249,49.428635,1507,29.73,114.15,77.97,0.9999,0.178367,0.162435,147.48,334.48,0.9718,0.230430,0.696841
1786703992.937192,49.463578,1508,29.73,114.10,78.34,0.9999,0.178283,0.163213,147.38,334.50,0.9718,0.230275,0.696880
1786703992.966820,49.493207,1509,29.73,114.11,78.23,0.9999,0.178301,0.162977,147.31,334.40,0.9716,0.230178,0.696676
1786703992.996185,49.522572,1510,29.73,114.05,78.09,0.9999,0.178201,0.162691,147.31,334.16,0.9716,0.230177,0.696157
1786703993.038731,49.565118,1511,29.73,114.03,78.16,0.9999,0.178177,0.162837,147.61,333.84,0.9720,0.230644,0.695497
1786703993.081171,49.607558,1512,29.73,113.88,77.96,0.9999,0.177942,0.162421,147.50,333.99,0.9723,0.230462,0.695814
1786703993.104944,49.631330,1513,29.73,113.90,77.94,0.9999,0.177966,0.162375,147.43,334.06,0.9716,0.230365,0.695950
1786703993.133950,49.660336,1514,29.73,114.00,77.37,0.9999,0.178124,0.161185,147.45,334.03,0.9716,0.230386,0.695905
1786703993.182542,49.708928,1515,29.73,114.01,77.53,0.9999,0.178135,0.161516,147.57,334.37,0.9718,0.230582,0.696613
1786703993.196896,49.723282,1516,29.73,113.89,77.52,0.9999,0.177959,0.161499,147.63,334.35,0.9721,0.230675,0.696566
1786703993.231265,49.757651,1517,29.73,113.94,77.50,0.9999,0.178037,0.161454,147.56,333.87,0.9727,0.230564,0.695556
1786703993.268096,49.794483,1518,29.73,114.78,77.52,0.9999,0.179340,0.161501,147.51,333.97,0.9724,0.230480,0.695776
1786703993.282327,49.808713,1519,29.73,114.83,77.64,0.9999,0.179429,0.161741,147.51,334.02,0.9721,0.230489,0.695879
1786703993.329215,49.855602,1520,29.73,114.80,77.68,0.9999,0.179374,0.161830,147.46,334.16,0.9724,0.230399,0.696166
1786703993.360468,49.886855,1521,29.89,114.86,77.57,0.9999,0.179468,0.161605,147.44,334.07,0.9720,0.230370,0.695976
1786703993.394972,49.921358,1522,29.89,114.86,77.71,0.9999,0.179473,0.161897,147.48,334.15,0.9727,0.230430,0.696142
1786703993.429472,49.955859,1523,29.89,115.15,77.74,0.9999,0.179915,0.161953,147.32,334.59,0.9726,0.230181,0.697054
1786703993.463994,49.990380,1524,29.89,115.21,77.62,0.9999,0.180013,0.161703,147.29,334.62,0.9726,0.230142,0.697132
1786703993.493544,50.019930,1525,29.89,115.26,77.62,0.9999,0.180090,0.161715,147.30,334.29,0.9720,0.230156,0.696439
1786703993.530896,50.057282,1526,29.89,115.37,77.70,0.9999,0.180269,0.161870,147.32,334.20,0.9720,0.230189,0.696244
1786703993.557948,50.084335,1527,29.89,115.21,77.88,0.9999,0.180015,0.162243,147.17,334.63,0.9709,0.229946,0.697147
1786703993.594939,50.121325,1528,29.89,115.18,77.69,0.9999,0.179975,0.161845,147.14,334.39,0.9709,0.229902,0.696651
1786703993.631549,50.157936,1529,29.89,115.28,77.67,0.9999,0.180127,0.161807,147.16,334.58,0.9712,0.229945,0.697044
1786703993.668596,50.194983,1530,29.89,115.56,77.73,0.9999,0.180560,0.161934,147.16,334.49,0.9712,0.229931,0.696863
1786703993.695076,50.221462,1531,29.89,115.41,77.82,0.9999,0.180335,0.162135,147.16,334.46,0.9718,0.229931,0.696799
1786703993.729074,50.255460,1532,29.89,115.41,77.74,0.9999,0.180334,0.161958,147.13,334.19,0.9722,0.229897,0.696233
1786703993.760710,50.287097,1533,29.89,115.41,77.96,1.0000,0.180330,0.162410,147.35,334.22,0.9724,0.230237,0.696299
1786703993.792447,50.318834,1534,29.89,115.48,77.98,1.0000,0.180435,0.162451,147.39,334.12,0.9719,0.230293,0.696082
1786703993.829523,50.355909,1535,29.89,115.23,77.98,1.0000,0.180048,0.162451,147.39,334.11,0.9725,0.230304,0.696064
1786703993.872684,50.399071,1536,29.79,115.16,77.84,1.0000,0.179939,0.162175,147.44,334.31,0.9728,0.230367,0.696487
1786703993.901731,50.428118,1537,29.79,115.17,77.80,1.0000,0.179954,0.162092,147.55,334.14,0.9729,0.230549,0.696134
1786703993.938789,50.465176,1538,29.79,115.09,77.81,1.0000,0.179821,0.162111,147.52,334.18,0.9737,0.230504,0.696204
1786703993.959982,50.486369,1539,29.79,115.09,77.37,1.0000,0.179834,0.161186,147.30,333.71,0.9729,0.230164,0.695235
1786703993.992174,50.518561,1540,29.79,115.20,77.67,1.0000,0.179994,0.161805,147.18,333.90,0.9732,0.229969,0.695633
1786703994.045435,50.571822,1541,29.79,115.22,77.98,1.0000,0.180027,0.162463,147.21,333.92,0.9734,0.230017,0.695659
1786703994.063237,50.589623,1542,29.79,115.19,78.09,1.0000,0.179988,0.162697,147.21,334.03,0.9735,0.230011,0.695906
1786703994.100777,50.627163,1543,29.79,115.11,78.02,1.0000,0.179863,0.162540,147.15,334.31,0.9736,0.229921,0.696481
1786703994.132930,50.659316,1544,29.79,115.12,77.98,1.0000,0.179882,0.162458,147.21,334.37,0.9732,0.230010,0.696605
1786703994.164584,50.690971,1545,29.79,115.12,77.89,1.0000,0.179881,0.162264,147.25,334.50,0.9729,0.230075,0.696878
1786703994.182776,50.709162,1546,29.79,114.99,77.93,1.0000,0.179673,0.162358,147.10,334.72,0.9727,0.229838,0.697340
1786703994.226013,50.752399,1547,29.79,115.09,77.92,1.0000,0.179832,0.162331,147.11,334.52,0.9722,0.229854,0.696915
1786703994.263169,50.789556,1548,29.79,115.05,78.05,1.0000,0.179773,0.162600,147.03,334.94,0.9722,0.229741,0.697790
1786703994.307959,50.834346,1549,29.79,114.97,78.10,1.0000,0.179639,0.162714,147.12,334.93,0.9720,0.229873,0.697765
1786703994.324071,50.850458,1550,29.79,115.00,78.10,1.0000,0.179682,0.162709,147.11,335.01,0.9719,0.229859,0.697940
1786703994.361597,50.887983,1551,29.79,114.89,78.09,1.0000,0.179510,0.162688,147.11,334.98,0.9715,0.229855,0.697883
1786703994.393432,50.919819,1552,29.95,114.77,78.10,1.0000,0.179332,0.162711,147.15,334.95,0.9717,0.229928,0.697808
1786703994.458705,50.985091,1553,29.95,114.69,78.11,1.0000,0.179199,0.162721,147.02,335.13,0.9721,0.229720,0.698188
1786703994.472219,50.998605,1554,29.95,114.64,78.14,1.0000,0.179125,0.162790,147.01,335.14,0.9722,0.229704,0.698212
1786703994.498547,51.024933,1555,29.95,114.51,78.03,1.0000,0.178923,0.162572,147.01,335.16,0.9725,0.229705,0.698241
1786703994.531814,51.058201,1556,29.95,114.51,78.08,1.0000,0.178916,0.162662,147.01,334.91,0.9729,0.229708,0.697733
1786703994.563970,51.090357,1557,29.95,114.18,78.05,1.0000,0.178404,0.162605,147.11,334.76,0.9722,0.229866,0.697412
1786703994.600780,51.127167,1558,29.95,114.02,78.05,1.0000,0.178161,0.162605,147.10,334.73,0.9721,0.229847,0.697347
1786703994.642684,51.169071,1559,29.95,114.04,78.08,1.0000,0.178190,0.162671,147.07,334.38,0.9723,0.229795,0.696622
1786703994.674612,51.200999,1560,29.95,114.10,78.15,1.0000,0.178280,0.162814,146.98,334.85,0.9722,0.229661,0.697606
1786703994.702192,51.228578,1561,29.95,114.00,78.25,1.0000,0.178118,0.163018,147.08,334.66,0.9725,0.229820,0.697212
1786703994.730288,51.256674,1562,29.95,114.00,78.37,1.0000,0.178118,0.163263,147.07,334.79,0.9722,0.229794,0.697485
1786703994.769686,51.296073,1563,29.95,114.00,78.14,1.0000,0.178118,0.162785,147.03,334.79,0.9720,0.229742,0.697482
1786703994.791979,51.318365,1564,29.95,114.00,78.14,1.0000,0.178127,0.162796,147.04,334.89,0.9721,0.229753,0.697684
1786703994.849639,51.376026,1565,29.95,114.00,78.11,1.0000,0.178128,0.162730,147.04,334.75,0.9721,0.229753,0.697392
1786703994.865726,51.392112,1566,29.95,114.00,78.10,1.0000,0.178128,0.162712,147.00,334.58,0.9719,0.229681,0.697036
1786703994.913799,51.440186,1567,29.87,114.00,78.08,1.0000,0.178128,0.162671,147.28,334.31,0.9716,0.230129,0.696476
1786703994.940604,51.466990,1568,29.87,113.89,78.03,1.0000,0.177954,0.162555,147.28,334.16,0.9719,0.230129,0.696169
1786703994.969815,51.496202,1569,29.87,113.83,78.15,1.0000,0.177853,0.162820,147.26,334.19,0.9718,0.230097,0.696222
1786703995.009418,51.535805,1570,29.87,113.82,78.28,1.0000,0.177848,0.163083,147.14,334.26,0.9710,0.229907,0.696379
1786703995.043550,51.569937,1571,29.87,113.79,78.13,1.0000,0.177800,0.162779,147.12,334.29,0.9706,0.229869,0.696436
1786703995.077546,51.603932,1572,29.87,113.75,78.06,1.0000,0.177736,0.162623,147.08,334.36,0.9707,0.229809,0.696592
1786703995.091967,51.618354,1573,29.87,113.80,78.12,1.0000,0.177818,0.162747,147.02,334.64,0.9696,0.229721,0.697170
1786703995.133545,51.659932,1574,29.87,113.80,78.09,0.9999,0.177817,0.162683,147.03,334.67,0.9690,0.229732,0.697222
1786703995.172686,51.699073,1575,29.87,113.61,78.03,1.0000,0.177516,0.162554,147.09,334.23,0.9693,0.229827,0.696306
1786703995.215670,51.742057,1576,29.87,113.53,78.02,1.0000,0.177394,0.162539,147.10,334.22,0.9690,0.229843,0.696285
1786703995.247347,51.773734,1577,29.87,113.48,78.02,1.0000,0.177314,0.162539,147.15,334.26,0.9688,0.229915,0.696365
1786703995.262868,51.789255,1578,29.87,113.45,78.02,0.9999,0.177258,0.162535,146.88,334.36,0.9685,0.229500,0.696583
1786703995.307943,51.834330,1579,29.87,113.41,77.77,0.9999,0.177209,0.162020,147.02,334.14,0.9688,0.229717,0.696134
1786703995.335008,51.861394,1580,29.87,113.06,77.75,0.9999,0.176655,0.161972,147.12,334.13,0.9695,0.229882,0.696107
1786703995.367018,51.893405,1581,29.87,112.80,77.75,1.0000,0.176251,0.161971,147.22,334.06,0.9705,0.230032,0.695964
1786703995.393644,51.920030,1582,29.87,112.66,77.75,1.0000,0.176037,0.161970,147.19,334.08,0.9704,0.229984,0.695995
1786703995.431777,51.958164,1583,29.94,112.63,77.86,0.9999,0.175984,0.162213,147.19,333.97,0.9702,0.229988,0.695769
1786703995.460865,51.987252,1584,29.94,112.62,77.91,1.0000,0.175976,0.162304,147.40,333.96,0.9703,0.230305,0.695760
1786703995.493191,52.019578,1585,29.94,112.55,77.81,1.0000,0.175858,0.162109,147.36,334.02,0.9698,0.230245,0.695875
1786703995.536099,52.062485,1586,29.94,112.37,77.81,1.0000,0.175574,0.162109,147.28,334.23,0.9696,0.230128,0.696320
1786703995.562431,52.088817,1587,29.94,112.37,77.81,1.0000,0.175576,0.162104,147.11,334.22,0.9690,0.229860,0.696296
1786703995.604838,52.131224,1588,29.94,112.49,78.00,1.0000,0.175772,0.162491,147.19,334.14,0.9688,0.229991,0.696135
1786703995.636512,52.162899,1589,29.94,112.46,78.00,1.0000,0.175723,0.162492,147.05,334.32,0.9688,0.229765,0.696496
1786703995.652236,52.178622,1590,29.94,112.48,77.72,1.0000,0.175748,0.161917,147.00,334.30,0.9687,0.229684,0.696463
1786703995.730735,52.257122,1591,29.94,112.47,77.69,1.0000,0.175732,0.161856,147.00,334.42,0.9685,0.229681,0.696714
1786703995.746651,52.273037,1592,29.94,112.47,77.74,1.0000,0.175728,0.161949,147.07,334.23,0.9688,0.229798,0.696308
1786703995.768333,52.294719,1593,29.94,112.49,77.73,1.0000,0.175763,0.161940,147.11,334.03,0.9683,0.229864,0.695906
1786703995.800447,52.326833,1594,29.94,112.48,77.72,1.0000,0.175749,0.161913,147.12,334.03,0.9680,0.229869,0.695905
1786703995.839046,52.365432,1595,29.94,112.48,77.74,1.0000,0.175756,0.161948,147.14,334.00,0.9678,0.229904,0.695834
1786703995.860607,52.386993,1596,29.94,112.49,77.72,1.0000,0.175761,0.161917,147.14,333.95,0.9680,0.229900,0.695739
1786703995.900209,52.426595,1597,29.94,112.54,77.82,1.0000,0.175841,0.162127,147.13,333.73,0.9684,0.229885,0.695263
1786703995.940357,52.466744,1598,29.84,112.59,77.92,1.0000,0.175927,0.162327,147.06,334.42,0.9680,0.229776,0.696700
1786703995.964478,52.490865,1599,29.84,113.21,77.92,1.0000,0.176890,0.162338,147.02,334.25,0.9684,0.229712,0.696354
1786703996.005904,52.532291,1600,29.84,113.19,78.06,1.0000,0.176854,0.162618,147.11,333.96,0.9687,0.229865,0.695759
1786703996.016309,52.542696,1601,29.84,113.18,78.06,1.0000,0.176848,0.162617,147.07,334.43,0.9684,0.229797,0.696723
1786703996.066432,52.592818,1602,29.84,113.19,78.11,1.0000,0.176867,0.162725,146.89,334.45,0.9687,0.229523,0.696770
1786703996.098643,52.625030,1603,29.84,113.19,78.12,1.0000,0.176864,0.162747,146.94,334.41,0.9694,0.229591,0.696689
1786703996.130472,52.656858,1604,29.84,113.19,78.09,1.0000,0.176860,0.162696,146.80,334.56,0.9692,0.229373,0.696998
1786703996.159290,52.685677,1605,29.84,113.19,78.09,1.0000,0.176856,0.162690,146.89,334.22,0.9692,0.229509,0.696282
1786703996.201999,52.728385,1606,29.84,113.16,78.16,1.0000,0.176810,0.162837,146.74,334.72,0.9690,0.229274,0.697325
1786703996.223489,52.749876,1607,29.84,113.16,78.28,1.0000,0.176812,0.163075,146.69,334.62,0.9693,0.229197,0.697121
1786703996.260398,52.786785,1608,29.84,113.18,78.35,1.0000,0.176845,0.163233,146.75,334.61,0.9689,0.229289,0.697102
1786703996.292027,52.818414,1609,29.84,113.13,78.38,1.0000,0.176764,0.163289,146.92,334.68,0.9684,0.229561,0.697255
1786703996.332727,52.859114,1610,29.84,113.13,78.38,1.0000,0.176762,0.163296,147.14,334.64,0.9686,0.229904,0.697176
1786703996.350832,52.877219,1611,29.84,113.19,78.38,1.0000,0.176852,0.163299,147.31,334.46,0.9694,0.230167,0.696799
1786703996.396140,52.922527,1612,29.84,113.08,78.34,1.0000,0.176689,0.163204,147.53,334.14,0.9703,0.230512,0.696125
1786703996.428417,52.954804,1613,29.84,113.02,78.17,1.0000,0.176587,0.162856,147.45,334.32,0.9702,0.230394,0.696497
1786703996.460545,52.986931,1614,30.03,113.10,78.17,1.0000,0.176723,0.162846,147.31,334.50,0.9702,0.230177,0.696867
1786703996.498289,53.024675,1615,30.03,113.09,78.14,1.0000,0.176700,0.162800,147.30,334.40,0.9704,0.230164,0.696673
1786703996.532647,53.059034,1616,30.03,113.10,78.12,1.0000,0.176720,0.162759,147.26,334.80,0.9705,0.230093,0.697508
1786703996.564090,53.090477,1617,30.03,113.27,78.13,1.0000,0.176979,0.162774,147.14,334.79,0.9706,0.229906,0.697478
1786703996.601340,53.127727,1618,30.03,113.24,78.05,1.0000,0.176933,0.162608,147.06,334.86,0.9708,0.229783,0.697628
1786703996.625150,53.151537,1619,30.03,113.26,78.08,1.0000,0.176965,0.162671,147.04,334.94,0.9707,0.229748,0.697795
1786703996.661706,53.188093,1620,30.03,113.28,78.11,1.0000,0.176992,0.162731,147.15,334.78,0.9710,0.229915,0.697454
1786703996.695936,53.222323,1621,30.03,113.29,78.16,1.0000,0.177012,0.162824,147.13,334.72,0.9707,0.229885,0.697326
1786703996.733314,53.259701,1622,30.03,113.28,78.12,1.0000,0.177001,0.162740,147.14,334.76,0.9706,0.229914,0.697407
1786703996.757296,53.283683,1623,30.03,113.11,78.24,1.0000,0.176734,0.163009,147.28,334.69,0.9711,0.230118,0.697271
1786703996.781183,53.307570,1624,30.03,113.12,78.48,1.0000,0.176749,0.163509,147.30,334.50,0.9715,0.230156,0.696877
1786703996.844064,53.370450,1625,30.03,113.14,78.54,1.0000,0.176788,0.163622,146.84,335.10,0.9711,0.229434,0.698122
1786703996.876303,53.402690,1626,30.03,113.24,78.55,1.0000,0.176930,0.163654,147.01,334.86,0.9712,0.229697,0.697616
1786703996.910368,53.436755,1627,30.03,113.24,78.56,1.0000,0.176931,0.163674,147.03,334.80,0.9715,0.229735,0.697491
1786703996.939497,53.465884,1628,30.03,113.25,78.58,1.0000,0.176956,0.163704,146.97,334.81,0.9713,0.229641,0.697528
1786703996.960626,53.487013,1629,30.03,113.22,78.53,1.0000,0.176900,0.163605,147.00,334.82,0.9714,0.229692,0.697544
1786703997.037582,53.563969,1630,29.57,113.28,78.53,1.0000,0.176999,0.163605,146.83,334.89,0.9706,0.229417,0.697686
1786703997.058908,53.585294,1632,29.57,113.26,78.51,1.0000,0.176976,0.163568,146.74,334.90,0.9700,0.229280,0.697714
1786703997.114111,53.640497,1633,29.57,113.19,78.26,1.0000,0.176854,0.163038,147.00,334.26,0.9711,0.229686,0.696367
1786703997.130007,53.656394,1634,29.57,113.19,78.11,1.0000,0.176861,0.162725,146.82,334.80,0.9710,0.229410,0.697499
1786703997.210864,53.737250,1636,29.57,113.03,78.03,1.0000,0.176609,0.162552,146.77,335.06,0.9704,0.229330,0.698043
1786703997.228056,53.754443,1637,29.57,113.06,78.02,1.0000,0.176657,0.162538,146.81,334.96,0.9707,0.229392,0.697838
1786703997.261001,53.787388,1638,29.57,113.02,77.91,1.0000,0.176593,0.162312,146.84,334.99,0.9708,0.229433,0.697900
1786703997.295052,53.821439,1639,29.57,113.02,77.93,1.0000,0.176586,0.162360,146.76,335.06,0.9708,0.229317,0.698052
1786703997.332658,53.859045,1640,29.57,113.02,77.92,1.0000,0.176589,0.162329,146.85,334.94,0.9710,0.229457,0.697787
1786703997.364710,53.891097,1641,29.57,112.98,77.93,1.0000,0.176527,0.162352,146.82,334.89,0.9709,0.229404,0.697698
1786703997.407241,53.933628,1642,29.57,112.89,77.82,0.9999,0.176384,0.162133,146.78,334.52,0.9711,0.229347,0.696914
1786703997.445191,53.971578,1643,29.57,112.90,77.78,0.9999,0.176408,0.162032,147.27,334.00,0.9716,0.230103,0.695838
1786703997.465778,53.992165,1644,29.57,112.91,77.78,0.9999,0.176416,0.162049,147.24,334.20,0.9712,0.230068,0.696243
1786703997.497106,54.023492,1645,29.57,112.93,77.77,0.9999,0.176456,0.162011,147.22,334.06,0.9715,0.230033,0.695957
1786703997.532168,54.058554,1646,29.57,112.89,77.64,0.9999,0.176384,0.161752,147.21,334.06,0.9715,0.230020,0.695963
1786703997.563122,54.089509,1647,29.38,112.91,77.62,1.0000,0.176422,0.161715,147.36,334.04,0.9724,0.230257,0.695923
1786703997.607121,54.133508,1648,29.38,112.91,77.60,0.9999,0.176430,0.161672,147.16,334.90,0.9710,0.229933,0.697699
1786703997.641175,54.167561,1649,29.38,112.76,77.60,0.9999,0.176185,0.161670,147.38,334.58,0.9718,0.230282,0.697040
1786703997.670809,54.197196,1650,29.38,112.79,77.74,0.9999,0.176228,0.161967,147.37,334.17,0.9723,0.230272,0.696179
1786703997.684182,54.210569,1651,29.38,112.79,77.68,0.9999,0.176227,0.161836,147.56,334.06,0.9724,0.230566,0.695958
1786703997.737205,54.263592,1652,29.38,112.81,77.62,0.9999,0.176268,0.161717,147.57,334.02,0.9723,0.230572,0.695877
1786703997.779718,54.306105,1653,29.38,112.83,77.76,1.0000,0.176289,0.162000,147.49,334.09,0.9722,0.230454,0.696030
1786703997.793556,54.319943,1654,29.38,112.80,77.73,0.9999,0.176242,0.161936,147.39,334.08,0.9712,0.230292,0.695991
1786703997.831819,54.358206,1655,29.38,112.82,77.75,0.9999,0.176274,0.161979,147.44,334.01,0.9716,0.230377,0.695848
1786703997.860741,54.387128,1656,29.38,112.82,77.74,0.9999,0.176278,0.161959,147.59,333.66,0.9722,0.230611,0.695117
1786703997.898479,54.424866,1657,29.38,112.82,77.75,0.9999,0.176283,0.161978,147.53,333.77,0.9717,0.230522,0.695350
1786703997.916347,54.442733,1658,29.38,112.84,77.73,0.9999,0.176319,0.161938,147.53,333.94,0.9712,0.230520,0.695716
1786703997.975472,54.501859,1659,29.38,112.89,77.80,1.0000,0.176388,0.162077,147.54,333.91,0.9710,0.230531,0.695640
1786703998.011716,54.538103,1660,29.38,112.80,77.75,1.0000,0.176257,0.161972,147.49,334.36,0.9709,0.230449,0.696585
1786703998.027368,54.553755,1661,29.38,112.80,77.63,1.0000,0.176254,0.161719,147.17,334.69,0.9708,0.229960,0.697261
1786703998.061444,54.587831,1662,29.48,112.94,77.60,1.0000,0.176468,0.161671,147.16,334.70,0.9703,0.229940,0.697283
1786703998.109396,54.635782,1663,29.48,113.01,77.73,1.0000,0.176581,0.161943,147.33,334.53,0.9707,0.230211,0.696941
1786703998.124181,54.650567,1664,29.48,113.02,77.73,1.0000,0.176594,0.161943,147.30,334.62,0.9707,0.230156,0.697122
1786703998.159154,54.685540,1665,29.48,112.99,77.70,1.0000,0.176540,0.161885,147.24,334.60,0.9705,0.230062,0.697082
1786703998.192676,54.719063,1666,29.48,112.99,77.73,0.9999,0.176543,0.161934,147.24,334.60,0.9703,0.230065,0.697083
1786703998.234051,54.760437,1667,29.48,112.99,77.69,0.9999,0.176545,0.161859,147.09,334.45,0.9704,0.229821,0.696763
1786703998.301486,54.827872,1669,29.48,112.89,77.69,0.9999,0.176383,0.161851,146.98,334.22,0.9698,0.229651,0.696297
1786703998.340786,54.867172,1670,29.48,112.88,77.68,0.9999,0.176380,0.161833,147.27,334.31,0.9701,0.230104,0.696472
1786703998.378210,54.904597,1671,29.48,112.91,77.75,0.9999,0.176423,0.161969,147.15,334.96,0.9690,0.229925,0.697838
1786703998.388876,54.915263,1672,29.48,112.91,77.68,0.9999,0.176417,0.161832,147.14,334.98,0.9690,0.229899,0.697880
1786703998.445409,54.971795,1673,29.48,112.89,77.62,0.9999,0.176395,0.161703,147.38,334.54,0.9691,0.230285,0.696950
1786703998.479001,55.005388,1674,29.48,113.11,77.79,0.9999,0.176742,0.162060,147.21,335.03,0.9687,0.230015,0.697988
1786703998.505468,55.031855,1675,29.48,113.17,77.99,0.9999,0.176828,0.162484,147.21,334.96,0.9687,0.230012,0.697834
1786703998.536916,55.063303,1676,29.48,112.81,78.02,0.9999,0.176272,0.162544,147.22,334.87,0.9694,0.230025,0.697650
1786703998.571062,55.097449,1677,29.09,112.96,78.16,0.9999,0.176506,0.162829,147.46,334.34,0.9706,0.230400,0.696532
1786703998.604737,55.131124,1678,29.09,113.30,78.18,0.9999,0.177032,0.162877,147.45,334.45,0.9705,0.230397,0.696770
1786703998.634139,55.160526,1679,29.09,113.32,78.16,0.9999,0.177059,0.162835,147.41,334.38,0.9710,0.230331,0.696635
1786703998.649345,55.175732,1680,29.09,113.32,78.13,0.9999,0.177057,0.162781,147.43,333.21,0.9722,0.230358,0.694181
1786703998.700493,55.226880,1681,29.09,113.49,78.13,0.9999,0.177331,0.162766,147.47,333.56,0.9721,0.230423,0.694923
1786703998.729310,55.255697,1682,29.09,113.54,78.12,0.9999,0.177399,0.162756,147.61,333.40,0.9723,0.230636,0.694593
1786703998.760474,55.286861,1683,29.09,113.56,78.12,0.9999,0.177440,0.162756,147.34,333.41,0.9720,0.230224,0.694613
1786703998.805087,55.331474,1684,29.09,113.56,78.12,0.9999,0.177434,0.162759,147.34,333.81,0.9724,0.230226,0.695433
1786703998.821204,55.347591,1685,29.09,113.51,78.16,0.9999,0.177358,0.162832,147.38,333.78,0.9731,0.230285,0.695369
1786703998.858507,55.384894,1686,29.09,113.51,78.16,0.9999,0.177358,0.162831,147.32,333.78,0.9734,0.230192,0.695380
1786703998.906857,55.433244,1687,29.09,113.52,78.24,0.9999,0.177379,0.162995,147.20,333.77,0.9733,0.230006,0.695362
1786703998.934996,55.461382,1688,29.09,113.49,78.08,0.9999,0.177325,0.162662,147.19,333.88,0.9733,0.229979,0.695577
1786703998.966617,55.493004,1689,29.09,113.55,78.07,0.9999,0.177423,0.162637,147.12,334.32,0.9729,0.229876,0.696498
1786703999.004117,55.530504,1690,29.09,113.60,78.03,0.9999,0.177501,0.162557,147.16,334.33,0.9722,0.229933,0.696519
1786703999.033483,55.559870,1691,29.09,113.60,78.33,0.9999,0.177507,0.163193,147.15,334.48,0.9721,0.229916,0.696838
1786703999.071448,55.597835,1692,29.09,113.86,78.33,0.9999,0.177903,0.163190,147.14,334.49,0.9718,0.229903,0.696844
1786703999.099967,55.626354,1693,29.41,113.86,78.27,0.9999,0.177903,0.163058,147.17,334.62,0.9715,0.229952,0.697128
1786703999.134064,55.660451,1694,29.41,113.98,78.07,0.9999,0.178088,0.162638,147.10,334.19,0.9718,0.229850,0.696236
1786703999.173828,55.700215,1695,29.41,113.77,77.94,0.9999,0.177768,0.162365,147.21,334.04,0.9727,0.230014,0.695919
1786703999.189167,55.715553,1696,29.41,114.13,77.90,0.9999,0.178326,0.162288,147.21,333.91,0.9726,0.230015,0.695655
1786703999.243573,55.769960,1697,29.41,114.12,77.90,0.9999,0.178315,0.162284,147.25,333.94,0.9726,0.230073,0.695700
1786703999.269644,55.796030,1698,29.41,114.11,77.90,0.9999,0.178301,0.162282,147.26,334.01,0.9729,0.230092,0.695855
1786703999.304434,55.830820,1699,29.41,114.12,77.91,0.9999,0.178318,0.162306,147.25,333.99,0.9729,0.230074,0.695820
1786703999.347109,55.873496,1700,29.41,114.12,77.91,0.9999,0.178309,0.162303,147.25,334.13,0.9724,0.230077,0.696104
1786703999.362400,55.888787,1701,29.41,114.17,77.90,0.9999,0.178394,0.162301,147.24,334.06,0.9724,0.230064,0.695964
1786703999.407774,55.934161,1702,29.41,114.17,77.87,0.9999,0.178393,0.162233,147.24,334.07,0.9719,0.230055,0.695974
1786703999.426426,55.952813,1703,29.41,114.24,77.86,0.9999,0.178500,0.162212,147.21,334.02,0.9717,0.230021,0.695872
1786703999.466535,55.992922,1704,29.41,114.37,77.87,0.9999,0.178703,0.162221,147.24,333.99,0.9716,0.230060,0.695802
1786703999.523101,56.049487,1705,29.41,114.69,77.85,0.9999,0.179210,0.162195,147.26,333.95,0.9712,0.230099,0.695721
1786703999.538536,56.064923,1706,29.41,114.63,77.82,0.9999,0.179103,0.162124,147.31,333.96,0.9711,0.230167,0.695740
1786703999.586062,56.112448,1707,29.41,114.52,78.05,0.9999,0.178940,0.162594,147.21,334.48,0.9710,0.230023,0.696839
1786703999.600775,56.127162,1708,29.44,114.47,78.22,0.9999,0.178854,0.162958,147.31,334.48,0.9715,0.230166,0.696840
1786703999.636164,56.162551,1709,29.44,114.74,78.23,0.9999,0.179280,0.162979,147.24,334.33,0.9714,0.230063,0.696515
1786703999.678512,56.204898,1710,29.44,114.81,78.46,0.9999,0.179396,0.163455,147.23,334.37,0.9711,0.230053,0.696603
1786703999.737306,56.263693,1712,29.44,114.28,78.34,0.9999,0.178566,0.163211,147.24,334.32,0.9712,0.230060,0.696507
1786703999.758264,56.284650,1713,29.44,114.28,78.34,0.9999,0.178565,0.163212,147.22,334.45,0.9714,0.230025,0.696762
1786703999.797886,56.324273,1714,29.44,114.46,78.49,0.9999,0.178840,0.163510,147.18,334.49,0.9716,0.229966,0.696857
1786703999.830280,56.356667,1715,29.44,114.44,78.50,0.9999,0.178819,0.163533,147.18,334.33,0.9720,0.229972,0.696518
1786703999.879142,56.405529,1716,29.44,114.54,78.17,0.9999,0.178975,0.162851,147.01,334.23,0.9719,0.229708,0.696305
1786703999.919851,56.446238,1717,29.44,114.54,78.12,0.9999,0.178968,0.162740,147.15,334.06,0.9724,0.229928,0.695966
1786703999.933459,56.459846,1718,29.44,114.54,78.19,0.9999,0.178964,0.162888,147.16,334.20,0.9726,0.229937,0.696259
1786703999.957261,56.483648,1719,29.44,114.37,78.17,0.9999,0.178711,0.162846,147.14,334.04,0.9727,0.229906,0.695914
1786703999.996686,56.523073,1720,29.44,114.40,78.15,0.9999,0.178756,0.162807,147.20,334.07,0.9724,0.230001,0.695984
1786704000.012719,56.539105,1721,29.44,114.42,78.17,0.9999,0.178781,0.162855,147.24,334.29,0.9726,0.230060,0.696436
1786704000.060885,56.587272,1722,29.44,114.52,78.25,0.9999,0.178935,0.163012,147.13,334.36,0.9723,0.229894,0.696584
1786704000.097744,56.624131,1723,29.44,114.51,78.23,0.9999,0.178928,0.162980,147.00,334.33,0.9718,0.229687,0.696528
1786704000.135555,56.661942,1724,29.15,114.47,78.28,0.9999,0.178865,0.163073,146.98,334.08,0.9723,0.229660,0.696008
1786704000.166914,56.693301,1725,29.15,114.47,78.28,0.9999,0.178866,0.163079,146.97,334.27,0.9720,0.229636,0.696392
1786704000.188338,56.714725,1726,29.15,114.50,78.29,0.9999,0.178906,0.163096,146.97,334.28,0.9718,0.229640,0.696422
1786704000.225373,56.751760,1727,29.15,114.46,78.30,0.9999,0.178838,0.163128,146.91,334.29,0.9710,0.229552,0.696446
1786704000.270778,56.797165,1728,29.15,114.49,78.50,0.9999,0.178896,0.163547,146.98,334.21,0.9709,0.229656,0.696269
1786704000.284094,56.810480,1729,29.15,114.45,78.55,0.9999,0.178829,0.163646,146.85,334.56,0.9710,0.229460,0.697008
1786704000.334177,56.860564,1730,29.15,114.19,78.41,0.9999,0.178424,0.163344,146.84,333.98,0.9716,0.229435,0.695787
1786704000.376046,56.902433,1731,29.15,114.30,78.43,0.9999,0.178587,0.163390,146.68,334.44,0.9717,0.229194,0.696749
1786704000.403295,56.929682,1732,29.15,114.36,78.45,0.9999,0.178687,0.163429,146.68,334.37,0.9720,0.229195,0.696609
1786704000.428683,56.955070,1733,29.15,114.34,78.44,0.9999,0.178654,0.163427,146.65,334.22,0.9720,0.229145,0.696283
1786704000.457821,56.984207,1734,29.15,113.97,77.99,0.9999,0.178071,0.162480,146.65,334.13,0.9715,0.229139,0.696098
1786704000.500638,57.027025,1735,29.15,113.90,77.94,0.9999,0.177961,0.162384,146.97,334.12,0.9711,0.229648,0.696086
1786704000.529897,57.056283,1736,29.15,114.21,77.87,0.9999,0.178447,0.162222,146.98,334.19,0.9710,0.229654,0.696225
1786704000.558795,57.085182,1737,29.15,114.02,77.81,0.9999,0.178158,0.162101,147.12,334.12,0.9710,0.229882,0.696080
1786704000.595366,57.121753,1738,29.15,113.88,77.86,0.9999,0.177932,0.162216,147.14,334.13,0.9715,0.229908,0.696102
1786704000.637267,57.163654,1739,29.30,114.29,77.97,0.9999,0.178574,0.162435,147.13,334.27,0.9710,0.229894,0.696387
1786704000.652560,57.178946,1740,29.30,114.33,78.03,0.9999,0.178647,0.162559,146.87,334.59,0.9704,0.229486,0.697071
1786704000.707070,57.233457,1741,29.30,114.23,77.83,0.9999,0.178487,0.162136,146.84,333.92,0.9711,0.229435,0.695666
1786704000.741209,57.267596,1742,29.30,114.36,77.94,0.9999,0.178695,0.162366,146.82,334.38,0.9706,0.229413,0.696633
1786704000.765152,57.291539,1743,29.30,114.48,78.03,0.9999,0.178879,0.162572,146.76,334.52,0.9701,0.229318,0.696915
1786704000.794153,57.320539,1744,29.30,114.32,78.04,0.9999,0.178628,0.162590,146.83,334.48,0.9702,0.229429,0.696836
1786704000.854325,57.380712,1745,29.30,114.18,78.01,0.9999,0.178399,0.162530,147.02,334.47,0.9704,0.229719,0.696808
1786704000.870340,57.396727,1746,29.30,114.18,78.00,0.9999,0.178404,0.162505,147.08,334.47,0.9701,0.229811,0.696819
1786704000.909796,57.436183,1747,29.30,114.17,78.12,0.9999,0.178392,0.162757,146.96,334.49,0.9703,0.229627,0.696856
1786704000.933913,57.460300,1748,29.30,114.25,78.09,0.9999,0.178508,0.162697,146.93,334.14,0.9703,0.229584,0.696128
1786704000.953112,57.479499,1749,29.30,114.17,78.07,0.9999,0.178384,0.162640,146.93,334.24,0.9708,0.229578,0.696326
1786704001.006760,57.533147,1750,29.30,114.46,78.06,0.9999,0.178842,0.162632,146.89,334.28,0.9705,0.229513,0.696418
1786704001.039239,57.565626,1751,29.30,114.49,78.05,0.9999,0.178896,0.162608,146.84,334.40,0.9704,0.229440,0.696674
1786704001.065570,57.591957,1752,29.30,114.27,77.86,0.9999,0.178541,0.162203,146.95,334.26,0.9708,0.229609,0.696382
1786704001.105203,57.631590,1753,29.30,114.27,77.83,0.9999,0.178543,0.162155,146.95,334.08,0.9710,0.229613,0.696009
1786704001.129071,57.655458,1754,29.30,114.28,77.86,0.9999,0.178555,0.162210,146.94,334.52,0.9708,0.229595,0.696911
1786704001.173889,57.700275,1755,29.40,114.08,77.86,0.9999,0.178256,0.162208,146.85,334.12,0.9705,0.229449,0.696081
1786704001.191697,57.718084,1756,29.40,114.22,77.94,0.9999,0.178471,0.162368,146.95,333.96,0.9702,0.229606,0.695760
1786704001.227442,57.753829,1757,29.40,114.57,77.98,0.9999,0.179015,0.162454,146.94,333.96,0.9706,0.229596,0.695746
1786704001.270161,57.796547,1758,29.40,114.39,77.94,0.9999,0.178735,0.162374,146.99,333.95,0.9705,0.229670,0.695731
1786704001.290183,57.816570,1759,29.40,114.39,77.90,0.9999,0.178735,0.162296,147.00,333.92,0.9707,0.229687,0.695673
1786704001.339374,57.865761,1760,29.40,114.39,77.90,0.9999,0.178735,0.162298,146.93,333.80,0.9708,0.229571,0.695414
1786704001.377549,57.903936,1761,29.40,114.39,77.91,0.9999,0.178729,0.162307,146.94,333.99,0.9707,0.229599,0.695813
1786704001.397461,57.923847,1762,29.40,114.33,78.07,0.9999,0.178640,0.162641,147.04,333.98,0.9713,0.229752,0.695786
1786704001.439946,57.966332,1763,29.40,114.61,78.16,0.9999,0.179073,0.162832,147.07,334.02,0.9713,0.229794,0.695869
1786704001.471451,57.997837,1764,29.40,114.68,78.21,0.9999,0.179184,0.162934,147.13,333.90,0.9702,0.229894,0.695625
1786704001.497305,58.023692,1765,29.40,114.61,78.30,0.9999,0.179074,0.163126,147.09,333.78,0.9699,0.229831,0.695366
1786704001.537496,58.063883,1766,29.40,114.51,78.34,0.9999,0.178920,0.163201,147.13,333.95,0.9700,0.229885,0.695726
1786704001.564263,58.090650,1767,29.40,114.57,78.35,0.9999,0.179023,0.163223,147.11,333.81,0.9697,0.229853,0.695435
1786704001.609570,58.135957,1768,29.40,114.57,78.35,0.9999,0.179021,0.163222,147.04,334.35,0.9698,0.229754,0.696572
1786704001.635253,58.161640,1769,29.40,114.62,78.30,0.9999,0.179088,0.163134,146.93,334.12,0.9687,0.229575,0.696092
1786704001.672528,58.198914,1770,29.40,114.66,78.28,0.9999,0.179162,0.163088,147.15,333.73,0.9697,0.229925,0.695274
1786704001.709434,58.235821,1771,29.49,114.54,78.33,0.9999,0.178970,0.163180,147.15,333.27,0.9704,0.229914,0.694306
1786704001.725163,58.251550,1772,29.49,114.60,78.32,0.9999,0.179055,0.163159,147.13,333.51,0.9702,0.229884,0.694814
1786704001.780907,58.307294,1773,29.49,114.47,78.19,0.9999,0.178867,0.162895,147.07,333.51,0.9695,0.229796,0.694822
1786704001.807111,58.333498,1774,29.49,114.47,78.18,0.9999,0.178863,0.162872,146.93,333.66,0.9692,0.229580,0.695128
1786704001.821820,58.348207,1775,29.49,114.38,78.09,0.9999,0.178723,0.162683,146.98,333.70,0.9694,0.229662,0.695201
1786704001.882838,58.409225,1776,29.49,114.38,78.09,0.9999,0.178721,0.162683,146.96,333.71,0.9688,0.229625,0.695223
1786704001.900825,58.427212,1777,29.49,114.25,78.00,0.9999,0.178514,0.162505,147.17,333.60,0.9693,0.229952,0.694995
1786704001.928793,58.455180,1778,29.49,114.40,78.04,0.9999,0.178745,0.162580,147.08,333.57,0.9684,0.229807,0.694938
1786704001.957889,58.484276,1779,29.49,114.39,77.94,0.9999,0.178735,0.162384,147.05,333.96,0.9690,0.229765,0.695757
1786704001.994844,58.521231,1780,29.49,114.47,78.06,0.9999,0.178864,0.162628,147.00,334.02,0.9689,0.229694,0.695866
1786704002.037233,58.563619,1781,29.49,114.45,78.03,0.9999,0.178832,0.162563,147.14,334.13,0.9695,0.229913,0.696099
1786704002.063308,58.589695,1782,29.49,114.53,78.02,0.9999,0.178955,0.162536,147.09,334.20,0.9697,0.229825,0.696259
1786704002.090328,58.616715,1783,29.49,114.51,77.92,0.9999,0.178917,0.162328,147.08,334.17,0.9701,0.229816,0.696192
1786704002.135206,58.661593,1784,29.49,114.48,78.03,0.9999,0.178870,0.162569,147.03,334.13,0.9702,0.229734,0.696110
1786704002.161754,58.688141,1785,29.49,114.46,77.99,0.9999,0.178848,0.162482,147.02,334.13,0.9704,0.229711,0.696109
1786704002.199068,58.725455,1786,29.49,114.41,78.00,0.9999,0.178767,0.162493,147.00,334.43,0.9706,0.229691,0.696719
1786704002.250494,58.776880,1787,29.51,113.90,78.01,0.9999,0.177972,0.162522,147.15,334.45,0.9708,0.229916,0.696762
1786704002.265758,58.792145,1788,29.51,113.77,77.86,0.9999,0.177761,0.162202,147.36,334.44,0.9710,0.230249,0.696749
1786704002.313544,58.839931,1789,29.51,113.97,77.90,0.9999,0.178081,0.162300,147.32,334.50,0.9703,0.230183,0.696882
1786704002.329286,58.855673,1790,29.51,113.95,77.90,0.9999,0.178047,0.162300,147.32,334.50,0.9712,0.230193,0.696882
1786704002.363788,58.890175,1791,29.51,114.00,77.86,0.9999,0.178122,0.162210,147.33,334.29,0.9718,0.230197,0.696443
1786704002.393131,58.919518,1792,29.51,114.50,77.97,0.9999,0.178901,0.162429,147.32,334.30,0.9718,0.230184,0.696449
1786704002.445728,58.972114,1793,29.51,114.53,78.25,0.9999,0.178947,0.163026,147.26,334.56,0.9714,0.230095,0.696993
1786704002.462364,58.988751,1794,29.51,114.45,78.25,0.9999,0.178831,0.163027,147.16,334.80,0.9716,0.229934,0.697491
1786704002.499227,59.025614,1795,29.51,114.45,78.22,0.9999,0.178829,0.162965,147.10,334.50,0.9715,0.229840,0.696881
1786704002.535909,59.062296,1796,29.51,114.44,78.22,0.9999,0.178806,0.162966,147.12,334.40,0.9714,0.229881,0.696673
1786704002.556359,59.082746,1797,29.51,114.44,78.09,0.9999,0.178807,0.162693,147.12,334.43,0.9707,0.229881,0.696735
1786704002.599367,59.125754,1798,29.51,114.11,78.07,0.9999,0.178296,0.162639,147.11,334.45,0.9711,0.229864,0.696771
1786704002.633710,59.160096,1799,29.51,114.10,77.97,0.9999,0.178285,0.162431,147.18,334.37,0.9707,0.229972,0.696608
1786704002.662971,59.189358,1800,29.51,114.19,78.05,0.9999,0.178422,0.162596,147.20,334.29,0.9697,0.230003,0.696436
1786704002.697104,59.223490,1801,29.51,114.19,78.06,0.9999,0.178416,0.162629,147.18,334.35,0.9696,0.229967,0.696570
1786704002.732221,59.258608,1802,29.51,114.26,78.09,0.9999,0.178531,0.162683,147.18,334.39,0.9698,0.229968,0.696638
1786704002.761107,59.287494,1803,29.88,114.57,78.11,0.9999,0.179021,0.162720,147.15,334.28,0.9691,0.229915,0.696422
1786704002.806588,59.332975,1804,29.88,114.56,78.06,0.9999,0.179007,0.162634,147.12,334.37,0.9692,0.229877,0.696610
1786704002.822274,59.348661,1805,29.88,114.56,78.07,0.9999,0.179005,0.162655,147.12,333.85,0.9699,0.229879,0.695515
1786704002.862358,59.388745,1806,29.88,114.64,78.05,0.9999,0.179125,0.162596,147.12,333.83,0.9697,0.229881,0.695475
1786704002.912177,59.438564,1807,29.88,114.62,78.06,0.9999,0.179087,0.162630,147.05,333.97,0.9699,0.229760,0.695770
1786704002.926071,59.452458,1808,29.88,114.62,78.09,0.9999,0.179087,0.162687,147.05,333.94,0.9699,0.229771,0.695718
1786704002.957200,59.483587,1809,29.88,114.57,78.09,0.9999,0.179021,0.162677,147.08,333.79,0.9699,0.229816,0.695397
1786704002.993473,59.519860,1810,29.88,114.41,78.12,0.9999,0.178769,0.162758,147.08,334.18,0.9702,0.229813,0.696199
1786704003.028483,59.554870,1811,29.88,114.35,78.15,0.9999,0.178666,0.162813,147.10,334.12,0.9699,0.229848,0.696090
1786704003.060273,59.586660,1812,29.88,114.33,78.16,0.9999,0.178638,0.162830,147.05,334.10,0.9697,0.229767,0.696050
1786704003.078796,59.605183,1813,29.88,114.30,78.18,0.9999,0.178586,0.162868,147.20,333.84,0.9699,0.230002,0.695501
1786704003.135573,59.661960,1814,29.88,114.33,78.18,0.9999,0.178642,0.162872,147.23,334.07,0.9698,0.230043,0.695987
1786704003.168027,59.694414,1815,29.88,114.25,78.08,0.9999,0.178508,0.162675,147.06,334.05,0.9696,0.229776,0.695947
1786704003.194742,59.721129,1816,29.88,114.23,77.96,0.9999,0.178487,0.162419,147.03,334.24,0.9699,0.229737,0.696332
1786704003.233043,59.759429,1817,29.88,114.23,77.82,0.9999,0.178485,0.162120,147.07,334.20,0.9701,0.229798,0.696248
1786704003.265821,59.792208,1818,29.86,114.24,77.86,0.9999,0.178498,0.162201,147.00,334.30,0.9695,0.229683,0.696467
1786704003.292800,59.819186,1819,29.86,114.08,77.71,0.9999,0.178253,0.161904,146.99,333.98,0.9695,0.229669,0.695799
1786704003.335389,59.861776,1820,29.86,114.00,77.73,0.9999,0.178126,0.161929,146.94,334.13,0.9694,0.229587,0.696106
1786704003.363930,59.890316,1821,29.86,114.00,77.72,0.9999,0.178121,0.161924,146.93,334.11,0.9692,0.229571,0.696059
1786704003.430312,59.956698,1823,29.86,113.70,77.67,0.9999,0.177663,0.161821,146.92,334.16,0.9694,0.229569,0.696157
1786704003.462541,59.988928,1824,29.86,113.54,77.69,0.9999,0.177412,0.161862,147.01,334.11,0.9698,0.229703,0.696061
1786704003.496864,60.023251,1825,29.86,113.61,77.80,0.9999,0.177523,0.162081,146.94,334.23,0.9694,0.229597,0.696306
1786704003.547679,60.074065,1826,29.86,113.61,77.81,0.9999,0.177522,0.162102,146.92,333.86,0.9699,0.229556,0.695534
1786704003.566235,60.092622,1827,29.86,113.57,77.82,0.9999,0.177448,0.162117,146.89,333.73,0.9708,0.229522,0.695279
1786704003.609645,60.136032,1828,29.86,113.54,77.74,0.9999,0.177403,0.161960,146.88,333.71,0.9716,0.229507,0.695235
1786704003.625468,60.151855,1829,29.86,113.55,77.75,0.9999,0.177415,0.161988,146.91,333.83,0.9714,0.229539,0.695469
1786704003.666170,60.192557,1830,29.86,113.55,77.85,0.9999,0.177423,0.162183,146.90,333.66,0.9719,0.229525,0.695123
1786704003.685300,60.211687,1831,29.86,113.72,77.83,0.9999,0.177692,0.162146,146.83,333.81,0.9717,0.229427,0.695433
1786704003.738600,60.264986,1832,29.86,113.82,77.83,0.9999,0.177844,0.162147,146.85,333.66,0.9722,0.229458,0.695133
1786704003.773036,60.299422,1833,29.39,113.83,77.95,0.9999,0.177857,0.162403,146.75,333.64,0.9719,0.229303,0.695090
1786704003.807417,60.333804,1834,29.39,113.67,77.83,0.9999,0.177606,0.162155,146.76,333.83,0.9722,0.229317,0.695484
1786704003.836181,60.362568,1835,29.39,113.67,77.84,0.9999,0.177610,0.162157,146.83,333.75,0.9728,0.229422,0.695320
1786704003.858468,60.384855,1836,29.39,113.68,77.84,0.9999,0.177625,0.162171,146.89,333.54,0.9737,0.229514,0.694876
1786704003.891779,60.418166,1837,29.39,114.28,77.89,0.9999,0.178561,0.162263,146.84,333.87,0.9733,0.229437,0.695571
1786704003.928897,60.455284,1838,29.39,114.56,78.20,0.9999,0.178992,0.162913,146.80,334.00,0.9732,0.229379,0.695830
1786704003.980793,60.507179,1839,29.39,114.55,78.20,0.9999,0.178982,0.162916,146.68,333.97,0.9736,0.229186,0.695761
1786704003.995954,60.522341,1840,29.39,114.56,78.22,0.9999,0.178996,0.162963,146.69,334.09,0.9740,0.229199,0.696024
1786704004.041120,60.567507,1841,29.39,114.61,78.22,0.9999,0.179075,0.162963,146.71,334.48,0.9735,0.229240,0.696828
1786704004.058372,60.584759,1842,29.39,114.72,78.23,0.9999,0.179244,0.162975,146.73,334.41,0.9734,0.229270,0.696691
1786704004.102874,60.629261,1843,29.39,114.72,78.28,0.9999,0.179244,0.163081,146.82,334.48,0.9736,0.229406,0.696836
1786704004.144897,60.671283,1844,29.39,114.70,78.10,0.9999,0.179223,0.162714,146.96,334.45,0.9736,0.229632,0.696762
1786704004.163037,60.689424,1845,29.39,114.70,78.10,0.9999,0.179215,0.162699,147.02,334.47,0.9737,0.229716,0.696813
1786704004.192593,60.718980,1846,29.39,114.69,78.25,0.9999,0.179202,0.163024,147.01,334.45,0.9739,0.229709,0.696776
1786704004.231702,60.758089,1847,29.39,114.77,78.37,0.9999,0.179331,0.163261,147.03,334.32,0.9743,0.229737,0.696501
1786704004.266637,60.793024,1848,29.39,114.84,78.50,0.9999,0.179431,0.163543,147.05,334.33,0.9736,0.229768,0.696523
1786704004.295349,60.821735,1849,29.64,114.80,78.49,0.9999,0.179382,0.163513,147.05,334.33,0.9735,0.229763,0.696526
1786704004.337558,60.863944,1850,29.64,114.78,78.19,0.9999,0.179336,0.162903,146.98,334.40,0.9734,0.229658,0.696663
1786704004.358646,60.885033,1851,29.64,114.65,78.27,0.9999,0.179140,0.163061,147.01,334.24,0.9740,0.229705,0.696343
1786704004.406289,60.932676,1852,29.64,114.86,78.26,0.9999,0.179461,0.163034,147.04,334.72,0.9737,0.229743,0.697343
1786704004.440746,60.967133,1853,29.64,114.94,78.37,0.9999,0.179589,0.163279,146.97,334.83,0.9732,0.229646,0.697564
1786704004.469530,60.995917,1854,29.64,115.01,78.42,0.9999,0.179702,0.163371,147.00,334.53,0.9730,0.229682,0.696941
1786704004.501529,61.027916,1855,29.64,115.01,78.42,0.9999,0.179702,0.163366,147.06,334.28,0.9729,0.229785,0.696427
1786704004.530000,61.056386,1856,29.64,115.06,78.45,0.9999,0.179775,0.163442,147.05,334.34,0.9728,0.229768,0.696536
1786704004.565031,61.091418,1857,29.64,115.01,78.44,0.9999,0.179698,0.163418,146.77,334.72,0.9732,0.229324,0.697324
1786704004.601210,61.127597,1858,29.64,115.06,78.33,0.9999,0.179784,0.163190,146.70,334.82,0.9728,0.229222,0.697540
1786704004.631941,61.158328,1859,29.64,115.03,77.98,0.9999,0.179742,0.162453,146.78,334.63,0.9735,0.229351,0.697138
1786704004.659777,61.186164,1860,29.64,115.04,78.06,0.9999,0.179745,0.162623,146.76,334.61,0.9736,0.229307,0.697111
1786704004.703905,61.230292,1861,29.64,114.97,78.07,0.9999,0.179644,0.162640,146.72,334.68,0.9736,0.229257,0.697242
1786704004.743648,61.270034,1862,29.64,114.82,77.99,0.9999,0.179407,0.162475,146.77,334.64,0.9735,0.229332,0.697174
1786704004.771209,61.297595,1863,29.64,114.80,77.93,0.9999,0.179369,0.162356,146.77,334.51,0.9734,0.229326,0.696899
1786704004.806473,61.332860,1864,29.60,114.77,77.92,0.9999,0.179327,0.162326,146.72,334.72,0.9733,0.229247,0.697340
1786704004.832574,61.358961,1865,29.60,114.61,77.87,0.9999,0.179074,0.162238,146.77,334.72,0.9735,0.229336,0.697342
1786704004.866424,61.392811,1866,29.60,114.50,77.84,0.9999,0.178907,0.162159,146.86,334.61,0.9737,0.229474,0.697100
1786704004.898574,61.424961,1867,29.60,114.50,77.97,0.9999,0.178902,0.162433,146.87,334.82,0.9733,0.229489,0.697542
1786704004.962518,61.488905,1869,29.60,114.50,78.05,0.9999,0.178899,0.162601,146.75,335.05,0.9731,0.229296,0.698014
1786704004.998634,61.525021,1870,29.60,114.49,78.07,0.9999,0.178886,0.162653,146.73,334.87,0.9723,0.229260,0.697651
1786704005.043781,61.570167,1871,29.60,113.91,78.18,0.9999,0.177987,0.162870,147.27,334.39,0.9728,0.230103,0.696648
1786704005.068003,61.594390,1872,29.60,113.86,78.14,0.9999,0.177913,0.162786,147.24,334.30,0.9735,0.230068,0.696467
1786704005.094449,61.620836,1873,29.60,113.86,78.04,0.9999,0.177907,0.162581,147.25,334.33,0.9736,0.230071,0.696516
1786704005.134269,61.660656,1874,29.60,113.72,78.11,0.9999,0.177691,0.162738,147.23,334.19,0.9736,0.230049,0.696231
1786704005.165667,61.692054,1875,29.60,113.62,78.11,0.9999,0.177528,0.162722,147.13,334.36,0.9733,0.229889,0.696577
1786704005.195564,61.721951,1876,29.60,113.57,77.76,0.9999,0.177451,0.161993,147.12,334.06,0.9729,0.229881,0.695966
1786704005.229564,61.755951,1877,29.60,113.48,77.77,0.9999,0.177317,0.162017,147.11,333.57,0.9731,0.229863,0.694941
1786704005.264430,61.790817,1878,29.60,113.43,77.80,0.9999,0.177239,0.162080,146.78,333.84,0.9724,0.229342,0.695504
1786704005.305595,61.831981,1879,29.60,113.42,77.86,0.9999,0.177221,0.162205,146.58,334.53,0.9718,0.229031,0.696944
1786704005.333559,61.859946,1880,29.51,113.19,77.86,0.9999,0.176857,0.162208,146.68,334.50,0.9717,0.229189,0.696875
1786704005.364980,61.891366,1881,29.51,113.16,77.85,0.9999,0.176817,0.162196,146.72,334.43,0.9717,0.229252,0.696728
1786704005.396409,61.922795,1882,29.51,113.13,77.82,0.9999,0.176760,0.162133,146.80,334.24,0.9718,0.229368,0.696343
1786704005.436303,61.962689,1883,29.51,113.18,77.90,0.9999,0.176839,0.162299,146.74,334.65,0.9718,0.229286,0.697193
1786704005.460263,61.986649,1884,29.51,113.17,77.90,0.9999,0.176834,0.162295,146.72,334.63,0.9718,0.229247,0.697151
1786704005.509131,62.035518,1885,29.51,113.20,77.92,0.9999,0.176878,0.162341,146.77,334.53,0.9707,0.229322,0.696937
1786704005.541461,62.067847,1886,29.51,113.17,77.93,0.9999,0.176832,0.162344,146.88,334.31,0.9707,0.229495,0.696479
1786704005.572729,62.099115,1887,29.51,113.16,77.89,0.9999,0.176818,0.162270,146.82,334.87,0.9702,0.229399,0.697637
1786704005.607247,62.133634,1888,29.51,113.13,77.90,0.9999,0.176766,0.162281,147.09,334.30,0.9710,0.229828,0.696456
1786704005.647156,62.173543,1889,29.51,113.13,77.84,0.9999,0.176760,0.162166,147.08,334.29,0.9703,0.229817,0.696429
1786704005.664101,62.190488,1890,29.51,113.13,77.82,1.0000,0.176758,0.162130,147.28,334.26,0.9709,0.230120,0.696376
1786704005.695011,62.221398,1891,29.51,113.12,77.82,1.0000,0.176756,0.162120,147.04,334.77,0.9708,0.229753,0.697442
1786704005.726642,62.253029,1892,29.51,113.02,77.85,1.0000,0.176597,0.162182,147.14,334.59,0.9709,0.229906,0.697066
1786704005.780106,62.306493,1893,29.51,113.08,77.88,1.0000,0.176689,0.162256,147.08,334.75,0.9704,0.229819,0.697390
1786704005.796632,62.323019,1894,29.51,113.08,77.81,1.0000,0.176695,0.162102,146.93,334.89,0.9703,0.229579,0.697690
1786704005.827748,62.354135,1895,29.53,113.04,77.82,1.0000,0.176631,0.162119,146.95,334.84,0.9705,0.229605,0.697588
1786704005.864726,62.391113,1896,29.53,113.05,77.80,1.0000,0.176648,0.162080,146.92,334.93,0.9700,0.229564,0.697780
1786704005.893270,62.419657,1897,29.53,113.06,77.90,1.0000,0.176660,0.162292,146.93,334.49,0.9704,0.229576,0.696847
1786704005.927919,62.454306,1898,29.53,113.06,77.93,1.0000,0.176651,0.162361,146.94,334.15,0.9703,0.229589,0.696145
1786704005.980623,62.507010,1899,29.53,113.04,77.88,1.0000,0.176625,0.162240,146.88,334.89,0.9691,0.229506,0.697683
1786704006.005655,62.532042,1900,29.53,113.06,77.90,1.0000,0.176649,0.162301,147.06,334.67,0.9699,0.229779,0.697238
1786704006.031099,62.557486,1901,29.53,113.09,77.87,1.0000,0.176700,0.162237,147.13,334.58,0.9701,0.229884,0.697038
1786704006.060585,62.586972,1902,29.53,113.09,77.92,1.0000,0.176696,0.162332,147.05,334.61,0.9704,0.229763,0.697096
1786704006.076193,62.602579,1903,29.53,113.16,77.87,1.0000,0.176816,0.162222,146.96,334.49,0.9700,0.229618,0.696849
1786704006.134000,62.660387,1904,29.53,113.19,77.92,1.0000,0.176853,0.162334,147.05,334.46,0.9703,0.229763,0.696800
1786704006.168607,62.694993,1905,29.53,113.25,77.92,1.0000,0.176951,0.162340,147.06,334.45,0.9706,0.229782,0.696780
1786704006.192488,62.718875,1906,29.53,113.39,77.91,1.0000,0.177165,0.162303,147.03,334.50,0.9705,0.229736,0.696871
1786704006.227316,62.753703,1907,29.53,113.39,78.12,1.0000,0.177167,0.162748,147.00,334.52,0.9705,0.229692,0.696923
1786704006.257910,62.784297,1908,29.53,113.32,78.11,1.0000,0.177060,0.162736,147.01,334.60,0.9705,0.229706,0.697075
1786704006.333091,62.859478,1909,29.18,113.42,78.11,1.0000,0.177213,0.162723,146.99,334.72,0.9704,0.229666,0.697330
1786704006.335825,62.862212,1910,29.18,113.58,78.11,1.0000,0.177463,0.162737,146.97,334.70,0.9698,0.229647,0.697292
1786704006.367453,62.893839,1911,29.18,113.59,77.95,1.0000,0.177484,0.162392,146.97,334.62,0.9704,0.229642,0.697116
1786704006.409213,62.935600,1912,29.18,113.59,77.93,1.0000,0.177487,0.162355,146.97,334.81,0.9704,0.229636,0.697512
1786704006.424864,62.951251,1913,29.18,113.67,77.87,1.0000,0.177606,0.162224,146.99,334.72,0.9711,0.229665,0.697327
1786704006.463716,62.990102,1914,29.18,113.51,77.88,1.0000,0.177363,0.162256,146.99,334.72,0.9704,0.229678,0.697327
1786704006.493449,63.019836,1915,29.18,113.52,77.88,1.0000,0.177371,0.162240,147.02,334.71,0.9709,0.229711,0.697304
1786704006.533528,63.059914,1916,29.18,113.53,77.89,1.0000,0.177385,0.162273,146.89,335.06,0.9712,0.229512,0.698041
1786704006.565541,63.091928,1917,29.18,113.56,77.95,1.0000,0.177441,0.162396,146.60,335.13,0.9707,0.229062,0.698183
1786704006.602407,63.128793,1918,29.18,113.66,77.95,1.0000,0.177591,0.162397,146.62,334.84,0.9702,0.229098,0.697581
1786704006.637693,63.164080,1919,29.18,113.70,78.02,1.0000,0.177660,0.162541,146.59,334.85,0.9693,0.229042,0.697609
1786704006.670959,63.197346,1920,29.18,113.89,78.02,1.0000,0.177961,0.162542,146.71,334.84,0.9699,0.229232,0.697592
1786704006.694935,63.221322,1921,29.18,113.91,78.04,1.0000,0.177977,0.162576,146.72,334.91,0.9698,0.229252,0.697731
1786704006.733391,63.259778,1922,29.18,113.90,78.11,1.0000,0.177971,0.162734,146.55,334.96,0.9694,0.228982,0.697837
1786704006.768703,63.295089,1923,29.18,113.99,78.11,1.0000,0.178103,0.162736,146.54,334.77,0.9694,0.228976,0.697430
1786704006.802721,63.329108,1924,29.18,113.99,78.05,1.0000,0.178109,0.162604,146.48,334.99,0.9694,0.228881,0.697896
1786704006.821157,63.347544,1925,29.18,113.99,78.11,1.0000,0.178108,0.162731,146.50,334.99,0.9688,0.228904,0.697898
1786704006.866776,63.393162,1926,29.84,113.88,78.22,1.0000,0.177941,0.162962,146.47,335.05,0.9682,0.228859,0.698026
1786704006.896453,63.422840,1927,29.84,113.95,78.22,1.0000,0.178040,0.162957,146.49,335.22,0.9684,0.228887,0.698368
1786704006.935989,63.462376,1928,29.84,113.98,77.95,1.0000,0.178091,0.162403,146.22,335.41,0.9676,0.228468,0.698766
1786704006.969965,63.496352,1929,29.84,113.98,77.95,1.0000,0.178094,0.162386,146.17,335.33,0.9671,0.228388,0.698602
1786704006.996407,63.522794,1930,29.84,114.16,77.95,1.0000,0.178369,0.162399,146.30,335.32,0.9675,0.228589,0.698583
1786704007.043988,63.570375,1931,29.84,114.18,78.00,1.0000,0.178399,0.162510,146.31,335.35,0.9677,0.228614,0.698655
1786704007.059981,63.586368,1932,29.84,114.08,78.32,1.0000,0.178249,0.163168,146.36,335.38,0.9677,0.228694,0.698701
1786704007.122550,63.648936,1933,29.84,114.08,78.32,1.0000,0.178252,0.163176,146.41,335.34,0.9675,0.228761,0.698630
1786704007.129240,63.655626,1934,29.84,114.10,78.32,0.9999,0.178277,0.163176,146.42,335.36,0.9673,0.228788,0.698658
1786704007.173023,63.699410,1935,29.84,114.14,78.33,1.0000,0.178341,0.163187,146.45,335.27,0.9673,0.228827,0.698482
1786704007.204400,63.730787,1936,29.84,114.04,78.36,0.9999,0.178187,0.163246,146.46,335.22,0.9674,0.228845,0.698376
1786704007.268743,63.795130,1937,29.84,114.02,78.32,0.9999,0.178149,0.163167,146.50,335.36,0.9669,0.228902,0.698657
1786704007.282298,63.808685,1938,29.84,114.27,78.35,0.9999,0.178547,0.163225,146.42,335.31,0.9663,0.228785,0.698570
1786704007.310214,63.836601,1939,29.84,114.19,78.35,0.9999,0.178415,0.163224,146.41,335.23,0.9661,0.228773,0.698396
1786704007.338021,63.864407,1940,29.42,114.07,78.33,0.9999,0.178240,0.163197,146.53,335.02,0.9668,0.228950,0.697951
1786704007.378299,63.904686,1941,29.42,114.03,78.34,0.9999,0.178168,0.163213,146.45,335.20,0.9667,0.228822,0.698341
1786704007.409522,63.935909,1942,29.42,113.95,78.34,0.9999,0.178041,0.163199,146.49,335.04,0.9658,0.228893,0.697994
1786704007.425322,63.951709,1943,29.42,113.91,78.43,0.9999,0.177978,0.163399,146.62,334.80,0.9675,0.229089,0.697500
1786704007.462194,63.988581,1944,29.42,114.14,78.42,0.9999,0.178347,0.163372,146.61,335.05,0.9677,0.229078,0.698020
1786704007.507278,64.033665,1945,29.42,114.09,78.41,0.9999,0.178267,0.163352,146.60,335.04,0.9671,0.229056,0.697997
1786704007.534247,64.060634,1946,29.42,114.09,78.41,0.9999,0.178263,0.163347,146.54,335.04,0.9671,0.228963,0.698010
1786704007.562896,64.089283,1947,29.42,114.09,78.41,0.9999,0.178263,0.163345,146.53,334.91,0.9676,0.228945,0.697721
1786704007.614609,64.140996,1948,29.42,113.85,78.02,0.9999,0.177895,0.162536,146.53,334.70,0.9681,0.228951,0.697290
1786704007.631757,64.158143,1949,29.42,113.84,78.17,0.9999,0.177878,0.162852,146.54,334.57,0.9683,0.228967,0.697010
1786704007.663512,64.189899,1950,29.42,113.84,78.24,0.9999,0.177877,0.163007,146.59,334.51,0.9689,0.229050,0.696890
1786704007.703267,64.229654,1951,29.42,113.85,78.26,0.9999,0.177884,0.163047,146.63,334.75,0.9693,0.229109,0.697405
1786704007.756640,64.283027,1952,29.42,113.82,78.22,0.9999,0.177842,0.162956,146.51,335.27,0.9694,0.228925,0.698480
1786704007.771822,64.298208,1953,29.42,113.79,78.29,0.9999,0.177802,0.163099,146.50,335.29,0.9693,0.228904,0.698518
1786704007.803897,64.330283,1954,29.42,113.77,78.31,0.9999,0.177768,0.163137,146.48,335.37,0.9696,0.228874,0.698693
1786704007.835741,64.362127,1955,29.42,113.74,78.29,0.9999,0.177723,0.163096,146.49,335.41,0.9699,0.228884,0.698773
1786704007.851720,64.378107,1956,29.86,113.57,78.29,0.9999,0.177448,0.163108,146.39,335.37,0.9695,0.228735,0.698695
1786704007.894305,64.420691,1957,29.86,113.72,78.29,1.0000,0.177686,0.163101,146.37,335.53,0.9697,0.228705,0.699027
1786704007.930593,64.456980,1958,29.86,113.69,78.30,1.0000,0.177641,0.163135,146.42,335.41,0.9693,0.228776,0.698780
1786704007.946629,64.473016,1959,29.86,113.69,78.42,1.0000,0.177639,0.163374,146.47,335.26,0.9691,0.228862,0.698464
1786704008.000091,64.526478,1960,29.86,113.28,78.41,1.0000,0.177000,0.163358,146.56,334.85,0.9687,0.228998,0.697610
1786704008.028901,64.555288,1961,29.86,113.31,78.35,1.0000,0.177046,0.163221,146.51,335.06,0.9692,0.228924,0.698046
1786704008.060891,64.587278,1962,29.86,113.19,78.33,1.0000,0.176857,0.163196,146.56,335.09,0.9688,0.229002,0.698099
1786704008.075803,64.602189,1963,29.86,113.13,78.36,1.0000,0.176763,0.163258,146.21,335.08,0.9687,0.228448,0.698076
1786704008.127185,64.653572,1964,29.86,112.99,78.23,1.0000,0.176544,0.162974,146.21,335.18,0.9688,0.228456,0.698286
1786704008.159292,64.685678,1965,29.86,112.96,78.23,1.0000,0.176503,0.162975,146.36,335.21,0.9686,0.228690,0.698352
1786704008.191001,64.717388,1966,29.86,112.99,78.24,1.0000,0.176544,0.163009,146.37,335.09,0.9680,0.228698,0.698095
1786704008.228561,64.754948,1967,29.86,112.89,78.22,1.0000,0.176394,0.162955,146.34,334.98,0.9683,0.228662,0.697868
1786704008.267894,64.794281,1968,29.86,112.56,78.23,1.0000,0.175868,0.162969,146.49,335.02,0.9684,0.228894,0.697963
1786704008.299389,64.825776,1969,29.86,112.54,78.25,1.0000,0.175841,0.163027,146.44,335.37,0.9682,0.228805,0.698685
1786704008.341945,64.868331,1970,29.86,112.53,78.26,1.0000,0.175834,0.163032,146.82,335.31,0.9685,0.229406,0.698560
1786704008.344532,64.870918,1971,29.86,112.47,78.23,1.0000,0.175741,0.162980,146.82,335.34,0.9685,0.229405,0.698620
1786704008.394785,64.921172,1972,29.94,112.36,78.25,1.0000,0.175566,0.163015,146.77,335.22,0.9681,0.229324,0.698378
1786704008.430064,64.956451,1973,29.94,112.20,78.25,1.0000,0.175312,0.163012,146.80,335.27,0.9677,0.229371,0.698488
1786704008.464255,64.990641,1974,29.94,112.19,78.21,1.0000,0.175290,0.162939,146.69,335.15,0.9678,0.229210,0.698224
1786704008.501570,65.027957,1975,29.94,112.01,78.21,1.0000,0.175016,0.162937,146.74,334.98,0.9688,0.229283,0.697880
1786704008.562484,65.088871,1977,29.94,111.91,77.85,1.0000,0.174853,0.162195,146.75,334.78,0.9686,0.229300,0.697461
1786704008.607061,65.133447,1978,29.94,111.81,77.78,1.0000,0.174706,0.162043,147.00,334.09,0.9699,0.229685,0.696026
1786704008.633168,65.159554,1979,29.94,111.79,77.75,1.0000,0.174667,0.161984,146.96,334.11,0.9694,0.229618,0.696055
1786704008.668063,65.194449,1980,29.94,111.73,77.65,1.0000,0.174582,0.161765,146.73,334.43,0.9687,0.229269,0.696738
1786704008.699463,65.225850,1981,29.94,111.63,77.56,1.0000,0.174420,0.161578,146.65,334.47,0.9686,0.229137,0.696809
1786704008.728767,65.255154,1982,29.94,111.43,77.52,1.0000,0.174111,0.161510,146.66,334.51,0.9693,0.229161,0.696897
1786704008.762975,65.289362,1983,29.94,111.40,77.61,1.0000,0.174067,0.161689,146.59,334.57,0.9688,0.229051,0.697011
1786704008.797484,65.323870,1984,29.94,111.18,77.62,1.0000,0.173723,0.161712,146.76,334.36,0.9687,0.229315,0.696582
1786704008.840314,65.366700,1985,29.94,111.12,77.65,1.0000,0.173618,0.161780,146.86,334.15,0.9689,0.229472,0.696147
1786704008.853293,65.379679,1986,29.94,111.04,77.67,1.0000,0.173496,0.161805,146.87,334.30,0.9693,0.229492,0.696454
1786704008.907407,65.433794,1987,29.42,111.20,77.72,1.0000,0.173749,0.161908,146.94,334.04,0.9702,0.229591,0.695920
1786704008.923195,65.449582,1988,29.42,111.17,77.76,1.0000,0.173706,0.162009,146.99,334.05,0.9698,0.229679,0.695933
1786704008.972976,65.499363,1989,29.42,111.16,77.75,1.0000,0.173690,0.161979,147.17,333.83,0.9698,0.229958,0.695488
1786704009.005496,65.531883,1990,29.42,111.12,77.73,1.0000,0.173626,0.161939,147.12,333.73,0.9705,0.229881,0.695275
1786704009.039958,65.566344,1991,29.42,111.03,77.63,1.0000,0.173490,0.161723,146.99,333.89,0.9699,0.229679,0.695613
1786704009.079866,65.606253,1992,29.42,111.06,77.53,1.0000,0.173528,0.161513,146.87,334.59,0.9699,0.229489,0.697062
1786704009.094558,65.620945,1993,29.42,111.27,77.55,1.0000,0.173852,0.161557,146.68,334.88,0.9698,0.229194,0.697657
1786704009.129523,65.655910,1994,29.42,111.29,77.55,1.0000,0.173892,0.161553,146.65,334.69,0.9690,0.229141,0.697275
1786704009.171797,65.698183,1995,29.42,111.23,77.13,1.0000,0.173802,0.160683,146.66,334.74,0.9691,0.229149,0.697373
1786704009.194417,65.720804,1996,29.42,111.31,77.09,1.0000,0.173923,0.160603,146.66,334.75,0.9685,0.229158,0.697406
1786704009.230131,65.756517,1997,29.42,111.35,77.16,1.0000,0.173981,0.160753,146.67,334.75,0.9690,0.229174,0.697394
1786704009.270828,65.797215,1998,29.42,111.35,77.12,1.0000,0.173984,0.160657,146.79,334.70,0.9693,0.229356,0.697293
1786704009.284928,65.811315,1999,29.42,111.38,77.01,1.0000,0.174029,0.160439,146.86,334.32,0.9696,0.229461,0.696497
1786704009.331047,65.857434,2000,29.42,111.66,77.08,1.0000,0.174463,0.160593,146.88,334.75,0.9693,0.229493,0.697406
1786704009.363523,65.889910,2001,29.42,112.01,77.21,1.0000,0.175009,0.160858,146.87,334.71,0.9685,0.229488,0.697310
1786704009.390612,65.916999,2002,29.42,112.03,77.18,1.0000,0.175053,0.160793,146.85,335.04,0.9675,0.229451,0.697992
1786704009.452286,65.978673,2003,29.41,112.04,77.09,1.0000,0.175068,0.160607,146.94,335.29,0.9671,0.229589,0.698527
1786704009.471018,65.997405,2004,29.41,112.09,77.09,1.0000,0.175137,0.160609,146.94,335.35,0.9668,0.229599,0.698649
1786704009.492265,66.018651,2005,29.41,112.24,77.09,1.0000,0.175380,0.160608,146.92,335.13,0.9666,0.229563,0.698185
1786704009.529720,66.056107,2006,29.41,112.24,77.23,1.0000,0.175381,0.160887,146.90,335.04,0.9676,0.229537,0.697992
1786704009.569420,66.095807,2007,29.41,112.27,77.24,1.0000,0.175426,0.160909,146.91,335.07,0.9674,0.229544,0.698070
1786704009.587686,66.114073,2008,29.41,112.44,77.24,1.0000,0.175682,0.160915,146.86,335.05,0.9673,0.229470,0.698018
1786704009.635900,66.162286,2009,29.41,112.44,77.21,1.0000,0.175685,0.160852,146.82,335.12,0.9669,0.229408,0.698175
1786704009.672777,66.199164,2010,29.41,112.44,77.18,1.0000,0.175684,0.160794,146.79,335.05,0.9668,0.229365,0.698013
1786704009.693635,66.220021,2011,29.41,112.44,77.24,1.0000,0.175690,0.160912,146.81,335.09,0.9667,0.229396,0.698113
1786704009.738103,66.264490,2012,29.41,112.52,77.32,1.0000,0.175810,0.161086,146.79,335.12,0.9659,0.229354,0.698161
1786704009.767816,66.294202,2013,29.41,112.51,77.35,1.0000,0.175804,0.161142,146.76,335.05,0.9667,0.229319,0.698018
1786704009.818581,66.344967,2014,29.41,112.51,77.39,1.0000,0.175804,0.161228,146.78,334.61,0.9673,0.229350,0.697097
1786704009.837202,66.363589,2015,29.41,112.55,77.43,1.0000,0.175854,0.161310,146.71,334.69,0.9670,0.229240,0.697265
1786704009.874422,66.400809,2016,29.41,112.53,77.42,1.0000,0.175831,0.161290,146.70,334.69,0.9667,0.229213,0.697261
1786704009.906577,66.432964,2017,29.41,112.65,77.37,1.0000,0.176008,0.161184,146.75,334.84,0.9668,0.229293,0.697582
1786704009.935114,66.461501,2018,29.41,112.71,77.37,1.0000,0.176102,0.161191,146.75,335.06,0.9665,0.229301,0.698041
1786704009.967234,66.493621,2019,29.74,112.80,77.59,1.0000,0.176243,0.161646,146.84,335.38,0.9668,0.229440,0.698704
1786704009.998883,66.525270,2020,29.74,112.77,77.57,1.0000,0.176195,0.161608,146.85,335.17,0.9677,0.229456,0.698280
1786704010.039221,66.565607,2021,29.74,112.84,77.57,1.0000,0.176312,0.161614,146.67,335.27,0.9678,0.229172,0.698471
1786704010.067959,66.594345,2022,29.74,113.11,77.93,1.0000,0.176735,0.162362,146.57,335.63,0.9673,0.229021,0.699232
1786704010.109370,66.635756,2023,29.74,113.18,77.92,1.0000,0.176844,0.162331,146.54,335.88,0.9675,0.228965,0.699752
1786704010.139843,66.666229,2024,29.74,113.38,77.92,1.0000,0.177149,0.162325,146.61,335.87,0.9672,0.229082,0.699732
1786704010.171458,66.697845,2025,29.74,113.48,77.88,1.0000,0.177310,0.162260,146.61,335.86,0.9669,0.229073,0.699719
1786704010.203403,66.729790,2026,29.74,113.47,77.90,1.0000,0.177303,0.162292,146.60,335.87,0.9669,0.229059,0.699721
1786704010.219021,66.745408,2027,29.74,113.28,77.93,1.0000,0.177006,0.162346,146.61,335.87,0.9667,0.229078,0.699721
1786704010.283172,66.809559,2028,29.74,112.81,77.87,1.0000,0.176266,0.162230,146.50,335.74,0.9664,0.228900,0.699463
1786704010.314344,66.840730,2029,29.74,112.78,77.87,1.0000,0.176214,0.162225,146.46,335.73,0.9662,0.228838,0.699442
1786704010.337798,66.864185,2030,29.74,112.78,77.90,1.0000,0.176215,0.162284,146.46,335.69,0.9660,0.228848,0.699346
1786704010.361791,66.888178,2031,29.74,112.78,77.88,1.0000,0.176218,0.162255,146.53,335.67,0.9664,0.228956,0.699306
1786704010.412034,66.938421,2032,29.74,113.29,77.89,1.0000,0.177023,0.162264,146.82,335.55,0.9668,0.229408,0.699054
1786704010.441194,66.967581,2033,29.74,113.43,77.89,1.0000,0.177237,0.162264,146.82,335.35,0.9660,0.229409,0.698637
1786704010.478494,67.004881,2034,29.69,113.49,77.92,1.0000,0.177327,0.162340,146.72,335.38,0.9662,0.229257,0.698715
1786704010.507309,67.033696,2035,29.69,113.42,77.94,1.0000,0.177216,0.162367,146.70,335.51,0.9655,0.229214,0.698974
1786704010.552539,67.078926,2036,29.69,113.41,77.93,1.0000,0.177197,0.162359,146.78,335.04,0.9659,0.229341,0.697999
1786704010.583945,67.110332,2037,29.69,113.39,78.07,1.0000,0.177167,0.162646,146.88,334.22,0.9668,0.229494,0.696299
1786704010.599916,67.126302,2038,29.69,113.32,78.16,1.0000,0.177069,0.162837,146.84,334.39,0.9675,0.229435,0.696643
1786704010.634738,67.161125,2039,29.69,113.30,78.13,1.0000,0.177036,0.162763,146.73,334.59,0.9675,0.229259,0.697072
1786704010.663414,67.189801,2040,29.69,113.31,78.07,1.0000,0.177042,0.162647,146.73,334.52,0.9680,0.229270,0.696927
1786704010.697596,67.223983,2041,29.69,113.33,78.08,1.0000,0.177074,0.162670,146.74,334.76,0.9683,0.229277,0.697407
1786704010.726790,67.253177,2042,29.69,113.32,78.10,1.0000,0.177056,0.162713,146.58,334.91,0.9682,0.229029,0.697727
1786704010.777351,67.303738,2043,29.69,113.50,78.07,1.0000,0.177336,0.162648,146.66,334.97,0.9687,0.229154,0.697854
1786704010.805931,67.332318,2044,29.69,113.45,78.07,1.0000,0.177265,0.162640,146.71,335.27,0.9682,0.229242,0.698489
1786704010.853451,67.379838,2045,29.69,113.44,78.07,1.0000,0.177257,0.162636,146.69,335.24,0.9684,0.229197,0.698415
1786704010.869313,67.395699,2046,29.69,113.44,78.06,1.0000,0.177245,0.162635,146.55,335.25,0.9690,0.228986,0.698431
1786704010.901620,67.428006,2047,29.69,113.44,78.07,1.0000,0.177244,0.162640,146.53,335.21,0.9689,0.228959,0.698358
1786704010.932874,67.459260,2048,29.69,113.46,78.08,1.0000,0.177282,0.162657,146.47,334.76,0.9689,0.228852,0.697408
1786704010.948515,67.474902,2049,29.69,113.46,78.07,1.0000,0.177275,0.162655,146.46,334.84,0.9689,0.228851,0.697585
1786704011.012963,67.539350,2050,29.70,113.44,78.07,1.0000,0.177246,0.162653,146.58,334.65,0.9690,0.229034,0.697183
1786704011.028977,67.555364,2051,29.70,113.41,78.08,0.9999,0.177210,0.162670,146.68,334.65,0.9683,0.229180,0.697187
1786704011.119651,67.646038,2052,29.70,113.43,78.06,0.9999,0.177228,0.162634,146.91,334.55,0.9691,0.229543,0.696975
1786704011.124394,67.650781,2053,29.70,113.42,78.05,0.9999,0.177224,0.162609,146.91,334.61,0.9689,0.229540,0.697103
1786704011.156342,67.682728,2054,29.70,113.41,78.06,0.9999,0.177195,0.162628,146.90,334.61,0.9694,0.229533,0.697096
1786704011.164310,67.690697,2055,29.70,113.40,78.08,0.9999,0.177193,0.162668,146.91,334.60,0.9701,0.229548,0.697090
1786704011.199491,67.725878,2056,29.70,113.40,78.09,0.9999,0.177192,0.162692,146.93,334.64,0.9703,0.229575,0.697168
1786704011.235800,67.762187,2057,29.70,113.44,78.10,0.9999,0.177255,0.162704,146.92,334.61,0.9703,0.229569,0.697103
1786704011.251582,67.777969,2058,29.70,113.44,78.12,0.9999,0.177255,0.162747,146.93,334.55,0.9702,0.229571,0.696971
1786704011.315205,67.841592,2059,29.70,113.37,78.07,0.9999,0.177146,0.162648,146.89,334.63,0.9708,0.229520,0.697152
1786704011.331127,67.857514,2060,29.70,113.28,78.11,0.9999,0.176999,0.162731,146.88,334.72,0.9710,0.229500,0.697341
1786704011.378738,67.905125,2061,29.70,113.32,78.16,0.9999,0.177061,0.162840,146.69,334.78,0.9709,0.229203,0.697456
1786704011.410765,67.937151,2062,29.70,113.32,78.18,0.9999,0.177061,0.162878,146.68,334.79,0.9705,0.229191,0.697477
1786704011.426587,67.952974,2063,29.70,113.32,78.20,0.9999,0.177057,0.162919,146.70,334.74,0.9711,0.229216,0.697383
1786704011.474490,68.000877,2064,29.70,113.32,78.23,0.9999,0.177070,0.162979,146.77,334.91,0.9718,0.229321,0.697730
1786704011.490598,68.016985,2065,29.70,113.28,78.23,0.9999,0.177002,0.162982,146.76,335.06,0.9717,0.229311,0.698046
1786704011.527760,68.054146,2066,29.95,113.26,78.18,0.9999,0.176973,0.162877,146.76,335.06,0.9722,0.229316,0.698042
1786704011.561880,68.088267,2067,29.95,113.26,78.14,0.9999,0.176972,0.162782,146.73,335.05,0.9720,0.229269,0.698024
1786704011.599348,68.125735,2068,29.95,113.20,78.19,0.9999,0.176879,0.162894,146.70,335.08,0.9719,0.229216,0.698085
1786704011.631573,68.157959,2069,29.95,113.07,78.18,0.9999,0.176664,0.162874,146.71,334.93,0.9719,0.229232,0.697779
1786704011.673597,68.199983,2070,29.95,112.97,78.08,0.9999,0.176515,0.162663,146.80,334.42,0.9719,0.229379,0.696704
1786704011.708130,68.234517,2071,29.95,112.97,78.20,0.9999,0.176513,0.162907,146.88,334.47,0.9717,0.229497,0.696819
1786704011.732157,68.258544,2072,29.95,112.95,78.18,0.9999,0.176486,0.162878,146.60,334.94,0.9710,0.229063,0.697790
1786704011.772049,68.298436,2073,29.95,113.01,78.18,0.9999,0.176582,0.162877,146.60,335.03,0.9702,0.229062,0.697989
1786704011.796386,68.322773,2074,29.95,113.03,78.13,0.9999,0.176614,0.162769,146.54,335.13,0.9699,0.228964,0.698188
1786704011.830743,68.357130,2075,29.95,113.02,78.13,0.9999,0.176600,0.162770,146.81,335.21,0.9690,0.229387,0.698346
1786704011.870722,68.397109,2076,29.95,113.02,78.13,1.0000,0.176595,0.162774,146.90,335.49,0.9689,0.229533,0.698932
1786704011.894712,68.421098,2077,29.95,113.02,78.12,1.0000,0.176594,0.162746,146.78,335.52,0.9689,0.229347,0.698997
1786704011.929267,68.455654,2078,29.95,113.02,78.03,1.0000,0.176596,0.162566,146.70,335.76,0.9687,0.229223,0.699491
1786704011.971543,68.497929,2079,29.95,113.11,78.02,1.0000,0.176739,0.162546,146.70,336.01,0.9684,0.229217,0.700030
1786704011.986353,68.512739,2080,29.95,113.21,78.02,1.0000,0.176890,0.162542,146.68,335.96,0.9684,0.229195,0.699918
1786704012.036242,68.562629,2081,29.94,113.21,78.02,1.0000,0.176890,0.162551,146.66,335.99,0.9684,0.229153,0.699982
1786704012.077188,68.603575,2082,29.94,113.17,78.02,1.0000,0.176821,0.162542,146.64,336.00,0.9682,0.229133,0.700005
1786704012.109079,68.635466,2083,29.94,113.16,78.03,1.0000,0.176814,0.162567,146.69,335.94,0.9679,0.229210,0.699871
1786704012.142281,68.668668,2084,29.94,113.17,77.94,1.0000,0.176822,0.162365,146.72,335.91,0.9674,0.229250,0.699823
1786704012.171756,68.698142,2085,29.94,113.17,77.67,1.0000,0.176830,0.161814,146.69,336.03,0.9670,0.229199,0.700068
1786704012.204290,68.730677,2086,29.94,113.17,77.91,1.0000,0.176836,0.162307,146.76,336.05,0.9665,0.229318,0.700094
1786704012.242311,68.768698,2087,29.94,113.20,78.02,1.0000,0.176874,0.162550,146.81,335.76,0.9664,0.229396,0.699508
1786704012.260223,68.786609,2088,29.94,113.21,78.02,1.0000,0.176887,0.162532,146.69,335.83,0.9661,0.229197,0.699646
1786704012.292805,68.819191,2089,29.94,113.19,78.16,1.0000,0.176861,0.162834,146.83,335.86,0.9662,0.229426,0.699715
1786704012.332915,68.859301,2090,29.94,113.19,78.15,1.0000,0.176862,0.162820,146.79,335.97,0.9656,0.229360,0.699928
1786704012.379607,68.905994,2091,29.94,113.17,78.20,1.0000,0.176826,0.162923,146.79,335.95,0.9652,0.229364,0.699887
1786704012.395100,68.921487,2092,29.94,113.07,78.13,1.0000,0.176668,0.162778,146.80,335.37,0.9659,0.229379,0.698682
1786704012.438785,68.965171,2093,29.94,112.90,78.16,1.0000,0.176410,0.162842,146.78,335.46,0.9660,0.229344,0.698872
1786704012.473516,68.999903,2094,29.94,112.91,78.15,1.0000,0.176417,0.162812,146.76,335.63,0.9650,0.229313,0.699226
1786704012.491401,69.017788,2095,29.94,113.01,78.15,1.0000,0.176581,0.162811,146.78,335.64,0.9658,0.229342,0.699253
1786704012.538622,69.065009,2096,29.86,113.01,77.96,1.0000,0.176586,0.162409,146.74,335.35,0.9656,0.229276,0.698647
1786704012.553569,69.079956,2097,29.86,113.02,78.00,1.0000,0.176590,0.162493,147.04,335.32,0.9647,0.229745,0.698574
1786704012.600864,69.127251,2098,29.86,113.01,78.00,1.0000,0.176579,0.162508,147.18,335.27,0.9652,0.229967,0.698487
1786704012.618305,69.144691,2099,29.86,113.01,77.94,1.0000,0.176574,0.162385,147.11,335.16,0.9655,0.229860,0.698241
1786704012.671113,69.197500,2100,29.86,113.02,77.93,1.0000,0.176598,0.162354,147.08,335.13,0.9664,0.229814,0.698179
1786704012.694926,69.221312,2101,29.86,113.03,77.89,1.0000,0.176609,0.162267,147.12,334.95,0.9657,0.229872,0.697802
1786704012.739422,69.265809,2102,29.86,113.02,77.94,1.0000,0.176596,0.162369,146.94,335.15,0.9652,0.229590,0.698236
1786704012.775694,69.302080,2103,29.86,113.04,77.94,1.0000,0.176617,0.162371,147.00,335.29,0.9652,0.229681,0.698528
1786704012.810904,69.337291,2104,29.86,113.05,78.06,1.0000,0.176640,0.162635,146.84,335.29,0.9650,0.229435,0.698512
1786704012.840301,69.366688,2105,29.86,113.19,78.09,1.0000,0.176865,0.162685,146.97,334.98,0.9655,0.229639,0.697879
1786704012.869851,69.396237,2106,29.86,113.07,78.09,1.0000,0.176668,0.162681,147.12,334.94,0.9650,0.229882,0.697799
1786704012.911926,69.438313,2107,29.86,113.06,77.96,1.0000,0.176663,0.162419,147.01,335.07,0.9652,0.229708,0.698066
1786704012.943589,69.469976,2108,29.86,113.06,77.97,1.0000,0.176655,0.162442,146.78,335.60,0.9654,0.229348,0.699163
1786704012.964598,69.490984,2109,29.86,113.08,77.97,1.0000,0.176689,0.162442,146.77,335.59,0.9656,0.229330,0.699151
1786704012.996218,69.522605,2110,29.86,113.08,77.96,1.0000,0.176689,0.162411,146.73,335.58,0.9653,0.229264,0.699118
1786704013.033686,69.560073,2111,29.86,113.14,77.91,1.0000,0.176787,0.162321,146.70,335.51,0.9652,0.229213,0.698985
1786704013.068379,69.594765,2112,29.93,113.15,77.91,1.0000,0.176801,0.162303,146.53,336.01,0.9649,0.228953,0.700027
1786704013.096777,69.623163,2113,29.93,113.20,77.89,1.0000,0.176877,0.162279,146.55,335.99,0.9649,0.228979,0.699980
1786704013.137630,69.664017,2114,29.93,113.19,77.86,1.0000,0.176855,0.162202,146.47,335.78,0.9655,0.228867,0.699545
1786704013.155289,69.681676,2115,29.93,113.19,77.82,1.0000,0.176856,0.162117,146.43,335.72,0.9668,0.228804,0.699410
1786704013.203229,69.729616,2116,29.93,113.22,77.91,1.0000,0.176909,0.162304,146.43,335.49,0.9673,0.228793,0.698939
1786704013.237598,69.763984,2117,29.93,113.22,77.94,1.0000,0.176905,0.162382,146.49,334.77,0.9685,0.228896,0.697432
1786704013.266715,69.793102,2118,29.93,113.22,77.84,1.0000,0.176910,0.162161,146.51,334.70,0.9691,0.228926,0.697299
1786704013.301104,69.827490,2119,29.93,113.22,77.96,1.0000,0.176908,0.162413,146.51,334.91,0.9687,0.228928,0.697731
1786704013.338162,69.864548,2120,29.93,113.21,77.98,1.0000,0.176889,0.162464,146.80,334.83,0.9700,0.229371,0.697557
1786704013.388035,69.914422,2121,29.93,113.20,77.98,1.0000,0.176868,0.162463,146.72,335.14,0.9698,0.229252,0.698200
1786704013.409221,69.935608,2122,29.93,113.20,77.98,1.0000,0.176872,0.162464,146.72,335.17,0.9691,0.229252,0.698275
1786704013.435928,69.962315,2123,29.93,113.17,77.86,1.0000,0.176834,0.162214,146.70,335.23,0.9693,0.229218,0.698402
1786704013.474481,70.000868,2124,29.93,113.24,77.95,1.0000,0.176935,0.162397,146.66,335.25,0.9694,0.229157,0.698430
1786704013.520110,70.046497,2125,29.93,113.23,78.03,1.0000,0.176926,0.162563,146.67,335.44,0.9692,0.229180,0.698828
1786704013.543040,70.069427,2126,29.93,113.23,78.05,1.0000,0.176926,0.162598,146.67,335.44,0.9693,0.229177,0.698824
1786704013.566937,70.093324,2127,29.93,113.23,78.05,1.0000,0.176926,0.162599,146.74,334.63,0.9693,0.229277,0.697149
1786704013.607153,70.133540,2128,29.89,113.21,78.00,1.0000,0.176891,0.162507,146.70,335.11,0.9688,0.229215,0.698145
1786704013.653064,70.179451,2129,29.89,113.25,78.01,1.0000,0.176947,0.162518,146.77,335.72,0.9681,0.229323,0.699415
1786704013.671244,70.197631,2130,29.89,113.65,78.11,1.0000,0.177576,0.162727,146.76,335.72,0.9686,0.229308,0.699416
1786704013.702990,70.229377,2131,29.89,113.58,78.10,1.0000,0.177468,0.162706,146.77,335.71,0.9677,0.229326,0.699397
1786704013.734360,70.260746,2132,29.89,113.57,78.10,1.0000,0.177453,0.162704,146.77,335.79,0.9677,0.229323,0.699563
1786704013.769045,70.295432,2133,29.89,113.54,78.09,1.0000,0.177405,0.162697,146.68,335.84,0.9669,0.229191,0.699657
1786704013.809109,70.335496,2134,29.89,113.54,78.14,1.0000,0.177408,0.162789,146.72,335.23,0.9671,0.229247,0.698393
1786704013.826109,70.352496,2135,29.89,113.47,78.07,1.0000,0.177300,0.162652,146.71,335.21,0.9675,0.229238,0.698363
1786704013.868982,70.395369,2136,29.89,113.45,78.18,1.0000,0.177261,0.162880,146.78,335.09,0.9668,0.229339,0.698096
1786704013.906196,70.432583,2137,29.89,113.40,78.19,1.0000,0.177188,0.162889,146.75,335.34,0.9668,0.229295,0.698623
1786704013.949951,70.476338,2138,29.89,113.40,78.37,1.0000,0.177192,0.163262,146.87,335.34,0.9668,0.229477,0.698632
1786704013.964410,70.490796,2139,29.89,113.44,78.10,1.0000,0.177252,0.162706,146.88,335.25,0.9672,0.229504,0.698434
1786704013.995725,70.522112,2140,29.89,113.38,78.05,1.0000,0.177151,0.162597,146.86,335.30,0.9675,0.229472,0.698551
1786704014.032998,70.559385,2141,29.89,113.37,78.03,1.0000,0.177135,0.162571,146.79,335.36,0.9671,0.229360,0.698675
1786704014.070107,70.596493,2142,29.89,113.42,78.03,1.0000,0.177219,0.162571,146.63,335.53,0.9676,0.229114,0.699026
1786704014.104121,70.630508,2143,29.89,113.68,78.04,1.0000,0.177629,0.162576,146.38,335.91,0.9670,0.228713,0.699804
1786704014.134070,70.660457,2144,29.98,113.74,77.93,1.0000,0.177719,0.162360,146.29,335.80,0.9674,0.228582,0.699578
1786704014.186685,70.713072,2145,29.98,113.72,77.92,1.0000,0.177695,0.162339,146.27,335.94,0.9676,0.228553,0.699874
1786704014.201286,70.727673,2146,29.98,113.72,77.93,1.0000,0.177695,0.162349,146.32,335.92,0.9683,0.228629,0.699827
1786704014.233732,70.760119,2147,29.98,113.72,77.95,1.0000,0.177684,0.162391,146.31,335.80,0.9675,0.228605,0.699590
1786704014.265215,70.791602,2148,29.98,113.71,77.94,1.0000,0.177677,0.162383,146.35,335.70,0.9674,0.228673,0.699375
1786704014.312488,70.838874,2149,29.98,113.69,78.00,1.0000,0.177644,0.162492,146.42,335.68,0.9669,0.228787,0.699343
1786704014.334962,70.861349,2150,29.98,113.69,78.06,1.0000,0.177641,0.162622,146.38,335.74,0.9661,0.228725,0.699455
1786704014.368741,70.895128,2151,29.98,113.69,78.12,1.0000,0.177640,0.162742,146.37,335.68,0.9658,0.228698,0.699340
1786704014.398027,70.924413,2152,29.98,113.69,78.13,1.0000,0.177638,0.162770,146.49,335.58,0.9656,0.228896,0.699124
1786704014.438460,70.964847,2153,29.98,113.43,78.13,1.0000,0.177233,0.162768,146.53,335.57,0.9654,0.228959,0.699103
1786704014.458925,70.985311,2154,29.98,113.38,78.13,1.0000,0.177153,0.162769,146.53,335.57,0.9655,0.228957,0.699097
1786704014.504201,71.030587,2155,29.98,113.39,78.14,1.0000,0.177168,0.162788,146.56,335.46,0.9654,0.228998,0.698869
1786704014.538907,71.065293,2156,29.98,113.41,78.13,1.0000,0.177202,0.162778,146.56,335.42,0.9654,0.229004,0.698794
1786704014.575165,71.101552,2157,29.98,113.42,78.10,1.0000,0.177216,0.162709,146.55,335.47,0.9650,0.228984,0.698889
1786704014.590406,71.116793,2158,29.98,113.44,78.04,1.0000,0.177250,0.162594,146.55,335.44,0.9653,0.228986,0.698832
1786704014.647168,71.173555,2159,29.82,113.46,78.01,1.0000,0.177280,0.162515,147.02,335.08,0.9650,0.229726,0.698089
1786704014.662792,71.189179,2160,29.82,113.46,78.14,1.0000,0.177288,0.162797,146.69,335.11,0.9648,0.229204,0.698151
1786704014.694997,71.221384,2161,29.82,113.46,78.14,1.0000,0.177288,0.162784,146.76,335.18,0.9649,0.229311,0.698297
1786704014.726736,71.253123,2162,29.82,113.26,78.25,1.0000,0.176966,0.163011,146.87,335.15,0.9657,0.229481,0.698236
1786704014.766273,71.292660,2163,29.82,113.10,78.33,1.0000,0.176723,0.163180,146.82,335.41,0.9661,0.229409,0.698775
1786704014.797559,71.323946,2164,29.82,113.11,78.06,1.0000,0.176742,0.162635,146.68,335.44,0.9664,0.229194,0.698842
1786704014.845603,71.371990,2165,29.82,113.29,78.02,1.0000,0.177023,0.162537,146.63,335.41,0.9660,0.229110,0.698766
1786704014.869204,71.395590,2166,29.82,113.29,78.05,1.0000,0.177015,0.162612,146.61,335.33,0.9661,0.229084,0.698598
1786704014.935381,71.461768,2167,29.82,113.27,78.01,1.0000,0.176979,0.162523,146.63,335.46,0.9661,0.229114,0.698872
1786704014.961584,71.487970,2169,29.82,113.22,78.02,1.0000,0.176909,0.162532,146.75,335.45,0.9665,0.229292,0.698850
1786704014.996731,71.523118,2170,29.82,113.04,78.01,1.0000,0.176619,0.162523,146.78,335.39,0.9661,0.229342,0.698738
1786704015.028585,71.554972,2171,29.82,113.03,77.96,1.0000,0.176615,0.162412,146.78,335.45,0.9660,0.229341,0.698860
1786704015.065654,71.592040,2172,29.82,113.01,77.96,1.0000,0.176583,0.162420,146.78,335.34,0.9664,0.229339,0.698623
1786704015.099279,71.625665,2173,29.82,113.01,77.95,1.0000,0.176573,0.162401,147.21,334.99,0.9675,0.230008,0.697892
1786704015.139178,71.665565,2174,29.82,113.01,77.88,1.0000,0.176571,0.162240,147.17,334.84,0.9665,0.229955,0.697582
1786704015.163940,71.690327,2175,29.59,113.00,77.85,1.0000,0.176565,0.162185,147.13,334.84,0.9665,0.229890,0.697594
1786704015.202115,71.728502,2176,29.59,112.97,77.82,1.0000,0.176514,0.162116,147.13,334.81,0.9659,0.229887,0.697517
1786704015.223817,71.750204,2177,29.59,112.92,77.83,1.0000,0.176435,0.162137,147.10,334.80,0.9656,0.229848,0.697503
1786704015.265691,71.792078,2178,29.59,112.94,77.87,1.0000,0.176473,0.162222,147.04,334.89,0.9653,0.229743,0.697690
1786704015.305226,71.831612,2179,29.59,112.92,77.88,1.0000,0.176435,0.162246,147.17,334.38,0.9665,0.229952,0.696616
1786704015.339663,71.866050,2180,29.59,113.01,77.95,1.0000,0.176576,0.162405,147.05,334.97,0.9668,0.229767,0.697850
1786704015.365916,71.892302,2181,29.59,113.37,78.02,1.0000,0.177136,0.162535,147.03,335.02,0.9673,0.229729,0.697964
1786704015.405962,71.932348,2182,29.59,113.49,78.10,1.0000,0.177332,0.162711,146.88,335.28,0.9672,0.229495,0.698505
1786704015.424571,71.950957,2183,29.59,113.49,78.11,1.0000,0.177330,0.162738,146.85,335.33,0.9666,0.229454,0.698599
1786704015.469559,71.995946,2184,29.59,113.49,78.12,1.0000,0.177327,0.162741,146.89,335.28,0.9658,0.229511,0.698494
1786704015.506901,72.033288,2185,29.59,113.49,78.12,1.0000,0.177324,0.162743,146.89,335.34,0.9653,0.229518,0.698631
1786704015.526556,72.052942,2186,29.59,113.41,78.13,1.0000,0.177202,0.162780,146.87,335.43,0.9656,0.229489,0.698812
1786704015.560706,72.087093,2187,29.59,113.33,78.16,1.0000,0.177085,0.162841,146.89,335.42,0.9660,0.229509,0.698801
1786704015.594002,72.120389,2188,29.59,113.31,78.18,1.0000,0.177054,0.162885,146.90,335.26,0.9668,0.229535,0.698460
1786704015.652145,72.178532,2189,29.59,113.45,78.19,1.0000,0.177273,0.162891,146.77,335.18,0.9668,0.229325,0.698296
1786704015.667897,72.194284,2190,29.56,113.51,78.36,1.0000,0.177358,0.163244,146.59,335.25,0.9661,0.229050,0.698438
1786704015.700101,72.226488,2191,29.56,113.56,78.33,1.0000,0.177431,0.163196,146.58,335.34,0.9661,0.229038,0.698619
1786704015.723931,72.250318,2192,29.56,113.39,78.34,1.0000,0.177166,0.163200,146.60,335.35,0.9664,0.229060,0.698640
1786704015.763926,72.290312,2193,29.56,113.44,78.34,1.0000,0.177256,0.163203,146.62,335.28,0.9661,0.229087,0.698504
1786704015.803697,72.330083,2194,29.56,113.45,78.26,1.0000,0.177258,0.163033,146.66,335.24,0.9657,0.229160,0.698410
1786704015.843084,72.369471,2195,29.56,113.45,78.23,1.0000,0.177260,0.162984,146.66,335.27,0.9657,0.229155,0.698472
1786704015.874734,72.401121,2196,29.56,113.42,78.21,1.0000,0.177224,0.162934,146.62,335.25,0.9661,0.229097,0.698445
1786704015.906324,72.432711,2197,29.56,113.42,78.18,1.0000,0.177216,0.162873,146.50,335.30,0.9659,0.228907,0.698540
1786704015.937968,72.464355,2198,29.56,113.36,78.13,1.0000,0.177118,0.162768,146.58,335.25,0.9659,0.229033,0.698435
1786704015.953621,72.480007,2199,29.56,113.33,78.04,1.0000,0.177085,0.162576,146.59,335.46,0.9650,0.229040,0.698872
1786704016.018292,72.544679,2200,29.56,113.33,78.11,1.0000,0.177083,0.162738,146.53,335.46,0.9652,0.228957,0.698867
1786704016.033531,72.559918,2201,29.56,113.36,78.23,1.0000,0.177121,0.162978,146.55,335.43,0.9655,0.228977,0.698811
1786704016.065222,72.591608,2202,29.56,113.30,78.23,1.0000,0.177038,0.162977,146.53,335.21,0.9656,0.228959,0.698361
1786704016.110277,72.636664,2203,29.56,113.29,78.23,1.0000,0.177016,0.162985,146.82,334.82,0.9663,0.229412,0.697547
1786704016.130067,72.656454,2204,29.56,113.40,78.28,1.0000,0.177181,0.163085,146.78,334.85,0.9668,0.229347,0.697603
1786704016.179467,72.705853,2205,29.56,113.40,78.36,1.0000,0.177195,0.163258,146.77,335.12,0.9664,0.229330,0.698160
1786704016.229564,72.755951,2206,29.52,113.38,78.31,1.0000,0.177152,0.163139,146.81,335.10,0.9664,0.229397,0.698129
1786704016.232354,72.758741,2207,29.52,113.50,78.31,1.0000,0.177345,0.163141,146.82,335.10,0.9675,0.229404,0.698117
1786704016.256415,72.782801,2208,29.52,113.68,78.30,1.0000,0.177622,0.163130,146.80,335.12,0.9678,0.229382,0.698159
1786704016.310004,72.836391,2209,29.52,113.68,78.17,1.0000,0.177628,0.162857,146.69,335.34,0.9677,0.229196,0.698618
1786704016.326650,72.853036,2210,29.52,113.71,78.17,1.0000,0.177665,0.162847,146.58,335.38,0.9666,0.229031,0.698700
1786704016.363566,72.889953,2211,29.52,113.70,78.17,0.9999,0.177663,0.162857,146.56,335.47,0.9659,0.229006,0.698888
1786704016.397749,72.924136,2212,29.52,113.92,78.06,0.9999,0.177992,0.162620,146.64,335.44,0.9663,0.229128,0.698832
1786704016.431811,72.958198,2213,29.52,113.93,78.05,0.9999,0.178014,0.162613,146.65,335.64,0.9667,0.229138,0.699260
1786704016.468496,72.994883,2214,29.52,113.93,78.05,0.9999,0.178017,0.162614,146.60,335.40,0.9662,0.229059,0.698754
1786704016.511345,73.037732,2215,29.52,113.94,78.08,0.9999,0.178035,0.162672,146.62,335.29,0.9661,0.229095,0.698529
1786704016.530192,73.056579,2216,29.52,113.99,78.13,0.9999,0.178111,0.162778,146.67,335.18,0.9657,0.229164,0.698294
1786704016.562048,73.088434,2217,29.52,113.98,78.16,0.9999,0.178087,0.162831,146.65,335.18,0.9668,0.229148,0.698292
1786704016.601045,73.127431,2218,29.52,113.97,78.24,0.9999,0.178086,0.163005,146.73,334.57,0.9674,0.229272,0.697011
1786704016.637635,73.164022,2219,29.52,114.28,78.32,1.0000,0.178557,0.163159,146.75,334.40,0.9683,0.229297,0.696664
1786704016.664908,73.191295,2220,29.52,114.25,78.24,0.9999,0.178513,0.163004,146.75,334.37,0.9676,0.229294,0.696604
1786704016.699108,73.225494,2221,29.52,114.20,78.15,1.0000,0.178435,0.162809,146.75,334.57,0.9672,0.229290,0.697018
1786704016.739216,73.265603,2222,29.90,114.07,78.13,1.0000,0.178228,0.162778,146.68,335.07,0.9670,0.229194,0.698065
1786704016.749863,73.276250,2223,29.90,114.07,78.14,1.0000,0.178242,0.162795,146.65,335.08,0.9666,0.229133,0.698084
1786704016.806575,73.332962,2224,29.90,114.13,78.19,1.0000,0.178333,0.162894,146.63,335.00,0.9671,0.229102,0.697921
1786704016.845448,73.371834,2225,29.90,114.16,78.23,1.0000,0.178378,0.162972,146.58,335.34,0.9669,0.229026,0.698618
1786704016.861304,73.387691,2226,29.90,114.09,78.23,1.0000,0.178270,0.162976,146.57,335.40,0.9668,0.229013,0.698741
1786704016.903999,73.430386,2227,29.90,114.05,78.20,1.0000,0.178201,0.162909,146.71,335.10,0.9673,0.229234,0.698134
1786704016.932722,73.459109,2228,29.90,114.04,78.18,1.0000,0.178191,0.162878,146.76,335.10,0.9668,0.229313,0.698128
1786704016.961701,73.488087,2229,29.90,114.02,78.25,1.0000,0.178152,0.163026,146.76,335.29,0.9660,0.229312,0.698516
1786704017.001485,73.527872,2230,29.90,114.18,78.34,1.0000,0.178414,0.163215,146.98,335.09,0.9666,0.229658,0.698112
1786704017.031053,73.557440,2231,29.90,114.15,78.32,1.0000,0.178363,0.163171,146.98,335.20,0.9659,0.229662,0.698343
1786704017.067928,73.594315,2232,29.90,114.15,78.32,0.9999,0.178361,0.163164,146.97,335.25,0.9660,0.229638,0.698431
1786704017.099548,73.625935,2233,29.90,114.37,78.38,0.9999,0.178698,0.163288,146.72,335.49,0.9659,0.229243,0.698939
1786704017.139791,73.666178,2234,29.90,114.37,78.55,0.9999,0.178701,0.163642,146.73,335.09,0.9658,0.229268,0.698100
1786704017.171145,73.697532,2235,29.90,114.33,78.51,0.9999,0.178636,0.163560,146.84,334.51,0.9665,0.229442,0.696900
1786704017.213976,73.740363,2236,29.90,114.32,78.49,0.9999,0.178625,0.163525,146.94,334.35,0.9673,0.229592,0.696561
1786704017.232331,73.758718,2237,29.90,114.39,78.34,0.9999,0.178730,0.163216,147.17,333.75,0.9692,0.229955,0.695312
1786704017.275524,73.801910,2238,29.95,114.32,78.26,0.9999,0.178626,0.163044,147.06,334.07,0.9683,0.229787,0.695973
1786704017.295327,73.821713,2239,29.95,114.29,78.21,0.9999,0.178581,0.162930,147.07,334.21,0.9679,0.229792,0.696269
1786704017.334316,73.860703,2240,29.95,114.29,78.34,0.9999,0.178571,0.163202,147.07,334.24,0.9682,0.229804,0.696323
1786704017.365324,73.891711,2241,29.95,114.28,78.29,0.9999,0.178567,0.163114,147.05,334.27,0.9690,0.229773,0.696405
1786704017.394785,73.921172,2242,29.95,114.27,78.25,0.9999,0.178552,0.163029,146.99,334.23,0.9699,0.229667,0.696311
1786704017.497064,74.023451,2243,29.95,114.23,78.43,0.9999,0.178482,0.163386,146.99,334.69,0.9703,0.229666,0.697276
1786704017.514463,74.040850,2245,29.95,114.20,78.35,0.9999,0.178441,0.163223,146.92,334.27,0.9710,0.229563,0.696391
1786704017.547306,74.073693,2246,29.95,114.14,78.35,0.9999,0.178337,0.163220,146.97,333.83,0.9716,0.229633,0.695470
1786704017.575019,74.101406,2247,29.95,114.11,78.26,0.9999,0.178295,0.163039,147.25,333.82,0.9725,0.230077,0.695462
1786704017.607442,74.133829,2248,29.95,114.10,78.26,0.9999,0.178278,0.163039,147.39,334.47,0.9710,0.230293,0.696805
1786704017.641874,74.168261,2249,29.95,113.98,78.27,0.9999,0.178090,0.163063,147.38,334.41,0.9718,0.230274,0.696684
1786704017.670753,74.197140,2250,29.95,114.03,78.26,0.9999,0.178175,0.163037,147.30,334.52,0.9717,0.230151,0.696921
1786704017.694719,74.221106,2251,29.95,114.03,78.26,0.9999,0.178170,0.163035,147.34,335.18,0.9703,0.230222,0.698298
1786704017.730733,74.257120,2252,29.95,114.04,78.35,1.0000,0.178186,0.163236,147.30,335.23,0.9701,0.230152,0.698405
1786704017.782089,74.308475,2253,29.38,114.00,78.35,1.0000,0.178127,0.163236,147.14,335.33,0.9694,0.229900,0.698604
1786704017.816086,74.342473,2254,29.38,114.02,78.35,1.0000,0.178158,0.163235,147.05,335.37,0.9698,0.229760,0.698696
1786704017.829407,74.355794,2255,29.38,113.96,78.35,1.0000,0.178068,0.163226,147.00,335.45,0.9693,0.229692,0.698848
1786704017.868934,74.395321,2256,29.38,113.83,78.42,0.9999,0.177859,0.163382,147.00,335.10,0.9696,0.229682,0.698122
1786704017.911358,74.437745,2257,29.38,113.88,78.39,0.9999,0.177932,0.163305,146.85,334.56,0.9697,0.229454,0.697000
1786704017.926041,74.452428,2258,29.38,113.77,78.40,0.9999,0.177759,0.163327,146.88,334.55,0.9704,0.229503,0.696990
1786704017.971050,74.497437,2259,29.38,113.72,78.40,0.9999,0.177694,0.163325,146.97,334.27,0.9705,0.229642,0.696398
1786704017.989056,74.515442,2260,29.38,113.64,78.29,0.9999,0.177558,0.163111,146.97,334.38,0.9708,0.229634,0.696630
1786704018.026466,74.552853,2261,29.38,113.58,78.27,0.9999,0.177472,0.163070,146.94,334.46,0.9714,0.229589,0.696783
1786704018.071565,74.597952,2262,29.38,113.34,78.05,0.9999,0.177100,0.162613,147.00,333.69,0.9718,0.229695,0.695177
1786704018.114725,74.641112,2263,29.38,113.26,77.59,0.9999,0.176967,0.161638,147.26,333.86,0.9728,0.230089,0.695532
1786704018.146896,74.673282,2264,29.38,113.23,77.68,0.9999,0.176925,0.161836,147.23,334.02,0.9722,0.230045,0.695869
1786704018.162411,74.688797,2265,29.38,113.30,77.70,0.9999,0.177027,0.161883,147.18,334.17,0.9712,0.229972,0.696184
1786704018.218439,74.744826,2266,29.38,113.23,77.70,0.9999,0.176927,0.161875,147.17,334.16,0.9718,0.229956,0.696163
1786704018.236797,74.763183,2267,29.38,113.10,77.76,0.9999,0.176717,0.161991,147.15,334.47,0.9708,0.229917,0.696809
1786704018.268349,74.794736,2268,29.38,113.03,77.77,0.9999,0.176608,0.162027,147.03,334.67,0.9696,0.229740,0.697226
1786704018.297764,74.824151,2269,29.78,113.02,77.75,0.9999,0.176598,0.161986,146.98,334.70,0.9684,0.229653,0.697294
1786704018.331552,74.857939,2270,29.78,112.89,77.75,0.9999,0.176385,0.161980,146.92,334.99,0.9676,0.229559,0.697894
1786704018.362772,74.889159,2271,29.78,112.87,77.75,0.9999,0.176352,0.161979,147.01,334.84,0.9687,0.229705,0.697582
1786704018.393713,74.920100,2272,29.78,112.87,77.80,0.9999,0.176362,0.162074,147.06,334.66,0.9688,0.229780,0.697218
1786704018.439512,74.965899,2273,29.78,113.23,77.74,0.9999,0.176927,0.161966,147.03,334.53,0.9689,0.229740,0.696936
1786704018.466019,74.992406,2274,29.78,113.27,77.82,0.9999,0.176986,0.162134,146.97,334.78,0.9685,0.229634,0.697458
1786704018.500857,75.027244,2275,29.78,113.47,77.78,0.9999,0.177303,0.162037,146.85,335.23,0.9689,0.229448,0.698387
1786704018.527530,75.053916,2276,29.78,113.38,77.73,0.9999,0.177157,0.161937,146.69,335.25,0.9685,0.229208,0.698438
1786704018.576088,75.102475,2277,29.78,113.29,77.27,0.9999,0.177021,0.160973,146.67,335.13,0.9680,0.229170,0.698191
1786704018.591455,75.117842,2278,29.78,113.48,77.21,0.9999,0.177320,0.160856,146.60,335.21,0.9672,0.229062,0.698353
1786704018.631546,75.157933,2279,29.78,113.48,76.93,0.9999,0.177315,0.160267,146.56,335.44,0.9663,0.228995,0.698833
1786704018.655239,75.181626,2280,29.78,113.51,76.84,0.9999,0.177364,0.160082,146.60,335.31,0.9666,0.229069,0.698561
1786704018.713356,75.239743,2281,29.78,113.49,76.91,0.9999,0.177335,0.160228,146.76,335.17,0.9670,0.229312,0.698273
1786704018.722841,75.249228,2282,29.78,113.46,76.95,0.9999,0.177275,0.160321,146.73,335.28,0.9665,0.229260,0.698503
1786704018.776749,75.303136,2283,29.78,113.41,76.80,0.9999,0.177201,0.160006,146.75,335.13,0.9671,0.229293,0.698183
1786704018.805324,75.331711,2284,29.70,113.37,76.65,0.9999,0.177146,0.159679,146.67,335.11,0.9671,0.229168,0.698155
1786704018.847068,75.373455,2285,29.70,113.49,76.79,1.0000,0.177335,0.159985,146.83,334.88,0.9677,0.229415,0.697670
1786704018.876131,75.402518,2286,29.70,113.29,77.07,1.0000,0.177014,0.160566,146.81,334.95,0.9675,0.229394,0.697823
1786704018.891827,75.418214,2287,29.70,113.23,77.37,0.9999,0.176928,0.161192,146.69,335.05,0.9663,0.229209,0.698028
1786704018.931895,75.458282,2288,29.70,113.40,77.35,1.0000,0.177189,0.161156,146.68,334.97,0.9667,0.229195,0.697845
1786704018.977418,75.503805,2289,29.70,113.50,77.44,1.0000,0.177346,0.161337,146.72,335.13,0.9660,0.229256,0.698195
1786704019.003731,75.530117,2290,29.70,113.35,77.47,1.0000,0.177115,0.161405,146.73,335.10,0.9660,0.229266,0.698131
1786704019.038198,75.564585,2291,29.70,113.35,77.41,0.9999,0.177115,0.161276,146.67,335.03,0.9655,0.229175,0.697989
1786704019.067338,75.593724,2292,29.70,113.39,77.57,1.0000,0.177170,0.161598,147.19,334.93,0.9665,0.229986,0.697766
1786704019.098804,75.625191,2293,29.70,113.52,77.73,1.0000,0.177380,0.161943,147.10,335.04,0.9662,0.229843,0.698004
1786704019.136123,75.662510,2294,29.70,113.55,77.82,1.0000,0.177426,0.162129,147.09,335.06,0.9670,0.229823,0.698045
1786704019.176030,75.702416,2295,29.70,113.51,77.88,1.0000,0.177366,0.162259,147.02,335.26,0.9663,0.229717,0.698451
1786704019.202627,75.729014,2296,29.70,113.54,77.98,1.0000,0.177403,0.162467,146.95,335.43,0.9652,0.229608,0.698814
1786704019.247888,75.774275,2297,29.70,113.61,78.03,1.0000,0.177512,0.162559,146.95,335.45,0.9654,0.229608,0.698864
1786704019.267538,75.793925,2298,29.70,113.64,78.03,1.0000,0.177556,0.162564,146.73,335.48,0.9650,0.229260,0.698920
1786704019.296641,75.823028,2299,29.70,113.64,78.02,1.0000,0.177558,0.162548,146.73,335.41,0.9652,0.229273,0.698780
1786704019.338203,75.864590,2300,29.85,113.60,77.99,1.0000,0.177500,0.162471,146.74,335.28,0.9654,0.229276,0.698500
1786704019.362084,75.888471,2301,29.85,113.66,78.12,1.0000,0.177599,0.162745,146.61,335.29,0.9653,0.229074,0.698524
1786704019.395833,75.922220,2302,29.85,113.67,78.13,1.0000,0.177613,0.162778,146.62,335.31,0.9642,0.229092,0.698558
1786704019.432883,75.959270,2303,29.85,113.67,78.52,1.0000,0.177605,0.163580,146.77,335.03,0.9653,0.229332,0.697978
1786704019.469739,75.996126,2304,29.85,113.67,78.36,1.0000,0.177606,0.163260,146.71,335.08,0.9652,0.229234,0.698088
1786704019.504395,76.030781,2305,29.85,113.84,78.37,1.0000,0.177876,0.163261,146.72,334.93,0.9654,0.229251,0.697773
1786704019.528374,76.054761,2306,29.85,113.84,78.12,1.0000,0.177877,0.162753,146.87,334.74,0.9669,0.229481,0.697374
1786704019.569232,76.095619,2307,29.85,113.84,78.28,1.0000,0.177870,0.163076,146.88,334.72,0.9668,0.229504,0.697335
1786704019.597461,76.123848,2308,29.85,113.84,78.29,1.0000,0.177868,0.163102,146.89,334.72,0.9672,0.229519,0.697334
1786704019.629264,76.155650,2309,29.85,113.88,78.29,1.0000,0.177930,0.163105,146.79,334.94,0.9669,0.229363,0.697799
1786704019.666761,76.193148,2310,29.85,114.02,78.26,1.0000,0.178156,0.163032,146.79,335.01,0.9673,0.229356,0.697945
1786704019.698288,76.224675,2311,29.85,114.04,78.27,1.0000,0.178182,0.163061,147.04,334.81,0.9685,0.229744,0.697530
1786704019.767022,76.293409,2313,29.85,114.03,78.18,1.0000,0.178172,0.162870,146.96,335.40,0.9682,0.229631,0.698740
1786704019.803690,76.330077,2314,29.85,114.05,78.18,1.0000,0.178206,0.162878,146.96,335.38,0.9681,0.229624,0.698703
1786704019.832657,76.359044,2315,29.47,114.08,78.15,1.0000,0.178256,0.162820,146.92,335.55,0.9677,0.229563,0.699067
1786704019.864799,76.391185,2316,29.47,114.20,78.16,1.0000,0.178439,0.162836,146.93,335.10,0.9676,0.229575,0.698123
1786704019.918608,76.444995,2317,29.47,114.20,78.13,1.0000,0.178443,0.162761,146.96,335.21,0.9665,0.229632,0.698351
1786704019.940133,76.466520,2318,29.47,114.22,78.15,1.0000,0.178467,0.162817,147.10,335.07,0.9676,0.229838,0.698054
1786704019.965545,76.491932,2319,29.47,114.23,78.14,1.0000,0.178481,0.162801,146.91,335.58,0.9675,0.229541,0.699124
1786704020.019208,76.545595,2320,29.47,114.23,78.14,1.0000,0.178484,0.162791,146.88,335.62,0.9677,0.229493,0.699207
1786704020.058141,76.584528,2321,29.47,114.22,78.14,0.9999,0.178475,0.162786,146.84,335.51,0.9684,0.229445,0.698985
1786704020.070677,76.597063,2322,29.47,114.19,78.09,0.9999,0.178421,0.162685,146.85,335.47,0.9687,0.229452,0.698886
1786704020.115179,76.641566,2323,29.47,114.16,78.11,0.9999,0.178381,0.162729,146.92,335.37,0.9692,0.229560,0.698688
1786704020.134572,76.660959,2324,29.47,114.26,78.10,0.9999,0.178538,0.162709,146.92,335.33,0.9694,0.229569,0.698604
1786704020.167559,76.693946,2325,29.47,114.22,78.10,0.9999,0.178464,0.162716,146.99,334.99,0.9701,0.229668,0.697903
1786704020.200105,76.726492,2326,29.47,114.23,78.08,0.9999,0.178478,0.162676,146.99,334.99,0.9700,0.229667,0.697906
1786704020.231112,76.757498,2327,29.47,114.23,78.16,0.9999,0.178478,0.162832,147.02,334.95,0.9710,0.229724,0.697807
1786704020.263357,76.789743,2328,29.47,114.30,78.09,0.9999,0.178591,0.162686,147.06,334.94,0.9708,0.229776,0.697787
1786704020.295142,76.821529,2329,29.47,114.25,78.03,0.9999,0.178512,0.162560,147.06,335.06,0.9705,0.229781,0.698033
1786704020.333062,76.859449,2330,29.52,114.12,78.14,0.9999,0.178317,0.162790,147.05,335.10,0.9704,0.229767,0.698129
1786704020.348981,76.875368,2331,29.52,114.08,78.12,0.9999,0.178249,0.162744,147.04,335.33,0.9706,0.229747,0.698604
1786704020.407202,76.933588,2332,29.52,113.88,78.12,0.9999,0.177938,0.162749,146.97,335.71,0.9702,0.229643,0.699390
1786704020.433737,76.960124,2333,29.52,113.92,78.12,0.9999,0.178003,0.162748,146.96,335.70,0.9705,0.229631,0.699384
1786704020.475973,77.002359,2334,29.52,113.83,78.08,0.9999,0.177864,0.162670,146.95,335.73,0.9708,0.229612,0.699427
1786704020.496773,77.023160,2335,29.52,113.89,78.21,0.9999,0.177950,0.162946,146.93,335.74,0.9702,0.229581,0.699456
1786704020.529061,77.055448,2336,29.52,113.93,78.22,0.9999,0.178010,0.162950,146.91,335.96,0.9696,0.229550,0.699921
1786704020.563239,77.089626,2337,29.52,113.93,78.14,0.9999,0.178021,0.162789,146.87,335.67,0.9698,0.229478,0.699310
1786704020.595536,77.121922,2338,29.52,113.94,78.12,0.9999,0.178024,0.162754,146.82,335.72,0.9690,0.229407,0.699427
1786704020.646011,77.172397,2339,29.52,113.88,78.02,0.9999,0.177942,0.162533,146.77,336.15,0.9688,0.229327,0.700310
1786704020.672726,77.199113,2340,29.52,113.92,78.02,0.9999,0.178007,0.162547,146.65,336.31,0.9686,0.229136,0.700647
1786704020.696185,77.222572,2341,29.52,113.86,78.02,0.9999,0.177914,0.162538,146.64,336.25,0.9681,0.229129,0.700529
1786704020.736526,77.262912,2342,29.52,113.83,78.05,0.9999,0.177854,0.162595,146.61,336.24,0.9675,0.229082,0.700498
1786704020.778790,77.305177,2343,29.52,113.88,78.05,0.9999,0.177931,0.162605,146.61,336.16,0.9669,0.229083,0.700331
1786704020.798488,77.324875,2344,29.52,113.91,78.05,0.9999,0.177982,0.162601,146.65,336.15,0.9669,0.229147,0.700317
1786704020.829374,77.355761,2345,29.52,113.93,78.04,0.9999,0.178020,0.162589,146.63,336.10,0.9655,0.229117,0.700202
1786704020.863381,77.389768,2346,29.71,113.95,78.09,0.9999,0.178039,0.162680,146.64,335.87,0.9660,0.229118,0.699726
1786704020.907187,77.433573,2347,29.71,113.95,78.08,0.9999,0.178041,0.162666,146.79,335.71,0.9673,0.229362,0.699391
1786704020.937987,77.464374,2348,29.71,113.93,78.09,0.9999,0.178021,0.162691,146.76,335.85,0.9666,0.229307,0.699680
1786704020.975897,77.502284,2349,29.71,113.56,77.89,0.9999,0.177439,0.162267,146.84,335.60,0.9659,0.229440,0.699170
1786704021.001265,77.527652,2350,29.71,113.54,77.94,0.9999,0.177400,0.162371,146.91,335.55,0.9660,0.229544,0.699063
1786704021.037853,77.564239,2351,29.71,113.54,77.95,0.9999,0.177400,0.162394,146.78,335.86,0.9658,0.229338,0.699701
1786704021.069642,77.596029,2352,29.71,113.56,78.04,0.9999,0.177437,0.162582,146.79,335.56,0.9656,0.229353,0.699082
1786704021.123820,77.650207,2353,29.71,113.58,78.09,0.9999,0.177462,0.162692,146.88,335.50,0.9651,0.229493,0.698954
1786704021.134952,77.661339,2354,29.71,113.54,78.20,0.9999,0.177413,0.162917,146.88,335.45,0.9654,0.229497,0.698864
1786704021.168285,77.694672,2355,29.71,113.59,78.29,0.9999,0.177480,0.163110,146.98,335.54,0.9656,0.229659,0.699032
1786704021.205091,77.731478,2356,29.71,113.59,78.55,0.9999,0.177486,0.163637,147.02,335.49,0.9657,0.229721,0.698947
1786704021.235988,77.762375,2357,29.71,113.69,78.40,0.9999,0.177639,0.163333,146.93,335.65,0.9658,0.229579,0.699273
1786704021.273267,77.799654,2358,29.71,113.78,78.39,0.9999,0.177780,0.163314,146.95,335.62,0.9666,0.229614,0.699203
1786704021.289737,77.816123,2359,29.71,113.75,78.30,0.9999,0.177738,0.163126,147.12,335.17,0.9676,0.229882,0.698276
1786704021.374452,77.900839,2360,29.20,113.75,77.93,0.9999,0.177733,0.162355,147.07,335.16,0.9669,0.229798,0.698249
1786704021.377106,77.903492,2361,29.20,113.74,77.93,0.9999,0.177718,0.162356,146.92,335.32,0.9664,0.229567,0.698591
1786704021.400033,77.926419,2362,29.20,113.74,78.05,0.9999,0.177720,0.162597,147.01,335.32,0.9671,0.229710,0.698580
1786704021.433671,77.960058,2363,29.20,113.79,78.05,1.0000,0.177790,0.162596,147.18,334.48,0.9682,0.229966,0.696842
1786704021.479186,78.005573,2364,29.20,113.72,78.05,1.0000,0.177694,0.162597,146.61,334.81,0.9679,0.229078,0.697530
1786704021.494977,78.021364,2365,29.20,113.68,78.00,0.9999,0.177625,0.162506,146.66,335.37,0.9677,0.229156,0.698694
1786704021.534623,78.061010,2366,29.20,113.57,77.98,0.9999,0.177455,0.162463,146.72,334.98,0.9689,0.229249,0.697880
1786704021.626365,78.152752,2368,29.20,113.71,78.23,1.0000,0.177678,0.162971,146.68,335.83,0.9688,0.229181,0.699640
1786704021.642440,78.168827,2369,29.20,113.75,78.24,0.9999,0.177729,0.162990,146.67,335.90,0.9679,0.229180,0.699801
1786704021.677803,78.204190,2370,29.20,113.72,78.28,0.9999,0.177692,0.163078,146.70,335.91,0.9671,0.229226,0.699809
1786704021.725340,78.251727,2371,29.20,113.62,78.08,0.9999,0.177527,0.162675,146.93,335.89,0.9665,0.229574,0.699779
1786704021.741110,78.267497,2372,29.20,113.89,78.08,0.9999,0.177949,0.162670,146.85,335.86,0.9671,0.229461,0.699702
1786704021.788649,78.315036,2373,29.20,113.78,78.10,0.9999,0.177776,0.162709,146.88,335.82,0.9672,0.229496,0.699620
1786704021.804655,78.331042,2374,29.20,113.75,78.00,0.9999,0.177727,0.162500,146.89,335.52,0.9659,0.229519,0.698998
1786704021.836576,78.362963,2375,29.20,113.80,77.99,0.9999,0.177818,0.162476,146.82,335.60,0.9652,0.229404,0.699173
1786704021.854827,78.381214,2376,29.20,114.24,78.38,0.9999,0.178507,0.163287,146.79,335.77,0.9654,0.229358,0.699525
1786704021.904783,78.431170,2377,29.38,114.24,78.38,0.9999,0.178500,0.163283,146.83,335.53,0.9662,0.229418,0.699024
1786704021.954917,78.481304,2378,29.38,114.27,78.38,0.9999,0.178545,0.163287,146.76,335.07,0.9670,0.229313,0.698069
1786704021.969025,78.495412,2379,29.38,114.27,78.38,0.9999,0.178550,0.163286,147.02,335.51,0.9665,0.229723,0.698985
1786704022.005054,78.531440,2380,29.38,114.55,78.36,1.0000,0.178979,0.163247,146.98,335.31,0.9679,0.229662,0.698559
1786704022.028530,78.554917,2381,29.38,114.39,78.34,1.0000,0.178735,0.163199,146.87,335.37,0.9672,0.229482,0.698696
1786704022.073168,78.599555,2382,29.38,113.96,78.36,1.0000,0.178069,0.163251,146.84,335.38,0.9671,0.229436,0.698711
1786704022.095301,78.621688,2383,29.38,114.03,78.20,0.9999,0.178178,0.162915,146.87,335.38,0.9652,0.229485,0.698702
1786704022.140420,78.666807,2384,29.38,113.90,78.15,0.9999,0.177971,0.162815,146.86,335.37,0.9662,0.229475,0.698690
1786704022.163917,78.690304,2385,29.38,113.92,78.09,1.0000,0.177995,0.162694,146.94,335.36,0.9677,0.229594,0.698671
1786704022.195242,78.721629,2386,29.38,113.92,78.08,1.0000,0.177995,0.162669,146.98,335.37,0.9670,0.229661,0.698687
1786704022.229337,78.755724,2387,29.38,114.09,77.94,1.0000,0.178269,0.162372,146.99,335.64,0.9665,0.229674,0.699247
1786704022.273398,78.799784,2388,29.38,114.10,77.92,1.0000,0.178279,0.162325,147.18,335.67,0.9658,0.229961,0.699314
1786704022.293607,78.819994,2389,29.38,114.14,78.00,1.0000,0.178345,0.162499,147.26,335.18,0.9662,0.230101,0.698296
1786704022.333575,78.859962,2390,29.38,114.17,78.04,1.0000,0.178384,0.162580,147.24,335.19,0.9663,0.230060,0.698310
1786704022.376456,78.902843,2391,29.38,114.26,78.01,1.0000,0.178529,0.162525,147.20,335.44,0.9663,0.229999,0.698824
1786704022.396057,78.922444,2392,29.38,114.45,78.02,1.0000,0.178825,0.162546,147.00,335.44,0.9664,0.229682,0.698827
1786704022.436830,78.963217,2393,29.67,114.44,78.00,1.0000,0.178810,0.162497,146.91,335.41,0.9661,0.229548,0.698764
1786704022.471762,78.998149,2394,29.67,114.44,77.85,1.0000,0.178810,0.162180,147.11,335.27,0.9674,0.229863,0.698471
1786704022.500614,79.027001,2395,29.67,114.44,77.84,1.0000,0.178810,0.162170,147.16,335.24,0.9682,0.229933,0.698410
1786704022.516456,79.042843,2396,29.67,114.46,77.84,1.0000,0.178845,0.162163,147.07,335.05,0.9690,0.229795,0.698030
1786704022.555587,79.081974,2397,29.67,114.54,77.82,1.0000,0.178974,0.162128,147.04,335.00,0.9695,0.229746,0.697916
1786704022.628491,79.154878,2398,29.67,114.57,77.82,1.0000,0.179011,0.162123,147.12,335.05,0.9700,0.229871,0.698013
1786704022.644459,79.170846,2399,29.67,114.67,78.12,1.0000,0.179169,0.162756,147.14,335.13,0.9701,0.229899,0.698198
1786704022.676138,79.202525,2400,29.67,115.01,78.13,1.0000,0.179704,0.162770,147.16,334.91,0.9710,0.229941,0.697731
1786704022.691794,79.218181,2401,29.67,115.07,78.22,1.0000,0.179805,0.162957,147.10,335.09,0.9707,0.229847,0.698102
1786704022.739533,79.265920,2402,29.67,115.05,78.13,1.0000,0.179771,0.162768,147.09,335.11,0.9702,0.229825,0.698147
1786704022.759845,79.286232,2403,29.67,115.05,78.13,1.0000,0.179770,0.162771,147.04,335.20,0.9700,0.229755,0.698336
1786704022.800199,79.326585,2404,29.67,115.17,78.11,1.0000,0.179960,0.162738,147.04,334.93,0.9710,0.229757,0.697774
1786704022.835354,79.361741,2405,29.67,115.09,78.10,1.0000,0.179831,0.162700,147.06,335.08,0.9710,0.229777,0.698094
1786704022.866548,79.392935,2406,29.67,115.12,78.09,1.0000,0.179870,0.162696,147.04,335.06,0.9709,0.229746,0.698041
1786704022.900135,79.426522,2407,29.67,115.02,77.97,1.0000,0.179712,0.162428,147.10,335.32,0.9702,0.229845,0.698592
1786704022.937844,79.464231,2408,29.58,115.05,78.19,1.0000,0.179762,0.162906,146.99,335.38,0.9699,0.229679,0.698710
1786704022.961888,79.488275,2409,29.58,115.10,78.20,1.0000,0.179840,0.162914,147.00,335.48,0.9695,0.229681,0.698908
1786704023.008693,79.535079,2410,29.58,114.92,78.20,1.0000,0.179559,0.162908,146.99,335.79,0.9690,0.229676,0.699569
1786704023.026754,79.553141,2411,29.58,114.93,78.13,1.0000,0.179581,0.162771,147.04,335.40,0.9694,0.229749,0.698760
1786704023.067068,79.593454,2412,29.58,115.06,78.16,1.0000,0.179786,0.162831,146.93,335.59,0.9693,0.229580,0.699146
1786704023.101054,79.627441,2413,29.58,115.24,78.13,1.0000,0.180059,0.162767,146.93,335.70,0.9692,0.229574,0.699377
1786704023.129709,79.656096,2414,29.58,115.01,78.13,1.0000,0.179709,0.162778,147.01,335.69,0.9700,0.229708,0.699356
1786704023.159051,79.685437,2415,29.58,114.99,77.96,1.0000,0.179675,0.162412,147.01,335.31,0.9708,0.229702,0.698562
1786704023.196291,79.722677,2416,29.58,115.28,77.93,1.0000,0.180128,0.162354,147.00,335.51,0.9706,0.229693,0.698973
1786704023.230835,79.757222,2417,29.58,115.09,77.93,1.0000,0.179832,0.162345,147.06,335.42,0.9710,0.229780,0.698783
1786704023.265166,79.791553,2418,29.58,115.16,77.98,1.0000,0.179941,0.162466,147.24,335.04,0.9719,0.230059,0.698001
1786704023.294539,79.820926,2419,29.58,115.17,78.03,1.0000,0.179952,0.162555,147.19,334.96,0.9722,0.229977,0.697830
1786704023.331619,79.858006,2420,29.58,115.31,78.16,1.0000,0.180175,0.162827,147.11,335.47,0.9723,0.229859,0.698888
1786704023.363081,79.889468,2421,29.58,115.31,78.24,1.0000,0.180174,0.162993,146.94,335.53,0.9716,0.229588,0.699017
1786704023.397277,79.923664,2422,29.58,115.13,78.06,1.0000,0.179893,0.162618,146.87,335.07,0.9717,0.229492,0.698056
1786704023.431804,79.958191,2423,29.58,115.22,78.06,1.0000,0.180033,0.162621,146.88,335.09,0.9711,0.229499,0.698098
1786704023.460210,79.986597,2424,29.88,115.23,78.13,1.0000,0.180044,0.162772,146.83,335.44,0.9707,0.229423,0.698842
1786704023.494460,80.020846,2425,29.88,115.22,78.14,1.0000,0.180029,0.162782,146.82,335.44,0.9706,0.229411,0.698831
1786704023.528892,80.055279,2426,29.88,115.03,77.99,1.0000,0.179738,0.162477,146.59,335.61,0.9708,0.229054,0.699190
1786704023.570780,80.097166,2427,29.88,115.19,78.00,1.0000,0.179982,0.162506,147.04,335.47,0.9712,0.229754,0.698892
1786704023.595267,80.121653,2428,29.88,115.21,78.07,1.0000,0.180019,0.162640,147.01,335.47,0.9706,0.229704,0.698888
1786704023.629812,80.156199,2429,29.88,115.10,78.04,1.0000,0.179851,0.162580,147.04,335.41,0.9696,0.229743,0.698776
1786704023.676296,80.202683,2430,29.88,115.16,78.10,1.0000,0.179931,0.162698,147.03,335.57,0.9686,0.229731,0.699111
1786704023.702417,80.228804,2431,29.88,115.09,78.10,1.0000,0.179820,0.162704,147.01,335.63,0.9686,0.229704,0.699234
1786704023.734456,80.260843,2432,29.88,115.08,78.11,1.0000,0.179820,0.162721,147.03,335.54,0.9692,0.229741,0.699051
1786704023.768700,80.295087,2433,29.88,115.05,78.11,1.0000,0.179758,0.162726,147.03,335.40,0.9694,0.229727,0.698746
1786704023.797681,80.324068,2434,29.88,114.82,78.00,1.0000,0.179411,0.162495,147.04,335.35,0.9692,0.229754,0.698644
1786704023.840724,80.367111,2435,29.88,114.81,77.95,1.0000,0.179385,0.162404,147.04,335.34,0.9689,0.229742,0.698615
1786704023.918229,80.444616,2437,29.88,114.42,78.15,1.0000,0.178787,0.162802,146.85,335.35,0.9680,0.229457,0.698652
1786704023.925643,80.452030,2438,29.88,114.58,78.03,1.0000,0.179033,0.162554,146.91,335.39,0.9685,0.229546,0.698721
1786704023.972745,80.499132,2439,29.28,114.58,78.35,1.0000,0.179034,0.163222,146.93,335.35,0.9687,0.229582,0.698639
1786704024.009520,80.535907,2440,29.28,114.57,78.39,1.0000,0.179020,0.163316,146.96,335.10,0.9687,0.229629,0.698117
1786704024.038562,80.564949,2441,29.28,114.34,78.41,1.0000,0.178663,0.163349,146.97,335.04,0.9690,0.229641,0.697996
1786704024.067836,80.594222,2442,29.28,114.19,78.50,1.0000,0.178420,0.163537,147.10,335.14,0.9694,0.229841,0.698215
1786704024.099635,80.626022,2443,29.28,114.18,78.69,1.0000,0.178409,0.163928,146.89,335.19,0.9692,0.229516,0.698313
1786704024.115449,80.641836,2444,29.28,114.19,78.37,1.0000,0.178416,0.163276,146.99,334.29,0.9700,0.229673,0.696442
1786704024.174121,80.700508,2445,29.28,113.98,78.07,1.0000,0.178090,0.162650,146.98,334.60,0.9697,0.229655,0.697075
1786704024.195447,80.721834,2446,29.28,113.96,78.09,1.0000,0.178056,0.162688,147.04,334.63,0.9702,0.229747,0.697145
1786704024.232792,80.759179,2447,29.28,113.90,78.09,1.0000,0.177970,0.162691,146.95,334.99,0.9697,0.229607,0.697893
1786704024.263540,80.789927,2448,29.28,113.79,77.81,1.0000,0.177796,0.162100,146.87,334.98,0.9693,0.229486,0.697879
1786704024.296341,80.822728,2449,29.28,113.66,77.81,1.0000,0.177594,0.162110,146.94,334.60,0.9697,0.229590,0.697075
1786704024.330967,80.857354,2450,29.28,113.43,77.87,1.0000,0.177240,0.162238,146.79,334.99,0.9696,0.229361,0.697900
1786704024.370264,80.896650,2451,29.28,113.42,77.91,1.0000,0.177216,0.162304,146.68,334.99,0.9691,0.229190,0.697904
1786704024.401636,80.928022,2452,29.28,113.20,77.79,1.0000,0.176875,0.162063,146.73,334.81,0.9692,0.229259,0.697514
1786704024.436090,80.962476,2453,29.28,113.14,77.74,1.0000,0.176777,0.161952,146.73,334.78,0.9694,0.229260,0.697461
1786704024.467360,80.993747,2454,29.28,113.14,77.74,1.0000,0.176778,0.161955,146.70,334.87,0.9692,0.229214,0.697650
1786704024.501688,81.028075,2455,29.53,113.15,77.75,1.0000,0.176792,0.161983,146.64,335.05,0.9692,0.229119,0.698031
1786704024.528755,81.055142,2456,29.53,112.74,77.73,1.0000,0.176149,0.161948,146.63,335.08,0.9693,0.229115,0.698084
1786704024.586949,81.113336,2457,29.53,112.59,77.60,1.0000,0.175928,0.161675,146.64,335.24,0.9697,0.229128,0.698419
1786704024.595065,81.121452,2458,29.53,112.65,77.64,1.0000,0.176009,0.161740,146.83,335.21,0.9698,0.229421,0.698346
1786704024.638149,81.164535,2459,29.53,112.37,77.63,1.0000,0.175573,0.161739,146.74,335.01,0.9703,0.229280,0.697927
1786704024.678299,81.204686,2460,29.53,112.32,77.65,1.0000,0.175492,0.161770,146.84,334.86,0.9704,0.229439,0.697631
1786704024.710369,81.236756,2461,29.53,112.33,77.65,1.0000,0.175517,0.161770,146.86,334.86,0.9696,0.229469,0.697623
1786704024.742355,81.268742,2462,29.53,112.30,77.53,1.0000,0.175465,0.161527,146.86,334.98,0.9689,0.229465,0.697883
1786704024.777348,81.303735,2463,29.53,112.31,77.54,1.0000,0.175489,0.161534,146.81,335.25,0.9691,0.229396,0.698429
1786704024.795199,81.321586,2464,29.53,112.42,77.55,1.0000,0.175660,0.161553,146.95,334.84,0.9693,0.229613,0.697575
1786704024.842068,81.368455,2465,29.53,112.38,77.65,1.0000,0.175595,0.161771,147.11,334.69,0.9692,0.229865,0.697261
1786704024.876596,81.402982,2466,29.53,112.30,77.67,1.0000,0.175476,0.161815,147.17,334.50,0.9692,0.229960,0.696869
1786704024.902164,81.428551,2467,29.53,112.23,77.58,1.0000,0.175366,0.161618,146.98,334.80,0.9694,0.229657,0.697504
1786704024.931617,81.458004,2468,29.53,112.21,77.44,1.0000,0.175324,0.161332,146.99,334.80,0.9690,0.229676,0.697504
1786704024.963679,81.490066,2469,29.53,112.16,77.52,1.0000,0.175250,0.161509,146.92,335.13,0.9683,0.229568,0.698181
1786704024.997919,81.524305,2470,29.53,112.17,77.50,1.0000,0.175263,0.161467,146.85,335.25,0.9678,0.229447,0.698428
1786704025.042260,81.568646,2471,29.52,112.10,77.50,1.0000,0.175153,0.161458,146.85,335.28,0.9674,0.229457,0.698504
1786704025.077096,81.603482,2472,29.52,112.10,77.53,1.0000,0.175155,0.161525,146.91,335.29,0.9670,0.229551,0.698523
1786704025.095497,81.621883,2473,29.52,112.11,77.54,1.0000,0.175178,0.161535,147.03,334.93,0.9674,0.229734,0.697778
1786704025.135367,81.661754,2474,29.52,112.11,77.54,1.0000,0.175171,0.161536,147.00,334.94,0.9677,0.229692,0.697800
1786704025.190403,81.716790,2475,29.52,112.00,77.58,1.0000,0.175000,0.161624,146.90,335.04,0.9673,0.229532,0.697993
1786704025.200563,81.726949,2476,29.52,112.01,77.59,1.0000,0.175013,0.161637,146.89,335.09,0.9678,0.229521,0.698095
1786704025.238665,81.765051,2477,29.52,111.96,77.70,1.0000,0.174938,0.161865,146.94,335.16,0.9679,0.229587,0.698259
1786704025.278235,81.804622,2478,29.52,111.98,77.83,1.0000,0.174971,0.162147,147.20,334.73,0.9687,0.230005,0.697364
1786704025.301213,81.827600,2479,29.52,112.11,77.81,1.0000,0.175164,0.162096,147.18,334.58,0.9682,0.229968,0.697036
1786704025.343603,81.869989,2480,29.52,112.16,77.82,1.0000,0.175256,0.162129,147.36,334.48,0.9693,0.230250,0.696834
1786704025.373018,81.899405,2481,29.52,112.27,77.82,1.0000,0.175427,0.162126,147.37,334.61,0.9695,0.230272,0.697094
1786704025.395479,81.921866,2482,29.52,112.38,77.86,1.0000,0.175599,0.162199,147.41,334.56,0.9694,0.230328,0.697000
1786704025.446913,81.973300,2483,29.52,112.47,77.85,1.0000,0.175731,0.162193,147.12,334.73,0.9694,0.229872,0.697348
1786704025.471893,81.998280,2484,29.52,112.48,77.80,1.0000,0.175744,0.162082,147.30,334.04,0.9697,0.230158,0.695914
1786704025.498571,82.024958,2485,29.52,112.55,77.86,1.0000,0.175863,0.162200,147.18,334.42,0.9696,0.229973,0.696707
1786704025.549551,82.075937,2486,29.50,112.52,77.87,1.0000,0.175818,0.162225,147.17,334.75,0.9691,0.229946,0.697406
1786704025.566746,82.093133,2487,29.50,112.54,77.83,1.0000,0.175840,0.162145,147.15,334.80,0.9691,0.229917,0.697495
1786704025.605110,82.131497,2488,29.50,112.57,77.82,1.0000,0.175885,0.162131,147.26,334.40,0.9696,0.230089,0.696676
1786704025.637110,82.163496,2489,29.50,112.56,77.85,1.0000,0.175878,0.162194,147.25,334.37,0.9689,0.230077,0.696609
1786704025.656923,82.183309,2490,29.50,112.66,77.88,1.0000,0.176037,0.162253,147.06,334.58,0.9685,0.229779,0.697049
1786704025.708288,82.234675,2491,29.50,112.67,77.86,1.0000,0.176041,0.162201,147.02,334.81,0.9687,0.229712,0.697518
1786704025.748089,82.274476,2492,29.50,112.66,77.95,1.0000,0.176032,0.162398,147.25,334.78,0.9692,0.230076,0.697449
1786704025.764182,82.290568,2493,29.50,112.66,78.06,1.0000,0.176034,0.162617,147.21,334.50,0.9696,0.230017,0.696873
1786704025.779957,82.306344,2494,29.50,112.68,78.00,1.0000,0.176058,0.162505,147.19,334.54,0.9701,0.229988,0.696966
1786704025.833205,82.359592,2495,29.50,112.66,78.03,1.0000,0.176034,0.162559,147.12,334.58,0.9705,0.229872,0.697041
1786704025.875981,82.402368,2496,29.50,112.64,78.25,1.0000,0.176000,0.163025,147.09,334.63,0.9707,0.229824,0.697150
1786704025.896188,82.422575,2497,29.50,112.64,78.25,1.0000,0.176000,0.163016,147.09,334.58,0.9711,0.229825,0.697042
1786704025.931334,82.457721,2498,29.50,112.63,78.07,1.0000,0.175986,0.162640,147.00,334.55,0.9713,0.229687,0.696982
1786704025.971227,82.497614,2499,29.50,112.64,78.07,1.0000,0.176006,0.162641,146.94,334.81,0.9714,0.229589,0.697530
1786704026.002984,82.529371,2500,29.50,112.72,78.04,1.0000,0.176132,0.162586,146.93,334.93,0.9713,0.229584,0.697767
1786704026.034327,82.560714,2501,29.50,112.73,78.00,1.0000,0.176133,0.162491,146.87,335.14,0.9713,0.229491,0.698202
1786704026.050359,82.576746,2502,29.99,112.73,78.02,1.0000,0.176146,0.162537,146.83,335.13,0.9715,0.229428,0.698193
1786704026.098159,82.624545,2503,29.99,112.71,78.08,1.0000,0.176113,0.162670,146.81,335.32,0.9709,0.229391,0.698590
1786704026.114010,82.640396,2504,29.99,112.73,78.04,1.0000,0.176144,0.162581,146.77,335.39,0.9707,0.229324,0.698732
1786704026.175232,82.701619,2505,29.99,112.61,78.03,1.0000,0.175952,0.162565,146.75,335.31,0.9710,0.229296,0.698561
1786704026.201999,82.728386,2506,29.99,112.66,78.02,1.0000,0.176035,0.162545,146.86,335.05,0.9709,0.229476,0.698016
1786704026.240767,82.767153,2507,29.99,112.66,78.05,1.0000,0.176038,0.162594,146.85,335.00,0.9711,0.229459,0.697918
1786704026.277169,82.803555,2508,29.99,112.67,77.94,1.0000,0.176047,0.162369,146.98,334.81,0.9710,0.229658,0.697522
1786704026.303984,82.830370,2509,29.99,112.67,78.02,1.0000,0.176041,0.162542,147.16,334.60,0.9714,0.229930,0.697077
1786704026.352458,82.878845,2510,29.99,112.62,78.10,1.0000,0.175968,0.162702,146.99,334.73,0.9707,0.229672,0.697347
1786704026.368124,82.894511,2511,29.99,112.61,78.10,1.0000,0.175947,0.162700,146.98,334.80,0.9709,0.229656,0.697507
1786704026.398390,82.924776,2512,29.99,112.52,78.20,1.0000,0.175813,0.162914,146.93,334.83,0.9707,0.229580,0.697561
1786704026.469041,82.995428,2513,29.99,112.71,78.19,1.0000,0.176105,0.162901,146.83,335.26,0.9703,0.229419,0.698465
1786704026.479989,83.006376,2514,29.99,112.73,78.18,1.0000,0.176137,0.162867,146.86,335.18,0.9704,0.229461,0.698282
1786704026.498403,83.024790,2515,29.99,112.71,78.15,1.0000,0.176105,0.162815,146.84,335.23,0.9704,0.229430,0.698396
1786704026.539679,83.066066,2516,29.99,112.57,78.25,1.0000,0.175898,0.163024,146.85,335.33,0.9698,0.229458,0.698612
1786704026.574633,83.101020,2517,29.72,112.59,78.30,1.0000,0.175929,0.163116,146.94,335.63,0.9700,0.229596,0.699226
1786704026.598590,83.124977,2518,29.72,112.46,78.31,1.0000,0.175721,0.163141,147.00,335.25,0.9701,0.229691,0.698437
1786704026.633404,83.159791,2519,29.72,112.46,78.10,1.0000,0.175722,0.162699,146.96,335.27,0.9700,0.229624,0.698484
1786704026.664640,83.191027,2520,29.72,112.48,78.15,1.0000,0.175757,0.162814,146.95,335.29,0.9694,0.229610,0.698511
1786704026.701656,83.228043,2521,29.72,112.49,78.41,1.0000,0.175759,0.163350,146.95,335.21,0.9687,0.229607,0.698356
1786704026.717474,83.243860,2522,29.72,112.50,78.32,1.0000,0.175775,0.163161,146.88,335.23,0.9690,0.229498,0.698399
1786704026.768998,83.295385,2523,29.72,112.26,78.29,1.0000,0.175409,0.163104,147.09,334.68,0.9702,0.229825,0.697245
1786704026.790274,83.316661,2524,29.72,112.31,78.30,1.0000,0.175481,0.163126,147.02,334.71,0.9701,0.229716,0.697316
1786704026.828833,83.355220,2525,29.72,112.31,78.32,1.0000,0.175484,0.163164,146.93,334.80,0.9694,0.229584,0.697497
1786704026.865875,83.392262,2526,29.72,112.26,78.34,1.0000,0.175410,0.163206,146.90,334.91,0.9695,0.229528,0.697733
1786704026.899916,83.426302,2527,29.72,112.25,78.34,1.0000,0.175391,0.163210,146.85,335.01,0.9690,0.229459,0.697943
1786704026.926989,83.453375,2528,29.72,112.25,78.29,1.0000,0.175398,0.163102,146.78,334.98,0.9688,0.229345,0.697879
1786704026.970186,83.496573,2529,29.72,112.36,78.18,1.0000,0.175564,0.162883,146.75,335.13,0.9694,0.229302,0.698182
1786704027.015317,83.541703,2530,29.72,112.00,78.14,1.0000,0.174999,0.162799,146.80,335.19,0.9695,0.229367,0.698312
1786704027.044422,83.570808,2531,29.72,112.01,78.15,1.0000,0.175012,0.162812,146.76,335.38,0.9696,0.229320,0.698719
1786704027.065744,83.592131,2532,29.72,112.01,78.14,1.0000,0.175009,0.162798,146.75,335.41,0.9699,0.229301,0.698773
1786704027.107761,83.634148,2533,29.90,111.99,78.13,1.0000,0.174990,0.162777,146.47,335.38,0.9695,0.228859,0.698713
1786704027.138868,83.665255,2534,29.90,111.99,78.12,1.0000,0.174991,0.162758,146.49,335.34,0.9695,0.228896,0.698628
1786704027.170827,83.697214,2535,29.90,112.00,77.87,1.0000,0.174997,0.162221,146.49,335.39,0.9694,0.228891,0.698719
1786704027.201701,83.728087,2536,29.90,112.01,77.88,1.0000,0.175018,0.162247,146.49,335.52,0.9688,0.228888,0.698998
1786704027.249952,83.776339,2537,29.90,112.11,77.91,1.0000,0.175168,0.162313,146.43,335.84,0.9685,0.228804,0.699669
1786704027.272850,83.799237,2538,29.90,112.12,77.93,1.0000,0.175185,0.162352,146.39,335.87,0.9684,0.228733,0.699726
1786704027.318044,83.844431,2539,29.90,112.12,77.93,1.0000,0.175189,0.162353,146.35,335.85,0.9681,0.228666,0.699697
1786704027.333677,83.860063,2540,29.90,112.12,77.79,1.0000,0.175192,0.162053,146.38,335.95,0.9680,0.228721,0.699892
1786704027.373347,83.899733,2541,29.90,112.12,77.60,1.0000,0.175195,0.161676,146.35,335.90,0.9678,0.228669,0.699792
1786704027.412127,83.938514,2542,29.90,112.12,77.45,1.0000,0.175194,0.161346,146.23,335.90,0.9676,0.228480,0.699790
1786704027.443990,83.970377,2543,29.90,112.10,77.19,1.0000,0.175164,0.160817,146.21,335.90,0.9678,0.228456,0.699796
1786704027.476194,84.002581,2544,29.90,112.10,77.17,1.0000,0.175158,0.160774,146.30,335.96,0.9676,0.228592,0.699912
1786704027.504377,84.030764,2545,29.90,112.10,77.05,1.0000,0.175153,0.160525,146.31,335.17,0.9674,0.228614,0.698279
1786704027.543506,84.069893,2546,29.90,112.09,77.09,1.0000,0.175135,0.160600,146.83,334.60,0.9683,0.229421,0.697089
1786704027.566522,84.092909,2547,29.90,112.06,77.21,1.0000,0.175094,0.160856,146.85,334.79,0.9681,0.229456,0.697487
1786704027.590651,84.117038,2548,29.77,112.07,77.36,1.0000,0.175113,0.161166,147.01,334.65,0.9681,0.229701,0.697183
1786704027.632675,84.159062,2549,29.77,112.07,77.38,1.0000,0.175108,0.161212,147.00,334.57,0.9679,0.229691,0.697014
1786704027.663784,84.190171,2550,29.77,112.03,77.40,1.0000,0.175053,0.161244,147.16,334.56,0.9683,0.229936,0.697003
1786704027.735723,84.262110,2551,29.77,112.00,77.69,1.0000,0.174999,0.161852,146.92,335.07,0.9681,0.229561,0.698061
1786704027.745939,84.272326,2552,29.77,112.01,77.73,1.0000,0.175013,0.161934,146.90,335.12,0.9680,0.229539,0.698175
1786704027.776215,84.302602,2553,29.77,112.01,77.66,1.0000,0.175014,0.161782,146.88,335.00,0.9677,0.229502,0.697919
1786704027.793770,84.320157,2554,29.77,111.88,77.53,1.0000,0.174814,0.161513,146.97,334.56,0.9690,0.229637,0.696993
1786704027.825921,84.352308,2555,29.77,111.92,77.57,1.0000,0.174880,0.161613,147.24,334.48,0.9694,0.230069,0.696843
1786704027.862490,84.388877,2556,29.77,111.96,77.73,1.0000,0.174931,0.161941,147.21,334.55,0.9693,0.230022,0.696979
1786704027.894803,84.421190,2557,29.77,111.84,77.64,1.0000,0.174747,0.161748,147.23,334.55,0.9695,0.230043,0.696969
1786704027.936199,84.462586,2558,29.77,111.75,77.59,1.0000,0.174603,0.161653,147.08,334.52,0.9698,0.229807,0.696919
1786704027.963212,84.489599,2559,29.77,111.82,77.60,1.0000,0.174726,0.161664,147.28,334.61,0.9699,0.230132,0.697097
1786704028.005374,84.531761,2560,29.77,111.79,77.60,1.0000,0.174664,0.161667,146.90,334.77,0.9699,0.229536,0.697445
1786704028.042323,84.568710,2561,29.77,111.78,77.58,1.0000,0.174660,0.161625,146.89,334.77,0.9699,0.229513,0.697439
1786704028.058061,84.584448,2562,29.77,111.78,77.58,1.0000,0.174651,0.161621,146.88,334.79,0.9696,0.229507,0.697488
1786704028.100297,84.626683,2563,29.77,111.78,77.51,1.0000,0.174654,0.161473,146.94,334.77,0.9699,0.229588,0.697440
1786704028.132699,84.659086,2564,29.98,111.81,77.55,1.0000,0.174706,0.161564,147.26,334.50,0.9698,0.230100,0.696874
1786704028.163855,84.690242,2565,29.98,111.79,77.65,1.0000,0.174671,0.161777,147.17,334.64,0.9699,0.229956,0.697160
1786704028.202031,84.728418,2566,29.98,111.51,77.58,1.0000,0.174235,0.161624,147.16,334.87,0.9699,0.229938,0.697649
1786704028.246086,84.772473,2567,29.98,111.52,77.64,1.0000,0.174245,0.161758,147.07,334.91,0.9702,0.229798,0.697729
1786704028.262417,84.788804,2568,29.98,111.52,77.72,1.0000,0.174244,0.161912,147.05,334.97,0.9698,0.229769,0.697854
1786704028.294043,84.820430,2569,29.98,111.47,77.88,1.0000,0.174170,0.162251,146.94,334.94,0.9696,0.229587,0.697786
1786704028.329964,84.856351,2570,29.98,111.46,77.92,1.0000,0.174162,0.162328,146.96,335.17,0.9685,0.229623,0.698271
1786704028.361339,84.887726,2571,29.98,111.50,77.93,1.0000,0.174221,0.162347,147.01,335.13,0.9682,0.229704,0.698181
1786704028.405557,84.931944,2572,29.98,111.51,78.04,1.0000,0.174240,0.162574,146.84,335.12,0.9682,0.229438,0.698160
1786704028.446267,84.972653,2573,29.98,111.55,78.06,1.0000,0.174299,0.162631,146.76,335.12,0.9675,0.229308,0.698159
1786704028.473155,84.999542,2574,29.98,111.56,78.00,1.0000,0.174311,0.162497,146.74,335.10,0.9675,0.229278,0.698116
1786704028.505168,85.031555,2575,29.98,111.54,77.95,1.0000,0.174287,0.162400,146.78,334.77,0.9680,0.229346,0.697444
1786704028.526624,85.053010,2576,29.98,111.54,77.96,1.0000,0.174276,0.162425,146.78,334.98,0.9675,0.229345,0.697871
1786704028.573488,85.099874,2577,29.98,111.67,77.95,1.0000,0.174480,0.162392,146.80,334.97,0.9674,0.229379,0.697865
1786704028.615525,85.141911,2578,29.98,111.67,77.95,1.0000,0.174482,0.162397,146.84,334.97,0.9670,0.229445,0.697846
1786704028.649795,85.176182,2579,29.77,111.66,77.92,1.0000,0.174472,0.162332,146.85,335.07,0.9668,0.229450,0.698053
1786704028.696148,85.222535,2580,29.77,111.72,78.09,1.0000,0.174570,0.162695,146.44,335.43,0.9665,0.228807,0.698821
1786704028.713228,85.239615,2581,29.77,111.76,78.14,1.0000,0.174620,0.162788,146.34,335.34,0.9663,0.228661,0.698633
1786704028.742836,85.269223,2582,29.77,111.76,78.14,1.0000,0.174621,0.162787,146.44,335.25,0.9664,0.228806,0.698431
1786704028.758302,85.284688,2583,29.77,111.77,78.14,1.0000,0.174641,0.162797,146.71,335.01,0.9671,0.229237,0.697948
1786704028.808286,85.334673,2584,29.77,112.00,78.28,1.0000,0.174998,0.163093,146.77,335.05,0.9669,0.229328,0.698029
1786704028.840368,85.366755,2585,29.77,112.01,78.28,1.0000,0.175017,0.163091,146.77,335.10,0.9667,0.229321,0.698127
1786704028.872228,85.398615,2586,29.77,112.01,78.00,1.0000,0.175022,0.162498,146.77,334.92,0.9669,0.229327,0.697746
1786704028.903982,85.430369,2587,29.77,111.97,78.01,1.0000,0.174956,0.162519,146.93,334.81,0.9678,0.229583,0.697527
1786704028.949043,85.475430,2588,29.77,112.08,78.01,0.9999,0.175118,0.162529,146.78,335.19,0.9668,0.229345,0.698323
1786704028.964525,85.490911,2589,29.77,112.08,78.02,1.0000,0.175118,0.162534,146.79,335.20,0.9671,0.229355,0.698334
1786704029.042160,85.568547,2590,29.77,112.13,78.00,1.0000,0.175207,0.162499,146.98,334.57,0.9678,0.229658,0.697025
1786704029.054618,85.581005,2591,29.77,112.17,78.00,1.0000,0.175265,0.162499,147.03,334.55,0.9684,0.229734,0.696975
1786704029.059983,85.586370,2592,29.77,112.24,78.14,1.0000,0.175382,0.162782,146.98,334.91,0.9682,0.229658,0.697737
1786704029.102821,85.629208,2593,29.77,112.22,78.04,1.0000,0.175351,0.162578,146.94,334.94,0.9681,0.229594,0.697798
1786704029.139394,85.665781,2594,29.77,112.24,78.07,1.0000,0.175378,0.162645,147.01,334.74,0.9687,0.229701,0.697377
1786704029.154555,85.680941,2595,29.98,112.24,77.95,1.0000,0.175372,0.162391,147.08,334.65,0.9685,0.229808,0.697197
1786704029.203108,85.729495,2596,29.98,112.20,77.95,1.0000,0.175314,0.162393,147.14,334.63,0.9687,0.229901,0.697141
1786704029.249204,85.775591,2597,29.98,112.12,77.88,1.0000,0.175180,0.162255,146.88,334.96,0.9680,0.229495,0.697839
1786704029.264475,85.790862,2598,29.98,112.16,77.84,1.0000,0.175256,0.162164,146.97,334.96,0.9682,0.229633,0.697840
1786704029.298800,85.825187,2599,29.98,112.24,77.87,1.0000,0.175371,0.162239,147.08,334.84,0.9690,0.229809,0.697591
1786704029.344325,85.870712,2600,29.98,112.23,77.88,1.0000,0.175361,0.162244,147.10,334.58,0.9694,0.229851,0.697034
1786704029.367009,85.893395,2601,29.98,112.25,77.83,1.0000,0.175395,0.162136,147.12,334.57,0.9698,0.229869,0.697021
1786704029.403001,85.929388,2602,29.98,112.40,77.87,1.0000,0.175617,0.162220,147.22,334.25,0.9709,0.230030,0.696364
1786704029.430775,85.957162,2603,29.98,112.39,77.86,1.0000,0.175610,0.162198,147.21,334.47,0.9699,0.230022,0.696822
1786704029.464894,85.991280,2604,29.98,112.43,77.85,1.0000,0.175669,0.162197,147.19,334.16,0.9707,0.229983,0.696166
1786704029.499832,86.026219,2605,29.98,112.44,77.96,1.0000,0.175689,0.162418,147.15,334.35,0.9699,0.229929,0.696569
1786704029.533689,86.060076,2606,29.98,112.47,78.10,0.9999,0.175727,0.162709,147.07,334.66,0.9695,0.229799,0.697215
1786704029.575759,86.102146,2607,29.98,112.59,78.11,1.0000,0.175917,0.162723,147.23,334.60,0.9698,0.230044,0.697074
1786704029.595871,86.122258,2608,29.98,112.59,78.11,1.0000,0.175919,0.162726,147.23,334.61,0.9697,0.230042,0.697112
1786704029.628342,86.154728,2609,29.98,112.59,78.10,1.0000,0.175928,0.162707,147.23,334.52,0.9701,0.230047,0.696917
1786704029.671635,86.198021,2610,29.94,112.62,77.99,1.0000,0.175973,0.162483,147.26,334.53,0.9707,0.230094,0.696942
1786704029.711426,86.237813,2611,29.94,112.69,78.00,1.0000,0.176076,0.162501,147.29,334.55,0.9707,0.230141,0.696989
1786704029.725808,86.252195,2612,29.94,112.69,77.99,1.0000,0.176079,0.162470,147.23,334.64,0.9704,0.230047,0.697162
1786704029.767110,86.293497,2613,29.94,112.73,77.96,1.0000,0.176136,0.162425,147.21,334.81,0.9698,0.230021,0.697521
1786704029.815314,86.341701,2614,29.94,112.65,77.92,1.0000,0.176020,0.162341,147.12,334.94,0.9688,0.229873,0.697785
1786704029.830973,86.357360,2615,29.94,112.68,77.94,1.0000,0.176070,0.162371,147.11,335.15,0.9686,0.229861,0.698227
1786704029.863130,86.389517,2616,29.94,112.69,77.93,1.0000,0.176072,0.162358,147.12,335.13,0.9689,0.229873,0.698177
1786704029.895050,86.421436,2617,29.94,112.73,77.91,1.0000,0.176135,0.162311,147.14,335.05,0.9688,0.229906,0.698013
1786704029.942053,86.468440,2618,29.94,112.81,78.00,1.0000,0.176262,0.162500,147.23,334.89,0.9695,0.230041,0.697686
1786704029.974157,86.500543,2619,29.94,112.79,78.09,1.0000,0.176239,0.162680,147.05,335.42,0.9688,0.229763,0.698798
1786704029.991835,86.518222,2620,29.94,112.86,78.09,1.0000,0.176344,0.162692,147.08,335.28,0.9695,0.229816,0.698500
1786704030.028558,86.554945,2621,29.94,112.85,77.94,1.0000,0.176322,0.162385,147.09,335.28,0.9699,0.229822,0.698501
1786704030.069467,86.595853,2622,29.94,112.83,78.02,1.0000,0.176291,0.162533,147.14,335.33,0.9702,0.229907,0.698608
1786704030.100833,86.627220,2623,29.94,112.83,78.13,1.0000,0.176304,0.162763,147.12,335.46,0.9696,0.229882,0.698885
1786704030.137987,86.664374,2624,29.94,112.79,78.12,1.0000,0.176231,0.162746,147.00,335.44,0.9697,0.229689,0.698824
1786704030.180711,86.707097,2625,29.84,112.80,78.06,1.0000,0.176251,0.162634,147.12,334.90,0.9704,0.229867,0.697700
1786704030.196440,86.722827,2626,29.84,112.85,78.06,1.0000,0.176333,0.162626,147.12,334.83,0.9708,0.229868,0.697561
1786704030.231020,86.757407,2627,29.84,112.88,78.04,1.0000,0.176368,0.162584,147.07,334.86,0.9705,0.229799,0.697629
1786704030.289273,86.815660,2628,29.84,112.91,78.04,1.0000,0.176424,0.162578,147.08,334.74,0.9706,0.229820,0.697373
1786704030.308164,86.834551,2629,29.84,112.90,77.98,1.0000,0.176411,0.162459,147.00,334.79,0.9706,0.229684,0.697478
1786704030.339801,86.866188,2630,29.84,112.91,77.98,1.0000,0.176427,0.162458,146.99,334.80,0.9706,0.229673,0.697503
1786704030.357869,86.884256,2631,29.84,112.72,77.96,1.0000,0.176130,0.162411,146.91,334.67,0.9705,0.229554,0.697236
1786704030.401963,86.928350,2632,29.84,112.69,77.97,1.0000,0.176082,0.162439,146.81,334.41,0.9711,0.229395,0.696698
1786704030.435666,86.962053,2633,29.84,112.71,77.99,1.0000,0.176104,0.162472,146.97,334.42,0.9717,0.229634,0.696710
1786704030.474925,87.001312,2634,29.84,112.51,77.91,1.0000,0.175797,0.162304,147.02,334.45,0.9716,0.229717,0.696781
1786704030.487273,87.013660,2635,29.84,112.52,77.87,1.0000,0.175813,0.162234,147.02,334.47,0.9713,0.229725,0.696810
1786704030.542618,87.069004,2636,29.84,112.32,77.90,1.0000,0.175506,0.162289,146.99,334.47,0.9716,0.229669,0.696811
1786704030.571139,87.097525,2637,29.84,112.45,77.90,1.0000,0.175701,0.162299,147.02,334.48,0.9713,0.229712,0.696825
1786704030.600194,87.126581,2638,29.84,112.41,77.88,1.0000,0.175639,0.162260,147.06,334.47,0.9713,0.229775,0.696808
1786704030.634347,87.160734,2639,29.84,112.29,77.88,1.0000,0.175457,0.162259,147.04,334.61,0.9713,0.229755,0.697104
1786704030.670922,87.197309,2640,29.84,112.39,78.04,1.0000,0.175608,0.162581,146.98,334.82,0.9707,0.229652,0.697544
1786704030.707753,87.234140,2641,29.96,112.41,78.04,1.0000,0.175637,0.162590,147.04,334.90,0.9705,0.229747,0.697714
1786704030.727957,87.254343,2642,29.96,112.27,78.00,1.0000,0.175424,0.162502,147.22,334.15,0.9714,0.230037,0.696151
1786704030.776059,87.302446,2643,29.96,112.27,77.88,1.0000,0.175425,0.162253,147.12,334.45,0.9707,0.229868,0.696765
1786704030.802418,87.328805,2644,29.96,112.04,77.96,1.0000,0.175056,0.162414,147.12,334.62,0.9706,0.229869,0.697133
1786704030.839463,87.365850,2645,29.96,112.03,78.00,1.0000,0.175048,0.162499,147.21,334.64,0.9704,0.230010,0.697157
1786704030.860013,87.386400,2646,29.96,112.08,77.91,1.0000,0.175120,0.162315,147.26,334.45,0.9700,0.230101,0.696768
1786704030.895479,87.421865,2647,29.96,112.07,77.95,1.0000,0.175116,0.162406,147.22,334.48,0.9699,0.230025,0.696839
1786704030.943143,87.469530,2648,29.96,112.06,78.02,1.0000,0.175099,0.162538,147.11,334.58,0.9699,0.229867,0.697040
1786704030.963959,87.490346,2649,29.96,112.03,78.01,1.0000,0.175041,0.162524,147.15,334.67,0.9702,0.229921,0.697224
1786704031.004791,87.531178,2650,29.96,112.02,77.87,1.0000,0.175037,0.162224,146.89,334.83,0.9700,0.229519,0.697570
1786704031.039066,87.565452,2651,29.96,111.94,77.87,1.0000,0.174900,0.162226,146.87,334.97,0.9697,0.229488,0.697846
1786704031.073311,87.599698,2652,29.96,111.89,77.96,1.0000,0.174836,0.162408,146.84,334.95,0.9697,0.229431,0.697809
1786704031.104896,87.631283,2653,29.96,111.90,77.96,1.0000,0.174837,0.162410,146.77,335.04,0.9699,0.229327,0.697996
1786704031.144253,87.670640,2654,29.96,111.70,77.48,1.0000,0.174525,0.161412,146.84,334.89,0.9697,0.229434,0.697680
1786704031.170623,87.697010,2655,29.96,111.76,77.35,1.0000,0.174624,0.161155,147.12,334.80,0.9707,0.229868,0.697505
1786704031.198395,87.724782,2656,29.96,111.74,77.33,1.0000,0.174593,0.161105,147.21,334.92,0.9707,0.230010,0.697748
1786704031.245761,87.772148,2657,29.95,111.78,77.40,1.0000,0.174655,0.161251,146.93,334.98,0.9706,0.229580,0.697874
1786704031.266000,87.792387,2658,29.95,111.49,77.40,1.0000,0.174197,0.161255,146.85,334.98,0.9706,0.229445,0.697872
1786704031.303287,87.829674,2659,29.95,111.40,77.40,1.0000,0.174056,0.161242,146.70,335.11,0.9701,0.229226,0.698147
1786704031.337353,87.863740,2660,29.95,111.39,77.39,1.0000,0.174055,0.161233,146.79,335.07,0.9696,0.229356,0.698071
1786704031.368505,87.894892,2661,29.95,111.34,77.38,1.0000,0.173968,0.161210,146.79,335.11,0.9695,0.229353,0.698147
1786704031.403528,87.929915,2662,29.95,111.24,77.37,1.0000,0.173816,0.161184,146.89,335.02,0.9690,0.229519,0.697967
1786704031.435426,87.961812,2663,29.95,111.33,77.28,1.0000,0.173949,0.160994,146.93,335.17,0.9694,0.229575,0.698270
1786704031.508638,88.035025,2665,29.95,111.29,77.42,1.0000,0.173895,0.161282,146.61,335.36,0.9692,0.229079,0.698676
1786704031.534240,88.060627,2666,29.95,111.38,77.42,1.0000,0.174027,0.161283,146.64,335.31,0.9691,0.229124,0.698559
1786704031.580546,88.106933,2667,29.95,111.40,77.65,1.0000,0.174068,0.161777,146.71,335.32,0.9685,0.229238,0.698590
1786704031.589240,88.115627,2668,29.95,111.41,77.66,1.0000,0.174082,0.161800,146.67,335.37,0.9683,0.229176,0.698679
1786704031.626220,88.152607,2669,29.95,111.49,77.78,1.0000,0.174200,0.162043,146.36,335.32,0.9678,0.228684,0.698586
1786704031.664229,88.190616,2670,29.95,111.61,77.85,1.0000,0.174384,0.162178,146.71,334.98,0.9683,0.229241,0.697875
1786704031.701097,88.227483,2671,29.95,111.74,77.88,1.0000,0.174600,0.162258,146.54,335.02,0.9679,0.228975,0.697962
1786704031.738474,88.264861,2672,29.95,111.82,77.90,1.0000,0.174718,0.162300,146.58,334.96,0.9680,0.229037,0.697825
1786704031.767308,88.293695,2673,29.68,111.82,77.89,1.0000,0.174722,0.162272,146.58,334.95,0.9679,0.229038,0.697810
1786704031.797328,88.323714,2674,29.68,111.89,77.91,1.0000,0.174821,0.162315,146.64,334.95,0.9680,0.229130,0.697819
1786704031.828845,88.355232,2675,29.68,111.91,77.97,1.0000,0.174861,0.162440,147.07,334.51,0.9689,0.229803,0.696892
1786704031.863091,88.389478,2676,29.68,111.91,77.97,1.0000,0.174864,0.162444,146.99,334.49,0.9689,0.229673,0.696855
1786704031.902246,88.428632,2677,29.68,111.95,77.94,1.0000,0.174918,0.162381,147.07,334.37,0.9694,0.229802,0.696605
1786704031.931697,88.458084,2678,29.68,111.95,78.01,1.0000,0.174919,0.162527,147.08,334.64,0.9695,0.229805,0.697175
1786704031.970561,88.496947,2679,29.68,111.95,78.15,1.0000,0.174922,0.162805,147.07,334.62,0.9697,0.229801,0.697129
1786704031.996558,88.522945,2680,29.68,111.96,78.12,1.0000,0.174930,0.162740,147.09,334.76,0.9694,0.229821,0.697419
1786704032.033973,88.560360,2681,29.68,112.15,78.12,1.0000,0.175236,0.162743,146.97,334.61,0.9695,0.229641,0.697109
1786704032.049648,88.576035,2682,29.68,112.15,78.13,1.0000,0.175240,0.162770,146.79,334.88,0.9695,0.229366,0.697675
1786704032.097039,88.623425,2683,29.68,112.24,78.12,1.0000,0.175370,0.162758,146.95,334.58,0.9701,0.229616,0.697048
1786704032.128894,88.655281,2684,29.68,112.16,78.06,1.0000,0.175245,0.162633,146.97,334.57,0.9700,0.229636,0.697015
1786704032.163176,88.689562,2685,29.68,112.16,77.95,1.0000,0.175251,0.162401,147.03,334.21,0.9705,0.229731,0.696275
1786704032.209618,88.736004,2686,29.68,112.16,77.85,1.0000,0.175253,0.162195,147.02,334.42,0.9706,0.229716,0.696699
1786704032.230408,88.756794,2687,29.68,112.16,77.85,1.0000,0.175254,0.162195,146.86,334.59,0.9701,0.229464,0.697055
1786704032.267429,88.793816,2688,29.68,112.22,77.81,1.0000,0.175341,0.162108,147.09,334.33,0.9705,0.229825,0.696522
1786704032.302635,88.829022,2689,29.72,112.20,78.09,1.0000,0.175309,0.162683,146.97,334.78,0.9702,0.229635,0.697452
1786704032.336419,88.862805,2690,29.72,112.20,78.13,1.0000,0.175319,0.162774,146.87,335.04,0.9699,0.229482,0.697999
1786704032.364202,88.890589,2691,29.72,112.20,78.13,1.0000,0.175319,0.162773,146.86,335.08,0.9699,0.229466,0.698073
1786704032.399956,88.926342,2692,29.72,112.28,78.15,1.0000,0.175432,0.162812,146.86,335.19,0.9694,0.229464,0.698309
1786704032.436625,88.963012,2693,29.72,112.29,78.17,1.0000,0.175446,0.162860,146.93,335.17,0.9696,0.229574,0.698278
1786704032.466000,88.992387,2694,29.72,112.33,78.14,1.0000,0.175515,0.162799,146.93,335.05,0.9697,0.229579,0.698016
1786704032.500584,89.026970,2695,29.72,112.32,78.24,1.0000,0.175501,0.162991,146.93,335.16,0.9696,0.229572,0.698246
1786704032.540804,89.067191,2696,29.72,112.31,78.28,1.0000,0.175487,0.163078,146.91,335.19,0.9694,0.229540,0.698312
1786704032.572046,89.098433,2697,29.72,112.32,78.40,1.0000,0.175493,0.163334,146.92,335.35,0.9694,0.229568,0.698643
1786704032.606874,89.133260,2698,29.72,112.31,78.43,1.0000,0.175492,0.163396,146.87,335.32,0.9693,0.229491,0.698586
1786704032.622121,89.148508,2699,29.72,112.26,78.40,1.0000,0.175412,0.163336,147.00,335.02,0.9699,0.229686,0.697956
1786704032.669628,89.196014,2700,29.72,112.14,78.36,1.0000,0.175220,0.163249,146.94,334.95,0.9701,0.229598,0.697809
1786704032.688017,89.214404,2701,29.72,112.15,78.31,1.0000,0.175234,0.163145,147.07,334.51,0.9708,0.229795,0.696893
1786704032.736317,89.262704,2702,29.72,112.15,78.25,1.0000,0.175232,0.163026,146.95,334.92,0.9700,0.229613,0.697746
1786704032.749830,89.276217,2703,29.72,112.14,78.11,1.0000,0.175217,0.162733,146.93,334.96,0.9692,0.229571,0.697829
1786704032.800524,89.326911,2704,29.72,112.04,77.83,1.0000,0.175069,0.162138,146.75,334.96,0.9702,0.229299,0.697832
1786704032.887632,89.414019,2705,29.23,112.00,77.77,1.0000,0.174996,0.162028,146.77,334.95,0.9707,0.229326,0.697818
1786704032.904510,89.430897,2707,29.23,111.93,77.80,1.0000,0.174898,0.162074,146.79,334.96,0.9713,0.229353,0.697843
1786704032.940297,89.466684,2708,29.23,111.95,77.78,1.0000,0.174918,0.162038,146.77,335.14,0.9710,0.229334,0.698211
1786704032.971679,89.498066,2709,29.23,111.95,77.73,1.0000,0.174927,0.161942,146.76,335.18,0.9714,0.229310,0.698290
1786704033.000761,89.527148,2710,29.23,111.95,77.76,1.0000,0.174928,0.162002,146.84,335.24,0.9714,0.229440,0.698427
1786704033.034902,89.561288,2711,29.23,111.93,77.77,1.0000,0.174893,0.162018,146.81,335.25,0.9717,0.229397,0.698442
1786704033.070874,89.597260,2712,29.23,111.97,78.07,1.0000,0.174951,0.162638,146.86,335.03,0.9722,0.229470,0.697979
1786704033.105030,89.631417,2713,29.23,111.98,78.08,1.0000,0.174969,0.162674,146.71,335.04,0.9717,0.229240,0.697991
1786704033.136737,89.663124,2714,29.23,111.98,78.08,1.0000,0.174969,0.162663,146.53,335.09,0.9716,0.228946,0.698106
1786704033.178730,89.705117,2715,29.23,112.00,78.14,1.0000,0.175006,0.162788,146.52,334.97,0.9713,0.228930,0.697858
1786704033.193951,89.720337,2716,29.23,112.00,78.27,1.0000,0.175004,0.163062,146.49,335.03,0.9712,0.228894,0.697986
1786704033.227860,89.754247,2717,29.23,112.03,78.18,1.0000,0.175049,0.162877,146.46,335.02,0.9711,0.228847,0.697957
1786704033.264976,89.791363,2718,29.23,112.07,77.95,1.0000,0.175109,0.162405,146.40,335.00,0.9701,0.228747,0.697927
1786704033.302557,89.828943,2719,29.23,112.07,77.97,1.0000,0.175110,0.162439,146.57,335.19,0.9701,0.229020,0.698304
1786704033.333775,89.860161,2720,29.23,112.18,78.00,1.0000,0.175282,0.162499,146.55,335.21,0.9699,0.228988,0.698352
1786704033.368935,89.895322,2721,29.23,112.18,77.94,1.0000,0.175274,0.162372,146.84,334.79,0.9702,0.229436,0.697489
1786704033.400495,89.926882,2722,29.61,112.16,77.91,1.0000,0.175250,0.162315,146.93,334.64,0.9704,0.229573,0.697172
1786704033.430403,89.956790,2723,29.61,112.16,77.91,1.0000,0.175247,0.162306,146.79,335.22,0.9703,0.229364,0.698366
1786704033.468802,89.995188,2724,29.61,112.13,77.95,1.0000,0.175203,0.162403,146.76,335.29,0.9703,0.229309,0.698528
1786704033.511607,90.037993,2725,29.61,112.13,77.92,1.0000,0.175208,0.162327,146.64,335.46,0.9705,0.229125,0.698875
1786704033.537957,90.064343,2726,29.61,112.15,77.89,1.0000,0.175238,0.162275,146.59,335.40,0.9706,0.229051,0.698753
1786704033.569092,90.095479,2727,29.61,112.16,77.89,1.0000,0.175248,0.162274,146.56,335.21,0.9710,0.229006,0.698348
1786704033.598499,90.124886,2728,29.61,112.17,77.90,1.0000,0.175265,0.162302,146.65,335.04,0.9706,0.229137,0.698002
1786704033.635457,90.161844,2729,29.61,112.15,77.91,1.0000,0.175235,0.162313,146.67,334.88,0.9710,0.229164,0.697667
1786704033.676486,90.202872,2730,29.61,112.10,77.91,1.0000,0.175157,0.162303,146.72,334.87,0.9710,0.229248,0.697656
1786704033.703109,90.229496,2731,29.61,112.10,77.94,1.0000,0.175158,0.162378,146.81,334.81,0.9716,0.229394,0.697526
1786704033.739316,90.265703,2732,29.61,112.11,77.94,1.0000,0.175171,0.162382,146.89,334.72,0.9713,0.229523,0.697336
1786704033.771209,90.297595,2733,29.61,112.12,77.94,1.0000,0.175181,0.162381,146.71,334.96,0.9712,0.229241,0.697835
1786704033.805770,90.332157,2734,29.61,112.22,77.96,1.0000,0.175342,0.162421,146.62,335.31,0.9707,0.229091,0.698563
1786704033.851785,90.378171,2735,29.61,112.23,77.93,1.0000,0.175358,0.162348,146.82,335.37,0.9701,0.229409,0.698685
1786704033.883281,90.409668,2736,29.61,112.23,77.84,1.0000,0.175359,0.162170,146.85,335.42,0.9695,0.229450,0.698788
1786704033.894239,90.420625,2737,29.59,112.30,77.85,1.0000,0.175472,0.162193,146.93,335.24,0.9700,0.229584,0.698424
1786704033.933350,90.459737,2738,29.59,112.39,77.86,1.0000,0.175606,0.162201,146.93,335.21,0.9703,0.229582,0.698359
1786704033.962456,90.488843,2739,29.59,112.41,77.72,1.0000,0.175634,0.161922,146.91,335.32,0.9697,0.229552,0.698592
1786704033.994067,90.520454,2740,29.59,112.47,77.67,1.0000,0.175730,0.161822,146.89,335.52,0.9690,0.229512,0.698998
1786704034.039503,90.565890,2741,29.59,112.35,77.76,1.0000,0.175544,0.161990,146.67,335.77,0.9686,0.229172,0.699521
1786704034.063294,90.589681,2742,29.59,112.38,77.75,1.0000,0.175596,0.161974,146.48,335.76,0.9675,0.228880,0.699509
1786704034.097744,90.624131,2743,29.59,112.40,77.72,1.0000,0.175625,0.161925,146.64,335.39,0.9683,0.229131,0.698730
1786704034.170330,90.696717,2744,29.59,112.40,77.68,1.0000,0.175629,0.161826,146.59,335.76,0.9679,0.229054,0.699498
1786704034.184942,90.711329,2745,29.59,112.41,77.68,1.0000,0.175634,0.161824,146.76,335.42,0.9686,0.229319,0.698789
1786704034.217353,90.743740,2746,29.59,112.41,77.68,1.0000,0.175645,0.161834,146.75,335.44,0.9684,0.229304,0.698843
1786704034.233098,90.759485,2747,29.59,112.42,77.66,1.0000,0.175661,0.161784,146.60,335.73,0.9684,0.229062,0.699446
1786704034.264734,90.791121,2748,29.59,112.43,77.66,1.0000,0.175665,0.161783,146.60,335.71,0.9681,0.229059,0.699387
1786704034.311963,90.838349,2749,29.59,112.55,77.65,1.0000,0.175853,0.161772,146.67,335.41,0.9691,0.229170,0.698776
1786704034.344685,90.871072,2750,29.59,112.55,77.67,1.0000,0.175856,0.161806,146.65,335.37,0.9694,0.229140,0.698679
1786704034.375388,90.901775,2751,29.59,112.62,77.86,1.0000,0.175975,0.162213,146.64,335.38,0.9693,0.229123,0.698703
1786704034.407567,90.933954,2752,29.59,112.63,77.87,1.0000,0.175978,0.162229,146.60,335.39,0.9684,0.229056,0.698724
1786704034.455737,90.982124,2753,29.53,112.63,78.25,1.0000,0.175980,0.163023,146.83,335.26,0.9690,0.229419,0.698453
1786704034.486815,91.013202,2754,29.53,112.63,78.29,1.0000,0.175987,0.163105,146.80,335.19,0.9686,0.229371,0.698320
1786704034.518203,91.044590,2755,29.53,112.63,78.26,1.0000,0.175988,0.163041,146.81,335.35,0.9681,0.229392,0.698642
1786704034.561056,91.087442,2756,29.53,112.67,78.27,1.0000,0.176049,0.163054,146.81,335.35,0.9676,0.229384,0.698647
1786704034.582199,91.108586,2757,29.53,112.67,78.26,1.0000,0.176050,0.163049,146.79,335.36,0.9666,0.229358,0.698671
1786704034.613512,91.139898,2758,29.53,112.68,78.26,1.0000,0.176055,0.163044,146.82,335.41,0.9663,0.229410,0.698781
1786704034.645461,91.171848,2759,29.53,112.77,78.36,1.0000,0.176196,0.163254,146.77,335.64,0.9661,0.229331,0.699247
1786704034.677369,91.203755,2760,29.53,112.77,78.36,1.0000,0.176198,0.163245,146.79,335.39,0.9662,0.229352,0.698735
1786704034.708796,91.235183,2761,29.53,112.89,78.37,1.0000,0.176384,0.163263,146.78,335.36,0.9672,0.229348,0.698670
1786704034.724518,91.250905,2762,29.53,112.91,78.23,1.0000,0.176424,0.162973,146.66,335.35,0.9673,0.229151,0.698655
1786704034.772769,91.299156,2763,29.53,113.16,78.23,1.0000,0.176818,0.162974,146.69,335.24,0.9673,0.229198,0.698418
1786704034.819868,91.346255,2764,29.53,113.05,78.29,1.0000,0.176644,0.163105,146.74,335.29,0.9673,0.229275,0.698530
1786704034.840076,91.366463,2765,29.53,113.01,78.16,1.0000,0.176576,0.162841,146.75,335.28,0.9672,0.229292,0.698508
1786704034.869930,91.396316,2766,29.53,113.05,78.23,1.0000,0.176642,0.162989,146.76,335.31,0.9672,0.229314,0.698556
1786704034.899511,91.425898,2767,29.53,113.18,78.26,1.0000,0.176840,0.163033,146.76,335.30,0.9670,0.229307,0.698537
1786704034.936149,91.462535,2768,29.53,113.59,78.27,1.0000,0.177483,0.163064,146.73,335.25,0.9670,0.229271,0.698434
1786704034.978658,91.505044,2769,29.74,113.91,78.21,1.0000,0.177985,0.162940,146.63,335.25,0.9672,0.229103,0.698432
1786704035.010519,91.536906,2770,29.74,114.22,78.21,1.0000,0.178466,0.162948,146.61,335.73,0.9672,0.229080,0.699442
1786704035.034940,91.561327,2771,29.74,114.23,78.21,1.0000,0.178481,0.162936,146.57,335.66,0.9672,0.229023,0.699302
1786704035.079355,91.605741,2772,29.74,114.09,78.23,1.0000,0.178268,0.162976,146.71,335.57,0.9671,0.229233,0.699096
1786704035.122168,91.648555,2773,29.74,114.05,78.19,1.0000,0.178204,0.162899,146.69,335.42,0.9669,0.229203,0.698790
1786704035.136176,91.662563,2774,29.74,114.15,78.19,1.0000,0.178352,0.162897,146.80,335.28,0.9679,0.229382,0.698496
1786704035.174213,91.700599,2775,29.74,114.28,78.18,1.0000,0.178558,0.162884,146.80,335.28,0.9682,0.229373,0.698506
1786704035.240862,91.767249,2776,29.74,114.08,78.07,1.0000,0.178251,0.162647,146.77,335.59,0.9679,0.229326,0.699151
1786704035.246620,91.773007,2777,29.74,114.29,78.06,1.0000,0.178582,0.162621,146.77,335.62,0.9676,0.229333,0.699201
1786704035.267673,91.794060,2778,29.74,114.31,78.06,1.0000,0.178604,0.162620,146.76,335.67,0.9675,0.229315,0.699310
1786704035.309396,91.835782,2779,29.74,114.18,77.98,1.0000,0.178399,0.162459,146.83,335.16,0.9686,0.229417,0.698252
1786704035.340235,91.866621,2780,29.74,114.26,77.98,1.0000,0.178539,0.162456,146.98,334.70,0.9688,0.229653,0.697282
1786704035.364928,91.891315,2781,29.74,114.26,77.95,1.0000,0.178536,0.162400,147.00,334.88,0.9682,0.229691,0.697658
1786704035.423199,91.949585,2782,29.74,114.30,77.83,1.0000,0.178588,0.162153,147.09,334.37,0.9691,0.229824,0.696606
1786704035.434106,91.960493,2783,29.74,114.29,77.82,1.0000,0.178584,0.162133,147.01,334.38,0.9697,0.229702,0.696620
1786704035.479521,92.005908,2784,29.76,114.29,77.83,1.0000,0.178582,0.162150,146.98,334.51,0.9691,0.229658,0.696889
1786704035.496878,92.023265,2785,29.76,114.47,78.02,1.0000,0.178858,0.162552,147.02,334.48,0.9691,0.229718,0.696826
1786704035.533936,92.060323,2786,29.76,114.44,78.03,1.0000,0.178817,0.162555,147.02,334.45,0.9694,0.229712,0.696771
1786704035.568254,92.094641,2787,29.76,114.30,77.91,1.0000,0.178596,0.162317,146.94,334.79,0.9688,0.229601,0.697479
1786704035.599338,92.125725,2788,29.76,114.41,77.91,1.0000,0.178768,0.162317,147.00,334.77,0.9688,0.229681,0.697448
1786704035.630951,92.157338,2789,29.76,114.42,78.01,1.0000,0.178782,0.162516,146.84,335.00,0.9683,0.229441,0.697925
1786704035.667690,92.194077,2790,29.76,114.19,78.01,1.0000,0.178417,0.162514,146.82,334.98,0.9685,0.229405,0.697876
1786704035.683956,92.210343,2791,29.76,114.18,78.01,1.0000,0.178413,0.162518,146.81,334.95,0.9686,0.229397,0.697821
1786704035.739174,92.265561,2792,29.76,113.93,78.04,1.0000,0.178021,0.162592,146.86,335.04,0.9689,0.229468,0.697991
1786704035.764548,92.290934,2793,29.76,113.91,78.16,1.0000,0.177979,0.162823,146.89,334.91,0.9689,0.229512,0.697724
1786704035.796573,92.322959,2794,29.76,113.89,78.15,1.0000,0.177947,0.162803,146.83,334.82,0.9692,0.229425,0.697551
1786704035.831438,92.357825,2795,29.76,113.78,78.26,1.0000,0.177785,0.163039,146.81,334.87,0.9688,0.229388,0.697654
1786704035.890086,92.416473,2796,29.76,113.80,78.30,1.0000,0.177817,0.163123,146.93,334.74,0.9689,0.229580,0.697370
1786704035.905850,92.432236,2797,29.76,113.77,78.33,1.0000,0.177767,0.163189,146.89,334.97,0.9686,0.229511,0.697851
1786704035.942518,92.468904,2798,29.76,113.74,78.33,1.0000,0.177712,0.163187,146.84,334.97,0.9682,0.229431,0.697857
1786704035.955730,92.482117,2799,29.76,113.70,78.07,1.0000,0.177661,0.162648,146.77,335.06,0.9680,0.229325,0.698032
1786704036.000131,92.526518,2800,29.96,113.68,78.07,1.0000,0.177631,0.162655,146.75,334.84,0.9683,0.229303,0.697594
1786704036.036075,92.562462,2801,29.96,113.64,78.12,1.0000,0.177565,0.162742,146.66,335.05,0.9688,0.229160,0.698031
1786704036.068552,92.594939,2802,29.96,113.64,78.12,1.0000,0.177562,0.162753,146.66,335.17,0.9688,0.229155,0.698270
1786704036.109145,92.635532,2803,29.96,113.59,78.14,1.0000,0.177487,0.162787,146.83,334.96,0.9692,0.229421,0.697825
1786704036.129184,92.655570,2804,29.96,113.56,78.15,1.0000,0.177432,0.162819,146.82,335.10,0.9696,0.229402,0.698133
1786704036.179002,92.705389,2805,29.96,113.29,78.47,1.0000,0.177014,0.163476,146.48,335.56,0.9694,0.228874,0.699083
1786704036.199490,92.725877,2806,29.96,113.27,78.46,1.0000,0.176980,0.163464,146.46,335.70,0.9693,0.228837,0.699366
1786704036.232181,92.758567,2807,29.96,113.19,78.37,1.0000,0.176862,0.163274,146.50,335.75,0.9694,0.228901,0.699476
1786704036.267513,92.793899,2808,29.96,113.15,78.37,1.0000,0.176794,0.163266,146.52,336.24,0.9695,0.228932,0.700491
1786704036.297340,92.823726,2809,29.96,113.11,78.37,1.0000,0.176740,0.163276,146.45,336.23,0.9696,0.228825,0.700472
1786704036.337488,92.863874,2810,29.96,113.11,78.32,1.0000,0.176735,0.163164,146.39,336.18,0.9697,0.228735,0.700375
1786704036.369148,92.895535,2811,29.96,113.11,78.32,1.0000,0.176731,0.163160,146.46,336.02,0.9698,0.228841,0.700035
1786704036.398178,92.924565,2812,29.96,113.11,78.38,1.0000,0.176733,0.163284,146.38,336.10,0.9700,0.228726,0.700211
1786704036.435442,92.961828,2813,29.96,113.01,78.37,1.0000,0.176571,0.163278,146.44,335.97,0.9700,0.228815,0.699942
1786704036.464510,92.990897,2814,29.96,113.01,78.36,1.0000,0.176577,0.163247,146.46,335.58,0.9700,0.228844,0.699127
1786704036.500207,93.026594,2815,29.96,113.04,78.41,1.0000,0.176626,0.163361,146.43,335.70,0.9697,0.228800,0.699383
1786704036.548331,93.074717,2816,29.84,113.11,78.41,1.0000,0.176733,0.163345,146.38,335.75,0.9683,0.228721,0.699473
1786704036.575659,93.102046,2817,29.84,113.11,78.45,1.0000,0.176729,0.163443,146.34,335.67,0.9685,0.228653,0.699316
1786704036.595605,93.121991,2818,29.84,113.14,78.44,1.0000,0.176779,0.163415,146.34,335.67,0.9689,0.228653,0.699322
1786704036.624412,93.150799,2819,29.84,113.21,78.48,1.0000,0.176883,0.163508,146.35,335.70,0.9690,0.228677,0.699367
1786704036.663180,93.189567,2820,29.84,113.33,78.28,1.0000,0.177084,0.163078,146.35,335.67,0.9692,0.228679,0.699322
1786704036.715075,93.241462,2821,29.84,113.30,78.14,1.0000,0.177024,0.162788,146.28,335.87,0.9687,0.228568,0.699739
1786704036.741912,93.268298,2822,29.84,113.32,78.00,1.0000,0.177070,0.162507,146.34,335.81,0.9693,0.228656,0.699603
1786704036.773397,93.299783,2823,29.84,113.43,77.93,1.0000,0.177231,0.162345,146.31,335.86,0.9691,0.228617,0.699701
1786704036.805862,93.332249,2824,29.84,113.61,78.00,1.0000,0.177521,0.162499,146.33,335.76,0.9693,0.228636,0.699506
1786704036.845827,93.372214,2825,29.84,113.63,78.00,1.0000,0.177543,0.162500,146.27,335.80,0.9693,0.228552,0.699578
1786704036.873172,93.399559,2826,29.84,113.66,78.07,1.0000,0.177590,0.162652,146.26,335.82,0.9695,0.228526,0.699615
1786704036.927338,93.453724,2827,29.84,113.85,78.15,1.0000,0.177883,0.162807,146.37,335.62,0.9695,0.228704,0.699213
1786704036.928856,93.455242,2828,29.84,113.85,78.31,1.0000,0.177893,0.163156,146.50,335.21,0.9693,0.228906,0.698352
1786704036.965804,93.492191,2829,29.84,113.86,78.33,1.0000,0.177911,0.163178,146.53,335.20,0.9690,0.228957,0.698336
1786704037.003833,93.530219,2830,29.84,113.97,78.33,1.0000,0.178076,0.163184,146.53,335.52,0.9685,0.228948,0.699006
1786704037.039351,93.565737,2831,29.56,113.98,78.34,1.0000,0.178087,0.163216,146.53,335.58,0.9677,0.228947,0.699122
1786704037.073480,93.599867,2832,29.56,114.02,78.32,1.0000,0.178161,0.163161,146.64,335.39,0.9671,0.229120,0.698733
1786704037.139421,93.665808,2834,29.56,114.14,78.34,1.0000,0.178337,0.163206,146.83,335.10,0.9676,0.229416,0.698127
1786704037.174184,93.700571,2835,29.56,114.14,78.35,1.0000,0.178338,0.163239,146.80,335.39,0.9675,0.229369,0.698730
1786704037.204795,93.731182,2836,29.56,114.10,78.33,1.0000,0.178278,0.163196,147.12,335.04,0.9681,0.229881,0.698006
1786704037.246314,93.772701,2837,29.56,114.10,78.33,1.0000,0.178280,0.163193,147.04,335.08,0.9675,0.229754,0.698092
1786704037.256678,93.783065,2838,29.56,114.09,78.33,1.0000,0.178267,0.163185,147.05,335.19,0.9672,0.229759,0.698308
1786704037.307940,93.834327,2839,29.56,114.09,78.41,1.0000,0.178269,0.163344,147.11,335.07,0.9673,0.229859,0.698061
1786704037.367772,93.894158,2841,29.56,114.08,78.37,1.0000,0.178252,0.163271,146.92,335.22,0.9668,0.229561,0.698375
1786704037.419702,93.946088,2842,29.56,114.44,78.36,1.0000,0.178812,0.163257,146.94,335.22,0.9671,0.229586,0.698369
1786704037.439621,93.966008,2843,29.56,114.45,78.28,1.0000,0.178836,0.163075,146.91,335.29,0.9673,0.229544,0.698517
1786704037.463852,93.990238,2844,29.56,114.49,78.28,1.0000,0.178886,0.163089,147.19,334.73,0.9681,0.229978,0.697359
1786704037.533110,94.059497,2846,29.56,114.49,78.34,1.0000,0.178886,0.163198,147.21,334.56,0.9685,0.230011,0.696995
1786704037.565969,94.092355,2847,28.54,114.45,78.32,1.0000,0.178835,0.163177,146.90,335.21,0.9685,0.229534,0.698353
1786704037.610523,94.136910,2848,28.54,114.45,78.34,1.0000,0.178830,0.163201,147.11,335.12,0.9695,0.229863,0.698168
1786704037.661529,94.187916,2849,28.54,114.46,78.55,1.0000,0.178837,0.163643,147.43,334.83,0.9697,0.230355,0.697569
1786704037.703077,94.229464,2851,28.54,114.44,78.50,1.0000,0.178818,0.163541,146.84,335.42,0.9697,0.229443,0.698793
1786704037.766548,94.292934,2853,28.54,114.47,78.45,1.0000,0.178860,0.163447,146.84,335.34,0.9699,0.229433,0.698618
1786704037.803980,94.330367,2854,28.54,114.47,78.46,1.0000,0.178859,0.163458,146.90,335.31,0.9695,0.229529,0.698552
1786704037.838169,94.364556,2855,28.54,114.48,78.47,1.0000,0.178869,0.163480,146.84,335.50,0.9691,0.229441,0.698956
1786704037.865458,94.391845,2856,28.54,114.51,78.44,1.0000,0.178921,0.163423,146.84,335.49,0.9693,0.229430,0.698930
1786704037.893427,94.419813,2857,28.54,114.52,78.31,1.0000,0.178942,0.163150,146.38,335.88,0.9688,0.228726,0.699758
1786704037.925083,94.451470,2858,28.54,114.52,78.25,1.0000,0.178931,0.163012,146.59,335.69,0.9683,0.229055,0.699349
1786704037.988753,94.515140,2860,28.54,114.47,78.15,1.0000,0.178857,0.162812,146.60,335.80,0.9680,0.229062,0.699583
1786704038.031305,94.557692,2861,28.54,114.46,78.15,1.0000,0.178851,0.162803,146.86,335.04,0.9686,0.229467,0.697991
1786704038.065092,94.591478,2862,28.54,114.44,78.15,1.0000,0.178805,0.162805,146.87,335.04,0.9692,0.229482,0.697996
1786704038.103598,94.629985,2863,28.54,114.47,78.14,1.0000,0.178857,0.162801,146.97,335.04,0.9692,0.229642,0.698008
1786704038.135030,94.661417,2864,27.90,114.67,78.20,1.0000,0.179178,0.162924,146.83,335.31,0.9693,0.229416,0.698554
1786704038.156918,94.683305,2865,27.90,114.67,78.21,1.0000,0.179166,0.162929,146.93,335.18,0.9693,0.229575,0.698299
1786704038.221165,94.747551,2867,27.90,114.64,78.20,1.0000,0.179118,0.162907,146.88,335.46,0.9691,0.229507,0.698877
1786704038.263711,94.790097,2868,27.90,114.64,78.19,1.0000,0.179127,0.162891,146.89,335.64,0.9689,0.229520,0.699248
1786704038.292154,94.818540,2869,27.90,114.63,78.11,1.0000,0.179102,0.162733,146.95,335.53,0.9692,0.229615,0.699011
1786704038.336627,94.863014,2870,27.90,114.64,78.14,1.0000,0.179118,0.162781,146.95,335.39,0.9696,0.229615,0.698719
1786704038.363641,94.890028,2871,27.90,114.63,78.20,1.0000,0.179113,0.162924,146.98,335.37,0.9696,0.229658,0.698681
1786704038.426921,94.953308,2873,27.90,114.72,78.23,1.0000,0.179253,0.162979,146.53,335.64,0.9690,0.228946,0.699252
1786704038.458814,94.985200,2874,27.90,114.72,78.13,1.0000,0.179253,0.162764,146.71,334.96,0.9699,0.229240,0.697823
1786704038.491019,95.017405,2875,27.90,114.63,78.11,1.0000,0.179111,0.162729,146.71,334.95,0.9703,0.229234,0.697810
1786704038.566252,95.092639,2877,27.90,114.71,78.11,1.0000,0.179240,0.162733,146.68,335.19,0.9688,0.229182,0.698306
1786704038.597978,95.124365,2878,27.90,114.72,78.11,1.0000,0.179257,0.162730,146.73,335.07,0.9693,0.229262,0.698060
1786704038.629612,95.155999,2879,27.90,114.57,78.10,1.0000,0.179008,0.162717,146.76,334.88,0.9696,0.229316,0.697658
1786704038.664221,95.190607,2880,27.32,114.57,78.11,1.0000,0.179019,0.162722,146.81,334.88,0.9694,0.229394,0.697657
1786704038.692950,95.219336,2881,27.32,114.60,78.25,1.0000,0.179062,0.163011,146.69,335.09,0.9685,0.229208,0.698097
1786704038.788387,95.314774,2884,27.32,114.63,78.24,1.0000,0.179109,0.163004,146.84,335.10,0.9688,0.229435,0.698122
1786704038.836235,95.362622,2885,27.32,114.18,78.23,1.0000,0.178410,0.162979,146.71,334.91,0.9683,0.229241,0.697735
1786704038.852036,95.378423,2886,27.32,114.18,78.20,1.0000,0.178409,0.162907,146.69,334.79,0.9687,0.229209,0.697488
1786704038.931082,95.457469,2888,27.32,114.13,78.20,1.0000,0.178332,0.162922,146.70,334.76,0.9688,0.229216,0.697420
1786704038.946862,95.473249,2889,27.32,114.00,78.29,1.0000,0.178128,0.163113,146.70,335.07,0.9696,0.229214,0.698065
1786704039.010071,95.536458,2890,27.32,113.99,78.13,1.0000,0.178115,0.162762,146.71,335.26,0.9697,0.229238,0.698449
1786704039.073639,95.600026,2892,27.32,113.93,77.90,1.0000,0.178014,0.162287,146.71,335.20,0.9695,0.229228,0.698332
1786704039.102188,95.628575,2893,27.32,113.83,77.90,1.0000,0.177854,0.162294,146.76,335.07,0.9696,0.229306,0.698068
1786704039.149560,95.675946,2895,25.71,113.77,77.84,1.0000,0.177761,0.162158,147.02,334.76,0.9701,0.229714,0.697425
1786704039.196963,95.723350,2896,25.71,113.76,77.84,1.0000,0.177746,0.162176,146.96,335.06,0.9704,0.229627,0.698038
1786704039.249182,95.775569,2897,25.71,113.76,77.67,1.0000,0.177744,0.161803,146.85,335.04,0.9700,0.229456,0.697993
1786704039.292474,95.818860,2899,25.71,113.73,77.68,1.0000,0.177699,0.161835,146.97,334.99,0.9701,0.229643,0.697903
1786704039.324437,95.850824,2900,25.71,113.66,77.69,1.0000,0.177600,0.161849,146.90,335.16,0.9699,0.229526,0.698259
1786704039.403781,95.930168,2902,25.71,113.62,77.69,1.0000,0.177528,0.161862,146.74,335.16,0.9702,0.229288,0.698251
1786704039.422189,95.948576,2903,25.71,113.63,77.62,1.0000,0.177551,0.161704,146.59,335.16,0.9699,0.229051,0.698253
1786704039.514458,96.040845,2905,25.71,113.66,77.65,1.0000,0.177601,0.161763,146.56,335.17,0.9700,0.229001,0.698263
1786704039.531162,96.057548,2906,25.71,113.56,77.69,1.0000,0.177442,0.161860,146.54,335.51,0.9698,0.228962,0.698980
1786704039.573025,96.099412,2907,25.71,113.56,77.68,1.0000,0.177438,0.161839,146.54,335.39,0.9703,0.228961,0.698724
1786704039.588760,96.115147,2908,25.71,113.45,77.68,1.0000,0.177272,0.161829,146.56,335.37,0.9703,0.229007,0.698697
1786704039.672127,96.198514,2910,24.88,113.47,77.73,1.0000,0.177302,0.161928,146.57,335.35,0.9703,0.229023,0.698638
1786704039.693380,96.219766,2911,24.88,113.26,77.74,1.0000,0.176970,0.161951,146.54,335.16,0.9702,0.228963,0.698241
1786704039.773020,96.299406,2913,24.88,113.27,77.90,1.0000,0.176978,0.162293,146.44,335.15,0.9704,0.228810,0.698227
1786704039.836569,96.362955,2915,24.88,113.33,77.78,1.0000,0.177073,0.162041,146.45,335.27,0.9691,0.228824,0.698470
1786704039.868455,96.394842,2916,24.88,113.46,77.74,1.0000,0.177283,0.161960,146.99,334.62,0.9694,0.229673,0.697117
1786704039.902165,96.428552,2917,24.88,113.47,77.73,1.0000,0.177290,0.161938,146.99,334.88,0.9686,0.229665,0.697664
1786704039.932158,96.458545,2918,24.88,113.61,77.73,1.0000,0.177516,0.161940,146.96,334.94,0.9683,0.229628,0.697798
1786704039.963678,96.490065,2919,24.88,113.59,77.73,1.0000,0.177489,0.161942,146.85,334.97,0.9689,0.229457,0.697851
1786704040.006856,96.533243,2920,24.88,113.59,77.68,1.0000,0.177482,0.161839,146.83,335.03,0.9692,0.229414,0.697980
1786704040.059003,96.585390,2922,24.88,113.65,77.70,1.0000,0.177584,0.161872,146.92,334.98,0.9691,0.229569,0.697869
1786704040.090639,96.617026,2923,24.88,113.67,77.78,1.0000,0.177603,0.162033,146.81,334.96,0.9682,0.229395,0.697839
1786704040.138828,96.665214,2924,24.88,113.83,77.76,1.0000,0.177854,0.161998,146.88,335.10,0.9685,0.229493,0.698117
1786704040.205370,96.731756,2926,24.69,113.87,77.73,1.0000,0.177923,0.161945,146.86,335.09,0.9678,0.229473,0.698109
1786704040.237447,96.763834,2927,24.69,113.87,77.69,1.0000,0.177922,0.161854,146.83,335.31,0.9677,0.229418,0.698557
1786704040.275380,96.801767,2928,24.69,113.86,77.58,1.0000,0.177907,0.161625,146.72,335.38,0.9684,0.229245,0.698719
1786704040.324102,96.850489,2930,24.69,113.82,77.50,1.0000,0.177847,0.161463,146.69,335.37,0.9685,0.229207,0.698687
1786704040.361189,96.887576,2931,24.69,113.82,77.73,1.0000,0.177836,0.161938,146.47,335.42,0.9683,0.228855,0.698797
1786704040.418659,96.945046,2932,24.69,113.75,77.75,1.0000,0.177736,0.161980,146.42,335.66,0.9672,0.228786,0.699283
1786704040.434541,96.960928,2933,24.69,113.58,77.69,1.0000,0.177473,0.161847,146.35,335.16,0.9672,0.228668,0.698242
1786704040.482259,97.008646,2934,24.69,113.61,77.92,1.0000,0.177514,0.162330,146.36,335.13,0.9670,0.228695,0.698192
1786704040.562350,97.088737,2937,24.69,113.63,77.90,1.0000,0.177539,0.162295,146.53,334.39,0.9679,0.228953,0.696652
1786704040.594078,97.120465,2938,24.69,113.68,77.89,1.0000,0.177629,0.162280,146.10,334.77,0.9675,0.228288,0.697441
1786704040.678980,97.205366,2940,23.70,113.79,77.97,1.0000,0.177796,0.162437,146.11,335.39,0.9670,0.228302,0.698739
1786704040.730634,97.257021,2942,23.70,113.79,77.96,1.0000,0.177791,0.162408,146.23,335.29,0.9672,0.228479,0.698513
1786704040.762305,97.288692,2943,23.70,114.04,78.04,1.0000,0.178183,0.162590,146.34,335.32,0.9677,0.228662,0.698581
1786704040.826547,97.352934,2945,23.70,113.85,77.85,1.0000,0.177892,0.162188,146.42,335.09,0.9686,0.228776,0.698114
1786704040.858492,97.384879,2946,23.70,113.85,77.96,1.0000,0.177894,0.162419,146.99,334.80,0.9694,0.229670,0.697509
1786704040.925738,97.452125,2948,23.70,113.82,77.86,1.0000,0.177851,0.162200,146.94,334.63,0.9697,0.229599,0.697138
1786704040.954431,97.480818,2949,23.70,113.78,77.87,1.0000,0.177778,0.162221,146.72,335.01,0.9690,0.229256,0.697937
1786704041.025920,97.552307,2951,23.70,114.15,77.98,1.0000,0.178362,0.162468,146.71,335.19,0.9687,0.229236,0.698309
1786704041.084318,97.610705,2952,23.70,114.31,77.92,1.0000,0.178606,0.162329,146.35,335.39,0.9685,0.228669,0.698723
1786704041.097752,97.624139,2953,23.70,114.32,77.78,1.0000,0.178624,0.162039,146.52,335.25,0.9689,0.228933,0.698445
1786704041.161628,97.688015,2955,23.70,114.43,77.57,1.0000,0.178795,0.161605,146.78,335.25,0.9683,0.229348,0.698434
1786704041.199949,97.726336,2956,23.06,114.54,77.57,1.0000,0.178973,0.161607,146.98,335.16,0.9685,0.229653,0.698258
1786704041.266746,97.793133,2958,23.06,114.54,77.60,1.0000,0.178974,0.161665,146.69,335.45,0.9676,0.229210,0.698845
1786704041.330131,97.856517,2960,23.06,114.51,77.46,1.0000,0.178916,0.161384,146.72,335.32,0.9683,0.229250,0.698579
1786704041.393401,97.919788,2962,23.06,114.50,77.66,1.0000,0.178908,0.161796,146.71,335.71,0.9684,0.229229,0.699394
1786704041.426697,97.953084,2963,23.06,114.50,77.71,1.0000,0.178913,0.161887,146.85,334.99,0.9687,0.229458,0.697897
1786704041.459118,97.985505,2964,23.06,114.50,77.76,1.0000,0.178911,0.162008,146.85,335.44,0.9689,0.229456,0.698838
1786704041.529245,98.055631,2966,23.06,114.52,77.98,1.0000,0.178932,0.162465,146.85,335.30,0.9691,0.229459,0.698551
1786704041.559579,98.085966,2967,23.06,114.48,77.87,1.0000,0.178876,0.162233,146.91,335.30,0.9686,0.229551,0.698545
1786704041.626865,98.153251,2969,23.06,114.41,77.71,1.0000,0.178762,0.161888,146.92,335.30,0.9677,0.229569,0.698552
1786704041.705876,98.232262,2971,23.06,114.35,77.61,1.0000,0.178667,0.161679,146.89,335.35,0.9683,0.229512,0.698654
1786704041.733512,98.259899,2972,23.06,114.32,77.60,1.0000,0.178620,0.161667,146.91,335.18,0.9692,0.229551,0.698284
1786704041.765265,98.291652,2973,22.63,114.34,77.64,1.0000,0.178661,0.161760,146.67,335.35,0.9691,0.229177,0.698648
1786704041.828521,98.354907,2974,22.63,114.46,77.99,1.0000,0.178846,0.162471,146.71,335.32,0.9690,0.229230,0.698575
1786704041.860149,98.386536,2976,22.63,114.46,77.91,1.0000,0.178844,0.162309,146.34,335.67,0.9687,0.228655,0.699308
1786704041.891426,98.417813,2977,22.63,114.67,77.94,1.0000,0.179167,0.162368,146.38,335.75,0.9685,0.228720,0.699482
1786704041.938781,98.465168,2978,22.63,114.59,77.98,1.0000,0.179049,0.162465,146.32,335.47,0.9686,0.228631,0.698905
1786704041.986635,98.513022,2980,22.63,114.49,78.17,1.0000,0.178894,0.162844,146.70,334.79,0.9686,0.229215,0.697476
1786704042.031259,98.557645,2981,22.63,114.52,78.13,1.0000,0.178939,0.162774,146.51,335.04,0.9685,0.228929,0.697996
1786704042.066314,98.592700,2982,22.63,114.60,78.13,1.0000,0.179065,0.162775,146.65,335.24,0.9687,0.229145,0.698411
1786704042.098361,98.624747,2983,22.63,114.60,78.21,1.0000,0.179065,0.162929,146.52,335.28,0.9687,0.228940,0.698509
1786704042.129632,98.656019,2984,22.63,114.58,78.28,1.0000,0.179031,0.163093,146.65,334.88,0.9693,0.229144,0.697664
1786704042.161726,98.688112,2985,22.63,114.64,78.27,1.0000,0.179121,0.163069,146.51,335.34,0.9689,0.228929,0.698615
1786704042.227551,98.753938,2987,22.63,114.56,78.29,1.0000,0.179002,0.163106,146.50,335.32,0.9686,0.228902,0.698592
1786704042.266101,98.792487,2988,22.85,114.58,78.29,1.0000,0.179034,0.163104,146.46,335.45,0.9687,0.228847,0.698862
1786704042.298746,98.825133,2989,22.85,114.65,78.28,1.0000,0.179147,0.163084,146.46,335.63,0.9681,0.228845,0.699219
1786704042.361959,98.888345,2991,22.85,114.66,78.28,1.0000,0.179157,0.163087,146.51,334.95,0.9678,0.228918,0.697803
1786704042.393877,98.920263,2992,22.85,114.67,78.25,1.0000,0.179172,0.163027,146.54,334.96,0.9679,0.228963,0.697837
1786704042.441403,98.967789,2993,22.85,114.65,78.21,1.0000,0.179147,0.162931,146.72,334.83,0.9683,0.229252,0.697561
1786704042.473117,98.999504,2994,22.85,114.60,78.20,1.0000,0.179056,0.162913,146.76,334.78,0.9680,0.229306,0.697450
1786704042.505100,99.031487,2995,22.85,114.56,78.13,1.0000,0.179002,0.162780,146.72,334.87,0.9675,0.229255,0.697641
1786704042.536712,99.063098,2996,22.85,114.56,78.04,1.0000,0.178997,0.162575,146.73,335.08,0.9674,0.229264,0.698089
1786704042.600962,99.127349,2998,22.85,114.55,78.03,1.0000,0.178991,0.162570,146.60,335.19,0.9672,0.229057,0.698306
1786704042.632895,99.159281,2999,22.85,114.51,77.50,1.0000,0.178922,0.161458,146.66,335.24,0.9678,0.229154,0.698419
1786704042.696675,99.223061,3001,22.85,114.51,77.27,1.0000,0.178924,0.160989,146.71,335.00,0.9677,0.229230,0.697911
1786704042.729675,99.256062,3002,22.85,114.43,77.18,1.0000,0.178796,0.160789,146.57,335.11,0.9679,0.229023,0.698152
1786704042.776212,99.302598,3003,22.80,114.49,77.18,1.0000,0.178885,0.160799,146.56,335.27,0.9680,0.229006,0.698489
1786704042.835014,99.361401,3005,22.80,114.56,77.08,1.0000,0.178997,0.160586,146.56,335.30,0.9674,0.228992,0.698542
1786704042.866769,99.393156,3006,22.80,114.56,77.10,1.0000,0.179005,0.160632,146.65,334.92,0.9680,0.229147,0.697740
1786704042.898651,99.425038,3007,22.80,114.59,77.14,1.0000,0.179049,0.160707,146.69,335.19,0.9682,0.229203,0.698311
1786704042.977535,99.503922,3009,22.80,114.59,77.13,1.0000,0.179049,0.160698,146.78,335.24,0.9685,0.229349,0.698421
1786704042.993544,99.519931,3010,22.80,114.61,77.14,1.0000,0.179080,0.160714,146.90,334.93,0.9675,0.229534,0.697761
1786704043.041139,99.567525,3011,22.80,114.66,77.11,1.0000,0.179150,0.160655,146.91,335.35,0.9676,0.229555,0.698641
1786704043.104586,99.630973,3013,22.80,114.65,77.11,1.0000,0.179142,0.160646,146.85,334.99,0.9677,0.229451,0.697902
1786704043.168159,99.694546,3015,22.80,114.78,77.15,1.0000,0.179341,0.160725,146.99,334.99,0.9688,0.229669,0.697904
1786704043.200143,99.726530,3016,22.80,114.81,77.17,1.0000,0.179395,0.160773,146.93,335.05,0.9684,0.229575,0.698011
1786704043.232075,99.758462,3017,22.80,114.78,77.26,1.0000,0.179349,0.160965,147.08,334.73,0.9686,0.229808,0.697353
1786704043.306837,99.833224,3019,22.80,114.83,77.49,1.0000,0.179416,0.161428,147.12,334.75,0.9681,0.229882,0.697400
1786704043.330168,99.856555,3020,22.68,114.90,77.74,1.0000,0.179529,0.161948,147.04,334.80,0.9686,0.229752,0.697493
1786704043.354108,99.880495,3021,22.68,114.73,77.70,1.0000,0.179263,0.161883,147.07,334.70,0.9687,0.229801,0.697291
1786704043.401785,99.928172,3022,22.68,114.84,77.99,1.0000,0.179435,0.162486,147.01,335.25,0.9690,0.229698,0.698447
1786704043.465372,99.991759,3024,22.68,114.84,78.15,1.0000,0.179438,0.162813,146.95,335.23,0.9695,0.229605,0.698402
1786704043.497106,100.023493,3025,22.68,114.60,78.14,1.0000,0.179067,0.162784,147.00,335.20,0.9697,0.229695,0.698324
1786704043.567753,100.094140,3027,22.68,114.60,78.14,1.0000,0.179070,0.162786,146.98,335.44,0.9699,0.229657,0.698831
1786704043.634337,100.160724,3029,22.68,114.60,78.01,1.0000,0.179066,0.162519,146.99,335.41,0.9702,0.229673,0.698773
1786704043.666073,100.192459,3030,22.68,114.69,77.96,1.0000,0.179207,0.162421,146.98,335.41,0.9705,0.229648,0.698766
1786704043.706445,100.232831,3031,22.68,114.72,77.91,1.0000,0.179255,0.162309,146.94,335.38,0.9708,0.229591,0.698709
1786704043.745132,100.271518,3032,22.68,114.71,77.99,1.0000,0.179237,0.162485,146.88,335.32,0.9704,0.229506,0.698586
1786704043.769103,100.295489,3033,22.68,114.71,77.83,1.0000,0.179240,0.162142,146.82,335.42,0.9703,0.229401,0.698788
1786704043.794659,100.321046,3034,22.32,114.59,77.82,1.0000,0.179043,0.162116,146.85,335.55,0.9699,0.229446,0.699057
1786704043.897215,100.423602,3037,22.32,114.76,77.86,1.0000,0.179319,0.162214,146.91,335.29,0.9697,0.229540,0.698516
1786704043.944812,100.471198,3038,22.32,114.84,77.64,1.0000,0.179442,0.161743,146.86,335.29,0.9694,0.229473,0.698512
1786704043.976511,100.502898,3039,22.32,114.84,77.68,1.0000,0.179438,0.161829,146.82,335.31,0.9700,0.229406,0.698555
1786704044.008111,100.534497,3040,22.32,114.83,77.70,1.0000,0.179417,0.161876,146.79,335.36,0.9702,0.229356,0.698672
1786704044.039922,100.566309,3041,22.32,114.79,77.70,1.0000,0.179354,0.161882,146.79,335.73,0.9697,0.229355,0.699444
1786704044.087883,100.614270,3043,22.32,114.68,77.81,1.0000,0.179187,0.162107,146.85,335.56,0.9699,0.229450,0.699085
1786704044.119549,100.645936,3044,22.32,114.05,77.82,1.0000,0.178201,0.162131,146.84,335.46,0.9705,0.229442,0.698875
1786704044.199427,100.725814,3046,22.32,114.12,77.81,1.0000,0.178311,0.162113,146.75,335.42,0.9703,0.229292,0.698785
1786704044.230800,100.757187,3047,22.32,114.16,77.93,1.0000,0.178371,0.162360,146.82,335.05,0.9704,0.229405,0.698011
1786704044.310636,100.837023,3049,22.32,114.15,77.89,1.0000,0.178360,0.162266,146.83,335.01,0.9705,0.229429,0.697930
1786704044.332489,100.858876,3050,22.09,114.21,77.80,1.0000,0.178459,0.162078,146.91,334.82,0.9702,0.229541,0.697538
1786704044.416892,100.943279,3052,22.09,114.20,77.93,1.0000,0.178442,0.162357,147.07,334.67,0.9699,0.229791,0.697233
1786704044.464677,100.991064,3054,22.09,114.22,77.89,1.0000,0.178473,0.162278,146.95,334.78,0.9700,0.229612,0.697462
1786704044.496407,101.022794,3055,22.09,114.21,77.89,1.0000,0.178448,0.162279,146.88,335.42,0.9694,0.229493,0.698801
1786704044.559461,101.085848,3057,22.09,114.29,77.89,1.0000,0.178579,0.162274,146.67,335.44,0.9695,0.229167,0.698842
1786704044.591171,101.117558,3058,22.09,113.90,77.70,1.0000,0.177969,0.161876,146.67,335.56,0.9693,0.229179,0.699077
1786704044.654802,101.181188,3059,22.09,113.96,77.72,1.0000,0.178062,0.161925,146.59,335.66,0.9686,0.229048,0.699289
1786704044.702489,101.228876,3061,22.09,114.07,77.55,1.0000,0.178237,0.161570,146.63,335.38,0.9688,0.229107,0.698701
1786704044.734406,101.260793,3062,22.09,114.05,77.56,1.0000,0.178202,0.161578,146.62,335.58,0.9683,0.229094,0.699132
1786704044.798133,101.324520,3064,22.09,114.01,77.50,1.0000,0.178145,0.161457,146.64,335.40,0.9681,0.229123,0.698758
1786704044.845643,101.372030,3065,22.09,113.94,77.59,1.0000,0.178036,0.161644,146.77,335.31,0.9689,0.229325,0.698553
1786704044.863865,101.390252,3066,22.04,113.99,77.59,1.0000,0.178117,0.161655,146.57,335.36,0.9680,0.229012,0.698659
1786704044.893381,101.419767,3067,22.04,114.01,77.57,1.0000,0.178146,0.161612,146.70,335.01,0.9681,0.229223,0.697942
1786704044.967657,101.494043,3069,22.04,113.99,77.59,1.0000,0.178109,0.161647,146.54,335.16,0.9673,0.228969,0.698256
1786704045.015327,101.541714,3070,22.04,114.19,77.70,1.0000,0.178420,0.161873,146.79,334.86,0.9676,0.229360,0.697616
1786704045.034097,101.560484,3071,22.04,114.20,77.83,1.0000,0.178433,0.162142,146.85,334.85,0.9672,0.229447,0.697614
1786704045.095419,101.621805,3073,22.04,114.29,77.77,1.0000,0.178582,0.162021,146.39,335.33,0.9669,0.228731,0.698612
1786704045.134137,101.660523,3074,22.04,114.48,77.75,1.0000,0.178870,0.161978,146.62,335.16,0.9674,0.229094,0.698256
1786704045.191235,101.717622,3076,22.04,114.36,77.67,1.0000,0.178686,0.161803,146.61,335.60,0.9671,0.229083,0.699163
1786704045.234166,101.760553,3077,22.04,114.30,77.63,1.0000,0.178601,0.161738,146.81,335.15,0.9676,0.229396,0.698236
1786704045.254350,101.780737,3078,22.04,114.36,77.64,1.0000,0.178682,0.161757,146.68,335.38,0.9677,0.229180,0.698700
1786704045.334293,101.860680,3080,22.04,114.34,77.57,1.0000,0.178651,0.161612,146.73,335.50,0.9667,0.229265,0.698968
1786704045.381354,101.907741,3081,22.04,114.37,77.59,1.0000,0.178700,0.161640,146.66,335.66,0.9666,0.229155,0.699286
1786704045.396834,101.923221,3082,22.12,114.34,77.59,1.0000,0.178663,0.161642,146.65,335.67,0.9661,0.229138,0.699309
1786704045.450986,101.977373,3083,22.12,114.33,77.59,1.0000,0.178634,0.161644,146.86,334.99,0.9664,0.229468,0.697891
1786704045.485906,102.012292,3085,22.12,114.46,77.59,1.0000,0.178849,0.161642,146.70,335.32,0.9663,0.229217,0.698576
1786704045.534757,102.061144,3086,22.12,114.40,77.61,1.0000,0.178751,0.161697,146.63,335.04,0.9661,0.229109,0.697996
1786704045.565854,102.092240,3087,22.12,114.43,77.65,1.0000,0.178796,0.161773,146.62,335.17,0.9663,0.229100,0.698271
1786704045.682855,102.209241,3090,22.12,114.42,77.60,1.0000,0.178785,0.161662,146.82,334.47,0.9670,0.229407,0.696805
1786704045.698707,102.225094,3091,22.12,114.53,77.60,1.0000,0.178952,0.161659,146.84,334.51,0.9674,0.229431,0.696901
1786704045.778661,102.305047,3094,22.12,114.58,77.60,1.0000,0.179032,0.161658,146.67,335.15,0.9681,0.229169,0.698223
1786704045.826122,102.352508,3095,22.12,114.72,77.65,1.0000,0.179254,0.161763,146.31,335.59,0.9682,0.228613,0.699147
1786704045.857583,102.383970,3096,22.12,114.72,77.62,1.0000,0.179256,0.161699,146.36,335.55,0.9680,0.228691,0.699069
1786704045.889361,102.415748,3097,22.12,114.73,77.61,1.0000,0.179264,0.161678,146.49,335.41,0.9691,0.228898,0.698768
1786704045.936958,102.463345,3098,21.75,114.72,77.59,1.0000,0.179256,0.161650,146.38,335.62,0.9692,0.228719,0.699217
1786704045.997693,102.524080,3100,21.75,114.83,77.66,1.0000,0.179426,0.161784,146.39,335.94,0.9693,0.228733,0.699872
1786704046.037750,102.564137,3101,21.75,114.98,77.73,1.0000,0.179658,0.161948,146.39,335.91,0.9690,0.228727,0.699809
1786704046.071081,102.597468,3102,21.75,115.02,77.95,1.0000,0.179711,0.162402,146.44,335.60,0.9693,0.228808,0.699174
1786704046.124949,102.651335,3104,21.75,115.04,78.00,1.0000,0.179757,0.162493,146.52,335.12,0.9692,0.228941,0.698167
1786704046.191758,102.718145,3105,21.75,115.00,78.16,1.0000,0.179684,0.162837,146.72,334.55,0.9694,0.229243,0.696970
1786704046.236226,102.762613,3107,21.75,115.06,78.28,1.0000,0.179785,0.163078,146.57,335.62,0.9692,0.229016,0.699205
1786704046.283692,102.810079,3108,21.75,115.08,78.28,1.0000,0.179812,0.163083,146.59,336.00,0.9689,0.229048,0.700006
1786704046.336260,102.862647,3110,21.75,115.07,78.28,1.0000,0.179802,0.163082,146.62,335.71,0.9688,0.229099,0.699403
1786704046.378947,102.905334,3111,21.75,115.02,78.35,1.0000,0.179714,0.163222,146.58,335.97,0.9685,0.229025,0.699931
1786704046.436466,102.962852,3113,21.75,115.06,78.36,1.0000,0.179782,0.163242,146.58,335.85,0.9691,0.229026,0.699681
1786704046.458748,102.985135,3114,21.63,114.52,78.57,1.0000,0.178931,0.163682,146.60,335.42,0.9695,0.229069,0.698788
1786704046.507095,103.033482,3115,21.63,114.65,78.41,1.0000,0.179146,0.163345,146.68,335.42,0.9703,0.229192,0.698784
1786704046.563691,103.090077,3117,21.63,115.22,78.38,1.0000,0.180037,0.163291,147.12,335.37,0.9708,0.229871,0.698694
1786704046.595635,103.122021,3118,21.63,115.10,78.36,1.0000,0.179840,0.163247,147.11,335.38,0.9697,0.229856,0.698707
1786704046.636711,103.163098,3119,21.63,114.82,78.39,1.0000,0.179405,0.163306,147.08,335.35,0.9701,0.229813,0.698654
1786704046.675477,103.201863,3120,21.63,115.04,78.28,1.0000,0.179744,0.163080,147.18,335.15,0.9702,0.229963,0.698221
1786704046.739388,103.265774,3122,21.63,114.89,78.28,1.0000,0.179519,0.163091,146.83,335.62,0.9695,0.229421,0.699206
1786704046.766981,103.293368,3123,21.63,114.96,78.22,1.0000,0.179621,0.162953,146.92,335.38,0.9699,0.229555,0.698716
1786704046.787182,103.313569,3124,21.63,114.99,78.22,1.0000,0.179670,0.162952,147.20,335.28,0.9702,0.230003,0.698508
1786704046.850661,103.377048,3126,21.63,114.87,78.13,1.0000,0.179490,0.162767,147.06,335.33,0.9698,0.229782,0.698594
1786704046.933825,103.460212,3127,21.63,114.85,78.06,1.0000,0.179456,0.162632,147.04,335.48,0.9694,0.229754,0.698907
1786704046.962362,103.488749,3129,21.63,114.87,78.06,1.0000,0.179485,0.162622,147.02,335.46,0.9693,0.229718,0.698874
1786704046.993987,103.520374,3130,21.64,114.81,78.14,1.0000,0.179394,0.162794,147.02,334.86,0.9698,0.229725,0.697626
1786704047.057004,103.583390,3132,21.64,115.14,78.12,1.0000,0.179904,0.162758,147.28,334.91,0.9698,0.230120,0.697733
1786704047.102365,103.628752,3133,21.64,115.05,78.16,1.0000,0.179761,0.162836,147.19,334.44,0.9699,0.229989,0.696758
1786704047.147479,103.673866,3134,21.64,115.05,78.16,1.0000,0.179761,0.162837,146.91,334.79,0.9698,0.229547,0.697479
1786704047.198434,103.724821,3136,21.64,115.04,78.05,1.0000,0.179751,0.162597,146.88,334.74,0.9696,0.229504,0.697384
1786704047.230360,103.756746,3137,21.64,114.92,78.12,1.0000,0.179560,0.162748,146.77,334.74,0.9689,0.229326,0.697366
1786704047.293825,103.820211,3139,21.64,114.93,78.12,1.0000,0.179574,0.162740,146.81,334.81,0.9693,0.229391,0.697521
1786704047.357892,103.884278,3141,21.64,114.93,78.05,1.0000,0.179573,0.162612,146.63,335.15,0.9692,0.229105,0.698238
1786704047.405583,103.931970,3142,21.64,115.01,78.07,1.0000,0.179701,0.162637,146.84,335.15,0.9696,0.229433,0.698236
1786704047.468487,103.994874,3144,21.64,115.01,78.13,1.0000,0.179697,0.162778,146.80,335.16,0.9696,0.229370,0.698248
1786704047.484489,104.010876,3145,21.21,115.08,78.23,1.0000,0.179812,0.162972,147.10,335.04,0.9699,0.229841,0.698007
1786704047.580860,104.107247,3147,21.21,115.34,78.35,1.0000,0.180217,0.163226,147.24,334.82,0.9697,0.230061,0.697536
1786704047.593774,104.120161,3148,21.21,115.29,78.33,1.0000,0.180140,0.163188,147.21,335.10,0.9693,0.230010,0.698134
1786704047.625623,104.152010,3149,21.21,115.31,78.33,1.0000,0.180178,0.163181,147.10,334.93,0.9697,0.229838,0.697773
1786704047.704852,104.231238,3151,21.21,115.32,78.70,1.0000,0.180193,0.163955,146.97,335.24,0.9698,0.229635,0.698410
1786704047.752322,104.278708,3153,21.21,115.50,78.73,1.0000,0.180467,0.164021,147.00,335.16,0.9700,0.229682,0.698243
1786704047.784161,104.310548,3154,21.21,115.52,78.67,1.0000,0.180501,0.163888,147.05,335.41,0.9703,0.229765,0.698770
1786704047.847382,104.373769,3156,21.21,115.50,78.79,1.0000,0.180463,0.164136,147.04,335.39,0.9700,0.229756,0.698724
1786704047.895204,104.421591,3157,21.21,115.54,78.78,1.0000,0.180531,0.164130,147.04,335.51,0.9701,0.229748,0.698983
1786704047.942727,104.469114,3158,21.21,115.43,78.77,1.0000,0.180367,0.164105,147.02,335.58,0.9699,0.229715,0.699121
1786704047.958472,104.484859,3159,21.21,115.42,78.77,1.0000,0.180339,0.164112,147.00,335.29,0.9696,0.229692,0.698525
1786704047.990529,104.516916,3160,21.21,115.45,78.77,1.0000,0.180395,0.164108,146.95,335.25,0.9692,0.229602,0.698428
1786704048.037766,104.564153,3161,21.70,115.45,78.73,1.0000,0.180393,0.164025,146.94,335.32,0.9692,0.229600,0.698588
1786704048.069460,104.595846,3162,21.70,115.45,78.70,1.0000,0.180397,0.163956,146.93,335.73,0.9692,0.229578,0.699431
1786704048.138296,104.664683,3164,21.70,115.49,78.81,1.0000,0.180454,0.164195,146.85,336.01,0.9692,0.229451,0.700026
1786704048.186302,104.712688,3165,21.70,115.51,78.83,1.0000,0.180484,0.164231,146.85,335.93,0.9691,0.229456,0.699845
1786704048.217553,104.743940,3166,21.70,115.51,78.83,1.0000,0.180480,0.164229,146.80,335.96,0.9686,0.229377,0.699923
1786704048.264571,104.790958,3167,21.70,115.62,78.81,1.0000,0.180662,0.164189,146.80,335.65,0.9686,0.229382,0.699277
1786704048.280339,104.806726,3168,21.70,115.63,78.80,1.0000,0.180668,0.164158,146.65,335.73,0.9688,0.229145,0.699434
1786704048.338651,104.865038,3170,21.70,115.62,78.80,1.0000,0.180662,0.164161,146.72,335.61,0.9684,0.229247,0.699190
1786704048.363412,104.889799,3171,21.70,115.69,78.79,1.0000,0.180767,0.164153,146.74,335.67,0.9684,0.229277,0.699303
1786704048.422387,104.948774,3173,21.70,115.71,78.87,1.0000,0.180805,0.164309,146.59,335.74,0.9687,0.229046,0.699455
1786704048.469851,104.996238,3174,21.70,115.60,78.83,1.0000,0.180623,0.164239,146.59,335.72,0.9691,0.229041,0.699412
1786704048.517802,105.044188,3175,21.70,115.66,78.80,1.0000,0.180719,0.164174,146.78,334.83,0.9695,0.229342,0.697571
1786704048.533629,105.060016,3176,21.70,115.71,78.81,1.0000,0.180804,0.164178,147.06,334.37,0.9695,0.229774,0.696608
1786704048.565195,105.091581,3177,22.27,115.72,78.82,1.0000,0.180810,0.164208,147.01,334.41,0.9696,0.229703,0.696684
1786704048.616352,105.142739,3178,22.27,115.74,78.86,1.0000,0.180846,0.164293,147.07,334.43,0.9694,0.229793,0.696739
1786704048.653039,105.179425,3179,22.27,115.75,79.01,1.0000,0.180860,0.164610,146.88,334.93,0.9696,0.229496,0.697768
1786704048.684511,105.210897,3180,22.27,115.82,78.95,1.0000,0.180970,0.164485,146.97,334.71,0.9701,0.229648,0.697309
1786704048.747913,105.274300,3182,22.27,115.82,78.96,1.0000,0.180971,0.164504,147.06,334.50,0.9701,0.229778,0.696879
1786704048.795310,105.321697,3184,22.27,115.77,78.90,1.0000,0.180894,0.164374,147.00,334.60,0.9701,0.229689,0.697074
1786704048.834994,105.361380,3185,22.27,115.70,78.85,1.0000,0.180776,0.164279,146.95,335.04,0.9699,0.229607,0.697992
1786704048.874463,105.400850,3186,22.27,115.76,78.55,1.0000,0.180880,0.163656,146.95,334.95,0.9698,0.229602,0.697812
1786704048.953520,105.479907,3188,22.27,115.77,78.51,1.0000,0.180884,0.163570,147.35,335.25,0.9685,0.230227,0.698436
1786704049.001353,105.527740,3190,22.27,116.05,78.50,1.0000,0.181325,0.163537,147.57,334.53,0.9695,0.230585,0.696938
1786704049.065122,105.591509,3192,22.27,116.16,78.51,1.0000,0.181493,0.163554,147.43,334.39,0.9698,0.230359,0.696647
1786704049.096606,105.622992,3193,21.93,116.16,78.51,1.0000,0.181493,0.163553,147.13,335.02,0.9690,0.229888,0.697959
1786704049.144264,105.670650,3194,21.93,116.47,78.52,1.0000,0.181985,0.163582,146.94,335.67,0.9694,0.229596,0.699323
1786704049.187078,105.713464,3196,21.93,116.47,78.49,1.0000,0.181991,0.163529,146.94,335.54,0.9691,0.229601,0.699038
1786704049.250842,105.777229,3198,21.93,116.62,78.50,1.0000,0.182222,0.163550,146.99,335.54,0.9685,0.229675,0.699037
1786704049.298458,105.824844,3199,21.93,116.63,78.65,1.0000,0.182235,0.163850,147.02,335.59,0.9689,0.229719,0.699136
1786704049.330067,105.856453,3200,21.93,116.96,78.65,1.0000,0.182749,0.163848,147.09,335.11,0.9695,0.229822,0.698151
1786704049.393673,105.920060,3202,21.93,117.15,78.60,1.0000,0.183051,0.163755,147.14,335.03,0.9695,0.229901,0.697971
1786704049.425533,105.951920,3203,21.93,117.20,78.67,1.0000,0.183125,0.163895,147.10,335.14,0.9699,0.229845,0.698211
1786704049.489443,106.015830,3204,21.93,117.30,78.61,1.0000,0.183287,0.163770,147.12,334.69,0.9692,0.229870,0.697277
1786704049.536679,106.063066,3206,21.93,117.67,78.58,1.0000,0.183858,0.163702,147.02,335.52,0.9696,0.229724,0.699008
1786704049.595832,106.122219,3208,21.39,117.67,78.53,1.0000,0.183858,0.163603,147.03,335.61,0.9701,0.229737,0.699192
1786704049.659119,106.185506,3210,21.39,117.68,78.61,1.0000,0.183873,0.163771,147.25,335.67,0.9699,0.230079,0.699317
1786704049.698519,106.224906,3211,21.39,117.79,78.63,1.0000,0.184047,0.163803,147.08,335.70,0.9696,0.229818,0.699367
1786704049.730495,106.256882,3212,21.39,117.95,78.68,1.0000,0.184290,0.163913,147.11,335.48,0.9703,0.229854,0.698924
1786704049.794106,106.320493,3214,21.39,118.20,78.34,1.0000,0.184683,0.163200,147.07,335.65,0.9702,0.229789,0.699261
1786704049.857382,106.383769,3216,21.39,118.07,78.38,1.0000,0.184483,0.163293,146.68,336.13,0.9704,0.229187,0.700280
1786704049.905204,106.431591,3217,21.39,118.30,78.48,1.0000,0.184840,0.163504,146.97,336.02,0.9705,0.229645,0.700040
1786704049.942106,106.468492,3218,21.39,118.23,78.49,1.0000,0.184742,0.163530,147.21,335.28,0.9710,0.230010,0.698509
1786704049.984544,106.510930,3220,21.39,118.23,78.57,1.0000,0.184741,0.163679,147.17,335.41,0.9713,0.229957,0.698778
1786704050.031970,106.558357,3221,21.39,118.41,78.75,1.0000,0.185012,0.164067,147.16,335.60,0.9712,0.229943,0.699169
1786704050.063406,106.589793,3222,21.39,118.41,78.75,1.0000,0.185012,0.164055,147.16,335.59,0.9711,0.229941,0.699146
1786704050.126734,106.653121,3224,21.39,118.62,79.13,1.0000,0.185339,0.164851,147.06,335.66,0.9712,0.229783,0.699284
1786704050.190387,106.716774,3226,21.39,118.83,78.78,1.0000,0.185670,0.164117,147.08,335.01,0.9716,0.229807,0.697938
1786704050.265259,106.791646,3228,21.39,119.22,78.92,1.0000,0.186278,0.164419,147.02,335.46,0.9720,0.229716,0.698876
1786704050.328799,106.855185,3230,21.39,120.11,78.92,1.0000,0.187667,0.164420,147.02,335.25,0.9722,0.229726,0.698441
1786704050.364443,106.890830,3231,21.39,120.23,78.92,1.0000,0.187859,0.164421,147.15,335.05,0.9726,0.229923,0.698028
